
// File generated by bin2lvgl
// developed by fbiego. 
// https://github.com/fbiego
// Watchface: 174_390

#include "../174_390.h"

#ifndef LV_ATTRIBUTE_MEM_ALIGN
#define LV_ATTRIBUTE_MEM_ALIGN
#endif


// LVGL 9 format (RGB565) // LVGL_9 compatible 
const LV_ATTRIBUTE_MEM_ALIGN uint8_t face_174_390_dial_img_35_303091_data_0[] = {
	//RGB565 data 
	0x00,0x00,0x00,0x00,0x00,0x00,0x00,0x00,0x00,0x00,0x00,0x00,0x00,0x00,0x00,0x00,0x00,0x00,0x00,0x00,0x00,0x00,0x00,0x00,0x00,0x00,0x00,0x00,0x00,0x00,0x00,0x00,0x00,0x00,0x00,0x00,0x00,0x00,0x00,0x00,0x00,0x00,0x00,0x00,0x00,0x00,0x00,0x00,0x00,0x00,0x00,0x00,0x00,0x00,0x00,0x00,0x00,0x00,0x00,0x00,0x00,0x00,0x00,0x00,
	0x00,0x00,0x00,0x00,0x00,0x00,0x00,0x00,0x00,0x00,0x00,0x00,0x00,0x00,0x00,0x00,0x00,0x00,0x00,0x00,0x00,0x00,0x00,0x00,0x00,0x00,0x00,0x00,0x00,0x00,0x00,0x00,0x00,0x00,0x00,0x00,0x00,0x00,0x00,0x00,0x00,0x00,0x00,0x00,0x00,0x00,0x00,0x00,0x00,0x00,0x00,0x00,0x00,0x00,0x00,0x00,0x00,0x00,0x00,0x00,0x00,0x00,0x00,0x00,
	0x00,0x00,0x00,0x00,0x00,0x00,0x00,0x00,0x00,0x00,0x00,0x00,0x00,0x00,0x00,0x00,0x00,0x00,0x00,0x00,0x45,0x29,0xE8,0x41,0xE8,0x41,0xE8,0x41,0xE8,0x41,0xE8,0x41,0xE8,0x41,0xE8,0x41,0xE8,0x41,0xE8,0x41,0xE8,0x41,0xE8,0x41,0xE8,0x41,0xE8,0x41,0xE8,0x41,0xE8,0x41,0xE8,0x41,0xE8,0x41,0xE8,0x41,0xE8,0x41,0xE8,0x41,0xE8,0x41,
	0xE8,0x41,0xE8,0x41,0xE8,0x41,0xE8,0x41,0xE8,0x41,0x45,0x29,0x41,0x08,0x20,0x00,0x00,0x00,0x00,0x00,0x00,0x00,0x00,0x00,0x00,0x00,0x00,0x00,0x00,0x00,0x00,0x00,0x00,0x00,0x00,0x00,0x00,0x00,0x00,0x00,0x00,0x00,0x00,0x00,0x00,0x00,0x00,0x00,0x00,0x00,0x00,0x00,0x00,0x00,0x00,0x00,0x00,0x00,0x00,0x00,0x00,0x00,0x00,0x00,
	0x00,0x00,0x00,0x00,0x00,0x00,0x00,0x00,0x00,0x00,0x00,0x00,0x00,0x00,0x00,0x00,0x00,0x00,0x00,0x00,0x00,0x00,0x00,0x00,0x00,0x00,0x00,0x00,0x00,0x00,0x00,0x00,0x20,0x00,0x4D,0x6B,0x14,0xA5,0xD7,0xBD,0x9A,0xD6,0xD7,0xBD,0xD7,0xBD,0xD7,0xBD,0xD7,0xBD,0xD7,0xBD,0xD7,0xBD,0xD7,0xBD,0xD7,0xBD,0xD7,0xBD,0xD7,0xBD,0xD7,0xBD,
	0xD7,0xBD,0xD7,0xBD,0xD7,0xBD,0xD7,0xBD,0xD7,0xBD,0xD7,0xBD,0xD7,0xBD,0xD7,0xBD,0xD7,0xBD,0xD7,0xBD,0xD7,0xBD,0x9A,0xD6,0x51,0x8C,0x45,0x29,0x41,0x08,0x00,0x00,0x00,0x00,0x00,0x00,0x00,0x00,0x00,0x00,0x00,0x00,0x00,0x00,0x00,0x00,0x00,0x00,0x00,0x00,0x00,0x00,0x00,0x00,0x00,0x00,0x00,0x00,0x00,0x00,0x00,0x00,0x00,0x00,
	0x00,0x00,0x00,0x00,0x00,0x00,0x00,0x00,0x00,0x00,0x00,0x00,0x00,0x00,0x00,0x00,0x00,0x00,0x00,0x00,0x00,0x00,0x00,0x00,0x00,0x00,0x00,0x00,0x00,0x00,0x00,0x00,0x00,0x00,0x00,0x00,0x00,0x00,0x00,0x00,0x00,0x00,0x00,0x00,0x00,0x00,0x20,0x00,0x51,0x8C,0x9A,0xD6,0xBE,0xF7,0xBE,0xF7,0xBE,0xF7,0xFF,0xFF,0xFF,0xFF,0xFF,0xFF,
	0xFF,0xFF,0xFF,0xFF,0xFF,0xFF,0xFF,0xFF,0xFF,0xFF,0xFF,0xFF,0xFF,0xFF,0xFF,0xFF,0xFF,0xFF,0xFF,0xFF,0xFF,0xFF,0xFF,0xFF,0xFF,0xFF,0xFF,0xFF,0xFF,0xFF,0xFF,0xFF,0xBE,0xF7,0xBE,0xF7,0xBE,0xF7,0xD7,0xBD,0xE8,0x41,0x41,0x08,0x00,0x00,0x00,0x00,0x00,0x00,0x00,0x00,0x00,0x00,0x00,0x00,0x00,0x00,0x00,0x00,0x00,0x00,0x00,0x00,
	0x00,0x00,0x00,0x00,0x00,0x00,0x00,0x00,0x00,0x00,0x00,0x00,0x00,0x00,0x00,0x00,0x00,0x00,0x00,0x00,0x00,0x00,0x00,0x00,0x00,0x00,0x00,0x00,0x00,0x00,0x00,0x00,0x00,0x00,0x00,0x00,0x00,0x00,0x00,0x00,0x00,0x00,0x00,0x00,0x00,0x00,0x00,0x00,0x00,0x00,0x00,0x00,0x00,0x00,0x00,0x00,0x00,0x00,0x00,0x00,0x20,0x00,0x51,0x8C,
	0x5D,0xEF,0xFF,0xFF,0xFF,0xFF,0xBE,0xF7,0x5D,0xEF,0x5D,0xEF,0x5D,0xEF,0x5D,0xEF,0x5D,0xEF,0x5D,0xEF,0x5D,0xEF,0x5D,0xEF,0x5D,0xEF,0x5D,0xEF,0x5D,0xEF,0x5D,0xEF,0x5D,0xEF,0x5D,0xEF,0x5D,0xEF,0x5D,0xEF,0x5D,0xEF,0x5D,0xEF,0x5D,0xEF,0xBE,0xF7,0xFF,0xFF,0xFF,0xFF,0xD7,0xBD,0xE8,0x41,0x41,0x08,0x00,0x00,0x00,0x00,0x00,0x00,
	0x00,0x00,0x00,0x00,0x00,0x00,0x00,0x00,0x00,0x00,0x00,0x00,0x00,0x00,0x00,0x00,0x00,0x00,0x00,0x00,0x00,0x00,0x00,0x00,0x00,0x00,0x00,0x00,0x00,0x00,0x00,0x00,0x00,0x00,0x00,0x00,0x00,0x00,0x00,0x00,0x00,0x00,0x00,0x00,0x00,0x00,0x00,0x00,0x00,0x00,0x00,0x00,0x00,0x00,0x00,0x00,0x00,0x00,0x00,0x00,0x00,0x00,0x00,0x00,
	0x00,0x00,0x00,0x00,0x00,0x00,0x00,0x00,0x00,0x00,0x20,0x00,0x51,0x8C,0x5D,0xEF,0xFF,0xFF,0x5D,0xEF,0xD7,0xBD,0x14,0xA5,0x51,0x8C,0x51,0x8C,0x51,0x8C,0x51,0x8C,0x51,0x8C,0x51,0x8C,0x51,0x8C,0x51,0x8C,0x51,0x8C,0x51,0x8C,0x51,0x8C,0x51,0x8C,0x51,0x8C,0x51,0x8C,0x51,0x8C,0x51,0x8C,0x51,0x8C,0x51,0x8C,0x9A,0xD6,0xFF,0xFF,
	0xFF,0xFF,0xD7,0xBD,0xE8,0x41,0x41,0x08,0x00,0x00,0x00,0x00,0x00,0x00,0x00,0x00,0x00,0x00,0x00,0x00,0x00,0x00,0x00,0x00,0x00,0x00,0x00,0x00,0x00,0x00,0x00,0x00,0x00,0x00,0x00,0x00,0x00,0x00,0x00,0x00,0x00,0x00,0x00,0x00,0x00,0x00,0x00,0x00,0x00,0x00,0x00,0x00,0x00,0x00,0x00,0x00,0x00,0x00,0x00,0x00,0x00,0x00,0x00,0x00,
	0x00,0x00,0x00,0x00,0x00,0x00,0x00,0x00,0x00,0x00,0x00,0x00,0x00,0x00,0x00,0x00,0x00,0x00,0x00,0x00,0x00,0x00,0x00,0x00,0x20,0x00,0x51,0x8C,0x5D,0xEF,0xFF,0xFF,0x9A,0xD6,0x51,0x8C,0xE8,0x41,0x45,0x29,0x45,0x29,0x45,0x29,0x45,0x29,0x45,0x29,0xE8,0x41,0x4D,0x6B,0x14,0xA5,0xD7,0xBD,0x14,0xA5,0x4D,0x6B,0x45,0x29,0x45,0x29,
	0x45,0x29,0x45,0x29,0x45,0x29,0x45,0x29,0xE8,0x41,0x14,0xA5,0xFF,0xFF,0xFF,0xFF,0xD7,0xBD,0xE8,0x41,0x41,0x08,0x00,0x00,0x00,0x00,0x00,0x00,0x00,0x00,0x00,0x00,0x00,0x00,0x00,0x00,0x00,0x00,0x00,0x00,0x00,0x00,0x00,0x00,0x00,0x00,0x00,0x00,0x00,0x00,0x00,0x00,0x00,0x00,0x00,0x00,0x00,0x00,0x00,0x00,0x00,0x00,0x00,0x00,
	0x00,0x00,0x00,0x00,0x00,0x00,0x00,0x00,0x00,0x00,0x00,0x00,0x00,0x00,0x00,0x00,0x00,0x00,0x00,0x00,0x00,0x00,0x00,0x00,0x00,0x00,0x00,0x00,0x00,0x00,0x00,0x00,0x00,0x00,0x00,0x00,0x00,0x00,0x20,0x00,0x51,0x8C,0x5D,0xEF,0xFF,0xFF,0x9A,0xD6,0x4D,0x6B,0x41,0x08,0x00,0x00,0x41,0x08,0x41,0x08,0x41,0x08,0x41,0x08,0xA2,0x10,
	0x4D,0x6B,0x5D,0xEF,0xFF,0xFF,0x9A,0xD6,0xE8,0x41,0x41,0x08,0x41,0x08,0x41,0x08,0x41,0x08,0x20,0x00,0x00,0x00,0x00,0x00,0x51,0x8C,0xFF,0xFF,0xFF,0xFF,0xD7,0xBD,0xE8,0x41,0x41,0x08,0x00,0x00,0x00,0x00,0x00,0x00,0x00,0x00,0x00,0x00,0x00,0x00,0x00,0x00,0x00,0x00,0x00,0x00,0x00,0x00,0x00,0x00,0x00,0x00,0x00,0x00,0x00,0x00,
	0x00,0x00,0x00,0x00,0x00,0x00,0x00,0x00,0x00,0x00,0x00,0x00,0x00,0x00,0x00,0x00,0x00,0x00,0x00,0x00,0x00,0x00,0x00,0x00,0x00,0x00,0x00,0x00,0x00,0x00,0x00,0x00,0x00,0x00,0x00,0x00,0x00,0x00,0x00,0x00,0x00,0x00,0x00,0x00,0x00,0x00,0x00,0x00,0x00,0x00,0x00,0x00,0x20,0x00,0x51,0x8C,0x5D,0xEF,0xFF,0xFF,0x9A,0xD6,0x4D,0x6B,
	0x41,0x08,0x45,0x29,0x51,0x8C,0x51,0x8C,0x51,0x8C,0x51,0x8C,0x14,0xA5,0xD7,0xBD,0xBE,0xF7,0xFF,0xFF,0x5D,0xEF,0xD7,0xBD,0x51,0x8C,0x51,0x8C,0x51,0x8C,0x51,0x8C,0x4D,0x6B,0x45,0x29,0x00,0x00,0x51,0x8C,0xFF,0xFF,0xFF,0xFF,0xD7,0xBD,0xE8,0x41,0x41,0x08,0x00,0x00,0x00,0x00,0x00,0x00,0x00,0x00,0x00,0x00,0x00,0x00,0x00,0x00,
	0x00,0x00,0x00,0x00,0x00,0x00,0x00,0x00,0x00,0x00,0x00,0x00,0x00,0x00,0x00,0x00,0x00,0x00,0x00,0x00,0x00,0x00,0x00,0x00,0x00,0x00,0x00,0x00,0x00,0x00,0x00,0x00,0x00,0x00,0x00,0x00,0x00,0x00,0x00,0x00,0x00,0x00,0x00,0x00,0x00,0x00,0x00,0x00,0x00,0x00,0x00,0x00,0x00,0x00,0x00,0x00,0x00,0x00,0x00,0x00,0x00,0x00,0x00,0x00,
	0x00,0x00,0x20,0x00,0x51,0x8C,0x5D,0xEF,0xFF,0xFF,0x9A,0xD6,0x4D,0x6B,0x20,0x00,0xE8,0x41,0x5D,0xEF,0xBE,0xF7,0x5D,0xEF,0x5D,0xEF,0x5D,0xEF,0xBE,0xF7,0xFF,0xFF,0xFF,0xFF,0xFF,0xFF,0xBE,0xF7,0x5D,0xEF,0x5D,0xEF,0x5D,0xEF,0x5D,0xEF,0x14,0xA5,0xE8,0x41,0x00,0x00,0x51,0x8C,0xFF,0xFF,0xFF,0xFF,0xD7,0xBD,0xE8,0x41,0x41,0x08,
	0x00,0x00,0x00,0x00,0x00,0x00,0x00,0x00,0x00,0x00,0x00,0x00,0x00,0x00,0x00,0x00,0x00,0x00,0x00,0x00,0x00,0x00,0x00,0x00,0x00,0x00,0x00,0x00,0x00,0x00,0x00,0x00,0x00,0x00,0x00,0x00,0x00,0x00,0x00,0x00,0x00,0x00,0x00,0x00,0x00,0x00,0x00,0x00,0x00,0x00,0x00,0x00,0x00,0x00,0x00,0x00,0x00,0x00,0x00,0x00,0x00,0x00,0x00,0x00,
	0x00,0x00,0x00,0x00,0x00,0x00,0x00,0x00,0x00,0x00,0x00,0x00,0x00,0x00,0x00,0x00,0x20,0x00,0x51,0x8C,0x5D,0xEF,0xFF,0xFF,0x9A,0xD6,0x4D,0x6B,0x20,0x00,0xE8,0x41,0xFF,0xFF,0xFF,0xFF,0xFF,0xFF,0xFF,0xFF,0xFF,0xFF,0xFF,0xFF,0xFF,0xFF,0xFF,0xFF,0xFF,0xFF,0xFF,0xFF,0xFF,0xFF,0xFF,0xFF,0xFF,0xFF,0xFF,0xFF,0xD7,0xBD,0xE8,0x41,
	0x00,0x00,0x51,0x8C,0xFF,0xFF,0xFF,0xFF,0xD7,0xBD,0xE8,0x41,0x41,0x08,0x00,0x00,0x00,0x00,0x00,0x00,0x00,0x00,0x00,0x00,0x00,0x00,0x00,0x00,0x00,0x00,0x00,0x00,0x00,0x00,0x00,0x00,0x00,0x00,0x00,0x00,0x00,0x00,0x00,0x00,0x00,0x00,0x00,0x00,0x00,0x00,0x00,0x00,0x00,0x00,0x00,0x00,0x00,0x00,0x00,0x00,0x00,0x00,0x00,0x00,
	0x00,0x00,0x00,0x00,0x00,0x00,0x00,0x00,0x00,0x00,0x00,0x00,0x00,0x00,0x00,0x00,0x00,0x00,0x00,0x00,0x00,0x00,0x00,0x00,0x00,0x00,0x00,0x00,0x00,0x00,0x20,0x00,0x51,0x8C,0x5D,0xEF,0xFF,0xFF,0x9A,0xD6,0x4D,0x6B,0x41,0x08,0x45,0x29,0x51,0x8C,0x51,0x8C,0x51,0x8C,0x51,0x8C,0x51,0x8C,0xD7,0xBD,0x5D,0xEF,0xFF,0xFF,0x5D,0xEF,
	0x14,0xA5,0x51,0x8C,0x51,0x8C,0x51,0x8C,0x51,0x8C,0x4D,0x6B,0x45,0x29,0x00,0x00,0x51,0x8C,0xFF,0xFF,0xFF,0xFF,0xD7,0xBD,0xE8,0x41,0x41,0x08,0x00,0x00,0x00,0x00,0x00,0x00,0x00,0x00,0x00,0x00,0x00,0x00,0x00,0x00,0x00,0x00,0x00,0x00,0x00,0x00,0x00,0x00,0x00,0x00,0x00,0x00,0x00,0x00,0x00,0x00,0x00,0x00,0x00,0x00,0x00,0x00,
	0x00,0x00,0x00,0x00,0x00,0x00,0x00,0x00,0x00,0x00,0x00,0x00,0x00,0x00,0x00,0x00,0x00,0x00,0x00,0x00,0x00,0x00,0x00,0x00,0x00,0x00,0x00,0x00,0x00,0x00,0x00,0x00,0x00,0x00,0x00,0x00,0x00,0x00,0x00,0x00,0x00,0x00,0x00,0x00,0x20,0x00,0x51,0x8C,0x5D,0xEF,0xFF,0xFF,0x9A,0xD6,0x4D,0x6B,0xA2,0x10,0x41,0x08,0x45,0x29,0x45,0x29,
	0x45,0x29,0x45,0x29,0xE8,0x41,0x4D,0x6B,0x5D,0xEF,0xFF,0xFF,0x9A,0xD6,0x4D,0x6B,0x45,0x29,0x45,0x29,0x45,0x29,0x45,0x29,0x45,0x29,0x41,0x08,0x00,0x00,0x51,0x8C,0xFF,0xFF,0xFF,0xFF,0xD7,0xBD,0xE8,0x41,0x41,0x08,0x00,0x00,0x00,0x00,0x00,0x00,0x00,0x00,0x00,0x00,0x00,0x00,0x00,0x00,0x00,0x00,0x00,0x00,0x00,0x00,0x00,0x00,
	0x00,0x00,0x00,0x00,0x00,0x00,0x00,0x00,0x00,0x00,0x00,0x00,0x00,0x00,0x00,0x00,0x00,0x00,0x00,0x00,0x00,0x00,0x00,0x00,0x00,0x00,0x00,0x00,0x00,0x00,0x00,0x00,0x00,0x00,0x00,0x00,0x00,0x00,0x00,0x00,0x00,0x00,0x00,0x00,0x00,0x00,0x00,0x00,0x00,0x00,0x00,0x00,0x00,0x00,0x00,0x00,0x00,0x00,0x20,0x00,0x51,0x8C,0x5D,0xEF,
	0xFF,0xFF,0x9A,0xD6,0x4D,0x6B,0x45,0x29,0x45,0x29,0x45,0x29,0xE8,0x41,0x45,0x29,0x45,0x29,0xE8,0x41,0x4D,0x6B,0x5D,0xEF,0xFF,0xFF,0x9A,0xD6,0x4D,0x6B,0x45,0x29,0x45,0x29,0x45,0x29,0x45,0x29,0xE8,0x41,0xA2,0x10,0x20,0x00,0x51,0x8C,0xFF,0xFF,0xFF,0xFF,0xD7,0xBD,0xE8,0x41,0x41,0x08,0x00,0x00,0x00,0x00,0x00,0x00,0x00,0x00,
	0x00,0x00,0x00,0x00,0x00,0x00,0x00,0x00,0x00,0x00,0x00,0x00,0x00,0x00,0x00,0x00,0x00,0x00,0x00,0x00,0x00,0x00,0x00,0x00,0x00,0x00,0x00,0x00,0x00,0x00,0x00,0x00,0x00,0x00,0x00,0x00,0x00,0x00,0x00,0x00,0x00,0x00,0x00,0x00,0x00,0x00,0x00,0x00,0x00,0x00,0x00,0x00,0x00,0x00,0x00,0x00,0x00,0x00,0x00,0x00,0x00,0x00,0x00,0x00,
	0x00,0x00,0x00,0x00,0x00,0x00,0x00,0x00,0x20,0x00,0x51,0x8C,0x5D,0xEF,0xFF,0xFF,0xD7,0xBD,0x51,0x8C,0x4D,0x6B,0x51,0x8C,0x14,0xA5,0x14,0xA5,0x14,0xA5,0x14,0xA5,0x14,0xA5,0xD7,0xBD,0xBE,0xF7,0xFF,0xFF,0x5D,0xEF,0xD7,0xBD,0x51,0x8C,0x14,0xA5,0x14,0xA5,0x14,0xA5,0x14,0xA5,0x4D,0x6B,0x45,0x29,0x14,0xA5,0xFF,0xFF,0xFF,0xFF,
	0xD7,0xBD,0xE8,0x41,0x41,0x08,0x00,0x00,0x00,0x00,0x00,0x00,0x00,0x00,0xA2,0x10,0x45,0x29,0x45,0x29,0x45,0x29,0x45,0x29,0x45,0x29,0x45,0x29,0x45,0x29,0x45,0x29,0x45,0x29,0x45,0x29,0x45,0x29,0x45,0x29,0x45,0x29,0x45,0x29,0x45,0x29,0x45,0x29,0x45,0x29,0x45,0x29,0x45,0x29,0x45,0x29,0x45,0x29,0x45,0x29,0x45,0x29,0x45,0x29,
	0x45,0x29,0x45,0x29,0x45,0x29,0x45,0x29,0x45,0x29,0x45,0x29,0x45,0x29,0x45,0x29,0xA2,0x10,0x00,0x00,0x00,0x00,0x20,0x00,0x51,0x8C,0x5D,0xEF,0xFF,0xFF,0xD7,0xBD,0x51,0x8C,0x14,0xA5,0x9A,0xD6,0xFF,0xFF,0xFF,0xFF,0xFF,0xFF,0xFF,0xFF,0xFF,0xFF,0xFF,0xFF,0xFF,0xFF,0xFF,0xFF,0xFF,0xFF,0xFF,0xFF,0xFF,0xFF,0xFF,0xFF,0xFF,0xFF,
	0xFF,0xFF,0xFF,0xFF,0x9A,0xD6,0xE8,0x41,0x14,0xA5,0xFF,0xFF,0xFF,0xFF,0xD7,0xBD,0xE8,0x41,0x41,0x08,0x00,0x00,0x00,0x00,0x00,0x00,0x20,0x00,0x45,0x29,0x4D,0x6B,0x51,0x8C,0x51,0x8C,0x51,0x8C,0x51,0x8C,0x51,0x8C,0x51,0x8C,0x51,0x8C,0x51,0x8C,0x51,0x8C,0x51,0x8C,0x51,0x8C,0x51,0x8C,0x51,0x8C,0x51,0x8C,0x51,0x8C,0x51,0x8C,
	0x51,0x8C,0x51,0x8C,0x51,0x8C,0x51,0x8C,0x51,0x8C,0x51,0x8C,0x51,0x8C,0x51,0x8C,0x51,0x8C,0x51,0x8C,0x51,0x8C,0x51,0x8C,0x51,0x8C,0x51,0x8C,0x4D,0x6B,0xE8,0x41,0x00,0x00,0x00,0x00,0x20,0x00,0x51,0x8C,0x5D,0xEF,0xFF,0xFF,0xD7,0xBD,0x51,0x8C,0x14,0xA5,0xD7,0xBD,0x5D,0xEF,0x5D,0xEF,0x5D,0xEF,0x5D,0xEF,0x5D,0xEF,0x5D,0xEF,
	0x5D,0xEF,0x5D,0xEF,0x5D,0xEF,0x5D,0xEF,0x5D,0xEF,0x5D,0xEF,0x5D,0xEF,0x5D,0xEF,0x5D,0xEF,0xD7,0xBD,0xE8,0x41,0x14,0xA5,0xFF,0xFF,0xFF,0xFF,0xD7,0xBD,0xE8,0x41,0x41,0x08,0x00,0x00,0x00,0x00,0x00,0x00,0x41,0x08,0x4D,0x6B,0x14,0xA5,0x5D,0xEF,0x5D,0xEF,0x5D,0xEF,0x5D,0xEF,0x5D,0xEF,0x5D,0xEF,0x5D,0xEF,0x5D,0xEF,0x5D,0xEF,
	0x5D,0xEF,0x5D,0xEF,0x5D,0xEF,0x5D,0xEF,0x5D,0xEF,0x5D,0xEF,0x5D,0xEF,0x5D,0xEF,0x5D,0xEF,0x5D,0xEF,0x5D,0xEF,0x5D,0xEF,0x5D,0xEF,0x5D,0xEF,0x5D,0xEF,0x5D,0xEF,0x5D,0xEF,0x5D,0xEF,0x5D,0xEF,0x5D,0xEF,0x5D,0xEF,0x14,0xA5,0x4D,0x6B,0x00,0x00,0x00,0x00,0x20,0x00,0x51,0x8C,0x5D,0xEF,0xFF,0xFF,0xD7,0xBD,0x51,0x8C,0x4D,0x6B,
	0x4D,0x6B,0x51,0x8C,0x51,0x8C,0x51,0x8C,0x51,0x8C,0x51,0x8C,0x51,0x8C,0x51,0x8C,0x51,0x8C,0x51,0x8C,0x51,0x8C,0x51,0x8C,0x51,0x8C,0x51,0x8C,0x51,0x8C,0x51,0x8C,0x4D,0x6B,0x45,0x29,0x51,0x8C,0xFF,0xFF,0xFF,0xFF,0xD7,0xBD,0xE8,0x41,0x41,0x08,0x00,0x00,0x00,0x00,0x00,0x00,0x41,0x08,0x4D,0x6B,0xD7,0xBD,0xFF,0xFF,0xFF,0xFF,
	0xFF,0xFF,0xFF,0xFF,0xFF,0xFF,0xFF,0xFF,0xFF,0xFF,0xFF,0xFF,0xFF,0xFF,0xFF,0xFF,0xFF,0xFF,0xFF,0xFF,0xFF,0xFF,0xFF,0xFF,0xFF,0xFF,0xFF,0xFF,0xFF,0xFF,0xFF,0xFF,0xFF,0xFF,0xFF,0xFF,0xFF,0xFF,0xFF,0xFF,0xFF,0xFF,0xFF,0xFF,0xFF,0xFF,0xFF,0xFF,0xFF,0xFF,0xFF,0xFF,0xFF,0xFF,0xFF,0xFF,0xD7,0xBD,0x51,0x8C,0x00,0x00,0x00,0x00,
	0x20,0x00,0x14,0xA5,0xFF,0xFF,0xFF,0xFF,0x9A,0xD6,0x4D,0x6B,0xA2,0x10,0x20,0x00,0x00,0x00,0x00,0x00,0x00,0x00,0x00,0x00,0x00,0x00,0x00,0x00,0x00,0x00,0x00,0x00,0x00,0x00,0x00,0x00,0x00,0x00,0x00,0x00,0x00,0x00,0x00,0x00,0x20,0x00,0x20,0x00,0x00,0x00,0x51,0x8C,0xFF,0xFF,0xFF,0xFF,0xD7,0xBD,0xE8,0x41,0x41,0x08,0x00,0x00,
	0x00,0x00,0x00,0x00,0x20,0x00,0xE8,0x41,0x51,0x8C,0x9A,0xD6,0x9A,0xD6,0x9A,0xD6,0x9A,0xD6,0x9A,0xD6,0x9A,0xD6,0x9A,0xD6,0x9A,0xD6,0x9A,0xD6,0x9A,0xD6,0x9A,0xD6,0x9A,0xD6,0x9A,0xD6,0x9A,0xD6,0x9A,0xD6,0x9A,0xD6,0x9A,0xD6,0x9A,0xD6,0x9A,0xD6,0x9A,0xD6,0x9A,0xD6,0x9A,0xD6,0x9A,0xD6,0x9A,0xD6,0x9A,0xD6,0x9A,0xD6,0x9A,0xD6,
	0x9A,0xD6,0x9A,0xD6,0x9A,0xD6,0x51,0x8C,0x4D,0x6B,0x00,0x00,0x00,0x00,0x20,0x00,0x14,0xA5,0xFF,0xFF,0xFF,0xFF,0xD7,0xBD,0xE8,0x41,0x20,0x00,0x45,0x29,0x51,0x8C,0x51,0x8C,0x51,0x8C,0x51,0x8C,0x51,0x8C,0x51,0x8C,0x51,0x8C,0x51,0x8C,0x51,0x8C,0x51,0x8C,0x51,0x8C,0x51,0x8C,0x51,0x8C,0x51,0x8C,0xE8,0x41,0x20,0x00,0x00,0x00,
	0x51,0x8C,0xFF,0xFF,0xFF,0xFF,0xD7,0xBD,0xE8,0x41,0x41,0x08,0x00,0x00,0x00,0x00,0x00,0x00,0x20,0x00,0xA2,0x10,0xE8,0x41,0xE8,0x41,0xE8,0x41,0xE8,0x41,0xE8,0x41,0xE8,0x41,0xE8,0x41,0xE8,0x41,0xE8,0x41,0xE8,0x41,0xE8,0x41,0xE8,0x41,0xE8,0x41,0xE8,0x41,0xE8,0x41,0xE8,0x41,0xE8,0x41,0xE8,0x41,0xE8,0x41,0xE8,0x41,0xE8,0x41,
	0xE8,0x41,0xE8,0x41,0xE8,0x41,0xE8,0x41,0xE8,0x41,0xE8,0x41,0xE8,0x41,0xE8,0x41,0xE8,0x41,0xE8,0x41,0xE8,0x41,0x45,0x29,0x00,0x00,0x00,0x00,0x20,0x00,0xD7,0xBD,0xFF,0xFF,0xFF,0xFF,0x14,0xA5,0xE8,0x41,0x00,0x00,0x4D,0x6B,0xFF,0xFF,0xFF,0xFF,0xFF,0xFF,0xFF,0xFF,0xFF,0xFF,0xFF,0xFF,0xFF,0xFF,0xFF,0xFF,0xFF,0xFF,0xFF,0xFF,
	0xFF,0xFF,0xFF,0xFF,0xFF,0xFF,0xFF,0xFF,0x51,0x8C,0xA2,0x10,0x00,0x00,0x51,0x8C,0xFF,0xFF,0xFF,0xFF,0xD7,0xBD,0xE8,0x41,0x41,0x08,0x00,0x00,0x00,0x00,0x00,0x00,0x00,0x00,0x00,0x00,0x00,0x00,0x00,0x00,0x00,0x00,0x00,0x00,0x00,0x00,0x00,0x00,0x00,0x00,0x00,0x00,0x00,0x00,0x00,0x00,0x00,0x00,0x00,0x00,0x00,0x00,0x00,0x00,
	0x00,0x00,0x00,0x00,0x00,0x00,0x00,0x00,0x00,0x00,0x00,0x00,0x00,0x00,0x00,0x00,0x00,0x00,0x00,0x00,0x00,0x00,0x00,0x00,0x00,0x00,0x00,0x00,0x00,0x00,0x00,0x00,0x00,0x00,0x00,0x00,0x00,0x00,0x00,0x00,0x00,0x00,0x20,0x00,0xD7,0xBD,0xFF,0xFF,0xFF,0xFF,0x14,0xA5,0x45,0x29,0x00,0x00,0x4D,0x6B,0xFF,0xFF,0xFF,0xFF,0xFF,0xFF,
	0xFF,0xFF,0xFF,0xFF,0xFF,0xFF,0xFF,0xFF,0xFF,0xFF,0xFF,0xFF,0xFF,0xFF,0xFF,0xFF,0xFF,0xFF,0xFF,0xFF,0xFF,0xFF,0x51,0x8C,0xA2,0x10,0x00,0x00,0x51,0x8C,0xFF,0xFF,0xFF,0xFF,0xD7,0xBD,0xE8,0x41,0x41,0x08,0x00,0x00,0x00,0x00,0x00,0x00,0x00,0x00,0x00,0x00,0x00,0x00,0x00,0x00,0x00,0x00,0x00,0x00,0x00,0x00,0x00,0x00,0x00,0x00,
	0x00,0x00,0x00,0x00,0x00,0x00,0x00,0x00,0x00,0x00,0x00,0x00,0x00,0x00,0x00,0x00,0x00,0x00,0x00,0x00,0x00,0x00,0x00,0x00,0x00,0x00,0x00,0x00,0x00,0x00,0x00,0x00,0x00,0x00,0x00,0x00,0x00,0x00,0x00,0x00,0x00,0x00,0x00,0x00,0x00,0x00,0x00,0x00,0x00,0x00,0x00,0x00,0x00,0x00,0x00,0x00,0xA2,0x10,0xD7,0xBD,0xFF,0xFF,0xFF,0xFF,
	0x14,0xA5,0x45,0x29,0x00,0x00,0x4D,0x6B,0xFF,0xFF,0xFF,0xFF,0xBE,0xF7,0xD7,0xBD,0x14,0xA5,0x14,0xA5,0x14,0xA5,0x14,0xA5,0x14,0xA5,0x14,0xA5,0x14,0xA5,0xBE,0xF7,0xFF,0xFF,0xBE,0xF7,0x51,0x8C,0xA2,0x10,0x00,0x00,0x51,0x8C,0xFF,0xFF,0xFF,0xFF,0xD7,0xBD,0xE8,0x41,0x41,0x08,0x00,0x00,0x00,0x00,0x00,0x00,0x00,0x00,0x00,0x00,
	0x00,0x00,0x00,0x00,0x00,0x00,0x00,0x00,0x00,0x00,0x00,0x00,0x00,0x00,0x00,0x00,0x00,0x00,0x00,0x00,0x00,0x00,0x00,0x00,0x00,0x00,0x00,0x00,0x00,0x00,0x00,0x00,0x00,0x00,0x00,0x00,0x00,0x00,0x00,0x00,0x00,0x00,0x00,0x00,0x00,0x00,0x00,0x00,0x00,0x00,0x00,0x00,0x00,0x00,0x00,0x00,0x00,0x00,0x00,0x00,0x00,0x00,0x00,0x00,
	0x00,0x00,0x00,0x00,0x41,0x08,0xE8,0x41,0xD7,0xBD,0xFF,0xFF,0xFF,0xFF,0x51,0x8C,0x41,0x08,0x00,0x00,0x4D,0x6B,0xFF,0xFF,0xFF,0xFF,0x9A,0xD6,0x4D,0x6B,0xA2,0x10,0x00,0x00,0x00,0x00,0x00,0x00,0x00,0x00,0x00,0x00,0x45,0x29,0x5D,0xEF,0xFF,0xFF,0xBE,0xF7,0x51,0x8C,0xA2,0x10,0x00,0x00,0x51,0x8C,0xFF,0xFF,0xFF,0xFF,0xD7,0xBD,
	0xE8,0x41,0x41,0x08,0x00,0x00,0x00,0x00,0x00,0x00,0x00,0x00,0x00,0x00,0x00,0x00,0x00,0x00,0x00,0x00,0x00,0x00,0x00,0x00,0x00,0x00,0x00,0x00,0x00,0x00,0x00,0x00,0x00,0x00,0x00,0x00,0x00,0x00,0x00,0x00,0x00,0x00,0x00,0x00,0x00,0x00,0x00,0x00,0x00,0x00,0x00,0x00,0x00,0x00,0x00,0x00,0x00,0x00,0x00,0x00,0x00,0x00,0x00,0x00,
	0x00,0x00,0x00,0x00,0x00,0x00,0x00,0x00,0x00,0x00,0x00,0x00,0x00,0x00,0x00,0x00,0x00,0x00,0xA2,0x10,0x4D,0x6B,0x9A,0xD6,0xFF,0xFF,0xFF,0xFF,0x51,0x8C,0x20,0x00,0x00,0x00,0x4D,0x6B,0xFF,0xFF,0xFF,0xFF,0x5D,0xEF,0x4D,0x6B,0x45,0x29,0xA2,0x10,0xA2,0x10,0xA2,0x10,0xA2,0x10,0x41,0x08,0xE8,0x41,0x5D,0xEF,0xFF,0xFF,0xBE,0xF7,
	0x51,0x8C,0xA2,0x10,0x00,0x00,0x51,0x8C,0xFF,0xFF,0xFF,0xFF,0xD7,0xBD,0xE8,0x41,0x41,0x08,0x00,0x00,0x00,0x00,0x00,0x00,0x00,0x00,0x00,0x00,0x00,0x00,0x00,0x00,0x00,0x00,0x00,0x00,0x00,0x00,0x00,0x00,0x00,0x00,0x00,0x00,0x00,0x00,0x00,0x00,0x00,0x00,0x00,0x00,0x00,0x00,0x00,0x00,0x00,0x00,0x00,0x00,0x00,0x00,0x00,0x00,
	0x00,0x00,0x00,0x00,0x00,0x00,0x00,0x00,0x00,0x00,0x00,0x00,0x00,0x00,0x00,0x00,0x00,0x00,0x00,0x00,0x00,0x00,0x00,0x00,0x00,0x00,0x00,0x00,0x00,0x00,0x00,0x00,0x45,0x29,0x4D,0x6B,0x9A,0xD6,0xFF,0xFF,0xBE,0xF7,0x4D,0x6B,0x00,0x00,0x00,0x00,0x4D,0x6B,0xFF,0xFF,0xFF,0xFF,0x5D,0xEF,0x14,0xA5,0x51,0x8C,0x4D,0x6B,0x4D,0x6B,
	0x4D,0x6B,0x4D,0x6B,0x4D,0x6B,0x51,0x8C,0x5D,0xEF,0xFF,0xFF,0xFF,0xFF,0x51,0x8C,0xA2,0x10,0x00,0x00,0x51,0x8C,0xFF,0xFF,0xFF,0xFF,0xD7,0xBD,0xE8,0x41,0x41,0x08,0x00,0x00,0x00,0x00,0x00,0x00,0x00,0x00,0x00,0x00,0x00,0x00,0x00,0x00,0x00,0x00,0x00,0x00,0x00,0x00,0x00,0x00,0x00,0x00,0x00,0x00,0x00,0x00,0x00,0x00,0x00,0x00,
	0x00,0x00,0x00,0x00,0x00,0x00,0x00,0x00,0x00,0x00,0x00,0x00,0x00,0x00,0x00,0x00,0x00,0x00,0x00,0x00,0x00,0x00,0x00,0x00,0x00,0x00,0x00,0x00,0x00,0x00,0x00,0x00,0x00,0x00,0x00,0x00,0x00,0x00,0x00,0x00,0x00,0x00,0x00,0x00,0x00,0x00,0x45,0x29,0x14,0xA5,0x5D,0xEF,0xFF,0xFF,0x9A,0xD6,0x4D,0x6B,0x00,0x00,0x00,0x00,0x4D,0x6B,
	0xFF,0xFF,0xFF,0xFF,0xFF,0xFF,0xBE,0xF7,0xBE,0xF7,0xBE,0xF7,0xBE,0xF7,0xBE,0xF7,0xBE,0xF7,0xBE,0xF7,0xBE,0xF7,0xFF,0xFF,0xFF,0xFF,0xFF,0xFF,0x51,0x8C,0xA2,0x10,0x00,0x00,0x51,0x8C,0xFF,0xFF,0xFF,0xFF,0xD7,0xBD,0xE8,0x41,0x41,0x08,0x00,0x00,0x00,0x00,0x00,0x00,0x00,0x00,0x00,0x00,0x00,0x00,0x00,0x00,0x00,0x00,0x00,0x00,
	0x00,0x00,0x00,0x00,0x00,0x00,0x00,0x00,0x00,0x00,0x00,0x00,0x00,0x00,0x00,0x00,0x00,0x00,0x00,0x00,0x00,0x00,0x00,0x00,0x00,0x00,0x00,0x00,0x00,0x00,0x00,0x00,0x00,0x00,0x00,0x00,0x00,0x00,0x00,0x00,0x00,0x00,0x00,0x00,0x00,0x00,0x00,0x00,0x00,0x00,0x00,0x00,0x00,0x00,0x00,0x00,0x00,0x00,0x00,0x00,0xE8,0x41,0xD7,0xBD,
	0xBE,0xF7,0xBE,0xF7,0x14,0xA5,0xE8,0x41,0x00,0x00,0x00,0x00,0x4D,0x6B,0x5D,0xEF,0xBE,0xF7,0x5D,0xEF,0xBE,0xF7,0xBE,0xF7,0xBE,0xF7,0xBE,0xF7,0xBE,0xF7,0xBE,0xF7,0xBE,0xF7,0xBE,0xF7,0x5D,0xEF,0x5D,0xEF,0x5D,0xEF,0x4D,0x6B,0xA2,0x10,0x00,0x00,0x51,0x8C,0xFF,0xFF,0xFF,0xFF,0xD7,0xBD,0xE8,0x41,0x41,0x08,0x00,0x00,0x00,0x00,
	0x00,0x00,0x00,0x00,0x00,0x00,0x00,0x00,0x00,0x00,0x00,0x00,0x00,0x00,0x00,0x00,0x00,0x00,0x00,0x00,0x00,0x00,0x00,0x00,0x00,0x00,0x00,0x00,0x00,0x00,0x00,0x00,0x00,0x00,0x00,0x00,0x00,0x00,0x00,0x00,0x00,0x00,0x00,0x00,0x00,0x00,0x00,0x00,0x00,0x00,0x00,0x00,0x00,0x00,0x00,0x00,0x00,0x00,0x00,0x00,0x00,0x00,0x00,0x00,
	0x00,0x00,0x00,0x00,0x00,0x00,0x00,0x00,0x20,0x00,0x4D,0x6B,0x5D,0xEF,0xFF,0xFF,0x5D,0xEF,0x51,0x8C,0x45,0x29,0x00,0x00,0x00,0x00,0xE8,0x41,0xD7,0xBD,0xD7,0xBD,0x14,0xA5,0x14,0xA5,0x14,0xA5,0x14,0xA5,0x14,0xA5,0x14,0xA5,0x14,0xA5,0x14,0xA5,0x14,0xA5,0xD7,0xBD,0xD7,0xBD,0x14,0xA5,0x4D,0x6B,0xA2,0x10,0x00,0x00,0x51,0x8C,
	0xFF,0xFF,0xFF,0xFF,0xD7,0xBD,0xE8,0x41,0x41,0x08,0x00,0x00,0x00,0x00,0x00,0x00,0x00,0x00,0x00,0x00,0x00,0x00,0x00,0x00,0x00,0x00,0x00,0x00,0x00,0x00,0x00,0x00,0x00,0x00,0x00,0x00,0x00,0x00,0x00,0x00,0x00,0x00,0x00,0x00,0x00,0x00,0x00,0x00,0x00,0x00,0x00,0x00,0x00,0x00,0x00,0x00,0x00,0x00,0x00,0x00,0x00,0x00,0x00,0x00,
	0x00,0x00,0x00,0x00,0x00,0x00,0x00,0x00,0x00,0x00,0x00,0x00,0x00,0x00,0x00,0x00,0x00,0x00,0x00,0x00,0x00,0x00,0x45,0x29,0x51,0x8C,0xFF,0xFF,0xFF,0xFF,0x9A,0xD6,0xE8,0x41,0xA2,0x10,0x00,0x00,0x00,0x00,0x41,0x08,0x45,0x29,0x45,0x29,0x45,0x29,0x45,0x29,0x45,0x29,0x45,0x29,0x45,0x29,0x45,0x29,0x45,0x29,0x45,0x29,0x45,0x29,
	0xE8,0x41,0xE8,0x41,0xE8,0x41,0x45,0x29,0x41,0x08,0x20,0x00,0x51,0x8C,0xFF,0xFF,0xFF,0xFF,0xD7,0xBD,0xE8,0x41,0x41,0x08,0x00,0x00,0x00,0x00,0x00,0x00,0x00,0x00,0x00,0x00,0x00,0x00,0x00,0x00,0x00,0x00,0x00,0x00,0x00,0x00,0x00,0x00,0x00,0x00,0x00,0x00,0x00,0x00,0x00,0x00,0x00,0x00,0x00,0x00,0x00,0x00,0x00,0x00,0x00,0x00,
	0x00,0x00,0x00,0x00,0x00,0x00,0x00,0x00,0x00,0x00,0x00,0x00,0x00,0x00,0x00,0x00,0x00,0x00,0x00,0x00,0x00,0x00,0x00,0x00,0x00,0x00,0x00,0x00,0x00,0x00,0x00,0x00,0x00,0x00,0x00,0x00,0xE8,0x41,0x14,0xA5,0xFF,0xFF,0xFF,0xFF,0xD7,0xBD,0x45,0x29,0x20,0x00,0x00,0x00,0x00,0x00,0x00,0x00,0x00,0x00,0x00,0x00,0x00,0x00,0x00,0x00,
	0x00,0x00,0x00,0x00,0x00,0x00,0x00,0x00,0x00,0x00,0x00,0x00,0x00,0x00,0x41,0x08,0xE8,0x41,0x4D,0x6B,0x4D,0x6B,0x4D,0x6B,0x4D,0x6B,0xD7,0xBD,0xFF,0xFF,0xFF,0xFF,0xD7,0xBD,0xE8,0x41,0x41,0x08,0x00,0x00,0x00,0x00,0x00,0x00,0x00,0x00,0x00,0x00,0x00,0x00,0x00,0x00,0x00,0x00,0x00,0x00,0x00,0x00,0x00,0x00,0x00,0x00,0x00,0x00,
	0x00,0x00,0x00,0x00,0x00,0x00,0x00,0x00,0x00,0x00,0x00,0x00,0x00,0x00,0x00,0x00,0x00,0x00,0x00,0x00,0x00,0x00,0x00,0x00,0x00,0x00,0x00,0x00,0x00,0x00,0x00,0x00,0x00,0x00,0x00,0x00,0x00,0x00,0x00,0x00,0x00,0x00,0x00,0x00,0x00,0x00,0x00,0x00,0x00,0x00,0x51,0x8C,0xD7,0xBD,0xFF,0xFF,0xFF,0xFF,0x14,0xA5,0x41,0x08,0x00,0x00,
	0x00,0x00,0x00,0x00,0x00,0x00,0x00,0x00,0x00,0x00,0x00,0x00,0x00,0x00,0x00,0x00,0x00,0x00,0x00,0x00,0x00,0x00,0x00,0x00,0x00,0x00,0x20,0x00,0xA2,0x10,0x51,0x8C,0xFF,0xFF,0xFF,0xFF,0xFF,0xFF,0xFF,0xFF,0xFF,0xFF,0xFF,0xFF,0xFF,0xFF,0xD7,0xBD,0xE8,0x41,0x41,0x08,0x00,0x00,0x00,0x00,0x00,0x00,0x00,0x00,0x00,0x00,0x00,0x00,
	0x00,0x00,0x00,0x00,0x00,0x00,0x00,0x00,0x00,0x00,0x00,0x00,0x00,0x00,0x00,0x00,0x00,0x00,0x00,0x00,0x00,0x00,0x00,0x00,0x00,0x00,0x00,0x00,0x00,0x00,0x00,0x00,0x00,0x00,0x00,0x00,0x00,0x00,0x00,0x00,0x00,0x00,0x00,0x00,0x00,0x00,0x00,0x00,0x00,0x00,0x00,0x00,0x00,0x00,0x00,0x00,0x00,0x00,0x00,0x00,0x00,0x00,0x00,0x00,
	0xE8,0x41,0x4D,0x6B,0x9A,0xD6,0xD7,0xBD,0x4D,0x6B,0x20,0x00,0x00,0x00,0x00,0x00,0x00,0x00,0x00,0x00,0x00,0x00,0x00,0x00,0x00,0x00,0x00,0x00,0x00,0x00,0x00,0x00,0x00,0x00,0x00,0x00,0x00,0x00,0x00,0x00,0x00,0x00,0x41,0x08,0x51,0x8C,0xFF,0xFF,0xFF,0xFF,0xFF,0xFF,0xFF,0xFF,0xFF,0xFF,0xFF,0xFF,0x9A,0xD6,0x51,0x8C,0xA2,0x10,
	0x20,0x00,0x00,0x00,0x00,0x00,0x00,0x00,0x00,0x00,0x00,0x00,0x00,0x00,0x00,0x00,0x00,0x00,0x00,0x00,0x00,0x00,0x00,0x00,0x00,0x00,0x00,0x00,0x00,0x00,0x00,0x00,0x00,0x00,0x00,0x00,0x00,0x00,0x00,0x00,0x00,0x00,0x00,0x00,0x00,0x00,0x00,0x00,0x00,0x00,0x00,0x00,0x00,0x00,0x00,0x00,0x00,0x00,0x00,0x00,0x00,0x00,0x00,0x00,
	0x00,0x00,0x00,0x00,0x00,0x00,0x00,0x00,0x00,0x00,0x00,0x00,0x00,0x00,0x00,0x00,0x45,0x29,0x51,0x8C,0x4D,0x6B,0x45,0x29,0x00,0x00,0x00,0x00,0x00,0x00,0x00,0x00,0x00,0x00,0x00,0x00,0x00,0x00,0x00,0x00,0x00,0x00,0x00,0x00,0x00,0x00,0x00,0x00,0x00,0x00,0x00,0x00,0x00,0x00,0x00,0x00,0x00,0x00,0xE8,0x41,0x9A,0xD6,0x9A,0xD6,
	0x9A,0xD6,0x9A,0xD6,0x9A,0xD6,0xD7,0xBD,0x51,0x8C,0xE8,0x41,0x00,0x00,0x00,0x00,0x00,0x00,0x00,0x00,0x00,0x00,0x00,0x00,0x00,0x00,0x00,0x00,0x00,0x00,0x00,0x00,0x00,0x00,0x00,0x00,0x00,0x00,0x00,0x00,0x00,0x00,0x00,0x00,0x00,0x00,0x00,0x00,0x00,0x00,0x00,0x00,0x00,0x00,0x00,0x00,0x00,0x00,0x00,0x00,0x00,0x00,0x00,0x00,
	0x00,0x00,0x00,0x00,0x00,0x00,0x00,0x00,0x00,0x00,0x00,0x00,0x00,0x00,0x00,0x00,0x00,0x00,0x00,0x00,0x00,0x00,0x00,0x00,0x00,0x00,0x00,0x00,

	// Alpha Channel 
	0x00,0x00,0x00,0x00,0x00,0x00,0x00,0x00,0x00,0x00,0x00,0x00,0x00,0x00,0x00,0x00,0x00,0x00,0x00,0x00,0x00,0x00,0x00,0x00,0x00,0x00,0x00,0x00,0x00,0x00,0x00,0x00,0x00,0x00,0x00,0x00,0x00,0x00,0x00,0x00,0x00,0x00,0x00,0x00,0x00,0x00,0x00,0x00,0x00,0x00,0x00,0x00,0x00,0x00,0x00,0x00,0x00,0x00,0x00,0x00,0x00,0x00,0x00,0x00,
	0x00,0x00,0x00,0x00,0x00,0x00,0x00,0x00,0x00,0x00,0xFF,0xFF,0xFF,0xFF,0xFF,0xFF,0xFF,0xFF,0xFF,0xFF,0xFF,0xFF,0xFF,0xFF,0xFF,0xFF,0xFF,0xFF,0xFF,0xFF,0xFF,0xFF,0xFF,0xFF,0xFF,0xFF,0xFF,0xFF,0xFF,0xFF,0x00,0x00,0x00,0x00,0x00,0x00,0x00,0x00,0x00,0x00,0x00,0x00,0x00,0x00,0x00,0x00,0x00,0x00,0x00,0x00,0x00,0x00,0x00,0x00,
	0x00,0x00,0x00,0x00,0x00,0x00,0x00,0x00,0x00,0x00,0x00,0x00,0x00,0x00,0x00,0x00,0xFF,0xFF,0xFF,0xFF,0xFF,0xFF,0xFF,0xFF,0xFF,0xFF,0xFF,0xFF,0xFF,0xFF,0xFF,0xFF,0xFF,0xFF,0xFF,0xFF,0xFF,0xFF,0xFF,0xFF,0xFF,0xFF,0xFF,0xFF,0xFF,0xFF,0xFF,0x00,0x00,0x00,0x00,0x00,0x00,0x00,0x00,0x00,0x00,0x00,0x00,0x00,0x00,0x00,0x00,0x00,
	0x00,0x00,0x00,0x00,0x00,0x00,0x00,0x00,0x00,0x00,0x00,0x00,0x00,0x00,0x00,0x00,0x00,0x00,0x00,0x00,0x00,0x00,0x00,0xFF,0xFF,0xFF,0xFF,0xFF,0xFF,0xFF,0xFF,0xFF,0xFF,0xFF,0xFF,0xFF,0xFF,0xFF,0xFF,0xFF,0xFF,0xFF,0xFF,0xFF,0xFF,0xFF,0xFF,0xFF,0xFF,0xFF,0xFF,0xFF,0xFF,0xFF,0x00,0x00,0x00,0x00,0x00,0x00,0x00,0x00,0x00,0x00,
	0x00,0x00,0x00,0x00,0x00,0x00,0x00,0x00,0x00,0x00,0x00,0x00,0x00,0x00,0x00,0x00,0x00,0x00,0x00,0x00,0x00,0x00,0x00,0x00,0x00,0x00,0x00,0x00,0x00,0x00,0xFF,0xFF,0xFF,0xFF,0xFF,0xFF,0xFF,0xFF,0xFF,0xFF,0xFF,0xFF,0xFF,0xFF,0xFF,0xFF,0xFF,0xFF,0xFF,0xFF,0xFF,0xFF,0xFF,0xFF,0xFF,0xFF,0xFF,0xFF,0xFF,0xFF,0xFF,0x00,0x00,0x00,
	0x00,0x00,0x00,0x00,0x00,0x00,0x00,0x00,0x00,0x00,0x00,0x00,0x00,0x00,0x00,0x00,0x00,0x00,0x00,0x00,0x00,0x00,0x00,0x00,0x00,0x00,0x00,0x00,0x00,0x00,0x00,0x00,0x00,0x00,0x00,0x00,0x00,0xFF,0xFF,0xFF,0xFF,0xFF,0xFF,0xFF,0xFF,0xFF,0xFF,0xFF,0xFF,0xFF,0xFF,0xFF,0xFF,0xFF,0xFF,0xFF,0xFF,0xFF,0xFF,0xFF,0xFF,0xFF,0xFF,0xFF,
	0xFF,0xFF,0xFF,0xFF,0x00,0x00,0x00,0x00,0x00,0x00,0x00,0x00,0x00,0x00,0x00,0x00,0x00,0x00,0x00,0x00,0x00,0x00,0x00,0x00,0x00,0x00,0x00,0x00,0x00,0x00,0x00,0x00,0x00,0x00,0x00,0x00,0x00,0x00,0x00,0x00,0x00,0x00,0x00,0x00,0xFF,0xFF,0xFF,0xFF,0xFF,0xFF,0xFF,0xFF,0xFF,0xFF,0xFF,0xFF,0xFF,0xFF,0xFF,0xFF,0xFF,0xFF,0xFF,0xFF,
	0xFF,0xFF,0xFF,0xFF,0xFF,0xFF,0xFF,0xFF,0xFF,0xFF,0xFF,0x00,0x00,0x00,0x00,0x00,0x00,0x00,0x00,0x00,0x00,0x00,0x00,0x00,0x00,0x00,0x00,0x00,0x00,0x00,0x00,0x00,0x00,0x00,0x00,0x00,0x00,0x00,0x00,0x00,0x00,0x00,0x00,0x00,0x00,0x00,0x00,0x00,0x00,0x00,0x00,0xFF,0xFF,0xFF,0xFF,0xFF,0xFF,0xFF,0x00,0xFF,0xFF,0xFF,0xFF,0xFF,
	0xFF,0xFF,0xFF,0xFF,0xFF,0xFF,0xFF,0xFF,0xFF,0xFF,0x00,0x00,0xFF,0xFF,0xFF,0xFF,0xFF,0xFF,0x00,0x00,0x00,0x00,0x00,0x00,0x00,0x00,0x00,0x00,0x00,0x00,0x00,0x00,0x00,0x00,0x00,0x00,0x00,0x00,0x00,0x00,0x00,0x00,0x00,0x00,0x00,0x00,0x00,0x00,0x00,0x00,0x00,0x00,0x00,0x00,0x00,0x00,0x00,0x00,0xFF,0xFF,0xFF,0xFF,0xFF,0xFF,
	0xFF,0xFF,0xFF,0xFF,0xFF,0xFF,0xFF,0xFF,0xFF,0xFF,0xFF,0xFF,0xFF,0xFF,0xFF,0xFF,0xFF,0xFF,0x00,0xFF,0xFF,0xFF,0xFF,0xFF,0xFF,0x00,0x00,0x00,0x00,0x00,0x00,0x00,0x00,0x00,0x00,0x00,0x00,0x00,0x00,0x00,0x00,0x00,0x00,0x00,0x00,0x00,0x00,0x00,0x00,0x00,0x00,0x00,0x00,0x00,0x00,0x00,0x00,0x00,0x00,0x00,0x00,0x00,0x00,0x00,
	0x00,0xFF,0xFF,0xFF,0xFF,0xFF,0xFF,0xFF,0xFF,0xFF,0xFF,0xFF,0xFF,0xFF,0xFF,0xFF,0xFF,0xFF,0xFF,0xFF,0xFF,0xFF,0xFF,0xFF,0xFF,0x00,0xFF,0xFF,0xFF,0xFF,0xFF,0xFF,0x00,0x00,0x00,0x00,0x00,0x00,0x00,0x00,0x00,0x00,0x00,0x00,0x00,0x00,0x00,0x00,0x00,0x00,0x00,0x00,0x00,0x00,0x00,0x00,0x00,0x00,0x00,0x00,0x00,0x00,0x00,0x00,
	0x00,0x00,0x00,0x00,0x00,0x00,0x00,0x00,0xFF,0xFF,0xFF,0xFF,0xFF,0xFF,0xFF,0xFF,0xFF,0xFF,0xFF,0xFF,0xFF,0xFF,0xFF,0xFF,0xFF,0xFF,0xFF,0xFF,0xFF,0xFF,0xFF,0xFF,0x00,0xFF,0xFF,0xFF,0xFF,0xFF,0xFF,0x00,0x00,0x00,0x00,0x00,0x00,0x00,0x00,0x00,0x00,0x00,0x00,0x00,0x00,0x00,0x00,0x00,0x00,0x00,0x00,0x00,0x00,0x00,0x00,0x00,
	0x00,0x00,0x00,0x00,0x00,0x00,0x00,0x00,0x00,0x00,0x00,0x00,0x00,0x00,0x00,0xFF,0xFF,0xFF,0xFF,0xFF,0xFF,0xFF,0xFF,0xFF,0xFF,0xFF,0xFF,0xFF,0xFF,0xFF,0xFF,0xFF,0xFF,0xFF,0xFF,0xFF,0xFF,0xFF,0xFF,0x00,0xFF,0xFF,0xFF,0xFF,0xFF,0xFF,0x00,0x00,0x00,0x00,0x00,0x00,0x00,0x00,0x00,0x00,0x00,0x00,0x00,0x00,0x00,0x00,0x00,0x00,
	0x00,0x00,0x00,0x00,0x00,0x00,0x00,0x00,0x00,0x00,0x00,0x00,0x00,0x00,0x00,0x00,0x00,0x00,0x00,0x00,0x00,0x00,0xFF,0xFF,0xFF,0xFF,0xFF,0xFF,0xFF,0xFF,0xFF,0xFF,0xFF,0xFF,0xFF,0xFF,0xFF,0xFF,0xFF,0xFF,0xFF,0xFF,0xFF,0xFF,0xFF,0xFF,0x00,0xFF,0xFF,0xFF,0xFF,0xFF,0xFF,0x00,0x00,0x00,0x00,0x00,0x00,0x00,0x00,0x00,0x00,0x00,
	0x00,0x00,0x00,0x00,0x00,0x00,0x00,0x00,0x00,0x00,0x00,0x00,0x00,0x00,0x00,0x00,0x00,0x00,0x00,0x00,0x00,0x00,0x00,0x00,0x00,0x00,0x00,0x00,0x00,0xFF,0xFF,0xFF,0xFF,0xFF,0xFF,0xFF,0xFF,0xFF,0xFF,0xFF,0xFF,0xFF,0xFF,0xFF,0xFF,0xFF,0xFF,0xFF,0xFF,0xFF,0xFF,0xFF,0xFF,0xFF,0xFF,0xFF,0xFF,0xFF,0xFF,0xFF,0x00,0x00,0x00,0x00,
	0x00,0x00,0x00,0x00,0x00,0x00,0x00,0x00,0x00,0x00,0x00,0x00,0x00,0x00,0x00,0x00,0x00,0x00,0x00,0x00,0x00,0x00,0x00,0x00,0x00,0x00,0x00,0x00,0x00,0x00,0x00,0x00,0x00,0x00,0x00,0x00,0xFF,0xFF,0xFF,0xFF,0xFF,0xFF,0xFF,0xFF,0xFF,0xFF,0xFF,0xFF,0xFF,0xFF,0xFF,0xFF,0xFF,0xFF,0xFF,0xFF,0xFF,0xFF,0xFF,0xFF,0xFF,0xFF,0xFF,0xFF,
	0xFF,0xFF,0xFF,0x00,0x00,0x00,0x00,0xFF,0xFF,0xFF,0xFF,0xFF,0xFF,0xFF,0xFF,0xFF,0xFF,0xFF,0xFF,0xFF,0xFF,0xFF,0xFF,0xFF,0xFF,0xFF,0xFF,0xFF,0xFF,0xFF,0xFF,0xFF,0xFF,0xFF,0xFF,0xFF,0xFF,0xFF,0xFF,0xFF,0xFF,0x00,0x00,0xFF,0xFF,0xFF,0xFF,0xFF,0xFF,0xFF,0xFF,0xFF,0xFF,0xFF,0xFF,0xFF,0xFF,0xFF,0xFF,0xFF,0xFF,0xFF,0xFF,0xFF,
	0xFF,0xFF,0xFF,0xFF,0xFF,0xFF,0xFF,0xFF,0xFF,0xFF,0x00,0x00,0x00,0xFF,0xFF,0xFF,0xFF,0xFF,0xFF,0xFF,0xFF,0xFF,0xFF,0xFF,0xFF,0xFF,0xFF,0xFF,0xFF,0xFF,0xFF,0xFF,0xFF,0xFF,0xFF,0xFF,0xFF,0xFF,0xFF,0xFF,0xFF,0xFF,0xFF,0xFF,0xFF,0xFF,0xFF,0xFF,0x00,0x00,0xFF,0xFF,0xFF,0xFF,0xFF,0xFF,0xFF,0xFF,0xFF,0xFF,0xFF,0xFF,0xFF,0xFF,
	0xFF,0xFF,0xFF,0xFF,0xFF,0xFF,0xFF,0xFF,0xFF,0xFF,0xFF,0xFF,0xFF,0xFF,0xFF,0xFF,0xFF,0x00,0x00,0x00,0xFF,0xFF,0xFF,0xFF,0xFF,0xFF,0xFF,0xFF,0xFF,0xFF,0xFF,0xFF,0xFF,0xFF,0xFF,0xFF,0xFF,0xFF,0xFF,0xFF,0xFF,0xFF,0xFF,0xFF,0xFF,0xFF,0xFF,0xFF,0xFF,0xFF,0xFF,0xFF,0xFF,0xFF,0xFF,0x00,0x00,0xFF,0xFF,0xFF,0xFF,0xFF,0xFF,0xFF,
	0xFF,0xFF,0xFF,0xFF,0xFF,0xFF,0xFF,0xFF,0xFF,0xFF,0xFF,0xFF,0xFF,0xFF,0xFF,0xFF,0xFF,0xFF,0xFF,0xFF,0xFF,0xFF,0xFF,0xFF,0x00,0x00,0x00,0xFF,0xFF,0xFF,0xFF,0xFF,0xFF,0xFF,0xFF,0xFF,0xFF,0xFF,0xFF,0xFF,0xFF,0xFF,0xFF,0xFF,0xFF,0xFF,0xFF,0xFF,0xFF,0xFF,0xFF,0xFF,0xFF,0xFF,0xFF,0xFF,0xFF,0xFF,0xFF,0xFF,0xFF,0xFF,0x00,0x00,
	0xFF,0xFF,0xFF,0xFF,0xFF,0xFF,0xFF,0xFF,0x00,0x00,0x00,0x00,0x00,0x00,0x00,0x00,0x00,0x00,0x00,0x00,0x00,0x00,0xFF,0xFF,0x00,0xFF,0xFF,0xFF,0xFF,0xFF,0xFF,0x00,0x00,0x00,0xFF,0xFF,0xFF,0xFF,0xFF,0xFF,0xFF,0xFF,0xFF,0xFF,0xFF,0xFF,0xFF,0xFF,0xFF,0xFF,0xFF,0xFF,0xFF,0xFF,0xFF,0xFF,0xFF,0xFF,0xFF,0xFF,0xFF,0xFF,0xFF,0xFF,
	0xFF,0xFF,0xFF,0xFF,0xFF,0x00,0x00,0xFF,0xFF,0xFF,0xFF,0xFF,0xFF,0xFF,0xFF,0xFF,0xFF,0xFF,0xFF,0xFF,0xFF,0xFF,0xFF,0xFF,0xFF,0xFF,0xFF,0xFF,0xFF,0xFF,0xFF,0x00,0xFF,0xFF,0xFF,0xFF,0xFF,0xFF,0x00,0x00,0x00,0xFF,0xFF,0xFF,0xFF,0xFF,0xFF,0xFF,0xFF,0xFF,0xFF,0xFF,0xFF,0xFF,0xFF,0xFF,0xFF,0xFF,0xFF,0xFF,0xFF,0xFF,0xFF,0xFF,
	0xFF,0xFF,0xFF,0xFF,0xFF,0xFF,0xFF,0xFF,0xFF,0xFF,0xFF,0xFF,0x00,0x00,0xFF,0xFF,0xFF,0xFF,0xFF,0xFF,0x00,0xFF,0xFF,0xFF,0xFF,0xFF,0xFF,0xFF,0xFF,0xFF,0xFF,0xFF,0xFF,0xFF,0xFF,0xFF,0xFF,0xFF,0x00,0xFF,0xFF,0xFF,0xFF,0xFF,0xFF,0x00,0x00,0x00,0x00,0x00,0x00,0x00,0x00,0x00,0x00,0x00,0x00,0x00,0x00,0x00,0x00,0x00,0x00,0x00,
	0x00,0x00,0x00,0x00,0x00,0x00,0x00,0x00,0x00,0x00,0x00,0x00,0x00,0x00,0x00,0x00,0x00,0x00,0x00,0x00,0x00,0xFF,0xFF,0xFF,0xFF,0xFF,0xFF,0x00,0xFF,0xFF,0xFF,0xFF,0xFF,0xFF,0xFF,0xFF,0xFF,0xFF,0xFF,0xFF,0xFF,0xFF,0xFF,0xFF,0xFF,0x00,0xFF,0xFF,0xFF,0xFF,0xFF,0xFF,0x00,0x00,0x00,0x00,0x00,0x00,0x00,0x00,0x00,0x00,0x00,0x00,
	0x00,0x00,0x00,0x00,0x00,0x00,0x00,0x00,0x00,0x00,0x00,0x00,0x00,0x00,0x00,0x00,0x00,0x00,0x00,0x00,0x00,0x00,0x00,0x00,0x00,0x00,0x00,0x00,0xFF,0xFF,0xFF,0xFF,0xFF,0xFF,0x00,0xFF,0xFF,0xFF,0xFF,0xFF,0xFF,0xFF,0xFF,0xFF,0xFF,0xFF,0xFF,0xFF,0xFF,0xFF,0xFF,0xFF,0x00,0xFF,0xFF,0xFF,0xFF,0xFF,0xFF,0x00,0x00,0x00,0x00,0x00,
	0x00,0x00,0x00,0x00,0x00,0x00,0x00,0x00,0x00,0x00,0x00,0x00,0x00,0x00,0x00,0x00,0x00,0x00,0x00,0x00,0x00,0x00,0x00,0x00,0x00,0x00,0x00,0x00,0x00,0x00,0x00,0x00,0x00,0x00,0xFF,0xFF,0xFF,0xFF,0xFF,0xFF,0xFF,0x00,0xFF,0xFF,0xFF,0xFF,0xFF,0xFF,0x00,0x00,0x00,0x00,0x00,0xFF,0xFF,0xFF,0xFF,0xFF,0xFF,0x00,0xFF,0xFF,0xFF,0xFF,
	0xFF,0xFF,0x00,0x00,0x00,0x00,0x00,0x00,0x00,0x00,0x00,0x00,0x00,0x00,0x00,0x00,0x00,0x00,0x00,0x00,0x00,0x00,0x00,0x00,0x00,0x00,0x00,0x00,0x00,0x00,0x00,0x00,0x00,0x00,0x00,0x00,0x00,0x00,0x00,0x00,0x00,0xFF,0xFF,0xFF,0xFF,0xFF,0xFF,0xFF,0x00,0xFF,0xFF,0xFF,0xFF,0xFF,0xFF,0xFF,0xFF,0xFF,0xFF,0xFF,0xFF,0xFF,0xFF,0xFF,
	0xFF,0xFF,0x00,0xFF,0xFF,0xFF,0xFF,0xFF,0xFF,0x00,0x00,0x00,0x00,0x00,0x00,0x00,0x00,0x00,0x00,0x00,0x00,0x00,0x00,0x00,0x00,0x00,0x00,0x00,0x00,0x00,0x00,0x00,0x00,0x00,0x00,0x00,0x00,0x00,0x00,0x00,0x00,0x00,0x00,0x00,0x00,0x00,0x00,0x00,0xFF,0xFF,0xFF,0xFF,0xFF,0xFF,0x00,0x00,0xFF,0xFF,0xFF,0xFF,0xFF,0xFF,0xFF,0xFF,
	0xFF,0xFF,0xFF,0xFF,0xFF,0xFF,0xFF,0xFF,0xFF,0x00,0xFF,0xFF,0xFF,0xFF,0xFF,0xFF,0x00,0x00,0x00,0x00,0x00,0x00,0x00,0x00,0x00,0x00,0x00,0x00,0x00,0x00,0x00,0x00,0x00,0x00,0x00,0x00,0x00,0x00,0x00,0x00,0x00,0x00,0x00,0x00,0x00,0x00,0x00,0x00,0x00,0x00,0x00,0x00,0x00,0x00,0x00,0xFF,0xFF,0xFF,0xFF,0xFF,0xFF,0x00,0x00,0xFF,
	0xFF,0xFF,0xFF,0xFF,0xFF,0xFF,0xFF,0xFF,0xFF,0xFF,0xFF,0xFF,0xFF,0xFF,0xFF,0xFF,0x00,0xFF,0xFF,0xFF,0xFF,0xFF,0xFF,0x00,0x00,0x00,0x00,0x00,0x00,0x00,0x00,0x00,0x00,0x00,0x00,0x00,0x00,0x00,0x00,0x00,0x00,0x00,0x00,0x00,0x00,0x00,0x00,0x00,0x00,0x00,0x00,0x00,0x00,0x00,0x00,0x00,0x00,0x00,0x00,0x00,0x00,0x00,0xFF,0xFF,
	0xFF,0xFF,0xFF,0xFF,0x00,0x00,0xFF,0xFF,0xFF,0xFF,0xFF,0xFF,0xFF,0xFF,0xFF,0xFF,0xFF,0xFF,0xFF,0xFF,0xFF,0xFF,0xFF,0x00,0xFF,0xFF,0xFF,0xFF,0xFF,0xFF,0x00,0x00,0x00,0x00,0x00,0x00,0x00,0x00,0x00,0x00,0x00,0x00,0x00,0x00,0x00,0x00,0x00,0x00,0x00,0x00,0x00,0x00,0x00,0x00,0x00,0x00,0x00,0x00,0x00,0x00,0x00,0x00,0x00,0x00,
	0x00,0x00,0x00,0x00,0xFF,0xFF,0xFF,0xFF,0xFF,0xFF,0xFF,0x00,0x00,0xFF,0xFF,0xFF,0xFF,0xFF,0xFF,0xFF,0xFF,0xFF,0xFF,0xFF,0xFF,0xFF,0xFF,0xFF,0xFF,0xFF,0x00,0xFF,0xFF,0xFF,0xFF,0xFF,0xFF,0x00,0x00,0x00,0x00,0x00,0x00,0x00,0x00,0x00,0x00,0x00,0x00,0x00,0x00,0x00,0x00,0x00,0x00,0x00,0x00,0x00,0x00,0x00,0x00,0x00,0x00,0x00,
	0x00,0x00,0x00,0x00,0x00,0x00,0x00,0x00,0x00,0x00,0x00,0xFF,0xFF,0xFF,0xFF,0xFF,0xFF,0xFF,0x00,0x00,0xFF,0xFF,0xFF,0xFF,0xFF,0xFF,0xFF,0xFF,0xFF,0xFF,0xFF,0xFF,0xFF,0xFF,0xFF,0xFF,0xFF,0xFF,0xFF,0xFF,0xFF,0xFF,0xFF,0xFF,0x00,0x00,0x00,0x00,0x00,0x00,0x00,0x00,0x00,0x00,0x00,0x00,0x00,0x00,0x00,0x00,0x00,0x00,0x00,0x00,
	0x00,0x00,0x00,0x00,0x00,0x00,0x00,0x00,0x00,0x00,0x00,0x00,0x00,0x00,0x00,0x00,0x00,0x00,0xFF,0xFF,0xFF,0xFF,0xFF,0xFF,0xFF,0x00,0x00,0x00,0x00,0x00,0x00,0x00,0x00,0x00,0x00,0x00,0x00,0x00,0x00,0xFF,0xFF,0xFF,0xFF,0xFF,0xFF,0xFF,0xFF,0xFF,0xFF,0xFF,0xFF,0x00,0x00,0x00,0x00,0x00,0x00,0x00,0x00,0x00,0x00,0x00,0x00,0x00,
	0x00,0x00,0x00,0x00,0x00,0x00,0x00,0x00,0x00,0x00,0x00,0x00,0x00,0x00,0x00,0x00,0x00,0x00,0x00,0x00,0x00,0x00,0x00,0x00,0x00,0xFF,0xFF,0xFF,0xFF,0xFF,0xFF,0x00,0x00,0x00,0x00,0x00,0x00,0x00,0x00,0x00,0x00,0x00,0x00,0x00,0x00,0xFF,0xFF,0xFF,0xFF,0xFF,0xFF,0xFF,0xFF,0xFF,0xFF,0xFF,0xFF,0xFF,0x00,0x00,0x00,0x00,0x00,0x00,
	0x00,0x00,0x00,0x00,0x00,0x00,0x00,0x00,0x00,0x00,0x00,0x00,0x00,0x00,0x00,0x00,0x00,0x00,0x00,0x00,0x00,0x00,0x00,0x00,0x00,0x00,0x00,0x00,0x00,0x00,0x00,0x00,0xFF,0xFF,0xFF,0xFF,0xFF,0xFF,0x00,0x00,0x00,0x00,0x00,0x00,0x00,0x00,0x00,0x00,0x00,0x00,0x00,0x00,0x00,0xFF,0xFF,0xFF,0xFF,0xFF,0xFF,0xFF,0xFF,0xFF,0xFF,0xFF,
	0xFF,0x00,0x00,0x00,0x00,0x00,0x00,0x00,0x00,0x00,0x00,0x00,0x00,0x00,0x00,0x00,0x00,0x00,0x00,0x00,0x00,0x00,0x00,0x00,0x00,0x00,0x00,0x00,0x00,0x00,0x00,0x00,0x00,0x00,0x00,0x00,0x00,0x00,0x00,0x00,0xFF,0xFF,0xFF,0xFF,0x00,0x00,0x00,0x00,0x00,0x00,0x00,0x00,0x00,0x00,0x00,0x00,0x00,0x00,0x00,0x00,0x00,0xFF,0xFF,0xFF,
	0xFF,0xFF,0xFF,0xFF,0xFF,0xFF,0x00,0x00,0x00,0x00,0x00,0x00,0x00,0x00,0x00,0x00,0x00,0x00,0x00,0x00,0x00,0x00,0x00,0x00,0x00,0x00,0x00,0x00,0x00,0x00,0x00,0x00,0x00,0x00,0x00,0x00,0x00,0x00,0x00,0x00,0x00,0x00,0x00,0x00,0x00,0x00,
    };
        


const lv_img_dsc_t face_174_390_dial_img_35_303091_0 = {
    .header.magic = LV_IMAGE_HEADER_MAGIC,
    .header.w = 71,
    .header.h = 34,
    .data_size = sizeof(face_174_390_dial_img_35_303091_data_0),
    .header.cf = LV_COLOR_FORMAT_RGB565A8,
    .data = face_174_390_dial_img_35_303091_data_0};

    
// LVGL 9 format (RGB565) // LVGL_9 compatible 
const LV_ATTRIBUTE_MEM_ALIGN uint8_t face_174_390_dial_img_35_303091_data_1[] = {
	//RGB565 data 
	0x00,0x00,0x20,0x00,0xA2,0x10,0x41,0x08,0x00,0x00,0x00,0x00,0x00,0x00,0x00,0x00,0x00,0x00,0x00,0x00,0x00,0x00,0x00,0x00,0x00,0x00,0x00,0x00,0x00,0x00,0x00,0x00,0x00,0x00,0x00,0x00,0x00,0x00,0x00,0x00,0x00,0x00,0x00,0x00,0x00,0x00,0xA2,0x10,0xA2,0x10,0xA2,0x10,0xA2,0x10,0xA2,0x10,0xA2,0x10,0x41,0x08,0x00,0x00,0x00,0x00,
	0x00,0x00,0x00,0x00,0x00,0x00,0x00,0x00,0x00,0x00,0x00,0x00,0x00,0x00,0x00,0x00,0x00,0x00,0x00,0x00,0x00,0x00,0x00,0x00,0x00,0x00,0x00,0x00,0x00,0x00,0x00,0x00,0x00,0x00,0x00,0x00,0x00,0x00,0x00,0x00,0x00,0x00,0x00,0x00,0x00,0x00,0x00,0x00,0x00,0x00,0x00,0x00,0x00,0x00,0x00,0x00,0x00,0x00,0x00,0x00,0x00,0x00,0x00,0x00,
	0x00,0x00,0x00,0x00,0x00,0x00,0x00,0x00,0x00,0x00,0x00,0x00,0x00,0x00,0x00,0x00,0x00,0x00,0x00,0x00,0xA2,0x10,0xE8,0x41,0xE8,0x41,0xE8,0x41,0xE8,0x41,0xE8,0x41,0xE8,0x41,0xE8,0x41,0xE8,0x41,0xE8,0x41,0xE8,0x41,0xE8,0x41,0xE8,0x41,0xE8,0x41,0xE8,0x41,0xE8,0x41,0xE8,0x41,0xE8,0x41,0xE8,0x41,0xE8,0x41,0xE8,0x41,0xE8,0x41,
	0xE8,0x41,0xE8,0x41,0xE8,0x41,0xE8,0x41,0xE8,0x41,0x45,0x29,0xA2,0x10,0x20,0x00,0x00,0x00,0x00,0x00,0x00,0x00,0x00,0x00,0x00,0x00,0x00,0x00,0x00,0x00,0x00,0x00,0x00,0x00,0x00,0x00,0x00,0x00,0x00,0x00,0x00,0x00,0x00,0x00,0x00,0x00,0x00,0x00,0x00,0x00,0x00,0x00,0x00,0x00,0x00,0x00,0x00,0x00,0x00,0x00,0x00,0x00,0x00,0x00,
	0x00,0x00,0x00,0x00,0x00,0x00,0x00,0x00,0x00,0x00,0x00,0x00,0x00,0x00,0x00,0x00,0x00,0x00,0x00,0x00,0x00,0x00,0x00,0x00,0x00,0x00,0x00,0x00,0x00,0x00,0x00,0x00,0x20,0x00,0x4D,0x6B,0x14,0xA5,0xD7,0xBD,0x9A,0xD6,0xD7,0xBD,0xD7,0xBD,0xD7,0xBD,0xD7,0xBD,0xD7,0xBD,0xD7,0xBD,0xD7,0xBD,0xD7,0xBD,0xD7,0xBD,0xD7,0xBD,0xD7,0xBD,
	0xD7,0xBD,0xD7,0xBD,0xD7,0xBD,0xD7,0xBD,0xD7,0xBD,0xD7,0xBD,0xD7,0xBD,0xD7,0xBD,0xD7,0xBD,0xD7,0xBD,0xD7,0xBD,0x9A,0xD6,0x51,0x8C,0x45,0x29,0x41,0x08,0x00,0x00,0x00,0x00,0x00,0x00,0x00,0x00,0x00,0x00,0x00,0x00,0x00,0x00,0x00,0x00,0x00,0x00,0x00,0x00,0x00,0x00,0x00,0x00,0x00,0x00,0x00,0x00,0x00,0x00,0x00,0x00,0x00,0x00,
	0x00,0x00,0x00,0x00,0x00,0x00,0x00,0x00,0x00,0x00,0x00,0x00,0x00,0x00,0x00,0x00,0x00,0x00,0x00,0x00,0x00,0x00,0x00,0x00,0x00,0x00,0x00,0x00,0x00,0x00,0x00,0x00,0x00,0x00,0x00,0x00,0x00,0x00,0x00,0x00,0x00,0x00,0x00,0x00,0x00,0x00,0x20,0x00,0x51,0x8C,0x9A,0xD6,0xBE,0xF7,0xBE,0xF7,0xBE,0xF7,0xFF,0xFF,0xFF,0xFF,0xFF,0xFF,
	0xFF,0xFF,0xFF,0xFF,0xFF,0xFF,0xFF,0xFF,0xFF,0xFF,0xFF,0xFF,0xFF,0xFF,0xFF,0xFF,0xFF,0xFF,0xFF,0xFF,0xFF,0xFF,0xFF,0xFF,0xFF,0xFF,0xFF,0xFF,0xFF,0xFF,0xFF,0xFF,0xBE,0xF7,0xBE,0xF7,0xBE,0xF7,0xD7,0xBD,0xE8,0x41,0x41,0x08,0x00,0x00,0x00,0x00,0x00,0x00,0x00,0x00,0x00,0x00,0x00,0x00,0x00,0x00,0x41,0x08,0xA2,0x10,0xA2,0x10,
	0x45,0x29,0xA2,0x10,0xA2,0x10,0xA2,0x10,0xA2,0x10,0xA2,0x10,0xA2,0x10,0xA2,0x10,0xA2,0x10,0xA2,0x10,0xA2,0x10,0xA2,0x10,0xA2,0x10,0xA2,0x10,0xA2,0x10,0xA2,0x10,0xA2,0x10,0xA2,0x10,0xA2,0x10,0xA2,0x10,0xA2,0x10,0x45,0x29,0xA2,0x10,0xA2,0x10,0x41,0x08,0x00,0x00,0x00,0x00,0x00,0x00,0x00,0x00,0x00,0x00,0x20,0x00,0x51,0x8C,
	0x5D,0xEF,0xFF,0xFF,0xFF,0xFF,0xBE,0xF7,0x5D,0xEF,0x5D,0xEF,0x5D,0xEF,0x5D,0xEF,0x5D,0xEF,0x5D,0xEF,0x5D,0xEF,0x5D,0xEF,0x5D,0xEF,0x5D,0xEF,0x5D,0xEF,0x5D,0xEF,0x5D,0xEF,0x5D,0xEF,0x5D,0xEF,0x5D,0xEF,0x5D,0xEF,0x5D,0xEF,0x5D,0xEF,0xBE,0xF7,0xFF,0xFF,0xFF,0xFF,0xD7,0xBD,0xE8,0x41,0x41,0x08,0x00,0x00,0x00,0x00,0x00,0x00,
	0x00,0x00,0x00,0x00,0x00,0x00,0x00,0x00,0xA2,0x10,0xE8,0x41,0x4D,0x6B,0x4D,0x6B,0x4D,0x6B,0x4D,0x6B,0x4D,0x6B,0x4D,0x6B,0x4D,0x6B,0x4D,0x6B,0x4D,0x6B,0x4D,0x6B,0x4D,0x6B,0x4D,0x6B,0x4D,0x6B,0x4D,0x6B,0x4D,0x6B,0x4D,0x6B,0x4D,0x6B,0x4D,0x6B,0x4D,0x6B,0x4D,0x6B,0x4D,0x6B,0x4D,0x6B,0x4D,0x6B,0x4D,0x6B,0xE8,0x41,0x45,0x29,
	0x00,0x00,0x00,0x00,0x00,0x00,0x00,0x00,0x00,0x00,0x20,0x00,0x51,0x8C,0x5D,0xEF,0xFF,0xFF,0x5D,0xEF,0xD7,0xBD,0x14,0xA5,0x51,0x8C,0x51,0x8C,0x51,0x8C,0x51,0x8C,0x51,0x8C,0x51,0x8C,0x51,0x8C,0x51,0x8C,0x51,0x8C,0x51,0x8C,0x51,0x8C,0x51,0x8C,0x51,0x8C,0x51,0x8C,0x51,0x8C,0x51,0x8C,0x51,0x8C,0x51,0x8C,0x9A,0xD6,0xFF,0xFF,
	0xFF,0xFF,0xD7,0xBD,0xE8,0x41,0x41,0x08,0x00,0x00,0x00,0x00,0x00,0x00,0x00,0x00,0x00,0x00,0x00,0x00,0x00,0x00,0xE8,0x41,0x14,0xA5,0x5D,0xEF,0xBE,0xF7,0xBE,0xF7,0xBE,0xF7,0xBE,0xF7,0xBE,0xF7,0xBE,0xF7,0xBE,0xF7,0xBE,0xF7,0xBE,0xF7,0xBE,0xF7,0xBE,0xF7,0xBE,0xF7,0xBE,0xF7,0xBE,0xF7,0xBE,0xF7,0xBE,0xF7,0xBE,0xF7,0xBE,0xF7,
	0xBE,0xF7,0xBE,0xF7,0xBE,0xF7,0xBE,0xF7,0x5D,0xEF,0x14,0xA5,0xE8,0x41,0x20,0x00,0x00,0x00,0x00,0x00,0x00,0x00,0x00,0x00,0x20,0x00,0x51,0x8C,0x5D,0xEF,0xFF,0xFF,0x9A,0xD6,0x51,0x8C,0xE8,0x41,0x45,0x29,0x45,0x29,0x45,0x29,0x45,0x29,0x45,0x29,0xE8,0x41,0x4D,0x6B,0x14,0xA5,0xD7,0xBD,0x14,0xA5,0x4D,0x6B,0x45,0x29,0x45,0x29,
	0x45,0x29,0x45,0x29,0x45,0x29,0x45,0x29,0xE8,0x41,0x14,0xA5,0xFF,0xFF,0xFF,0xFF,0xD7,0xBD,0xE8,0x41,0x41,0x08,0x00,0x00,0x00,0x00,0x00,0x00,0x00,0x00,0x00,0x00,0x00,0x00,0x00,0x00,0xE8,0x41,0xD7,0xBD,0xFF,0xFF,0xFF,0xFF,0xFF,0xFF,0xFF,0xFF,0xFF,0xFF,0xFF,0xFF,0xFF,0xFF,0xFF,0xFF,0xFF,0xFF,0xFF,0xFF,0xFF,0xFF,0xFF,0xFF,
	0xFF,0xFF,0xFF,0xFF,0xFF,0xFF,0xFF,0xFF,0xFF,0xFF,0xFF,0xFF,0xFF,0xFF,0xFF,0xFF,0xFF,0xFF,0xFF,0xFF,0xFF,0xFF,0xFF,0xFF,0xD7,0xBD,0x4D,0x6B,0x20,0x00,0x00,0x00,0x00,0x00,0x00,0x00,0x00,0x00,0x20,0x00,0x51,0x8C,0x5D,0xEF,0xFF,0xFF,0x9A,0xD6,0x4D,0x6B,0x41,0x08,0x00,0x00,0x41,0x08,0x41,0x08,0x41,0x08,0x41,0x08,0xA2,0x10,
	0x4D,0x6B,0x5D,0xEF,0xFF,0xFF,0x9A,0xD6,0xE8,0x41,0x41,0x08,0x41,0x08,0x41,0x08,0x41,0x08,0x20,0x00,0x00,0x00,0x00,0x00,0x51,0x8C,0xFF,0xFF,0xFF,0xFF,0xD7,0xBD,0xE8,0x41,0x41,0x08,0x00,0x00,0x00,0x00,0x00,0x00,0x00,0x00,0x00,0x00,0x00,0x00,0x00,0x00,0xE8,0x41,0x51,0x8C,0x5D,0xEF,0x5D,0xEF,0x5D,0xEF,0x5D,0xEF,0x5D,0xEF,
	0x5D,0xEF,0x5D,0xEF,0x5D,0xEF,0x5D,0xEF,0x5D,0xEF,0x5D,0xEF,0x5D,0xEF,0x5D,0xEF,0x5D,0xEF,0x5D,0xEF,0x5D,0xEF,0x5D,0xEF,0x5D,0xEF,0x5D,0xEF,0x5D,0xEF,0x5D,0xEF,0x5D,0xEF,0x5D,0xEF,0x5D,0xEF,0x14,0xA5,0xE8,0x41,0x20,0x00,0x00,0x00,0x00,0x00,0x00,0x00,0x00,0x00,0x20,0x00,0x51,0x8C,0x5D,0xEF,0xFF,0xFF,0x9A,0xD6,0x4D,0x6B,
	0x41,0x08,0x45,0x29,0x51,0x8C,0x51,0x8C,0x51,0x8C,0x51,0x8C,0x14,0xA5,0xD7,0xBD,0xBE,0xF7,0xFF,0xFF,0x5D,0xEF,0xD7,0xBD,0x51,0x8C,0x51,0x8C,0x51,0x8C,0x51,0x8C,0x4D,0x6B,0x45,0x29,0x00,0x00,0x51,0x8C,0xFF,0xFF,0xFF,0xFF,0xD7,0xBD,0xE8,0x41,0x41,0x08,0x00,0x00,0x00,0x00,0x00,0x00,0x00,0x00,0x00,0x00,0x00,0x00,0x00,0x00,
	0xA2,0x10,0xE8,0x41,0x4D,0x6B,0x4D,0x6B,0x4D,0x6B,0x4D,0x6B,0x4D,0x6B,0x4D,0x6B,0x4D,0x6B,0x4D,0x6B,0x4D,0x6B,0x4D,0x6B,0x4D,0x6B,0x4D,0x6B,0x4D,0x6B,0x4D,0x6B,0x4D,0x6B,0x4D,0x6B,0x4D,0x6B,0x4D,0x6B,0x4D,0x6B,0x4D,0x6B,0x4D,0x6B,0x4D,0x6B,0x4D,0x6B,0x4D,0x6B,0xE8,0x41,0x45,0x29,0x00,0x00,0x00,0x00,0x00,0x00,0x00,0x00,
	0x00,0x00,0x20,0x00,0x51,0x8C,0x5D,0xEF,0xFF,0xFF,0x9A,0xD6,0x4D,0x6B,0x20,0x00,0xE8,0x41,0x5D,0xEF,0xBE,0xF7,0x5D,0xEF,0x5D,0xEF,0x5D,0xEF,0xBE,0xF7,0xFF,0xFF,0xFF,0xFF,0xFF,0xFF,0xBE,0xF7,0x5D,0xEF,0x5D,0xEF,0x5D,0xEF,0x5D,0xEF,0x14,0xA5,0xE8,0x41,0x00,0x00,0x51,0x8C,0xFF,0xFF,0xFF,0xFF,0xD7,0xBD,0xE8,0x41,0x41,0x08,
	0x00,0x00,0x00,0x00,0x00,0x00,0x00,0x00,0x00,0x00,0x00,0x00,0x00,0x00,0x41,0x08,0xA2,0x10,0xA2,0x10,0xA2,0x10,0xA2,0x10,0xA2,0x10,0xA2,0x10,0xA2,0x10,0xA2,0x10,0xA2,0x10,0xA2,0x10,0xA2,0x10,0xA2,0x10,0xA2,0x10,0xA2,0x10,0xA2,0x10,0xA2,0x10,0xA2,0x10,0xA2,0x10,0xA2,0x10,0xA2,0x10,0xA2,0x10,0xA2,0x10,0xA2,0x10,0xA2,0x10,
	0xA2,0x10,0xA2,0x10,0x41,0x08,0x00,0x00,0x00,0x00,0x00,0x00,0x00,0x00,0x00,0x00,0x20,0x00,0x51,0x8C,0x5D,0xEF,0xFF,0xFF,0x9A,0xD6,0x4D,0x6B,0x20,0x00,0xE8,0x41,0xFF,0xFF,0xFF,0xFF,0xFF,0xFF,0xFF,0xFF,0xFF,0xFF,0xFF,0xFF,0xFF,0xFF,0xFF,0xFF,0xFF,0xFF,0xFF,0xFF,0xFF,0xFF,0xFF,0xFF,0xFF,0xFF,0xFF,0xFF,0xD7,0xBD,0xE8,0x41,
	0x00,0x00,0x51,0x8C,0xFF,0xFF,0xFF,0xFF,0xD7,0xBD,0xE8,0x41,0x41,0x08,0x00,0x00,0x00,0x00,0x00,0x00,0x00,0x00,0x00,0x00,0x00,0x00,0x00,0x00,0x00,0x00,0x00,0x00,0x00,0x00,0x00,0x00,0x00,0x00,0x00,0x00,0x00,0x00,0x00,0x00,0x00,0x00,0x00,0x00,0x00,0x00,0x00,0x00,0x00,0x00,0x00,0x00,0x00,0x00,0x00,0x00,0x00,0x00,0x00,0x00,
	0x00,0x00,0x00,0x00,0x00,0x00,0x00,0x00,0x00,0x00,0x00,0x00,0x00,0x00,0x00,0x00,0x00,0x00,0x00,0x00,0x00,0x00,0x00,0x00,0x00,0x00,0x00,0x00,0x00,0x00,0x20,0x00,0x51,0x8C,0x5D,0xEF,0xFF,0xFF,0x9A,0xD6,0x4D,0x6B,0x41,0x08,0x45,0x29,0x51,0x8C,0x51,0x8C,0x51,0x8C,0x51,0x8C,0x51,0x8C,0xD7,0xBD,0x5D,0xEF,0xFF,0xFF,0x5D,0xEF,
	0x14,0xA5,0x51,0x8C,0x51,0x8C,0x51,0x8C,0x51,0x8C,0x4D,0x6B,0x45,0x29,0x00,0x00,0x51,0x8C,0xFF,0xFF,0xFF,0xFF,0xD7,0xBD,0xE8,0x41,0x41,0x08,0x00,0x00,0x00,0x00,0x00,0x00,0x00,0x00,0x00,0x00,0x00,0x00,0x00,0x00,0x00,0x00,0x00,0x00,0x00,0x00,0x00,0x00,0x00,0x00,0x00,0x00,0x00,0x00,0x00,0x00,0x00,0x00,0x00,0x00,0x00,0x00,
	0x00,0x00,0x00,0x00,0x00,0x00,0x00,0x00,0x00,0x00,0x00,0x00,0x00,0x00,0x00,0x00,0x00,0x00,0x00,0x00,0x00,0x00,0x00,0x00,0x00,0x00,0x00,0x00,0x00,0x00,0x00,0x00,0x00,0x00,0x00,0x00,0x00,0x00,0x00,0x00,0x00,0x00,0x00,0x00,0x20,0x00,0x51,0x8C,0x5D,0xEF,0xFF,0xFF,0x9A,0xD6,0x4D,0x6B,0xA2,0x10,0x41,0x08,0x45,0x29,0x45,0x29,
	0x45,0x29,0x45,0x29,0xE8,0x41,0x4D,0x6B,0x5D,0xEF,0xFF,0xFF,0x9A,0xD6,0x4D,0x6B,0x45,0x29,0x45,0x29,0x45,0x29,0x45,0x29,0x45,0x29,0x41,0x08,0x00,0x00,0x51,0x8C,0xFF,0xFF,0xFF,0xFF,0xD7,0xBD,0xE8,0x41,0x41,0x08,0x00,0x00,0x00,0x00,0x00,0x00,0x00,0x00,0x00,0x00,0x00,0x00,0x00,0x00,0x00,0x00,0x00,0x00,0x00,0x00,0x00,0x00,
	0x00,0x00,0x00,0x00,0x00,0x00,0x00,0x00,0x00,0x00,0x00,0x00,0x00,0x00,0x00,0x00,0x00,0x00,0x00,0x00,0x00,0x00,0x00,0x00,0x00,0x00,0x00,0x00,0x00,0x00,0x00,0x00,0x00,0x00,0x00,0x00,0x00,0x00,0x00,0x00,0x00,0x00,0x00,0x00,0x00,0x00,0x00,0x00,0x00,0x00,0x00,0x00,0x00,0x00,0x00,0x00,0x00,0x00,0x20,0x00,0x51,0x8C,0x5D,0xEF,
	0xFF,0xFF,0x9A,0xD6,0x4D,0x6B,0x45,0x29,0x45,0x29,0x45,0x29,0xE8,0x41,0x45,0x29,0x45,0x29,0xE8,0x41,0x4D,0x6B,0x5D,0xEF,0xFF,0xFF,0x9A,0xD6,0x4D,0x6B,0x45,0x29,0x45,0x29,0x45,0x29,0x45,0x29,0xE8,0x41,0xA2,0x10,0x20,0x00,0x51,0x8C,0xFF,0xFF,0xFF,0xFF,0xD7,0xBD,0xE8,0x41,0x41,0x08,0x00,0x00,0x00,0x00,0x00,0x00,0x00,0x00,
	0x00,0x00,0x00,0x00,0x00,0x00,0x00,0x00,0x00,0x00,0x00,0x00,0x00,0x00,0x00,0x00,0x00,0x00,0x00,0x00,0x00,0x00,0x00,0x00,0x00,0x00,0x00,0x00,0x00,0x00,0x00,0x00,0x00,0x00,0x00,0x00,0x00,0x00,0x00,0x00,0x00,0x00,0x00,0x00,0x00,0x00,0x00,0x00,0x00,0x00,0x00,0x00,0x00,0x00,0x00,0x00,0x00,0x00,0x00,0x00,0x00,0x00,0x00,0x00,
	0x00,0x00,0x00,0x00,0x00,0x00,0x00,0x00,0x20,0x00,0x51,0x8C,0x5D,0xEF,0xFF,0xFF,0xD7,0xBD,0x51,0x8C,0x4D,0x6B,0x51,0x8C,0x14,0xA5,0x14,0xA5,0x14,0xA5,0x14,0xA5,0x14,0xA5,0xD7,0xBD,0xBE,0xF7,0xFF,0xFF,0x5D,0xEF,0xD7,0xBD,0x51,0x8C,0x14,0xA5,0x14,0xA5,0x14,0xA5,0x14,0xA5,0x4D,0x6B,0x45,0x29,0x14,0xA5,0xFF,0xFF,0xFF,0xFF,
	0xD7,0xBD,0xE8,0x41,0x41,0x08,0x00,0x00,0x00,0x00,0x00,0x00,0x00,0x00,0x00,0x00,0x00,0x00,0x00,0x00,0x00,0x00,0x00,0x00,0x00,0x00,0x00,0x00,0x00,0x00,0x00,0x00,0x00,0x00,0x00,0x00,0x00,0x00,0x00,0x00,0x00,0x00,0x00,0x00,0x00,0x00,0x00,0x00,0x00,0x00,0x00,0x00,0x00,0x00,0x00,0x00,0x00,0x00,0x00,0x00,0x00,0x00,0x00,0x00,
	0x00,0x00,0x00,0x00,0x00,0x00,0x00,0x00,0x00,0x00,0x00,0x00,0x00,0x00,0x00,0x00,0x00,0x00,0x00,0x00,0x00,0x00,0x20,0x00,0x51,0x8C,0x5D,0xEF,0xFF,0xFF,0xD7,0xBD,0x51,0x8C,0x14,0xA5,0x9A,0xD6,0xFF,0xFF,0xFF,0xFF,0xFF,0xFF,0xFF,0xFF,0xFF,0xFF,0xFF,0xFF,0xFF,0xFF,0xFF,0xFF,0xFF,0xFF,0xFF,0xFF,0xFF,0xFF,0xFF,0xFF,0xFF,0xFF,
	0xFF,0xFF,0xFF,0xFF,0x9A,0xD6,0xE8,0x41,0x14,0xA5,0xFF,0xFF,0xFF,0xFF,0xD7,0xBD,0xE8,0x41,0x41,0x08,0x00,0x00,0x00,0x00,0x00,0x00,0x00,0x00,0x00,0x00,0x00,0x00,0x00,0x00,0x00,0x00,0x00,0x00,0x00,0x00,0x00,0x00,0x00,0x00,0x00,0x00,0x00,0x00,0x00,0x00,0x00,0x00,0x00,0x00,0x00,0x00,0x00,0x00,0x00,0x00,0x00,0x00,0x00,0x00,
	0x00,0x00,0x00,0x00,0x00,0x00,0x00,0x00,0x00,0x00,0x00,0x00,0x00,0x00,0x00,0x00,0x00,0x00,0x00,0x00,0x00,0x00,0x00,0x00,0x00,0x00,0x00,0x00,0x00,0x00,0x00,0x00,0x00,0x00,0x00,0x00,0x20,0x00,0x51,0x8C,0x5D,0xEF,0xFF,0xFF,0xD7,0xBD,0x51,0x8C,0x14,0xA5,0xD7,0xBD,0x5D,0xEF,0x5D,0xEF,0x5D,0xEF,0x5D,0xEF,0x5D,0xEF,0x5D,0xEF,
	0x5D,0xEF,0x5D,0xEF,0x5D,0xEF,0x5D,0xEF,0x5D,0xEF,0x5D,0xEF,0x5D,0xEF,0x5D,0xEF,0x5D,0xEF,0xD7,0xBD,0xE8,0x41,0x14,0xA5,0xFF,0xFF,0xFF,0xFF,0xD7,0xBD,0xE8,0x41,0x41,0x08,0x00,0x00,0x00,0x00,0x00,0x00,0x00,0x00,0x00,0x00,0x00,0x00,0x00,0x00,0x00,0x00,0x00,0x00,0x00,0x00,0x00,0x00,0x00,0x00,0x00,0x00,0x00,0x00,0x00,0x00,
	0x00,0x00,0x00,0x00,0x00,0x00,0x00,0x00,0x00,0x00,0x00,0x00,0x00,0x00,0x00,0x00,0x00,0x00,0x00,0x00,0x00,0x00,0x00,0x00,0x00,0x00,0x00,0x00,0x00,0x00,0x00,0x00,0x00,0x00,0x00,0x00,0x00,0x00,0x00,0x00,0x00,0x00,0x00,0x00,0x00,0x00,0x00,0x00,0x00,0x00,0x20,0x00,0x51,0x8C,0x5D,0xEF,0xFF,0xFF,0xD7,0xBD,0x51,0x8C,0x4D,0x6B,
	0x4D,0x6B,0x51,0x8C,0x51,0x8C,0x51,0x8C,0x51,0x8C,0x51,0x8C,0x51,0x8C,0x51,0x8C,0x51,0x8C,0x51,0x8C,0x51,0x8C,0x51,0x8C,0x51,0x8C,0x51,0x8C,0x51,0x8C,0x51,0x8C,0x4D,0x6B,0x45,0x29,0x51,0x8C,0xFF,0xFF,0xFF,0xFF,0xD7,0xBD,0xE8,0x41,0x41,0x08,0x00,0x00,0x00,0x00,0x00,0x00,0x00,0x00,0x00,0x00,0x00,0x00,0x00,0x00,0x00,0x00,
	0x00,0x00,0x00,0x00,0x00,0x00,0x00,0x00,0x00,0x00,0x00,0x00,0x00,0x00,0x00,0x00,0x00,0x00,0x00,0x00,0x00,0x00,0x00,0x00,0x00,0x00,0x00,0x00,0x00,0x00,0x00,0x00,0x00,0x00,0x00,0x00,0x00,0x00,0x00,0x00,0x00,0x00,0x00,0x00,0x00,0x00,0x00,0x00,0x00,0x00,0x00,0x00,0x00,0x00,0x00,0x00,0x00,0x00,0x00,0x00,0x00,0x00,0x00,0x00,
	0x20,0x00,0x14,0xA5,0xFF,0xFF,0xFF,0xFF,0x9A,0xD6,0x4D,0x6B,0xA2,0x10,0x20,0x00,0x00,0x00,0x00,0x00,0x00,0x00,0x00,0x00,0x00,0x00,0x00,0x00,0x00,0x00,0x00,0x00,0x00,0x00,0x00,0x00,0x00,0x00,0x00,0x00,0x00,0x00,0x00,0x00,0x20,0x00,0x20,0x00,0x00,0x00,0x51,0x8C,0xFF,0xFF,0xFF,0xFF,0xD7,0xBD,0xE8,0x41,0x41,0x08,0x00,0x00,
	0x00,0x00,0x00,0x00,0x00,0x00,0x00,0x00,0x00,0x00,0x00,0x00,0x00,0x00,0x00,0x00,0x00,0x00,0x00,0x00,0x00,0x00,0x00,0x00,0x00,0x00,0x00,0x00,0x00,0x00,0x00,0x00,0x00,0x00,0x00,0x00,0x00,0x00,0x00,0x00,0x00,0x00,0x00,0x00,0x00,0x00,0x00,0x00,0x00,0x00,0x00,0x00,0x00,0x00,0x00,0x00,0x00,0x00,0x00,0x00,0x00,0x00,0x00,0x00,
	0x00,0x00,0x00,0x00,0x00,0x00,0x00,0x00,0x00,0x00,0x00,0x00,0x00,0x00,0x20,0x00,0x14,0xA5,0xFF,0xFF,0xFF,0xFF,0xD7,0xBD,0xE8,0x41,0x20,0x00,0x45,0x29,0x51,0x8C,0x51,0x8C,0x51,0x8C,0x51,0x8C,0x51,0x8C,0x51,0x8C,0x51,0x8C,0x51,0x8C,0x51,0x8C,0x51,0x8C,0x51,0x8C,0x51,0x8C,0x51,0x8C,0x51,0x8C,0xE8,0x41,0x20,0x00,0x00,0x00,
	0x51,0x8C,0xFF,0xFF,0xFF,0xFF,0xD7,0xBD,0xE8,0x41,0x41,0x08,0x00,0x00,0x00,0x00,0x00,0x00,0x00,0x00,0x00,0x00,0x00,0x00,0x00,0x00,0x00,0x00,0x00,0x00,0x00,0x00,0x00,0x00,0x00,0x00,0x00,0x00,0x00,0x00,0x00,0x00,0x00,0x00,0x00,0x00,0x00,0x00,0x00,0x00,0x00,0x00,0x00,0x00,0x00,0x00,0x00,0x00,0x00,0x00,0x00,0x00,0x00,0x00,
	0x00,0x00,0x00,0x00,0x00,0x00,0x00,0x00,0x00,0x00,0x00,0x00,0x00,0x00,0x00,0x00,0x00,0x00,0x00,0x00,0x00,0x00,0x00,0x00,0x00,0x00,0x00,0x00,0x20,0x00,0xD7,0xBD,0xFF,0xFF,0xFF,0xFF,0x14,0xA5,0xE8,0x41,0x00,0x00,0x4D,0x6B,0xFF,0xFF,0xFF,0xFF,0xFF,0xFF,0xFF,0xFF,0xFF,0xFF,0xFF,0xFF,0xFF,0xFF,0xFF,0xFF,0xFF,0xFF,0xFF,0xFF,
	0xFF,0xFF,0xFF,0xFF,0xFF,0xFF,0xFF,0xFF,0x51,0x8C,0xA2,0x10,0x00,0x00,0x51,0x8C,0xFF,0xFF,0xFF,0xFF,0xD7,0xBD,0xE8,0x41,0x41,0x08,0x00,0x00,0x00,0x00,0x00,0x00,0x00,0x00,0x00,0x00,0x00,0x00,0x00,0x00,0x00,0x00,0x00,0x00,0x00,0x00,0x00,0x00,0x00,0x00,0x00,0x00,0x00,0x00,0x00,0x00,0x00,0x00,0x00,0x00,0x00,0x00,0x00,0x00,
	0x00,0x00,0x00,0x00,0x00,0x00,0x00,0x00,0x00,0x00,0x00,0x00,0x00,0x00,0x00,0x00,0x00,0x00,0x00,0x00,0x00,0x00,0x00,0x00,0x00,0x00,0x00,0x00,0x00,0x00,0x00,0x00,0x00,0x00,0x00,0x00,0x00,0x00,0x00,0x00,0x00,0x00,0x20,0x00,0xD7,0xBD,0xFF,0xFF,0xFF,0xFF,0x14,0xA5,0x45,0x29,0x00,0x00,0x4D,0x6B,0xFF,0xFF,0xFF,0xFF,0xFF,0xFF,
	0xFF,0xFF,0xFF,0xFF,0xFF,0xFF,0xFF,0xFF,0xFF,0xFF,0xFF,0xFF,0xFF,0xFF,0xFF,0xFF,0xFF,0xFF,0xFF,0xFF,0xFF,0xFF,0x51,0x8C,0xA2,0x10,0x00,0x00,0x51,0x8C,0xFF,0xFF,0xFF,0xFF,0xD7,0xBD,0xE8,0x41,0x41,0x08,0x00,0x00,0x00,0x00,0x00,0x00,0x00,0x00,0x00,0x00,0x00,0x00,0x00,0x00,0x00,0x00,0x00,0x00,0x00,0x00,0x00,0x00,0x00,0x00,
	0x00,0x00,0x00,0x00,0x00,0x00,0x00,0x00,0x00,0x00,0x00,0x00,0x00,0x00,0x00,0x00,0x00,0x00,0x00,0x00,0x00,0x00,0x00,0x00,0x00,0x00,0x00,0x00,0x00,0x00,0x00,0x00,0x00,0x00,0x00,0x00,0x00,0x00,0x00,0x00,0x00,0x00,0x00,0x00,0x00,0x00,0x00,0x00,0x00,0x00,0x00,0x00,0x00,0x00,0x00,0x00,0xA2,0x10,0xD7,0xBD,0xFF,0xFF,0xFF,0xFF,
	0x14,0xA5,0x45,0x29,0x00,0x00,0x4D,0x6B,0xFF,0xFF,0xFF,0xFF,0xBE,0xF7,0xD7,0xBD,0x14,0xA5,0x14,0xA5,0x14,0xA5,0x14,0xA5,0x14,0xA5,0x14,0xA5,0x14,0xA5,0xBE,0xF7,0xFF,0xFF,0xBE,0xF7,0x51,0x8C,0xA2,0x10,0x00,0x00,0x51,0x8C,0xFF,0xFF,0xFF,0xFF,0xD7,0xBD,0xE8,0x41,0x41,0x08,0x00,0x00,0x00,0x00,0x00,0x00,0x00,0x00,0x00,0x00,
	0x00,0x00,0x00,0x00,0x00,0x00,0x00,0x00,0x00,0x00,0x00,0x00,0x00,0x00,0x00,0x00,0x00,0x00,0x00,0x00,0x00,0x00,0x00,0x00,0x00,0x00,0x00,0x00,0x00,0x00,0x00,0x00,0x00,0x00,0x00,0x00,0x00,0x00,0x00,0x00,0x00,0x00,0x00,0x00,0x00,0x00,0x00,0x00,0x00,0x00,0x00,0x00,0x00,0x00,0x00,0x00,0x00,0x00,0x00,0x00,0x00,0x00,0x00,0x00,
	0x00,0x00,0x00,0x00,0x41,0x08,0xE8,0x41,0xD7,0xBD,0xFF,0xFF,0xFF,0xFF,0x51,0x8C,0x41,0x08,0x00,0x00,0x4D,0x6B,0xFF,0xFF,0xFF,0xFF,0x9A,0xD6,0x4D,0x6B,0xA2,0x10,0x00,0x00,0x00,0x00,0x00,0x00,0x00,0x00,0x00,0x00,0x45,0x29,0x5D,0xEF,0xFF,0xFF,0xBE,0xF7,0x51,0x8C,0xA2,0x10,0x00,0x00,0x51,0x8C,0xFF,0xFF,0xFF,0xFF,0xD7,0xBD,
	0xE8,0x41,0x41,0x08,0x00,0x00,0x00,0x00,0x00,0x00,0x00,0x00,0x00,0x00,0x00,0x00,0x00,0x00,0x00,0x00,0x00,0x00,0x00,0x00,0x00,0x00,0x00,0x00,0x00,0x00,0x00,0x00,0x00,0x00,0x00,0x00,0x00,0x00,0x00,0x00,0x00,0x00,0x00,0x00,0x00,0x00,0x00,0x00,0x00,0x00,0x00,0x00,0x00,0x00,0x00,0x00,0x00,0x00,0x00,0x00,0x00,0x00,0x00,0x00,
	0x00,0x00,0x00,0x00,0x00,0x00,0x00,0x00,0x00,0x00,0x00,0x00,0x00,0x00,0x00,0x00,0x00,0x00,0xA2,0x10,0x4D,0x6B,0x9A,0xD6,0xFF,0xFF,0xFF,0xFF,0x51,0x8C,0x20,0x00,0x00,0x00,0x4D,0x6B,0xFF,0xFF,0xFF,0xFF,0x5D,0xEF,0x4D,0x6B,0x45,0x29,0xA2,0x10,0xA2,0x10,0xA2,0x10,0xA2,0x10,0x41,0x08,0xE8,0x41,0x5D,0xEF,0xFF,0xFF,0xBE,0xF7,
	0x51,0x8C,0xA2,0x10,0x00,0x00,0x51,0x8C,0xFF,0xFF,0xFF,0xFF,0xD7,0xBD,0xE8,0x41,0x41,0x08,0x00,0x00,0x00,0x00,0x00,0x00,0x00,0x00,0x00,0x00,0x00,0x00,0x00,0x00,0x00,0x00,0x00,0x00,0x00,0x00,0x00,0x00,0x00,0x00,0x00,0x00,0x00,0x00,0x00,0x00,0x00,0x00,0x00,0x00,0x00,0x00,0x00,0x00,0x00,0x00,0x00,0x00,0x00,0x00,0x00,0x00,
	0x00,0x00,0x00,0x00,0x00,0x00,0x00,0x00,0x00,0x00,0x00,0x00,0x00,0x00,0x00,0x00,0x00,0x00,0x00,0x00,0x00,0x00,0x00,0x00,0x00,0x00,0x00,0x00,0x00,0x00,0x00,0x00,0x45,0x29,0x4D,0x6B,0x9A,0xD6,0xFF,0xFF,0xBE,0xF7,0x4D,0x6B,0x00,0x00,0x00,0x00,0x4D,0x6B,0xFF,0xFF,0xFF,0xFF,0x5D,0xEF,0x14,0xA5,0x51,0x8C,0x4D,0x6B,0x4D,0x6B,
	0x4D,0x6B,0x4D,0x6B,0x4D,0x6B,0x51,0x8C,0x5D,0xEF,0xFF,0xFF,0xFF,0xFF,0x51,0x8C,0xA2,0x10,0x00,0x00,0x51,0x8C,0xFF,0xFF,0xFF,0xFF,0xD7,0xBD,0xE8,0x41,0x41,0x08,0x00,0x00,0x00,0x00,0x00,0x00,0x00,0x00,0x20,0x00,0x20,0x00,0x41,0x08,0x41,0x08,0x41,0x08,0x41,0x08,0x41,0x08,0x41,0x08,0x41,0x08,0x41,0x08,0x41,0x08,0x41,0x08,
	0x41,0x08,0x41,0x08,0x41,0x08,0x41,0x08,0x41,0x08,0x41,0x08,0x41,0x08,0x41,0x08,0x41,0x08,0x41,0x08,0x41,0x08,0x41,0x08,0x41,0x08,0x41,0x08,0x41,0x08,0x41,0x08,0x41,0x08,0x41,0x08,0x41,0x08,0x41,0x08,0x20,0x00,0x20,0x00,0x00,0x00,0x45,0x29,0x14,0xA5,0x5D,0xEF,0xFF,0xFF,0x9A,0xD6,0x4D,0x6B,0x00,0x00,0x00,0x00,0x4D,0x6B,
	0xFF,0xFF,0xFF,0xFF,0xFF,0xFF,0xBE,0xF7,0xBE,0xF7,0xBE,0xF7,0xBE,0xF7,0xBE,0xF7,0xBE,0xF7,0xBE,0xF7,0xBE,0xF7,0xFF,0xFF,0xFF,0xFF,0xFF,0xFF,0x51,0x8C,0xA2,0x10,0x00,0x00,0x51,0x8C,0xFF,0xFF,0xFF,0xFF,0xD7,0xBD,0xE8,0x41,0x41,0x08,0x00,0x00,0x00,0x00,0x00,0x00,0x00,0x00,0xA2,0x10,0x45,0x29,0x45,0x29,0x45,0x29,0x45,0x29,
	0x45,0x29,0x45,0x29,0x45,0x29,0x45,0x29,0x45,0x29,0x45,0x29,0x45,0x29,0x45,0x29,0x45,0x29,0x45,0x29,0x45,0x29,0x45,0x29,0x45,0x29,0x45,0x29,0x45,0x29,0x45,0x29,0x45,0x29,0x45,0x29,0x45,0x29,0x45,0x29,0x45,0x29,0x45,0x29,0x45,0x29,0x45,0x29,0x45,0x29,0x45,0x29,0x45,0x29,0x45,0x29,0xA2,0x10,0x00,0x00,0xE8,0x41,0xD7,0xBD,
	0xBE,0xF7,0xBE,0xF7,0x14,0xA5,0xE8,0x41,0x00,0x00,0x00,0x00,0x4D,0x6B,0x5D,0xEF,0xBE,0xF7,0x5D,0xEF,0xBE,0xF7,0xBE,0xF7,0xBE,0xF7,0xBE,0xF7,0xBE,0xF7,0xBE,0xF7,0xBE,0xF7,0xBE,0xF7,0x5D,0xEF,0x5D,0xEF,0x5D,0xEF,0x4D,0x6B,0xA2,0x10,0x00,0x00,0x51,0x8C,0xFF,0xFF,0xFF,0xFF,0xD7,0xBD,0xE8,0x41,0x41,0x08,0x00,0x00,0x00,0x00,
	0x00,0x00,0x20,0x00,0xE8,0x41,0x4D,0x6B,0x14,0xA5,0x14,0xA5,0x14,0xA5,0x14,0xA5,0x14,0xA5,0x14,0xA5,0x14,0xA5,0x14,0xA5,0x14,0xA5,0x14,0xA5,0x14,0xA5,0x14,0xA5,0x14,0xA5,0x14,0xA5,0x14,0xA5,0x14,0xA5,0x14,0xA5,0x14,0xA5,0x14,0xA5,0x14,0xA5,0x14,0xA5,0x14,0xA5,0x14,0xA5,0x14,0xA5,0x14,0xA5,0x14,0xA5,0x14,0xA5,0x14,0xA5,
	0x14,0xA5,0x14,0xA5,0x4D,0x6B,0xE8,0x41,0x20,0x00,0x4D,0x6B,0x5D,0xEF,0xFF,0xFF,0x5D,0xEF,0x51,0x8C,0x45,0x29,0x00,0x00,0x00,0x00,0xE8,0x41,0xD7,0xBD,0xD7,0xBD,0x14,0xA5,0x14,0xA5,0x14,0xA5,0x14,0xA5,0x14,0xA5,0x14,0xA5,0x14,0xA5,0x14,0xA5,0x14,0xA5,0xD7,0xBD,0xD7,0xBD,0x14,0xA5,0x4D,0x6B,0xA2,0x10,0x00,0x00,0x51,0x8C,
	0xFF,0xFF,0xFF,0xFF,0xD7,0xBD,0xE8,0x41,0x41,0x08,0x00,0x00,0x00,0x00,0x00,0x00,0x41,0x08,0x4D,0x6B,0xD7,0xBD,0xFF,0xFF,0xFF,0xFF,0xFF,0xFF,0xFF,0xFF,0xFF,0xFF,0xFF,0xFF,0xFF,0xFF,0xFF,0xFF,0xFF,0xFF,0xFF,0xFF,0xFF,0xFF,0xFF,0xFF,0xFF,0xFF,0xFF,0xFF,0xFF,0xFF,0xFF,0xFF,0xFF,0xFF,0xFF,0xFF,0xFF,0xFF,0xFF,0xFF,0xFF,0xFF,
	0xFF,0xFF,0xFF,0xFF,0xFF,0xFF,0xFF,0xFF,0xFF,0xFF,0xFF,0xFF,0xFF,0xFF,0xFF,0xFF,0xFF,0xFF,0xD7,0xBD,0x51,0x8C,0x45,0x29,0x51,0x8C,0xFF,0xFF,0xFF,0xFF,0x9A,0xD6,0xE8,0x41,0xA2,0x10,0x00,0x00,0x00,0x00,0x41,0x08,0x45,0x29,0x45,0x29,0x45,0x29,0x45,0x29,0x45,0x29,0x45,0x29,0x45,0x29,0x45,0x29,0x45,0x29,0x45,0x29,0x45,0x29,
	0xE8,0x41,0xE8,0x41,0xE8,0x41,0x45,0x29,0x41,0x08,0x20,0x00,0x51,0x8C,0xFF,0xFF,0xFF,0xFF,0xD7,0xBD,0xE8,0x41,0x41,0x08,0x00,0x00,0x00,0x00,0x00,0x00,0x41,0x08,0x4D,0x6B,0x9A,0xD6,0xFF,0xFF,0xFF,0xFF,0xFF,0xFF,0xFF,0xFF,0xFF,0xFF,0xFF,0xFF,0xFF,0xFF,0xFF,0xFF,0xFF,0xFF,0xFF,0xFF,0xFF,0xFF,0xFF,0xFF,0xFF,0xFF,0xFF,0xFF,
	0xFF,0xFF,0xFF,0xFF,0xFF,0xFF,0xFF,0xFF,0xFF,0xFF,0xFF,0xFF,0xFF,0xFF,0xFF,0xFF,0xFF,0xFF,0xFF,0xFF,0xFF,0xFF,0xFF,0xFF,0xFF,0xFF,0xFF,0xFF,0xFF,0xFF,0xFF,0xFF,0xD7,0xBD,0x51,0x8C,0xE8,0x41,0x14,0xA5,0xFF,0xFF,0xFF,0xFF,0xD7,0xBD,0x45,0x29,0x20,0x00,0x00,0x00,0x00,0x00,0x00,0x00,0x00,0x00,0x00,0x00,0x00,0x00,0x00,0x00,
	0x00,0x00,0x00,0x00,0x00,0x00,0x00,0x00,0x00,0x00,0x00,0x00,0x00,0x00,0x41,0x08,0xE8,0x41,0x4D,0x6B,0x4D,0x6B,0x4D,0x6B,0x4D,0x6B,0xD7,0xBD,0xFF,0xFF,0xFF,0xFF,0xD7,0xBD,0xE8,0x41,0x41,0x08,0x00,0x00,0x00,0x00,0x00,0x00,0x20,0x00,0xE8,0x41,0x51,0x8C,0xD7,0xBD,0xD7,0xBD,0xD7,0xBD,0xD7,0xBD,0xD7,0xBD,0xD7,0xBD,0xD7,0xBD,
	0xD7,0xBD,0xD7,0xBD,0xD7,0xBD,0xD7,0xBD,0xD7,0xBD,0xD7,0xBD,0xD7,0xBD,0xD7,0xBD,0xD7,0xBD,0xD7,0xBD,0xD7,0xBD,0xD7,0xBD,0xD7,0xBD,0xD7,0xBD,0xD7,0xBD,0xD7,0xBD,0xD7,0xBD,0xD7,0xBD,0xD7,0xBD,0xD7,0xBD,0xD7,0xBD,0xD7,0xBD,0xD7,0xBD,0x51,0x8C,0x4D,0x6B,0x51,0x8C,0xD7,0xBD,0xFF,0xFF,0xFF,0xFF,0x14,0xA5,0x41,0x08,0x00,0x00,
	0x00,0x00,0x00,0x00,0x00,0x00,0x00,0x00,0x00,0x00,0x00,0x00,0x00,0x00,0x00,0x00,0x00,0x00,0x00,0x00,0x00,0x00,0x00,0x00,0x00,0x00,0x20,0x00,0xA2,0x10,0x51,0x8C,0xFF,0xFF,0xFF,0xFF,0xFF,0xFF,0xFF,0xFF,0xFF,0xFF,0xFF,0xFF,0xFF,0xFF,0xD7,0xBD,0xE8,0x41,0x41,0x08,0x00,0x00,0x00,0x00,0x00,0x00,0x00,0x00,0x00,0x00,0x20,0x00,
	0x20,0x00,0x20,0x00,0x20,0x00,0x20,0x00,0x20,0x00,0x20,0x00,0x20,0x00,0x20,0x00,0x20,0x00,0x20,0x00,0x20,0x00,0x20,0x00,0x20,0x00,0x20,0x00,0x20,0x00,0x20,0x00,0x20,0x00,0x20,0x00,0x20,0x00,0x20,0x00,0x20,0x00,0x20,0x00,0x20,0x00,0x20,0x00,0x20,0x00,0x20,0x00,0x20,0x00,0x20,0x00,0x20,0x00,0x20,0x00,0x20,0x00,0x20,0x00,
	0xE8,0x41,0x4D,0x6B,0x9A,0xD6,0xD7,0xBD,0x4D,0x6B,0x20,0x00,0x00,0x00,0x00,0x00,0x00,0x00,0x00,0x00,0x00,0x00,0x00,0x00,0x00,0x00,0x00,0x00,0x00,0x00,0x00,0x00,0x00,0x00,0x00,0x00,0x00,0x00,0x00,0x00,0x00,0x00,0x41,0x08,0x51,0x8C,0xFF,0xFF,0xFF,0xFF,0xFF,0xFF,0xFF,0xFF,0xFF,0xFF,0xFF,0xFF,0x9A,0xD6,0x51,0x8C,0xA2,0x10,
	0x20,0x00,0x00,0x00,0x00,0x00,0x00,0x00,0x00,0x00,0x00,0x00,0x00,0x00,0x00,0x00,0x00,0x00,0x00,0x00,0x00,0x00,0x00,0x00,0x00,0x00,0x00,0x00,0x00,0x00,0x00,0x00,0x00,0x00,0x00,0x00,0x00,0x00,0x00,0x00,0x00,0x00,0x00,0x00,0x00,0x00,0x00,0x00,0x00,0x00,0x00,0x00,0x00,0x00,0x00,0x00,0x00,0x00,0x00,0x00,0x00,0x00,0x00,0x00,
	0x00,0x00,0x00,0x00,0x00,0x00,0x00,0x00,0x00,0x00,0x00,0x00,0x00,0x00,0x00,0x00,0x45,0x29,0x51,0x8C,0x4D,0x6B,0x45,0x29,0x00,0x00,0x00,0x00,0x00,0x00,0x00,0x00,0x00,0x00,0x00,0x00,0x00,0x00,0x00,0x00,0x00,0x00,0x00,0x00,0x00,0x00,0x00,0x00,0x00,0x00,0x00,0x00,0x00,0x00,0x00,0x00,0x00,0x00,0xE8,0x41,0x9A,0xD6,0x9A,0xD6,
	0x9A,0xD6,0x9A,0xD6,0x9A,0xD6,0xD7,0xBD,0x51,0x8C,0xE8,0x41,0x00,0x00,0x00,0x00,0x00,0x00,0x00,0x00,0x00,0x00,0x00,0x00,0x00,0x00,0x00,0x00,0x00,0x00,0x00,0x00,0x00,0x00,0x00,0x00,0x00,0x00,0x00,0x00,0x00,0x00,0x00,0x00,0x00,0x00,0x00,0x00,0x00,0x00,0x00,0x00,0x00,0x00,0x00,0x00,0x00,0x00,0x00,0x00,0x00,0x00,0x00,0x00,
	0x00,0x00,0x00,0x00,0x00,0x00,0x00,0x00,0x00,0x00,0x00,0x00,0x00,0x00,0x00,0x00,0x00,0x00,0x00,0x00,0x00,0x00,0x00,0x00,0x00,0x00,0x00,0x00,

	// Alpha Channel 
	0x00,0xFF,0xFF,0xFF,0x00,0x00,0x00,0x00,0x00,0x00,0x00,0x00,0x00,0x00,0x00,0x00,0x00,0x00,0x00,0x00,0x00,0x00,0x00,0xFF,0xFF,0xFF,0xFF,0xFF,0xFF,0xFF,0x00,0x00,0x00,0x00,0x00,0x00,0x00,0x00,0x00,0x00,0x00,0x00,0x00,0x00,0x00,0x00,0x00,0x00,0x00,0x00,0x00,0x00,0x00,0x00,0x00,0x00,0x00,0x00,0x00,0x00,0x00,0x00,0x00,0x00,
	0x00,0x00,0x00,0x00,0x00,0x00,0x00,0x00,0x00,0x00,0xFF,0xFF,0xFF,0xFF,0xFF,0xFF,0xFF,0xFF,0xFF,0xFF,0xFF,0xFF,0xFF,0xFF,0xFF,0xFF,0xFF,0xFF,0xFF,0xFF,0xFF,0xFF,0xFF,0xFF,0xFF,0xFF,0xFF,0xFF,0xFF,0xFF,0x00,0x00,0x00,0x00,0x00,0x00,0x00,0x00,0x00,0x00,0x00,0x00,0x00,0x00,0x00,0x00,0x00,0x00,0x00,0x00,0x00,0x00,0x00,0x00,
	0x00,0x00,0x00,0x00,0x00,0x00,0x00,0x00,0x00,0x00,0x00,0x00,0x00,0x00,0x00,0x00,0xFF,0xFF,0xFF,0xFF,0xFF,0xFF,0xFF,0xFF,0xFF,0xFF,0xFF,0xFF,0xFF,0xFF,0xFF,0xFF,0xFF,0xFF,0xFF,0xFF,0xFF,0xFF,0xFF,0xFF,0xFF,0xFF,0xFF,0xFF,0xFF,0xFF,0xFF,0x00,0x00,0x00,0x00,0x00,0x00,0x00,0x00,0x00,0x00,0x00,0x00,0x00,0x00,0x00,0x00,0x00,
	0x00,0x00,0x00,0x00,0x00,0x00,0x00,0x00,0x00,0x00,0x00,0x00,0x00,0x00,0x00,0x00,0x00,0x00,0x00,0x00,0x00,0x00,0x00,0xFF,0xFF,0xFF,0xFF,0xFF,0xFF,0xFF,0xFF,0xFF,0xFF,0xFF,0xFF,0xFF,0xFF,0xFF,0xFF,0xFF,0xFF,0xFF,0xFF,0xFF,0xFF,0xFF,0xFF,0xFF,0xFF,0xFF,0xFF,0xFF,0xFF,0xFF,0x00,0x00,0x00,0x00,0x00,0x00,0x00,0xFF,0xFF,0xFF,
	0xFF,0xFF,0xFF,0xFF,0xFF,0xFF,0xFF,0xFF,0xFF,0xFF,0xFF,0xFF,0xFF,0xFF,0xFF,0xFF,0xFF,0xFF,0xFF,0xFF,0xFF,0xFF,0xFF,0xFF,0xFF,0x00,0x00,0x00,0x00,0x00,0xFF,0xFF,0xFF,0xFF,0xFF,0xFF,0xFF,0xFF,0xFF,0xFF,0xFF,0xFF,0xFF,0xFF,0xFF,0xFF,0xFF,0xFF,0xFF,0xFF,0xFF,0xFF,0xFF,0xFF,0xFF,0xFF,0xFF,0xFF,0xFF,0xFF,0xFF,0x00,0x00,0x00,
	0x00,0x00,0x00,0x00,0xFF,0xFF,0xFF,0xFF,0xFF,0xFF,0xFF,0xFF,0xFF,0xFF,0xFF,0xFF,0xFF,0xFF,0xFF,0xFF,0xFF,0xFF,0xFF,0xFF,0xFF,0xFF,0xFF,0xFF,0xFF,0xFF,0xFF,0xFF,0x00,0x00,0x00,0x00,0x00,0xFF,0xFF,0xFF,0xFF,0xFF,0xFF,0xFF,0xFF,0xFF,0xFF,0xFF,0xFF,0xFF,0xFF,0xFF,0xFF,0xFF,0xFF,0xFF,0xFF,0xFF,0xFF,0xFF,0xFF,0xFF,0xFF,0xFF,
	0xFF,0xFF,0xFF,0xFF,0x00,0x00,0x00,0x00,0x00,0x00,0x00,0xFF,0xFF,0xFF,0xFF,0xFF,0xFF,0xFF,0xFF,0xFF,0xFF,0xFF,0xFF,0xFF,0xFF,0xFF,0xFF,0xFF,0xFF,0xFF,0xFF,0xFF,0xFF,0xFF,0xFF,0xFF,0xFF,0xFF,0xFF,0xFF,0x00,0x00,0x00,0x00,0xFF,0xFF,0xFF,0xFF,0xFF,0xFF,0xFF,0xFF,0xFF,0xFF,0xFF,0xFF,0xFF,0xFF,0xFF,0xFF,0xFF,0xFF,0xFF,0xFF,
	0xFF,0xFF,0xFF,0xFF,0xFF,0xFF,0xFF,0xFF,0xFF,0xFF,0xFF,0x00,0x00,0x00,0x00,0x00,0x00,0x00,0xFF,0xFF,0xFF,0xFF,0xFF,0xFF,0xFF,0xFF,0xFF,0xFF,0xFF,0xFF,0xFF,0xFF,0xFF,0xFF,0xFF,0xFF,0xFF,0xFF,0xFF,0xFF,0xFF,0xFF,0xFF,0xFF,0xFF,0xFF,0xFF,0x00,0x00,0x00,0x00,0xFF,0xFF,0xFF,0xFF,0xFF,0xFF,0xFF,0x00,0xFF,0xFF,0xFF,0xFF,0xFF,
	0xFF,0xFF,0xFF,0xFF,0xFF,0xFF,0xFF,0xFF,0xFF,0xFF,0x00,0x00,0xFF,0xFF,0xFF,0xFF,0xFF,0xFF,0x00,0x00,0x00,0x00,0x00,0x00,0x00,0xFF,0xFF,0xFF,0xFF,0xFF,0xFF,0xFF,0xFF,0xFF,0xFF,0xFF,0xFF,0xFF,0xFF,0xFF,0xFF,0xFF,0xFF,0xFF,0xFF,0xFF,0xFF,0xFF,0xFF,0xFF,0xFF,0xFF,0xFF,0xFF,0x00,0x00,0x00,0x00,0xFF,0xFF,0xFF,0xFF,0xFF,0xFF,
	0xFF,0xFF,0xFF,0xFF,0xFF,0xFF,0xFF,0xFF,0xFF,0xFF,0xFF,0xFF,0xFF,0xFF,0xFF,0xFF,0xFF,0xFF,0x00,0xFF,0xFF,0xFF,0xFF,0xFF,0xFF,0x00,0x00,0x00,0x00,0x00,0x00,0x00,0xFF,0xFF,0xFF,0xFF,0xFF,0xFF,0xFF,0xFF,0xFF,0xFF,0xFF,0xFF,0xFF,0xFF,0xFF,0xFF,0xFF,0xFF,0xFF,0xFF,0xFF,0xFF,0xFF,0xFF,0xFF,0xFF,0xFF,0xFF,0x00,0x00,0x00,0x00,
	0x00,0xFF,0xFF,0xFF,0xFF,0xFF,0xFF,0xFF,0xFF,0xFF,0xFF,0xFF,0xFF,0xFF,0xFF,0xFF,0xFF,0xFF,0xFF,0xFF,0xFF,0xFF,0xFF,0xFF,0xFF,0x00,0xFF,0xFF,0xFF,0xFF,0xFF,0xFF,0x00,0x00,0x00,0x00,0x00,0x00,0x00,0xFF,0xFF,0xFF,0xFF,0xFF,0xFF,0xFF,0xFF,0xFF,0xFF,0xFF,0xFF,0xFF,0xFF,0xFF,0xFF,0xFF,0xFF,0xFF,0xFF,0xFF,0xFF,0xFF,0xFF,0xFF,
	0xFF,0xFF,0xFF,0x00,0x00,0x00,0x00,0x00,0xFF,0xFF,0xFF,0xFF,0xFF,0xFF,0xFF,0xFF,0xFF,0xFF,0xFF,0xFF,0xFF,0xFF,0xFF,0xFF,0xFF,0xFF,0xFF,0xFF,0xFF,0xFF,0xFF,0xFF,0x00,0xFF,0xFF,0xFF,0xFF,0xFF,0xFF,0x00,0x00,0x00,0x00,0x00,0x00,0x00,0x00,0x00,0x00,0x00,0x00,0x00,0x00,0x00,0x00,0x00,0x00,0x00,0x00,0x00,0x00,0x00,0x00,0x00,
	0x00,0x00,0x00,0x00,0x00,0x00,0x00,0x00,0x00,0x00,0x00,0x00,0x00,0x00,0x00,0xFF,0xFF,0xFF,0xFF,0xFF,0xFF,0xFF,0xFF,0xFF,0xFF,0xFF,0xFF,0xFF,0xFF,0xFF,0xFF,0xFF,0xFF,0xFF,0xFF,0xFF,0xFF,0xFF,0xFF,0x00,0xFF,0xFF,0xFF,0xFF,0xFF,0xFF,0x00,0x00,0x00,0x00,0x00,0x00,0x00,0x00,0x00,0x00,0x00,0x00,0x00,0x00,0x00,0x00,0x00,0x00,
	0x00,0x00,0x00,0x00,0x00,0x00,0x00,0x00,0x00,0x00,0x00,0x00,0x00,0x00,0x00,0x00,0x00,0x00,0x00,0x00,0x00,0x00,0xFF,0xFF,0xFF,0xFF,0xFF,0xFF,0xFF,0xFF,0xFF,0xFF,0xFF,0xFF,0xFF,0xFF,0xFF,0xFF,0xFF,0xFF,0xFF,0xFF,0xFF,0xFF,0xFF,0xFF,0x00,0xFF,0xFF,0xFF,0xFF,0xFF,0xFF,0x00,0x00,0x00,0x00,0x00,0x00,0x00,0x00,0x00,0x00,0x00,
	0x00,0x00,0x00,0x00,0x00,0x00,0x00,0x00,0x00,0x00,0x00,0x00,0x00,0x00,0x00,0x00,0x00,0x00,0x00,0x00,0x00,0x00,0x00,0x00,0x00,0x00,0x00,0x00,0x00,0xFF,0xFF,0xFF,0xFF,0xFF,0xFF,0xFF,0xFF,0xFF,0xFF,0xFF,0xFF,0xFF,0xFF,0xFF,0xFF,0xFF,0xFF,0xFF,0xFF,0xFF,0xFF,0xFF,0xFF,0xFF,0xFF,0xFF,0xFF,0xFF,0xFF,0xFF,0x00,0x00,0x00,0x00,
	0x00,0x00,0x00,0x00,0x00,0x00,0x00,0x00,0x00,0x00,0x00,0x00,0x00,0x00,0x00,0x00,0x00,0x00,0x00,0x00,0x00,0x00,0x00,0x00,0x00,0x00,0x00,0x00,0x00,0x00,0x00,0x00,0x00,0x00,0x00,0x00,0xFF,0xFF,0xFF,0xFF,0xFF,0xFF,0xFF,0xFF,0xFF,0xFF,0xFF,0xFF,0xFF,0xFF,0xFF,0xFF,0xFF,0xFF,0xFF,0xFF,0xFF,0xFF,0xFF,0xFF,0xFF,0xFF,0xFF,0xFF,
	0xFF,0xFF,0xFF,0x00,0x00,0x00,0x00,0x00,0x00,0x00,0x00,0x00,0x00,0x00,0x00,0x00,0x00,0x00,0x00,0x00,0x00,0x00,0x00,0x00,0x00,0x00,0x00,0x00,0x00,0x00,0x00,0x00,0x00,0x00,0x00,0x00,0x00,0x00,0x00,0x00,0x00,0x00,0x00,0xFF,0xFF,0xFF,0xFF,0xFF,0xFF,0xFF,0xFF,0xFF,0xFF,0xFF,0xFF,0xFF,0xFF,0xFF,0xFF,0xFF,0xFF,0xFF,0xFF,0xFF,
	0xFF,0xFF,0xFF,0xFF,0xFF,0xFF,0xFF,0xFF,0xFF,0xFF,0x00,0x00,0x00,0x00,0x00,0x00,0x00,0x00,0x00,0x00,0x00,0x00,0x00,0x00,0x00,0x00,0x00,0x00,0x00,0x00,0x00,0x00,0x00,0x00,0x00,0x00,0x00,0x00,0x00,0x00,0x00,0x00,0x00,0x00,0x00,0x00,0x00,0x00,0x00,0x00,0xFF,0xFF,0xFF,0xFF,0xFF,0xFF,0xFF,0xFF,0xFF,0xFF,0xFF,0xFF,0xFF,0xFF,
	0xFF,0xFF,0xFF,0xFF,0xFF,0xFF,0xFF,0xFF,0xFF,0xFF,0xFF,0xFF,0xFF,0xFF,0xFF,0xFF,0xFF,0x00,0x00,0x00,0x00,0x00,0x00,0x00,0x00,0x00,0x00,0x00,0x00,0x00,0x00,0x00,0x00,0x00,0x00,0x00,0x00,0x00,0x00,0x00,0x00,0x00,0x00,0x00,0x00,0x00,0x00,0x00,0x00,0x00,0x00,0x00,0x00,0x00,0x00,0x00,0x00,0xFF,0xFF,0xFF,0xFF,0xFF,0xFF,0xFF,
	0xFF,0xFF,0xFF,0xFF,0xFF,0xFF,0xFF,0xFF,0xFF,0xFF,0xFF,0xFF,0xFF,0xFF,0xFF,0xFF,0xFF,0xFF,0xFF,0xFF,0xFF,0xFF,0xFF,0xFF,0x00,0x00,0x00,0x00,0x00,0x00,0x00,0x00,0x00,0x00,0x00,0x00,0x00,0x00,0x00,0x00,0x00,0x00,0x00,0x00,0x00,0x00,0x00,0x00,0x00,0x00,0x00,0x00,0x00,0x00,0x00,0x00,0x00,0x00,0x00,0x00,0x00,0x00,0x00,0x00,
	0xFF,0xFF,0xFF,0xFF,0xFF,0xFF,0xFF,0xFF,0x00,0x00,0x00,0x00,0x00,0x00,0x00,0x00,0x00,0x00,0x00,0x00,0x00,0x00,0xFF,0xFF,0x00,0xFF,0xFF,0xFF,0xFF,0xFF,0xFF,0x00,0x00,0x00,0x00,0x00,0x00,0x00,0x00,0x00,0x00,0x00,0x00,0x00,0x00,0x00,0x00,0x00,0x00,0x00,0x00,0x00,0x00,0x00,0x00,0x00,0x00,0x00,0x00,0x00,0x00,0x00,0x00,0x00,
	0x00,0x00,0x00,0x00,0x00,0x00,0x00,0xFF,0xFF,0xFF,0xFF,0xFF,0xFF,0xFF,0xFF,0xFF,0xFF,0xFF,0xFF,0xFF,0xFF,0xFF,0xFF,0xFF,0xFF,0xFF,0xFF,0xFF,0xFF,0xFF,0xFF,0x00,0xFF,0xFF,0xFF,0xFF,0xFF,0xFF,0x00,0x00,0x00,0x00,0x00,0x00,0x00,0x00,0x00,0x00,0x00,0x00,0x00,0x00,0x00,0x00,0x00,0x00,0x00,0x00,0x00,0x00,0x00,0x00,0x00,0x00,
	0x00,0x00,0x00,0x00,0x00,0x00,0x00,0x00,0x00,0x00,0x00,0x00,0x00,0x00,0xFF,0xFF,0xFF,0xFF,0xFF,0xFF,0x00,0xFF,0xFF,0xFF,0xFF,0xFF,0xFF,0xFF,0xFF,0xFF,0xFF,0xFF,0xFF,0xFF,0xFF,0xFF,0xFF,0xFF,0x00,0xFF,0xFF,0xFF,0xFF,0xFF,0xFF,0x00,0x00,0x00,0x00,0x00,0x00,0x00,0x00,0x00,0x00,0x00,0x00,0x00,0x00,0x00,0x00,0x00,0x00,0x00,
	0x00,0x00,0x00,0x00,0x00,0x00,0x00,0x00,0x00,0x00,0x00,0x00,0x00,0x00,0x00,0x00,0x00,0x00,0x00,0x00,0x00,0xFF,0xFF,0xFF,0xFF,0xFF,0xFF,0x00,0xFF,0xFF,0xFF,0xFF,0xFF,0xFF,0xFF,0xFF,0xFF,0xFF,0xFF,0xFF,0xFF,0xFF,0xFF,0xFF,0xFF,0x00,0xFF,0xFF,0xFF,0xFF,0xFF,0xFF,0x00,0x00,0x00,0x00,0x00,0x00,0x00,0x00,0x00,0x00,0x00,0x00,
	0x00,0x00,0x00,0x00,0x00,0x00,0x00,0x00,0x00,0x00,0x00,0x00,0x00,0x00,0x00,0x00,0x00,0x00,0x00,0x00,0x00,0x00,0x00,0x00,0x00,0x00,0x00,0x00,0xFF,0xFF,0xFF,0xFF,0xFF,0xFF,0x00,0xFF,0xFF,0xFF,0xFF,0xFF,0xFF,0xFF,0xFF,0xFF,0xFF,0xFF,0xFF,0xFF,0xFF,0xFF,0xFF,0xFF,0x00,0xFF,0xFF,0xFF,0xFF,0xFF,0xFF,0x00,0x00,0x00,0x00,0x00,
	0x00,0x00,0x00,0x00,0x00,0x00,0x00,0x00,0x00,0x00,0x00,0x00,0x00,0x00,0x00,0x00,0x00,0x00,0x00,0x00,0x00,0x00,0x00,0x00,0x00,0x00,0x00,0x00,0x00,0x00,0x00,0x00,0x00,0x00,0xFF,0xFF,0xFF,0xFF,0xFF,0xFF,0xFF,0x00,0xFF,0xFF,0xFF,0xFF,0xFF,0xFF,0x00,0x00,0x00,0x00,0x00,0xFF,0xFF,0xFF,0xFF,0xFF,0xFF,0x00,0xFF,0xFF,0xFF,0xFF,
	0xFF,0xFF,0x00,0x00,0x00,0x00,0x00,0x00,0x00,0x00,0x00,0x00,0x00,0x00,0x00,0x00,0x00,0x00,0x00,0x00,0x00,0x00,0x00,0x00,0x00,0x00,0x00,0x00,0x00,0x00,0x00,0x00,0x00,0x00,0x00,0x00,0x00,0x00,0x00,0x00,0x00,0xFF,0xFF,0xFF,0xFF,0xFF,0xFF,0xFF,0x00,0xFF,0xFF,0xFF,0xFF,0xFF,0xFF,0xFF,0xFF,0xFF,0xFF,0xFF,0xFF,0xFF,0xFF,0xFF,
	0xFF,0xFF,0x00,0xFF,0xFF,0xFF,0xFF,0xFF,0xFF,0x00,0x00,0x00,0x00,0x00,0x00,0x00,0x00,0x00,0x00,0x00,0x00,0x00,0x00,0x00,0x00,0x00,0x00,0x00,0x00,0x00,0x00,0x00,0x00,0x00,0x00,0x00,0x00,0x00,0x00,0x00,0x00,0x00,0x00,0x00,0x00,0x00,0x00,0x00,0xFF,0xFF,0xFF,0xFF,0xFF,0xFF,0x00,0x00,0xFF,0xFF,0xFF,0xFF,0xFF,0xFF,0xFF,0xFF,
	0xFF,0xFF,0xFF,0xFF,0xFF,0xFF,0xFF,0xFF,0xFF,0x00,0xFF,0xFF,0xFF,0xFF,0xFF,0xFF,0x00,0x00,0x00,0x00,0xFF,0xFF,0xFF,0xFF,0xFF,0xFF,0xFF,0xFF,0xFF,0xFF,0xFF,0xFF,0xFF,0xFF,0xFF,0xFF,0xFF,0xFF,0xFF,0xFF,0xFF,0xFF,0xFF,0xFF,0xFF,0xFF,0xFF,0xFF,0xFF,0xFF,0xFF,0xFF,0xFF,0xFF,0x00,0xFF,0xFF,0xFF,0xFF,0xFF,0xFF,0x00,0x00,0xFF,
	0xFF,0xFF,0xFF,0xFF,0xFF,0xFF,0xFF,0xFF,0xFF,0xFF,0xFF,0xFF,0xFF,0xFF,0xFF,0xFF,0x00,0xFF,0xFF,0xFF,0xFF,0xFF,0xFF,0x00,0x00,0x00,0x00,0xFF,0xFF,0xFF,0xFF,0xFF,0xFF,0xFF,0xFF,0xFF,0xFF,0xFF,0xFF,0xFF,0xFF,0xFF,0xFF,0xFF,0xFF,0xFF,0xFF,0xFF,0xFF,0xFF,0xFF,0xFF,0xFF,0xFF,0xFF,0xFF,0xFF,0xFF,0xFF,0xFF,0xFF,0x00,0xFF,0xFF,
	0xFF,0xFF,0xFF,0xFF,0x00,0x00,0xFF,0xFF,0xFF,0xFF,0xFF,0xFF,0xFF,0xFF,0xFF,0xFF,0xFF,0xFF,0xFF,0xFF,0xFF,0xFF,0xFF,0x00,0xFF,0xFF,0xFF,0xFF,0xFF,0xFF,0x00,0x00,0x00,0xFF,0xFF,0xFF,0xFF,0xFF,0xFF,0xFF,0xFF,0xFF,0xFF,0xFF,0xFF,0xFF,0xFF,0xFF,0xFF,0xFF,0xFF,0xFF,0xFF,0xFF,0xFF,0xFF,0xFF,0xFF,0xFF,0xFF,0xFF,0xFF,0xFF,0xFF,
	0xFF,0xFF,0xFF,0xFF,0xFF,0xFF,0xFF,0xFF,0xFF,0xFF,0xFF,0x00,0x00,0xFF,0xFF,0xFF,0xFF,0xFF,0xFF,0xFF,0xFF,0xFF,0xFF,0xFF,0xFF,0xFF,0xFF,0xFF,0xFF,0xFF,0x00,0xFF,0xFF,0xFF,0xFF,0xFF,0xFF,0x00,0x00,0x00,0xFF,0xFF,0xFF,0xFF,0xFF,0xFF,0xFF,0xFF,0xFF,0xFF,0xFF,0xFF,0xFF,0xFF,0xFF,0xFF,0xFF,0xFF,0xFF,0xFF,0xFF,0xFF,0xFF,0xFF,
	0xFF,0xFF,0xFF,0xFF,0xFF,0xFF,0xFF,0xFF,0xFF,0xFF,0xFF,0xFF,0xFF,0xFF,0xFF,0xFF,0xFF,0xFF,0x00,0x00,0xFF,0xFF,0xFF,0xFF,0xFF,0xFF,0xFF,0xFF,0xFF,0xFF,0xFF,0xFF,0xFF,0xFF,0xFF,0xFF,0xFF,0xFF,0xFF,0xFF,0xFF,0xFF,0xFF,0xFF,0x00,0x00,0x00,0xFF,0xFF,0xFF,0xFF,0xFF,0xFF,0xFF,0xFF,0xFF,0xFF,0xFF,0xFF,0xFF,0xFF,0xFF,0xFF,0xFF,
	0xFF,0xFF,0xFF,0xFF,0xFF,0xFF,0xFF,0xFF,0xFF,0xFF,0xFF,0xFF,0xFF,0xFF,0xFF,0xFF,0xFF,0xFF,0xFF,0xFF,0xFF,0xFF,0xFF,0xFF,0xFF,0x00,0x00,0x00,0x00,0x00,0x00,0x00,0x00,0x00,0x00,0x00,0x00,0x00,0x00,0xFF,0xFF,0xFF,0xFF,0xFF,0xFF,0xFF,0xFF,0xFF,0xFF,0xFF,0xFF,0x00,0x00,0x00,0xFF,0xFF,0xFF,0xFF,0xFF,0xFF,0xFF,0xFF,0xFF,0xFF,
	0xFF,0xFF,0xFF,0xFF,0xFF,0xFF,0xFF,0xFF,0xFF,0xFF,0xFF,0xFF,0xFF,0xFF,0xFF,0xFF,0xFF,0xFF,0xFF,0xFF,0xFF,0xFF,0xFF,0xFF,0xFF,0xFF,0xFF,0xFF,0xFF,0xFF,0xFF,0x00,0x00,0x00,0x00,0x00,0x00,0x00,0x00,0x00,0x00,0x00,0x00,0x00,0x00,0xFF,0xFF,0xFF,0xFF,0xFF,0xFF,0xFF,0xFF,0xFF,0xFF,0xFF,0xFF,0xFF,0x00,0x00,0x00,0x00,0x00,0xFF,
	0xFF,0xFF,0xFF,0xFF,0xFF,0xFF,0xFF,0xFF,0xFF,0xFF,0xFF,0xFF,0xFF,0xFF,0xFF,0xFF,0xFF,0xFF,0xFF,0xFF,0xFF,0xFF,0xFF,0xFF,0xFF,0xFF,0xFF,0xFF,0xFF,0xFF,0xFF,0xFF,0xFF,0xFF,0xFF,0xFF,0xFF,0xFF,0x00,0x00,0x00,0x00,0x00,0x00,0x00,0x00,0x00,0x00,0x00,0x00,0x00,0x00,0x00,0xFF,0xFF,0xFF,0xFF,0xFF,0xFF,0xFF,0xFF,0xFF,0xFF,0xFF,
	0xFF,0x00,0x00,0x00,0x00,0x00,0x00,0x00,0x00,0x00,0x00,0x00,0x00,0x00,0x00,0x00,0x00,0x00,0x00,0x00,0x00,0x00,0x00,0x00,0x00,0x00,0x00,0x00,0x00,0x00,0x00,0x00,0x00,0x00,0x00,0x00,0x00,0x00,0x00,0x00,0xFF,0xFF,0xFF,0xFF,0x00,0x00,0x00,0x00,0x00,0x00,0x00,0x00,0x00,0x00,0x00,0x00,0x00,0x00,0x00,0x00,0x00,0xFF,0xFF,0xFF,
	0xFF,0xFF,0xFF,0xFF,0xFF,0xFF,0x00,0x00,0x00,0x00,0x00,0x00,0x00,0x00,0x00,0x00,0x00,0x00,0x00,0x00,0x00,0x00,0x00,0x00,0x00,0x00,0x00,0x00,0x00,0x00,0x00,0x00,0x00,0x00,0x00,0x00,0x00,0x00,0x00,0x00,0x00,0x00,0x00,0x00,0x00,0x00,
    };
        


const lv_img_dsc_t face_174_390_dial_img_35_303091_1 = {
    .header.magic = LV_IMAGE_HEADER_MAGIC,
    .header.w = 71,
    .header.h = 34,
    .data_size = sizeof(face_174_390_dial_img_35_303091_data_1),
    .header.cf = LV_COLOR_FORMAT_RGB565A8,
    .data = face_174_390_dial_img_35_303091_data_1};

    
// LVGL 9 format (RGB565) // LVGL_9 compatible 
const LV_ATTRIBUTE_MEM_ALIGN uint8_t face_174_390_dial_img_35_303091_data_2[] = {
	//RGB565 data 
	0x00,0x00,0x20,0x00,0xA2,0x10,0x41,0x08,0x00,0x00,0x00,0x00,0x00,0x00,0x00,0x00,0x00,0x00,0x00,0x00,0x00,0x00,0x00,0x00,0x00,0x00,0x00,0x00,0x00,0x00,0x00,0x00,0x00,0x00,0x00,0x00,0x00,0x00,0x00,0x00,0x00,0x00,0x00,0x00,0x00,0x00,0xA2,0x10,0xA2,0x10,0xA2,0x10,0xA2,0x10,0xA2,0x10,0xA2,0x10,0x41,0x08,0x00,0x00,0x00,0x00,
	0x00,0x00,0x00,0x00,0x00,0x00,0x00,0x00,0x00,0x00,0x00,0x00,0x00,0x00,0x00,0x00,0x00,0x00,0x00,0x00,0x00,0x00,0x00,0x00,0x00,0x00,0x00,0x00,0x00,0x00,0x00,0x00,0x00,0x00,0x00,0x00,0x00,0x00,0x00,0x00,0x00,0x00,0x00,0x00,0x00,0x00,0x00,0x00,0x00,0x00,0x00,0x00,0x00,0x00,0x00,0x00,0x00,0x00,0x00,0x00,0x00,0x00,0x00,0x00,
	0x00,0x00,0x00,0x00,0x00,0x00,0x00,0x00,0x00,0x00,0x00,0x00,0x00,0x00,0x00,0x00,0x00,0x00,0x00,0x00,0xA2,0x10,0xE8,0x41,0xE8,0x41,0xE8,0x41,0xE8,0x41,0xE8,0x41,0xE8,0x41,0xE8,0x41,0xE8,0x41,0xE8,0x41,0xE8,0x41,0xE8,0x41,0xE8,0x41,0xE8,0x41,0xE8,0x41,0xE8,0x41,0xE8,0x41,0xE8,0x41,0xE8,0x41,0xE8,0x41,0xE8,0x41,0xE8,0x41,
	0xE8,0x41,0xE8,0x41,0xE8,0x41,0xE8,0x41,0xE8,0x41,0x45,0x29,0xA2,0x10,0x20,0x00,0x00,0x00,0x00,0x00,0x00,0x00,0x00,0x00,0x00,0x00,0x00,0x00,0x00,0x00,0x00,0x00,0x00,0x00,0x00,0x00,0x00,0x00,0x00,0x00,0x00,0x00,0x00,0x00,0x00,0x00,0x00,0x00,0x00,0x00,0x00,0x00,0x00,0x00,0x00,0x00,0x00,0x00,0x00,0x00,0x00,0x00,0x00,0x00,
	0x00,0x00,0x00,0x00,0x00,0x00,0x00,0x00,0x00,0x00,0x00,0x00,0x00,0x00,0x00,0x00,0x00,0x00,0x00,0x00,0x00,0x00,0x00,0x00,0x00,0x00,0x00,0x00,0x00,0x00,0x00,0x00,0x20,0x00,0x4D,0x6B,0x14,0xA5,0xD7,0xBD,0x9A,0xD6,0xD7,0xBD,0xD7,0xBD,0xD7,0xBD,0xD7,0xBD,0xD7,0xBD,0xD7,0xBD,0xD7,0xBD,0xD7,0xBD,0xD7,0xBD,0xD7,0xBD,0xD7,0xBD,
	0xD7,0xBD,0xD7,0xBD,0xD7,0xBD,0xD7,0xBD,0xD7,0xBD,0xD7,0xBD,0xD7,0xBD,0xD7,0xBD,0xD7,0xBD,0xD7,0xBD,0xD7,0xBD,0x9A,0xD6,0x51,0x8C,0x45,0x29,0x41,0x08,0x00,0x00,0x00,0x00,0x00,0x00,0x00,0x00,0x00,0x00,0x00,0x00,0x00,0x00,0x20,0x00,0x20,0x00,0x20,0x00,0x20,0x00,0x20,0x00,0x20,0x00,0x20,0x00,0x20,0x00,0x20,0x00,0x20,0x00,
	0x20,0x00,0x20,0x00,0x20,0x00,0x20,0x00,0x20,0x00,0x20,0x00,0x20,0x00,0x20,0x00,0x20,0x00,0x20,0x00,0x20,0x00,0x20,0x00,0x20,0x00,0x20,0x00,0x20,0x00,0x20,0x00,0x20,0x00,0x20,0x00,0x00,0x00,0x00,0x00,0x00,0x00,0x00,0x00,0x00,0x00,0x20,0x00,0x51,0x8C,0x9A,0xD6,0xBE,0xF7,0xBE,0xF7,0xBE,0xF7,0xFF,0xFF,0xFF,0xFF,0xFF,0xFF,
	0xFF,0xFF,0xFF,0xFF,0xFF,0xFF,0xFF,0xFF,0xFF,0xFF,0xFF,0xFF,0xFF,0xFF,0xFF,0xFF,0xFF,0xFF,0xFF,0xFF,0xFF,0xFF,0xFF,0xFF,0xFF,0xFF,0xFF,0xFF,0xFF,0xFF,0xFF,0xFF,0xBE,0xF7,0xBE,0xF7,0xBE,0xF7,0xD7,0xBD,0xE8,0x41,0x41,0x08,0x00,0x00,0x00,0x00,0x00,0x00,0x00,0x00,0x00,0x00,0x00,0x00,0x00,0x00,0xE8,0x41,0x51,0x8C,0x51,0x8C,
	0x51,0x8C,0x51,0x8C,0x51,0x8C,0x51,0x8C,0x51,0x8C,0x51,0x8C,0x51,0x8C,0x51,0x8C,0x51,0x8C,0x51,0x8C,0x51,0x8C,0x51,0x8C,0x51,0x8C,0x51,0x8C,0x51,0x8C,0x51,0x8C,0x51,0x8C,0x51,0x8C,0x51,0x8C,0x51,0x8C,0x51,0x8C,0x51,0x8C,0x51,0x8C,0x51,0x8C,0x4D,0x6B,0x20,0x00,0x00,0x00,0x00,0x00,0x00,0x00,0x00,0x00,0x20,0x00,0x51,0x8C,
	0x5D,0xEF,0xFF,0xFF,0xFF,0xFF,0xBE,0xF7,0x5D,0xEF,0x5D,0xEF,0x5D,0xEF,0x5D,0xEF,0x5D,0xEF,0x5D,0xEF,0x5D,0xEF,0x5D,0xEF,0x5D,0xEF,0x5D,0xEF,0x5D,0xEF,0x5D,0xEF,0x5D,0xEF,0x5D,0xEF,0x5D,0xEF,0x5D,0xEF,0x5D,0xEF,0x5D,0xEF,0x5D,0xEF,0xBE,0xF7,0xFF,0xFF,0xFF,0xFF,0xD7,0xBD,0xE8,0x41,0x41,0x08,0x00,0x00,0x00,0x00,0x00,0x00,
	0x00,0x00,0x00,0x00,0x00,0x00,0x00,0x00,0x51,0x8C,0x5D,0xEF,0x5D,0xEF,0x5D,0xEF,0x5D,0xEF,0x5D,0xEF,0x5D,0xEF,0x5D,0xEF,0x5D,0xEF,0x5D,0xEF,0x5D,0xEF,0x5D,0xEF,0x5D,0xEF,0x5D,0xEF,0x5D,0xEF,0x5D,0xEF,0x5D,0xEF,0x5D,0xEF,0x5D,0xEF,0x5D,0xEF,0x5D,0xEF,0x5D,0xEF,0x5D,0xEF,0x5D,0xEF,0x5D,0xEF,0x5D,0xEF,0x5D,0xEF,0x14,0xA5,
	0x20,0x00,0x00,0x00,0x00,0x00,0x00,0x00,0x00,0x00,0x20,0x00,0x51,0x8C,0x5D,0xEF,0xFF,0xFF,0x5D,0xEF,0xD7,0xBD,0x14,0xA5,0x51,0x8C,0x51,0x8C,0x51,0x8C,0x51,0x8C,0x51,0x8C,0x51,0x8C,0x51,0x8C,0x51,0x8C,0x51,0x8C,0x51,0x8C,0x51,0x8C,0x51,0x8C,0x51,0x8C,0x51,0x8C,0x51,0x8C,0x51,0x8C,0x51,0x8C,0x51,0x8C,0x9A,0xD6,0xFF,0xFF,
	0xFF,0xFF,0xD7,0xBD,0xE8,0x41,0x41,0x08,0x00,0x00,0x00,0x00,0x00,0x00,0x00,0x00,0x00,0x00,0x00,0x00,0x00,0x00,0x14,0xA5,0xFF,0xFF,0xFF,0xFF,0xFF,0xFF,0xFF,0xFF,0xFF,0xFF,0xFF,0xFF,0xFF,0xFF,0xFF,0xFF,0xFF,0xFF,0xFF,0xFF,0xFF,0xFF,0xFF,0xFF,0xFF,0xFF,0xFF,0xFF,0xFF,0xFF,0xFF,0xFF,0xFF,0xFF,0xFF,0xFF,0xFF,0xFF,0xFF,0xFF,
	0xFF,0xFF,0xFF,0xFF,0xFF,0xFF,0xFF,0xFF,0xFF,0xFF,0xFF,0xFF,0xD7,0xBD,0x20,0x00,0x00,0x00,0x00,0x00,0x00,0x00,0x00,0x00,0x20,0x00,0x51,0x8C,0x5D,0xEF,0xFF,0xFF,0x9A,0xD6,0x51,0x8C,0xE8,0x41,0x45,0x29,0x45,0x29,0x45,0x29,0x45,0x29,0x45,0x29,0xE8,0x41,0x4D,0x6B,0x14,0xA5,0xD7,0xBD,0x14,0xA5,0x4D,0x6B,0x45,0x29,0x45,0x29,
	0x45,0x29,0x45,0x29,0x45,0x29,0x45,0x29,0xE8,0x41,0x14,0xA5,0xFF,0xFF,0xFF,0xFF,0xD7,0xBD,0xE8,0x41,0x41,0x08,0x00,0x00,0x00,0x00,0x00,0x00,0x00,0x00,0x00,0x00,0x00,0x00,0x00,0x00,0x51,0x8C,0x9A,0xD6,0x9A,0xD6,0x9A,0xD6,0x9A,0xD6,0x9A,0xD6,0x9A,0xD6,0x9A,0xD6,0x9A,0xD6,0x9A,0xD6,0x9A,0xD6,0x9A,0xD6,0x9A,0xD6,0x9A,0xD6,
	0x9A,0xD6,0x9A,0xD6,0x9A,0xD6,0x9A,0xD6,0x9A,0xD6,0x9A,0xD6,0x9A,0xD6,0x9A,0xD6,0x9A,0xD6,0x9A,0xD6,0x9A,0xD6,0x9A,0xD6,0x9A,0xD6,0x51,0x8C,0x20,0x00,0x00,0x00,0x00,0x00,0x00,0x00,0x00,0x00,0x20,0x00,0x51,0x8C,0x5D,0xEF,0xFF,0xFF,0x9A,0xD6,0x4D,0x6B,0x41,0x08,0x00,0x00,0x41,0x08,0x41,0x08,0x41,0x08,0x41,0x08,0xA2,0x10,
	0x4D,0x6B,0x5D,0xEF,0xFF,0xFF,0x9A,0xD6,0xE8,0x41,0x41,0x08,0x41,0x08,0x41,0x08,0x41,0x08,0x20,0x00,0x00,0x00,0x00,0x00,0x51,0x8C,0xFF,0xFF,0xFF,0xFF,0xD7,0xBD,0xE8,0x41,0x41,0x08,0x00,0x00,0x00,0x00,0x00,0x00,0x00,0x00,0x00,0x00,0x00,0x00,0x00,0x00,0xE8,0x41,0x51,0x8C,0x4D,0x6B,0x4D,0x6B,0x4D,0x6B,0x4D,0x6B,0x4D,0x6B,
	0x4D,0x6B,0x4D,0x6B,0x4D,0x6B,0x4D,0x6B,0x4D,0x6B,0x4D,0x6B,0x4D,0x6B,0x4D,0x6B,0x4D,0x6B,0x4D,0x6B,0x4D,0x6B,0x4D,0x6B,0x4D,0x6B,0x4D,0x6B,0x4D,0x6B,0x4D,0x6B,0x4D,0x6B,0x4D,0x6B,0x4D,0x6B,0x51,0x8C,0xE8,0x41,0x20,0x00,0x00,0x00,0x00,0x00,0x00,0x00,0x00,0x00,0x20,0x00,0x51,0x8C,0x5D,0xEF,0xFF,0xFF,0x9A,0xD6,0x4D,0x6B,
	0x41,0x08,0x45,0x29,0x51,0x8C,0x51,0x8C,0x51,0x8C,0x51,0x8C,0x14,0xA5,0xD7,0xBD,0xBE,0xF7,0xFF,0xFF,0x5D,0xEF,0xD7,0xBD,0x51,0x8C,0x51,0x8C,0x51,0x8C,0x51,0x8C,0x4D,0x6B,0x45,0x29,0x00,0x00,0x51,0x8C,0xFF,0xFF,0xFF,0xFF,0xD7,0xBD,0xE8,0x41,0x41,0x08,0x00,0x00,0x00,0x00,0x00,0x00,0x00,0x00,0x00,0x00,0x00,0x00,0x00,0x00,
	0x41,0x08,0xA2,0x10,0xA2,0x10,0xA2,0x10,0xA2,0x10,0xA2,0x10,0xA2,0x10,0xA2,0x10,0xA2,0x10,0xA2,0x10,0xA2,0x10,0xA2,0x10,0xA2,0x10,0xA2,0x10,0xA2,0x10,0xA2,0x10,0xA2,0x10,0xA2,0x10,0xA2,0x10,0xA2,0x10,0xA2,0x10,0xA2,0x10,0xA2,0x10,0xA2,0x10,0xA2,0x10,0xA2,0x10,0xA2,0x10,0x41,0x08,0x00,0x00,0x00,0x00,0x00,0x00,0x00,0x00,
	0x00,0x00,0x20,0x00,0x51,0x8C,0x5D,0xEF,0xFF,0xFF,0x9A,0xD6,0x4D,0x6B,0x20,0x00,0xE8,0x41,0x5D,0xEF,0xBE,0xF7,0x5D,0xEF,0x5D,0xEF,0x5D,0xEF,0xBE,0xF7,0xFF,0xFF,0xFF,0xFF,0xFF,0xFF,0xBE,0xF7,0x5D,0xEF,0x5D,0xEF,0x5D,0xEF,0x5D,0xEF,0x14,0xA5,0xE8,0x41,0x00,0x00,0x51,0x8C,0xFF,0xFF,0xFF,0xFF,0xD7,0xBD,0xE8,0x41,0x41,0x08,
	0x00,0x00,0x00,0x00,0x00,0x00,0x00,0x00,0x00,0x00,0x00,0x00,0x00,0x00,0x00,0x00,0x00,0x00,0x00,0x00,0x00,0x00,0x00,0x00,0x00,0x00,0x00,0x00,0x00,0x00,0x00,0x00,0x00,0x00,0x00,0x00,0x00,0x00,0x00,0x00,0x00,0x00,0x00,0x00,0x00,0x00,0x00,0x00,0x00,0x00,0x00,0x00,0x00,0x00,0x00,0x00,0x00,0x00,0x00,0x00,0x00,0x00,0x00,0x00,
	0x00,0x00,0x00,0x00,0x00,0x00,0x00,0x00,0x00,0x00,0x00,0x00,0x00,0x00,0x00,0x00,0x20,0x00,0x51,0x8C,0x5D,0xEF,0xFF,0xFF,0x9A,0xD6,0x4D,0x6B,0x20,0x00,0xE8,0x41,0xFF,0xFF,0xFF,0xFF,0xFF,0xFF,0xFF,0xFF,0xFF,0xFF,0xFF,0xFF,0xFF,0xFF,0xFF,0xFF,0xFF,0xFF,0xFF,0xFF,0xFF,0xFF,0xFF,0xFF,0xFF,0xFF,0xFF,0xFF,0xD7,0xBD,0xE8,0x41,
	0x00,0x00,0x51,0x8C,0xFF,0xFF,0xFF,0xFF,0xD7,0xBD,0xE8,0x41,0x41,0x08,0x00,0x00,0x00,0x00,0x00,0x00,0x00,0x00,0x00,0x00,0x00,0x00,0x00,0x00,0x00,0x00,0x00,0x00,0x00,0x00,0x00,0x00,0x00,0x00,0x00,0x00,0x00,0x00,0x00,0x00,0x00,0x00,0x00,0x00,0x00,0x00,0x00,0x00,0x00,0x00,0x00,0x00,0x00,0x00,0x00,0x00,0x00,0x00,0x00,0x00,
	0x00,0x00,0x00,0x00,0x00,0x00,0x00,0x00,0x00,0x00,0x00,0x00,0x00,0x00,0x00,0x00,0x00,0x00,0x00,0x00,0x00,0x00,0x00,0x00,0x00,0x00,0x00,0x00,0x00,0x00,0x20,0x00,0x51,0x8C,0x5D,0xEF,0xFF,0xFF,0x9A,0xD6,0x4D,0x6B,0x41,0x08,0x45,0x29,0x51,0x8C,0x51,0x8C,0x51,0x8C,0x51,0x8C,0x51,0x8C,0xD7,0xBD,0x5D,0xEF,0xFF,0xFF,0x5D,0xEF,
	0x14,0xA5,0x51,0x8C,0x51,0x8C,0x51,0x8C,0x51,0x8C,0x4D,0x6B,0x45,0x29,0x00,0x00,0x51,0x8C,0xFF,0xFF,0xFF,0xFF,0xD7,0xBD,0xE8,0x41,0x41,0x08,0x00,0x00,0x00,0x00,0x00,0x00,0x00,0x00,0x00,0x00,0x00,0x00,0x00,0x00,0x00,0x00,0x00,0x00,0x00,0x00,0x00,0x00,0x00,0x00,0x00,0x00,0x00,0x00,0x00,0x00,0x00,0x00,0x00,0x00,0x00,0x00,
	0x00,0x00,0x00,0x00,0x00,0x00,0x00,0x00,0x00,0x00,0x00,0x00,0x00,0x00,0x00,0x00,0x00,0x00,0x00,0x00,0x00,0x00,0x00,0x00,0x00,0x00,0x00,0x00,0x00,0x00,0x00,0x00,0x00,0x00,0x00,0x00,0x00,0x00,0x00,0x00,0x00,0x00,0x00,0x00,0x20,0x00,0x51,0x8C,0x5D,0xEF,0xFF,0xFF,0x9A,0xD6,0x4D,0x6B,0xA2,0x10,0x41,0x08,0x45,0x29,0x45,0x29,
	0x45,0x29,0x45,0x29,0xE8,0x41,0x4D,0x6B,0x5D,0xEF,0xFF,0xFF,0x9A,0xD6,0x4D,0x6B,0x45,0x29,0x45,0x29,0x45,0x29,0x45,0x29,0x45,0x29,0x41,0x08,0x00,0x00,0x51,0x8C,0xFF,0xFF,0xFF,0xFF,0xD7,0xBD,0xE8,0x41,0x41,0x08,0x00,0x00,0x00,0x00,0x00,0x00,0x00,0x00,0x00,0x00,0x00,0x00,0x00,0x00,0x00,0x00,0x00,0x00,0x00,0x00,0x00,0x00,
	0x00,0x00,0x00,0x00,0x00,0x00,0x00,0x00,0x00,0x00,0x00,0x00,0x00,0x00,0x00,0x00,0x00,0x00,0x00,0x00,0x00,0x00,0x00,0x00,0x00,0x00,0x00,0x00,0x00,0x00,0x00,0x00,0x00,0x00,0x00,0x00,0x00,0x00,0x00,0x00,0x00,0x00,0x00,0x00,0x00,0x00,0x00,0x00,0x00,0x00,0x00,0x00,0x00,0x00,0x00,0x00,0x00,0x00,0x20,0x00,0x51,0x8C,0x5D,0xEF,
	0xFF,0xFF,0x9A,0xD6,0x4D,0x6B,0x45,0x29,0x45,0x29,0x45,0x29,0xE8,0x41,0x45,0x29,0x45,0x29,0xE8,0x41,0x4D,0x6B,0x5D,0xEF,0xFF,0xFF,0x9A,0xD6,0x4D,0x6B,0x45,0x29,0x45,0x29,0x45,0x29,0x45,0x29,0xE8,0x41,0xA2,0x10,0x20,0x00,0x51,0x8C,0xFF,0xFF,0xFF,0xFF,0xD7,0xBD,0xE8,0x41,0x41,0x08,0x00,0x00,0x00,0x00,0x00,0x00,0x00,0x00,
	0x00,0x00,0x00,0x00,0x00,0x00,0x00,0x00,0x00,0x00,0x00,0x00,0x00,0x00,0x00,0x00,0x00,0x00,0x00,0x00,0x00,0x00,0x00,0x00,0x00,0x00,0x00,0x00,0x00,0x00,0x00,0x00,0x00,0x00,0x00,0x00,0x00,0x00,0x00,0x00,0x00,0x00,0x00,0x00,0x00,0x00,0x00,0x00,0x00,0x00,0x00,0x00,0x00,0x00,0x00,0x00,0x00,0x00,0x00,0x00,0x00,0x00,0x00,0x00,
	0x00,0x00,0x00,0x00,0x00,0x00,0x00,0x00,0x20,0x00,0x51,0x8C,0x5D,0xEF,0xFF,0xFF,0xD7,0xBD,0x51,0x8C,0x4D,0x6B,0x51,0x8C,0x14,0xA5,0x14,0xA5,0x14,0xA5,0x14,0xA5,0x14,0xA5,0xD7,0xBD,0xBE,0xF7,0xFF,0xFF,0x5D,0xEF,0xD7,0xBD,0x51,0x8C,0x14,0xA5,0x14,0xA5,0x14,0xA5,0x14,0xA5,0x4D,0x6B,0x45,0x29,0x14,0xA5,0xFF,0xFF,0xFF,0xFF,
	0xD7,0xBD,0xE8,0x41,0x41,0x08,0x00,0x00,0x00,0x00,0x00,0x00,0x00,0x00,0x00,0x00,0x00,0x00,0x00,0x00,0x00,0x00,0x00,0x00,0x20,0x00,0x41,0x08,0xA2,0x10,0xA2,0x10,0xA2,0x10,0xA2,0x10,0xA2,0x10,0xA2,0x10,0xA2,0x10,0xA2,0x10,0xA2,0x10,0xA2,0x10,0xA2,0x10,0xA2,0x10,0xA2,0x10,0xA2,0x10,0xA2,0x10,0xA2,0x10,0xA2,0x10,0xA2,0x10,
	0xA2,0x10,0xA2,0x10,0x41,0x08,0x41,0x08,0x00,0x00,0x00,0x00,0x00,0x00,0x00,0x00,0x00,0x00,0x00,0x00,0x00,0x00,0x20,0x00,0x51,0x8C,0x5D,0xEF,0xFF,0xFF,0xD7,0xBD,0x51,0x8C,0x14,0xA5,0x9A,0xD6,0xFF,0xFF,0xFF,0xFF,0xFF,0xFF,0xFF,0xFF,0xFF,0xFF,0xFF,0xFF,0xFF,0xFF,0xFF,0xFF,0xFF,0xFF,0xFF,0xFF,0xFF,0xFF,0xFF,0xFF,0xFF,0xFF,
	0xFF,0xFF,0xFF,0xFF,0x9A,0xD6,0xE8,0x41,0x14,0xA5,0xFF,0xFF,0xFF,0xFF,0xD7,0xBD,0xE8,0x41,0x41,0x08,0x00,0x00,0x00,0x00,0x00,0x00,0x00,0x00,0x00,0x00,0x00,0x00,0x00,0x00,0x00,0x00,0x20,0x00,0xA2,0x10,0xE8,0x41,0xE8,0x41,0xE8,0x41,0xE8,0x41,0xE8,0x41,0xE8,0x41,0xE8,0x41,0xE8,0x41,0xE8,0x41,0xE8,0x41,0xE8,0x41,0xE8,0x41,
	0xE8,0x41,0xE8,0x41,0xE8,0x41,0xE8,0x41,0xE8,0x41,0xE8,0x41,0xE8,0x41,0xE8,0x41,0xE8,0x41,0xE8,0x41,0x45,0x29,0x41,0x08,0x00,0x00,0x00,0x00,0x00,0x00,0x00,0x00,0x00,0x00,0x00,0x00,0x20,0x00,0x51,0x8C,0x5D,0xEF,0xFF,0xFF,0xD7,0xBD,0x51,0x8C,0x14,0xA5,0xD7,0xBD,0x5D,0xEF,0x5D,0xEF,0x5D,0xEF,0x5D,0xEF,0x5D,0xEF,0x5D,0xEF,
	0x5D,0xEF,0x5D,0xEF,0x5D,0xEF,0x5D,0xEF,0x5D,0xEF,0x5D,0xEF,0x5D,0xEF,0x5D,0xEF,0x5D,0xEF,0xD7,0xBD,0xE8,0x41,0x14,0xA5,0xFF,0xFF,0xFF,0xFF,0xD7,0xBD,0xE8,0x41,0x41,0x08,0x00,0x00,0x00,0x00,0x00,0x00,0x00,0x00,0x00,0x00,0x00,0x00,0x00,0x00,0x00,0x00,0x41,0x08,0x4D,0x6B,0x14,0xA5,0x9A,0xD6,0x9A,0xD6,0x9A,0xD6,0x9A,0xD6,
	0x9A,0xD6,0x9A,0xD6,0x9A,0xD6,0x9A,0xD6,0x9A,0xD6,0x9A,0xD6,0x9A,0xD6,0x9A,0xD6,0x9A,0xD6,0x9A,0xD6,0x9A,0xD6,0x9A,0xD6,0x9A,0xD6,0x9A,0xD6,0x9A,0xD6,0x9A,0xD6,0x14,0xA5,0x4D,0x6B,0xA2,0x10,0x00,0x00,0x00,0x00,0x00,0x00,0x00,0x00,0x00,0x00,0x00,0x00,0x20,0x00,0x51,0x8C,0x5D,0xEF,0xFF,0xFF,0xD7,0xBD,0x51,0x8C,0x4D,0x6B,
	0x4D,0x6B,0x51,0x8C,0x51,0x8C,0x51,0x8C,0x51,0x8C,0x51,0x8C,0x51,0x8C,0x51,0x8C,0x51,0x8C,0x51,0x8C,0x51,0x8C,0x51,0x8C,0x51,0x8C,0x51,0x8C,0x51,0x8C,0x51,0x8C,0x4D,0x6B,0x45,0x29,0x51,0x8C,0xFF,0xFF,0xFF,0xFF,0xD7,0xBD,0xE8,0x41,0x41,0x08,0x00,0x00,0x00,0x00,0x00,0x00,0x00,0x00,0x00,0x00,0x00,0x00,0x00,0x00,0x00,0x00,
	0xA2,0x10,0x4D,0x6B,0x9A,0xD6,0xFF,0xFF,0xFF,0xFF,0xFF,0xFF,0xFF,0xFF,0xFF,0xFF,0xFF,0xFF,0xFF,0xFF,0xFF,0xFF,0xFF,0xFF,0xFF,0xFF,0xFF,0xFF,0xFF,0xFF,0xFF,0xFF,0xFF,0xFF,0xFF,0xFF,0xFF,0xFF,0xFF,0xFF,0xFF,0xFF,0xFF,0xFF,0xFF,0xFF,0x5D,0xEF,0x51,0x8C,0xA2,0x10,0x00,0x00,0x00,0x00,0x00,0x00,0x00,0x00,0x00,0x00,0x00,0x00,
	0x20,0x00,0x14,0xA5,0xFF,0xFF,0xFF,0xFF,0x9A,0xD6,0x4D,0x6B,0xA2,0x10,0x20,0x00,0x00,0x00,0x00,0x00,0x00,0x00,0x00,0x00,0x00,0x00,0x00,0x00,0x00,0x00,0x00,0x00,0x00,0x00,0x00,0x00,0x00,0x00,0x00,0x00,0x00,0x00,0x00,0x00,0x20,0x00,0x20,0x00,0x00,0x00,0x51,0x8C,0xFF,0xFF,0xFF,0xFF,0xD7,0xBD,0xE8,0x41,0x41,0x08,0x00,0x00,
	0x00,0x00,0x00,0x00,0x00,0x00,0x00,0x00,0x00,0x00,0x00,0x00,0x00,0x00,0xA2,0x10,0x4D,0x6B,0x9A,0xD6,0xFF,0xFF,0xFF,0xFF,0xFF,0xFF,0xFF,0xFF,0xFF,0xFF,0xFF,0xFF,0xFF,0xFF,0xFF,0xFF,0xFF,0xFF,0xFF,0xFF,0xFF,0xFF,0xFF,0xFF,0xFF,0xFF,0xFF,0xFF,0xFF,0xFF,0xFF,0xFF,0xFF,0xFF,0xFF,0xFF,0xFF,0xFF,0xFF,0xFF,0x9A,0xD6,0x51,0x8C,
	0xA2,0x10,0x00,0x00,0x00,0x00,0x00,0x00,0x00,0x00,0x00,0x00,0x00,0x00,0x20,0x00,0x14,0xA5,0xFF,0xFF,0xFF,0xFF,0xD7,0xBD,0xE8,0x41,0x20,0x00,0x45,0x29,0x51,0x8C,0x51,0x8C,0x51,0x8C,0x51,0x8C,0x51,0x8C,0x51,0x8C,0x51,0x8C,0x51,0x8C,0x51,0x8C,0x51,0x8C,0x51,0x8C,0x51,0x8C,0x51,0x8C,0x51,0x8C,0xE8,0x41,0x20,0x00,0x00,0x00,
	0x51,0x8C,0xFF,0xFF,0xFF,0xFF,0xD7,0xBD,0xE8,0x41,0x41,0x08,0x00,0x00,0x00,0x00,0x00,0x00,0x00,0x00,0x00,0x00,0x00,0x00,0x00,0x00,0x00,0x00,0x41,0x08,0x45,0x29,0x4D,0x6B,0x4D,0x6B,0x4D,0x6B,0x4D,0x6B,0x4D,0x6B,0x4D,0x6B,0x4D,0x6B,0x4D,0x6B,0x4D,0x6B,0x4D,0x6B,0x4D,0x6B,0x4D,0x6B,0x4D,0x6B,0x4D,0x6B,0x4D,0x6B,0x4D,0x6B,
	0x4D,0x6B,0x4D,0x6B,0x4D,0x6B,0x4D,0x6B,0x4D,0x6B,0x4D,0x6B,0x45,0x29,0x41,0x08,0x00,0x00,0x00,0x00,0x00,0x00,0x00,0x00,0x00,0x00,0x00,0x00,0x20,0x00,0xD7,0xBD,0xFF,0xFF,0xFF,0xFF,0x14,0xA5,0xE8,0x41,0x00,0x00,0x4D,0x6B,0xFF,0xFF,0xFF,0xFF,0xFF,0xFF,0xFF,0xFF,0xFF,0xFF,0xFF,0xFF,0xFF,0xFF,0xFF,0xFF,0xFF,0xFF,0xFF,0xFF,
	0xFF,0xFF,0xFF,0xFF,0xFF,0xFF,0xFF,0xFF,0x51,0x8C,0xA2,0x10,0x00,0x00,0x51,0x8C,0xFF,0xFF,0xFF,0xFF,0xD7,0xBD,0xE8,0x41,0x41,0x08,0x00,0x00,0x00,0x00,0x00,0x00,0x00,0x00,0x00,0x00,0x00,0x00,0x00,0x00,0x00,0x00,0x00,0x00,0x00,0x00,0x00,0x00,0x00,0x00,0x00,0x00,0x00,0x00,0x00,0x00,0x00,0x00,0x00,0x00,0x00,0x00,0x00,0x00,
	0x00,0x00,0x00,0x00,0x00,0x00,0x00,0x00,0x00,0x00,0x00,0x00,0x00,0x00,0x00,0x00,0x00,0x00,0x00,0x00,0x00,0x00,0x00,0x00,0x00,0x00,0x00,0x00,0x00,0x00,0x00,0x00,0x00,0x00,0x00,0x00,0x00,0x00,0x00,0x00,0x00,0x00,0x20,0x00,0xD7,0xBD,0xFF,0xFF,0xFF,0xFF,0x14,0xA5,0x45,0x29,0x00,0x00,0x4D,0x6B,0xFF,0xFF,0xFF,0xFF,0xFF,0xFF,
	0xFF,0xFF,0xFF,0xFF,0xFF,0xFF,0xFF,0xFF,0xFF,0xFF,0xFF,0xFF,0xFF,0xFF,0xFF,0xFF,0xFF,0xFF,0xFF,0xFF,0xFF,0xFF,0x51,0x8C,0xA2,0x10,0x00,0x00,0x51,0x8C,0xFF,0xFF,0xFF,0xFF,0xD7,0xBD,0xE8,0x41,0x41,0x08,0x00,0x00,0x00,0x00,0x00,0x00,0x00,0x00,0x00,0x00,0x00,0x00,0x00,0x00,0x00,0x00,0x00,0x00,0x00,0x00,0x00,0x00,0x00,0x00,
	0x00,0x00,0x00,0x00,0x00,0x00,0x00,0x00,0x00,0x00,0x00,0x00,0x00,0x00,0x00,0x00,0x00,0x00,0x00,0x00,0x00,0x00,0x00,0x00,0x00,0x00,0x00,0x00,0x00,0x00,0x00,0x00,0x00,0x00,0x00,0x00,0x00,0x00,0x00,0x00,0x00,0x00,0x00,0x00,0x00,0x00,0x00,0x00,0x00,0x00,0x00,0x00,0x00,0x00,0x00,0x00,0xA2,0x10,0xD7,0xBD,0xFF,0xFF,0xFF,0xFF,
	0x14,0xA5,0x45,0x29,0x00,0x00,0x4D,0x6B,0xFF,0xFF,0xFF,0xFF,0xBE,0xF7,0xD7,0xBD,0x14,0xA5,0x14,0xA5,0x14,0xA5,0x14,0xA5,0x14,0xA5,0x14,0xA5,0x14,0xA5,0xBE,0xF7,0xFF,0xFF,0xBE,0xF7,0x51,0x8C,0xA2,0x10,0x00,0x00,0x51,0x8C,0xFF,0xFF,0xFF,0xFF,0xD7,0xBD,0xE8,0x41,0x41,0x08,0x00,0x00,0x00,0x00,0x00,0x00,0x00,0x00,0x00,0x00,
	0x00,0x00,0x00,0x00,0x00,0x00,0x00,0x00,0x00,0x00,0x00,0x00,0x00,0x00,0x00,0x00,0x00,0x00,0x00,0x00,0x00,0x00,0x00,0x00,0x00,0x00,0x00,0x00,0x00,0x00,0x00,0x00,0x00,0x00,0x00,0x00,0x00,0x00,0x00,0x00,0x00,0x00,0x00,0x00,0x00,0x00,0x00,0x00,0x00,0x00,0x00,0x00,0x00,0x00,0x00,0x00,0x00,0x00,0x00,0x00,0x00,0x00,0x00,0x00,
	0x00,0x00,0x00,0x00,0x41,0x08,0xE8,0x41,0xD7,0xBD,0xFF,0xFF,0xFF,0xFF,0x51,0x8C,0x41,0x08,0x00,0x00,0x4D,0x6B,0xFF,0xFF,0xFF,0xFF,0x9A,0xD6,0x4D,0x6B,0xA2,0x10,0x00,0x00,0x00,0x00,0x00,0x00,0x00,0x00,0x00,0x00,0x45,0x29,0x5D,0xEF,0xFF,0xFF,0xBE,0xF7,0x51,0x8C,0xA2,0x10,0x00,0x00,0x51,0x8C,0xFF,0xFF,0xFF,0xFF,0xD7,0xBD,
	0xE8,0x41,0x41,0x08,0x00,0x00,0x00,0x00,0x00,0x00,0x00,0x00,0x00,0x00,0x00,0x00,0x00,0x00,0x00,0x00,0x00,0x00,0x00,0x00,0x00,0x00,0x00,0x00,0x00,0x00,0x00,0x00,0x00,0x00,0x00,0x00,0x00,0x00,0x00,0x00,0x00,0x00,0x00,0x00,0x00,0x00,0x00,0x00,0x00,0x00,0x00,0x00,0x00,0x00,0x00,0x00,0x00,0x00,0x00,0x00,0x00,0x00,0x00,0x00,
	0x00,0x00,0x00,0x00,0x00,0x00,0x00,0x00,0x00,0x00,0x00,0x00,0x00,0x00,0x00,0x00,0x00,0x00,0xA2,0x10,0x4D,0x6B,0x9A,0xD6,0xFF,0xFF,0xFF,0xFF,0x51,0x8C,0x20,0x00,0x00,0x00,0x4D,0x6B,0xFF,0xFF,0xFF,0xFF,0x5D,0xEF,0x4D,0x6B,0x45,0x29,0xA2,0x10,0xA2,0x10,0xA2,0x10,0xA2,0x10,0x41,0x08,0xE8,0x41,0x5D,0xEF,0xFF,0xFF,0xBE,0xF7,
	0x51,0x8C,0xA2,0x10,0x00,0x00,0x51,0x8C,0xFF,0xFF,0xFF,0xFF,0xD7,0xBD,0xE8,0x41,0x41,0x08,0x00,0x00,0x00,0x00,0x00,0x00,0x00,0x00,0x00,0x00,0x00,0x00,0x00,0x00,0x00,0x00,0x00,0x00,0x00,0x00,0x00,0x00,0x00,0x00,0x00,0x00,0x00,0x00,0x00,0x00,0x00,0x00,0x00,0x00,0x00,0x00,0x00,0x00,0x00,0x00,0x00,0x00,0x00,0x00,0x00,0x00,
	0x00,0x00,0x00,0x00,0x00,0x00,0x00,0x00,0x00,0x00,0x00,0x00,0x00,0x00,0x00,0x00,0x00,0x00,0x00,0x00,0x00,0x00,0x00,0x00,0x00,0x00,0x00,0x00,0x00,0x00,0x00,0x00,0x45,0x29,0x4D,0x6B,0x9A,0xD6,0xFF,0xFF,0xBE,0xF7,0x4D,0x6B,0x00,0x00,0x00,0x00,0x4D,0x6B,0xFF,0xFF,0xFF,0xFF,0x5D,0xEF,0x14,0xA5,0x51,0x8C,0x4D,0x6B,0x4D,0x6B,
	0x4D,0x6B,0x4D,0x6B,0x4D,0x6B,0x51,0x8C,0x5D,0xEF,0xFF,0xFF,0xFF,0xFF,0x51,0x8C,0xA2,0x10,0x00,0x00,0x51,0x8C,0xFF,0xFF,0xFF,0xFF,0xD7,0xBD,0xE8,0x41,0x41,0x08,0x00,0x00,0x00,0x00,0x00,0x00,0x00,0x00,0x00,0x00,0x00,0x00,0x00,0x00,0x00,0x00,0x00,0x00,0x00,0x00,0x00,0x00,0x00,0x00,0x00,0x00,0x00,0x00,0x00,0x00,0x00,0x00,
	0x00,0x00,0x00,0x00,0x00,0x00,0x00,0x00,0x00,0x00,0x00,0x00,0x00,0x00,0x00,0x00,0x00,0x00,0x00,0x00,0x00,0x00,0x00,0x00,0x00,0x00,0x00,0x00,0x00,0x00,0x00,0x00,0x00,0x00,0x00,0x00,0x00,0x00,0x00,0x00,0x00,0x00,0x00,0x00,0x00,0x00,0x45,0x29,0x14,0xA5,0x5D,0xEF,0xFF,0xFF,0x9A,0xD6,0x4D,0x6B,0x00,0x00,0x00,0x00,0x4D,0x6B,
	0xFF,0xFF,0xFF,0xFF,0xFF,0xFF,0xBE,0xF7,0xBE,0xF7,0xBE,0xF7,0xBE,0xF7,0xBE,0xF7,0xBE,0xF7,0xBE,0xF7,0xBE,0xF7,0xFF,0xFF,0xFF,0xFF,0xFF,0xFF,0x51,0x8C,0xA2,0x10,0x00,0x00,0x51,0x8C,0xFF,0xFF,0xFF,0xFF,0xD7,0xBD,0xE8,0x41,0x41,0x08,0x00,0x00,0x00,0x00,0x00,0x00,0x00,0x00,0x00,0x00,0x00,0x00,0x00,0x00,0x00,0x00,0x00,0x00,
	0x00,0x00,0x00,0x00,0x00,0x00,0x00,0x00,0x00,0x00,0x00,0x00,0x00,0x00,0x00,0x00,0x00,0x00,0x00,0x00,0x00,0x00,0x00,0x00,0x00,0x00,0x00,0x00,0x00,0x00,0x00,0x00,0x00,0x00,0x00,0x00,0x00,0x00,0x00,0x00,0x00,0x00,0x00,0x00,0x00,0x00,0x00,0x00,0x00,0x00,0x00,0x00,0x00,0x00,0x00,0x00,0x00,0x00,0x00,0x00,0xE8,0x41,0xD7,0xBD,
	0xBE,0xF7,0xBE,0xF7,0x14,0xA5,0xE8,0x41,0x00,0x00,0x00,0x00,0x4D,0x6B,0x5D,0xEF,0xBE,0xF7,0x5D,0xEF,0xBE,0xF7,0xBE,0xF7,0xBE,0xF7,0xBE,0xF7,0xBE,0xF7,0xBE,0xF7,0xBE,0xF7,0xBE,0xF7,0x5D,0xEF,0x5D,0xEF,0x5D,0xEF,0x4D,0x6B,0xA2,0x10,0x00,0x00,0x51,0x8C,0xFF,0xFF,0xFF,0xFF,0xD7,0xBD,0xE8,0x41,0x41,0x08,0x00,0x00,0x00,0x00,
	0x00,0x00,0x00,0x00,0x20,0x00,0x41,0x08,0xA2,0x10,0xA2,0x10,0xA2,0x10,0xA2,0x10,0xA2,0x10,0xA2,0x10,0xA2,0x10,0xA2,0x10,0xA2,0x10,0xA2,0x10,0xA2,0x10,0xA2,0x10,0xA2,0x10,0xA2,0x10,0xA2,0x10,0xA2,0x10,0xA2,0x10,0xA2,0x10,0xA2,0x10,0xA2,0x10,0xA2,0x10,0xA2,0x10,0xA2,0x10,0xA2,0x10,0xA2,0x10,0xA2,0x10,0xA2,0x10,0xA2,0x10,
	0xA2,0x10,0xA2,0x10,0x41,0x08,0x41,0x08,0x20,0x00,0x4D,0x6B,0x5D,0xEF,0xFF,0xFF,0x5D,0xEF,0x51,0x8C,0x45,0x29,0x00,0x00,0x00,0x00,0xE8,0x41,0xD7,0xBD,0xD7,0xBD,0x14,0xA5,0x14,0xA5,0x14,0xA5,0x14,0xA5,0x14,0xA5,0x14,0xA5,0x14,0xA5,0x14,0xA5,0x14,0xA5,0xD7,0xBD,0xD7,0xBD,0x14,0xA5,0x4D,0x6B,0xA2,0x10,0x00,0x00,0x51,0x8C,
	0xFF,0xFF,0xFF,0xFF,0xD7,0xBD,0xE8,0x41,0x41,0x08,0x00,0x00,0x00,0x00,0x00,0x00,0x20,0x00,0xA2,0x10,0xE8,0x41,0xE8,0x41,0xE8,0x41,0xE8,0x41,0xE8,0x41,0xE8,0x41,0xE8,0x41,0xE8,0x41,0xE8,0x41,0xE8,0x41,0xE8,0x41,0xE8,0x41,0xE8,0x41,0xE8,0x41,0xE8,0x41,0xE8,0x41,0xE8,0x41,0xE8,0x41,0xE8,0x41,0xE8,0x41,0xE8,0x41,0xE8,0x41,
	0xE8,0x41,0xE8,0x41,0xE8,0x41,0xE8,0x41,0xE8,0x41,0xE8,0x41,0xE8,0x41,0xE8,0x41,0xE8,0x41,0xE8,0x41,0x45,0x29,0x45,0x29,0x51,0x8C,0xFF,0xFF,0xFF,0xFF,0x9A,0xD6,0xE8,0x41,0xA2,0x10,0x00,0x00,0x00,0x00,0x41,0x08,0x45,0x29,0x45,0x29,0x45,0x29,0x45,0x29,0x45,0x29,0x45,0x29,0x45,0x29,0x45,0x29,0x45,0x29,0x45,0x29,0x45,0x29,
	0xE8,0x41,0xE8,0x41,0xE8,0x41,0x45,0x29,0x41,0x08,0x20,0x00,0x51,0x8C,0xFF,0xFF,0xFF,0xFF,0xD7,0xBD,0xE8,0x41,0x41,0x08,0x00,0x00,0x00,0x00,0x00,0x00,0x41,0x08,0xE8,0x41,0x51,0x8C,0x9A,0xD6,0x9A,0xD6,0x9A,0xD6,0x9A,0xD6,0x9A,0xD6,0x9A,0xD6,0x9A,0xD6,0x9A,0xD6,0x9A,0xD6,0x9A,0xD6,0x9A,0xD6,0x9A,0xD6,0x9A,0xD6,0x9A,0xD6,
	0x9A,0xD6,0x9A,0xD6,0x9A,0xD6,0x9A,0xD6,0x9A,0xD6,0x9A,0xD6,0x9A,0xD6,0x9A,0xD6,0x9A,0xD6,0x9A,0xD6,0x9A,0xD6,0x9A,0xD6,0x9A,0xD6,0x9A,0xD6,0x9A,0xD6,0x9A,0xD6,0x51,0x8C,0x4D,0x6B,0xE8,0x41,0x14,0xA5,0xFF,0xFF,0xFF,0xFF,0xD7,0xBD,0x45,0x29,0x20,0x00,0x00,0x00,0x00,0x00,0x00,0x00,0x00,0x00,0x00,0x00,0x00,0x00,0x00,0x00,
	0x00,0x00,0x00,0x00,0x00,0x00,0x00,0x00,0x00,0x00,0x00,0x00,0x00,0x00,0x41,0x08,0xE8,0x41,0x4D,0x6B,0x4D,0x6B,0x4D,0x6B,0x4D,0x6B,0xD7,0xBD,0xFF,0xFF,0xFF,0xFF,0xD7,0xBD,0xE8,0x41,0x41,0x08,0x00,0x00,0x00,0x00,0x00,0x00,0x41,0x08,0x4D,0x6B,0x9A,0xD6,0xFF,0xFF,0xFF,0xFF,0xFF,0xFF,0xFF,0xFF,0xFF,0xFF,0xFF,0xFF,0xFF,0xFF,
	0xFF,0xFF,0xFF,0xFF,0xFF,0xFF,0xFF,0xFF,0xFF,0xFF,0xFF,0xFF,0xFF,0xFF,0xFF,0xFF,0xFF,0xFF,0xFF,0xFF,0xFF,0xFF,0xFF,0xFF,0xFF,0xFF,0xFF,0xFF,0xFF,0xFF,0xFF,0xFF,0xFF,0xFF,0xFF,0xFF,0xFF,0xFF,0xFF,0xFF,0xFF,0xFF,0xFF,0xFF,0xFF,0xFF,0xD7,0xBD,0x51,0x8C,0x51,0x8C,0xD7,0xBD,0xFF,0xFF,0xFF,0xFF,0x14,0xA5,0x41,0x08,0x00,0x00,
	0x00,0x00,0x00,0x00,0x00,0x00,0x00,0x00,0x00,0x00,0x00,0x00,0x00,0x00,0x00,0x00,0x00,0x00,0x00,0x00,0x00,0x00,0x00,0x00,0x00,0x00,0x20,0x00,0xA2,0x10,0x51,0x8C,0xFF,0xFF,0xFF,0xFF,0xFF,0xFF,0xFF,0xFF,0xFF,0xFF,0xFF,0xFF,0xFF,0xFF,0xD7,0xBD,0xE8,0x41,0x41,0x08,0x00,0x00,0x00,0x00,0x00,0x00,0x41,0x08,0x4D,0x6B,0xD7,0xBD,
	0xFF,0xFF,0xFF,0xFF,0xFF,0xFF,0xFF,0xFF,0xFF,0xFF,0xFF,0xFF,0xFF,0xFF,0xFF,0xFF,0xFF,0xFF,0xFF,0xFF,0xFF,0xFF,0xFF,0xFF,0xFF,0xFF,0xFF,0xFF,0xFF,0xFF,0xFF,0xFF,0xFF,0xFF,0xFF,0xFF,0xFF,0xFF,0xFF,0xFF,0xFF,0xFF,0xFF,0xFF,0xFF,0xFF,0xFF,0xFF,0xFF,0xFF,0xFF,0xFF,0xFF,0xFF,0xFF,0xFF,0xFF,0xFF,0xFF,0xFF,0xD7,0xBD,0x51,0x8C,
	0xE8,0x41,0x4D,0x6B,0x9A,0xD6,0xD7,0xBD,0x4D,0x6B,0x20,0x00,0x00,0x00,0x00,0x00,0x00,0x00,0x00,0x00,0x00,0x00,0x00,0x00,0x00,0x00,0x00,0x00,0x00,0x00,0x00,0x00,0x00,0x00,0x00,0x00,0x00,0x00,0x00,0x00,0x00,0x00,0x41,0x08,0x51,0x8C,0xFF,0xFF,0xFF,0xFF,0xFF,0xFF,0xFF,0xFF,0xFF,0xFF,0xFF,0xFF,0x9A,0xD6,0x51,0x8C,0xA2,0x10,
	0x20,0x00,0x00,0x00,0x00,0x00,0x00,0x00,0x20,0x00,0x45,0x29,0xE8,0x41,0x4D,0x6B,0x4D,0x6B,0x4D,0x6B,0x4D,0x6B,0x4D,0x6B,0x4D,0x6B,0x4D,0x6B,0x4D,0x6B,0x4D,0x6B,0x4D,0x6B,0x4D,0x6B,0x4D,0x6B,0x4D,0x6B,0x4D,0x6B,0x4D,0x6B,0x4D,0x6B,0x4D,0x6B,0x4D,0x6B,0x4D,0x6B,0x4D,0x6B,0x4D,0x6B,0x4D,0x6B,0x4D,0x6B,0x4D,0x6B,0x4D,0x6B,
	0x4D,0x6B,0x4D,0x6B,0x4D,0x6B,0x4D,0x6B,0x4D,0x6B,0xE8,0x41,0x45,0x29,0x00,0x00,0x45,0x29,0x51,0x8C,0x4D,0x6B,0x45,0x29,0x00,0x00,0x00,0x00,0x00,0x00,0x00,0x00,0x00,0x00,0x00,0x00,0x00,0x00,0x00,0x00,0x00,0x00,0x00,0x00,0x00,0x00,0x00,0x00,0x00,0x00,0x00,0x00,0x00,0x00,0x00,0x00,0x00,0x00,0xE8,0x41,0x9A,0xD6,0x9A,0xD6,
	0x9A,0xD6,0x9A,0xD6,0x9A,0xD6,0xD7,0xBD,0x51,0x8C,0xE8,0x41,0x00,0x00,0x00,0x00,0x00,0x00,0x00,0x00,0x00,0x00,0x00,0x00,0x00,0x00,0x00,0x00,0x00,0x00,0x00,0x00,0x00,0x00,0x00,0x00,0x00,0x00,0x00,0x00,0x00,0x00,0x00,0x00,0x00,0x00,0x00,0x00,0x00,0x00,0x00,0x00,0x00,0x00,0x00,0x00,0x00,0x00,0x00,0x00,0x00,0x00,0x00,0x00,
	0x00,0x00,0x00,0x00,0x00,0x00,0x00,0x00,0x00,0x00,0x00,0x00,0x00,0x00,0x00,0x00,0x00,0x00,0x00,0x00,0x00,0x00,0x00,0x00,0x00,0x00,0x00,0x00,

	// Alpha Channel 
	0x00,0xFF,0xFF,0xFF,0x00,0x00,0x00,0x00,0x00,0x00,0x00,0x00,0x00,0x00,0x00,0x00,0x00,0x00,0x00,0x00,0x00,0x00,0x00,0xFF,0xFF,0xFF,0xFF,0xFF,0xFF,0xFF,0x00,0x00,0x00,0x00,0x00,0x00,0x00,0x00,0x00,0x00,0x00,0x00,0x00,0x00,0x00,0x00,0x00,0x00,0x00,0x00,0x00,0x00,0x00,0x00,0x00,0x00,0x00,0x00,0x00,0x00,0x00,0x00,0x00,0x00,
	0x00,0x00,0x00,0x00,0x00,0x00,0x00,0x00,0x00,0x00,0xFF,0xFF,0xFF,0xFF,0xFF,0xFF,0xFF,0xFF,0xFF,0xFF,0xFF,0xFF,0xFF,0xFF,0xFF,0xFF,0xFF,0xFF,0xFF,0xFF,0xFF,0xFF,0xFF,0xFF,0xFF,0xFF,0xFF,0xFF,0xFF,0xFF,0x00,0x00,0x00,0x00,0x00,0x00,0x00,0x00,0x00,0x00,0x00,0x00,0x00,0x00,0x00,0x00,0x00,0x00,0x00,0x00,0x00,0x00,0x00,0x00,
	0x00,0x00,0x00,0x00,0x00,0x00,0x00,0x00,0x00,0x00,0x00,0x00,0x00,0x00,0x00,0x00,0xFF,0xFF,0xFF,0xFF,0xFF,0xFF,0xFF,0xFF,0xFF,0xFF,0xFF,0xFF,0xFF,0xFF,0xFF,0xFF,0xFF,0xFF,0xFF,0xFF,0xFF,0xFF,0xFF,0xFF,0xFF,0xFF,0xFF,0xFF,0xFF,0xFF,0xFF,0x00,0x00,0x00,0x00,0x00,0x00,0x00,0xFF,0xFF,0xFF,0xFF,0xFF,0xFF,0xFF,0xFF,0xFF,0xFF,
	0xFF,0xFF,0xFF,0xFF,0xFF,0xFF,0xFF,0xFF,0xFF,0xFF,0xFF,0xFF,0xFF,0xFF,0xFF,0xFF,0xFF,0xFF,0x00,0x00,0x00,0x00,0x00,0xFF,0xFF,0xFF,0xFF,0xFF,0xFF,0xFF,0xFF,0xFF,0xFF,0xFF,0xFF,0xFF,0xFF,0xFF,0xFF,0xFF,0xFF,0xFF,0xFF,0xFF,0xFF,0xFF,0xFF,0xFF,0xFF,0xFF,0xFF,0xFF,0xFF,0xFF,0x00,0x00,0x00,0x00,0x00,0x00,0x00,0xFF,0xFF,0xFF,
	0xFF,0xFF,0xFF,0xFF,0xFF,0xFF,0xFF,0xFF,0xFF,0xFF,0xFF,0xFF,0xFF,0xFF,0xFF,0xFF,0xFF,0xFF,0xFF,0xFF,0xFF,0xFF,0xFF,0xFF,0xFF,0xFF,0x00,0x00,0x00,0x00,0xFF,0xFF,0xFF,0xFF,0xFF,0xFF,0xFF,0xFF,0xFF,0xFF,0xFF,0xFF,0xFF,0xFF,0xFF,0xFF,0xFF,0xFF,0xFF,0xFF,0xFF,0xFF,0xFF,0xFF,0xFF,0xFF,0xFF,0xFF,0xFF,0xFF,0xFF,0x00,0x00,0x00,
	0x00,0x00,0x00,0x00,0xFF,0xFF,0xFF,0xFF,0xFF,0xFF,0xFF,0xFF,0xFF,0xFF,0xFF,0xFF,0xFF,0xFF,0xFF,0xFF,0xFF,0xFF,0xFF,0xFF,0xFF,0xFF,0xFF,0xFF,0xFF,0xFF,0xFF,0xFF,0xFF,0x00,0x00,0x00,0x00,0xFF,0xFF,0xFF,0xFF,0xFF,0xFF,0xFF,0xFF,0xFF,0xFF,0xFF,0xFF,0xFF,0xFF,0xFF,0xFF,0xFF,0xFF,0xFF,0xFF,0xFF,0xFF,0xFF,0xFF,0xFF,0xFF,0xFF,
	0xFF,0xFF,0xFF,0xFF,0x00,0x00,0x00,0x00,0x00,0x00,0x00,0xFF,0xFF,0xFF,0xFF,0xFF,0xFF,0xFF,0xFF,0xFF,0xFF,0xFF,0xFF,0xFF,0xFF,0xFF,0xFF,0xFF,0xFF,0xFF,0xFF,0xFF,0xFF,0xFF,0xFF,0xFF,0xFF,0xFF,0xFF,0xFF,0x00,0x00,0x00,0x00,0xFF,0xFF,0xFF,0xFF,0xFF,0xFF,0xFF,0xFF,0xFF,0xFF,0xFF,0xFF,0xFF,0xFF,0xFF,0xFF,0xFF,0xFF,0xFF,0xFF,
	0xFF,0xFF,0xFF,0xFF,0xFF,0xFF,0xFF,0xFF,0xFF,0xFF,0xFF,0x00,0x00,0x00,0x00,0x00,0x00,0x00,0xFF,0xFF,0xFF,0xFF,0xFF,0xFF,0xFF,0xFF,0xFF,0xFF,0xFF,0xFF,0xFF,0xFF,0xFF,0xFF,0xFF,0xFF,0xFF,0xFF,0xFF,0xFF,0xFF,0xFF,0xFF,0xFF,0xFF,0xFF,0xFF,0x00,0x00,0x00,0x00,0xFF,0xFF,0xFF,0xFF,0xFF,0xFF,0xFF,0x00,0xFF,0xFF,0xFF,0xFF,0xFF,
	0xFF,0xFF,0xFF,0xFF,0xFF,0xFF,0xFF,0xFF,0xFF,0xFF,0x00,0x00,0xFF,0xFF,0xFF,0xFF,0xFF,0xFF,0x00,0x00,0x00,0x00,0x00,0x00,0x00,0xFF,0xFF,0xFF,0xFF,0xFF,0xFF,0xFF,0xFF,0xFF,0xFF,0xFF,0xFF,0xFF,0xFF,0xFF,0xFF,0xFF,0xFF,0xFF,0xFF,0xFF,0xFF,0xFF,0xFF,0xFF,0xFF,0xFF,0xFF,0xFF,0x00,0x00,0x00,0x00,0xFF,0xFF,0xFF,0xFF,0xFF,0xFF,
	0xFF,0xFF,0xFF,0xFF,0xFF,0xFF,0xFF,0xFF,0xFF,0xFF,0xFF,0xFF,0xFF,0xFF,0xFF,0xFF,0xFF,0xFF,0x00,0xFF,0xFF,0xFF,0xFF,0xFF,0xFF,0x00,0x00,0x00,0x00,0x00,0x00,0x00,0xFF,0xFF,0xFF,0xFF,0xFF,0xFF,0xFF,0xFF,0xFF,0xFF,0xFF,0xFF,0xFF,0xFF,0xFF,0xFF,0xFF,0xFF,0xFF,0xFF,0xFF,0xFF,0xFF,0xFF,0xFF,0xFF,0xFF,0xFF,0x00,0x00,0x00,0x00,
	0x00,0xFF,0xFF,0xFF,0xFF,0xFF,0xFF,0xFF,0xFF,0xFF,0xFF,0xFF,0xFF,0xFF,0xFF,0xFF,0xFF,0xFF,0xFF,0xFF,0xFF,0xFF,0xFF,0xFF,0xFF,0x00,0xFF,0xFF,0xFF,0xFF,0xFF,0xFF,0x00,0x00,0x00,0x00,0x00,0x00,0x00,0x00,0x00,0x00,0x00,0x00,0x00,0x00,0x00,0x00,0x00,0x00,0x00,0x00,0x00,0x00,0x00,0x00,0x00,0x00,0x00,0x00,0x00,0x00,0x00,0x00,
	0x00,0x00,0x00,0x00,0x00,0x00,0x00,0x00,0xFF,0xFF,0xFF,0xFF,0xFF,0xFF,0xFF,0xFF,0xFF,0xFF,0xFF,0xFF,0xFF,0xFF,0xFF,0xFF,0xFF,0xFF,0xFF,0xFF,0xFF,0xFF,0xFF,0xFF,0x00,0xFF,0xFF,0xFF,0xFF,0xFF,0xFF,0x00,0x00,0x00,0x00,0x00,0x00,0x00,0x00,0x00,0x00,0x00,0x00,0x00,0x00,0x00,0x00,0x00,0x00,0x00,0x00,0x00,0x00,0x00,0x00,0x00,
	0x00,0x00,0x00,0x00,0x00,0x00,0x00,0x00,0x00,0x00,0x00,0x00,0x00,0x00,0x00,0xFF,0xFF,0xFF,0xFF,0xFF,0xFF,0xFF,0xFF,0xFF,0xFF,0xFF,0xFF,0xFF,0xFF,0xFF,0xFF,0xFF,0xFF,0xFF,0xFF,0xFF,0xFF,0xFF,0xFF,0x00,0xFF,0xFF,0xFF,0xFF,0xFF,0xFF,0x00,0x00,0x00,0x00,0x00,0x00,0x00,0x00,0x00,0x00,0x00,0x00,0x00,0x00,0x00,0x00,0x00,0x00,
	0x00,0x00,0x00,0x00,0x00,0x00,0x00,0x00,0x00,0x00,0x00,0x00,0x00,0x00,0x00,0x00,0x00,0x00,0x00,0x00,0x00,0x00,0xFF,0xFF,0xFF,0xFF,0xFF,0xFF,0xFF,0xFF,0xFF,0xFF,0xFF,0xFF,0xFF,0xFF,0xFF,0xFF,0xFF,0xFF,0xFF,0xFF,0xFF,0xFF,0xFF,0xFF,0x00,0xFF,0xFF,0xFF,0xFF,0xFF,0xFF,0x00,0x00,0x00,0x00,0x00,0x00,0x00,0x00,0x00,0x00,0x00,
	0x00,0x00,0x00,0x00,0x00,0x00,0x00,0x00,0x00,0x00,0x00,0x00,0x00,0x00,0x00,0x00,0x00,0x00,0x00,0x00,0x00,0x00,0x00,0x00,0x00,0x00,0x00,0x00,0x00,0xFF,0xFF,0xFF,0xFF,0xFF,0xFF,0xFF,0xFF,0xFF,0xFF,0xFF,0xFF,0xFF,0xFF,0xFF,0xFF,0xFF,0xFF,0xFF,0xFF,0xFF,0xFF,0xFF,0xFF,0xFF,0xFF,0xFF,0xFF,0xFF,0xFF,0xFF,0x00,0x00,0x00,0x00,
	0x00,0x00,0x00,0x00,0x00,0x00,0x00,0x00,0x00,0x00,0x00,0x00,0x00,0x00,0x00,0x00,0x00,0x00,0x00,0x00,0x00,0x00,0x00,0x00,0x00,0x00,0x00,0x00,0x00,0x00,0x00,0x00,0x00,0x00,0x00,0x00,0xFF,0xFF,0xFF,0xFF,0xFF,0xFF,0xFF,0xFF,0xFF,0xFF,0xFF,0xFF,0xFF,0xFF,0xFF,0xFF,0xFF,0xFF,0xFF,0xFF,0xFF,0xFF,0xFF,0xFF,0xFF,0xFF,0xFF,0xFF,
	0xFF,0xFF,0xFF,0x00,0x00,0x00,0x00,0x00,0x00,0x00,0x00,0x00,0xFF,0xFF,0xFF,0xFF,0xFF,0xFF,0xFF,0xFF,0xFF,0xFF,0xFF,0xFF,0xFF,0xFF,0xFF,0xFF,0xFF,0xFF,0xFF,0xFF,0xFF,0xFF,0xFF,0xFF,0x00,0x00,0x00,0x00,0x00,0x00,0x00,0xFF,0xFF,0xFF,0xFF,0xFF,0xFF,0xFF,0xFF,0xFF,0xFF,0xFF,0xFF,0xFF,0xFF,0xFF,0xFF,0xFF,0xFF,0xFF,0xFF,0xFF,
	0xFF,0xFF,0xFF,0xFF,0xFF,0xFF,0xFF,0xFF,0xFF,0xFF,0x00,0x00,0x00,0x00,0x00,0x00,0x00,0x00,0xFF,0xFF,0xFF,0xFF,0xFF,0xFF,0xFF,0xFF,0xFF,0xFF,0xFF,0xFF,0xFF,0xFF,0xFF,0xFF,0xFF,0xFF,0xFF,0xFF,0xFF,0xFF,0xFF,0xFF,0xFF,0xFF,0x00,0x00,0x00,0x00,0x00,0x00,0xFF,0xFF,0xFF,0xFF,0xFF,0xFF,0xFF,0xFF,0xFF,0xFF,0xFF,0xFF,0xFF,0xFF,
	0xFF,0xFF,0xFF,0xFF,0xFF,0xFF,0xFF,0xFF,0xFF,0xFF,0xFF,0xFF,0xFF,0xFF,0xFF,0xFF,0xFF,0x00,0x00,0x00,0x00,0x00,0x00,0x00,0x00,0xFF,0xFF,0xFF,0xFF,0xFF,0xFF,0xFF,0xFF,0xFF,0xFF,0xFF,0xFF,0xFF,0xFF,0xFF,0xFF,0xFF,0xFF,0xFF,0xFF,0xFF,0xFF,0xFF,0xFF,0xFF,0xFF,0x00,0x00,0x00,0x00,0x00,0x00,0xFF,0xFF,0xFF,0xFF,0xFF,0xFF,0xFF,
	0xFF,0xFF,0xFF,0xFF,0xFF,0xFF,0xFF,0xFF,0xFF,0xFF,0xFF,0xFF,0xFF,0xFF,0xFF,0xFF,0xFF,0xFF,0xFF,0xFF,0xFF,0xFF,0xFF,0xFF,0x00,0x00,0x00,0x00,0x00,0x00,0x00,0x00,0xFF,0xFF,0xFF,0xFF,0xFF,0xFF,0xFF,0xFF,0xFF,0xFF,0xFF,0xFF,0xFF,0xFF,0xFF,0xFF,0xFF,0xFF,0xFF,0xFF,0xFF,0xFF,0xFF,0xFF,0xFF,0xFF,0x00,0x00,0x00,0x00,0x00,0x00,
	0xFF,0xFF,0xFF,0xFF,0xFF,0xFF,0xFF,0xFF,0x00,0x00,0x00,0x00,0x00,0x00,0x00,0x00,0x00,0x00,0x00,0x00,0x00,0x00,0xFF,0xFF,0x00,0xFF,0xFF,0xFF,0xFF,0xFF,0xFF,0x00,0x00,0x00,0x00,0x00,0x00,0x00,0x00,0xFF,0xFF,0xFF,0xFF,0xFF,0xFF,0xFF,0xFF,0xFF,0xFF,0xFF,0xFF,0xFF,0xFF,0xFF,0xFF,0xFF,0xFF,0xFF,0xFF,0xFF,0xFF,0xFF,0xFF,0xFF,
	0xFF,0x00,0x00,0x00,0x00,0x00,0x00,0xFF,0xFF,0xFF,0xFF,0xFF,0xFF,0xFF,0xFF,0xFF,0xFF,0xFF,0xFF,0xFF,0xFF,0xFF,0xFF,0xFF,0xFF,0xFF,0xFF,0xFF,0xFF,0xFF,0xFF,0x00,0xFF,0xFF,0xFF,0xFF,0xFF,0xFF,0x00,0x00,0x00,0x00,0x00,0x00,0x00,0x00,0xFF,0xFF,0xFF,0xFF,0xFF,0xFF,0xFF,0xFF,0xFF,0xFF,0xFF,0xFF,0xFF,0xFF,0xFF,0xFF,0xFF,0xFF,
	0xFF,0xFF,0xFF,0xFF,0xFF,0xFF,0xFF,0xFF,0x00,0x00,0x00,0x00,0x00,0x00,0xFF,0xFF,0xFF,0xFF,0xFF,0xFF,0x00,0xFF,0xFF,0xFF,0xFF,0xFF,0xFF,0xFF,0xFF,0xFF,0xFF,0xFF,0xFF,0xFF,0xFF,0xFF,0xFF,0xFF,0x00,0xFF,0xFF,0xFF,0xFF,0xFF,0xFF,0x00,0x00,0x00,0x00,0x00,0x00,0x00,0x00,0x00,0x00,0x00,0x00,0x00,0x00,0x00,0x00,0x00,0x00,0x00,
	0x00,0x00,0x00,0x00,0x00,0x00,0x00,0x00,0x00,0x00,0x00,0x00,0x00,0x00,0x00,0x00,0x00,0x00,0x00,0x00,0x00,0xFF,0xFF,0xFF,0xFF,0xFF,0xFF,0x00,0xFF,0xFF,0xFF,0xFF,0xFF,0xFF,0xFF,0xFF,0xFF,0xFF,0xFF,0xFF,0xFF,0xFF,0xFF,0xFF,0xFF,0x00,0xFF,0xFF,0xFF,0xFF,0xFF,0xFF,0x00,0x00,0x00,0x00,0x00,0x00,0x00,0x00,0x00,0x00,0x00,0x00,
	0x00,0x00,0x00,0x00,0x00,0x00,0x00,0x00,0x00,0x00,0x00,0x00,0x00,0x00,0x00,0x00,0x00,0x00,0x00,0x00,0x00,0x00,0x00,0x00,0x00,0x00,0x00,0x00,0xFF,0xFF,0xFF,0xFF,0xFF,0xFF,0x00,0xFF,0xFF,0xFF,0xFF,0xFF,0xFF,0xFF,0xFF,0xFF,0xFF,0xFF,0xFF,0xFF,0xFF,0xFF,0xFF,0xFF,0x00,0xFF,0xFF,0xFF,0xFF,0xFF,0xFF,0x00,0x00,0x00,0x00,0x00,
	0x00,0x00,0x00,0x00,0x00,0x00,0x00,0x00,0x00,0x00,0x00,0x00,0x00,0x00,0x00,0x00,0x00,0x00,0x00,0x00,0x00,0x00,0x00,0x00,0x00,0x00,0x00,0x00,0x00,0x00,0x00,0x00,0x00,0x00,0xFF,0xFF,0xFF,0xFF,0xFF,0xFF,0xFF,0x00,0xFF,0xFF,0xFF,0xFF,0xFF,0xFF,0x00,0x00,0x00,0x00,0x00,0xFF,0xFF,0xFF,0xFF,0xFF,0xFF,0x00,0xFF,0xFF,0xFF,0xFF,
	0xFF,0xFF,0x00,0x00,0x00,0x00,0x00,0x00,0x00,0x00,0x00,0x00,0x00,0x00,0x00,0x00,0x00,0x00,0x00,0x00,0x00,0x00,0x00,0x00,0x00,0x00,0x00,0x00,0x00,0x00,0x00,0x00,0x00,0x00,0x00,0x00,0x00,0x00,0x00,0x00,0x00,0xFF,0xFF,0xFF,0xFF,0xFF,0xFF,0xFF,0x00,0xFF,0xFF,0xFF,0xFF,0xFF,0xFF,0xFF,0xFF,0xFF,0xFF,0xFF,0xFF,0xFF,0xFF,0xFF,
	0xFF,0xFF,0x00,0xFF,0xFF,0xFF,0xFF,0xFF,0xFF,0x00,0x00,0x00,0x00,0x00,0x00,0x00,0x00,0x00,0x00,0x00,0x00,0x00,0x00,0x00,0x00,0x00,0x00,0x00,0x00,0x00,0x00,0x00,0x00,0x00,0x00,0x00,0x00,0x00,0x00,0x00,0x00,0x00,0x00,0x00,0x00,0x00,0x00,0x00,0xFF,0xFF,0xFF,0xFF,0xFF,0xFF,0x00,0x00,0xFF,0xFF,0xFF,0xFF,0xFF,0xFF,0xFF,0xFF,
	0xFF,0xFF,0xFF,0xFF,0xFF,0xFF,0xFF,0xFF,0xFF,0x00,0xFF,0xFF,0xFF,0xFF,0xFF,0xFF,0x00,0x00,0x00,0x00,0x00,0x00,0x00,0x00,0x00,0x00,0x00,0x00,0x00,0x00,0x00,0x00,0x00,0x00,0x00,0x00,0x00,0x00,0x00,0x00,0x00,0x00,0x00,0x00,0x00,0x00,0x00,0x00,0x00,0x00,0x00,0x00,0x00,0x00,0x00,0xFF,0xFF,0xFF,0xFF,0xFF,0xFF,0x00,0x00,0xFF,
	0xFF,0xFF,0xFF,0xFF,0xFF,0xFF,0xFF,0xFF,0xFF,0xFF,0xFF,0xFF,0xFF,0xFF,0xFF,0xFF,0x00,0xFF,0xFF,0xFF,0xFF,0xFF,0xFF,0x00,0x00,0x00,0x00,0x00,0x00,0x00,0x00,0x00,0x00,0x00,0x00,0x00,0x00,0x00,0x00,0x00,0x00,0x00,0x00,0x00,0x00,0x00,0x00,0x00,0x00,0x00,0x00,0x00,0x00,0x00,0x00,0x00,0x00,0x00,0x00,0x00,0x00,0x00,0xFF,0xFF,
	0xFF,0xFF,0xFF,0xFF,0x00,0x00,0xFF,0xFF,0xFF,0xFF,0xFF,0xFF,0xFF,0xFF,0xFF,0xFF,0xFF,0xFF,0xFF,0xFF,0xFF,0xFF,0xFF,0x00,0xFF,0xFF,0xFF,0xFF,0xFF,0xFF,0x00,0x00,0x00,0x00,0xFF,0xFF,0xFF,0xFF,0xFF,0xFF,0xFF,0xFF,0xFF,0xFF,0xFF,0xFF,0xFF,0xFF,0xFF,0xFF,0xFF,0xFF,0xFF,0xFF,0xFF,0xFF,0xFF,0xFF,0xFF,0xFF,0xFF,0xFF,0xFF,0xFF,
	0xFF,0xFF,0xFF,0xFF,0xFF,0xFF,0xFF,0xFF,0xFF,0xFF,0xFF,0x00,0x00,0xFF,0xFF,0xFF,0xFF,0xFF,0xFF,0xFF,0xFF,0xFF,0xFF,0xFF,0xFF,0xFF,0xFF,0xFF,0xFF,0xFF,0x00,0xFF,0xFF,0xFF,0xFF,0xFF,0xFF,0x00,0x00,0x00,0xFF,0xFF,0xFF,0xFF,0xFF,0xFF,0xFF,0xFF,0xFF,0xFF,0xFF,0xFF,0xFF,0xFF,0xFF,0xFF,0xFF,0xFF,0xFF,0xFF,0xFF,0xFF,0xFF,0xFF,
	0xFF,0xFF,0xFF,0xFF,0xFF,0xFF,0xFF,0xFF,0xFF,0xFF,0xFF,0xFF,0xFF,0xFF,0xFF,0xFF,0xFF,0xFF,0x00,0x00,0xFF,0xFF,0xFF,0xFF,0xFF,0xFF,0xFF,0xFF,0xFF,0xFF,0xFF,0xFF,0xFF,0xFF,0xFF,0xFF,0xFF,0xFF,0xFF,0xFF,0xFF,0xFF,0xFF,0xFF,0x00,0x00,0x00,0xFF,0xFF,0xFF,0xFF,0xFF,0xFF,0xFF,0xFF,0xFF,0xFF,0xFF,0xFF,0xFF,0xFF,0xFF,0xFF,0xFF,
	0xFF,0xFF,0xFF,0xFF,0xFF,0xFF,0xFF,0xFF,0xFF,0xFF,0xFF,0xFF,0xFF,0xFF,0xFF,0xFF,0xFF,0xFF,0xFF,0xFF,0xFF,0xFF,0xFF,0xFF,0xFF,0x00,0x00,0x00,0x00,0x00,0x00,0x00,0x00,0x00,0x00,0x00,0x00,0x00,0x00,0xFF,0xFF,0xFF,0xFF,0xFF,0xFF,0xFF,0xFF,0xFF,0xFF,0xFF,0xFF,0x00,0x00,0x00,0xFF,0xFF,0xFF,0xFF,0xFF,0xFF,0xFF,0xFF,0xFF,0xFF,
	0xFF,0xFF,0xFF,0xFF,0xFF,0xFF,0xFF,0xFF,0xFF,0xFF,0xFF,0xFF,0xFF,0xFF,0xFF,0xFF,0xFF,0xFF,0xFF,0xFF,0xFF,0xFF,0xFF,0xFF,0xFF,0xFF,0xFF,0xFF,0xFF,0xFF,0xFF,0x00,0x00,0x00,0x00,0x00,0x00,0x00,0x00,0x00,0x00,0x00,0x00,0x00,0x00,0xFF,0xFF,0xFF,0xFF,0xFF,0xFF,0xFF,0xFF,0xFF,0xFF,0xFF,0xFF,0xFF,0x00,0x00,0x00,0xFF,0xFF,0xFF,
	0xFF,0xFF,0xFF,0xFF,0xFF,0xFF,0xFF,0xFF,0xFF,0xFF,0xFF,0xFF,0xFF,0xFF,0xFF,0xFF,0xFF,0xFF,0xFF,0xFF,0xFF,0xFF,0xFF,0xFF,0xFF,0xFF,0xFF,0xFF,0xFF,0xFF,0xFF,0xFF,0xFF,0xFF,0xFF,0xFF,0xFF,0xFF,0x00,0x00,0x00,0x00,0x00,0x00,0x00,0x00,0x00,0x00,0x00,0x00,0x00,0x00,0x00,0xFF,0xFF,0xFF,0xFF,0xFF,0xFF,0xFF,0xFF,0xFF,0xFF,0xFF,
	0xFF,0x00,0x00,0x00,0xFF,0xFF,0xFF,0xFF,0xFF,0xFF,0xFF,0xFF,0xFF,0xFF,0xFF,0xFF,0xFF,0xFF,0xFF,0xFF,0xFF,0xFF,0xFF,0xFF,0xFF,0xFF,0xFF,0xFF,0xFF,0xFF,0xFF,0xFF,0xFF,0xFF,0xFF,0xFF,0xFF,0xFF,0xFF,0x00,0xFF,0xFF,0xFF,0xFF,0x00,0x00,0x00,0x00,0x00,0x00,0x00,0x00,0x00,0x00,0x00,0x00,0x00,0x00,0x00,0x00,0x00,0xFF,0xFF,0xFF,
	0xFF,0xFF,0xFF,0xFF,0xFF,0xFF,0x00,0x00,0x00,0x00,0x00,0x00,0x00,0x00,0x00,0x00,0x00,0x00,0x00,0x00,0x00,0x00,0x00,0x00,0x00,0x00,0x00,0x00,0x00,0x00,0x00,0x00,0x00,0x00,0x00,0x00,0x00,0x00,0x00,0x00,0x00,0x00,0x00,0x00,0x00,0x00,
    };
        


const lv_img_dsc_t face_174_390_dial_img_35_303091_2 = {
    .header.magic = LV_IMAGE_HEADER_MAGIC,
    .header.w = 71,
    .header.h = 34,
    .data_size = sizeof(face_174_390_dial_img_35_303091_data_2),
    .header.cf = LV_COLOR_FORMAT_RGB565A8,
    .data = face_174_390_dial_img_35_303091_data_2};

    
// LVGL 9 format (RGB565) // LVGL_9 compatible 
const LV_ATTRIBUTE_MEM_ALIGN uint8_t face_174_390_dial_img_35_303091_data_3[] = {
	//RGB565 data 
	0x00,0x00,0x20,0x00,0xA2,0x10,0x41,0x08,0x00,0x00,0x00,0x00,0x00,0x00,0x00,0x00,0x00,0x00,0x00,0x00,0x00,0x00,0x00,0x00,0x00,0x00,0x00,0x00,0x00,0x00,0x00,0x00,0x00,0x00,0x00,0x00,0x00,0x00,0x00,0x00,0x00,0x00,0x00,0x00,0x00,0x00,0xA2,0x10,0xA2,0x10,0xA2,0x10,0xA2,0x10,0xA2,0x10,0xA2,0x10,0x41,0x08,0x00,0x00,0x00,0x00,
	0x00,0x00,0x00,0x00,0x00,0x00,0x00,0x00,0x00,0x00,0x00,0x00,0x00,0x00,0x00,0x00,0x00,0x00,0x00,0x00,0x00,0x00,0x00,0x00,0x00,0x00,0x00,0x00,0x00,0x00,0x00,0x00,0x00,0x00,0x00,0x00,0x00,0x00,0x00,0x00,0x00,0x00,0x00,0x00,0x00,0x00,0x00,0x00,0x00,0x00,0x00,0x00,0x00,0x00,0x00,0x00,0x00,0x00,0x00,0x00,0x00,0x00,0x00,0x00,
	0x00,0x00,0x00,0x00,0x00,0x00,0x00,0x00,0x00,0x00,0x00,0x00,0x00,0x00,0x00,0x00,0x00,0x00,0x00,0x00,0xA2,0x10,0xE8,0x41,0xE8,0x41,0xE8,0x41,0xE8,0x41,0xE8,0x41,0xE8,0x41,0xE8,0x41,0xE8,0x41,0xE8,0x41,0xE8,0x41,0xE8,0x41,0xE8,0x41,0xE8,0x41,0xE8,0x41,0xE8,0x41,0xE8,0x41,0xE8,0x41,0xE8,0x41,0xE8,0x41,0xE8,0x41,0xE8,0x41,
	0xE8,0x41,0xE8,0x41,0xE8,0x41,0xE8,0x41,0xE8,0x41,0x45,0x29,0xA2,0x10,0x20,0x00,0x00,0x00,0x00,0x00,0x00,0x00,0x00,0x00,0x00,0x00,0x20,0x00,0x41,0x08,0x41,0x08,0xA2,0x10,0x41,0x08,0x41,0x08,0x41,0x08,0x41,0x08,0x41,0x08,0x41,0x08,0x41,0x08,0x41,0x08,0x41,0x08,0x41,0x08,0x41,0x08,0x41,0x08,0x41,0x08,0x41,0x08,0x41,0x08,
	0x41,0x08,0x41,0x08,0x41,0x08,0x41,0x08,0x41,0x08,0x41,0x08,0x41,0x08,0x41,0x08,0x41,0x08,0xA2,0x10,0x41,0x08,0x41,0x08,0x20,0x00,0x00,0x00,0x00,0x00,0x00,0x00,0x20,0x00,0x4D,0x6B,0x14,0xA5,0xD7,0xBD,0x9A,0xD6,0xD7,0xBD,0xD7,0xBD,0xD7,0xBD,0xD7,0xBD,0xD7,0xBD,0xD7,0xBD,0xD7,0xBD,0xD7,0xBD,0xD7,0xBD,0xD7,0xBD,0xD7,0xBD,
	0xD7,0xBD,0xD7,0xBD,0xD7,0xBD,0xD7,0xBD,0xD7,0xBD,0xD7,0xBD,0xD7,0xBD,0xD7,0xBD,0xD7,0xBD,0xD7,0xBD,0xD7,0xBD,0x9A,0xD6,0x51,0x8C,0x45,0x29,0x41,0x08,0x00,0x00,0x00,0x00,0x00,0x00,0x00,0x00,0x00,0x00,0x41,0x08,0x45,0x29,0xE8,0x41,0xE8,0x41,0xE8,0x41,0xE8,0x41,0xE8,0x41,0xE8,0x41,0xE8,0x41,0xE8,0x41,0xE8,0x41,0xE8,0x41,
	0xE8,0x41,0xE8,0x41,0xE8,0x41,0xE8,0x41,0xE8,0x41,0xE8,0x41,0xE8,0x41,0xE8,0x41,0xE8,0x41,0xE8,0x41,0xE8,0x41,0xE8,0x41,0xE8,0x41,0xE8,0x41,0xE8,0x41,0xE8,0x41,0xE8,0x41,0xE8,0x41,0xE8,0x41,0xA2,0x10,0x00,0x00,0x00,0x00,0x00,0x00,0x20,0x00,0x51,0x8C,0x9A,0xD6,0xBE,0xF7,0xBE,0xF7,0xBE,0xF7,0xFF,0xFF,0xFF,0xFF,0xFF,0xFF,
	0xFF,0xFF,0xFF,0xFF,0xFF,0xFF,0xFF,0xFF,0xFF,0xFF,0xFF,0xFF,0xFF,0xFF,0xFF,0xFF,0xFF,0xFF,0xFF,0xFF,0xFF,0xFF,0xFF,0xFF,0xFF,0xFF,0xFF,0xFF,0xFF,0xFF,0xFF,0xFF,0xBE,0xF7,0xBE,0xF7,0xBE,0xF7,0xD7,0xBD,0xE8,0x41,0x41,0x08,0x00,0x00,0x00,0x00,0x00,0x00,0x00,0x00,0x00,0x00,0x45,0x29,0x51,0x8C,0xD7,0xBD,0x9A,0xD6,0x9A,0xD6,
	0x9A,0xD6,0x9A,0xD6,0x9A,0xD6,0x9A,0xD6,0x9A,0xD6,0x9A,0xD6,0x9A,0xD6,0x9A,0xD6,0x9A,0xD6,0x9A,0xD6,0x9A,0xD6,0x9A,0xD6,0x9A,0xD6,0x9A,0xD6,0x9A,0xD6,0x9A,0xD6,0x9A,0xD6,0x9A,0xD6,0x9A,0xD6,0x9A,0xD6,0x9A,0xD6,0x9A,0xD6,0x9A,0xD6,0x9A,0xD6,0xD7,0xBD,0x14,0xA5,0xE8,0x41,0x00,0x00,0x00,0x00,0x00,0x00,0x20,0x00,0x51,0x8C,
	0x5D,0xEF,0xFF,0xFF,0xFF,0xFF,0xBE,0xF7,0x5D,0xEF,0x5D,0xEF,0x5D,0xEF,0x5D,0xEF,0x5D,0xEF,0x5D,0xEF,0x5D,0xEF,0x5D,0xEF,0x5D,0xEF,0x5D,0xEF,0x5D,0xEF,0x5D,0xEF,0x5D,0xEF,0x5D,0xEF,0x5D,0xEF,0x5D,0xEF,0x5D,0xEF,0x5D,0xEF,0x5D,0xEF,0xBE,0xF7,0xFF,0xFF,0xFF,0xFF,0xD7,0xBD,0xE8,0x41,0x41,0x08,0x00,0x00,0x00,0x00,0x00,0x00,
	0x00,0x00,0x00,0x00,0xE8,0x41,0xD7,0xBD,0xFF,0xFF,0xFF,0xFF,0xFF,0xFF,0xFF,0xFF,0xFF,0xFF,0xFF,0xFF,0xFF,0xFF,0xFF,0xFF,0xFF,0xFF,0xFF,0xFF,0xFF,0xFF,0xFF,0xFF,0xFF,0xFF,0xFF,0xFF,0xFF,0xFF,0xFF,0xFF,0xFF,0xFF,0xFF,0xFF,0xFF,0xFF,0xFF,0xFF,0xFF,0xFF,0xFF,0xFF,0xFF,0xFF,0xFF,0xFF,0xFF,0xFF,0xFF,0xFF,0xFF,0xFF,0xFF,0xFF,
	0x9A,0xD6,0xE8,0x41,0x00,0x00,0x00,0x00,0x00,0x00,0x20,0x00,0x51,0x8C,0x5D,0xEF,0xFF,0xFF,0x5D,0xEF,0xD7,0xBD,0x14,0xA5,0x51,0x8C,0x51,0x8C,0x51,0x8C,0x51,0x8C,0x51,0x8C,0x51,0x8C,0x51,0x8C,0x51,0x8C,0x51,0x8C,0x51,0x8C,0x51,0x8C,0x51,0x8C,0x51,0x8C,0x51,0x8C,0x51,0x8C,0x51,0x8C,0x51,0x8C,0x51,0x8C,0x9A,0xD6,0xFF,0xFF,
	0xFF,0xFF,0xD7,0xBD,0xE8,0x41,0x41,0x08,0x00,0x00,0x00,0x00,0x00,0x00,0x00,0x00,0x00,0x00,0xE8,0x41,0xD7,0xBD,0xBE,0xF7,0xFF,0xFF,0xFF,0xFF,0xFF,0xFF,0xFF,0xFF,0xFF,0xFF,0xFF,0xFF,0xFF,0xFF,0xFF,0xFF,0xFF,0xFF,0xFF,0xFF,0xFF,0xFF,0xFF,0xFF,0xFF,0xFF,0xFF,0xFF,0xFF,0xFF,0xFF,0xFF,0xFF,0xFF,0xFF,0xFF,0xFF,0xFF,0xFF,0xFF,
	0xFF,0xFF,0xFF,0xFF,0xFF,0xFF,0xFF,0xFF,0xFF,0xFF,0xFF,0xFF,0xBE,0xF7,0xD7,0xBD,0xE8,0x41,0x00,0x00,0x00,0x00,0x00,0x00,0x20,0x00,0x51,0x8C,0x5D,0xEF,0xFF,0xFF,0x9A,0xD6,0x51,0x8C,0xE8,0x41,0x45,0x29,0x45,0x29,0x45,0x29,0x45,0x29,0x45,0x29,0xE8,0x41,0x4D,0x6B,0x14,0xA5,0xD7,0xBD,0x14,0xA5,0x4D,0x6B,0x45,0x29,0x45,0x29,
	0x45,0x29,0x45,0x29,0x45,0x29,0x45,0x29,0xE8,0x41,0x14,0xA5,0xFF,0xFF,0xFF,0xFF,0xD7,0xBD,0xE8,0x41,0x41,0x08,0x00,0x00,0x00,0x00,0x00,0x00,0x00,0x00,0x00,0x00,0xE8,0x41,0xD7,0xBD,0xBE,0xF7,0xBE,0xF7,0x9A,0xD6,0x14,0xA5,0x51,0x8C,0x51,0x8C,0x51,0x8C,0x51,0x8C,0x9A,0xD6,0xFF,0xFF,0xFF,0xFF,0x9A,0xD6,0x14,0xA5,0x51,0x8C,
	0x51,0x8C,0x51,0x8C,0x9A,0xD6,0xFF,0xFF,0xFF,0xFF,0x9A,0xD6,0x51,0x8C,0x51,0x8C,0x51,0x8C,0x51,0x8C,0x51,0x8C,0xD7,0xBD,0xBE,0xF7,0xBE,0xF7,0xD7,0xBD,0xE8,0x41,0x00,0x00,0x00,0x00,0x00,0x00,0x20,0x00,0x51,0x8C,0x5D,0xEF,0xFF,0xFF,0x9A,0xD6,0x4D,0x6B,0x41,0x08,0x00,0x00,0x41,0x08,0x41,0x08,0x41,0x08,0x41,0x08,0xA2,0x10,
	0x4D,0x6B,0x5D,0xEF,0xFF,0xFF,0x9A,0xD6,0xE8,0x41,0x41,0x08,0x41,0x08,0x41,0x08,0x41,0x08,0x20,0x00,0x00,0x00,0x00,0x00,0x51,0x8C,0xFF,0xFF,0xFF,0xFF,0xD7,0xBD,0xE8,0x41,0x41,0x08,0x00,0x00,0x00,0x00,0x00,0x00,0x00,0x00,0x00,0x00,0xE8,0x41,0xD7,0xBD,0xBE,0xF7,0xBE,0xF7,0x51,0x8C,0xE8,0x41,0x00,0x00,0x00,0x00,0x00,0x00,
	0x00,0x00,0x51,0x8C,0xFF,0xFF,0xFF,0xFF,0xD7,0xBD,0x45,0x29,0x00,0x00,0x00,0x00,0x45,0x29,0x14,0xA5,0xFF,0xFF,0xFF,0xFF,0x14,0xA5,0x00,0x00,0x00,0x00,0x00,0x00,0x00,0x00,0x45,0x29,0x51,0x8C,0x5D,0xEF,0xFF,0xFF,0xD7,0xBD,0xE8,0x41,0x00,0x00,0x00,0x00,0x00,0x00,0x20,0x00,0x51,0x8C,0x5D,0xEF,0xFF,0xFF,0x9A,0xD6,0x4D,0x6B,
	0x41,0x08,0x45,0x29,0x51,0x8C,0x51,0x8C,0x51,0x8C,0x51,0x8C,0x14,0xA5,0xD7,0xBD,0xBE,0xF7,0xFF,0xFF,0x5D,0xEF,0xD7,0xBD,0x51,0x8C,0x51,0x8C,0x51,0x8C,0x51,0x8C,0x4D,0x6B,0x45,0x29,0x00,0x00,0x51,0x8C,0xFF,0xFF,0xFF,0xFF,0xD7,0xBD,0xE8,0x41,0x41,0x08,0x00,0x00,0x00,0x00,0x00,0x00,0x00,0x00,0x00,0x00,0xE8,0x41,0xD7,0xBD,
	0xBE,0xF7,0xBE,0xF7,0x14,0xA5,0xE8,0x41,0x00,0x00,0x00,0x00,0x00,0x00,0x00,0x00,0x51,0x8C,0xFF,0xFF,0xFF,0xFF,0xD7,0xBD,0xE8,0x41,0x00,0x00,0x00,0x00,0x45,0x29,0x14,0xA5,0xFF,0xFF,0xFF,0xFF,0x14,0xA5,0x00,0x00,0x00,0x00,0x00,0x00,0x00,0x00,0x45,0x29,0x51,0x8C,0x5D,0xEF,0xFF,0xFF,0xD7,0xBD,0xE8,0x41,0x00,0x00,0x00,0x00,
	0x00,0x00,0x20,0x00,0x51,0x8C,0x5D,0xEF,0xFF,0xFF,0x9A,0xD6,0x4D,0x6B,0x20,0x00,0xE8,0x41,0x5D,0xEF,0xBE,0xF7,0x5D,0xEF,0x5D,0xEF,0x5D,0xEF,0xBE,0xF7,0xFF,0xFF,0xFF,0xFF,0xFF,0xFF,0xBE,0xF7,0x5D,0xEF,0x5D,0xEF,0x5D,0xEF,0x5D,0xEF,0x14,0xA5,0xE8,0x41,0x00,0x00,0x51,0x8C,0xFF,0xFF,0xFF,0xFF,0xD7,0xBD,0xE8,0x41,0x41,0x08,
	0x00,0x00,0x00,0x00,0x00,0x00,0x00,0x00,0x00,0x00,0xE8,0x41,0xD7,0xBD,0xBE,0xF7,0xBE,0xF7,0x14,0xA5,0xE8,0x41,0x00,0x00,0x00,0x00,0x00,0x00,0x00,0x00,0x51,0x8C,0xFF,0xFF,0xFF,0xFF,0xD7,0xBD,0xE8,0x41,0x41,0x08,0x20,0x00,0x45,0x29,0x14,0xA5,0xFF,0xFF,0xFF,0xFF,0x14,0xA5,0x00,0x00,0x00,0x00,0x00,0x00,0x00,0x00,0xE8,0x41,
	0x51,0x8C,0x5D,0xEF,0xFF,0xFF,0xD7,0xBD,0xE8,0x41,0x00,0x00,0x00,0x00,0x00,0x00,0x20,0x00,0x51,0x8C,0x5D,0xEF,0xFF,0xFF,0x9A,0xD6,0x4D,0x6B,0x20,0x00,0xE8,0x41,0xFF,0xFF,0xFF,0xFF,0xFF,0xFF,0xFF,0xFF,0xFF,0xFF,0xFF,0xFF,0xFF,0xFF,0xFF,0xFF,0xFF,0xFF,0xFF,0xFF,0xFF,0xFF,0xFF,0xFF,0xFF,0xFF,0xFF,0xFF,0xD7,0xBD,0xE8,0x41,
	0x00,0x00,0x51,0x8C,0xFF,0xFF,0xFF,0xFF,0xD7,0xBD,0xE8,0x41,0x41,0x08,0x00,0x00,0x00,0x00,0x00,0x00,0x00,0x00,0x00,0x00,0xE8,0x41,0xD7,0xBD,0xBE,0xF7,0xBE,0xF7,0x14,0xA5,0xE8,0x41,0x00,0x00,0x00,0x00,0x00,0x00,0x00,0x00,0x51,0x8C,0xFF,0xFF,0xFF,0xFF,0xD7,0xBD,0xE8,0x41,0x41,0x08,0x20,0x00,0x45,0x29,0x14,0xA5,0xFF,0xFF,
	0xFF,0xFF,0x14,0xA5,0x00,0x00,0x00,0x00,0x00,0x00,0x00,0x00,0xE8,0x41,0x51,0x8C,0x5D,0xEF,0xFF,0xFF,0xD7,0xBD,0xE8,0x41,0x00,0x00,0x00,0x00,0x00,0x00,0x20,0x00,0x51,0x8C,0x5D,0xEF,0xFF,0xFF,0x9A,0xD6,0x4D,0x6B,0x41,0x08,0x45,0x29,0x51,0x8C,0x51,0x8C,0x51,0x8C,0x51,0x8C,0x51,0x8C,0xD7,0xBD,0x5D,0xEF,0xFF,0xFF,0x5D,0xEF,
	0x14,0xA5,0x51,0x8C,0x51,0x8C,0x51,0x8C,0x51,0x8C,0x4D,0x6B,0x45,0x29,0x00,0x00,0x51,0x8C,0xFF,0xFF,0xFF,0xFF,0xD7,0xBD,0xE8,0x41,0x41,0x08,0x00,0x00,0x00,0x00,0x00,0x00,0x00,0x00,0x00,0x00,0xE8,0x41,0xD7,0xBD,0xBE,0xF7,0xBE,0xF7,0x14,0xA5,0xE8,0x41,0x00,0x00,0x00,0x00,0x00,0x00,0x00,0x00,0x51,0x8C,0xFF,0xFF,0xFF,0xFF,
	0xD7,0xBD,0xE8,0x41,0x41,0x08,0x20,0x00,0x45,0x29,0x14,0xA5,0xFF,0xFF,0xFF,0xFF,0x14,0xA5,0x00,0x00,0x00,0x00,0x00,0x00,0x00,0x00,0xE8,0x41,0x51,0x8C,0x5D,0xEF,0xFF,0xFF,0xD7,0xBD,0xE8,0x41,0x00,0x00,0x00,0x00,0x00,0x00,0x20,0x00,0x51,0x8C,0x5D,0xEF,0xFF,0xFF,0x9A,0xD6,0x4D,0x6B,0xA2,0x10,0x41,0x08,0x45,0x29,0x45,0x29,
	0x45,0x29,0x45,0x29,0xE8,0x41,0x4D,0x6B,0x5D,0xEF,0xFF,0xFF,0x9A,0xD6,0x4D,0x6B,0x45,0x29,0x45,0x29,0x45,0x29,0x45,0x29,0x45,0x29,0x41,0x08,0x00,0x00,0x51,0x8C,0xFF,0xFF,0xFF,0xFF,0xD7,0xBD,0xE8,0x41,0x41,0x08,0x00,0x00,0x00,0x00,0x00,0x00,0x00,0x00,0x00,0x00,0xE8,0x41,0xD7,0xBD,0xBE,0xF7,0xBE,0xF7,0x14,0xA5,0xE8,0x41,
	0x00,0x00,0x00,0x00,0x00,0x00,0x00,0x00,0x51,0x8C,0xFF,0xFF,0xFF,0xFF,0xD7,0xBD,0xE8,0x41,0x41,0x08,0x20,0x00,0x45,0x29,0x14,0xA5,0xFF,0xFF,0xFF,0xFF,0x14,0xA5,0x00,0x00,0x00,0x00,0x00,0x00,0x00,0x00,0xE8,0x41,0x51,0x8C,0x5D,0xEF,0xFF,0xFF,0xD7,0xBD,0xE8,0x41,0x00,0x00,0x00,0x00,0x00,0x00,0x20,0x00,0x51,0x8C,0x5D,0xEF,
	0xFF,0xFF,0x9A,0xD6,0x4D,0x6B,0x45,0x29,0x45,0x29,0x45,0x29,0xE8,0x41,0x45,0x29,0x45,0x29,0xE8,0x41,0x4D,0x6B,0x5D,0xEF,0xFF,0xFF,0x9A,0xD6,0x4D,0x6B,0x45,0x29,0x45,0x29,0x45,0x29,0x45,0x29,0xE8,0x41,0xA2,0x10,0x20,0x00,0x51,0x8C,0xFF,0xFF,0xFF,0xFF,0xD7,0xBD,0xE8,0x41,0x41,0x08,0x00,0x00,0x00,0x00,0x00,0x00,0x00,0x00,
	0x00,0x00,0xE8,0x41,0xD7,0xBD,0xBE,0xF7,0xBE,0xF7,0x14,0xA5,0xE8,0x41,0x00,0x00,0x00,0x00,0x00,0x00,0x00,0x00,0x51,0x8C,0xFF,0xFF,0xFF,0xFF,0xD7,0xBD,0xE8,0x41,0x41,0x08,0x20,0x00,0x45,0x29,0x14,0xA5,0xFF,0xFF,0xFF,0xFF,0x14,0xA5,0x00,0x00,0x00,0x00,0x00,0x00,0x00,0x00,0xE8,0x41,0x51,0x8C,0x5D,0xEF,0xFF,0xFF,0xD7,0xBD,
	0xE8,0x41,0x00,0x00,0x00,0x00,0x00,0x00,0x20,0x00,0x51,0x8C,0x5D,0xEF,0xFF,0xFF,0xD7,0xBD,0x51,0x8C,0x4D,0x6B,0x51,0x8C,0x14,0xA5,0x14,0xA5,0x14,0xA5,0x14,0xA5,0x14,0xA5,0xD7,0xBD,0xBE,0xF7,0xFF,0xFF,0x5D,0xEF,0xD7,0xBD,0x51,0x8C,0x14,0xA5,0x14,0xA5,0x14,0xA5,0x14,0xA5,0x4D,0x6B,0x45,0x29,0x14,0xA5,0xFF,0xFF,0xFF,0xFF,
	0xD7,0xBD,0xE8,0x41,0x41,0x08,0x00,0x00,0x00,0x00,0x00,0x00,0x00,0x00,0x00,0x00,0xE8,0x41,0xD7,0xBD,0xBE,0xF7,0xBE,0xF7,0x14,0xA5,0xE8,0x41,0x00,0x00,0x00,0x00,0x00,0x00,0x41,0x08,0x14,0xA5,0xFF,0xFF,0xFF,0xFF,0xD7,0xBD,0x45,0x29,0x20,0x00,0x20,0x00,0x45,0x29,0x14,0xA5,0xFF,0xFF,0xFF,0xFF,0x14,0xA5,0x00,0x00,0x00,0x00,
	0x00,0x00,0x00,0x00,0xE8,0x41,0x51,0x8C,0x5D,0xEF,0xFF,0xFF,0xD7,0xBD,0xE8,0x41,0x00,0x00,0x00,0x00,0x00,0x00,0x20,0x00,0x51,0x8C,0x5D,0xEF,0xFF,0xFF,0xD7,0xBD,0x51,0x8C,0x14,0xA5,0x9A,0xD6,0xFF,0xFF,0xFF,0xFF,0xFF,0xFF,0xFF,0xFF,0xFF,0xFF,0xFF,0xFF,0xFF,0xFF,0xFF,0xFF,0xFF,0xFF,0xFF,0xFF,0xFF,0xFF,0xFF,0xFF,0xFF,0xFF,
	0xFF,0xFF,0xFF,0xFF,0x9A,0xD6,0xE8,0x41,0x14,0xA5,0xFF,0xFF,0xFF,0xFF,0xD7,0xBD,0xE8,0x41,0x41,0x08,0x00,0x00,0x00,0x00,0x00,0x00,0x00,0x00,0x00,0x00,0xE8,0x41,0xD7,0xBD,0xBE,0xF7,0xBE,0xF7,0x14,0xA5,0xE8,0x41,0x00,0x00,0x00,0x00,0x20,0x00,0x45,0x29,0x14,0xA5,0xFF,0xFF,0xFF,0xFF,0x14,0xA5,0xA2,0x10,0x00,0x00,0x20,0x00,
	0x45,0x29,0x14,0xA5,0xFF,0xFF,0xFF,0xFF,0x14,0xA5,0x00,0x00,0x00,0x00,0x00,0x00,0x00,0x00,0xE8,0x41,0x51,0x8C,0x5D,0xEF,0xFF,0xFF,0xD7,0xBD,0xE8,0x41,0x00,0x00,0x00,0x00,0x00,0x00,0x20,0x00,0x51,0x8C,0x5D,0xEF,0xFF,0xFF,0xD7,0xBD,0x51,0x8C,0x14,0xA5,0xD7,0xBD,0x5D,0xEF,0x5D,0xEF,0x5D,0xEF,0x5D,0xEF,0x5D,0xEF,0x5D,0xEF,
	0x5D,0xEF,0x5D,0xEF,0x5D,0xEF,0x5D,0xEF,0x5D,0xEF,0x5D,0xEF,0x5D,0xEF,0x5D,0xEF,0x5D,0xEF,0xD7,0xBD,0xE8,0x41,0x14,0xA5,0xFF,0xFF,0xFF,0xFF,0xD7,0xBD,0xE8,0x41,0x41,0x08,0x00,0x00,0x00,0x00,0x00,0x00,0x00,0x00,0x00,0x00,0xE8,0x41,0xD7,0xBD,0xBE,0xF7,0xBE,0xF7,0x14,0xA5,0xE8,0x41,0x00,0x00,0x00,0x00,0x41,0x08,0xE8,0x41,
	0xD7,0xBD,0xFF,0xFF,0xFF,0xFF,0x14,0xA5,0x20,0x00,0x00,0x00,0x41,0x08,0xE8,0x41,0x14,0xA5,0xFF,0xFF,0xFF,0xFF,0x14,0xA5,0x00,0x00,0x00,0x00,0x00,0x00,0x00,0x00,0xE8,0x41,0x51,0x8C,0x5D,0xEF,0xFF,0xFF,0xD7,0xBD,0xE8,0x41,0x00,0x00,0x00,0x00,0x00,0x00,0x20,0x00,0x51,0x8C,0x5D,0xEF,0xFF,0xFF,0xD7,0xBD,0x51,0x8C,0x4D,0x6B,
	0x4D,0x6B,0x51,0x8C,0x51,0x8C,0x51,0x8C,0x51,0x8C,0x51,0x8C,0x51,0x8C,0x51,0x8C,0x51,0x8C,0x51,0x8C,0x51,0x8C,0x51,0x8C,0x51,0x8C,0x51,0x8C,0x51,0x8C,0x51,0x8C,0x4D,0x6B,0x45,0x29,0x51,0x8C,0xFF,0xFF,0xFF,0xFF,0xD7,0xBD,0xE8,0x41,0x41,0x08,0x00,0x00,0x00,0x00,0x00,0x00,0x00,0x00,0x00,0x00,0xE8,0x41,0xD7,0xBD,0xBE,0xF7,
	0xBE,0xF7,0x14,0xA5,0xE8,0x41,0x00,0x00,0x00,0x00,0xA2,0x10,0x51,0x8C,0x9A,0xD6,0xFF,0xFF,0xBE,0xF7,0x51,0x8C,0x00,0x00,0x00,0x00,0x41,0x08,0xE8,0x41,0x14,0xA5,0xFF,0xFF,0xFF,0xFF,0x14,0xA5,0x00,0x00,0x00,0x00,0x00,0x00,0x00,0x00,0x45,0x29,0x51,0x8C,0x5D,0xEF,0xFF,0xFF,0xD7,0xBD,0xE8,0x41,0x00,0x00,0x00,0x00,0x00,0x00,
	0x20,0x00,0x14,0xA5,0xFF,0xFF,0xFF,0xFF,0x9A,0xD6,0x4D,0x6B,0xA2,0x10,0x20,0x00,0x00,0x00,0x00,0x00,0x00,0x00,0x00,0x00,0x00,0x00,0x00,0x00,0x00,0x00,0x00,0x00,0x00,0x00,0x00,0x00,0x00,0x00,0x00,0x00,0x00,0x00,0x00,0x00,0x20,0x00,0x20,0x00,0x00,0x00,0x51,0x8C,0xFF,0xFF,0xFF,0xFF,0xD7,0xBD,0xE8,0x41,0x41,0x08,0x00,0x00,
	0x00,0x00,0x00,0x00,0x00,0x00,0x00,0x00,0xE8,0x41,0xD7,0xBD,0xBE,0xF7,0xBE,0xF7,0x14,0xA5,0xE8,0x41,0x00,0x00,0x00,0x00,0xE8,0x41,0x9A,0xD6,0xFF,0xFF,0xBE,0xF7,0xD7,0xBD,0x4D,0x6B,0x00,0x00,0x00,0x00,0x41,0x08,0xE8,0x41,0x14,0xA5,0xFF,0xFF,0xFF,0xFF,0x14,0xA5,0x00,0x00,0x00,0x00,0x00,0x00,0x00,0x00,0x45,0x29,0x51,0x8C,
	0x5D,0xEF,0xFF,0xFF,0xD7,0xBD,0xE8,0x41,0x00,0x00,0x00,0x00,0x00,0x00,0x20,0x00,0x14,0xA5,0xFF,0xFF,0xFF,0xFF,0xD7,0xBD,0xE8,0x41,0x20,0x00,0x45,0x29,0x51,0x8C,0x51,0x8C,0x51,0x8C,0x51,0x8C,0x51,0x8C,0x51,0x8C,0x51,0x8C,0x51,0x8C,0x51,0x8C,0x51,0x8C,0x51,0x8C,0x51,0x8C,0x51,0x8C,0x51,0x8C,0xE8,0x41,0x20,0x00,0x00,0x00,
	0x51,0x8C,0xFF,0xFF,0xFF,0xFF,0xD7,0xBD,0xE8,0x41,0x41,0x08,0x00,0x00,0x00,0x00,0x00,0x00,0x00,0x00,0x00,0x00,0xE8,0x41,0xD7,0xBD,0xBE,0xF7,0xBE,0xF7,0x14,0xA5,0x45,0x29,0x00,0x00,0x45,0x29,0x51,0x8C,0xBE,0xF7,0xFF,0xFF,0xBE,0xF7,0x4D,0x6B,0x45,0x29,0x00,0x00,0x00,0x00,0x41,0x08,0xE8,0x41,0x14,0xA5,0xFF,0xFF,0xFF,0xFF,
	0x9A,0xD6,0x4D,0x6B,0x4D,0x6B,0x4D,0x6B,0x4D,0x6B,0x4D,0x6B,0x51,0x8C,0x5D,0xEF,0xFF,0xFF,0xD7,0xBD,0xE8,0x41,0x00,0x00,0x00,0x00,0x00,0x00,0x20,0x00,0xD7,0xBD,0xFF,0xFF,0xFF,0xFF,0x14,0xA5,0xE8,0x41,0x00,0x00,0x4D,0x6B,0xFF,0xFF,0xFF,0xFF,0xFF,0xFF,0xFF,0xFF,0xFF,0xFF,0xFF,0xFF,0xFF,0xFF,0xFF,0xFF,0xFF,0xFF,0xFF,0xFF,
	0xFF,0xFF,0xFF,0xFF,0xFF,0xFF,0xFF,0xFF,0x51,0x8C,0xA2,0x10,0x00,0x00,0x51,0x8C,0xFF,0xFF,0xFF,0xFF,0xD7,0xBD,0xE8,0x41,0x41,0x08,0x00,0x00,0x00,0x00,0x00,0x00,0x00,0x00,0x00,0x00,0xE8,0x41,0xD7,0xBD,0xBE,0xF7,0xBE,0xF7,0x14,0xA5,0xE8,0x41,0xA2,0x10,0x51,0x8C,0x9A,0xD6,0xFF,0xFF,0xFF,0xFF,0x9A,0xD6,0xE8,0x41,0x00,0x00,
	0x00,0x00,0x00,0x00,0x41,0x08,0x45,0x29,0x14,0xA5,0xFF,0xFF,0xFF,0xFF,0xBE,0xF7,0x5D,0xEF,0x9A,0xD6,0x9A,0xD6,0x9A,0xD6,0x14,0xA5,0x51,0x8C,0x5D,0xEF,0xFF,0xFF,0xD7,0xBD,0xE8,0x41,0x00,0x00,0x00,0x00,0x00,0x00,0x20,0x00,0xD7,0xBD,0xFF,0xFF,0xFF,0xFF,0x14,0xA5,0x45,0x29,0x00,0x00,0x4D,0x6B,0xFF,0xFF,0xFF,0xFF,0xFF,0xFF,
	0xFF,0xFF,0xFF,0xFF,0xFF,0xFF,0xFF,0xFF,0xFF,0xFF,0xFF,0xFF,0xFF,0xFF,0xFF,0xFF,0xFF,0xFF,0xFF,0xFF,0xFF,0xFF,0x51,0x8C,0xA2,0x10,0x00,0x00,0x51,0x8C,0xFF,0xFF,0xFF,0xFF,0xD7,0xBD,0xE8,0x41,0x41,0x08,0x00,0x00,0x00,0x00,0x00,0x00,0x00,0x00,0x00,0x00,0xE8,0x41,0xD7,0xBD,0xBE,0xF7,0x5D,0xEF,0x14,0xA5,0x51,0x8C,0xD7,0xBD,
	0x5D,0xEF,0xBE,0xF7,0xFF,0xFF,0x9A,0xD6,0x51,0x8C,0xA2,0x10,0x00,0x00,0x00,0x00,0x00,0x00,0x00,0x00,0x41,0x08,0x51,0x8C,0xBE,0xF7,0xFF,0xFF,0xFF,0xFF,0xFF,0xFF,0xFF,0xFF,0xFF,0xFF,0xFF,0xFF,0xD7,0xBD,0x51,0x8C,0x5D,0xEF,0xFF,0xFF,0xD7,0xBD,0xE8,0x41,0x00,0x00,0x00,0x00,0x00,0x00,0xA2,0x10,0xD7,0xBD,0xFF,0xFF,0xFF,0xFF,
	0x14,0xA5,0x45,0x29,0x00,0x00,0x4D,0x6B,0xFF,0xFF,0xFF,0xFF,0xBE,0xF7,0xD7,0xBD,0x14,0xA5,0x14,0xA5,0x14,0xA5,0x14,0xA5,0x14,0xA5,0x14,0xA5,0x14,0xA5,0xBE,0xF7,0xFF,0xFF,0xBE,0xF7,0x51,0x8C,0xA2,0x10,0x00,0x00,0x51,0x8C,0xFF,0xFF,0xFF,0xFF,0xD7,0xBD,0xE8,0x41,0x41,0x08,0x00,0x00,0x00,0x00,0x00,0x00,0x00,0x00,0x00,0x00,
	0xE8,0x41,0xD7,0xBD,0xBE,0xF7,0x5D,0xEF,0x51,0x8C,0x51,0x8C,0xD7,0xBD,0xFF,0xFF,0xFF,0xFF,0x9A,0xD6,0x51,0x8C,0xE8,0x41,0x41,0x08,0x00,0x00,0x00,0x00,0x00,0x00,0x00,0x00,0x00,0x00,0xE8,0x41,0x51,0x8C,0xD7,0xBD,0xD7,0xBD,0xD7,0xBD,0xD7,0xBD,0xD7,0xBD,0xD7,0xBD,0x14,0xA5,0x51,0x8C,0x5D,0xEF,0xFF,0xFF,0xD7,0xBD,0xE8,0x41,
	0x00,0x00,0x00,0x00,0x41,0x08,0xE8,0x41,0xD7,0xBD,0xFF,0xFF,0xFF,0xFF,0x51,0x8C,0x41,0x08,0x00,0x00,0x4D,0x6B,0xFF,0xFF,0xFF,0xFF,0x9A,0xD6,0x4D,0x6B,0xA2,0x10,0x00,0x00,0x00,0x00,0x00,0x00,0x00,0x00,0x00,0x00,0x45,0x29,0x5D,0xEF,0xFF,0xFF,0xBE,0xF7,0x51,0x8C,0xA2,0x10,0x00,0x00,0x51,0x8C,0xFF,0xFF,0xFF,0xFF,0xD7,0xBD,
	0xE8,0x41,0x41,0x08,0x00,0x00,0x00,0x00,0x00,0x00,0x00,0x00,0x00,0x00,0xE8,0x41,0xD7,0xBD,0xBE,0xF7,0x5D,0xEF,0x51,0x8C,0x4D,0x6B,0x4D,0x6B,0x9A,0xD6,0x5D,0xEF,0x51,0x8C,0x45,0x29,0x00,0x00,0x00,0x00,0x00,0x00,0x00,0x00,0x00,0x00,0x00,0x00,0x00,0x00,0x20,0x00,0xA2,0x10,0xE8,0x41,0xE8,0x41,0xE8,0x41,0xE8,0x41,0xE8,0x41,
	0xE8,0x41,0x4D,0x6B,0x51,0x8C,0x5D,0xEF,0xFF,0xFF,0xD7,0xBD,0xE8,0x41,0x00,0x00,0x00,0x00,0xA2,0x10,0x4D,0x6B,0x9A,0xD6,0xFF,0xFF,0xFF,0xFF,0x51,0x8C,0x20,0x00,0x00,0x00,0x4D,0x6B,0xFF,0xFF,0xFF,0xFF,0x5D,0xEF,0x4D,0x6B,0x45,0x29,0xA2,0x10,0xA2,0x10,0xA2,0x10,0xA2,0x10,0x41,0x08,0xE8,0x41,0x5D,0xEF,0xFF,0xFF,0xBE,0xF7,
	0x51,0x8C,0xA2,0x10,0x00,0x00,0x51,0x8C,0xFF,0xFF,0xFF,0xFF,0xD7,0xBD,0xE8,0x41,0x41,0x08,0x00,0x00,0x00,0x00,0x00,0x00,0x00,0x00,0x00,0x00,0xE8,0x41,0xD7,0xBD,0xBE,0xF7,0xBE,0xF7,0x14,0xA5,0xE8,0x41,0xA2,0x10,0x4D,0x6B,0x4D,0x6B,0x45,0x29,0x41,0x08,0x00,0x00,0x00,0x00,0x00,0x00,0x00,0x00,0x00,0x00,0x00,0x00,0x00,0x00,
	0x00,0x00,0x00,0x00,0x41,0x08,0x41,0x08,0x41,0x08,0x41,0x08,0x41,0x08,0x41,0x08,0xE8,0x41,0x51,0x8C,0x5D,0xEF,0xFF,0xFF,0xD7,0xBD,0xE8,0x41,0x00,0x00,0x00,0x00,0x45,0x29,0x4D,0x6B,0x9A,0xD6,0xFF,0xFF,0xBE,0xF7,0x4D,0x6B,0x00,0x00,0x00,0x00,0x4D,0x6B,0xFF,0xFF,0xFF,0xFF,0x5D,0xEF,0x14,0xA5,0x51,0x8C,0x4D,0x6B,0x4D,0x6B,
	0x4D,0x6B,0x4D,0x6B,0x4D,0x6B,0x51,0x8C,0x5D,0xEF,0xFF,0xFF,0xFF,0xFF,0x51,0x8C,0xA2,0x10,0x00,0x00,0x51,0x8C,0xFF,0xFF,0xFF,0xFF,0xD7,0xBD,0xE8,0x41,0x41,0x08,0x00,0x00,0x00,0x00,0x00,0x00,0x00,0x00,0x00,0x00,0xE8,0x41,0xD7,0xBD,0xBE,0xF7,0xBE,0xF7,0x14,0xA5,0xE8,0x41,0x00,0x00,0x00,0x00,0x20,0x00,0x00,0x00,0x00,0x00,
	0x00,0x00,0x00,0x00,0x00,0x00,0x00,0x00,0x00,0x00,0x00,0x00,0x00,0x00,0x00,0x00,0x00,0x00,0x00,0x00,0x00,0x00,0x00,0x00,0x00,0x00,0x00,0x00,0x00,0x00,0x45,0x29,0x51,0x8C,0x5D,0xEF,0xFF,0xFF,0xD7,0xBD,0xE8,0x41,0x00,0x00,0x00,0x00,0x45,0x29,0x14,0xA5,0x5D,0xEF,0xFF,0xFF,0x9A,0xD6,0x4D,0x6B,0x00,0x00,0x00,0x00,0x4D,0x6B,
	0xFF,0xFF,0xFF,0xFF,0xFF,0xFF,0xBE,0xF7,0xBE,0xF7,0xBE,0xF7,0xBE,0xF7,0xBE,0xF7,0xBE,0xF7,0xBE,0xF7,0xBE,0xF7,0xFF,0xFF,0xFF,0xFF,0xFF,0xFF,0x51,0x8C,0xA2,0x10,0x00,0x00,0x51,0x8C,0xFF,0xFF,0xFF,0xFF,0xD7,0xBD,0xE8,0x41,0x41,0x08,0x00,0x00,0x00,0x00,0x00,0x00,0x00,0x00,0x00,0x00,0xE8,0x41,0xD7,0xBD,0xBE,0xF7,0xBE,0xF7,
	0x14,0xA5,0xE8,0x41,0x00,0x00,0x00,0x00,0x00,0x00,0x00,0x00,0x00,0x00,0x00,0x00,0x00,0x00,0x00,0x00,0x00,0x00,0x00,0x00,0x00,0x00,0x00,0x00,0x00,0x00,0x00,0x00,0x00,0x00,0x00,0x00,0x00,0x00,0x00,0x00,0x00,0x00,0x00,0x00,0x45,0x29,0x51,0x8C,0x5D,0xEF,0xFF,0xFF,0xD7,0xBD,0xE8,0x41,0x00,0x00,0x00,0x00,0xE8,0x41,0xD7,0xBD,
	0xBE,0xF7,0xBE,0xF7,0x14,0xA5,0xE8,0x41,0x00,0x00,0x00,0x00,0x4D,0x6B,0x5D,0xEF,0xBE,0xF7,0x5D,0xEF,0xBE,0xF7,0xBE,0xF7,0xBE,0xF7,0xBE,0xF7,0xBE,0xF7,0xBE,0xF7,0xBE,0xF7,0xBE,0xF7,0x5D,0xEF,0x5D,0xEF,0x5D,0xEF,0x4D,0x6B,0xA2,0x10,0x00,0x00,0x51,0x8C,0xFF,0xFF,0xFF,0xFF,0xD7,0xBD,0xE8,0x41,0x41,0x08,0x00,0x00,0x00,0x00,
	0x00,0x00,0x00,0x00,0x00,0x00,0xE8,0x41,0xD7,0xBD,0xBE,0xF7,0xBE,0xF7,0x14,0xA5,0x4D,0x6B,0xE8,0x41,0xE8,0x41,0xE8,0x41,0xE8,0x41,0xE8,0x41,0xE8,0x41,0xE8,0x41,0xE8,0x41,0xE8,0x41,0xE8,0x41,0xE8,0x41,0xE8,0x41,0xE8,0x41,0xE8,0x41,0xE8,0x41,0xE8,0x41,0xE8,0x41,0xE8,0x41,0xE8,0x41,0xE8,0x41,0x4D,0x6B,0x14,0xA5,0x5D,0xEF,
	0xFF,0xFF,0xD7,0xBD,0xE8,0x41,0x00,0x00,0x20,0x00,0x4D,0x6B,0x5D,0xEF,0xFF,0xFF,0x5D,0xEF,0x51,0x8C,0x45,0x29,0x00,0x00,0x00,0x00,0xE8,0x41,0xD7,0xBD,0xD7,0xBD,0x14,0xA5,0x14,0xA5,0x14,0xA5,0x14,0xA5,0x14,0xA5,0x14,0xA5,0x14,0xA5,0x14,0xA5,0x14,0xA5,0xD7,0xBD,0xD7,0xBD,0x14,0xA5,0x4D,0x6B,0xA2,0x10,0x00,0x00,0x51,0x8C,
	0xFF,0xFF,0xFF,0xFF,0xD7,0xBD,0xE8,0x41,0x41,0x08,0x00,0x00,0x00,0x00,0x00,0x00,0x00,0x00,0x00,0x00,0xE8,0x41,0xD7,0xBD,0xBE,0xF7,0xFF,0xFF,0x9A,0xD6,0x14,0xA5,0x51,0x8C,0x51,0x8C,0x51,0x8C,0x51,0x8C,0x51,0x8C,0x51,0x8C,0x51,0x8C,0x51,0x8C,0x51,0x8C,0x51,0x8C,0x51,0x8C,0x51,0x8C,0x51,0x8C,0x51,0x8C,0x51,0x8C,0x51,0x8C,
	0x51,0x8C,0x51,0x8C,0x51,0x8C,0x51,0x8C,0x14,0xA5,0x9A,0xD6,0xBE,0xF7,0xBE,0xF7,0xD7,0xBD,0xE8,0x41,0x00,0x00,0x45,0x29,0x51,0x8C,0xFF,0xFF,0xFF,0xFF,0x9A,0xD6,0xE8,0x41,0xA2,0x10,0x00,0x00,0x00,0x00,0x41,0x08,0x45,0x29,0x45,0x29,0x45,0x29,0x45,0x29,0x45,0x29,0x45,0x29,0x45,0x29,0x45,0x29,0x45,0x29,0x45,0x29,0x45,0x29,
	0xE8,0x41,0xE8,0x41,0xE8,0x41,0x45,0x29,0x41,0x08,0x20,0x00,0x51,0x8C,0xFF,0xFF,0xFF,0xFF,0xD7,0xBD,0xE8,0x41,0x41,0x08,0x00,0x00,0x00,0x00,0x00,0x00,0x00,0x00,0x00,0x00,0xE8,0x41,0xD7,0xBD,0xBE,0xF7,0xFF,0xFF,0xBE,0xF7,0x5D,0xEF,0x5D,0xEF,0x5D,0xEF,0x5D,0xEF,0x5D,0xEF,0x5D,0xEF,0x5D,0xEF,0x5D,0xEF,0x5D,0xEF,0x5D,0xEF,
	0x5D,0xEF,0x5D,0xEF,0x5D,0xEF,0x5D,0xEF,0x5D,0xEF,0x5D,0xEF,0x5D,0xEF,0x5D,0xEF,0x5D,0xEF,0x5D,0xEF,0x5D,0xEF,0x5D,0xEF,0xBE,0xF7,0xFF,0xFF,0xBE,0xF7,0xD7,0xBD,0xE8,0x41,0x00,0x00,0xE8,0x41,0x14,0xA5,0xFF,0xFF,0xFF,0xFF,0xD7,0xBD,0x45,0x29,0x20,0x00,0x00,0x00,0x00,0x00,0x00,0x00,0x00,0x00,0x00,0x00,0x00,0x00,0x00,0x00,
	0x00,0x00,0x00,0x00,0x00,0x00,0x00,0x00,0x00,0x00,0x00,0x00,0x00,0x00,0x41,0x08,0xE8,0x41,0x4D,0x6B,0x4D,0x6B,0x4D,0x6B,0x4D,0x6B,0xD7,0xBD,0xFF,0xFF,0xFF,0xFF,0xD7,0xBD,0xE8,0x41,0x41,0x08,0x00,0x00,0x00,0x00,0x00,0x00,0x00,0x00,0x00,0x00,0xE8,0x41,0xD7,0xBD,0xBE,0xF7,0xFF,0xFF,0xFF,0xFF,0xFF,0xFF,0xFF,0xFF,0xFF,0xFF,
	0xFF,0xFF,0xFF,0xFF,0xFF,0xFF,0xFF,0xFF,0xFF,0xFF,0xFF,0xFF,0xFF,0xFF,0xFF,0xFF,0xFF,0xFF,0xFF,0xFF,0xFF,0xFF,0xFF,0xFF,0xFF,0xFF,0xFF,0xFF,0xFF,0xFF,0xFF,0xFF,0xFF,0xFF,0xFF,0xFF,0xFF,0xFF,0xFF,0xFF,0xFF,0xFF,0xBE,0xF7,0x9A,0xD6,0xE8,0x41,0x00,0x00,0x51,0x8C,0xD7,0xBD,0xFF,0xFF,0xFF,0xFF,0x14,0xA5,0x41,0x08,0x00,0x00,
	0x00,0x00,0x00,0x00,0x00,0x00,0x00,0x00,0x00,0x00,0x00,0x00,0x00,0x00,0x00,0x00,0x00,0x00,0x00,0x00,0x00,0x00,0x00,0x00,0x00,0x00,0x20,0x00,0xA2,0x10,0x51,0x8C,0xFF,0xFF,0xFF,0xFF,0xFF,0xFF,0xFF,0xFF,0xFF,0xFF,0xFF,0xFF,0xFF,0xFF,0xD7,0xBD,0xE8,0x41,0x41,0x08,0x00,0x00,0x00,0x00,0x00,0x00,0x00,0x00,0x00,0x00,0xE8,0x41,
	0xD7,0xBD,0xBE,0xF7,0xFF,0xFF,0x5D,0xEF,0x9A,0xD6,0xD7,0xBD,0xD7,0xBD,0xD7,0xBD,0xD7,0xBD,0xD7,0xBD,0xD7,0xBD,0xD7,0xBD,0xD7,0xBD,0xD7,0xBD,0xD7,0xBD,0xD7,0xBD,0xD7,0xBD,0xD7,0xBD,0xD7,0xBD,0xD7,0xBD,0xD7,0xBD,0xD7,0xBD,0xD7,0xBD,0xD7,0xBD,0xD7,0xBD,0x9A,0xD6,0x5D,0xEF,0xFF,0xFF,0xBE,0xF7,0xD7,0xBD,0xE8,0x41,0x00,0x00,
	0xE8,0x41,0x4D,0x6B,0x9A,0xD6,0xD7,0xBD,0x4D,0x6B,0x20,0x00,0x00,0x00,0x00,0x00,0x00,0x00,0x00,0x00,0x00,0x00,0x00,0x00,0x00,0x00,0x00,0x00,0x00,0x00,0x00,0x00,0x00,0x00,0x00,0x00,0x00,0x00,0x00,0x00,0x00,0x00,0x41,0x08,0x51,0x8C,0xFF,0xFF,0xFF,0xFF,0xFF,0xFF,0xFF,0xFF,0xFF,0xFF,0xFF,0xFF,0x9A,0xD6,0x51,0x8C,0xA2,0x10,
	0x20,0x00,0x00,0x00,0x00,0x00,0x00,0x00,0x00,0x00,0x00,0x00,0x45,0x29,0x14,0xA5,0x5D,0xEF,0x5D,0xEF,0x14,0xA5,0x4D,0x6B,0xE8,0x41,0xE8,0x41,0xE8,0x41,0xE8,0x41,0xE8,0x41,0xE8,0x41,0xE8,0x41,0xE8,0x41,0xE8,0x41,0xE8,0x41,0xE8,0x41,0xE8,0x41,0xE8,0x41,0xE8,0x41,0xE8,0x41,0xE8,0x41,0xE8,0x41,0xE8,0x41,0xE8,0x41,0xE8,0x41,
	0x4D,0x6B,0x14,0xA5,0x9A,0xD6,0x5D,0xEF,0xD7,0xBD,0xE8,0x41,0x00,0x00,0x00,0x00,0x45,0x29,0x51,0x8C,0x4D,0x6B,0x45,0x29,0x00,0x00,0x00,0x00,0x00,0x00,0x00,0x00,0x00,0x00,0x00,0x00,0x00,0x00,0x00,0x00,0x00,0x00,0x00,0x00,0x00,0x00,0x00,0x00,0x00,0x00,0x00,0x00,0x00,0x00,0x00,0x00,0x00,0x00,0xE8,0x41,0x9A,0xD6,0x9A,0xD6,
	0x9A,0xD6,0x9A,0xD6,0x9A,0xD6,0xD7,0xBD,0x51,0x8C,0xE8,0x41,0x00,0x00,0x00,0x00,0x00,0x00,0x00,0x00,0x00,0x00,0x00,0x00,0x00,0x00,0x45,0x29,0x4D,0x6B,0x14,0xA5,0x51,0x8C,0x4D,0x6B,0xA2,0x10,0x00,0x00,0x00,0x00,0x00,0x00,0x00,0x00,0x00,0x00,0x00,0x00,0x00,0x00,0x00,0x00,0x00,0x00,0x00,0x00,0x00,0x00,0x00,0x00,0x00,0x00,
	0x00,0x00,0x00,0x00,0x00,0x00,0x00,0x00,0x00,0x00,0x00,0x00,0x00,0x00,0xA2,0x10,0xE8,0x41,0x51,0x8C,0x14,0xA5,0x51,0x8C,0x45,0x29,0x00,0x00,

	// Alpha Channel 
	0x00,0xFF,0xFF,0xFF,0x00,0x00,0x00,0x00,0x00,0x00,0x00,0x00,0x00,0x00,0x00,0x00,0x00,0x00,0x00,0x00,0x00,0x00,0x00,0xFF,0xFF,0xFF,0xFF,0xFF,0xFF,0xFF,0x00,0x00,0x00,0x00,0x00,0x00,0x00,0x00,0x00,0x00,0x00,0x00,0x00,0x00,0x00,0x00,0x00,0x00,0x00,0x00,0x00,0x00,0x00,0x00,0x00,0x00,0x00,0x00,0x00,0x00,0x00,0x00,0x00,0x00,
	0x00,0x00,0x00,0x00,0x00,0x00,0x00,0x00,0x00,0x00,0xFF,0xFF,0xFF,0xFF,0xFF,0xFF,0xFF,0xFF,0xFF,0xFF,0xFF,0xFF,0xFF,0xFF,0xFF,0xFF,0xFF,0xFF,0xFF,0xFF,0xFF,0xFF,0xFF,0xFF,0xFF,0xFF,0xFF,0xFF,0xFF,0xFF,0x00,0x00,0x00,0x00,0x00,0xFF,0xFF,0xFF,0xFF,0xFF,0xFF,0xFF,0xFF,0xFF,0xFF,0xFF,0xFF,0xFF,0xFF,0xFF,0xFF,0xFF,0xFF,0xFF,
	0xFF,0xFF,0xFF,0xFF,0xFF,0xFF,0xFF,0xFF,0xFF,0xFF,0xFF,0xFF,0xFF,0x00,0x00,0x00,0xFF,0xFF,0xFF,0xFF,0xFF,0xFF,0xFF,0xFF,0xFF,0xFF,0xFF,0xFF,0xFF,0xFF,0xFF,0xFF,0xFF,0xFF,0xFF,0xFF,0xFF,0xFF,0xFF,0xFF,0xFF,0xFF,0xFF,0xFF,0xFF,0xFF,0xFF,0x00,0x00,0x00,0x00,0x00,0xFF,0xFF,0xFF,0xFF,0xFF,0xFF,0xFF,0xFF,0xFF,0xFF,0xFF,0xFF,
	0xFF,0xFF,0xFF,0xFF,0xFF,0xFF,0xFF,0xFF,0xFF,0xFF,0xFF,0xFF,0xFF,0xFF,0xFF,0xFF,0xFF,0xFF,0xFF,0xFF,0x00,0x00,0x00,0xFF,0xFF,0xFF,0xFF,0xFF,0xFF,0xFF,0xFF,0xFF,0xFF,0xFF,0xFF,0xFF,0xFF,0xFF,0xFF,0xFF,0xFF,0xFF,0xFF,0xFF,0xFF,0xFF,0xFF,0xFF,0xFF,0xFF,0xFF,0xFF,0xFF,0xFF,0x00,0x00,0x00,0x00,0x00,0xFF,0xFF,0xFF,0xFF,0xFF,
	0xFF,0xFF,0xFF,0xFF,0xFF,0xFF,0xFF,0xFF,0xFF,0xFF,0xFF,0xFF,0xFF,0xFF,0xFF,0xFF,0xFF,0xFF,0xFF,0xFF,0xFF,0xFF,0xFF,0xFF,0xFF,0xFF,0xFF,0x00,0x00,0x00,0xFF,0xFF,0xFF,0xFF,0xFF,0xFF,0xFF,0xFF,0xFF,0xFF,0xFF,0xFF,0xFF,0xFF,0xFF,0xFF,0xFF,0xFF,0xFF,0xFF,0xFF,0xFF,0xFF,0xFF,0xFF,0xFF,0xFF,0xFF,0xFF,0xFF,0xFF,0x00,0x00,0x00,
	0x00,0x00,0xFF,0xFF,0xFF,0xFF,0xFF,0xFF,0xFF,0xFF,0xFF,0xFF,0xFF,0xFF,0xFF,0xFF,0xFF,0xFF,0xFF,0xFF,0xFF,0xFF,0xFF,0xFF,0xFF,0xFF,0xFF,0xFF,0xFF,0xFF,0xFF,0xFF,0xFF,0xFF,0x00,0x00,0x00,0xFF,0xFF,0xFF,0xFF,0xFF,0xFF,0xFF,0xFF,0xFF,0xFF,0xFF,0xFF,0xFF,0xFF,0xFF,0xFF,0xFF,0xFF,0xFF,0xFF,0xFF,0xFF,0xFF,0xFF,0xFF,0xFF,0xFF,
	0xFF,0xFF,0xFF,0xFF,0x00,0x00,0x00,0x00,0x00,0xFF,0xFF,0xFF,0xFF,0xFF,0xFF,0xFF,0xFF,0xFF,0xFF,0xFF,0xFF,0xFF,0xFF,0xFF,0xFF,0xFF,0xFF,0xFF,0xFF,0xFF,0xFF,0xFF,0xFF,0xFF,0xFF,0xFF,0xFF,0xFF,0xFF,0xFF,0xFF,0x00,0x00,0x00,0xFF,0xFF,0xFF,0xFF,0xFF,0xFF,0xFF,0xFF,0xFF,0xFF,0xFF,0xFF,0xFF,0xFF,0xFF,0xFF,0xFF,0xFF,0xFF,0xFF,
	0xFF,0xFF,0xFF,0xFF,0xFF,0xFF,0xFF,0xFF,0xFF,0xFF,0xFF,0x00,0x00,0x00,0x00,0x00,0xFF,0xFF,0xFF,0xFF,0xFF,0xFF,0xFF,0xFF,0xFF,0xFF,0xFF,0xFF,0xFF,0xFF,0xFF,0xFF,0xFF,0xFF,0xFF,0xFF,0xFF,0xFF,0xFF,0xFF,0xFF,0xFF,0xFF,0xFF,0xFF,0xFF,0xFF,0xFF,0x00,0x00,0x00,0xFF,0xFF,0xFF,0xFF,0xFF,0xFF,0xFF,0x00,0xFF,0xFF,0xFF,0xFF,0xFF,
	0xFF,0xFF,0xFF,0xFF,0xFF,0xFF,0xFF,0xFF,0xFF,0xFF,0x00,0x00,0xFF,0xFF,0xFF,0xFF,0xFF,0xFF,0x00,0x00,0x00,0x00,0x00,0xFF,0xFF,0xFF,0xFF,0xFF,0xFF,0x00,0x00,0x00,0x00,0xFF,0xFF,0xFF,0xFF,0xFF,0x00,0x00,0xFF,0xFF,0xFF,0xFF,0xFF,0x00,0x00,0x00,0x00,0xFF,0xFF,0xFF,0xFF,0xFF,0xFF,0x00,0x00,0x00,0xFF,0xFF,0xFF,0xFF,0xFF,0xFF,
	0xFF,0xFF,0xFF,0xFF,0xFF,0xFF,0xFF,0xFF,0xFF,0xFF,0xFF,0xFF,0xFF,0xFF,0xFF,0xFF,0xFF,0xFF,0x00,0xFF,0xFF,0xFF,0xFF,0xFF,0xFF,0x00,0x00,0x00,0x00,0x00,0xFF,0xFF,0xFF,0xFF,0xFF,0xFF,0x00,0x00,0x00,0x00,0xFF,0xFF,0xFF,0xFF,0xFF,0x00,0x00,0xFF,0xFF,0xFF,0xFF,0xFF,0x00,0x00,0x00,0x00,0xFF,0xFF,0xFF,0xFF,0xFF,0xFF,0x00,0x00,
	0x00,0xFF,0xFF,0xFF,0xFF,0xFF,0xFF,0xFF,0xFF,0xFF,0xFF,0xFF,0xFF,0xFF,0xFF,0xFF,0xFF,0xFF,0xFF,0xFF,0xFF,0xFF,0xFF,0xFF,0xFF,0x00,0xFF,0xFF,0xFF,0xFF,0xFF,0xFF,0x00,0x00,0x00,0x00,0x00,0xFF,0xFF,0xFF,0xFF,0xFF,0xFF,0x00,0x00,0x00,0x00,0xFF,0xFF,0xFF,0xFF,0xFF,0xFF,0xFF,0xFF,0xFF,0xFF,0xFF,0xFF,0x00,0x00,0x00,0x00,0xFF,
	0xFF,0xFF,0xFF,0xFF,0xFF,0x00,0x00,0x00,0xFF,0xFF,0xFF,0xFF,0xFF,0xFF,0xFF,0xFF,0xFF,0xFF,0xFF,0xFF,0xFF,0xFF,0xFF,0xFF,0xFF,0xFF,0xFF,0xFF,0xFF,0xFF,0xFF,0xFF,0x00,0xFF,0xFF,0xFF,0xFF,0xFF,0xFF,0x00,0x00,0x00,0x00,0x00,0xFF,0xFF,0xFF,0xFF,0xFF,0xFF,0x00,0x00,0x00,0x00,0xFF,0xFF,0xFF,0xFF,0xFF,0xFF,0xFF,0xFF,0xFF,0xFF,
	0xFF,0xFF,0x00,0x00,0x00,0x00,0xFF,0xFF,0xFF,0xFF,0xFF,0xFF,0x00,0x00,0x00,0xFF,0xFF,0xFF,0xFF,0xFF,0xFF,0xFF,0xFF,0xFF,0xFF,0xFF,0xFF,0xFF,0xFF,0xFF,0xFF,0xFF,0xFF,0xFF,0xFF,0xFF,0xFF,0xFF,0xFF,0x00,0xFF,0xFF,0xFF,0xFF,0xFF,0xFF,0x00,0x00,0x00,0x00,0x00,0xFF,0xFF,0xFF,0xFF,0xFF,0xFF,0x00,0x00,0x00,0x00,0xFF,0xFF,0xFF,
	0xFF,0xFF,0xFF,0xFF,0xFF,0xFF,0xFF,0xFF,0xFF,0x00,0x00,0x00,0x00,0xFF,0xFF,0xFF,0xFF,0xFF,0xFF,0x00,0x00,0x00,0xFF,0xFF,0xFF,0xFF,0xFF,0xFF,0xFF,0xFF,0xFF,0xFF,0xFF,0xFF,0xFF,0xFF,0xFF,0xFF,0xFF,0xFF,0xFF,0xFF,0xFF,0xFF,0xFF,0xFF,0x00,0xFF,0xFF,0xFF,0xFF,0xFF,0xFF,0x00,0x00,0x00,0x00,0x00,0xFF,0xFF,0xFF,0xFF,0xFF,0xFF,
	0x00,0x00,0x00,0x00,0xFF,0xFF,0xFF,0xFF,0xFF,0xFF,0xFF,0xFF,0xFF,0xFF,0xFF,0xFF,0x00,0x00,0x00,0x00,0xFF,0xFF,0xFF,0xFF,0xFF,0xFF,0x00,0x00,0x00,0xFF,0xFF,0xFF,0xFF,0xFF,0xFF,0xFF,0xFF,0xFF,0xFF,0xFF,0xFF,0xFF,0xFF,0xFF,0xFF,0xFF,0xFF,0xFF,0xFF,0xFF,0xFF,0xFF,0xFF,0xFF,0xFF,0xFF,0xFF,0xFF,0xFF,0xFF,0x00,0x00,0x00,0x00,
	0x00,0xFF,0xFF,0xFF,0xFF,0xFF,0xFF,0x00,0x00,0x00,0x00,0xFF,0xFF,0xFF,0xFF,0xFF,0xFF,0xFF,0xFF,0xFF,0xFF,0xFF,0xFF,0x00,0x00,0x00,0x00,0xFF,0xFF,0xFF,0xFF,0xFF,0xFF,0x00,0x00,0x00,0xFF,0xFF,0xFF,0xFF,0xFF,0xFF,0xFF,0xFF,0xFF,0xFF,0xFF,0xFF,0xFF,0xFF,0xFF,0xFF,0xFF,0xFF,0xFF,0xFF,0xFF,0xFF,0xFF,0xFF,0xFF,0xFF,0xFF,0xFF,
	0xFF,0xFF,0xFF,0x00,0x00,0x00,0x00,0x00,0xFF,0xFF,0xFF,0xFF,0xFF,0xFF,0x00,0x00,0x00,0xFF,0xFF,0xFF,0xFF,0xFF,0xFF,0xFF,0xFF,0xFF,0xFF,0xFF,0xFF,0xFF,0x00,0x00,0x00,0x00,0xFF,0xFF,0xFF,0xFF,0xFF,0xFF,0x00,0x00,0x00,0xFF,0xFF,0xFF,0xFF,0xFF,0xFF,0xFF,0xFF,0xFF,0xFF,0xFF,0xFF,0xFF,0xFF,0xFF,0xFF,0xFF,0xFF,0xFF,0xFF,0xFF,
	0xFF,0xFF,0xFF,0xFF,0xFF,0xFF,0xFF,0xFF,0xFF,0xFF,0x00,0x00,0x00,0x00,0x00,0xFF,0xFF,0xFF,0xFF,0xFF,0xFF,0x00,0x00,0xFF,0xFF,0xFF,0xFF,0xFF,0xFF,0xFF,0x00,0xFF,0xFF,0xFF,0xFF,0xFF,0xFF,0x00,0x00,0x00,0x00,0xFF,0xFF,0xFF,0xFF,0xFF,0xFF,0x00,0x00,0x00,0xFF,0xFF,0xFF,0xFF,0xFF,0xFF,0xFF,0xFF,0xFF,0xFF,0xFF,0xFF,0xFF,0xFF,
	0xFF,0xFF,0xFF,0xFF,0xFF,0xFF,0xFF,0xFF,0xFF,0xFF,0xFF,0xFF,0xFF,0xFF,0xFF,0xFF,0xFF,0x00,0x00,0x00,0x00,0x00,0xFF,0xFF,0xFF,0xFF,0xFF,0xFF,0x00,0x00,0xFF,0xFF,0xFF,0xFF,0xFF,0xFF,0xFF,0x00,0xFF,0xFF,0xFF,0xFF,0xFF,0xFF,0x00,0x00,0x00,0x00,0xFF,0xFF,0xFF,0xFF,0xFF,0xFF,0x00,0x00,0x00,0xFF,0xFF,0xFF,0xFF,0xFF,0xFF,0xFF,
	0xFF,0xFF,0xFF,0xFF,0xFF,0xFF,0xFF,0xFF,0xFF,0xFF,0xFF,0xFF,0xFF,0xFF,0xFF,0xFF,0xFF,0xFF,0xFF,0xFF,0xFF,0xFF,0xFF,0xFF,0x00,0x00,0x00,0x00,0x00,0xFF,0xFF,0xFF,0xFF,0xFF,0xFF,0x00,0x00,0xFF,0xFF,0xFF,0xFF,0xFF,0xFF,0x00,0x00,0xFF,0xFF,0xFF,0xFF,0xFF,0xFF,0x00,0x00,0x00,0x00,0xFF,0xFF,0xFF,0xFF,0xFF,0xFF,0x00,0x00,0x00,
	0xFF,0xFF,0xFF,0xFF,0xFF,0xFF,0xFF,0xFF,0x00,0x00,0x00,0x00,0x00,0x00,0x00,0x00,0x00,0x00,0x00,0x00,0x00,0x00,0xFF,0xFF,0x00,0xFF,0xFF,0xFF,0xFF,0xFF,0xFF,0x00,0x00,0x00,0x00,0x00,0xFF,0xFF,0xFF,0xFF,0xFF,0xFF,0x00,0x00,0xFF,0xFF,0xFF,0xFF,0xFF,0xFF,0x00,0x00,0xFF,0xFF,0xFF,0xFF,0xFF,0xFF,0x00,0x00,0x00,0x00,0xFF,0xFF,
	0xFF,0xFF,0xFF,0xFF,0x00,0x00,0x00,0xFF,0xFF,0xFF,0xFF,0xFF,0xFF,0xFF,0xFF,0xFF,0xFF,0xFF,0xFF,0xFF,0xFF,0xFF,0xFF,0xFF,0xFF,0xFF,0xFF,0xFF,0xFF,0xFF,0xFF,0x00,0xFF,0xFF,0xFF,0xFF,0xFF,0xFF,0x00,0x00,0x00,0x00,0x00,0xFF,0xFF,0xFF,0xFF,0xFF,0xFF,0x00,0xFF,0xFF,0xFF,0xFF,0xFF,0xFF,0xFF,0x00,0x00,0xFF,0xFF,0xFF,0xFF,0xFF,
	0xFF,0xFF,0xFF,0xFF,0xFF,0xFF,0xFF,0xFF,0xFF,0xFF,0xFF,0x00,0x00,0x00,0xFF,0xFF,0xFF,0xFF,0xFF,0xFF,0x00,0xFF,0xFF,0xFF,0xFF,0xFF,0xFF,0xFF,0xFF,0xFF,0xFF,0xFF,0xFF,0xFF,0xFF,0xFF,0xFF,0xFF,0x00,0xFF,0xFF,0xFF,0xFF,0xFF,0xFF,0x00,0x00,0x00,0x00,0x00,0xFF,0xFF,0xFF,0xFF,0xFF,0xFF,0xFF,0xFF,0xFF,0xFF,0xFF,0xFF,0xFF,0x00,
	0x00,0x00,0xFF,0xFF,0xFF,0xFF,0xFF,0xFF,0xFF,0xFF,0xFF,0xFF,0xFF,0xFF,0xFF,0xFF,0xFF,0xFF,0x00,0x00,0x00,0xFF,0xFF,0xFF,0xFF,0xFF,0xFF,0x00,0xFF,0xFF,0xFF,0xFF,0xFF,0xFF,0xFF,0xFF,0xFF,0xFF,0xFF,0xFF,0xFF,0xFF,0xFF,0xFF,0xFF,0x00,0xFF,0xFF,0xFF,0xFF,0xFF,0xFF,0x00,0x00,0x00,0x00,0x00,0xFF,0xFF,0xFF,0xFF,0xFF,0xFF,0xFF,
	0xFF,0xFF,0xFF,0xFF,0xFF,0xFF,0x00,0x00,0x00,0x00,0xFF,0xFF,0xFF,0xFF,0xFF,0xFF,0xFF,0xFF,0xFF,0xFF,0xFF,0xFF,0xFF,0xFF,0xFF,0x00,0x00,0x00,0xFF,0xFF,0xFF,0xFF,0xFF,0xFF,0x00,0xFF,0xFF,0xFF,0xFF,0xFF,0xFF,0xFF,0xFF,0xFF,0xFF,0xFF,0xFF,0xFF,0xFF,0xFF,0xFF,0xFF,0x00,0xFF,0xFF,0xFF,0xFF,0xFF,0xFF,0x00,0x00,0x00,0x00,0x00,
	0xFF,0xFF,0xFF,0xFF,0xFF,0xFF,0xFF,0xFF,0xFF,0xFF,0xFF,0xFF,0xFF,0x00,0x00,0x00,0x00,0x00,0xFF,0xFF,0xFF,0xFF,0xFF,0xFF,0xFF,0xFF,0xFF,0xFF,0xFF,0xFF,0xFF,0xFF,0x00,0x00,0xFF,0xFF,0xFF,0xFF,0xFF,0xFF,0xFF,0x00,0xFF,0xFF,0xFF,0xFF,0xFF,0xFF,0x00,0x00,0x00,0x00,0x00,0xFF,0xFF,0xFF,0xFF,0xFF,0xFF,0x00,0xFF,0xFF,0xFF,0xFF,
	0xFF,0xFF,0x00,0x00,0x00,0x00,0x00,0xFF,0xFF,0xFF,0xFF,0xFF,0xFF,0xFF,0xFF,0xFF,0xFF,0xFF,0x00,0x00,0x00,0x00,0x00,0x00,0x00,0xFF,0xFF,0xFF,0xFF,0xFF,0xFF,0xFF,0xFF,0xFF,0xFF,0xFF,0xFF,0xFF,0xFF,0x00,0x00,0xFF,0xFF,0xFF,0xFF,0xFF,0xFF,0xFF,0x00,0xFF,0xFF,0xFF,0xFF,0xFF,0xFF,0xFF,0xFF,0xFF,0xFF,0xFF,0xFF,0xFF,0xFF,0xFF,
	0xFF,0xFF,0x00,0xFF,0xFF,0xFF,0xFF,0xFF,0xFF,0x00,0x00,0x00,0x00,0x00,0xFF,0xFF,0xFF,0xFF,0xFF,0xFF,0xFF,0xFF,0xFF,0xFF,0xFF,0x00,0x00,0x00,0x00,0x00,0x00,0x00,0x00,0x00,0xFF,0xFF,0xFF,0xFF,0xFF,0xFF,0xFF,0xFF,0xFF,0xFF,0xFF,0xFF,0x00,0x00,0xFF,0xFF,0xFF,0xFF,0xFF,0xFF,0x00,0x00,0xFF,0xFF,0xFF,0xFF,0xFF,0xFF,0xFF,0xFF,
	0xFF,0xFF,0xFF,0xFF,0xFF,0xFF,0xFF,0xFF,0xFF,0x00,0xFF,0xFF,0xFF,0xFF,0xFF,0xFF,0x00,0x00,0x00,0x00,0x00,0xFF,0xFF,0xFF,0xFF,0xFF,0xFF,0x00,0x00,0xFF,0x00,0x00,0x00,0x00,0x00,0x00,0x00,0x00,0x00,0x00,0x00,0x00,0x00,0x00,0x00,0x00,0x00,0xFF,0xFF,0xFF,0xFF,0xFF,0xFF,0x00,0x00,0xFF,0xFF,0xFF,0xFF,0xFF,0xFF,0x00,0x00,0xFF,
	0xFF,0xFF,0xFF,0xFF,0xFF,0xFF,0xFF,0xFF,0xFF,0xFF,0xFF,0xFF,0xFF,0xFF,0xFF,0xFF,0x00,0xFF,0xFF,0xFF,0xFF,0xFF,0xFF,0x00,0x00,0x00,0x00,0x00,0xFF,0xFF,0xFF,0xFF,0xFF,0xFF,0x00,0x00,0x00,0x00,0x00,0x00,0x00,0x00,0x00,0x00,0x00,0x00,0x00,0x00,0x00,0x00,0x00,0x00,0x00,0x00,0xFF,0xFF,0xFF,0xFF,0xFF,0xFF,0x00,0x00,0xFF,0xFF,
	0xFF,0xFF,0xFF,0xFF,0x00,0x00,0xFF,0xFF,0xFF,0xFF,0xFF,0xFF,0xFF,0xFF,0xFF,0xFF,0xFF,0xFF,0xFF,0xFF,0xFF,0xFF,0xFF,0x00,0xFF,0xFF,0xFF,0xFF,0xFF,0xFF,0x00,0x00,0x00,0x00,0x00,0xFF,0xFF,0xFF,0xFF,0xFF,0xFF,0xFF,0xFF,0xFF,0xFF,0xFF,0xFF,0xFF,0xFF,0xFF,0xFF,0xFF,0xFF,0xFF,0xFF,0xFF,0xFF,0xFF,0xFF,0xFF,0xFF,0xFF,0xFF,0xFF,
	0xFF,0xFF,0xFF,0x00,0xFF,0xFF,0xFF,0xFF,0xFF,0xFF,0xFF,0x00,0x00,0xFF,0xFF,0xFF,0xFF,0xFF,0xFF,0xFF,0xFF,0xFF,0xFF,0xFF,0xFF,0xFF,0xFF,0xFF,0xFF,0xFF,0x00,0xFF,0xFF,0xFF,0xFF,0xFF,0xFF,0x00,0x00,0x00,0x00,0x00,0xFF,0xFF,0xFF,0xFF,0xFF,0xFF,0xFF,0xFF,0xFF,0xFF,0xFF,0xFF,0xFF,0xFF,0xFF,0xFF,0xFF,0xFF,0xFF,0xFF,0xFF,0xFF,
	0xFF,0xFF,0xFF,0xFF,0xFF,0xFF,0xFF,0xFF,0xFF,0xFF,0x00,0xFF,0xFF,0xFF,0xFF,0xFF,0xFF,0xFF,0x00,0x00,0xFF,0xFF,0xFF,0xFF,0xFF,0xFF,0xFF,0xFF,0xFF,0xFF,0xFF,0xFF,0xFF,0xFF,0xFF,0xFF,0xFF,0xFF,0xFF,0xFF,0xFF,0xFF,0xFF,0xFF,0x00,0x00,0x00,0x00,0x00,0xFF,0xFF,0xFF,0xFF,0xFF,0xFF,0xFF,0xFF,0xFF,0xFF,0xFF,0xFF,0xFF,0xFF,0xFF,
	0xFF,0xFF,0xFF,0xFF,0xFF,0xFF,0xFF,0xFF,0xFF,0xFF,0xFF,0xFF,0xFF,0xFF,0xFF,0xFF,0xFF,0x00,0xFF,0xFF,0xFF,0xFF,0xFF,0xFF,0xFF,0x00,0x00,0x00,0x00,0x00,0x00,0x00,0x00,0x00,0x00,0x00,0x00,0x00,0x00,0xFF,0xFF,0xFF,0xFF,0xFF,0xFF,0xFF,0xFF,0xFF,0xFF,0xFF,0xFF,0x00,0x00,0x00,0x00,0x00,0xFF,0xFF,0xFF,0xFF,0xFF,0xFF,0xFF,0xFF,
	0xFF,0xFF,0xFF,0xFF,0xFF,0xFF,0xFF,0xFF,0xFF,0xFF,0xFF,0xFF,0xFF,0xFF,0xFF,0xFF,0xFF,0xFF,0xFF,0xFF,0xFF,0xFF,0xFF,0xFF,0x00,0xFF,0xFF,0xFF,0xFF,0xFF,0xFF,0x00,0x00,0x00,0x00,0x00,0x00,0x00,0x00,0x00,0x00,0x00,0x00,0x00,0x00,0xFF,0xFF,0xFF,0xFF,0xFF,0xFF,0xFF,0xFF,0xFF,0xFF,0xFF,0xFF,0xFF,0x00,0x00,0x00,0x00,0x00,0xFF,
	0xFF,0xFF,0xFF,0xFF,0xFF,0xFF,0xFF,0xFF,0xFF,0xFF,0xFF,0xFF,0xFF,0xFF,0xFF,0xFF,0xFF,0xFF,0xFF,0xFF,0xFF,0xFF,0xFF,0xFF,0xFF,0xFF,0xFF,0xFF,0xFF,0xFF,0xFF,0x00,0xFF,0xFF,0xFF,0xFF,0xFF,0xFF,0x00,0x00,0x00,0x00,0x00,0x00,0x00,0x00,0x00,0x00,0x00,0x00,0x00,0x00,0x00,0xFF,0xFF,0xFF,0xFF,0xFF,0xFF,0xFF,0xFF,0xFF,0xFF,0xFF,
	0xFF,0x00,0x00,0x00,0x00,0x00,0xFF,0xFF,0xFF,0xFF,0xFF,0xFF,0xFF,0xFF,0xFF,0xFF,0xFF,0xFF,0xFF,0xFF,0xFF,0xFF,0xFF,0xFF,0xFF,0xFF,0xFF,0xFF,0xFF,0xFF,0xFF,0xFF,0xFF,0xFF,0xFF,0xFF,0xFF,0xFF,0x00,0x00,0xFF,0xFF,0xFF,0xFF,0x00,0x00,0x00,0x00,0x00,0x00,0x00,0x00,0x00,0x00,0x00,0x00,0x00,0x00,0x00,0x00,0x00,0xFF,0xFF,0xFF,
	0xFF,0xFF,0xFF,0xFF,0xFF,0xFF,0x00,0x00,0x00,0x00,0x00,0x00,0x00,0xFF,0xFF,0xFF,0xFF,0xFF,0xFF,0x00,0x00,0x00,0x00,0x00,0x00,0x00,0x00,0x00,0x00,0x00,0x00,0x00,0x00,0x00,0x00,0x00,0x00,0x00,0x00,0xFF,0xFF,0xFF,0xFF,0xFF,0xFF,0x00,
    };
        


const lv_img_dsc_t face_174_390_dial_img_35_303091_3 = {
    .header.magic = LV_IMAGE_HEADER_MAGIC,
    .header.w = 71,
    .header.h = 34,
    .data_size = sizeof(face_174_390_dial_img_35_303091_data_3),
    .header.cf = LV_COLOR_FORMAT_RGB565A8,
    .data = face_174_390_dial_img_35_303091_data_3};

    
// LVGL 9 format (RGB565) // LVGL_9 compatible 
const LV_ATTRIBUTE_MEM_ALIGN uint8_t face_174_390_dial_img_35_303091_data_4[] = {
	//RGB565 data 
	0x00,0x00,0x20,0x00,0xA2,0x10,0x41,0x08,0x00,0x00,0x00,0x00,0x00,0x00,0x00,0x00,0x00,0x00,0x00,0x00,0x00,0x00,0x00,0x00,0x00,0x00,0x00,0x00,0x00,0x00,0x00,0x00,0x00,0x00,0x00,0x00,0x00,0x00,0x00,0x00,0x00,0x00,0x00,0x00,0x00,0x00,0xA2,0x10,0xA2,0x10,0xA2,0x10,0xA2,0x10,0xA2,0x10,0xA2,0x10,0x41,0x08,0x00,0x00,0x00,0x00,
	0x00,0x00,0x00,0x00,0x00,0x00,0x00,0x00,0x00,0x00,0x00,0x00,0x20,0x00,0x41,0x08,0xA2,0x10,0xA2,0x10,0x41,0x08,0x00,0x00,0x00,0x00,0x00,0x00,0x00,0x00,0x00,0x00,0x00,0x00,0x00,0x00,0x00,0x00,0x00,0x00,0x00,0x00,0x00,0x00,0x00,0x00,0x00,0x00,0x00,0x00,0x00,0x00,0x00,0x00,0x00,0x00,0x00,0x00,0x00,0x00,0x00,0x00,0x00,0x00,
	0x00,0x00,0x41,0x08,0xA2,0x10,0xA2,0x10,0xA2,0x10,0x20,0x00,0x00,0x00,0x00,0x00,0x00,0x00,0x00,0x00,0xA2,0x10,0xE8,0x41,0xE8,0x41,0xE8,0x41,0xE8,0x41,0xE8,0x41,0xE8,0x41,0xE8,0x41,0xE8,0x41,0xE8,0x41,0xE8,0x41,0xE8,0x41,0xE8,0x41,0xE8,0x41,0xE8,0x41,0xE8,0x41,0xE8,0x41,0xE8,0x41,0xE8,0x41,0xE8,0x41,0xE8,0x41,0xE8,0x41,
	0xE8,0x41,0xE8,0x41,0xE8,0x41,0xE8,0x41,0xE8,0x41,0x45,0x29,0xA2,0x10,0x20,0x00,0x00,0x00,0x00,0x00,0x00,0x00,0x00,0x00,0x00,0x00,0x00,0x00,0x00,0x00,0x00,0x00,0x20,0x00,0x41,0x08,0x41,0x08,0x41,0x08,0x41,0x08,0x41,0x08,0x41,0x08,0x41,0x08,0x41,0x08,0x41,0x08,0x41,0x08,0x41,0x08,0x41,0x08,0x41,0x08,0x41,0x08,0x41,0x08,
	0x41,0x08,0x41,0x08,0x41,0x08,0x41,0x08,0x41,0x08,0x41,0x08,0x41,0x08,0x41,0x08,0x41,0x08,0x20,0x00,0x00,0x00,0x00,0x00,0x00,0x00,0x00,0x00,0x00,0x00,0x00,0x00,0x20,0x00,0x4D,0x6B,0x14,0xA5,0xD7,0xBD,0x9A,0xD6,0xD7,0xBD,0xD7,0xBD,0xD7,0xBD,0xD7,0xBD,0xD7,0xBD,0xD7,0xBD,0xD7,0xBD,0xD7,0xBD,0xD7,0xBD,0xD7,0xBD,0xD7,0xBD,
	0xD7,0xBD,0xD7,0xBD,0xD7,0xBD,0xD7,0xBD,0xD7,0xBD,0xD7,0xBD,0xD7,0xBD,0xD7,0xBD,0xD7,0xBD,0xD7,0xBD,0xD7,0xBD,0x9A,0xD6,0x51,0x8C,0x45,0x29,0x41,0x08,0x00,0x00,0x00,0x00,0x00,0x00,0x00,0x00,0x00,0x00,0x41,0x08,0x45,0x29,0xE8,0x41,0xE8,0x41,0xE8,0x41,0xE8,0x41,0xE8,0x41,0xE8,0x41,0xE8,0x41,0xE8,0x41,0xE8,0x41,0xE8,0x41,
	0xE8,0x41,0xE8,0x41,0xE8,0x41,0xE8,0x41,0xE8,0x41,0xE8,0x41,0xE8,0x41,0xE8,0x41,0xE8,0x41,0xE8,0x41,0xE8,0x41,0xE8,0x41,0xE8,0x41,0xE8,0x41,0xE8,0x41,0xE8,0x41,0xE8,0x41,0xE8,0x41,0x45,0x29,0x41,0x08,0x00,0x00,0x00,0x00,0x00,0x00,0x20,0x00,0x51,0x8C,0x9A,0xD6,0xBE,0xF7,0xBE,0xF7,0xBE,0xF7,0xFF,0xFF,0xFF,0xFF,0xFF,0xFF,
	0xFF,0xFF,0xFF,0xFF,0xFF,0xFF,0xFF,0xFF,0xFF,0xFF,0xFF,0xFF,0xFF,0xFF,0xFF,0xFF,0xFF,0xFF,0xFF,0xFF,0xFF,0xFF,0xFF,0xFF,0xFF,0xFF,0xFF,0xFF,0xFF,0xFF,0xFF,0xFF,0xBE,0xF7,0xBE,0xF7,0xBE,0xF7,0xD7,0xBD,0xE8,0x41,0x41,0x08,0x00,0x00,0x00,0x00,0x00,0x00,0x00,0x00,0x00,0x00,0xA2,0x10,0x4D,0x6B,0x14,0xA5,0x9A,0xD6,0x9A,0xD6,
	0x9A,0xD6,0x9A,0xD6,0x9A,0xD6,0x9A,0xD6,0x9A,0xD6,0x9A,0xD6,0x9A,0xD6,0x9A,0xD6,0x9A,0xD6,0x9A,0xD6,0x9A,0xD6,0x9A,0xD6,0x9A,0xD6,0x9A,0xD6,0x9A,0xD6,0x9A,0xD6,0x9A,0xD6,0x9A,0xD6,0x9A,0xD6,0x9A,0xD6,0x9A,0xD6,0x9A,0xD6,0x9A,0xD6,0x9A,0xD6,0xD7,0xBD,0x4D,0x6B,0x45,0x29,0x00,0x00,0x00,0x00,0x00,0x00,0x20,0x00,0x51,0x8C,
	0x5D,0xEF,0xFF,0xFF,0xFF,0xFF,0xBE,0xF7,0x5D,0xEF,0x5D,0xEF,0x5D,0xEF,0x5D,0xEF,0x5D,0xEF,0x5D,0xEF,0x5D,0xEF,0x5D,0xEF,0x5D,0xEF,0x5D,0xEF,0x5D,0xEF,0x5D,0xEF,0x5D,0xEF,0x5D,0xEF,0x5D,0xEF,0x5D,0xEF,0x5D,0xEF,0x5D,0xEF,0x5D,0xEF,0xBE,0xF7,0xFF,0xFF,0xFF,0xFF,0xD7,0xBD,0xE8,0x41,0x41,0x08,0x00,0x00,0x00,0x00,0x00,0x00,
	0x00,0x00,0x00,0x00,0x45,0x29,0x51,0x8C,0x5D,0xEF,0xFF,0xFF,0xFF,0xFF,0xFF,0xFF,0xFF,0xFF,0xFF,0xFF,0xFF,0xFF,0xFF,0xFF,0xFF,0xFF,0xFF,0xFF,0xFF,0xFF,0xFF,0xFF,0xFF,0xFF,0xFF,0xFF,0xFF,0xFF,0xFF,0xFF,0xFF,0xFF,0xFF,0xFF,0xFF,0xFF,0xFF,0xFF,0xFF,0xFF,0xFF,0xFF,0xFF,0xFF,0xFF,0xFF,0xFF,0xFF,0xFF,0xFF,0xFF,0xFF,0xBE,0xF7,
	0x51,0x8C,0x45,0x29,0x00,0x00,0x00,0x00,0x00,0x00,0x20,0x00,0x51,0x8C,0x5D,0xEF,0xFF,0xFF,0x5D,0xEF,0xD7,0xBD,0x14,0xA5,0x51,0x8C,0x51,0x8C,0x51,0x8C,0x51,0x8C,0x51,0x8C,0x51,0x8C,0x51,0x8C,0x51,0x8C,0x51,0x8C,0x51,0x8C,0x51,0x8C,0x51,0x8C,0x51,0x8C,0x51,0x8C,0x51,0x8C,0x51,0x8C,0x51,0x8C,0x51,0x8C,0x9A,0xD6,0xFF,0xFF,
	0xFF,0xFF,0xD7,0xBD,0xE8,0x41,0x41,0x08,0x00,0x00,0x00,0x00,0x00,0x00,0x00,0x00,0x00,0x00,0x45,0x29,0x51,0x8C,0x5D,0xEF,0xFF,0xFF,0xFF,0xFF,0xFF,0xFF,0xFF,0xFF,0xFF,0xFF,0xFF,0xFF,0xFF,0xFF,0xFF,0xFF,0xFF,0xFF,0xFF,0xFF,0xFF,0xFF,0xFF,0xFF,0xFF,0xFF,0xFF,0xFF,0xFF,0xFF,0xFF,0xFF,0xFF,0xFF,0xFF,0xFF,0xFF,0xFF,0xFF,0xFF,
	0xFF,0xFF,0xFF,0xFF,0xFF,0xFF,0xFF,0xFF,0xFF,0xFF,0xFF,0xFF,0x5D,0xEF,0x51,0x8C,0x45,0x29,0x00,0x00,0x00,0x00,0x00,0x00,0x20,0x00,0x51,0x8C,0x5D,0xEF,0xFF,0xFF,0x9A,0xD6,0x51,0x8C,0xE8,0x41,0x45,0x29,0x45,0x29,0x45,0x29,0x45,0x29,0x45,0x29,0xE8,0x41,0x4D,0x6B,0x14,0xA5,0xD7,0xBD,0x14,0xA5,0x4D,0x6B,0x45,0x29,0x45,0x29,
	0x45,0x29,0x45,0x29,0x45,0x29,0x45,0x29,0xE8,0x41,0x14,0xA5,0xFF,0xFF,0xFF,0xFF,0xD7,0xBD,0xE8,0x41,0x41,0x08,0x00,0x00,0x00,0x00,0x00,0x00,0x00,0x00,0x00,0x00,0xA2,0x10,0xE8,0x41,0x4D,0x6B,0x51,0x8C,0x51,0x8C,0x51,0x8C,0x51,0x8C,0x51,0x8C,0x51,0x8C,0x51,0x8C,0x51,0x8C,0x51,0x8C,0xD7,0xBD,0x5D,0xEF,0xFF,0xFF,0x5D,0xEF,
	0xD7,0xBD,0x51,0x8C,0x51,0x8C,0x51,0x8C,0x51,0x8C,0x51,0x8C,0x51,0x8C,0x51,0x8C,0x51,0x8C,0x51,0x8C,0x51,0x8C,0x51,0x8C,0x51,0x8C,0x4D,0x6B,0xE8,0x41,0xA2,0x10,0x00,0x00,0x00,0x00,0x00,0x00,0x20,0x00,0x51,0x8C,0x5D,0xEF,0xFF,0xFF,0x9A,0xD6,0x4D,0x6B,0x41,0x08,0x00,0x00,0x41,0x08,0x41,0x08,0x41,0x08,0x41,0x08,0xA2,0x10,
	0x4D,0x6B,0x5D,0xEF,0xFF,0xFF,0x9A,0xD6,0xE8,0x41,0x41,0x08,0x41,0x08,0x41,0x08,0x41,0x08,0x20,0x00,0x00,0x00,0x00,0x00,0x51,0x8C,0xFF,0xFF,0xFF,0xFF,0xD7,0xBD,0xE8,0x41,0x41,0x08,0x00,0x00,0x00,0x00,0x00,0x00,0x00,0x00,0x00,0x00,0x00,0x00,0x00,0x00,0x00,0x00,0x00,0x00,0x00,0x00,0x00,0x00,0x00,0x00,0x00,0x00,0x00,0x00,
	0x00,0x00,0x00,0x00,0x41,0x08,0x51,0x8C,0x5D,0xEF,0xFF,0xFF,0xD7,0xBD,0x4D,0x6B,0x00,0x00,0x00,0x00,0x00,0x00,0x00,0x00,0x00,0x00,0x00,0x00,0x00,0x00,0x00,0x00,0x00,0x00,0x00,0x00,0x00,0x00,0x00,0x00,0x00,0x00,0x00,0x00,0x00,0x00,0x00,0x00,0x00,0x00,0x00,0x00,0x20,0x00,0x51,0x8C,0x5D,0xEF,0xFF,0xFF,0x9A,0xD6,0x4D,0x6B,
	0x41,0x08,0x45,0x29,0x51,0x8C,0x51,0x8C,0x51,0x8C,0x51,0x8C,0x14,0xA5,0xD7,0xBD,0xBE,0xF7,0xFF,0xFF,0x5D,0xEF,0xD7,0xBD,0x51,0x8C,0x51,0x8C,0x51,0x8C,0x51,0x8C,0x4D,0x6B,0x45,0x29,0x00,0x00,0x51,0x8C,0xFF,0xFF,0xFF,0xFF,0xD7,0xBD,0xE8,0x41,0x41,0x08,0x00,0x00,0x00,0x00,0x00,0x00,0x00,0x00,0x00,0x00,0x00,0x00,0x00,0x00,
	0x00,0x00,0x00,0x00,0x00,0x00,0x00,0x00,0x00,0x00,0x00,0x00,0x00,0x00,0x00,0x00,0x00,0x00,0xA2,0x10,0xD7,0xBD,0xBE,0xF7,0xFF,0xFF,0x14,0xA5,0xE8,0x41,0x00,0x00,0x00,0x00,0x00,0x00,0x00,0x00,0x00,0x00,0x00,0x00,0x00,0x00,0x00,0x00,0x00,0x00,0x00,0x00,0x00,0x00,0x00,0x00,0x00,0x00,0x00,0x00,0x00,0x00,0x00,0x00,0x00,0x00,
	0x00,0x00,0x20,0x00,0x51,0x8C,0x5D,0xEF,0xFF,0xFF,0x9A,0xD6,0x4D,0x6B,0x20,0x00,0xE8,0x41,0x5D,0xEF,0xBE,0xF7,0x5D,0xEF,0x5D,0xEF,0x5D,0xEF,0xBE,0xF7,0xFF,0xFF,0xFF,0xFF,0xFF,0xFF,0xBE,0xF7,0x5D,0xEF,0x5D,0xEF,0x5D,0xEF,0x5D,0xEF,0x14,0xA5,0xE8,0x41,0x00,0x00,0x51,0x8C,0xFF,0xFF,0xFF,0xFF,0xD7,0xBD,0xE8,0x41,0x41,0x08,
	0x00,0x00,0x00,0x00,0x00,0x00,0x00,0x00,0x00,0x00,0x00,0x00,0x00,0x00,0x00,0x00,0x00,0x00,0x00,0x00,0x00,0x00,0x00,0x00,0x00,0x00,0x00,0x00,0x00,0x00,0x00,0x00,0x45,0x29,0x9A,0xD6,0xFF,0xFF,0xFF,0xFF,0x51,0x8C,0x45,0x29,0x20,0x00,0x00,0x00,0x00,0x00,0x00,0x00,0x00,0x00,0x00,0x00,0x00,0x00,0x00,0x00,0x00,0x00,0x00,0x00,
	0x00,0x00,0x00,0x00,0x00,0x00,0x00,0x00,0x00,0x00,0x00,0x00,0x00,0x00,0x00,0x00,0x20,0x00,0x51,0x8C,0x5D,0xEF,0xFF,0xFF,0x9A,0xD6,0x4D,0x6B,0x20,0x00,0xE8,0x41,0xFF,0xFF,0xFF,0xFF,0xFF,0xFF,0xFF,0xFF,0xFF,0xFF,0xFF,0xFF,0xFF,0xFF,0xFF,0xFF,0xFF,0xFF,0xFF,0xFF,0xFF,0xFF,0xFF,0xFF,0xFF,0xFF,0xFF,0xFF,0xD7,0xBD,0xE8,0x41,
	0x00,0x00,0x51,0x8C,0xFF,0xFF,0xFF,0xFF,0xD7,0xBD,0xE8,0x41,0x41,0x08,0x00,0x00,0x00,0x00,0x00,0x00,0x00,0x00,0x00,0x00,0x00,0x00,0x00,0x00,0x00,0x00,0x00,0x00,0x00,0x00,0x00,0x00,0x00,0x00,0x00,0x00,0x00,0x00,0x00,0x00,0x20,0x00,0xE8,0x41,0x5D,0xEF,0xFF,0xFF,0xFF,0xFF,0x4D,0x6B,0xA2,0x10,0x00,0x00,0x00,0x00,0x00,0x00,
	0x00,0x00,0x00,0x00,0x00,0x00,0x00,0x00,0x00,0x00,0x00,0x00,0x00,0x00,0x00,0x00,0x00,0x00,0x00,0x00,0x00,0x00,0x00,0x00,0x00,0x00,0x00,0x00,0x00,0x00,0x20,0x00,0x51,0x8C,0x5D,0xEF,0xFF,0xFF,0x9A,0xD6,0x4D,0x6B,0x41,0x08,0x45,0x29,0x51,0x8C,0x51,0x8C,0x51,0x8C,0x51,0x8C,0x51,0x8C,0xD7,0xBD,0x5D,0xEF,0xFF,0xFF,0x5D,0xEF,
	0x14,0xA5,0x51,0x8C,0x51,0x8C,0x51,0x8C,0x51,0x8C,0x4D,0x6B,0x45,0x29,0x00,0x00,0x51,0x8C,0xFF,0xFF,0xFF,0xFF,0xD7,0xBD,0xE8,0x41,0x41,0x08,0x00,0x00,0x00,0x00,0x00,0x00,0x00,0x00,0x00,0x00,0x00,0x00,0x00,0x00,0x00,0x00,0x00,0x00,0x00,0x00,0x00,0x00,0x00,0x00,0x00,0x00,0x00,0x00,0x00,0x00,0x41,0x08,0x4D,0x6B,0x5D,0xEF,
	0xFF,0xFF,0xFF,0xFF,0x4D,0x6B,0x00,0x00,0x00,0x00,0x00,0x00,0x00,0x00,0x00,0x00,0x00,0x00,0x00,0x00,0x00,0x00,0x00,0x00,0x00,0x00,0x00,0x00,0x00,0x00,0x00,0x00,0x00,0x00,0x00,0x00,0x00,0x00,0x00,0x00,0x00,0x00,0x00,0x00,0x20,0x00,0x51,0x8C,0x5D,0xEF,0xFF,0xFF,0x9A,0xD6,0x4D,0x6B,0xA2,0x10,0x41,0x08,0x45,0x29,0x45,0x29,
	0x45,0x29,0x45,0x29,0xE8,0x41,0x4D,0x6B,0x5D,0xEF,0xFF,0xFF,0x9A,0xD6,0x4D,0x6B,0x45,0x29,0x45,0x29,0x45,0x29,0x45,0x29,0x45,0x29,0x41,0x08,0x00,0x00,0x51,0x8C,0xFF,0xFF,0xFF,0xFF,0xD7,0xBD,0xE8,0x41,0x41,0x08,0x00,0x00,0x00,0x00,0x00,0x00,0x00,0x00,0x00,0x00,0x00,0x00,0x00,0x00,0x20,0x00,0x41,0x08,0xA2,0x10,0xA2,0x10,
	0xA2,0x10,0xA2,0x10,0xA2,0x10,0xA2,0x10,0xE8,0x41,0x51,0x8C,0x5D,0xEF,0xFF,0xFF,0xBE,0xF7,0x4D,0x6B,0xA2,0x10,0xA2,0x10,0xA2,0x10,0xA2,0x10,0xA2,0x10,0xA2,0x10,0xA2,0x10,0xA2,0x10,0xA2,0x10,0xA2,0x10,0x41,0x08,0x00,0x00,0x00,0x00,0x00,0x00,0x00,0x00,0x00,0x00,0x00,0x00,0x00,0x00,0x00,0x00,0x20,0x00,0x51,0x8C,0x5D,0xEF,
	0xFF,0xFF,0x9A,0xD6,0x4D,0x6B,0x45,0x29,0x45,0x29,0x45,0x29,0xE8,0x41,0x45,0x29,0x45,0x29,0xE8,0x41,0x4D,0x6B,0x5D,0xEF,0xFF,0xFF,0x9A,0xD6,0x4D,0x6B,0x45,0x29,0x45,0x29,0x45,0x29,0x45,0x29,0xE8,0x41,0xA2,0x10,0x20,0x00,0x51,0x8C,0xFF,0xFF,0xFF,0xFF,0xD7,0xBD,0xE8,0x41,0x41,0x08,0x00,0x00,0x00,0x00,0x00,0x00,0x00,0x00,
	0x00,0x00,0x00,0x00,0x00,0x00,0xA2,0x10,0xE8,0x41,0x4D,0x6B,0x4D,0x6B,0x4D,0x6B,0x4D,0x6B,0x4D,0x6B,0x4D,0x6B,0x51,0x8C,0xD7,0xBD,0xBE,0xF7,0xFF,0xFF,0x5D,0xEF,0x51,0x8C,0x4D,0x6B,0x4D,0x6B,0x4D,0x6B,0x4D,0x6B,0x4D,0x6B,0x4D,0x6B,0x4D,0x6B,0x4D,0x6B,0x4D,0x6B,0x4D,0x6B,0xE8,0x41,0x00,0x00,0x00,0x00,0x00,0x00,0x00,0x00,
	0x00,0x00,0x00,0x00,0x00,0x00,0x00,0x00,0x20,0x00,0x51,0x8C,0x5D,0xEF,0xFF,0xFF,0xD7,0xBD,0x51,0x8C,0x4D,0x6B,0x51,0x8C,0x14,0xA5,0x14,0xA5,0x14,0xA5,0x14,0xA5,0x14,0xA5,0xD7,0xBD,0xBE,0xF7,0xFF,0xFF,0x5D,0xEF,0xD7,0xBD,0x51,0x8C,0x14,0xA5,0x14,0xA5,0x14,0xA5,0x14,0xA5,0x4D,0x6B,0x45,0x29,0x14,0xA5,0xFF,0xFF,0xFF,0xFF,
	0xD7,0xBD,0xE8,0x41,0x41,0x08,0x00,0x00,0x00,0x00,0x00,0x00,0x00,0x00,0x00,0x00,0x00,0x00,0x00,0x00,0xE8,0x41,0x51,0x8C,0xD7,0xBD,0x9A,0xD6,0x9A,0xD6,0x9A,0xD6,0x9A,0xD6,0x9A,0xD6,0x9A,0xD6,0x5D,0xEF,0xFF,0xFF,0xFF,0xFF,0x5D,0xEF,0x9A,0xD6,0xD7,0xBD,0x9A,0xD6,0x9A,0xD6,0x9A,0xD6,0x9A,0xD6,0x9A,0xD6,0x9A,0xD6,0xD7,0xBD,
	0x9A,0xD6,0x9A,0xD6,0x4D,0x6B,0x00,0x00,0x00,0x00,0x00,0x00,0x00,0x00,0x00,0x00,0x00,0x00,0x00,0x00,0x00,0x00,0x20,0x00,0x51,0x8C,0x5D,0xEF,0xFF,0xFF,0xD7,0xBD,0x51,0x8C,0x14,0xA5,0x9A,0xD6,0xFF,0xFF,0xFF,0xFF,0xFF,0xFF,0xFF,0xFF,0xFF,0xFF,0xFF,0xFF,0xFF,0xFF,0xFF,0xFF,0xFF,0xFF,0xFF,0xFF,0xFF,0xFF,0xFF,0xFF,0xFF,0xFF,
	0xFF,0xFF,0xFF,0xFF,0x9A,0xD6,0xE8,0x41,0x14,0xA5,0xFF,0xFF,0xFF,0xFF,0xD7,0xBD,0xE8,0x41,0x41,0x08,0x00,0x00,0x00,0x00,0x00,0x00,0x00,0x00,0x00,0x00,0x00,0x00,0x00,0x00,0xE8,0x41,0x14,0xA5,0xBE,0xF7,0xFF,0xFF,0xFF,0xFF,0xFF,0xFF,0xFF,0xFF,0xFF,0xFF,0xFF,0xFF,0xFF,0xFF,0xFF,0xFF,0xFF,0xFF,0xFF,0xFF,0xFF,0xFF,0xFF,0xFF,
	0xFF,0xFF,0xFF,0xFF,0xFF,0xFF,0xFF,0xFF,0xFF,0xFF,0xFF,0xFF,0xFF,0xFF,0xFF,0xFF,0xFF,0xFF,0x51,0x8C,0x00,0x00,0x00,0x00,0x00,0x00,0x00,0x00,0x00,0x00,0x00,0x00,0x00,0x00,0x00,0x00,0x20,0x00,0x51,0x8C,0x5D,0xEF,0xFF,0xFF,0xD7,0xBD,0x51,0x8C,0x14,0xA5,0xD7,0xBD,0x5D,0xEF,0x5D,0xEF,0x5D,0xEF,0x5D,0xEF,0x5D,0xEF,0x5D,0xEF,
	0x5D,0xEF,0x5D,0xEF,0x5D,0xEF,0x5D,0xEF,0x5D,0xEF,0x5D,0xEF,0x5D,0xEF,0x5D,0xEF,0x5D,0xEF,0xD7,0xBD,0xE8,0x41,0x14,0xA5,0xFF,0xFF,0xFF,0xFF,0xD7,0xBD,0xE8,0x41,0x41,0x08,0x00,0x00,0x00,0x00,0x00,0x00,0x00,0x00,0x00,0x00,0x00,0x00,0x00,0x00,0xE8,0x41,0x51,0x8C,0x9A,0xD6,0x5D,0xEF,0x5D,0xEF,0x5D,0xEF,0x5D,0xEF,0x9A,0xD6,
	0xBE,0xF7,0xFF,0xFF,0xFF,0xFF,0xBE,0xF7,0x5D,0xEF,0x5D,0xEF,0x5D,0xEF,0x5D,0xEF,0x5D,0xEF,0x5D,0xEF,0x5D,0xEF,0x5D,0xEF,0x5D,0xEF,0xFF,0xFF,0xFF,0xFF,0xFF,0xFF,0x51,0x8C,0x00,0x00,0x00,0x00,0x00,0x00,0x00,0x00,0x00,0x00,0x00,0x00,0x00,0x00,0x00,0x00,0x20,0x00,0x51,0x8C,0x5D,0xEF,0xFF,0xFF,0xD7,0xBD,0x51,0x8C,0x4D,0x6B,
	0x4D,0x6B,0x51,0x8C,0x51,0x8C,0x51,0x8C,0x51,0x8C,0x51,0x8C,0x51,0x8C,0x51,0x8C,0x51,0x8C,0x51,0x8C,0x51,0x8C,0x51,0x8C,0x51,0x8C,0x51,0x8C,0x51,0x8C,0x51,0x8C,0x4D,0x6B,0x45,0x29,0x51,0x8C,0xFF,0xFF,0xFF,0xFF,0xD7,0xBD,0xE8,0x41,0x41,0x08,0x00,0x00,0x00,0x00,0x00,0x00,0x00,0x00,0x00,0x00,0x00,0x00,0x00,0x00,0x45,0x29,
	0x4D,0x6B,0x51,0x8C,0x51,0x8C,0x51,0x8C,0x51,0x8C,0x51,0x8C,0x51,0x8C,0x9A,0xD6,0xFF,0xFF,0xFF,0xFF,0x9A,0xD6,0x14,0xA5,0x51,0x8C,0x51,0x8C,0x51,0x8C,0x51,0x8C,0x51,0x8C,0x51,0x8C,0x51,0x8C,0x14,0xA5,0x5D,0xEF,0xFF,0xFF,0xFF,0xFF,0x51,0x8C,0x00,0x00,0x00,0x00,0x00,0x00,0x00,0x00,0x00,0x00,0x00,0x00,0x00,0x00,0x00,0x00,
	0x20,0x00,0x14,0xA5,0xFF,0xFF,0xFF,0xFF,0x9A,0xD6,0x4D,0x6B,0xA2,0x10,0x20,0x00,0x00,0x00,0x00,0x00,0x00,0x00,0x00,0x00,0x00,0x00,0x00,0x00,0x00,0x00,0x00,0x00,0x00,0x00,0x00,0x00,0x00,0x00,0x00,0x00,0x00,0x00,0x00,0x00,0x20,0x00,0x20,0x00,0x00,0x00,0x51,0x8C,0xFF,0xFF,0xFF,0xFF,0xD7,0xBD,0xE8,0x41,0x41,0x08,0x00,0x00,
	0x00,0x00,0x00,0x00,0x00,0x00,0x00,0x00,0x00,0x00,0x00,0x00,0x00,0x00,0x20,0x00,0x41,0x08,0x41,0x08,0x41,0x08,0x41,0x08,0x41,0x08,0x45,0x29,0x14,0xA5,0xFF,0xFF,0xFF,0xFF,0x14,0xA5,0x45,0x29,0x41,0x08,0x41,0x08,0x41,0x08,0x41,0x08,0x41,0x08,0x41,0x08,0xA2,0x10,0xE8,0x41,0xD7,0xBD,0xFF,0xFF,0xFF,0xFF,0x51,0x8C,0x00,0x00,
	0x00,0x00,0x00,0x00,0x00,0x00,0x00,0x00,0x00,0x00,0x00,0x00,0x00,0x00,0x20,0x00,0x14,0xA5,0xFF,0xFF,0xFF,0xFF,0xD7,0xBD,0xE8,0x41,0x20,0x00,0x45,0x29,0x51,0x8C,0x51,0x8C,0x51,0x8C,0x51,0x8C,0x51,0x8C,0x51,0x8C,0x51,0x8C,0x51,0x8C,0x51,0x8C,0x51,0x8C,0x51,0x8C,0x51,0x8C,0x51,0x8C,0x51,0x8C,0xE8,0x41,0x20,0x00,0x00,0x00,
	0x51,0x8C,0xFF,0xFF,0xFF,0xFF,0xD7,0xBD,0xE8,0x41,0x41,0x08,0x00,0x00,0x00,0x00,0x00,0x00,0x00,0x00,0x00,0x00,0x00,0x00,0x00,0x00,0x00,0x00,0x00,0x00,0x00,0x00,0x00,0x00,0x00,0x00,0x00,0x00,0x20,0x00,0xE8,0x41,0xD7,0xBD,0xFF,0xFF,0xFF,0xFF,0x14,0xA5,0x20,0x00,0x00,0x00,0x00,0x00,0x00,0x00,0x00,0x00,0x00,0x00,0x00,0x00,
	0x20,0x00,0xE8,0x41,0xD7,0xBD,0xFF,0xFF,0xFF,0xFF,0x51,0x8C,0x00,0x00,0x00,0x00,0x00,0x00,0x00,0x00,0x00,0x00,0x00,0x00,0x00,0x00,0x00,0x00,0x20,0x00,0xD7,0xBD,0xFF,0xFF,0xFF,0xFF,0x14,0xA5,0xE8,0x41,0x00,0x00,0x4D,0x6B,0xFF,0xFF,0xFF,0xFF,0xFF,0xFF,0xFF,0xFF,0xFF,0xFF,0xFF,0xFF,0xFF,0xFF,0xFF,0xFF,0xFF,0xFF,0xFF,0xFF,
	0xFF,0xFF,0xFF,0xFF,0xFF,0xFF,0xFF,0xFF,0x51,0x8C,0xA2,0x10,0x00,0x00,0x51,0x8C,0xFF,0xFF,0xFF,0xFF,0xD7,0xBD,0xE8,0x41,0x41,0x08,0x00,0x00,0x00,0x00,0x00,0x00,0x00,0x00,0x00,0x00,0x00,0x00,0x00,0x00,0x00,0x00,0x00,0x00,0x00,0x00,0x00,0x00,0x00,0x00,0x00,0x00,0xA2,0x10,0x4D,0x6B,0x9A,0xD6,0xFF,0xFF,0xFF,0xFF,0x51,0x8C,
	0x00,0x00,0x00,0x00,0x00,0x00,0x00,0x00,0x00,0x00,0x00,0x00,0x00,0x00,0x41,0x08,0xE8,0x41,0xD7,0xBD,0xFF,0xFF,0xFF,0xFF,0x51,0x8C,0x00,0x00,0x00,0x00,0x00,0x00,0x00,0x00,0x00,0x00,0x00,0x00,0x00,0x00,0x00,0x00,0x20,0x00,0xD7,0xBD,0xFF,0xFF,0xFF,0xFF,0x14,0xA5,0x45,0x29,0x00,0x00,0x4D,0x6B,0xFF,0xFF,0xFF,0xFF,0xFF,0xFF,
	0xFF,0xFF,0xFF,0xFF,0xFF,0xFF,0xFF,0xFF,0xFF,0xFF,0xFF,0xFF,0xFF,0xFF,0xFF,0xFF,0xFF,0xFF,0xFF,0xFF,0xFF,0xFF,0x51,0x8C,0xA2,0x10,0x00,0x00,0x51,0x8C,0xFF,0xFF,0xFF,0xFF,0xD7,0xBD,0xE8,0x41,0x41,0x08,0x00,0x00,0x00,0x00,0x00,0x00,0x00,0x00,0x00,0x00,0x00,0x00,0x00,0x00,0x00,0x00,0x00,0x00,0x00,0x00,0x00,0x00,0x00,0x00,
	0x00,0x00,0xA2,0x10,0x51,0x8C,0x9A,0xD6,0xFF,0xFF,0x5D,0xEF,0x4D,0x6B,0x00,0x00,0x00,0x00,0x00,0x00,0x00,0x00,0x00,0x00,0x00,0x00,0x00,0x00,0x41,0x08,0xE8,0x41,0xD7,0xBD,0xFF,0xFF,0xFF,0xFF,0x51,0x8C,0x00,0x00,0x00,0x00,0x00,0x00,0x00,0x00,0x00,0x00,0x00,0x00,0x00,0x00,0x00,0x00,0xA2,0x10,0xD7,0xBD,0xFF,0xFF,0xFF,0xFF,
	0x14,0xA5,0x45,0x29,0x00,0x00,0x4D,0x6B,0xFF,0xFF,0xFF,0xFF,0xBE,0xF7,0xD7,0xBD,0x14,0xA5,0x14,0xA5,0x14,0xA5,0x14,0xA5,0x14,0xA5,0x14,0xA5,0x14,0xA5,0xBE,0xF7,0xFF,0xFF,0xBE,0xF7,0x51,0x8C,0xA2,0x10,0x00,0x00,0x51,0x8C,0xFF,0xFF,0xFF,0xFF,0xD7,0xBD,0xE8,0x41,0x41,0x08,0x00,0x00,0x00,0x00,0x00,0x00,0x00,0x00,0x00,0x00,
	0x00,0x00,0x00,0x00,0x00,0x00,0x00,0x00,0x00,0x00,0x00,0x00,0x00,0x00,0x00,0x00,0x45,0x29,0x14,0xA5,0x5D,0xEF,0xFF,0xFF,0xD7,0xBD,0x4D,0x6B,0x00,0x00,0x00,0x00,0x00,0x00,0x00,0x00,0x00,0x00,0x00,0x00,0x00,0x00,0x41,0x08,0xE8,0x41,0xD7,0xBD,0xFF,0xFF,0xFF,0xFF,0x51,0x8C,0x00,0x00,0x00,0x00,0x00,0x00,0x00,0x00,0x00,0x00,
	0x00,0x00,0x00,0x00,0x41,0x08,0xE8,0x41,0xD7,0xBD,0xFF,0xFF,0xFF,0xFF,0x51,0x8C,0x41,0x08,0x00,0x00,0x4D,0x6B,0xFF,0xFF,0xFF,0xFF,0x9A,0xD6,0x4D,0x6B,0xA2,0x10,0x00,0x00,0x00,0x00,0x00,0x00,0x00,0x00,0x00,0x00,0x45,0x29,0x5D,0xEF,0xFF,0xFF,0xBE,0xF7,0x51,0x8C,0xA2,0x10,0x00,0x00,0x51,0x8C,0xFF,0xFF,0xFF,0xFF,0xD7,0xBD,
	0xE8,0x41,0x41,0x08,0x00,0x00,0x00,0x00,0x00,0x00,0x00,0x00,0x00,0x00,0x00,0x00,0x00,0x00,0x00,0x00,0x00,0x00,0x00,0x00,0x00,0x00,0x00,0x00,0x00,0x00,0xE8,0x41,0x9A,0xD6,0xFF,0xFF,0xBE,0xF7,0x14,0xA5,0xE8,0x41,0x00,0x00,0x00,0x00,0x00,0x00,0x00,0x00,0x00,0x00,0x00,0x00,0x00,0x00,0x41,0x08,0xE8,0x41,0xD7,0xBD,0xFF,0xFF,
	0xFF,0xFF,0x51,0x8C,0x00,0x00,0x00,0x00,0x00,0x00,0x00,0x00,0x00,0x00,0x00,0x00,0x00,0x00,0xA2,0x10,0x4D,0x6B,0x9A,0xD6,0xFF,0xFF,0xFF,0xFF,0x51,0x8C,0x20,0x00,0x00,0x00,0x4D,0x6B,0xFF,0xFF,0xFF,0xFF,0x5D,0xEF,0x4D,0x6B,0x45,0x29,0xA2,0x10,0xA2,0x10,0xA2,0x10,0xA2,0x10,0x41,0x08,0xE8,0x41,0x5D,0xEF,0xFF,0xFF,0xBE,0xF7,
	0x51,0x8C,0xA2,0x10,0x00,0x00,0x51,0x8C,0xFF,0xFF,0xFF,0xFF,0xD7,0xBD,0xE8,0x41,0x41,0x08,0x00,0x00,0x00,0x00,0x00,0x00,0x00,0x00,0x00,0x00,0x00,0x00,0x00,0x00,0x00,0x00,0x00,0x00,0x00,0x00,0x00,0x00,0x00,0x00,0x00,0x00,0xE8,0x41,0x5D,0xEF,0xFF,0xFF,0x5D,0xEF,0x51,0x8C,0x45,0x29,0x00,0x00,0x00,0x00,0x00,0x00,0x00,0x00,
	0x00,0x00,0x00,0x00,0x00,0x00,0x41,0x08,0xE8,0x41,0xD7,0xBD,0xFF,0xFF,0xFF,0xFF,0x51,0x8C,0x00,0x00,0x00,0x00,0x00,0x00,0x00,0x00,0x00,0x00,0x00,0x00,0x00,0x00,0x45,0x29,0x4D,0x6B,0x9A,0xD6,0xFF,0xFF,0xBE,0xF7,0x4D,0x6B,0x00,0x00,0x00,0x00,0x4D,0x6B,0xFF,0xFF,0xFF,0xFF,0x5D,0xEF,0x14,0xA5,0x51,0x8C,0x4D,0x6B,0x4D,0x6B,
	0x4D,0x6B,0x4D,0x6B,0x4D,0x6B,0x51,0x8C,0x5D,0xEF,0xFF,0xFF,0xFF,0xFF,0x51,0x8C,0xA2,0x10,0x00,0x00,0x51,0x8C,0xFF,0xFF,0xFF,0xFF,0xD7,0xBD,0xE8,0x41,0x41,0x08,0x00,0x00,0x00,0x00,0x00,0x00,0x00,0x00,0x00,0x00,0x00,0x00,0x00,0x00,0x00,0x00,0x00,0x00,0x00,0x00,0x00,0x00,0x00,0x00,0x20,0x00,0xE8,0x41,0xFF,0xFF,0xFF,0xFF,
	0x5D,0xEF,0x4D,0x6B,0xA2,0x10,0x00,0x00,0x00,0x00,0x00,0x00,0x00,0x00,0x00,0x00,0x00,0x00,0x00,0x00,0x41,0x08,0xE8,0x41,0xD7,0xBD,0xFF,0xFF,0xFF,0xFF,0x51,0x8C,0x00,0x00,0x00,0x00,0x00,0x00,0x00,0x00,0x00,0x00,0x00,0x00,0x00,0x00,0x45,0x29,0x14,0xA5,0x5D,0xEF,0xFF,0xFF,0x9A,0xD6,0x4D,0x6B,0x00,0x00,0x00,0x00,0x4D,0x6B,
	0xFF,0xFF,0xFF,0xFF,0xFF,0xFF,0xBE,0xF7,0xBE,0xF7,0xBE,0xF7,0xBE,0xF7,0xBE,0xF7,0xBE,0xF7,0xBE,0xF7,0xBE,0xF7,0xFF,0xFF,0xFF,0xFF,0xFF,0xFF,0x51,0x8C,0xA2,0x10,0x00,0x00,0x51,0x8C,0xFF,0xFF,0xFF,0xFF,0xD7,0xBD,0xE8,0x41,0x41,0x08,0x00,0x00,0x00,0x00,0x00,0x00,0x00,0x00,0x00,0x00,0x00,0x00,0x00,0x00,0x00,0x00,0x00,0x00,
	0x00,0x00,0x00,0x00,0x20,0x00,0xA2,0x10,0x4D,0x6B,0xBE,0xF7,0xFF,0xFF,0x5D,0xEF,0xE8,0x41,0x00,0x00,0x00,0x00,0x00,0x00,0x00,0x00,0x00,0x00,0x00,0x00,0x00,0x00,0x00,0x00,0x41,0x08,0xE8,0x41,0xD7,0xBD,0xFF,0xFF,0xFF,0xFF,0x51,0x8C,0x00,0x00,0x00,0x00,0x00,0x00,0x00,0x00,0x00,0x00,0x00,0x00,0x00,0x00,0xE8,0x41,0xD7,0xBD,
	0xBE,0xF7,0xBE,0xF7,0x14,0xA5,0xE8,0x41,0x00,0x00,0x00,0x00,0x4D,0x6B,0x5D,0xEF,0xBE,0xF7,0x5D,0xEF,0xBE,0xF7,0xBE,0xF7,0xBE,0xF7,0xBE,0xF7,0xBE,0xF7,0xBE,0xF7,0xBE,0xF7,0xBE,0xF7,0x5D,0xEF,0x5D,0xEF,0x5D,0xEF,0x4D,0x6B,0xA2,0x10,0x00,0x00,0x51,0x8C,0xFF,0xFF,0xFF,0xFF,0xD7,0xBD,0xE8,0x41,0x41,0x08,0x00,0x00,0x00,0x00,
	0x00,0x00,0x00,0x00,0x00,0x00,0x00,0x00,0x00,0x00,0x00,0x00,0x00,0x00,0x00,0x00,0x00,0x00,0x00,0x00,0x45,0x29,0x51,0x8C,0xFF,0xFF,0xFF,0xFF,0x9A,0xD6,0xA2,0x10,0x00,0x00,0x00,0x00,0x00,0x00,0x00,0x00,0x00,0x00,0x00,0x00,0x00,0x00,0x00,0x00,0x00,0x00,0x45,0x29,0xD7,0xBD,0xFF,0xFF,0xFF,0xFF,0x51,0x8C,0x00,0x00,0x00,0x00,
	0x00,0x00,0x00,0x00,0x00,0x00,0x00,0x00,0x20,0x00,0x4D,0x6B,0x5D,0xEF,0xFF,0xFF,0x5D,0xEF,0x51,0x8C,0x45,0x29,0x00,0x00,0x00,0x00,0xE8,0x41,0xD7,0xBD,0xD7,0xBD,0x14,0xA5,0x14,0xA5,0x14,0xA5,0x14,0xA5,0x14,0xA5,0x14,0xA5,0x14,0xA5,0x14,0xA5,0x14,0xA5,0xD7,0xBD,0xD7,0xBD,0x14,0xA5,0x4D,0x6B,0xA2,0x10,0x00,0x00,0x51,0x8C,
	0xFF,0xFF,0xFF,0xFF,0xD7,0xBD,0xE8,0x41,0x41,0x08,0x00,0x00,0x00,0x00,0x00,0x00,0x00,0x00,0x20,0x00,0x41,0x08,0x41,0x08,0x41,0x08,0x41,0x08,0x41,0x08,0x41,0x08,0xA2,0x10,0x4D,0x6B,0x14,0xA5,0xFF,0xFF,0xFF,0xFF,0xD7,0xBD,0x45,0x29,0x41,0x08,0x41,0x08,0x41,0x08,0x41,0x08,0x41,0x08,0x41,0x08,0x41,0x08,0x41,0x08,0xA2,0x10,
	0xE8,0x41,0xD7,0xBD,0xFF,0xFF,0xFF,0xFF,0x51,0x8C,0x41,0x08,0x41,0x08,0x41,0x08,0x41,0x08,0x41,0x08,0x41,0x08,0x45,0x29,0x51,0x8C,0xFF,0xFF,0xFF,0xFF,0x9A,0xD6,0xE8,0x41,0xA2,0x10,0x00,0x00,0x00,0x00,0x41,0x08,0x45,0x29,0x45,0x29,0x45,0x29,0x45,0x29,0x45,0x29,0x45,0x29,0x45,0x29,0x45,0x29,0x45,0x29,0x45,0x29,0x45,0x29,
	0xE8,0x41,0xE8,0x41,0xE8,0x41,0x45,0x29,0x41,0x08,0x20,0x00,0x51,0x8C,0xFF,0xFF,0xFF,0xFF,0xD7,0xBD,0xE8,0x41,0x41,0x08,0x00,0x00,0x00,0x00,0x00,0x00,0x20,0x00,0xA2,0x10,0x4D,0x6B,0xD7,0xBD,0xD7,0xBD,0xD7,0xBD,0xD7,0xBD,0xD7,0xBD,0xD7,0xBD,0x9A,0xD6,0x5D,0xEF,0xFF,0xFF,0xFF,0xFF,0x5D,0xEF,0x9A,0xD6,0xD7,0xBD,0xD7,0xBD,
	0xD7,0xBD,0xD7,0xBD,0xD7,0xBD,0xD7,0xBD,0xD7,0xBD,0xD7,0xBD,0x9A,0xD6,0x9A,0xD6,0xBE,0xF7,0xFF,0xFF,0xFF,0xFF,0x5D,0xEF,0xD7,0xBD,0xD7,0xBD,0xD7,0xBD,0xD7,0xBD,0x51,0x8C,0x4D,0x6B,0xE8,0x41,0x14,0xA5,0xFF,0xFF,0xFF,0xFF,0xD7,0xBD,0x45,0x29,0x20,0x00,0x00,0x00,0x00,0x00,0x00,0x00,0x00,0x00,0x00,0x00,0x00,0x00,0x00,0x00,
	0x00,0x00,0x00,0x00,0x00,0x00,0x00,0x00,0x00,0x00,0x00,0x00,0x00,0x00,0x41,0x08,0xE8,0x41,0x4D,0x6B,0x4D,0x6B,0x4D,0x6B,0x4D,0x6B,0xD7,0xBD,0xFF,0xFF,0xFF,0xFF,0xD7,0xBD,0xE8,0x41,0x41,0x08,0x00,0x00,0x00,0x00,0x00,0x00,0x20,0x00,0x45,0x29,0x51,0x8C,0xFF,0xFF,0xFF,0xFF,0xFF,0xFF,0xFF,0xFF,0xFF,0xFF,0xFF,0xFF,0xFF,0xFF,
	0xFF,0xFF,0xFF,0xFF,0xFF,0xFF,0xFF,0xFF,0xFF,0xFF,0xFF,0xFF,0xFF,0xFF,0xFF,0xFF,0xFF,0xFF,0xFF,0xFF,0xFF,0xFF,0xFF,0xFF,0xFF,0xFF,0xFF,0xFF,0xFF,0xFF,0xFF,0xFF,0xFF,0xFF,0xFF,0xFF,0xFF,0xFF,0xFF,0xFF,0xFF,0xFF,0xFF,0xFF,0xFF,0xFF,0xD7,0xBD,0x51,0x8C,0x51,0x8C,0xD7,0xBD,0xFF,0xFF,0xFF,0xFF,0x14,0xA5,0x41,0x08,0x00,0x00,
	0x00,0x00,0x00,0x00,0x00,0x00,0x00,0x00,0x00,0x00,0x00,0x00,0x00,0x00,0x00,0x00,0x00,0x00,0x00,0x00,0x00,0x00,0x00,0x00,0x00,0x00,0x20,0x00,0xA2,0x10,0x51,0x8C,0xFF,0xFF,0xFF,0xFF,0xFF,0xFF,0xFF,0xFF,0xFF,0xFF,0xFF,0xFF,0xFF,0xFF,0xD7,0xBD,0xE8,0x41,0x41,0x08,0x00,0x00,0x00,0x00,0x00,0x00,0x20,0x00,0x45,0x29,0x51,0x8C,
	0xFF,0xFF,0xFF,0xFF,0xFF,0xFF,0xFF,0xFF,0xFF,0xFF,0xFF,0xFF,0xFF,0xFF,0xFF,0xFF,0xFF,0xFF,0xFF,0xFF,0xFF,0xFF,0xFF,0xFF,0xFF,0xFF,0xFF,0xFF,0xFF,0xFF,0xFF,0xFF,0xFF,0xFF,0xFF,0xFF,0xFF,0xFF,0xFF,0xFF,0xFF,0xFF,0xFF,0xFF,0xFF,0xFF,0xFF,0xFF,0xFF,0xFF,0xFF,0xFF,0xFF,0xFF,0xFF,0xFF,0xFF,0xFF,0xFF,0xFF,0xD7,0xBD,0x51,0x8C,
	0xE8,0x41,0x4D,0x6B,0x9A,0xD6,0xD7,0xBD,0x4D,0x6B,0x20,0x00,0x00,0x00,0x00,0x00,0x00,0x00,0x00,0x00,0x00,0x00,0x00,0x00,0x00,0x00,0x00,0x00,0x00,0x00,0x00,0x00,0x00,0x00,0x00,0x00,0x00,0x00,0x00,0x00,0x00,0x00,0x41,0x08,0x51,0x8C,0xFF,0xFF,0xFF,0xFF,0xFF,0xFF,0xFF,0xFF,0xFF,0xFF,0xFF,0xFF,0x9A,0xD6,0x51,0x8C,0xA2,0x10,
	0x20,0x00,0x00,0x00,0x00,0x00,0x00,0x00,0x00,0x00,0xA2,0x10,0xE8,0x41,0x51,0x8C,0x51,0x8C,0x51,0x8C,0x51,0x8C,0x51,0x8C,0x51,0x8C,0x51,0x8C,0x51,0x8C,0x51,0x8C,0x51,0x8C,0x51,0x8C,0x51,0x8C,0x51,0x8C,0x51,0x8C,0x51,0x8C,0x51,0x8C,0x51,0x8C,0x51,0x8C,0x51,0x8C,0x51,0x8C,0x51,0x8C,0x51,0x8C,0x51,0x8C,0x51,0x8C,0x51,0x8C,
	0x51,0x8C,0x51,0x8C,0x51,0x8C,0x51,0x8C,0x51,0x8C,0x4D,0x6B,0xE8,0x41,0x00,0x00,0x45,0x29,0x51,0x8C,0x4D,0x6B,0x45,0x29,0x00,0x00,0x00,0x00,0x00,0x00,0x00,0x00,0x00,0x00,0x00,0x00,0x00,0x00,0x00,0x00,0x00,0x00,0x00,0x00,0x00,0x00,0x00,0x00,0x00,0x00,0x00,0x00,0x00,0x00,0x00,0x00,0x00,0x00,0xE8,0x41,0x9A,0xD6,0x9A,0xD6,
	0x9A,0xD6,0x9A,0xD6,0x9A,0xD6,0xD7,0xBD,0x51,0x8C,0xE8,0x41,0x00,0x00,0x00,0x00,0x00,0x00,0x00,0x00,0x00,0x00,0x00,0x00,0x20,0x00,0xA2,0x10,0x45,0x29,0x45,0x29,0x45,0x29,0x45,0x29,0x45,0x29,0x45,0x29,0x45,0x29,0x45,0x29,0x45,0x29,0x45,0x29,0x45,0x29,0x45,0x29,0x45,0x29,0x45,0x29,0x45,0x29,0x45,0x29,0x45,0x29,0x45,0x29,
	0x45,0x29,0x45,0x29,0x45,0x29,0x45,0x29,0x45,0x29,0x45,0x29,0x45,0x29,0x45,0x29,0x45,0x29,0x45,0x29,0x45,0x29,0x45,0x29,0xA2,0x10,0xA2,0x10,

	// Alpha Channel 
	0x00,0xFF,0xFF,0xFF,0x00,0x00,0x00,0x00,0x00,0x00,0x00,0x00,0x00,0x00,0x00,0x00,0x00,0x00,0x00,0x00,0x00,0x00,0x00,0xFF,0xFF,0xFF,0xFF,0xFF,0xFF,0xFF,0x00,0x00,0x00,0x00,0x00,0x00,0x00,0x00,0xFF,0xFF,0xFF,0xFF,0xFF,0x00,0x00,0x00,0x00,0x00,0x00,0x00,0x00,0x00,0x00,0x00,0x00,0x00,0x00,0x00,0x00,0x00,0x00,0x00,0x00,0x00,
	0x00,0xFF,0xFF,0xFF,0xFF,0xFF,0x00,0x00,0x00,0x00,0xFF,0xFF,0xFF,0xFF,0xFF,0xFF,0xFF,0xFF,0xFF,0xFF,0xFF,0xFF,0xFF,0xFF,0xFF,0xFF,0xFF,0xFF,0xFF,0xFF,0xFF,0xFF,0xFF,0xFF,0xFF,0xFF,0xFF,0xFF,0xFF,0xFF,0x00,0x00,0x00,0x00,0x00,0x00,0x00,0x00,0xFF,0xFF,0xFF,0xFF,0xFF,0xFF,0xFF,0xFF,0xFF,0xFF,0xFF,0xFF,0xFF,0xFF,0xFF,0xFF,
	0xFF,0xFF,0xFF,0xFF,0xFF,0xFF,0xFF,0xFF,0xFF,0xFF,0x00,0x00,0x00,0x00,0x00,0x00,0xFF,0xFF,0xFF,0xFF,0xFF,0xFF,0xFF,0xFF,0xFF,0xFF,0xFF,0xFF,0xFF,0xFF,0xFF,0xFF,0xFF,0xFF,0xFF,0xFF,0xFF,0xFF,0xFF,0xFF,0xFF,0xFF,0xFF,0xFF,0xFF,0xFF,0xFF,0x00,0x00,0x00,0x00,0x00,0xFF,0xFF,0xFF,0xFF,0xFF,0xFF,0xFF,0xFF,0xFF,0xFF,0xFF,0xFF,
	0xFF,0xFF,0xFF,0xFF,0xFF,0xFF,0xFF,0xFF,0xFF,0xFF,0xFF,0xFF,0xFF,0xFF,0xFF,0xFF,0xFF,0xFF,0xFF,0xFF,0x00,0x00,0x00,0xFF,0xFF,0xFF,0xFF,0xFF,0xFF,0xFF,0xFF,0xFF,0xFF,0xFF,0xFF,0xFF,0xFF,0xFF,0xFF,0xFF,0xFF,0xFF,0xFF,0xFF,0xFF,0xFF,0xFF,0xFF,0xFF,0xFF,0xFF,0xFF,0xFF,0xFF,0x00,0x00,0x00,0x00,0x00,0xFF,0xFF,0xFF,0xFF,0xFF,
	0xFF,0xFF,0xFF,0xFF,0xFF,0xFF,0xFF,0xFF,0xFF,0xFF,0xFF,0xFF,0xFF,0xFF,0xFF,0xFF,0xFF,0xFF,0xFF,0xFF,0xFF,0xFF,0xFF,0xFF,0xFF,0xFF,0xFF,0x00,0x00,0x00,0xFF,0xFF,0xFF,0xFF,0xFF,0xFF,0xFF,0xFF,0xFF,0xFF,0xFF,0xFF,0xFF,0xFF,0xFF,0xFF,0xFF,0xFF,0xFF,0xFF,0xFF,0xFF,0xFF,0xFF,0xFF,0xFF,0xFF,0xFF,0xFF,0xFF,0xFF,0x00,0x00,0x00,
	0x00,0x00,0xFF,0xFF,0xFF,0xFF,0xFF,0xFF,0xFF,0xFF,0xFF,0xFF,0xFF,0xFF,0xFF,0xFF,0xFF,0xFF,0xFF,0xFF,0xFF,0xFF,0xFF,0xFF,0xFF,0xFF,0xFF,0xFF,0xFF,0xFF,0xFF,0xFF,0xFF,0xFF,0x00,0x00,0x00,0xFF,0xFF,0xFF,0xFF,0xFF,0xFF,0xFF,0xFF,0xFF,0xFF,0xFF,0xFF,0xFF,0xFF,0xFF,0xFF,0xFF,0xFF,0xFF,0xFF,0xFF,0xFF,0xFF,0xFF,0xFF,0xFF,0xFF,
	0xFF,0xFF,0xFF,0xFF,0x00,0x00,0x00,0x00,0x00,0xFF,0xFF,0xFF,0xFF,0xFF,0xFF,0xFF,0xFF,0xFF,0xFF,0xFF,0xFF,0xFF,0xFF,0xFF,0xFF,0xFF,0xFF,0xFF,0xFF,0xFF,0xFF,0xFF,0xFF,0xFF,0xFF,0xFF,0xFF,0xFF,0xFF,0xFF,0xFF,0x00,0x00,0x00,0xFF,0xFF,0xFF,0xFF,0xFF,0xFF,0xFF,0xFF,0xFF,0xFF,0xFF,0xFF,0xFF,0xFF,0xFF,0xFF,0xFF,0xFF,0xFF,0xFF,
	0xFF,0xFF,0xFF,0xFF,0xFF,0xFF,0xFF,0xFF,0xFF,0xFF,0xFF,0x00,0x00,0x00,0x00,0x00,0xFF,0xFF,0xFF,0xFF,0xFF,0xFF,0xFF,0xFF,0xFF,0xFF,0xFF,0xFF,0xFF,0xFF,0xFF,0xFF,0xFF,0xFF,0xFF,0xFF,0xFF,0xFF,0xFF,0xFF,0xFF,0xFF,0xFF,0xFF,0xFF,0xFF,0xFF,0xFF,0x00,0x00,0x00,0xFF,0xFF,0xFF,0xFF,0xFF,0xFF,0xFF,0x00,0xFF,0xFF,0xFF,0xFF,0xFF,
	0xFF,0xFF,0xFF,0xFF,0xFF,0xFF,0xFF,0xFF,0xFF,0xFF,0x00,0x00,0xFF,0xFF,0xFF,0xFF,0xFF,0xFF,0x00,0x00,0x00,0x00,0x00,0x00,0x00,0x00,0x00,0x00,0x00,0x00,0x00,0x00,0x00,0x00,0xFF,0xFF,0xFF,0xFF,0xFF,0xFF,0x00,0x00,0x00,0x00,0x00,0x00,0x00,0x00,0x00,0x00,0x00,0x00,0x00,0x00,0x00,0x00,0x00,0x00,0xFF,0xFF,0xFF,0xFF,0xFF,0xFF,
	0xFF,0xFF,0xFF,0xFF,0xFF,0xFF,0xFF,0xFF,0xFF,0xFF,0xFF,0xFF,0xFF,0xFF,0xFF,0xFF,0xFF,0xFF,0x00,0xFF,0xFF,0xFF,0xFF,0xFF,0xFF,0x00,0x00,0x00,0x00,0x00,0x00,0x00,0x00,0x00,0x00,0x00,0x00,0x00,0x00,0x00,0x00,0xFF,0xFF,0xFF,0xFF,0xFF,0xFF,0x00,0x00,0x00,0x00,0x00,0x00,0x00,0x00,0x00,0x00,0x00,0x00,0x00,0x00,0x00,0x00,0x00,
	0x00,0xFF,0xFF,0xFF,0xFF,0xFF,0xFF,0xFF,0xFF,0xFF,0xFF,0xFF,0xFF,0xFF,0xFF,0xFF,0xFF,0xFF,0xFF,0xFF,0xFF,0xFF,0xFF,0xFF,0xFF,0x00,0xFF,0xFF,0xFF,0xFF,0xFF,0xFF,0x00,0x00,0x00,0x00,0x00,0x00,0x00,0x00,0x00,0x00,0x00,0x00,0x00,0x00,0x00,0x00,0xFF,0xFF,0xFF,0xFF,0xFF,0xFF,0xFF,0x00,0x00,0x00,0x00,0x00,0x00,0x00,0x00,0x00,
	0x00,0x00,0x00,0x00,0x00,0x00,0x00,0x00,0xFF,0xFF,0xFF,0xFF,0xFF,0xFF,0xFF,0xFF,0xFF,0xFF,0xFF,0xFF,0xFF,0xFF,0xFF,0xFF,0xFF,0xFF,0xFF,0xFF,0xFF,0xFF,0xFF,0xFF,0x00,0xFF,0xFF,0xFF,0xFF,0xFF,0xFF,0x00,0x00,0x00,0x00,0x00,0x00,0x00,0x00,0x00,0x00,0x00,0x00,0x00,0x00,0x00,0xFF,0xFF,0xFF,0xFF,0xFF,0xFF,0xFF,0x00,0x00,0x00,
	0x00,0x00,0x00,0x00,0x00,0x00,0x00,0x00,0x00,0x00,0x00,0x00,0x00,0x00,0x00,0xFF,0xFF,0xFF,0xFF,0xFF,0xFF,0xFF,0xFF,0xFF,0xFF,0xFF,0xFF,0xFF,0xFF,0xFF,0xFF,0xFF,0xFF,0xFF,0xFF,0xFF,0xFF,0xFF,0xFF,0x00,0xFF,0xFF,0xFF,0xFF,0xFF,0xFF,0x00,0x00,0x00,0x00,0x00,0x00,0x00,0x00,0x00,0x00,0x00,0x00,0x00,0x00,0x00,0xFF,0xFF,0xFF,
	0xFF,0xFF,0xFF,0x00,0x00,0x00,0x00,0x00,0x00,0x00,0x00,0x00,0x00,0x00,0x00,0x00,0x00,0x00,0x00,0x00,0x00,0x00,0xFF,0xFF,0xFF,0xFF,0xFF,0xFF,0xFF,0xFF,0xFF,0xFF,0xFF,0xFF,0xFF,0xFF,0xFF,0xFF,0xFF,0xFF,0xFF,0xFF,0xFF,0xFF,0xFF,0xFF,0x00,0xFF,0xFF,0xFF,0xFF,0xFF,0xFF,0x00,0x00,0x00,0x00,0x00,0x00,0x00,0xFF,0xFF,0xFF,0xFF,
	0xFF,0xFF,0xFF,0xFF,0xFF,0xFF,0xFF,0xFF,0xFF,0xFF,0xFF,0xFF,0xFF,0xFF,0xFF,0xFF,0xFF,0xFF,0xFF,0xFF,0xFF,0x00,0x00,0x00,0x00,0x00,0x00,0x00,0x00,0xFF,0xFF,0xFF,0xFF,0xFF,0xFF,0xFF,0xFF,0xFF,0xFF,0xFF,0xFF,0xFF,0xFF,0xFF,0xFF,0xFF,0xFF,0xFF,0xFF,0xFF,0xFF,0xFF,0xFF,0xFF,0xFF,0xFF,0xFF,0xFF,0xFF,0xFF,0x00,0x00,0x00,0x00,
	0x00,0x00,0x00,0xFF,0xFF,0xFF,0xFF,0xFF,0xFF,0xFF,0xFF,0xFF,0xFF,0xFF,0xFF,0xFF,0xFF,0xFF,0xFF,0xFF,0xFF,0xFF,0xFF,0xFF,0xFF,0xFF,0xFF,0xFF,0x00,0x00,0x00,0x00,0x00,0x00,0x00,0x00,0xFF,0xFF,0xFF,0xFF,0xFF,0xFF,0xFF,0xFF,0xFF,0xFF,0xFF,0xFF,0xFF,0xFF,0xFF,0xFF,0xFF,0xFF,0xFF,0xFF,0xFF,0xFF,0xFF,0xFF,0xFF,0xFF,0xFF,0xFF,
	0xFF,0xFF,0xFF,0x00,0x00,0x00,0x00,0x00,0x00,0x00,0xFF,0xFF,0xFF,0xFF,0xFF,0xFF,0xFF,0xFF,0xFF,0xFF,0xFF,0xFF,0xFF,0xFF,0xFF,0xFF,0xFF,0xFF,0xFF,0xFF,0xFF,0xFF,0xFF,0xFF,0xFF,0x00,0x00,0x00,0x00,0x00,0x00,0x00,0x00,0xFF,0xFF,0xFF,0xFF,0xFF,0xFF,0xFF,0xFF,0xFF,0xFF,0xFF,0xFF,0xFF,0xFF,0xFF,0xFF,0xFF,0xFF,0xFF,0xFF,0xFF,
	0xFF,0xFF,0xFF,0xFF,0xFF,0xFF,0xFF,0xFF,0xFF,0xFF,0x00,0x00,0x00,0x00,0x00,0x00,0x00,0xFF,0xFF,0xFF,0xFF,0xFF,0xFF,0xFF,0xFF,0xFF,0xFF,0xFF,0xFF,0xFF,0xFF,0xFF,0xFF,0xFF,0xFF,0xFF,0xFF,0xFF,0xFF,0xFF,0xFF,0xFF,0x00,0x00,0x00,0x00,0x00,0x00,0x00,0x00,0xFF,0xFF,0xFF,0xFF,0xFF,0xFF,0xFF,0xFF,0xFF,0xFF,0xFF,0xFF,0xFF,0xFF,
	0xFF,0xFF,0xFF,0xFF,0xFF,0xFF,0xFF,0xFF,0xFF,0xFF,0xFF,0xFF,0xFF,0xFF,0xFF,0xFF,0xFF,0x00,0x00,0x00,0x00,0x00,0x00,0x00,0xFF,0xFF,0xFF,0xFF,0xFF,0xFF,0xFF,0xFF,0xFF,0xFF,0xFF,0xFF,0xFF,0xFF,0xFF,0xFF,0xFF,0xFF,0xFF,0xFF,0xFF,0xFF,0xFF,0xFF,0xFF,0x00,0x00,0x00,0x00,0x00,0x00,0x00,0x00,0xFF,0xFF,0xFF,0xFF,0xFF,0xFF,0xFF,
	0xFF,0xFF,0xFF,0xFF,0xFF,0xFF,0xFF,0xFF,0xFF,0xFF,0xFF,0xFF,0xFF,0xFF,0xFF,0xFF,0xFF,0xFF,0xFF,0xFF,0xFF,0xFF,0xFF,0xFF,0x00,0x00,0x00,0x00,0x00,0x00,0x00,0xFF,0xFF,0xFF,0xFF,0xFF,0xFF,0xFF,0xFF,0xFF,0xFF,0xFF,0xFF,0xFF,0xFF,0xFF,0xFF,0xFF,0xFF,0xFF,0xFF,0xFF,0xFF,0xFF,0xFF,0xFF,0x00,0x00,0x00,0x00,0x00,0x00,0x00,0x00,
	0xFF,0xFF,0xFF,0xFF,0xFF,0xFF,0xFF,0xFF,0x00,0x00,0x00,0x00,0x00,0x00,0x00,0x00,0x00,0x00,0x00,0x00,0x00,0x00,0xFF,0xFF,0x00,0xFF,0xFF,0xFF,0xFF,0xFF,0xFF,0x00,0x00,0x00,0x00,0x00,0x00,0x00,0x00,0xFF,0xFF,0xFF,0xFF,0xFF,0xFF,0xFF,0xFF,0xFF,0xFF,0xFF,0xFF,0xFF,0xFF,0xFF,0xFF,0xFF,0xFF,0xFF,0xFF,0xFF,0xFF,0xFF,0xFF,0x00,
	0x00,0x00,0x00,0x00,0x00,0x00,0x00,0xFF,0xFF,0xFF,0xFF,0xFF,0xFF,0xFF,0xFF,0xFF,0xFF,0xFF,0xFF,0xFF,0xFF,0xFF,0xFF,0xFF,0xFF,0xFF,0xFF,0xFF,0xFF,0xFF,0xFF,0x00,0xFF,0xFF,0xFF,0xFF,0xFF,0xFF,0x00,0x00,0x00,0x00,0x00,0x00,0x00,0x00,0x00,0x00,0x00,0x00,0x00,0xFF,0xFF,0xFF,0xFF,0xFF,0xFF,0xFF,0x00,0x00,0x00,0x00,0x00,0x00,
	0xFF,0xFF,0xFF,0xFF,0xFF,0xFF,0x00,0x00,0x00,0x00,0x00,0x00,0x00,0x00,0xFF,0xFF,0xFF,0xFF,0xFF,0xFF,0x00,0xFF,0xFF,0xFF,0xFF,0xFF,0xFF,0xFF,0xFF,0xFF,0xFF,0xFF,0xFF,0xFF,0xFF,0xFF,0xFF,0xFF,0x00,0xFF,0xFF,0xFF,0xFF,0xFF,0xFF,0x00,0x00,0x00,0x00,0x00,0x00,0x00,0x00,0x00,0x00,0x00,0x00,0x00,0xFF,0xFF,0xFF,0xFF,0xFF,0xFF,
	0x00,0x00,0x00,0x00,0x00,0x00,0x00,0xFF,0xFF,0xFF,0xFF,0xFF,0xFF,0x00,0x00,0x00,0x00,0x00,0x00,0x00,0x00,0xFF,0xFF,0xFF,0xFF,0xFF,0xFF,0x00,0xFF,0xFF,0xFF,0xFF,0xFF,0xFF,0xFF,0xFF,0xFF,0xFF,0xFF,0xFF,0xFF,0xFF,0xFF,0xFF,0xFF,0x00,0xFF,0xFF,0xFF,0xFF,0xFF,0xFF,0x00,0x00,0x00,0x00,0x00,0x00,0x00,0x00,0x00,0x00,0x00,0x00,
	0x00,0xFF,0xFF,0xFF,0xFF,0xFF,0xFF,0x00,0x00,0x00,0x00,0x00,0x00,0x00,0xFF,0xFF,0xFF,0xFF,0xFF,0xFF,0x00,0x00,0x00,0x00,0x00,0x00,0x00,0x00,0xFF,0xFF,0xFF,0xFF,0xFF,0xFF,0x00,0xFF,0xFF,0xFF,0xFF,0xFF,0xFF,0xFF,0xFF,0xFF,0xFF,0xFF,0xFF,0xFF,0xFF,0xFF,0xFF,0xFF,0x00,0xFF,0xFF,0xFF,0xFF,0xFF,0xFF,0x00,0x00,0x00,0x00,0x00,
	0x00,0x00,0x00,0x00,0x00,0x00,0x00,0x00,0xFF,0xFF,0xFF,0xFF,0xFF,0xFF,0x00,0x00,0x00,0x00,0x00,0x00,0x00,0xFF,0xFF,0xFF,0xFF,0xFF,0xFF,0x00,0x00,0x00,0x00,0x00,0x00,0x00,0xFF,0xFF,0xFF,0xFF,0xFF,0xFF,0xFF,0x00,0xFF,0xFF,0xFF,0xFF,0xFF,0xFF,0x00,0x00,0x00,0x00,0x00,0xFF,0xFF,0xFF,0xFF,0xFF,0xFF,0x00,0xFF,0xFF,0xFF,0xFF,
	0xFF,0xFF,0x00,0x00,0x00,0x00,0x00,0x00,0x00,0x00,0x00,0x00,0x00,0x00,0x00,0xFF,0xFF,0xFF,0xFF,0xFF,0xFF,0x00,0x00,0x00,0x00,0x00,0x00,0x00,0xFF,0xFF,0xFF,0xFF,0xFF,0xFF,0x00,0x00,0x00,0x00,0x00,0x00,0x00,0xFF,0xFF,0xFF,0xFF,0xFF,0xFF,0xFF,0x00,0xFF,0xFF,0xFF,0xFF,0xFF,0xFF,0xFF,0xFF,0xFF,0xFF,0xFF,0xFF,0xFF,0xFF,0xFF,
	0xFF,0xFF,0x00,0xFF,0xFF,0xFF,0xFF,0xFF,0xFF,0x00,0x00,0x00,0x00,0x00,0x00,0x00,0x00,0x00,0x00,0x00,0x00,0x00,0xFF,0xFF,0xFF,0xFF,0xFF,0xFF,0x00,0x00,0x00,0x00,0x00,0x00,0x00,0xFF,0xFF,0xFF,0xFF,0xFF,0xFF,0x00,0x00,0x00,0x00,0x00,0x00,0x00,0xFF,0xFF,0xFF,0xFF,0xFF,0xFF,0x00,0x00,0xFF,0xFF,0xFF,0xFF,0xFF,0xFF,0xFF,0xFF,
	0xFF,0xFF,0xFF,0xFF,0xFF,0xFF,0xFF,0xFF,0xFF,0x00,0xFF,0xFF,0xFF,0xFF,0xFF,0xFF,0x00,0x00,0x00,0x00,0x00,0x00,0x00,0x00,0x00,0x00,0x00,0x00,0xFF,0xFF,0xFF,0xFF,0xFF,0xFF,0xFF,0x00,0x00,0x00,0x00,0x00,0x00,0x00,0xFF,0xFF,0xFF,0xFF,0xFF,0xFF,0x00,0x00,0x00,0x00,0x00,0x00,0x00,0xFF,0xFF,0xFF,0xFF,0xFF,0xFF,0x00,0x00,0xFF,
	0xFF,0xFF,0xFF,0xFF,0xFF,0xFF,0xFF,0xFF,0xFF,0xFF,0xFF,0xFF,0xFF,0xFF,0xFF,0xFF,0x00,0xFF,0xFF,0xFF,0xFF,0xFF,0xFF,0x00,0x00,0x00,0x00,0x00,0x00,0x00,0x00,0x00,0x00,0x00,0xFF,0xFF,0xFF,0xFF,0xFF,0xFF,0xFF,0x00,0x00,0x00,0x00,0x00,0x00,0x00,0x00,0xFF,0xFF,0xFF,0xFF,0xFF,0xFF,0x00,0x00,0x00,0x00,0x00,0x00,0x00,0xFF,0xFF,
	0xFF,0xFF,0xFF,0xFF,0x00,0x00,0xFF,0xFF,0xFF,0xFF,0xFF,0xFF,0xFF,0xFF,0xFF,0xFF,0xFF,0xFF,0xFF,0xFF,0xFF,0xFF,0xFF,0x00,0xFF,0xFF,0xFF,0xFF,0xFF,0xFF,0x00,0x00,0x00,0x00,0x00,0x00,0x00,0x00,0x00,0x00,0x00,0x00,0xFF,0xFF,0xFF,0xFF,0xFF,0xFF,0x00,0x00,0x00,0x00,0x00,0x00,0x00,0x00,0x00,0xFF,0xFF,0xFF,0xFF,0xFF,0x00,0x00,
	0x00,0x00,0x00,0x00,0xFF,0xFF,0xFF,0xFF,0xFF,0xFF,0xFF,0x00,0x00,0xFF,0xFF,0xFF,0xFF,0xFF,0xFF,0xFF,0xFF,0xFF,0xFF,0xFF,0xFF,0xFF,0xFF,0xFF,0xFF,0xFF,0x00,0xFF,0xFF,0xFF,0xFF,0xFF,0xFF,0x00,0x00,0x00,0x00,0xFF,0xFF,0xFF,0xFF,0xFF,0xFF,0xFF,0xFF,0xFF,0xFF,0xFF,0xFF,0xFF,0xFF,0xFF,0xFF,0xFF,0xFF,0xFF,0xFF,0xFF,0xFF,0xFF,
	0xFF,0xFF,0xFF,0xFF,0xFF,0xFF,0xFF,0xFF,0xFF,0xFF,0xFF,0xFF,0xFF,0xFF,0xFF,0xFF,0xFF,0xFF,0x00,0x00,0xFF,0xFF,0xFF,0xFF,0xFF,0xFF,0xFF,0xFF,0xFF,0xFF,0xFF,0xFF,0xFF,0xFF,0xFF,0xFF,0xFF,0xFF,0xFF,0xFF,0xFF,0xFF,0xFF,0xFF,0x00,0x00,0x00,0xFF,0xFF,0xFF,0xFF,0xFF,0xFF,0xFF,0xFF,0xFF,0xFF,0xFF,0xFF,0xFF,0xFF,0xFF,0xFF,0xFF,
	0xFF,0xFF,0xFF,0xFF,0xFF,0xFF,0xFF,0xFF,0xFF,0xFF,0xFF,0xFF,0xFF,0xFF,0xFF,0xFF,0xFF,0xFF,0xFF,0xFF,0xFF,0xFF,0xFF,0xFF,0xFF,0x00,0x00,0x00,0x00,0x00,0x00,0x00,0x00,0x00,0x00,0x00,0x00,0x00,0x00,0xFF,0xFF,0xFF,0xFF,0xFF,0xFF,0xFF,0xFF,0xFF,0xFF,0xFF,0xFF,0x00,0x00,0x00,0xFF,0xFF,0xFF,0xFF,0xFF,0xFF,0xFF,0xFF,0xFF,0xFF,
	0xFF,0xFF,0xFF,0xFF,0xFF,0xFF,0xFF,0xFF,0xFF,0xFF,0xFF,0xFF,0xFF,0xFF,0xFF,0xFF,0xFF,0xFF,0xFF,0xFF,0xFF,0xFF,0xFF,0xFF,0xFF,0xFF,0xFF,0xFF,0xFF,0xFF,0xFF,0x00,0x00,0x00,0x00,0x00,0x00,0x00,0x00,0x00,0x00,0x00,0x00,0x00,0x00,0xFF,0xFF,0xFF,0xFF,0xFF,0xFF,0xFF,0xFF,0xFF,0xFF,0xFF,0xFF,0xFF,0x00,0x00,0x00,0xFF,0xFF,0xFF,
	0xFF,0xFF,0xFF,0xFF,0xFF,0xFF,0xFF,0xFF,0xFF,0xFF,0xFF,0xFF,0xFF,0xFF,0xFF,0xFF,0xFF,0xFF,0xFF,0xFF,0xFF,0xFF,0xFF,0xFF,0xFF,0xFF,0xFF,0xFF,0xFF,0xFF,0xFF,0xFF,0xFF,0xFF,0xFF,0xFF,0xFF,0xFF,0x00,0x00,0x00,0x00,0x00,0x00,0x00,0x00,0x00,0x00,0x00,0x00,0x00,0x00,0x00,0xFF,0xFF,0xFF,0xFF,0xFF,0xFF,0xFF,0xFF,0xFF,0xFF,0xFF,
	0xFF,0x00,0x00,0x00,0x00,0xFF,0xFF,0xFF,0xFF,0xFF,0xFF,0xFF,0xFF,0xFF,0xFF,0xFF,0xFF,0xFF,0xFF,0xFF,0xFF,0xFF,0xFF,0xFF,0xFF,0xFF,0xFF,0xFF,0xFF,0xFF,0xFF,0xFF,0xFF,0xFF,0xFF,0xFF,0xFF,0xFF,0xFF,0x00,0xFF,0xFF,0xFF,0xFF,0x00,0x00,0x00,0x00,0x00,0x00,0x00,0x00,0x00,0x00,0x00,0x00,0x00,0x00,0x00,0x00,0x00,0xFF,0xFF,0xFF,
	0xFF,0xFF,0xFF,0xFF,0xFF,0xFF,0x00,0x00,0x00,0x00,0x00,0x00,0xFF,0xFF,0xFF,0xFF,0xFF,0xFF,0xFF,0xFF,0xFF,0xFF,0xFF,0xFF,0xFF,0xFF,0xFF,0xFF,0xFF,0xFF,0xFF,0xFF,0xFF,0xFF,0xFF,0xFF,0xFF,0xFF,0xFF,0xFF,0xFF,0xFF,0xFF,0xFF,0xFF,0xFF,
    };
        


const lv_img_dsc_t face_174_390_dial_img_35_303091_4 = {
    .header.magic = LV_IMAGE_HEADER_MAGIC,
    .header.w = 71,
    .header.h = 34,
    .data_size = sizeof(face_174_390_dial_img_35_303091_data_4),
    .header.cf = LV_COLOR_FORMAT_RGB565A8,
    .data = face_174_390_dial_img_35_303091_data_4};

    
// LVGL 9 format (RGB565) // LVGL_9 compatible 
const LV_ATTRIBUTE_MEM_ALIGN uint8_t face_174_390_dial_img_35_303091_data_5[] = {
	//RGB565 data 
	0x00,0x00,0x20,0x00,0xA2,0x10,0x41,0x08,0x00,0x00,0x00,0x00,0x00,0x00,0x00,0x00,0x00,0x00,0x00,0x00,0x00,0x00,0x00,0x00,0x00,0x00,0x00,0x00,0x00,0x00,0x00,0x00,0x00,0x00,0x00,0x00,0x00,0x00,0x00,0x00,0x00,0x00,0x00,0x00,0x00,0x00,0xA2,0x10,0xA2,0x10,0xA2,0x10,0xA2,0x10,0xA2,0x10,0xA2,0x10,0x41,0x08,0x00,0x00,0x00,0x00,
	0x00,0x00,0x00,0x00,0x00,0x00,0x00,0x00,0x00,0x00,0x00,0x00,0x20,0x00,0x20,0x00,0x20,0x00,0x20,0x00,0x20,0x00,0x20,0x00,0x20,0x00,0x20,0x00,0x20,0x00,0x20,0x00,0x20,0x00,0x20,0x00,0x00,0x00,0x00,0x00,0x00,0x00,0x20,0x00,0x20,0x00,0x20,0x00,0x20,0x00,0x20,0x00,0x20,0x00,0x20,0x00,0x20,0x00,0x20,0x00,0x20,0x00,0x20,0x00,
	0x20,0x00,0x20,0x00,0x20,0x00,0x20,0x00,0x20,0x00,0x20,0x00,0x20,0x00,0x00,0x00,0x00,0x00,0x00,0x00,0xA2,0x10,0xE8,0x41,0xE8,0x41,0xE8,0x41,0xE8,0x41,0xE8,0x41,0xE8,0x41,0xE8,0x41,0xE8,0x41,0xE8,0x41,0xE8,0x41,0xE8,0x41,0xE8,0x41,0xE8,0x41,0xE8,0x41,0xE8,0x41,0xE8,0x41,0xE8,0x41,0xE8,0x41,0xE8,0x41,0xE8,0x41,0xE8,0x41,
	0xE8,0x41,0xE8,0x41,0xE8,0x41,0xE8,0x41,0xE8,0x41,0x45,0x29,0xA2,0x10,0x20,0x00,0x00,0x00,0x00,0x00,0x00,0x00,0x00,0x00,0x00,0x00,0x00,0x00,0x00,0x00,0x00,0x00,0x00,0x00,0x00,0x00,0x00,0x00,0x00,0x00,0x00,0x00,0x00,0x00,0x00,0x00,0x00,0x00,0x20,0x00,0xE8,0x41,0xE8,0x41,0xE8,0x41,0x41,0x08,0x00,0x00,0x00,0x00,0x00,0x00,
	0x00,0x00,0x00,0x00,0x00,0x00,0x00,0x00,0x00,0x00,0x00,0x00,0x00,0x00,0x00,0x00,0x00,0x00,0x00,0x00,0x00,0x00,0x00,0x00,0x00,0x00,0x00,0x00,0x00,0x00,0x00,0x00,0x20,0x00,0x4D,0x6B,0x14,0xA5,0xD7,0xBD,0x9A,0xD6,0xD7,0xBD,0xD7,0xBD,0xD7,0xBD,0xD7,0xBD,0xD7,0xBD,0xD7,0xBD,0xD7,0xBD,0xD7,0xBD,0xD7,0xBD,0xD7,0xBD,0xD7,0xBD,
	0xD7,0xBD,0xD7,0xBD,0xD7,0xBD,0xD7,0xBD,0xD7,0xBD,0xD7,0xBD,0xD7,0xBD,0xD7,0xBD,0xD7,0xBD,0xD7,0xBD,0xD7,0xBD,0x9A,0xD6,0x51,0x8C,0x45,0x29,0x41,0x08,0x00,0x00,0x00,0x00,0x00,0x00,0x00,0x00,0x00,0x00,0x00,0x00,0x00,0x00,0x00,0x00,0x00,0x00,0x00,0x00,0x00,0x00,0x00,0x00,0x00,0x00,0x00,0x00,0x00,0x00,0x00,0x00,0x45,0x29,
	0xD7,0xBD,0x9A,0xD6,0xD7,0xBD,0xE8,0x41,0x20,0x00,0x00,0x00,0x00,0x00,0x00,0x00,0x00,0x00,0x00,0x00,0x00,0x00,0x00,0x00,0x00,0x00,0x00,0x00,0x00,0x00,0x00,0x00,0x00,0x00,0x00,0x00,0x00,0x00,0x00,0x00,0x00,0x00,0x00,0x00,0x00,0x00,0x20,0x00,0x51,0x8C,0x9A,0xD6,0xBE,0xF7,0xBE,0xF7,0xBE,0xF7,0xFF,0xFF,0xFF,0xFF,0xFF,0xFF,
	0xFF,0xFF,0xFF,0xFF,0xFF,0xFF,0xFF,0xFF,0xFF,0xFF,0xFF,0xFF,0xFF,0xFF,0xFF,0xFF,0xFF,0xFF,0xFF,0xFF,0xFF,0xFF,0xFF,0xFF,0xFF,0xFF,0xFF,0xFF,0xFF,0xFF,0xFF,0xFF,0xBE,0xF7,0xBE,0xF7,0xBE,0xF7,0xD7,0xBD,0xE8,0x41,0x41,0x08,0x00,0x00,0x00,0x00,0x00,0x00,0x00,0x00,0x00,0x00,0x00,0x00,0x00,0x00,0x00,0x00,0x00,0x00,0x00,0x00,
	0x00,0x00,0x00,0x00,0x00,0x00,0x00,0x00,0x00,0x00,0x45,0x29,0x51,0x8C,0x5D,0xEF,0xFF,0xFF,0x5D,0xEF,0xD7,0xBD,0x51,0x8C,0xA2,0x10,0x00,0x00,0x00,0x00,0x00,0x00,0x00,0x00,0x00,0x00,0x00,0x00,0x00,0x00,0x00,0x00,0x00,0x00,0x00,0x00,0x00,0x00,0x00,0x00,0x00,0x00,0x00,0x00,0x00,0x00,0x00,0x00,0x00,0x00,0x20,0x00,0x51,0x8C,
	0x5D,0xEF,0xFF,0xFF,0xFF,0xFF,0xBE,0xF7,0x5D,0xEF,0x5D,0xEF,0x5D,0xEF,0x5D,0xEF,0x5D,0xEF,0x5D,0xEF,0x5D,0xEF,0x5D,0xEF,0x5D,0xEF,0x5D,0xEF,0x5D,0xEF,0x5D,0xEF,0x5D,0xEF,0x5D,0xEF,0x5D,0xEF,0x5D,0xEF,0x5D,0xEF,0x5D,0xEF,0x5D,0xEF,0xBE,0xF7,0xFF,0xFF,0xFF,0xFF,0xD7,0xBD,0xE8,0x41,0x41,0x08,0x00,0x00,0x00,0x00,0x00,0x00,
	0x00,0x00,0x00,0x00,0x00,0x00,0x00,0x00,0x00,0x00,0x00,0x00,0x00,0x00,0x00,0x00,0x00,0x00,0x00,0x00,0x00,0x00,0x00,0x00,0x45,0x29,0x4D,0x6B,0x9A,0xD6,0x5D,0xEF,0xFF,0xFF,0xFF,0xFF,0x9A,0xD6,0x4D,0x6B,0x45,0x29,0x41,0x08,0x00,0x00,0x00,0x00,0x00,0x00,0x00,0x00,0x00,0x00,0x00,0x00,0x00,0x00,0x00,0x00,0x00,0x00,0x00,0x00,
	0x00,0x00,0x00,0x00,0x00,0x00,0x00,0x00,0x00,0x00,0x20,0x00,0x51,0x8C,0x5D,0xEF,0xFF,0xFF,0x5D,0xEF,0xD7,0xBD,0x14,0xA5,0x51,0x8C,0x51,0x8C,0x51,0x8C,0x51,0x8C,0x51,0x8C,0x51,0x8C,0x51,0x8C,0x51,0x8C,0x51,0x8C,0x51,0x8C,0x51,0x8C,0x51,0x8C,0x51,0x8C,0x51,0x8C,0x51,0x8C,0x51,0x8C,0x51,0x8C,0x51,0x8C,0x9A,0xD6,0xFF,0xFF,
	0xFF,0xFF,0xD7,0xBD,0xE8,0x41,0x41,0x08,0x00,0x00,0x00,0x00,0x00,0x00,0x00,0x00,0x00,0x00,0x00,0x00,0x00,0x00,0x00,0x00,0x00,0x00,0x00,0x00,0x00,0x00,0x00,0x00,0x00,0x00,0x00,0x00,0x00,0x00,0x20,0x00,0xA2,0x10,0xE8,0x41,0x14,0xA5,0xFF,0xFF,0xFF,0xFF,0xFF,0xFF,0x5D,0xEF,0x51,0x8C,0x45,0x29,0x20,0x00,0x00,0x00,0x00,0x00,
	0x00,0x00,0x00,0x00,0x00,0x00,0x00,0x00,0x00,0x00,0x00,0x00,0x00,0x00,0x00,0x00,0x00,0x00,0x00,0x00,0x00,0x00,0x00,0x00,0x20,0x00,0x51,0x8C,0x5D,0xEF,0xFF,0xFF,0x9A,0xD6,0x51,0x8C,0xE8,0x41,0x45,0x29,0x45,0x29,0x45,0x29,0x45,0x29,0x45,0x29,0xE8,0x41,0x4D,0x6B,0x14,0xA5,0xD7,0xBD,0x14,0xA5,0x4D,0x6B,0x45,0x29,0x45,0x29,
	0x45,0x29,0x45,0x29,0x45,0x29,0x45,0x29,0xE8,0x41,0x14,0xA5,0xFF,0xFF,0xFF,0xFF,0xD7,0xBD,0xE8,0x41,0x41,0x08,0x00,0x00,0x00,0x00,0x00,0x00,0x00,0x00,0x00,0x00,0x00,0x00,0x00,0x00,0x00,0x00,0x00,0x00,0x00,0x00,0x00,0x00,0x00,0x00,0x00,0x00,0x00,0x00,0x00,0x00,0x00,0x00,0x00,0x00,0xA2,0x10,0xE8,0x41,0x51,0x8C,0x5D,0xEF,
	0xFF,0xFF,0xFF,0xFF,0x9A,0xD6,0x51,0x8C,0xA2,0x10,0x00,0x00,0x00,0x00,0x00,0x00,0x00,0x00,0x00,0x00,0x00,0x00,0x00,0x00,0x00,0x00,0x00,0x00,0x00,0x00,0x00,0x00,0x00,0x00,0x00,0x00,0x00,0x00,0x20,0x00,0x51,0x8C,0x5D,0xEF,0xFF,0xFF,0x9A,0xD6,0x4D,0x6B,0x41,0x08,0x00,0x00,0x41,0x08,0x41,0x08,0x41,0x08,0x41,0x08,0xA2,0x10,
	0x4D,0x6B,0x5D,0xEF,0xFF,0xFF,0x9A,0xD6,0xE8,0x41,0x41,0x08,0x41,0x08,0x41,0x08,0x41,0x08,0x20,0x00,0x00,0x00,0x00,0x00,0x51,0x8C,0xFF,0xFF,0xFF,0xFF,0xD7,0xBD,0xE8,0x41,0x41,0x08,0x00,0x00,0x00,0x00,0x00,0x00,0x00,0x00,0x00,0x00,0x00,0x00,0x00,0x00,0x00,0x00,0x00,0x00,0x00,0x00,0x00,0x00,0x00,0x00,0x00,0x00,0x00,0x00,
	0x00,0x00,0x00,0x00,0x00,0x00,0x00,0x00,0x00,0x00,0x45,0x29,0x14,0xA5,0x5D,0xEF,0xFF,0xFF,0x5D,0xEF,0x14,0xA5,0x45,0x29,0x00,0x00,0x00,0x00,0x00,0x00,0x00,0x00,0x00,0x00,0x00,0x00,0x00,0x00,0x00,0x00,0x00,0x00,0x00,0x00,0x00,0x00,0x00,0x00,0x00,0x00,0x00,0x00,0x20,0x00,0x51,0x8C,0x5D,0xEF,0xFF,0xFF,0x9A,0xD6,0x4D,0x6B,
	0x41,0x08,0x45,0x29,0x51,0x8C,0x51,0x8C,0x51,0x8C,0x51,0x8C,0x14,0xA5,0xD7,0xBD,0xBE,0xF7,0xFF,0xFF,0x5D,0xEF,0xD7,0xBD,0x51,0x8C,0x51,0x8C,0x51,0x8C,0x51,0x8C,0x4D,0x6B,0x45,0x29,0x00,0x00,0x51,0x8C,0xFF,0xFF,0xFF,0xFF,0xD7,0xBD,0xE8,0x41,0x41,0x08,0x00,0x00,0x00,0x00,0x00,0x00,0x00,0x00,0x00,0x00,0x00,0x00,0x00,0x00,
	0x00,0x00,0x00,0x00,0x00,0x00,0x00,0x00,0x00,0x00,0x00,0x00,0x00,0x00,0x00,0x00,0x00,0x00,0x00,0x00,0x00,0x00,0x00,0x00,0x00,0x00,0x45,0x29,0x4D,0x6B,0x9A,0xD6,0x51,0x8C,0xA2,0x10,0x00,0x00,0x00,0x00,0x00,0x00,0x00,0x00,0x00,0x00,0x00,0x00,0x00,0x00,0x00,0x00,0x00,0x00,0x00,0x00,0x00,0x00,0x00,0x00,0x00,0x00,0x00,0x00,
	0x00,0x00,0x20,0x00,0x51,0x8C,0x5D,0xEF,0xFF,0xFF,0x9A,0xD6,0x4D,0x6B,0x20,0x00,0xE8,0x41,0x5D,0xEF,0xBE,0xF7,0x5D,0xEF,0x5D,0xEF,0x5D,0xEF,0xBE,0xF7,0xFF,0xFF,0xFF,0xFF,0xFF,0xFF,0xBE,0xF7,0x5D,0xEF,0x5D,0xEF,0x5D,0xEF,0x5D,0xEF,0x14,0xA5,0xE8,0x41,0x00,0x00,0x51,0x8C,0xFF,0xFF,0xFF,0xFF,0xD7,0xBD,0xE8,0x41,0x41,0x08,
	0x00,0x00,0x00,0x00,0x00,0x00,0x00,0x00,0x41,0x08,0xA2,0x10,0xE8,0x41,0xE8,0x41,0xE8,0x41,0xE8,0x41,0xE8,0x41,0xE8,0x41,0xE8,0x41,0xE8,0x41,0xE8,0x41,0xE8,0x41,0xE8,0x41,0xE8,0x41,0xE8,0x41,0xE8,0x41,0xE8,0x41,0x4D,0x6B,0xD7,0xBD,0x51,0x8C,0x45,0x29,0xE8,0x41,0xE8,0x41,0xE8,0x41,0xE8,0x41,0xE8,0x41,0xE8,0x41,0xE8,0x41,
	0xE8,0x41,0xE8,0x41,0xE8,0x41,0xE8,0x41,0xA2,0x10,0x41,0x08,0x00,0x00,0x00,0x00,0x20,0x00,0x51,0x8C,0x5D,0xEF,0xFF,0xFF,0x9A,0xD6,0x4D,0x6B,0x20,0x00,0xE8,0x41,0xFF,0xFF,0xFF,0xFF,0xFF,0xFF,0xFF,0xFF,0xFF,0xFF,0xFF,0xFF,0xFF,0xFF,0xFF,0xFF,0xFF,0xFF,0xFF,0xFF,0xFF,0xFF,0xFF,0xFF,0xFF,0xFF,0xFF,0xFF,0xD7,0xBD,0xE8,0x41,
	0x00,0x00,0x51,0x8C,0xFF,0xFF,0xFF,0xFF,0xD7,0xBD,0xE8,0x41,0x41,0x08,0x00,0x00,0x00,0x00,0x00,0x00,0x20,0x00,0xA2,0x10,0x4D,0x6B,0xD7,0xBD,0xD7,0xBD,0xD7,0xBD,0xD7,0xBD,0xD7,0xBD,0xD7,0xBD,0xD7,0xBD,0xD7,0xBD,0xD7,0xBD,0xD7,0xBD,0xD7,0xBD,0xD7,0xBD,0xD7,0xBD,0xD7,0xBD,0xD7,0xBD,0xD7,0xBD,0xD7,0xBD,0xD7,0xBD,0xD7,0xBD,
	0xD7,0xBD,0xD7,0xBD,0xD7,0xBD,0xD7,0xBD,0xD7,0xBD,0xD7,0xBD,0xD7,0xBD,0xD7,0xBD,0xD7,0xBD,0xD7,0xBD,0xD7,0xBD,0x4D,0x6B,0x45,0x29,0x00,0x00,0x00,0x00,0x20,0x00,0x51,0x8C,0x5D,0xEF,0xFF,0xFF,0x9A,0xD6,0x4D,0x6B,0x41,0x08,0x45,0x29,0x51,0x8C,0x51,0x8C,0x51,0x8C,0x51,0x8C,0x51,0x8C,0xD7,0xBD,0x5D,0xEF,0xFF,0xFF,0x5D,0xEF,
	0x14,0xA5,0x51,0x8C,0x51,0x8C,0x51,0x8C,0x51,0x8C,0x4D,0x6B,0x45,0x29,0x00,0x00,0x51,0x8C,0xFF,0xFF,0xFF,0xFF,0xD7,0xBD,0xE8,0x41,0x41,0x08,0x00,0x00,0x00,0x00,0x00,0x00,0x20,0x00,0x45,0x29,0x51,0x8C,0xBE,0xF7,0xFF,0xFF,0xBE,0xF7,0xBE,0xF7,0xBE,0xF7,0xBE,0xF7,0xBE,0xF7,0xBE,0xF7,0xBE,0xF7,0xBE,0xF7,0xBE,0xF7,0xBE,0xF7,
	0xBE,0xF7,0xBE,0xF7,0xBE,0xF7,0xBE,0xF7,0xBE,0xF7,0xBE,0xF7,0xBE,0xF7,0xBE,0xF7,0xBE,0xF7,0xBE,0xF7,0xBE,0xF7,0xBE,0xF7,0xBE,0xF7,0xBE,0xF7,0xBE,0xF7,0xBE,0xF7,0xFF,0xFF,0xFF,0xFF,0x51,0x8C,0x45,0x29,0x00,0x00,0x00,0x00,0x20,0x00,0x51,0x8C,0x5D,0xEF,0xFF,0xFF,0x9A,0xD6,0x4D,0x6B,0xA2,0x10,0x41,0x08,0x45,0x29,0x45,0x29,
	0x45,0x29,0x45,0x29,0xE8,0x41,0x4D,0x6B,0x5D,0xEF,0xFF,0xFF,0x9A,0xD6,0x4D,0x6B,0x45,0x29,0x45,0x29,0x45,0x29,0x45,0x29,0x45,0x29,0x41,0x08,0x00,0x00,0x51,0x8C,0xFF,0xFF,0xFF,0xFF,0xD7,0xBD,0xE8,0x41,0x41,0x08,0x00,0x00,0x00,0x00,0x00,0x00,0x20,0x00,0x45,0x29,0x51,0x8C,0x5D,0xEF,0xBE,0xF7,0xBE,0xF7,0xBE,0xF7,0xBE,0xF7,
	0xBE,0xF7,0xBE,0xF7,0xBE,0xF7,0xBE,0xF7,0xBE,0xF7,0xBE,0xF7,0xBE,0xF7,0xBE,0xF7,0xBE,0xF7,0xBE,0xF7,0xBE,0xF7,0xBE,0xF7,0xBE,0xF7,0xBE,0xF7,0xBE,0xF7,0xBE,0xF7,0xBE,0xF7,0xBE,0xF7,0xBE,0xF7,0xBE,0xF7,0xBE,0xF7,0xBE,0xF7,0xBE,0xF7,0xBE,0xF7,0xBE,0xF7,0x51,0x8C,0x45,0x29,0x00,0x00,0x00,0x00,0x20,0x00,0x51,0x8C,0x5D,0xEF,
	0xFF,0xFF,0x9A,0xD6,0x4D,0x6B,0x45,0x29,0x45,0x29,0x45,0x29,0xE8,0x41,0x45,0x29,0x45,0x29,0xE8,0x41,0x4D,0x6B,0x5D,0xEF,0xFF,0xFF,0x9A,0xD6,0x4D,0x6B,0x45,0x29,0x45,0x29,0x45,0x29,0x45,0x29,0xE8,0x41,0xA2,0x10,0x20,0x00,0x51,0x8C,0xFF,0xFF,0xFF,0xFF,0xD7,0xBD,0xE8,0x41,0x41,0x08,0x00,0x00,0x00,0x00,0x00,0x00,0x00,0x00,
	0xA2,0x10,0xE8,0x41,0x14,0xA5,0x14,0xA5,0x14,0xA5,0x14,0xA5,0x14,0xA5,0x14,0xA5,0x14,0xA5,0x14,0xA5,0x14,0xA5,0x14,0xA5,0x14,0xA5,0x14,0xA5,0x14,0xA5,0x14,0xA5,0x14,0xA5,0x14,0xA5,0x14,0xA5,0x14,0xA5,0x14,0xA5,0x14,0xA5,0x14,0xA5,0x14,0xA5,0x14,0xA5,0x14,0xA5,0x14,0xA5,0x14,0xA5,0x14,0xA5,0x14,0xA5,0x14,0xA5,0x14,0xA5,
	0xE8,0x41,0xA2,0x10,0x00,0x00,0x00,0x00,0x20,0x00,0x51,0x8C,0x5D,0xEF,0xFF,0xFF,0xD7,0xBD,0x51,0x8C,0x4D,0x6B,0x51,0x8C,0x14,0xA5,0x14,0xA5,0x14,0xA5,0x14,0xA5,0x14,0xA5,0xD7,0xBD,0xBE,0xF7,0xFF,0xFF,0x5D,0xEF,0xD7,0xBD,0x51,0x8C,0x14,0xA5,0x14,0xA5,0x14,0xA5,0x14,0xA5,0x4D,0x6B,0x45,0x29,0x14,0xA5,0xFF,0xFF,0xFF,0xFF,
	0xD7,0xBD,0xE8,0x41,0x41,0x08,0x00,0x00,0x00,0x00,0x00,0x00,0x00,0x00,0x41,0x08,0xA2,0x10,0xE8,0x41,0xE8,0x41,0xE8,0x41,0xE8,0x41,0xE8,0x41,0xE8,0x41,0xE8,0x41,0xE8,0x41,0xE8,0x41,0xE8,0x41,0xE8,0x41,0xE8,0x41,0xE8,0x41,0xE8,0x41,0xE8,0x41,0xE8,0x41,0xE8,0x41,0xE8,0x41,0xE8,0x41,0xE8,0x41,0xE8,0x41,0xE8,0x41,0xE8,0x41,
	0xE8,0x41,0xE8,0x41,0xE8,0x41,0xE8,0x41,0xE8,0x41,0xE8,0x41,0xE8,0x41,0x45,0x29,0x41,0x08,0x00,0x00,0x00,0x00,0x20,0x00,0x51,0x8C,0x5D,0xEF,0xFF,0xFF,0xD7,0xBD,0x51,0x8C,0x14,0xA5,0x9A,0xD6,0xFF,0xFF,0xFF,0xFF,0xFF,0xFF,0xFF,0xFF,0xFF,0xFF,0xFF,0xFF,0xFF,0xFF,0xFF,0xFF,0xFF,0xFF,0xFF,0xFF,0xFF,0xFF,0xFF,0xFF,0xFF,0xFF,
	0xFF,0xFF,0xFF,0xFF,0x9A,0xD6,0xE8,0x41,0x14,0xA5,0xFF,0xFF,0xFF,0xFF,0xD7,0xBD,0xE8,0x41,0x41,0x08,0x00,0x00,0x00,0x00,0x00,0x00,0x00,0x00,0x00,0x00,0x00,0x00,0x00,0x00,0x00,0x00,0x00,0x00,0x00,0x00,0x00,0x00,0x00,0x00,0x00,0x00,0x00,0x00,0x00,0x00,0x00,0x00,0x00,0x00,0x00,0x00,0x00,0x00,0x00,0x00,0x00,0x00,0x00,0x00,
	0x00,0x00,0x00,0x00,0x00,0x00,0x00,0x00,0x00,0x00,0x00,0x00,0x00,0x00,0x00,0x00,0x00,0x00,0x00,0x00,0x00,0x00,0x00,0x00,0x00,0x00,0x00,0x00,0x00,0x00,0x00,0x00,0x00,0x00,0x00,0x00,0x20,0x00,0x51,0x8C,0x5D,0xEF,0xFF,0xFF,0xD7,0xBD,0x51,0x8C,0x14,0xA5,0xD7,0xBD,0x5D,0xEF,0x5D,0xEF,0x5D,0xEF,0x5D,0xEF,0x5D,0xEF,0x5D,0xEF,
	0x5D,0xEF,0x5D,0xEF,0x5D,0xEF,0x5D,0xEF,0x5D,0xEF,0x5D,0xEF,0x5D,0xEF,0x5D,0xEF,0x5D,0xEF,0xD7,0xBD,0xE8,0x41,0x14,0xA5,0xFF,0xFF,0xFF,0xFF,0xD7,0xBD,0xE8,0x41,0x41,0x08,0x00,0x00,0x00,0x00,0x00,0x00,0x00,0x00,0x00,0x00,0x00,0x00,0x00,0x00,0x00,0x00,0x00,0x00,0x00,0x00,0x00,0x00,0x00,0x00,0x00,0x00,0x41,0x08,0xE8,0x41,
	0xA2,0x10,0x00,0x00,0x00,0x00,0x00,0x00,0x00,0x00,0x00,0x00,0x00,0x00,0x00,0x00,0x00,0x00,0x00,0x00,0x00,0x00,0xA2,0x10,0xE8,0x41,0xA2,0x10,0x00,0x00,0x00,0x00,0x00,0x00,0x00,0x00,0x00,0x00,0x00,0x00,0x00,0x00,0x00,0x00,0x00,0x00,0x00,0x00,0x00,0x00,0x20,0x00,0x51,0x8C,0x5D,0xEF,0xFF,0xFF,0xD7,0xBD,0x51,0x8C,0x4D,0x6B,
	0x4D,0x6B,0x51,0x8C,0x51,0x8C,0x51,0x8C,0x51,0x8C,0x51,0x8C,0x51,0x8C,0x51,0x8C,0x51,0x8C,0x51,0x8C,0x51,0x8C,0x51,0x8C,0x51,0x8C,0x51,0x8C,0x51,0x8C,0x51,0x8C,0x4D,0x6B,0x45,0x29,0x51,0x8C,0xFF,0xFF,0xFF,0xFF,0xD7,0xBD,0xE8,0x41,0x41,0x08,0x00,0x00,0x00,0x00,0x00,0x00,0x00,0x00,0x00,0x00,0x00,0x00,0x00,0x00,0x00,0x00,
	0x00,0x00,0x00,0x00,0x00,0x00,0x00,0x00,0x20,0x00,0xE8,0x41,0x14,0xA5,0x51,0x8C,0xE8,0x41,0xA2,0x10,0x41,0x08,0x00,0x00,0x00,0x00,0x00,0x00,0x00,0x00,0x00,0x00,0x41,0x08,0xE8,0x41,0x4D,0x6B,0x14,0xA5,0x4D,0x6B,0xA2,0x10,0x00,0x00,0x00,0x00,0x00,0x00,0x00,0x00,0x00,0x00,0x00,0x00,0x00,0x00,0x00,0x00,0x00,0x00,0x00,0x00,
	0x20,0x00,0x14,0xA5,0xFF,0xFF,0xFF,0xFF,0x9A,0xD6,0x4D,0x6B,0xA2,0x10,0x20,0x00,0x00,0x00,0x00,0x00,0x00,0x00,0x00,0x00,0x00,0x00,0x00,0x00,0x00,0x00,0x00,0x00,0x00,0x00,0x00,0x00,0x00,0x00,0x00,0x00,0x00,0x00,0x00,0x00,0x20,0x00,0x20,0x00,0x00,0x00,0x51,0x8C,0xFF,0xFF,0xFF,0xFF,0xD7,0xBD,0xE8,0x41,0x41,0x08,0x00,0x00,
	0x00,0x00,0x00,0x00,0x00,0x00,0x00,0x00,0x00,0x00,0x00,0x00,0x00,0x00,0x00,0x00,0x00,0x00,0x00,0x00,0x00,0x00,0x41,0x08,0x4D,0x6B,0xBE,0xF7,0xBE,0xF7,0x5D,0xEF,0x4D,0x6B,0xA2,0x10,0x00,0x00,0x00,0x00,0x00,0x00,0x00,0x00,0x20,0x00,0x45,0x29,0xD7,0xBD,0xBE,0xF7,0xFF,0xFF,0x14,0xA5,0xE8,0x41,0x41,0x08,0x00,0x00,0x00,0x00,
	0x00,0x00,0x00,0x00,0x00,0x00,0x00,0x00,0x00,0x00,0x00,0x00,0x00,0x00,0x20,0x00,0x14,0xA5,0xFF,0xFF,0xFF,0xFF,0xD7,0xBD,0xE8,0x41,0x20,0x00,0x45,0x29,0x51,0x8C,0x51,0x8C,0x51,0x8C,0x51,0x8C,0x51,0x8C,0x51,0x8C,0x51,0x8C,0x51,0x8C,0x51,0x8C,0x51,0x8C,0x51,0x8C,0x51,0x8C,0x51,0x8C,0x51,0x8C,0xE8,0x41,0x20,0x00,0x00,0x00,
	0x51,0x8C,0xFF,0xFF,0xFF,0xFF,0xD7,0xBD,0xE8,0x41,0x41,0x08,0x00,0x00,0x00,0x00,0x00,0x00,0x00,0x00,0x00,0x00,0x00,0x00,0x00,0x00,0x00,0x00,0x00,0x00,0x00,0x00,0x00,0x00,0x00,0x00,0xE8,0x41,0x14,0xA5,0xFF,0xFF,0xFF,0xFF,0x5D,0xEF,0xE8,0x41,0x41,0x08,0x00,0x00,0x00,0x00,0x00,0x00,0x00,0x00,0x00,0x00,0x45,0x29,0xD7,0xBD,
	0xFF,0xFF,0xFF,0xFF,0x5D,0xEF,0x51,0x8C,0xA2,0x10,0x00,0x00,0x00,0x00,0x00,0x00,0x00,0x00,0x00,0x00,0x00,0x00,0x00,0x00,0x00,0x00,0x00,0x00,0x20,0x00,0xD7,0xBD,0xFF,0xFF,0xFF,0xFF,0x14,0xA5,0xE8,0x41,0x00,0x00,0x4D,0x6B,0xFF,0xFF,0xFF,0xFF,0xFF,0xFF,0xFF,0xFF,0xFF,0xFF,0xFF,0xFF,0xFF,0xFF,0xFF,0xFF,0xFF,0xFF,0xFF,0xFF,
	0xFF,0xFF,0xFF,0xFF,0xFF,0xFF,0xFF,0xFF,0x51,0x8C,0xA2,0x10,0x00,0x00,0x51,0x8C,0xFF,0xFF,0xFF,0xFF,0xD7,0xBD,0xE8,0x41,0x41,0x08,0x00,0x00,0x00,0x00,0x00,0x00,0x00,0x00,0x00,0x00,0x00,0x00,0x00,0x00,0x00,0x00,0x00,0x00,0x00,0x00,0x00,0x00,0x41,0x08,0x51,0x8C,0x9A,0xD6,0xFF,0xFF,0xFF,0xFF,0xD7,0xBD,0xA2,0x10,0x00,0x00,
	0x00,0x00,0x00,0x00,0x00,0x00,0x00,0x00,0x00,0x00,0x41,0x08,0x51,0x8C,0x9A,0xD6,0xFF,0xFF,0xFF,0xFF,0x9A,0xD6,0xE8,0x41,0x41,0x08,0x00,0x00,0x00,0x00,0x00,0x00,0x00,0x00,0x00,0x00,0x00,0x00,0x00,0x00,0x00,0x00,0x20,0x00,0xD7,0xBD,0xFF,0xFF,0xFF,0xFF,0x14,0xA5,0x45,0x29,0x00,0x00,0x4D,0x6B,0xFF,0xFF,0xFF,0xFF,0xFF,0xFF,
	0xFF,0xFF,0xFF,0xFF,0xFF,0xFF,0xFF,0xFF,0xFF,0xFF,0xFF,0xFF,0xFF,0xFF,0xFF,0xFF,0xFF,0xFF,0xFF,0xFF,0xFF,0xFF,0x51,0x8C,0xA2,0x10,0x00,0x00,0x51,0x8C,0xFF,0xFF,0xFF,0xFF,0xD7,0xBD,0xE8,0x41,0x41,0x08,0x00,0x00,0x00,0x00,0x00,0x00,0x00,0x00,0x00,0x00,0x00,0x00,0x00,0x00,0x00,0x00,0x00,0x00,0x00,0x00,0x00,0x00,0xA2,0x10,
	0xD7,0xBD,0xBE,0xF7,0xFF,0xFF,0x9A,0xD6,0x51,0x8C,0xA2,0x10,0x00,0x00,0x00,0x00,0x00,0x00,0x00,0x00,0x00,0x00,0x00,0x00,0x20,0x00,0x45,0x29,0x51,0x8C,0xBE,0xF7,0xFF,0xFF,0xBE,0xF7,0xD7,0xBD,0xE8,0x41,0x00,0x00,0x00,0x00,0x00,0x00,0x00,0x00,0x00,0x00,0x00,0x00,0x00,0x00,0x00,0x00,0xA2,0x10,0xD7,0xBD,0xFF,0xFF,0xFF,0xFF,
	0x14,0xA5,0x45,0x29,0x00,0x00,0x4D,0x6B,0xFF,0xFF,0xFF,0xFF,0xBE,0xF7,0xD7,0xBD,0x14,0xA5,0x14,0xA5,0x14,0xA5,0x14,0xA5,0x14,0xA5,0x14,0xA5,0x14,0xA5,0xBE,0xF7,0xFF,0xFF,0xBE,0xF7,0x51,0x8C,0xA2,0x10,0x00,0x00,0x51,0x8C,0xFF,0xFF,0xFF,0xFF,0xD7,0xBD,0xE8,0x41,0x41,0x08,0x00,0x00,0x00,0x00,0x00,0x00,0x00,0x00,0x00,0x00,
	0x00,0x00,0x00,0x00,0x00,0x00,0x00,0x00,0x00,0x00,0xA2,0x10,0x4D,0x6B,0x9A,0xD6,0xFF,0xFF,0xFF,0xFF,0x14,0xA5,0xE8,0x41,0x41,0x08,0x00,0x00,0x00,0x00,0x00,0x00,0x00,0x00,0x00,0x00,0x00,0x00,0x00,0x00,0x00,0x00,0xE8,0x41,0x9A,0xD6,0xBE,0xF7,0xFF,0xFF,0x5D,0xEF,0x51,0x8C,0xA2,0x10,0x20,0x00,0x00,0x00,0x00,0x00,0x00,0x00,
	0x00,0x00,0x00,0x00,0x41,0x08,0xE8,0x41,0xD7,0xBD,0xFF,0xFF,0xFF,0xFF,0x51,0x8C,0x41,0x08,0x00,0x00,0x4D,0x6B,0xFF,0xFF,0xFF,0xFF,0x9A,0xD6,0x4D,0x6B,0xA2,0x10,0x00,0x00,0x00,0x00,0x00,0x00,0x00,0x00,0x00,0x00,0x45,0x29,0x5D,0xEF,0xFF,0xFF,0xBE,0xF7,0x51,0x8C,0xA2,0x10,0x00,0x00,0x51,0x8C,0xFF,0xFF,0xFF,0xFF,0xD7,0xBD,
	0xE8,0x41,0x41,0x08,0x00,0x00,0x00,0x00,0x00,0x00,0x00,0x00,0x00,0x00,0x00,0x00,0x00,0x00,0x00,0x00,0x00,0x00,0x00,0x00,0xE8,0x41,0x14,0xA5,0x5D,0xEF,0xFF,0xFF,0xBE,0xF7,0x4D,0x6B,0x00,0x00,0x00,0x00,0x00,0x00,0x00,0x00,0x00,0x00,0x00,0x00,0x00,0x00,0x00,0x00,0x00,0x00,0x00,0x00,0x45,0x29,0x51,0x8C,0x9A,0xD6,0xFF,0xFF,
	0xFF,0xFF,0xD7,0xBD,0x4D,0x6B,0xA2,0x10,0x00,0x00,0x00,0x00,0x00,0x00,0x00,0x00,0x00,0x00,0xA2,0x10,0x4D,0x6B,0x9A,0xD6,0xFF,0xFF,0xFF,0xFF,0x51,0x8C,0x20,0x00,0x00,0x00,0x4D,0x6B,0xFF,0xFF,0xFF,0xFF,0x5D,0xEF,0x4D,0x6B,0x45,0x29,0xA2,0x10,0xA2,0x10,0xA2,0x10,0xA2,0x10,0x41,0x08,0xE8,0x41,0x5D,0xEF,0xFF,0xFF,0xBE,0xF7,
	0x51,0x8C,0xA2,0x10,0x00,0x00,0x51,0x8C,0xFF,0xFF,0xFF,0xFF,0xD7,0xBD,0xE8,0x41,0x41,0x08,0x00,0x00,0x00,0x00,0x00,0x00,0x00,0x00,0x00,0x00,0x00,0x00,0x00,0x00,0x00,0x00,0x00,0x00,0xA2,0x10,0x4D,0x6B,0x5D,0xEF,0xFF,0xFF,0x5D,0xEF,0xD7,0xBD,0xE8,0x41,0x00,0x00,0x00,0x00,0x00,0x00,0x00,0x00,0x00,0x00,0x00,0x00,0x00,0x00,
	0x00,0x00,0x00,0x00,0x00,0x00,0x41,0x08,0x45,0x29,0x14,0xA5,0xFF,0xFF,0xFF,0xFF,0x5D,0xEF,0xD7,0xBD,0x45,0x29,0x00,0x00,0x00,0x00,0x00,0x00,0x00,0x00,0x00,0x00,0x45,0x29,0x4D,0x6B,0x9A,0xD6,0xFF,0xFF,0xBE,0xF7,0x4D,0x6B,0x00,0x00,0x00,0x00,0x4D,0x6B,0xFF,0xFF,0xFF,0xFF,0x5D,0xEF,0x14,0xA5,0x51,0x8C,0x4D,0x6B,0x4D,0x6B,
	0x4D,0x6B,0x4D,0x6B,0x4D,0x6B,0x51,0x8C,0x5D,0xEF,0xFF,0xFF,0xFF,0xFF,0x51,0x8C,0xA2,0x10,0x00,0x00,0x51,0x8C,0xFF,0xFF,0xFF,0xFF,0xD7,0xBD,0xE8,0x41,0x41,0x08,0x00,0x00,0x00,0x00,0x00,0x00,0x00,0x00,0x00,0x00,0x00,0x00,0x00,0x00,0x00,0x00,0x41,0x08,0xE8,0x41,0xD7,0xBD,0xFF,0xFF,0xFF,0xFF,0x9A,0xD6,0x4D,0x6B,0x45,0x29,
	0x00,0x00,0x00,0x00,0x00,0x00,0x00,0x00,0x00,0x00,0x00,0x00,0x00,0x00,0x00,0x00,0x00,0x00,0x00,0x00,0x00,0x00,0x00,0x00,0x4D,0x6B,0x9A,0xD6,0xFF,0xFF,0xFF,0xFF,0xBE,0xF7,0x4D,0x6B,0x41,0x08,0x00,0x00,0x00,0x00,0x00,0x00,0x00,0x00,0x45,0x29,0x14,0xA5,0x5D,0xEF,0xFF,0xFF,0x9A,0xD6,0x4D,0x6B,0x00,0x00,0x00,0x00,0x4D,0x6B,
	0xFF,0xFF,0xFF,0xFF,0xFF,0xFF,0xBE,0xF7,0xBE,0xF7,0xBE,0xF7,0xBE,0xF7,0xBE,0xF7,0xBE,0xF7,0xBE,0xF7,0xBE,0xF7,0xFF,0xFF,0xFF,0xFF,0xFF,0xFF,0x51,0x8C,0xA2,0x10,0x00,0x00,0x51,0x8C,0xFF,0xFF,0xFF,0xFF,0xD7,0xBD,0xE8,0x41,0x41,0x08,0x00,0x00,0x00,0x00,0x00,0x00,0x00,0x00,0x00,0x00,0x00,0x00,0x00,0x00,0x00,0x00,0x45,0x29,
	0xD7,0xBD,0xBE,0xF7,0xFF,0xFF,0xFF,0xFF,0xD7,0xBD,0x45,0x29,0x20,0x00,0x00,0x00,0x00,0x00,0x00,0x00,0x00,0x00,0x00,0x00,0x00,0x00,0x00,0x00,0x00,0x00,0x00,0x00,0x00,0x00,0x00,0x00,0x00,0x00,0x45,0x29,0x4D,0x6B,0xBE,0xF7,0xFF,0xFF,0xBE,0xF7,0x14,0xA5,0xE8,0x41,0x00,0x00,0x00,0x00,0x00,0x00,0x00,0x00,0xE8,0x41,0xD7,0xBD,
	0xBE,0xF7,0xBE,0xF7,0x14,0xA5,0xE8,0x41,0x00,0x00,0x00,0x00,0x4D,0x6B,0x5D,0xEF,0xBE,0xF7,0x5D,0xEF,0xBE,0xF7,0xBE,0xF7,0xBE,0xF7,0xBE,0xF7,0xBE,0xF7,0xBE,0xF7,0xBE,0xF7,0xBE,0xF7,0x5D,0xEF,0x5D,0xEF,0x5D,0xEF,0x4D,0x6B,0xA2,0x10,0x00,0x00,0x51,0x8C,0xFF,0xFF,0xFF,0xFF,0xD7,0xBD,0xE8,0x41,0x41,0x08,0x00,0x00,0x00,0x00,
	0x00,0x00,0x00,0x00,0x00,0x00,0x00,0x00,0x00,0x00,0xE8,0x41,0x51,0x8C,0xBE,0xF7,0xFF,0xFF,0xFF,0xFF,0x9A,0xD6,0x4D,0x6B,0x20,0x00,0x00,0x00,0x00,0x00,0x00,0x00,0x00,0x00,0x00,0x00,0x00,0x00,0x00,0x00,0x00,0x00,0x00,0x00,0x00,0x00,0x00,0x00,0x00,0x00,0x00,0x00,0x20,0x00,0xE8,0x41,0x9A,0xD6,0xFF,0xFF,0xFF,0xFF,0x9A,0xD6,
	0x51,0x8C,0x41,0x08,0x00,0x00,0x00,0x00,0x20,0x00,0x4D,0x6B,0x5D,0xEF,0xFF,0xFF,0x5D,0xEF,0x51,0x8C,0x45,0x29,0x00,0x00,0x00,0x00,0xE8,0x41,0xD7,0xBD,0xD7,0xBD,0x14,0xA5,0x14,0xA5,0x14,0xA5,0x14,0xA5,0x14,0xA5,0x14,0xA5,0x14,0xA5,0x14,0xA5,0x14,0xA5,0xD7,0xBD,0xD7,0xBD,0x14,0xA5,0x4D,0x6B,0xA2,0x10,0x00,0x00,0x51,0x8C,
	0xFF,0xFF,0xFF,0xFF,0xD7,0xBD,0xE8,0x41,0x41,0x08,0x00,0x00,0x00,0x00,0x00,0x00,0x00,0x00,0x00,0x00,0x20,0x00,0xA2,0x10,0x51,0x8C,0x5D,0xEF,0xFF,0xFF,0xFF,0xFF,0xBE,0xF7,0x51,0x8C,0x45,0x29,0x00,0x00,0x00,0x00,0x00,0x00,0x00,0x00,0x00,0x00,0x00,0x00,0x00,0x00,0x00,0x00,0x00,0x00,0x00,0x00,0x00,0x00,0x00,0x00,0x00,0x00,
	0x00,0x00,0x00,0x00,0xA2,0x10,0x14,0xA5,0x5D,0xEF,0xFF,0xFF,0xFF,0xFF,0x9A,0xD6,0x45,0x29,0x20,0x00,0x00,0x00,0x45,0x29,0x51,0x8C,0xFF,0xFF,0xFF,0xFF,0x9A,0xD6,0xE8,0x41,0xA2,0x10,0x00,0x00,0x00,0x00,0x41,0x08,0x45,0x29,0x45,0x29,0x45,0x29,0x45,0x29,0x45,0x29,0x45,0x29,0x45,0x29,0x45,0x29,0x45,0x29,0x45,0x29,0x45,0x29,
	0xE8,0x41,0xE8,0x41,0xE8,0x41,0x45,0x29,0x41,0x08,0x20,0x00,0x51,0x8C,0xFF,0xFF,0xFF,0xFF,0xD7,0xBD,0xE8,0x41,0x41,0x08,0x00,0x00,0x00,0x00,0x00,0x00,0x00,0x00,0x00,0x00,0xE8,0x41,0x14,0xA5,0x5D,0xEF,0xFF,0xFF,0xFF,0xFF,0x5D,0xEF,0xD7,0xBD,0xE8,0x41,0x20,0x00,0x00,0x00,0x00,0x00,0x00,0x00,0x00,0x00,0x00,0x00,0x00,0x00,
	0x00,0x00,0x00,0x00,0x00,0x00,0x00,0x00,0x00,0x00,0x00,0x00,0x00,0x00,0x00,0x00,0x00,0x00,0x20,0x00,0x45,0x29,0x14,0xA5,0xFF,0xFF,0xFF,0xFF,0x5D,0xEF,0x51,0x8C,0x45,0x29,0x00,0x00,0xE8,0x41,0x14,0xA5,0xFF,0xFF,0xFF,0xFF,0xD7,0xBD,0x45,0x29,0x20,0x00,0x00,0x00,0x00,0x00,0x00,0x00,0x00,0x00,0x00,0x00,0x00,0x00,0x00,0x00,
	0x00,0x00,0x00,0x00,0x00,0x00,0x00,0x00,0x00,0x00,0x00,0x00,0x00,0x00,0x41,0x08,0xE8,0x41,0x4D,0x6B,0x4D,0x6B,0x4D,0x6B,0x4D,0x6B,0xD7,0xBD,0xFF,0xFF,0xFF,0xFF,0xD7,0xBD,0xE8,0x41,0x41,0x08,0x00,0x00,0x00,0x00,0x00,0x00,0x00,0x00,0x20,0x00,0x4D,0x6B,0x5D,0xEF,0xFF,0xFF,0xFF,0xFF,0xFF,0xFF,0xD7,0xBD,0x4D,0x6B,0xA2,0x10,
	0x00,0x00,0x00,0x00,0x00,0x00,0x00,0x00,0x00,0x00,0x00,0x00,0x00,0x00,0x00,0x00,0x00,0x00,0x00,0x00,0x00,0x00,0x00,0x00,0x00,0x00,0x00,0x00,0x00,0x00,0x00,0x00,0x00,0x00,0x00,0x00,0x4D,0x6B,0x5D,0xEF,0xFF,0xFF,0xBE,0xF7,0x9A,0xD6,0xE8,0x41,0x00,0x00,0x51,0x8C,0xD7,0xBD,0xFF,0xFF,0xFF,0xFF,0x14,0xA5,0x41,0x08,0x00,0x00,
	0x00,0x00,0x00,0x00,0x00,0x00,0x00,0x00,0x00,0x00,0x00,0x00,0x00,0x00,0x00,0x00,0x00,0x00,0x00,0x00,0x00,0x00,0x00,0x00,0x00,0x00,0x20,0x00,0xA2,0x10,0x51,0x8C,0xFF,0xFF,0xFF,0xFF,0xFF,0xFF,0xFF,0xFF,0xFF,0xFF,0xFF,0xFF,0xFF,0xFF,0xD7,0xBD,0xE8,0x41,0x41,0x08,0x00,0x00,0x00,0x00,0x00,0x00,0x00,0x00,0x41,0x08,0x4D,0x6B,
	0x9A,0xD6,0xFF,0xFF,0xFF,0xFF,0x5D,0xEF,0x4D,0x6B,0x20,0x00,0x00,0x00,0x00,0x00,0x00,0x00,0x00,0x00,0x00,0x00,0x00,0x00,0x00,0x00,0x00,0x00,0x00,0x00,0x00,0x00,0x00,0x00,0x00,0x00,0x00,0x00,0x00,0x00,0x00,0x00,0x00,0x00,0x00,0x00,0x00,0x00,0x00,0x00,0xE8,0x41,0x14,0xA5,0xBE,0xF7,0xFF,0xFF,0x5D,0xEF,0x4D,0x6B,0x00,0x00,
	0xE8,0x41,0x4D,0x6B,0x9A,0xD6,0xD7,0xBD,0x4D,0x6B,0x20,0x00,0x00,0x00,0x00,0x00,0x00,0x00,0x00,0x00,0x00,0x00,0x00,0x00,0x00,0x00,0x00,0x00,0x00,0x00,0x00,0x00,0x00,0x00,0x00,0x00,0x00,0x00,0x00,0x00,0x00,0x00,0x41,0x08,0x51,0x8C,0xFF,0xFF,0xFF,0xFF,0xFF,0xFF,0xFF,0xFF,0xFF,0xFF,0xFF,0xFF,0x9A,0xD6,0x51,0x8C,0xA2,0x10,
	0x20,0x00,0x00,0x00,0x00,0x00,0x00,0x00,0x00,0x00,0x20,0x00,0x45,0x29,0x4D,0x6B,0xD7,0xBD,0x9A,0xD6,0x4D,0x6B,0x45,0x29,0x00,0x00,0x00,0x00,0x00,0x00,0x00,0x00,0x00,0x00,0x00,0x00,0x00,0x00,0x00,0x00,0x00,0x00,0x00,0x00,0x00,0x00,0x00,0x00,0x00,0x00,0x00,0x00,0x00,0x00,0x00,0x00,0x00,0x00,0x00,0x00,0x00,0x00,0x00,0x00,
	0xA2,0x10,0x4D,0x6B,0xD7,0xBD,0xD7,0xBD,0x4D,0x6B,0x45,0x29,0x00,0x00,0x00,0x00,0x45,0x29,0x51,0x8C,0x4D,0x6B,0x45,0x29,0x00,0x00,0x00,0x00,0x00,0x00,0x00,0x00,0x00,0x00,0x00,0x00,0x00,0x00,0x00,0x00,0x00,0x00,0x00,0x00,0x00,0x00,0x00,0x00,0x00,0x00,0x00,0x00,0x00,0x00,0x00,0x00,0x00,0x00,0xE8,0x41,0x9A,0xD6,0x9A,0xD6,
	0x9A,0xD6,0x9A,0xD6,0x9A,0xD6,0xD7,0xBD,0x51,0x8C,0xE8,0x41,0x00,0x00,0x00,0x00,0x00,0x00,0x00,0x00,0x00,0x00,0x00,0x00,0x00,0x00,0x00,0x00,0x00,0x00,0x4D,0x6B,0x4D,0x6B,0x41,0x08,0x00,0x00,0x00,0x00,0x00,0x00,0x00,0x00,0x00,0x00,0x00,0x00,0x00,0x00,0x00,0x00,0x00,0x00,0x00,0x00,0x00,0x00,0x00,0x00,0x00,0x00,0x00,0x00,
	0x00,0x00,0x00,0x00,0x00,0x00,0x00,0x00,0x00,0x00,0x00,0x00,0x00,0x00,0x00,0x00,0xA2,0x10,0x4D,0x6B,0x4D,0x6B,0x20,0x00,0x00,0x00,0x00,0x00,

	// Alpha Channel 
	0x00,0xFF,0xFF,0xFF,0x00,0x00,0x00,0x00,0x00,0x00,0x00,0x00,0x00,0x00,0x00,0x00,0x00,0x00,0x00,0x00,0x00,0x00,0x00,0xFF,0xFF,0xFF,0xFF,0xFF,0xFF,0xFF,0x00,0x00,0x00,0x00,0x00,0x00,0x00,0x00,0xFF,0xFF,0xFF,0xFF,0xFF,0xFF,0xFF,0xFF,0xFF,0xFF,0xFF,0xFF,0x00,0x00,0x00,0xFF,0xFF,0xFF,0xFF,0xFF,0xFF,0xFF,0xFF,0xFF,0xFF,0xFF,
	0xFF,0xFF,0xFF,0xFF,0xFF,0xFF,0xFF,0x00,0x00,0x00,0xFF,0xFF,0xFF,0xFF,0xFF,0xFF,0xFF,0xFF,0xFF,0xFF,0xFF,0xFF,0xFF,0xFF,0xFF,0xFF,0xFF,0xFF,0xFF,0xFF,0xFF,0xFF,0xFF,0xFF,0xFF,0xFF,0xFF,0xFF,0xFF,0xFF,0x00,0x00,0x00,0x00,0x00,0x00,0x00,0x00,0x00,0x00,0x00,0x00,0x00,0x00,0x00,0x00,0xFF,0xFF,0xFF,0xFF,0xFF,0x00,0x00,0x00,
	0x00,0x00,0x00,0x00,0x00,0x00,0x00,0x00,0x00,0x00,0x00,0x00,0x00,0x00,0x00,0x00,0xFF,0xFF,0xFF,0xFF,0xFF,0xFF,0xFF,0xFF,0xFF,0xFF,0xFF,0xFF,0xFF,0xFF,0xFF,0xFF,0xFF,0xFF,0xFF,0xFF,0xFF,0xFF,0xFF,0xFF,0xFF,0xFF,0xFF,0xFF,0xFF,0xFF,0xFF,0x00,0x00,0x00,0x00,0x00,0x00,0x00,0x00,0x00,0x00,0x00,0x00,0x00,0x00,0x00,0x00,0xFF,
	0xFF,0xFF,0xFF,0xFF,0xFF,0x00,0x00,0x00,0x00,0x00,0x00,0x00,0x00,0x00,0x00,0x00,0x00,0x00,0x00,0x00,0x00,0x00,0x00,0xFF,0xFF,0xFF,0xFF,0xFF,0xFF,0xFF,0xFF,0xFF,0xFF,0xFF,0xFF,0xFF,0xFF,0xFF,0xFF,0xFF,0xFF,0xFF,0xFF,0xFF,0xFF,0xFF,0xFF,0xFF,0xFF,0xFF,0xFF,0xFF,0xFF,0xFF,0x00,0x00,0x00,0x00,0x00,0x00,0x00,0x00,0x00,0x00,
	0x00,0x00,0x00,0x00,0x00,0xFF,0xFF,0xFF,0xFF,0xFF,0xFF,0xFF,0xFF,0x00,0x00,0x00,0x00,0x00,0x00,0x00,0x00,0x00,0x00,0x00,0x00,0x00,0x00,0x00,0x00,0x00,0xFF,0xFF,0xFF,0xFF,0xFF,0xFF,0xFF,0xFF,0xFF,0xFF,0xFF,0xFF,0xFF,0xFF,0xFF,0xFF,0xFF,0xFF,0xFF,0xFF,0xFF,0xFF,0xFF,0xFF,0xFF,0xFF,0xFF,0xFF,0xFF,0xFF,0xFF,0x00,0x00,0x00,
	0x00,0x00,0x00,0x00,0x00,0x00,0x00,0x00,0x00,0x00,0x00,0x00,0xFF,0xFF,0xFF,0xFF,0xFF,0xFF,0xFF,0xFF,0xFF,0xFF,0x00,0x00,0x00,0x00,0x00,0x00,0x00,0x00,0x00,0x00,0x00,0x00,0x00,0x00,0x00,0xFF,0xFF,0xFF,0xFF,0xFF,0xFF,0xFF,0xFF,0xFF,0xFF,0xFF,0xFF,0xFF,0xFF,0xFF,0xFF,0xFF,0xFF,0xFF,0xFF,0xFF,0xFF,0xFF,0xFF,0xFF,0xFF,0xFF,
	0xFF,0xFF,0xFF,0xFF,0x00,0x00,0x00,0x00,0x00,0x00,0x00,0x00,0x00,0x00,0x00,0x00,0x00,0x00,0x00,0xFF,0xFF,0xFF,0xFF,0xFF,0xFF,0xFF,0xFF,0xFF,0xFF,0xFF,0x00,0x00,0x00,0x00,0x00,0x00,0x00,0x00,0x00,0x00,0x00,0x00,0x00,0x00,0xFF,0xFF,0xFF,0xFF,0xFF,0xFF,0xFF,0xFF,0xFF,0xFF,0xFF,0xFF,0xFF,0xFF,0xFF,0xFF,0xFF,0xFF,0xFF,0xFF,
	0xFF,0xFF,0xFF,0xFF,0xFF,0xFF,0xFF,0xFF,0xFF,0xFF,0xFF,0x00,0x00,0x00,0x00,0x00,0x00,0x00,0x00,0x00,0x00,0x00,0x00,0x00,0x00,0x00,0x00,0x00,0xFF,0xFF,0xFF,0xFF,0xFF,0xFF,0xFF,0xFF,0xFF,0x00,0x00,0x00,0x00,0x00,0x00,0x00,0x00,0x00,0x00,0x00,0x00,0x00,0x00,0xFF,0xFF,0xFF,0xFF,0xFF,0xFF,0xFF,0x00,0xFF,0xFF,0xFF,0xFF,0xFF,
	0xFF,0xFF,0xFF,0xFF,0xFF,0xFF,0xFF,0xFF,0xFF,0xFF,0x00,0x00,0xFF,0xFF,0xFF,0xFF,0xFF,0xFF,0x00,0x00,0x00,0x00,0x00,0x00,0x00,0x00,0x00,0x00,0x00,0x00,0x00,0x00,0x00,0x00,0x00,0x00,0x00,0xFF,0xFF,0xFF,0xFF,0xFF,0xFF,0xFF,0x00,0x00,0x00,0x00,0x00,0x00,0x00,0x00,0x00,0x00,0x00,0x00,0x00,0x00,0xFF,0xFF,0xFF,0xFF,0xFF,0xFF,
	0xFF,0xFF,0xFF,0xFF,0xFF,0xFF,0xFF,0xFF,0xFF,0xFF,0xFF,0xFF,0xFF,0xFF,0xFF,0xFF,0xFF,0xFF,0x00,0xFF,0xFF,0xFF,0xFF,0xFF,0xFF,0x00,0x00,0x00,0x00,0x00,0x00,0x00,0x00,0x00,0x00,0x00,0x00,0x00,0x00,0x00,0x00,0x00,0x00,0x00,0x00,0xFF,0xFF,0xFF,0xFF,0xFF,0x00,0x00,0x00,0x00,0x00,0x00,0x00,0x00,0x00,0x00,0x00,0x00,0x00,0x00,
	0x00,0xFF,0xFF,0xFF,0xFF,0xFF,0xFF,0xFF,0xFF,0xFF,0xFF,0xFF,0xFF,0xFF,0xFF,0xFF,0xFF,0xFF,0xFF,0xFF,0xFF,0xFF,0xFF,0xFF,0xFF,0x00,0xFF,0xFF,0xFF,0xFF,0xFF,0xFF,0x00,0x00,0x00,0x00,0xFF,0xFF,0xFF,0xFF,0xFF,0xFF,0xFF,0xFF,0xFF,0xFF,0xFF,0xFF,0xFF,0xFF,0xFF,0xFF,0xFF,0xFF,0xFF,0xFF,0xFF,0xFF,0xFF,0xFF,0xFF,0xFF,0xFF,0xFF,
	0xFF,0xFF,0xFF,0xFF,0xFF,0xFF,0x00,0x00,0xFF,0xFF,0xFF,0xFF,0xFF,0xFF,0xFF,0xFF,0xFF,0xFF,0xFF,0xFF,0xFF,0xFF,0xFF,0xFF,0xFF,0xFF,0xFF,0xFF,0xFF,0xFF,0xFF,0xFF,0x00,0xFF,0xFF,0xFF,0xFF,0xFF,0xFF,0x00,0x00,0x00,0xFF,0xFF,0xFF,0xFF,0xFF,0xFF,0xFF,0xFF,0xFF,0xFF,0xFF,0xFF,0xFF,0xFF,0xFF,0xFF,0xFF,0xFF,0xFF,0xFF,0xFF,0xFF,
	0xFF,0xFF,0xFF,0xFF,0xFF,0xFF,0xFF,0xFF,0xFF,0xFF,0xFF,0xFF,0xFF,0x00,0x00,0xFF,0xFF,0xFF,0xFF,0xFF,0xFF,0xFF,0xFF,0xFF,0xFF,0xFF,0xFF,0xFF,0xFF,0xFF,0xFF,0xFF,0xFF,0xFF,0xFF,0xFF,0xFF,0xFF,0xFF,0x00,0xFF,0xFF,0xFF,0xFF,0xFF,0xFF,0x00,0x00,0x00,0xFF,0xFF,0xFF,0xFF,0xFF,0xFF,0xFF,0xFF,0xFF,0xFF,0xFF,0xFF,0xFF,0xFF,0xFF,
	0xFF,0xFF,0xFF,0xFF,0xFF,0xFF,0xFF,0xFF,0xFF,0xFF,0xFF,0xFF,0xFF,0xFF,0xFF,0xFF,0xFF,0xFF,0xFF,0xFF,0x00,0x00,0xFF,0xFF,0xFF,0xFF,0xFF,0xFF,0xFF,0xFF,0xFF,0xFF,0xFF,0xFF,0xFF,0xFF,0xFF,0xFF,0xFF,0xFF,0xFF,0xFF,0xFF,0xFF,0xFF,0xFF,0x00,0xFF,0xFF,0xFF,0xFF,0xFF,0xFF,0x00,0x00,0x00,0xFF,0xFF,0xFF,0xFF,0xFF,0xFF,0xFF,0xFF,
	0xFF,0xFF,0xFF,0xFF,0xFF,0xFF,0xFF,0xFF,0xFF,0xFF,0xFF,0xFF,0xFF,0xFF,0xFF,0xFF,0xFF,0xFF,0xFF,0xFF,0xFF,0xFF,0xFF,0xFF,0xFF,0xFF,0xFF,0x00,0x00,0xFF,0xFF,0xFF,0xFF,0xFF,0xFF,0xFF,0xFF,0xFF,0xFF,0xFF,0xFF,0xFF,0xFF,0xFF,0xFF,0xFF,0xFF,0xFF,0xFF,0xFF,0xFF,0xFF,0xFF,0xFF,0xFF,0xFF,0xFF,0xFF,0xFF,0xFF,0x00,0x00,0x00,0x00,
	0xFF,0xFF,0xFF,0xFF,0xFF,0xFF,0xFF,0xFF,0xFF,0xFF,0xFF,0xFF,0xFF,0xFF,0xFF,0xFF,0xFF,0xFF,0xFF,0xFF,0xFF,0xFF,0xFF,0xFF,0xFF,0xFF,0xFF,0xFF,0xFF,0xFF,0xFF,0xFF,0xFF,0xFF,0x00,0x00,0xFF,0xFF,0xFF,0xFF,0xFF,0xFF,0xFF,0xFF,0xFF,0xFF,0xFF,0xFF,0xFF,0xFF,0xFF,0xFF,0xFF,0xFF,0xFF,0xFF,0xFF,0xFF,0xFF,0xFF,0xFF,0xFF,0xFF,0xFF,
	0xFF,0xFF,0xFF,0x00,0x00,0x00,0x00,0xFF,0xFF,0xFF,0xFF,0xFF,0xFF,0xFF,0xFF,0xFF,0xFF,0xFF,0xFF,0xFF,0xFF,0xFF,0xFF,0xFF,0xFF,0xFF,0xFF,0xFF,0xFF,0xFF,0xFF,0xFF,0xFF,0xFF,0xFF,0xFF,0xFF,0xFF,0xFF,0xFF,0xFF,0x00,0x00,0xFF,0xFF,0xFF,0xFF,0xFF,0xFF,0xFF,0xFF,0xFF,0xFF,0xFF,0xFF,0xFF,0xFF,0xFF,0xFF,0xFF,0xFF,0xFF,0xFF,0xFF,
	0xFF,0xFF,0xFF,0xFF,0xFF,0xFF,0xFF,0xFF,0xFF,0xFF,0x00,0x00,0x00,0x00,0x00,0x00,0x00,0x00,0x00,0x00,0x00,0x00,0x00,0x00,0x00,0x00,0x00,0x00,0x00,0x00,0x00,0x00,0x00,0x00,0x00,0x00,0x00,0x00,0x00,0x00,0x00,0x00,0x00,0x00,0x00,0x00,0x00,0x00,0x00,0x00,0xFF,0xFF,0xFF,0xFF,0xFF,0xFF,0xFF,0xFF,0xFF,0xFF,0xFF,0xFF,0xFF,0xFF,
	0xFF,0xFF,0xFF,0xFF,0xFF,0xFF,0xFF,0xFF,0xFF,0xFF,0xFF,0xFF,0xFF,0xFF,0xFF,0xFF,0xFF,0x00,0x00,0x00,0x00,0x00,0x00,0x00,0x00,0x00,0x00,0x00,0x00,0x00,0xFF,0xFF,0xFF,0x00,0x00,0x00,0x00,0x00,0x00,0x00,0x00,0x00,0x00,0xFF,0xFF,0xFF,0x00,0x00,0x00,0x00,0x00,0x00,0x00,0x00,0x00,0x00,0x00,0xFF,0xFF,0xFF,0xFF,0xFF,0xFF,0xFF,
	0xFF,0xFF,0xFF,0xFF,0xFF,0xFF,0xFF,0xFF,0xFF,0xFF,0xFF,0xFF,0xFF,0xFF,0xFF,0xFF,0xFF,0xFF,0xFF,0xFF,0xFF,0xFF,0xFF,0xFF,0x00,0x00,0x00,0x00,0x00,0x00,0x00,0x00,0x00,0x00,0x00,0x00,0xFF,0xFF,0xFF,0xFF,0xFF,0xFF,0xFF,0x00,0x00,0x00,0x00,0x00,0xFF,0xFF,0xFF,0xFF,0xFF,0xFF,0x00,0x00,0x00,0x00,0x00,0x00,0x00,0x00,0x00,0x00,
	0xFF,0xFF,0xFF,0xFF,0xFF,0xFF,0xFF,0xFF,0x00,0x00,0x00,0x00,0x00,0x00,0x00,0x00,0x00,0x00,0x00,0x00,0x00,0x00,0xFF,0xFF,0x00,0xFF,0xFF,0xFF,0xFF,0xFF,0xFF,0x00,0x00,0x00,0x00,0x00,0x00,0x00,0x00,0x00,0x00,0x00,0x00,0xFF,0xFF,0xFF,0xFF,0xFF,0xFF,0xFF,0x00,0x00,0x00,0x00,0xFF,0xFF,0xFF,0xFF,0xFF,0xFF,0xFF,0xFF,0x00,0x00,
	0x00,0x00,0x00,0x00,0x00,0x00,0x00,0xFF,0xFF,0xFF,0xFF,0xFF,0xFF,0xFF,0xFF,0xFF,0xFF,0xFF,0xFF,0xFF,0xFF,0xFF,0xFF,0xFF,0xFF,0xFF,0xFF,0xFF,0xFF,0xFF,0xFF,0x00,0xFF,0xFF,0xFF,0xFF,0xFF,0xFF,0x00,0x00,0x00,0x00,0x00,0x00,0x00,0x00,0x00,0x00,0x00,0x00,0xFF,0xFF,0xFF,0xFF,0xFF,0xFF,0xFF,0x00,0x00,0x00,0x00,0x00,0xFF,0xFF,
	0xFF,0xFF,0xFF,0xFF,0xFF,0x00,0x00,0x00,0x00,0x00,0x00,0x00,0x00,0x00,0xFF,0xFF,0xFF,0xFF,0xFF,0xFF,0x00,0xFF,0xFF,0xFF,0xFF,0xFF,0xFF,0xFF,0xFF,0xFF,0xFF,0xFF,0xFF,0xFF,0xFF,0xFF,0xFF,0xFF,0x00,0xFF,0xFF,0xFF,0xFF,0xFF,0xFF,0x00,0x00,0x00,0x00,0x00,0x00,0x00,0x00,0x00,0x00,0x00,0xFF,0xFF,0xFF,0xFF,0xFF,0xFF,0xFF,0x00,
	0x00,0x00,0x00,0x00,0x00,0xFF,0xFF,0xFF,0xFF,0xFF,0xFF,0xFF,0xFF,0x00,0x00,0x00,0x00,0x00,0x00,0x00,0x00,0xFF,0xFF,0xFF,0xFF,0xFF,0xFF,0x00,0xFF,0xFF,0xFF,0xFF,0xFF,0xFF,0xFF,0xFF,0xFF,0xFF,0xFF,0xFF,0xFF,0xFF,0xFF,0xFF,0xFF,0x00,0xFF,0xFF,0xFF,0xFF,0xFF,0xFF,0x00,0x00,0x00,0x00,0x00,0x00,0x00,0x00,0x00,0x00,0x00,0xFF,
	0xFF,0xFF,0xFF,0xFF,0xFF,0xFF,0x00,0x00,0x00,0x00,0x00,0x00,0xFF,0xFF,0xFF,0xFF,0xFF,0xFF,0xFF,0xFF,0x00,0x00,0x00,0x00,0x00,0x00,0x00,0x00,0xFF,0xFF,0xFF,0xFF,0xFF,0xFF,0x00,0xFF,0xFF,0xFF,0xFF,0xFF,0xFF,0xFF,0xFF,0xFF,0xFF,0xFF,0xFF,0xFF,0xFF,0xFF,0xFF,0xFF,0x00,0xFF,0xFF,0xFF,0xFF,0xFF,0xFF,0x00,0x00,0x00,0x00,0x00,
	0x00,0x00,0x00,0x00,0x00,0xFF,0xFF,0xFF,0xFF,0xFF,0xFF,0xFF,0xFF,0x00,0x00,0x00,0x00,0x00,0x00,0x00,0x00,0xFF,0xFF,0xFF,0xFF,0xFF,0xFF,0xFF,0xFF,0x00,0x00,0x00,0x00,0x00,0xFF,0xFF,0xFF,0xFF,0xFF,0xFF,0xFF,0x00,0xFF,0xFF,0xFF,0xFF,0xFF,0xFF,0x00,0x00,0x00,0x00,0x00,0xFF,0xFF,0xFF,0xFF,0xFF,0xFF,0x00,0xFF,0xFF,0xFF,0xFF,
	0xFF,0xFF,0x00,0x00,0x00,0x00,0x00,0x00,0x00,0x00,0x00,0x00,0xFF,0xFF,0xFF,0xFF,0xFF,0xFF,0x00,0x00,0x00,0x00,0x00,0x00,0x00,0x00,0x00,0x00,0xFF,0xFF,0xFF,0xFF,0xFF,0xFF,0xFF,0xFF,0x00,0x00,0x00,0x00,0x00,0xFF,0xFF,0xFF,0xFF,0xFF,0xFF,0xFF,0x00,0xFF,0xFF,0xFF,0xFF,0xFF,0xFF,0xFF,0xFF,0xFF,0xFF,0xFF,0xFF,0xFF,0xFF,0xFF,
	0xFF,0xFF,0x00,0xFF,0xFF,0xFF,0xFF,0xFF,0xFF,0x00,0x00,0x00,0x00,0x00,0x00,0x00,0x00,0x00,0xFF,0xFF,0xFF,0xFF,0xFF,0xFF,0xFF,0x00,0x00,0x00,0x00,0x00,0x00,0x00,0x00,0x00,0x00,0xFF,0xFF,0xFF,0xFF,0xFF,0xFF,0xFF,0xFF,0x00,0x00,0x00,0x00,0x00,0xFF,0xFF,0xFF,0xFF,0xFF,0xFF,0x00,0x00,0xFF,0xFF,0xFF,0xFF,0xFF,0xFF,0xFF,0xFF,
	0xFF,0xFF,0xFF,0xFF,0xFF,0xFF,0xFF,0xFF,0xFF,0x00,0xFF,0xFF,0xFF,0xFF,0xFF,0xFF,0x00,0x00,0x00,0x00,0x00,0x00,0x00,0x00,0xFF,0xFF,0xFF,0xFF,0xFF,0xFF,0xFF,0xFF,0x00,0x00,0x00,0x00,0x00,0x00,0x00,0x00,0x00,0x00,0x00,0x00,0xFF,0xFF,0xFF,0xFF,0xFF,0xFF,0xFF,0x00,0x00,0x00,0x00,0xFF,0xFF,0xFF,0xFF,0xFF,0xFF,0x00,0x00,0xFF,
	0xFF,0xFF,0xFF,0xFF,0xFF,0xFF,0xFF,0xFF,0xFF,0xFF,0xFF,0xFF,0xFF,0xFF,0xFF,0xFF,0x00,0xFF,0xFF,0xFF,0xFF,0xFF,0xFF,0x00,0x00,0x00,0x00,0x00,0x00,0x00,0x00,0xFF,0xFF,0xFF,0xFF,0xFF,0xFF,0xFF,0xFF,0x00,0x00,0x00,0x00,0x00,0x00,0x00,0x00,0x00,0x00,0x00,0x00,0xFF,0xFF,0xFF,0xFF,0xFF,0xFF,0xFF,0x00,0x00,0x00,0x00,0xFF,0xFF,
	0xFF,0xFF,0xFF,0xFF,0x00,0x00,0xFF,0xFF,0xFF,0xFF,0xFF,0xFF,0xFF,0xFF,0xFF,0xFF,0xFF,0xFF,0xFF,0xFF,0xFF,0xFF,0xFF,0x00,0xFF,0xFF,0xFF,0xFF,0xFF,0xFF,0x00,0x00,0x00,0x00,0x00,0x00,0x00,0xFF,0xFF,0xFF,0xFF,0xFF,0xFF,0xFF,0xFF,0x00,0x00,0x00,0x00,0x00,0x00,0x00,0x00,0x00,0x00,0x00,0x00,0x00,0xFF,0xFF,0xFF,0xFF,0xFF,0xFF,
	0xFF,0xFF,0x00,0x00,0xFF,0xFF,0xFF,0xFF,0xFF,0xFF,0xFF,0x00,0x00,0xFF,0xFF,0xFF,0xFF,0xFF,0xFF,0xFF,0xFF,0xFF,0xFF,0xFF,0xFF,0xFF,0xFF,0xFF,0xFF,0xFF,0x00,0xFF,0xFF,0xFF,0xFF,0xFF,0xFF,0x00,0x00,0x00,0x00,0x00,0xFF,0xFF,0xFF,0xFF,0xFF,0xFF,0xFF,0xFF,0xFF,0x00,0x00,0x00,0x00,0x00,0x00,0x00,0x00,0x00,0x00,0x00,0x00,0x00,
	0x00,0x00,0xFF,0xFF,0xFF,0xFF,0xFF,0xFF,0xFF,0xFF,0x00,0xFF,0xFF,0xFF,0xFF,0xFF,0xFF,0xFF,0x00,0x00,0xFF,0xFF,0xFF,0xFF,0xFF,0xFF,0xFF,0xFF,0xFF,0xFF,0xFF,0xFF,0xFF,0xFF,0xFF,0xFF,0xFF,0xFF,0xFF,0xFF,0xFF,0xFF,0xFF,0xFF,0x00,0x00,0x00,0x00,0x00,0xFF,0xFF,0xFF,0xFF,0xFF,0xFF,0xFF,0xFF,0xFF,0x00,0x00,0x00,0x00,0x00,0x00,
	0x00,0x00,0x00,0x00,0x00,0x00,0x00,0x00,0x00,0xFF,0xFF,0xFF,0xFF,0xFF,0xFF,0xFF,0xFF,0x00,0xFF,0xFF,0xFF,0xFF,0xFF,0xFF,0xFF,0x00,0x00,0x00,0x00,0x00,0x00,0x00,0x00,0x00,0x00,0x00,0x00,0x00,0x00,0xFF,0xFF,0xFF,0xFF,0xFF,0xFF,0xFF,0xFF,0xFF,0xFF,0xFF,0xFF,0x00,0x00,0x00,0x00,0xFF,0xFF,0xFF,0xFF,0xFF,0xFF,0xFF,0xFF,0xFF,
	0x00,0x00,0x00,0x00,0x00,0x00,0x00,0x00,0x00,0x00,0x00,0x00,0x00,0x00,0x00,0x00,0x00,0x00,0xFF,0xFF,0xFF,0xFF,0xFF,0xFF,0x00,0xFF,0xFF,0xFF,0xFF,0xFF,0xFF,0x00,0x00,0x00,0x00,0x00,0x00,0x00,0x00,0x00,0x00,0x00,0x00,0x00,0x00,0xFF,0xFF,0xFF,0xFF,0xFF,0xFF,0xFF,0xFF,0xFF,0xFF,0xFF,0xFF,0xFF,0x00,0x00,0x00,0x00,0xFF,0xFF,
	0xFF,0xFF,0xFF,0xFF,0xFF,0xFF,0x00,0x00,0x00,0x00,0x00,0x00,0x00,0x00,0x00,0x00,0x00,0x00,0x00,0x00,0x00,0x00,0x00,0x00,0x00,0xFF,0xFF,0xFF,0xFF,0xFF,0xFF,0x00,0xFF,0xFF,0xFF,0xFF,0xFF,0xFF,0x00,0x00,0x00,0x00,0x00,0x00,0x00,0x00,0x00,0x00,0x00,0x00,0x00,0x00,0x00,0xFF,0xFF,0xFF,0xFF,0xFF,0xFF,0xFF,0xFF,0xFF,0xFF,0xFF,
	0xFF,0x00,0x00,0x00,0x00,0xFF,0xFF,0xFF,0xFF,0xFF,0xFF,0xFF,0x00,0x00,0x00,0x00,0x00,0x00,0x00,0x00,0x00,0x00,0x00,0x00,0x00,0x00,0x00,0x00,0x00,0x00,0x00,0x00,0xFF,0xFF,0xFF,0xFF,0xFF,0xFF,0x00,0x00,0xFF,0xFF,0xFF,0xFF,0x00,0x00,0x00,0x00,0x00,0x00,0x00,0x00,0x00,0x00,0x00,0x00,0x00,0x00,0x00,0x00,0x00,0xFF,0xFF,0xFF,
	0xFF,0xFF,0xFF,0xFF,0xFF,0xFF,0x00,0x00,0x00,0x00,0x00,0x00,0x00,0x00,0x00,0xFF,0xFF,0xFF,0x00,0x00,0x00,0x00,0x00,0x00,0x00,0x00,0x00,0x00,0x00,0x00,0x00,0x00,0x00,0x00,0x00,0x00,0x00,0x00,0x00,0x00,0xFF,0xFF,0xFF,0xFF,0x00,0x00,
    };
        


const lv_img_dsc_t face_174_390_dial_img_35_303091_5 = {
    .header.magic = LV_IMAGE_HEADER_MAGIC,
    .header.w = 71,
    .header.h = 34,
    .data_size = sizeof(face_174_390_dial_img_35_303091_data_5),
    .header.cf = LV_COLOR_FORMAT_RGB565A8,
    .data = face_174_390_dial_img_35_303091_data_5};

    
// LVGL 9 format (RGB565) // LVGL_9 compatible 
const LV_ATTRIBUTE_MEM_ALIGN uint8_t face_174_390_dial_img_35_303091_data_6[] = {
	//RGB565 data 
	0x00,0x00,0x20,0x00,0xA2,0x10,0x41,0x08,0x00,0x00,0x00,0x00,0x00,0x00,0x00,0x00,0x00,0x00,0x00,0x00,0x00,0x00,0x00,0x00,0x00,0x00,0x00,0x00,0x00,0x00,0x00,0x00,0x00,0x00,0x00,0x00,0x00,0x00,0x00,0x00,0x00,0x00,0x00,0x00,0x00,0x00,0xA2,0x10,0xA2,0x10,0xA2,0x10,0xA2,0x10,0xA2,0x10,0xA2,0x10,0x41,0x08,0x00,0x00,0x00,0x00,
	0x00,0x00,0x00,0x00,0x00,0x00,0x00,0x00,0x00,0x00,0x00,0x00,0x00,0x00,0x00,0x00,0x41,0x08,0xA2,0x10,0x00,0x00,0x00,0x00,0x00,0x00,0x00,0x00,0x00,0x00,0x00,0x00,0x00,0x00,0x00,0x00,0x00,0x00,0x00,0x00,0x00,0x00,0x00,0x00,0x00,0x00,0x00,0x00,0x00,0x00,0x00,0x00,0x00,0x00,0x00,0x00,0x00,0x00,0x00,0x00,0x00,0x00,0x00,0x00,
	0x00,0x00,0x00,0x00,0x41,0x08,0x41,0x08,0x00,0x00,0x00,0x00,0x00,0x00,0x00,0x00,0x00,0x00,0x00,0x00,0xA2,0x10,0xE8,0x41,0xE8,0x41,0xE8,0x41,0xE8,0x41,0xE8,0x41,0xE8,0x41,0xE8,0x41,0xE8,0x41,0xE8,0x41,0xE8,0x41,0xE8,0x41,0xE8,0x41,0xE8,0x41,0xE8,0x41,0xE8,0x41,0xE8,0x41,0xE8,0x41,0xE8,0x41,0xE8,0x41,0xE8,0x41,0xE8,0x41,
	0xE8,0x41,0xE8,0x41,0xE8,0x41,0xE8,0x41,0xE8,0x41,0x45,0x29,0xA2,0x10,0x20,0x00,0x00,0x00,0x00,0x00,0x00,0x00,0x00,0x00,0x00,0x00,0x00,0x00,0x00,0x00,0x00,0x00,0x00,0x00,0xA2,0x10,0xE8,0x41,0xE8,0x41,0xE8,0x41,0xE8,0x41,0xE8,0x41,0xE8,0x41,0xE8,0x41,0xE8,0x41,0xE8,0x41,0xE8,0x41,0xE8,0x41,0xE8,0x41,0xE8,0x41,0xE8,0x41,
	0xE8,0x41,0xE8,0x41,0xE8,0x41,0xE8,0x41,0xE8,0x41,0xE8,0x41,0xE8,0x41,0xE8,0x41,0x45,0x29,0x20,0x00,0x00,0x00,0x00,0x00,0x00,0x00,0x00,0x00,0x00,0x00,0x00,0x00,0x20,0x00,0x4D,0x6B,0x14,0xA5,0xD7,0xBD,0x9A,0xD6,0xD7,0xBD,0xD7,0xBD,0xD7,0xBD,0xD7,0xBD,0xD7,0xBD,0xD7,0xBD,0xD7,0xBD,0xD7,0xBD,0xD7,0xBD,0xD7,0xBD,0xD7,0xBD,
	0xD7,0xBD,0xD7,0xBD,0xD7,0xBD,0xD7,0xBD,0xD7,0xBD,0xD7,0xBD,0xD7,0xBD,0xD7,0xBD,0xD7,0xBD,0xD7,0xBD,0xD7,0xBD,0x9A,0xD6,0x51,0x8C,0x45,0x29,0x41,0x08,0x00,0x00,0x00,0x00,0x00,0x00,0x00,0x00,0x00,0x00,0x00,0x00,0x00,0x00,0x00,0x00,0x41,0x08,0xE8,0x41,0x51,0x8C,0x9A,0xD6,0x9A,0xD6,0xD7,0xBD,0xD7,0xBD,0xD7,0xBD,0xD7,0xBD,
	0xD7,0xBD,0xD7,0xBD,0xD7,0xBD,0xD7,0xBD,0xD7,0xBD,0xD7,0xBD,0xD7,0xBD,0xD7,0xBD,0xD7,0xBD,0xD7,0xBD,0xD7,0xBD,0xD7,0xBD,0xD7,0xBD,0x9A,0xD6,0xD7,0xBD,0x51,0x8C,0x45,0x29,0x00,0x00,0x00,0x00,0x00,0x00,0x00,0x00,0x00,0x00,0x00,0x00,0x20,0x00,0x51,0x8C,0x9A,0xD6,0xBE,0xF7,0xBE,0xF7,0xBE,0xF7,0xFF,0xFF,0xFF,0xFF,0xFF,0xFF,
	0xFF,0xFF,0xFF,0xFF,0xFF,0xFF,0xFF,0xFF,0xFF,0xFF,0xFF,0xFF,0xFF,0xFF,0xFF,0xFF,0xFF,0xFF,0xFF,0xFF,0xFF,0xFF,0xFF,0xFF,0xFF,0xFF,0xFF,0xFF,0xFF,0xFF,0xFF,0xFF,0xBE,0xF7,0xBE,0xF7,0xBE,0xF7,0xD7,0xBD,0xE8,0x41,0x41,0x08,0x00,0x00,0x00,0x00,0x00,0x00,0x00,0x00,0x00,0x00,0x00,0x00,0x00,0x00,0x00,0x00,0xA2,0x10,0x4D,0x6B,
	0xD7,0xBD,0xBE,0xF7,0xBE,0xF7,0xBE,0xF7,0xFF,0xFF,0xFF,0xFF,0xFF,0xFF,0xFF,0xFF,0xFF,0xFF,0xFF,0xFF,0xFF,0xFF,0xFF,0xFF,0xFF,0xFF,0xFF,0xFF,0xFF,0xFF,0xFF,0xFF,0xFF,0xFF,0xFF,0xFF,0xFF,0xFF,0xBE,0xF7,0xBE,0xF7,0x5D,0xEF,0x14,0xA5,0x45,0x29,0x00,0x00,0x00,0x00,0x00,0x00,0x00,0x00,0x00,0x00,0x00,0x00,0x20,0x00,0x51,0x8C,
	0x5D,0xEF,0xFF,0xFF,0xFF,0xFF,0xBE,0xF7,0x5D,0xEF,0x5D,0xEF,0x5D,0xEF,0x5D,0xEF,0x5D,0xEF,0x5D,0xEF,0x5D,0xEF,0x5D,0xEF,0x5D,0xEF,0x5D,0xEF,0x5D,0xEF,0x5D,0xEF,0x5D,0xEF,0x5D,0xEF,0x5D,0xEF,0x5D,0xEF,0x5D,0xEF,0x5D,0xEF,0x5D,0xEF,0xBE,0xF7,0xFF,0xFF,0xFF,0xFF,0xD7,0xBD,0xE8,0x41,0x41,0x08,0x00,0x00,0x00,0x00,0x00,0x00,
	0x00,0x00,0x00,0x00,0x00,0x00,0x00,0x00,0x00,0x00,0xA2,0x10,0x4D,0x6B,0x9A,0xD6,0xFF,0xFF,0xFF,0xFF,0xBE,0xF7,0x5D,0xEF,0x5D,0xEF,0x5D,0xEF,0x5D,0xEF,0x5D,0xEF,0x5D,0xEF,0x5D,0xEF,0x5D,0xEF,0x5D,0xEF,0x5D,0xEF,0x5D,0xEF,0x5D,0xEF,0x5D,0xEF,0x5D,0xEF,0xBE,0xF7,0xFF,0xFF,0xFF,0xFF,0xBE,0xF7,0xD7,0xBD,0x45,0x29,0x00,0x00,
	0x00,0x00,0x00,0x00,0x00,0x00,0x00,0x00,0x00,0x00,0x20,0x00,0x51,0x8C,0x5D,0xEF,0xFF,0xFF,0x5D,0xEF,0xD7,0xBD,0x14,0xA5,0x51,0x8C,0x51,0x8C,0x51,0x8C,0x51,0x8C,0x51,0x8C,0x51,0x8C,0x51,0x8C,0x51,0x8C,0x51,0x8C,0x51,0x8C,0x51,0x8C,0x51,0x8C,0x51,0x8C,0x51,0x8C,0x51,0x8C,0x51,0x8C,0x51,0x8C,0x51,0x8C,0x9A,0xD6,0xFF,0xFF,
	0xFF,0xFF,0xD7,0xBD,0xE8,0x41,0x41,0x08,0x00,0x00,0x00,0x00,0x00,0x00,0x00,0x00,0x00,0x00,0x00,0x00,0x00,0x00,0x00,0x00,0xA2,0x10,0x4D,0x6B,0x9A,0xD6,0xFF,0xFF,0xBE,0xF7,0x9A,0xD6,0x51,0x8C,0x51,0x8C,0x51,0x8C,0x51,0x8C,0x51,0x8C,0x51,0x8C,0x51,0x8C,0x51,0x8C,0x51,0x8C,0x51,0x8C,0x51,0x8C,0x51,0x8C,0x51,0x8C,0x51,0x8C,
	0x14,0xA5,0x9A,0xD6,0xFF,0xFF,0xBE,0xF7,0xD7,0xBD,0x45,0x29,0x00,0x00,0x00,0x00,0x00,0x00,0x00,0x00,0x00,0x00,0x00,0x00,0x20,0x00,0x51,0x8C,0x5D,0xEF,0xFF,0xFF,0x9A,0xD6,0x51,0x8C,0xE8,0x41,0x45,0x29,0x45,0x29,0x45,0x29,0x45,0x29,0x45,0x29,0xE8,0x41,0x4D,0x6B,0x14,0xA5,0xD7,0xBD,0x14,0xA5,0x4D,0x6B,0x45,0x29,0x45,0x29,
	0x45,0x29,0x45,0x29,0x45,0x29,0x45,0x29,0xE8,0x41,0x14,0xA5,0xFF,0xFF,0xFF,0xFF,0xD7,0xBD,0xE8,0x41,0x41,0x08,0x00,0x00,0x00,0x00,0x00,0x00,0x00,0x00,0x00,0x00,0x00,0x00,0x00,0x00,0x00,0x00,0xA2,0x10,0x4D,0x6B,0x9A,0xD6,0xFF,0xFF,0x5D,0xEF,0x14,0xA5,0xE8,0x41,0x45,0x29,0xE8,0x41,0xE8,0x41,0xE8,0x41,0xE8,0x41,0xE8,0x41,
	0xE8,0x41,0xE8,0x41,0xE8,0x41,0xE8,0x41,0xE8,0x41,0xE8,0x41,0xE8,0x41,0x4D,0x6B,0xD7,0xBD,0xFF,0xFF,0xBE,0xF7,0xD7,0xBD,0x45,0x29,0x00,0x00,0x00,0x00,0x00,0x00,0x00,0x00,0x00,0x00,0x00,0x00,0x20,0x00,0x51,0x8C,0x5D,0xEF,0xFF,0xFF,0x9A,0xD6,0x4D,0x6B,0x41,0x08,0x00,0x00,0x41,0x08,0x41,0x08,0x41,0x08,0x41,0x08,0xA2,0x10,
	0x4D,0x6B,0x5D,0xEF,0xFF,0xFF,0x9A,0xD6,0xE8,0x41,0x41,0x08,0x41,0x08,0x41,0x08,0x41,0x08,0x20,0x00,0x00,0x00,0x00,0x00,0x51,0x8C,0xFF,0xFF,0xFF,0xFF,0xD7,0xBD,0xE8,0x41,0x41,0x08,0x00,0x00,0x00,0x00,0x00,0x00,0x00,0x00,0x00,0x00,0x00,0x00,0x00,0x00,0x00,0x00,0xA2,0x10,0x4D,0x6B,0x9A,0xD6,0xFF,0xFF,0x5D,0xEF,0x51,0x8C,
	0x00,0x00,0x00,0x00,0x00,0x00,0x00,0x00,0x00,0x00,0x00,0x00,0x00,0x00,0x00,0x00,0x00,0x00,0x00,0x00,0x00,0x00,0x00,0x00,0x00,0x00,0x00,0x00,0xE8,0x41,0x14,0xA5,0xBE,0xF7,0xBE,0xF7,0xD7,0xBD,0x45,0x29,0x00,0x00,0x00,0x00,0x00,0x00,0x00,0x00,0x00,0x00,0x00,0x00,0x20,0x00,0x51,0x8C,0x5D,0xEF,0xFF,0xFF,0x9A,0xD6,0x4D,0x6B,
	0x41,0x08,0x45,0x29,0x51,0x8C,0x51,0x8C,0x51,0x8C,0x51,0x8C,0x14,0xA5,0xD7,0xBD,0xBE,0xF7,0xFF,0xFF,0x5D,0xEF,0xD7,0xBD,0x51,0x8C,0x51,0x8C,0x51,0x8C,0x51,0x8C,0x4D,0x6B,0x45,0x29,0x00,0x00,0x51,0x8C,0xFF,0xFF,0xFF,0xFF,0xD7,0xBD,0xE8,0x41,0x41,0x08,0x00,0x00,0x00,0x00,0x00,0x00,0x00,0x00,0x00,0x00,0x00,0x00,0x00,0x00,
	0x00,0x00,0xA2,0x10,0x4D,0x6B,0x9A,0xD6,0xFF,0xFF,0x5D,0xEF,0x51,0x8C,0x20,0x00,0x00,0x00,0x00,0x00,0x00,0x00,0x00,0x00,0x00,0x00,0x00,0x00,0x00,0x00,0x00,0x00,0x00,0x00,0x00,0x00,0x00,0x00,0x00,0x00,0x00,0x00,0xE8,0x41,0x14,0xA5,0xBE,0xF7,0xBE,0xF7,0xD7,0xBD,0x45,0x29,0x00,0x00,0x00,0x00,0x00,0x00,0x00,0x00,0x00,0x00,
	0x00,0x00,0x20,0x00,0x51,0x8C,0x5D,0xEF,0xFF,0xFF,0x9A,0xD6,0x4D,0x6B,0x20,0x00,0xE8,0x41,0x5D,0xEF,0xBE,0xF7,0x5D,0xEF,0x5D,0xEF,0x5D,0xEF,0xBE,0xF7,0xFF,0xFF,0xFF,0xFF,0xFF,0xFF,0xBE,0xF7,0x5D,0xEF,0x5D,0xEF,0x5D,0xEF,0x5D,0xEF,0x14,0xA5,0xE8,0x41,0x00,0x00,0x51,0x8C,0xFF,0xFF,0xFF,0xFF,0xD7,0xBD,0xE8,0x41,0x41,0x08,
	0x00,0x00,0x00,0x00,0x00,0x00,0x00,0x00,0x00,0x00,0x00,0x00,0x00,0x00,0x00,0x00,0xA2,0x10,0x4D,0x6B,0x9A,0xD6,0xFF,0xFF,0x5D,0xEF,0x51,0x8C,0x20,0x00,0x00,0x00,0x00,0x00,0x00,0x00,0x00,0x00,0x00,0x00,0x00,0x00,0x00,0x00,0x00,0x00,0x00,0x00,0x00,0x00,0x00,0x00,0x00,0x00,0x00,0x00,0xE8,0x41,0x14,0xA5,0xBE,0xF7,0xBE,0xF7,
	0xD7,0xBD,0x45,0x29,0x00,0x00,0x00,0x00,0x00,0x00,0x00,0x00,0x00,0x00,0x00,0x00,0x20,0x00,0x51,0x8C,0x5D,0xEF,0xFF,0xFF,0x9A,0xD6,0x4D,0x6B,0x20,0x00,0xE8,0x41,0xFF,0xFF,0xFF,0xFF,0xFF,0xFF,0xFF,0xFF,0xFF,0xFF,0xFF,0xFF,0xFF,0xFF,0xFF,0xFF,0xFF,0xFF,0xFF,0xFF,0xFF,0xFF,0xFF,0xFF,0xFF,0xFF,0xFF,0xFF,0xD7,0xBD,0xE8,0x41,
	0x00,0x00,0x51,0x8C,0xFF,0xFF,0xFF,0xFF,0xD7,0xBD,0xE8,0x41,0x41,0x08,0x00,0x00,0x00,0x00,0x00,0x00,0x00,0x00,0x00,0x00,0x00,0x00,0x00,0x00,0x00,0x00,0xA2,0x10,0x4D,0x6B,0x9A,0xD6,0xFF,0xFF,0x5D,0xEF,0x51,0x8C,0x20,0x00,0x00,0x00,0x00,0x00,0x00,0x00,0x00,0x00,0x00,0x00,0x00,0x00,0x00,0x00,0x00,0x00,0x00,0x00,0x00,0x00,
	0x00,0x00,0x00,0x00,0x00,0x00,0xE8,0x41,0x14,0xA5,0xBE,0xF7,0xBE,0xF7,0xD7,0xBD,0x45,0x29,0x00,0x00,0x00,0x00,0x00,0x00,0x00,0x00,0x00,0x00,0x00,0x00,0x20,0x00,0x51,0x8C,0x5D,0xEF,0xFF,0xFF,0x9A,0xD6,0x4D,0x6B,0x41,0x08,0x45,0x29,0x51,0x8C,0x51,0x8C,0x51,0x8C,0x51,0x8C,0x51,0x8C,0xD7,0xBD,0x5D,0xEF,0xFF,0xFF,0x5D,0xEF,
	0x14,0xA5,0x51,0x8C,0x51,0x8C,0x51,0x8C,0x51,0x8C,0x4D,0x6B,0x45,0x29,0x00,0x00,0x51,0x8C,0xFF,0xFF,0xFF,0xFF,0xD7,0xBD,0xE8,0x41,0x41,0x08,0x00,0x00,0x00,0x00,0x00,0x00,0x00,0x00,0x00,0x00,0x00,0x00,0x00,0x00,0x00,0x00,0xA2,0x10,0x4D,0x6B,0x9A,0xD6,0xFF,0xFF,0x5D,0xEF,0x51,0x8C,0x20,0x00,0x00,0x00,0x00,0x00,0x00,0x00,
	0x00,0x00,0x00,0x00,0x00,0x00,0x00,0x00,0x00,0x00,0x00,0x00,0x00,0x00,0x00,0x00,0x00,0x00,0x00,0x00,0xE8,0x41,0x14,0xA5,0xBE,0xF7,0xBE,0xF7,0xD7,0xBD,0x45,0x29,0x00,0x00,0x00,0x00,0x00,0x00,0x00,0x00,0x00,0x00,0x00,0x00,0x20,0x00,0x51,0x8C,0x5D,0xEF,0xFF,0xFF,0x9A,0xD6,0x4D,0x6B,0xA2,0x10,0x41,0x08,0x45,0x29,0x45,0x29,
	0x45,0x29,0x45,0x29,0xE8,0x41,0x4D,0x6B,0x5D,0xEF,0xFF,0xFF,0x9A,0xD6,0x4D,0x6B,0x45,0x29,0x45,0x29,0x45,0x29,0x45,0x29,0x45,0x29,0x41,0x08,0x00,0x00,0x51,0x8C,0xFF,0xFF,0xFF,0xFF,0xD7,0xBD,0xE8,0x41,0x41,0x08,0x00,0x00,0x00,0x00,0x00,0x00,0x00,0x00,0x00,0x00,0x00,0x00,0x00,0x00,0x00,0x00,0xA2,0x10,0x4D,0x6B,0x9A,0xD6,
	0xFF,0xFF,0x5D,0xEF,0x51,0x8C,0x00,0x00,0x00,0x00,0x00,0x00,0x00,0x00,0x00,0x00,0x00,0x00,0x00,0x00,0x00,0x00,0x00,0x00,0x00,0x00,0x00,0x00,0x00,0x00,0x00,0x00,0x00,0x00,0xE8,0x41,0x14,0xA5,0xBE,0xF7,0xBE,0xF7,0xD7,0xBD,0x45,0x29,0x00,0x00,0x00,0x00,0x00,0x00,0x00,0x00,0x00,0x00,0x00,0x00,0x20,0x00,0x51,0x8C,0x5D,0xEF,
	0xFF,0xFF,0x9A,0xD6,0x4D,0x6B,0x45,0x29,0x45,0x29,0x45,0x29,0xE8,0x41,0x45,0x29,0x45,0x29,0xE8,0x41,0x4D,0x6B,0x5D,0xEF,0xFF,0xFF,0x9A,0xD6,0x4D,0x6B,0x45,0x29,0x45,0x29,0x45,0x29,0x45,0x29,0xE8,0x41,0xA2,0x10,0x20,0x00,0x51,0x8C,0xFF,0xFF,0xFF,0xFF,0xD7,0xBD,0xE8,0x41,0x41,0x08,0x00,0x00,0x00,0x00,0x00,0x00,0x00,0x00,
	0x00,0x00,0x00,0x00,0x00,0x00,0x00,0x00,0xA2,0x10,0x4D,0x6B,0x9A,0xD6,0xFF,0xFF,0x5D,0xEF,0x51,0x8C,0x00,0x00,0x00,0x00,0x00,0x00,0x00,0x00,0x00,0x00,0x00,0x00,0x00,0x00,0x00,0x00,0x00,0x00,0x00,0x00,0x00,0x00,0x00,0x00,0x00,0x00,0x00,0x00,0xE8,0x41,0x14,0xA5,0xBE,0xF7,0xBE,0xF7,0xD7,0xBD,0x45,0x29,0x00,0x00,0x00,0x00,
	0x00,0x00,0x00,0x00,0x00,0x00,0x00,0x00,0x20,0x00,0x51,0x8C,0x5D,0xEF,0xFF,0xFF,0xD7,0xBD,0x51,0x8C,0x4D,0x6B,0x51,0x8C,0x14,0xA5,0x14,0xA5,0x14,0xA5,0x14,0xA5,0x14,0xA5,0xD7,0xBD,0xBE,0xF7,0xFF,0xFF,0x5D,0xEF,0xD7,0xBD,0x51,0x8C,0x14,0xA5,0x14,0xA5,0x14,0xA5,0x14,0xA5,0x4D,0x6B,0x45,0x29,0x14,0xA5,0xFF,0xFF,0xFF,0xFF,
	0xD7,0xBD,0xE8,0x41,0x41,0x08,0x00,0x00,0x00,0x00,0x00,0x00,0x00,0x00,0x00,0x00,0x00,0x00,0x00,0x00,0x00,0x00,0xA2,0x10,0x4D,0x6B,0x9A,0xD6,0xFF,0xFF,0x5D,0xEF,0xD7,0xBD,0x4D,0x6B,0x4D,0x6B,0x4D,0x6B,0x4D,0x6B,0x4D,0x6B,0x4D,0x6B,0x4D,0x6B,0x4D,0x6B,0x4D,0x6B,0x4D,0x6B,0x4D,0x6B,0x4D,0x6B,0x4D,0x6B,0x4D,0x6B,0x14,0xA5,
	0x9A,0xD6,0xFF,0xFF,0xBE,0xF7,0xD7,0xBD,0x45,0x29,0x00,0x00,0x00,0x00,0x00,0x00,0x00,0x00,0x00,0x00,0x00,0x00,0x20,0x00,0x51,0x8C,0x5D,0xEF,0xFF,0xFF,0xD7,0xBD,0x51,0x8C,0x14,0xA5,0x9A,0xD6,0xFF,0xFF,0xFF,0xFF,0xFF,0xFF,0xFF,0xFF,0xFF,0xFF,0xFF,0xFF,0xFF,0xFF,0xFF,0xFF,0xFF,0xFF,0xFF,0xFF,0xFF,0xFF,0xFF,0xFF,0xFF,0xFF,
	0xFF,0xFF,0xFF,0xFF,0x9A,0xD6,0xE8,0x41,0x14,0xA5,0xFF,0xFF,0xFF,0xFF,0xD7,0xBD,0xE8,0x41,0x41,0x08,0x00,0x00,0x00,0x00,0x00,0x00,0x00,0x00,0x00,0x00,0x00,0x00,0x00,0x00,0x00,0x00,0xA2,0x10,0x4D,0x6B,0xD7,0xBD,0xFF,0xFF,0xFF,0xFF,0xFF,0xFF,0xFF,0xFF,0xFF,0xFF,0xFF,0xFF,0xFF,0xFF,0xFF,0xFF,0xFF,0xFF,0xFF,0xFF,0xFF,0xFF,
	0xFF,0xFF,0xFF,0xFF,0xFF,0xFF,0xFF,0xFF,0xFF,0xFF,0xFF,0xFF,0xFF,0xFF,0xFF,0xFF,0xFF,0xFF,0x5D,0xEF,0xD7,0xBD,0x45,0x29,0x00,0x00,0x00,0x00,0x00,0x00,0x00,0x00,0x00,0x00,0x00,0x00,0x20,0x00,0x51,0x8C,0x5D,0xEF,0xFF,0xFF,0xD7,0xBD,0x51,0x8C,0x14,0xA5,0xD7,0xBD,0x5D,0xEF,0x5D,0xEF,0x5D,0xEF,0x5D,0xEF,0x5D,0xEF,0x5D,0xEF,
	0x5D,0xEF,0x5D,0xEF,0x5D,0xEF,0x5D,0xEF,0x5D,0xEF,0x5D,0xEF,0x5D,0xEF,0x5D,0xEF,0x5D,0xEF,0xD7,0xBD,0xE8,0x41,0x14,0xA5,0xFF,0xFF,0xFF,0xFF,0xD7,0xBD,0xE8,0x41,0x41,0x08,0x00,0x00,0x00,0x00,0x00,0x00,0x00,0x00,0x00,0x00,0x00,0x00,0x00,0x00,0x00,0x00,0xA2,0x10,0x4D,0x6B,0xD7,0xBD,0xFF,0xFF,0xFF,0xFF,0xFF,0xFF,0xFF,0xFF,
	0xFF,0xFF,0xFF,0xFF,0xFF,0xFF,0xFF,0xFF,0xFF,0xFF,0xFF,0xFF,0xFF,0xFF,0xFF,0xFF,0xFF,0xFF,0xFF,0xFF,0xFF,0xFF,0xFF,0xFF,0xFF,0xFF,0xFF,0xFF,0xFF,0xFF,0xFF,0xFF,0x5D,0xEF,0xD7,0xBD,0x45,0x29,0x00,0x00,0x00,0x00,0x00,0x00,0x00,0x00,0x00,0x00,0x00,0x00,0x20,0x00,0x51,0x8C,0x5D,0xEF,0xFF,0xFF,0xD7,0xBD,0x51,0x8C,0x4D,0x6B,
	0x4D,0x6B,0x51,0x8C,0x51,0x8C,0x51,0x8C,0x51,0x8C,0x51,0x8C,0x51,0x8C,0x51,0x8C,0x51,0x8C,0x51,0x8C,0x51,0x8C,0x51,0x8C,0x51,0x8C,0x51,0x8C,0x51,0x8C,0x51,0x8C,0x4D,0x6B,0x45,0x29,0x51,0x8C,0xFF,0xFF,0xFF,0xFF,0xD7,0xBD,0xE8,0x41,0x41,0x08,0x00,0x00,0x00,0x00,0x00,0x00,0x00,0x00,0x00,0x00,0x00,0x00,0x00,0x00,0x00,0x00,
	0xA2,0x10,0x4D,0x6B,0xD7,0xBD,0xFF,0xFF,0xFF,0xFF,0x5D,0xEF,0x9A,0xD6,0x9A,0xD6,0x9A,0xD6,0x9A,0xD6,0x9A,0xD6,0x9A,0xD6,0x9A,0xD6,0x9A,0xD6,0x9A,0xD6,0x9A,0xD6,0x9A,0xD6,0x9A,0xD6,0x9A,0xD6,0x9A,0xD6,0x9A,0xD6,0x5D,0xEF,0xFF,0xFF,0x5D,0xEF,0xD7,0xBD,0x45,0x29,0x00,0x00,0x00,0x00,0x00,0x00,0x00,0x00,0x00,0x00,0x00,0x00,
	0x20,0x00,0x14,0xA5,0xFF,0xFF,0xFF,0xFF,0x9A,0xD6,0x4D,0x6B,0xA2,0x10,0x20,0x00,0x00,0x00,0x00,0x00,0x00,0x00,0x00,0x00,0x00,0x00,0x00,0x00,0x00,0x00,0x00,0x00,0x00,0x00,0x00,0x00,0x00,0x00,0x00,0x00,0x00,0x00,0x00,0x00,0x20,0x00,0x20,0x00,0x00,0x00,0x51,0x8C,0xFF,0xFF,0xFF,0xFF,0xD7,0xBD,0xE8,0x41,0x41,0x08,0x00,0x00,
	0x00,0x00,0x00,0x00,0x00,0x00,0x00,0x00,0x00,0x00,0x00,0x00,0x00,0x00,0xA2,0x10,0x4D,0x6B,0x9A,0xD6,0xFF,0xFF,0x5D,0xEF,0x14,0xA5,0xE8,0x41,0xE8,0x41,0xE8,0x41,0xE8,0x41,0xE8,0x41,0xE8,0x41,0xE8,0x41,0xE8,0x41,0xE8,0x41,0xE8,0x41,0xE8,0x41,0xE8,0x41,0xE8,0x41,0xE8,0x41,0x51,0x8C,0xD7,0xBD,0xFF,0xFF,0xBE,0xF7,0xD7,0xBD,
	0x45,0x29,0x00,0x00,0x00,0x00,0x00,0x00,0x00,0x00,0x00,0x00,0x00,0x00,0x20,0x00,0x14,0xA5,0xFF,0xFF,0xFF,0xFF,0xD7,0xBD,0xE8,0x41,0x20,0x00,0x45,0x29,0x51,0x8C,0x51,0x8C,0x51,0x8C,0x51,0x8C,0x51,0x8C,0x51,0x8C,0x51,0x8C,0x51,0x8C,0x51,0x8C,0x51,0x8C,0x51,0x8C,0x51,0x8C,0x51,0x8C,0x51,0x8C,0xE8,0x41,0x20,0x00,0x00,0x00,
	0x51,0x8C,0xFF,0xFF,0xFF,0xFF,0xD7,0xBD,0xE8,0x41,0x41,0x08,0x00,0x00,0x00,0x00,0x00,0x00,0x00,0x00,0x00,0x00,0x00,0x00,0x00,0x00,0x00,0x00,0xA2,0x10,0x4D,0x6B,0x9A,0xD6,0xFF,0xFF,0x5D,0xEF,0x51,0x8C,0xA2,0x10,0x41,0x08,0xA2,0x10,0xA2,0x10,0xA2,0x10,0xA2,0x10,0xA2,0x10,0xA2,0x10,0xA2,0x10,0xA2,0x10,0xA2,0x10,0xA2,0x10,
	0x41,0x08,0xA2,0x10,0x4D,0x6B,0x14,0xA5,0xBE,0xF7,0xBE,0xF7,0xD7,0xBD,0x45,0x29,0x00,0x00,0x00,0x00,0x00,0x00,0x00,0x00,0x00,0x00,0x00,0x00,0x20,0x00,0xD7,0xBD,0xFF,0xFF,0xFF,0xFF,0x14,0xA5,0xE8,0x41,0x00,0x00,0x4D,0x6B,0xFF,0xFF,0xFF,0xFF,0xFF,0xFF,0xFF,0xFF,0xFF,0xFF,0xFF,0xFF,0xFF,0xFF,0xFF,0xFF,0xFF,0xFF,0xFF,0xFF,
	0xFF,0xFF,0xFF,0xFF,0xFF,0xFF,0xFF,0xFF,0x51,0x8C,0xA2,0x10,0x00,0x00,0x51,0x8C,0xFF,0xFF,0xFF,0xFF,0xD7,0xBD,0xE8,0x41,0x41,0x08,0x00,0x00,0x00,0x00,0x00,0x00,0x00,0x00,0x00,0x00,0x00,0x00,0x00,0x00,0x00,0x00,0xA2,0x10,0x4D,0x6B,0x9A,0xD6,0xFF,0xFF,0x5D,0xEF,0x51,0x8C,0x20,0x00,0x00,0x00,0x00,0x00,0x00,0x00,0x00,0x00,
	0x00,0x00,0x00,0x00,0x00,0x00,0x00,0x00,0x00,0x00,0x00,0x00,0x00,0x00,0x00,0x00,0x00,0x00,0xE8,0x41,0x14,0xA5,0xBE,0xF7,0xBE,0xF7,0xD7,0xBD,0x45,0x29,0x00,0x00,0x00,0x00,0x00,0x00,0x00,0x00,0x00,0x00,0x00,0x00,0x20,0x00,0xD7,0xBD,0xFF,0xFF,0xFF,0xFF,0x14,0xA5,0x45,0x29,0x00,0x00,0x4D,0x6B,0xFF,0xFF,0xFF,0xFF,0xFF,0xFF,
	0xFF,0xFF,0xFF,0xFF,0xFF,0xFF,0xFF,0xFF,0xFF,0xFF,0xFF,0xFF,0xFF,0xFF,0xFF,0xFF,0xFF,0xFF,0xFF,0xFF,0xFF,0xFF,0x51,0x8C,0xA2,0x10,0x00,0x00,0x51,0x8C,0xFF,0xFF,0xFF,0xFF,0xD7,0xBD,0xE8,0x41,0x41,0x08,0x00,0x00,0x00,0x00,0x00,0x00,0x00,0x00,0x00,0x00,0x00,0x00,0x00,0x00,0x00,0x00,0xA2,0x10,0x4D,0x6B,0x9A,0xD6,0xFF,0xFF,
	0x5D,0xEF,0x51,0x8C,0x20,0x00,0x00,0x00,0x00,0x00,0x00,0x00,0x00,0x00,0x00,0x00,0x00,0x00,0x00,0x00,0x00,0x00,0x00,0x00,0x00,0x00,0x00,0x00,0x00,0x00,0x00,0x00,0xE8,0x41,0x14,0xA5,0xBE,0xF7,0xBE,0xF7,0xD7,0xBD,0x45,0x29,0x00,0x00,0x00,0x00,0x00,0x00,0x00,0x00,0x00,0x00,0x00,0x00,0xA2,0x10,0xD7,0xBD,0xFF,0xFF,0xFF,0xFF,
	0x14,0xA5,0x45,0x29,0x00,0x00,0x4D,0x6B,0xFF,0xFF,0xFF,0xFF,0xBE,0xF7,0xD7,0xBD,0x14,0xA5,0x14,0xA5,0x14,0xA5,0x14,0xA5,0x14,0xA5,0x14,0xA5,0x14,0xA5,0xBE,0xF7,0xFF,0xFF,0xBE,0xF7,0x51,0x8C,0xA2,0x10,0x00,0x00,0x51,0x8C,0xFF,0xFF,0xFF,0xFF,0xD7,0xBD,0xE8,0x41,0x41,0x08,0x00,0x00,0x00,0x00,0x00,0x00,0x00,0x00,0x00,0x00,
	0x00,0x00,0x00,0x00,0x00,0x00,0xA2,0x10,0x4D,0x6B,0x9A,0xD6,0xFF,0xFF,0x5D,0xEF,0x51,0x8C,0x20,0x00,0x00,0x00,0x00,0x00,0x00,0x00,0x00,0x00,0x00,0x00,0x00,0x00,0x00,0x00,0x00,0x00,0x00,0x00,0x00,0x00,0x00,0x00,0x00,0x00,0x00,0x00,0xE8,0x41,0x14,0xA5,0xBE,0xF7,0xBE,0xF7,0xD7,0xBD,0x45,0x29,0x00,0x00,0x00,0x00,0x00,0x00,
	0x00,0x00,0x00,0x00,0x41,0x08,0xE8,0x41,0xD7,0xBD,0xFF,0xFF,0xFF,0xFF,0x51,0x8C,0x41,0x08,0x00,0x00,0x4D,0x6B,0xFF,0xFF,0xFF,0xFF,0x9A,0xD6,0x4D,0x6B,0xA2,0x10,0x00,0x00,0x00,0x00,0x00,0x00,0x00,0x00,0x00,0x00,0x45,0x29,0x5D,0xEF,0xFF,0xFF,0xBE,0xF7,0x51,0x8C,0xA2,0x10,0x00,0x00,0x51,0x8C,0xFF,0xFF,0xFF,0xFF,0xD7,0xBD,
	0xE8,0x41,0x41,0x08,0x00,0x00,0x00,0x00,0x00,0x00,0x00,0x00,0x00,0x00,0x00,0x00,0x00,0x00,0x00,0x00,0xA2,0x10,0x4D,0x6B,0x9A,0xD6,0xFF,0xFF,0x5D,0xEF,0x51,0x8C,0x20,0x00,0x00,0x00,0x00,0x00,0x00,0x00,0x00,0x00,0x00,0x00,0x00,0x00,0x00,0x00,0x00,0x00,0x00,0x00,0x00,0x00,0x00,0x00,0x00,0x00,0x00,0x00,0xE8,0x41,0x14,0xA5,
	0xBE,0xF7,0xBE,0xF7,0xD7,0xBD,0x45,0x29,0x00,0x00,0x00,0x00,0x00,0x00,0x00,0x00,0x00,0x00,0xA2,0x10,0x4D,0x6B,0x9A,0xD6,0xFF,0xFF,0xFF,0xFF,0x51,0x8C,0x20,0x00,0x00,0x00,0x4D,0x6B,0xFF,0xFF,0xFF,0xFF,0x5D,0xEF,0x4D,0x6B,0x45,0x29,0xA2,0x10,0xA2,0x10,0xA2,0x10,0xA2,0x10,0x41,0x08,0xE8,0x41,0x5D,0xEF,0xFF,0xFF,0xBE,0xF7,
	0x51,0x8C,0xA2,0x10,0x00,0x00,0x51,0x8C,0xFF,0xFF,0xFF,0xFF,0xD7,0xBD,0xE8,0x41,0x41,0x08,0x00,0x00,0x00,0x00,0x00,0x00,0x00,0x00,0x00,0x00,0x00,0x00,0x00,0x00,0x00,0x00,0xA2,0x10,0x4D,0x6B,0x9A,0xD6,0xFF,0xFF,0x5D,0xEF,0x51,0x8C,0x20,0x00,0x00,0x00,0x00,0x00,0x00,0x00,0x00,0x00,0x00,0x00,0x00,0x00,0x00,0x00,0x00,0x00,
	0x00,0x00,0x00,0x00,0x00,0x00,0x00,0x00,0x00,0x00,0xE8,0x41,0x14,0xA5,0xBE,0xF7,0xBE,0xF7,0xD7,0xBD,0x45,0x29,0x00,0x00,0x00,0x00,0x00,0x00,0x00,0x00,0x00,0x00,0x45,0x29,0x4D,0x6B,0x9A,0xD6,0xFF,0xFF,0xBE,0xF7,0x4D,0x6B,0x00,0x00,0x00,0x00,0x4D,0x6B,0xFF,0xFF,0xFF,0xFF,0x5D,0xEF,0x14,0xA5,0x51,0x8C,0x4D,0x6B,0x4D,0x6B,
	0x4D,0x6B,0x4D,0x6B,0x4D,0x6B,0x51,0x8C,0x5D,0xEF,0xFF,0xFF,0xFF,0xFF,0x51,0x8C,0xA2,0x10,0x00,0x00,0x51,0x8C,0xFF,0xFF,0xFF,0xFF,0xD7,0xBD,0xE8,0x41,0x41,0x08,0x00,0x00,0x00,0x00,0x00,0x00,0x00,0x00,0x00,0x00,0x00,0x00,0x00,0x00,0x00,0x00,0xA2,0x10,0x4D,0x6B,0x9A,0xD6,0xFF,0xFF,0x5D,0xEF,0x51,0x8C,0x20,0x00,0x00,0x00,
	0x00,0x00,0x00,0x00,0x00,0x00,0x00,0x00,0x00,0x00,0x00,0x00,0x00,0x00,0x00,0x00,0x00,0x00,0x00,0x00,0x00,0x00,0x00,0x00,0xE8,0x41,0x14,0xA5,0xBE,0xF7,0xBE,0xF7,0xD7,0xBD,0x45,0x29,0x00,0x00,0x00,0x00,0x00,0x00,0x00,0x00,0x00,0x00,0x45,0x29,0x14,0xA5,0x5D,0xEF,0xFF,0xFF,0x9A,0xD6,0x4D,0x6B,0x00,0x00,0x00,0x00,0x4D,0x6B,
	0xFF,0xFF,0xFF,0xFF,0xFF,0xFF,0xBE,0xF7,0xBE,0xF7,0xBE,0xF7,0xBE,0xF7,0xBE,0xF7,0xBE,0xF7,0xBE,0xF7,0xBE,0xF7,0xFF,0xFF,0xFF,0xFF,0xFF,0xFF,0x51,0x8C,0xA2,0x10,0x00,0x00,0x51,0x8C,0xFF,0xFF,0xFF,0xFF,0xD7,0xBD,0xE8,0x41,0x41,0x08,0x00,0x00,0x00,0x00,0x00,0x00,0x00,0x00,0x00,0x00,0x00,0x00,0x00,0x00,0x00,0x00,0xA2,0x10,
	0x4D,0x6B,0x9A,0xD6,0xFF,0xFF,0x5D,0xEF,0x51,0x8C,0x00,0x00,0x00,0x00,0x00,0x00,0x00,0x00,0x00,0x00,0x00,0x00,0x00,0x00,0x00,0x00,0x00,0x00,0x00,0x00,0x00,0x00,0x00,0x00,0x00,0x00,0x00,0x00,0xE8,0x41,0x14,0xA5,0xBE,0xF7,0xBE,0xF7,0xD7,0xBD,0x45,0x29,0x00,0x00,0x00,0x00,0x00,0x00,0x00,0x00,0x00,0x00,0xE8,0x41,0xD7,0xBD,
	0xBE,0xF7,0xBE,0xF7,0x14,0xA5,0xE8,0x41,0x00,0x00,0x00,0x00,0x4D,0x6B,0x5D,0xEF,0xBE,0xF7,0x5D,0xEF,0xBE,0xF7,0xBE,0xF7,0xBE,0xF7,0xBE,0xF7,0xBE,0xF7,0xBE,0xF7,0xBE,0xF7,0xBE,0xF7,0x5D,0xEF,0x5D,0xEF,0x5D,0xEF,0x4D,0x6B,0xA2,0x10,0x00,0x00,0x51,0x8C,0xFF,0xFF,0xFF,0xFF,0xD7,0xBD,0xE8,0x41,0x41,0x08,0x00,0x00,0x00,0x00,
	0x00,0x00,0x00,0x00,0x00,0x00,0x00,0x00,0x00,0x00,0x00,0x00,0xA2,0x10,0x4D,0x6B,0x9A,0xD6,0xFF,0xFF,0x5D,0xEF,0x14,0xA5,0x4D,0x6B,0x4D,0x6B,0x4D,0x6B,0x4D,0x6B,0x4D,0x6B,0x4D,0x6B,0x4D,0x6B,0x4D,0x6B,0x4D,0x6B,0x4D,0x6B,0x4D,0x6B,0x4D,0x6B,0x4D,0x6B,0x4D,0x6B,0x51,0x8C,0xD7,0xBD,0xFF,0xFF,0xBE,0xF7,0xD7,0xBD,0x45,0x29,
	0x00,0x00,0x00,0x00,0x00,0x00,0x00,0x00,0x20,0x00,0x4D,0x6B,0x5D,0xEF,0xFF,0xFF,0x5D,0xEF,0x51,0x8C,0x45,0x29,0x00,0x00,0x00,0x00,0xE8,0x41,0xD7,0xBD,0xD7,0xBD,0x14,0xA5,0x14,0xA5,0x14,0xA5,0x14,0xA5,0x14,0xA5,0x14,0xA5,0x14,0xA5,0x14,0xA5,0x14,0xA5,0xD7,0xBD,0xD7,0xBD,0x14,0xA5,0x4D,0x6B,0xA2,0x10,0x00,0x00,0x51,0x8C,
	0xFF,0xFF,0xFF,0xFF,0xD7,0xBD,0xE8,0x41,0x41,0x08,0x00,0x00,0x00,0x00,0x00,0x00,0x00,0x00,0x00,0x00,0x00,0x00,0x00,0x00,0x00,0x00,0xA2,0x10,0x4D,0x6B,0xD7,0xBD,0xFF,0xFF,0xFF,0xFF,0x5D,0xEF,0x9A,0xD6,0x9A,0xD6,0x9A,0xD6,0x9A,0xD6,0x9A,0xD6,0x9A,0xD6,0x9A,0xD6,0x9A,0xD6,0x9A,0xD6,0x9A,0xD6,0x9A,0xD6,0x9A,0xD6,0x9A,0xD6,
	0x9A,0xD6,0x9A,0xD6,0x5D,0xEF,0xFF,0xFF,0x5D,0xEF,0xD7,0xBD,0x45,0x29,0x00,0x00,0x00,0x00,0x00,0x00,0x00,0x00,0x45,0x29,0x51,0x8C,0xFF,0xFF,0xFF,0xFF,0x9A,0xD6,0xE8,0x41,0xA2,0x10,0x00,0x00,0x00,0x00,0x41,0x08,0x45,0x29,0x45,0x29,0x45,0x29,0x45,0x29,0x45,0x29,0x45,0x29,0x45,0x29,0x45,0x29,0x45,0x29,0x45,0x29,0x45,0x29,
	0xE8,0x41,0xE8,0x41,0xE8,0x41,0x45,0x29,0x41,0x08,0x20,0x00,0x51,0x8C,0xFF,0xFF,0xFF,0xFF,0xD7,0xBD,0xE8,0x41,0x41,0x08,0x00,0x00,0x00,0x00,0x00,0x00,0x00,0x00,0x00,0x00,0x00,0x00,0x00,0x00,0x00,0x00,0xA2,0x10,0x4D,0x6B,0xD7,0xBD,0xFF,0xFF,0xFF,0xFF,0xFF,0xFF,0xFF,0xFF,0xFF,0xFF,0xFF,0xFF,0xFF,0xFF,0xFF,0xFF,0xFF,0xFF,
	0xFF,0xFF,0xFF,0xFF,0xFF,0xFF,0xFF,0xFF,0xFF,0xFF,0xFF,0xFF,0xFF,0xFF,0xFF,0xFF,0xFF,0xFF,0xFF,0xFF,0xFF,0xFF,0x5D,0xEF,0xD7,0xBD,0x45,0x29,0x00,0x00,0x00,0x00,0x00,0x00,0x00,0x00,0xE8,0x41,0x14,0xA5,0xFF,0xFF,0xFF,0xFF,0xD7,0xBD,0x45,0x29,0x20,0x00,0x00,0x00,0x00,0x00,0x00,0x00,0x00,0x00,0x00,0x00,0x00,0x00,0x00,0x00,
	0x00,0x00,0x00,0x00,0x00,0x00,0x00,0x00,0x00,0x00,0x00,0x00,0x00,0x00,0x41,0x08,0xE8,0x41,0x4D,0x6B,0x4D,0x6B,0x4D,0x6B,0x4D,0x6B,0xD7,0xBD,0xFF,0xFF,0xFF,0xFF,0xD7,0xBD,0xE8,0x41,0x41,0x08,0x00,0x00,0x00,0x00,0x00,0x00,0x00,0x00,0x00,0x00,0x00,0x00,0x00,0x00,0x00,0x00,0xA2,0x10,0x4D,0x6B,0xD7,0xBD,0xFF,0xFF,0xFF,0xFF,
	0xBE,0xF7,0x5D,0xEF,0x5D,0xEF,0x5D,0xEF,0x5D,0xEF,0x5D,0xEF,0x5D,0xEF,0x5D,0xEF,0x5D,0xEF,0x5D,0xEF,0x5D,0xEF,0x5D,0xEF,0x5D,0xEF,0x5D,0xEF,0x5D,0xEF,0x5D,0xEF,0xBE,0xF7,0xFF,0xFF,0x5D,0xEF,0xD7,0xBD,0x45,0x29,0x00,0x00,0x00,0x00,0x00,0x00,0x00,0x00,0x51,0x8C,0xD7,0xBD,0xFF,0xFF,0xFF,0xFF,0x14,0xA5,0x41,0x08,0x00,0x00,
	0x00,0x00,0x00,0x00,0x00,0x00,0x00,0x00,0x00,0x00,0x00,0x00,0x00,0x00,0x00,0x00,0x00,0x00,0x00,0x00,0x00,0x00,0x00,0x00,0x00,0x00,0x20,0x00,0xA2,0x10,0x51,0x8C,0xFF,0xFF,0xFF,0xFF,0xFF,0xFF,0xFF,0xFF,0xFF,0xFF,0xFF,0xFF,0xFF,0xFF,0xD7,0xBD,0xE8,0x41,0x41,0x08,0x00,0x00,0x00,0x00,0x00,0x00,0x00,0x00,0x00,0x00,0x00,0x00,
	0x00,0x00,0x00,0x00,0xA2,0x10,0x4D,0x6B,0x9A,0xD6,0xFF,0xFF,0xBE,0xF7,0x9A,0xD6,0x51,0x8C,0x51,0x8C,0x51,0x8C,0x51,0x8C,0x51,0x8C,0x51,0x8C,0x51,0x8C,0x51,0x8C,0x51,0x8C,0x51,0x8C,0x51,0x8C,0x51,0x8C,0x51,0x8C,0x51,0x8C,0x14,0xA5,0x9A,0xD6,0xFF,0xFF,0xBE,0xF7,0xD7,0xBD,0x45,0x29,0x00,0x00,0x00,0x00,0x00,0x00,0x00,0x00,
	0x45,0x29,0x4D,0x6B,0xD7,0xBD,0xD7,0xBD,0x4D,0x6B,0x20,0x00,0x00,0x00,0x00,0x00,0x00,0x00,0x00,0x00,0x00,0x00,0x00,0x00,0x00,0x00,0x00,0x00,0x00,0x00,0x00,0x00,0x00,0x00,0x00,0x00,0x00,0x00,0x00,0x00,0x00,0x00,0x41,0x08,0x4D,0x6B,0xFF,0xFF,0xFF,0xFF,0xFF,0xFF,0xFF,0xFF,0xFF,0xFF,0x5D,0xEF,0x9A,0xD6,0x4D,0x6B,0xA2,0x10,
	0x20,0x00,0x00,0x00,0x00,0x00,0x00,0x00,0x00,0x00,0x00,0x00,0x00,0x00,0x00,0x00,0x00,0x00,0xA2,0x10,0x4D,0x6B,0x9A,0xD6,0xFF,0xFF,0x5D,0xEF,0x14,0xA5,0x45,0x29,0x45,0x29,0x45,0x29,0x45,0x29,0x45,0x29,0x45,0x29,0x45,0x29,0x45,0x29,0x45,0x29,0x45,0x29,0x45,0x29,0x45,0x29,0x45,0x29,0x45,0x29,0x4D,0x6B,0xD7,0xBD,0xFF,0xFF,
	0xBE,0xF7,0xD7,0xBD,0x45,0x29,0x00,0x00,0x00,0x00,0x00,0x00,0x00,0x00,0x00,0x00,0xE8,0x41,0x14,0xA5,0x4D,0x6B,0xE8,0x41,0x20,0x00,0x00,0x00,0x00,0x00,0x00,0x00,0x00,0x00,0x00,0x00,0x00,0x00,0x00,0x00,0x00,0x00,0x00,0x00,0x00,0x00,0x00,0x00,0x00,0x00,0x00,0x00,0x00,0x00,0x00,0x00,0x00,0x00,0x4D,0x6B,0xBE,0xF7,0xFF,0xFF,
	0xFF,0xFF,0xFF,0xFF,0xFF,0xFF,0x5D,0xEF,0x14,0xA5,0xE8,0x41,0x00,0x00,0x00,0x00,0x00,0x00,0x00,0x00,0x00,0x00,0x00,0x00,0x00,0x00,0x00,0x00,0x00,0x00,0x00,0x00,0xA2,0x10,0x4D,0x6B,0x9A,0xD6,0xFF,0xFF,0x5D,0xEF,0x51,0x8C,0x00,0x00,0x00,0x00,0x00,0x00,0x00,0x00,0x00,0x00,0x00,0x00,0x00,0x00,0x00,0x00,0x00,0x00,0x00,0x00,
	0x00,0x00,0x00,0x00,0x00,0x00,0x00,0x00,0xE8,0x41,0x14,0xA5,0xBE,0xF7,0xBE,0xF7,0xD7,0xBD,0x45,0x29,0x00,0x00,0x00,0x00,0x00,0x00,0x00,0x00,

	// Alpha Channel 
	0x00,0xFF,0xFF,0xFF,0x00,0x00,0x00,0x00,0x00,0x00,0x00,0x00,0x00,0x00,0x00,0x00,0x00,0x00,0x00,0x00,0x00,0x00,0x00,0xFF,0xFF,0xFF,0xFF,0xFF,0xFF,0xFF,0x00,0x00,0x00,0x00,0x00,0x00,0x00,0x00,0x00,0x00,0xFF,0xFF,0x00,0x00,0x00,0x00,0x00,0x00,0x00,0x00,0x00,0x00,0x00,0x00,0x00,0x00,0x00,0x00,0x00,0x00,0x00,0x00,0x00,0x00,
	0x00,0x00,0xFF,0xFF,0x00,0x00,0x00,0x00,0x00,0x00,0xFF,0xFF,0xFF,0xFF,0xFF,0xFF,0xFF,0xFF,0xFF,0xFF,0xFF,0xFF,0xFF,0xFF,0xFF,0xFF,0xFF,0xFF,0xFF,0xFF,0xFF,0xFF,0xFF,0xFF,0xFF,0xFF,0xFF,0xFF,0xFF,0xFF,0x00,0x00,0x00,0x00,0x00,0x00,0x00,0x00,0x00,0xFF,0xFF,0xFF,0xFF,0xFF,0xFF,0xFF,0xFF,0xFF,0xFF,0xFF,0xFF,0xFF,0xFF,0xFF,
	0xFF,0xFF,0xFF,0xFF,0xFF,0xFF,0xFF,0xFF,0xFF,0xFF,0x00,0x00,0x00,0x00,0x00,0x00,0xFF,0xFF,0xFF,0xFF,0xFF,0xFF,0xFF,0xFF,0xFF,0xFF,0xFF,0xFF,0xFF,0xFF,0xFF,0xFF,0xFF,0xFF,0xFF,0xFF,0xFF,0xFF,0xFF,0xFF,0xFF,0xFF,0xFF,0xFF,0xFF,0xFF,0xFF,0x00,0x00,0x00,0x00,0x00,0x00,0x00,0x00,0xFF,0xFF,0xFF,0xFF,0xFF,0xFF,0xFF,0xFF,0xFF,
	0xFF,0xFF,0xFF,0xFF,0xFF,0xFF,0xFF,0xFF,0xFF,0xFF,0xFF,0xFF,0xFF,0xFF,0xFF,0xFF,0xFF,0x00,0x00,0x00,0x00,0x00,0x00,0xFF,0xFF,0xFF,0xFF,0xFF,0xFF,0xFF,0xFF,0xFF,0xFF,0xFF,0xFF,0xFF,0xFF,0xFF,0xFF,0xFF,0xFF,0xFF,0xFF,0xFF,0xFF,0xFF,0xFF,0xFF,0xFF,0xFF,0xFF,0xFF,0xFF,0xFF,0x00,0x00,0x00,0x00,0x00,0x00,0x00,0x00,0xFF,0xFF,
	0xFF,0xFF,0xFF,0xFF,0xFF,0xFF,0xFF,0xFF,0xFF,0xFF,0xFF,0xFF,0xFF,0xFF,0xFF,0xFF,0xFF,0xFF,0xFF,0xFF,0xFF,0xFF,0xFF,0xFF,0x00,0x00,0x00,0x00,0x00,0x00,0xFF,0xFF,0xFF,0xFF,0xFF,0xFF,0xFF,0xFF,0xFF,0xFF,0xFF,0xFF,0xFF,0xFF,0xFF,0xFF,0xFF,0xFF,0xFF,0xFF,0xFF,0xFF,0xFF,0xFF,0xFF,0xFF,0xFF,0xFF,0xFF,0xFF,0xFF,0x00,0x00,0x00,
	0x00,0x00,0x00,0x00,0x00,0xFF,0xFF,0xFF,0xFF,0xFF,0xFF,0xFF,0xFF,0xFF,0xFF,0xFF,0xFF,0xFF,0xFF,0xFF,0xFF,0xFF,0xFF,0xFF,0xFF,0xFF,0xFF,0xFF,0xFF,0xFF,0xFF,0x00,0x00,0x00,0x00,0x00,0x00,0xFF,0xFF,0xFF,0xFF,0xFF,0xFF,0xFF,0xFF,0xFF,0xFF,0xFF,0xFF,0xFF,0xFF,0xFF,0xFF,0xFF,0xFF,0xFF,0xFF,0xFF,0xFF,0xFF,0xFF,0xFF,0xFF,0xFF,
	0xFF,0xFF,0xFF,0xFF,0x00,0x00,0x00,0x00,0x00,0x00,0x00,0x00,0xFF,0xFF,0xFF,0xFF,0xFF,0xFF,0xFF,0xFF,0xFF,0xFF,0xFF,0xFF,0xFF,0xFF,0xFF,0xFF,0xFF,0xFF,0xFF,0xFF,0xFF,0xFF,0xFF,0xFF,0xFF,0xFF,0x00,0x00,0x00,0x00,0x00,0x00,0xFF,0xFF,0xFF,0xFF,0xFF,0xFF,0xFF,0xFF,0xFF,0xFF,0xFF,0xFF,0xFF,0xFF,0xFF,0xFF,0xFF,0xFF,0xFF,0xFF,
	0xFF,0xFF,0xFF,0xFF,0xFF,0xFF,0xFF,0xFF,0xFF,0xFF,0xFF,0x00,0x00,0x00,0x00,0x00,0x00,0x00,0x00,0xFF,0xFF,0xFF,0xFF,0xFF,0xFF,0xFF,0xFF,0xFF,0xFF,0xFF,0xFF,0xFF,0xFF,0xFF,0xFF,0xFF,0xFF,0xFF,0xFF,0xFF,0xFF,0xFF,0xFF,0xFF,0xFF,0x00,0x00,0x00,0x00,0x00,0x00,0xFF,0xFF,0xFF,0xFF,0xFF,0xFF,0xFF,0x00,0xFF,0xFF,0xFF,0xFF,0xFF,
	0xFF,0xFF,0xFF,0xFF,0xFF,0xFF,0xFF,0xFF,0xFF,0xFF,0x00,0x00,0xFF,0xFF,0xFF,0xFF,0xFF,0xFF,0x00,0x00,0x00,0x00,0x00,0x00,0x00,0x00,0xFF,0xFF,0xFF,0xFF,0xFF,0xFF,0x00,0x00,0x00,0x00,0x00,0x00,0x00,0x00,0x00,0x00,0x00,0x00,0x00,0x00,0xFF,0xFF,0xFF,0xFF,0xFF,0xFF,0x00,0x00,0x00,0x00,0x00,0x00,0xFF,0xFF,0xFF,0xFF,0xFF,0xFF,
	0xFF,0xFF,0xFF,0xFF,0xFF,0xFF,0xFF,0xFF,0xFF,0xFF,0xFF,0xFF,0xFF,0xFF,0xFF,0xFF,0xFF,0xFF,0x00,0xFF,0xFF,0xFF,0xFF,0xFF,0xFF,0x00,0x00,0x00,0x00,0x00,0x00,0x00,0x00,0xFF,0xFF,0xFF,0xFF,0xFF,0xFF,0xFF,0x00,0x00,0x00,0x00,0x00,0x00,0x00,0x00,0x00,0x00,0x00,0x00,0x00,0xFF,0xFF,0xFF,0xFF,0xFF,0xFF,0x00,0x00,0x00,0x00,0x00,
	0x00,0xFF,0xFF,0xFF,0xFF,0xFF,0xFF,0xFF,0xFF,0xFF,0xFF,0xFF,0xFF,0xFF,0xFF,0xFF,0xFF,0xFF,0xFF,0xFF,0xFF,0xFF,0xFF,0xFF,0xFF,0x00,0xFF,0xFF,0xFF,0xFF,0xFF,0xFF,0x00,0x00,0x00,0x00,0x00,0x00,0x00,0x00,0xFF,0xFF,0xFF,0xFF,0xFF,0xFF,0xFF,0x00,0x00,0x00,0x00,0x00,0x00,0x00,0x00,0x00,0x00,0x00,0x00,0x00,0xFF,0xFF,0xFF,0xFF,
	0xFF,0xFF,0x00,0x00,0x00,0x00,0x00,0x00,0xFF,0xFF,0xFF,0xFF,0xFF,0xFF,0xFF,0xFF,0xFF,0xFF,0xFF,0xFF,0xFF,0xFF,0xFF,0xFF,0xFF,0xFF,0xFF,0xFF,0xFF,0xFF,0xFF,0xFF,0x00,0xFF,0xFF,0xFF,0xFF,0xFF,0xFF,0x00,0x00,0x00,0x00,0x00,0x00,0x00,0x00,0xFF,0xFF,0xFF,0xFF,0xFF,0xFF,0xFF,0x00,0x00,0x00,0x00,0x00,0x00,0x00,0x00,0x00,0x00,
	0x00,0x00,0x00,0xFF,0xFF,0xFF,0xFF,0xFF,0xFF,0x00,0x00,0x00,0x00,0x00,0x00,0xFF,0xFF,0xFF,0xFF,0xFF,0xFF,0xFF,0xFF,0xFF,0xFF,0xFF,0xFF,0xFF,0xFF,0xFF,0xFF,0xFF,0xFF,0xFF,0xFF,0xFF,0xFF,0xFF,0xFF,0x00,0xFF,0xFF,0xFF,0xFF,0xFF,0xFF,0x00,0x00,0x00,0x00,0x00,0x00,0x00,0x00,0xFF,0xFF,0xFF,0xFF,0xFF,0xFF,0xFF,0x00,0x00,0x00,
	0x00,0x00,0x00,0x00,0x00,0x00,0x00,0x00,0x00,0x00,0xFF,0xFF,0xFF,0xFF,0xFF,0xFF,0x00,0x00,0x00,0x00,0x00,0x00,0xFF,0xFF,0xFF,0xFF,0xFF,0xFF,0xFF,0xFF,0xFF,0xFF,0xFF,0xFF,0xFF,0xFF,0xFF,0xFF,0xFF,0xFF,0xFF,0xFF,0xFF,0xFF,0xFF,0xFF,0x00,0xFF,0xFF,0xFF,0xFF,0xFF,0xFF,0x00,0x00,0x00,0x00,0x00,0x00,0x00,0x00,0xFF,0xFF,0xFF,
	0xFF,0xFF,0xFF,0x00,0x00,0x00,0x00,0x00,0x00,0x00,0x00,0x00,0x00,0x00,0x00,0x00,0x00,0xFF,0xFF,0xFF,0xFF,0xFF,0xFF,0x00,0x00,0x00,0x00,0x00,0x00,0xFF,0xFF,0xFF,0xFF,0xFF,0xFF,0xFF,0xFF,0xFF,0xFF,0xFF,0xFF,0xFF,0xFF,0xFF,0xFF,0xFF,0xFF,0xFF,0xFF,0xFF,0xFF,0xFF,0xFF,0xFF,0xFF,0xFF,0xFF,0xFF,0xFF,0xFF,0x00,0x00,0x00,0x00,
	0x00,0x00,0x00,0x00,0xFF,0xFF,0xFF,0xFF,0xFF,0xFF,0x00,0x00,0x00,0x00,0x00,0x00,0x00,0x00,0x00,0x00,0x00,0x00,0x00,0x00,0xFF,0xFF,0xFF,0xFF,0xFF,0xFF,0x00,0x00,0x00,0x00,0x00,0x00,0xFF,0xFF,0xFF,0xFF,0xFF,0xFF,0xFF,0xFF,0xFF,0xFF,0xFF,0xFF,0xFF,0xFF,0xFF,0xFF,0xFF,0xFF,0xFF,0xFF,0xFF,0xFF,0xFF,0xFF,0xFF,0xFF,0xFF,0xFF,
	0xFF,0xFF,0xFF,0x00,0x00,0x00,0x00,0x00,0x00,0x00,0x00,0xFF,0xFF,0xFF,0xFF,0xFF,0xFF,0xFF,0xFF,0xFF,0xFF,0xFF,0xFF,0xFF,0xFF,0xFF,0xFF,0xFF,0xFF,0xFF,0xFF,0xFF,0xFF,0xFF,0xFF,0xFF,0xFF,0x00,0x00,0x00,0x00,0x00,0x00,0xFF,0xFF,0xFF,0xFF,0xFF,0xFF,0xFF,0xFF,0xFF,0xFF,0xFF,0xFF,0xFF,0xFF,0xFF,0xFF,0xFF,0xFF,0xFF,0xFF,0xFF,
	0xFF,0xFF,0xFF,0xFF,0xFF,0xFF,0xFF,0xFF,0xFF,0xFF,0x00,0x00,0x00,0x00,0x00,0x00,0x00,0x00,0xFF,0xFF,0xFF,0xFF,0xFF,0xFF,0xFF,0xFF,0xFF,0xFF,0xFF,0xFF,0xFF,0xFF,0xFF,0xFF,0xFF,0xFF,0xFF,0xFF,0xFF,0xFF,0xFF,0xFF,0xFF,0xFF,0x00,0x00,0x00,0x00,0x00,0x00,0xFF,0xFF,0xFF,0xFF,0xFF,0xFF,0xFF,0xFF,0xFF,0xFF,0xFF,0xFF,0xFF,0xFF,
	0xFF,0xFF,0xFF,0xFF,0xFF,0xFF,0xFF,0xFF,0xFF,0xFF,0xFF,0xFF,0xFF,0xFF,0xFF,0xFF,0xFF,0x00,0x00,0x00,0x00,0x00,0x00,0x00,0x00,0xFF,0xFF,0xFF,0xFF,0xFF,0xFF,0xFF,0xFF,0xFF,0xFF,0xFF,0xFF,0xFF,0xFF,0xFF,0xFF,0xFF,0xFF,0xFF,0xFF,0xFF,0xFF,0xFF,0xFF,0xFF,0xFF,0x00,0x00,0x00,0x00,0x00,0x00,0xFF,0xFF,0xFF,0xFF,0xFF,0xFF,0xFF,
	0xFF,0xFF,0xFF,0xFF,0xFF,0xFF,0xFF,0xFF,0xFF,0xFF,0xFF,0xFF,0xFF,0xFF,0xFF,0xFF,0xFF,0xFF,0xFF,0xFF,0xFF,0xFF,0xFF,0xFF,0x00,0x00,0x00,0x00,0x00,0x00,0x00,0x00,0xFF,0xFF,0xFF,0xFF,0xFF,0xFF,0xFF,0xFF,0xFF,0xFF,0xFF,0xFF,0xFF,0xFF,0xFF,0xFF,0xFF,0xFF,0xFF,0xFF,0xFF,0xFF,0xFF,0xFF,0xFF,0xFF,0x00,0x00,0x00,0x00,0x00,0x00,
	0xFF,0xFF,0xFF,0xFF,0xFF,0xFF,0xFF,0xFF,0x00,0x00,0x00,0x00,0x00,0x00,0x00,0x00,0x00,0x00,0x00,0x00,0x00,0x00,0xFF,0xFF,0x00,0xFF,0xFF,0xFF,0xFF,0xFF,0xFF,0x00,0x00,0x00,0x00,0x00,0x00,0x00,0x00,0xFF,0xFF,0xFF,0xFF,0xFF,0xFF,0xFF,0xFF,0xFF,0xFF,0xFF,0xFF,0xFF,0xFF,0xFF,0xFF,0xFF,0xFF,0xFF,0xFF,0xFF,0xFF,0xFF,0xFF,0xFF,
	0xFF,0x00,0x00,0x00,0x00,0x00,0x00,0xFF,0xFF,0xFF,0xFF,0xFF,0xFF,0xFF,0xFF,0xFF,0xFF,0xFF,0xFF,0xFF,0xFF,0xFF,0xFF,0xFF,0xFF,0xFF,0xFF,0xFF,0xFF,0xFF,0xFF,0x00,0xFF,0xFF,0xFF,0xFF,0xFF,0xFF,0x00,0x00,0x00,0x00,0x00,0x00,0x00,0x00,0xFF,0xFF,0xFF,0xFF,0xFF,0xFF,0xFF,0xFF,0xFF,0xFF,0xFF,0xFF,0xFF,0xFF,0xFF,0xFF,0xFF,0xFF,
	0xFF,0xFF,0xFF,0xFF,0xFF,0xFF,0xFF,0xFF,0x00,0x00,0x00,0x00,0x00,0x00,0xFF,0xFF,0xFF,0xFF,0xFF,0xFF,0x00,0xFF,0xFF,0xFF,0xFF,0xFF,0xFF,0xFF,0xFF,0xFF,0xFF,0xFF,0xFF,0xFF,0xFF,0xFF,0xFF,0xFF,0x00,0xFF,0xFF,0xFF,0xFF,0xFF,0xFF,0x00,0x00,0x00,0x00,0x00,0x00,0x00,0x00,0xFF,0xFF,0xFF,0xFF,0xFF,0xFF,0xFF,0x00,0x00,0x00,0x00,
	0x00,0x00,0x00,0x00,0x00,0x00,0x00,0x00,0x00,0xFF,0xFF,0xFF,0xFF,0xFF,0xFF,0x00,0x00,0x00,0x00,0x00,0x00,0xFF,0xFF,0xFF,0xFF,0xFF,0xFF,0x00,0xFF,0xFF,0xFF,0xFF,0xFF,0xFF,0xFF,0xFF,0xFF,0xFF,0xFF,0xFF,0xFF,0xFF,0xFF,0xFF,0xFF,0x00,0xFF,0xFF,0xFF,0xFF,0xFF,0xFF,0x00,0x00,0x00,0x00,0x00,0x00,0x00,0x00,0xFF,0xFF,0xFF,0xFF,
	0xFF,0xFF,0xFF,0x00,0x00,0x00,0x00,0x00,0x00,0x00,0x00,0x00,0x00,0x00,0x00,0x00,0xFF,0xFF,0xFF,0xFF,0xFF,0xFF,0x00,0x00,0x00,0x00,0x00,0x00,0xFF,0xFF,0xFF,0xFF,0xFF,0xFF,0x00,0xFF,0xFF,0xFF,0xFF,0xFF,0xFF,0xFF,0xFF,0xFF,0xFF,0xFF,0xFF,0xFF,0xFF,0xFF,0xFF,0xFF,0x00,0xFF,0xFF,0xFF,0xFF,0xFF,0xFF,0x00,0x00,0x00,0x00,0x00,
	0x00,0x00,0x00,0xFF,0xFF,0xFF,0xFF,0xFF,0xFF,0xFF,0x00,0x00,0x00,0x00,0x00,0x00,0x00,0x00,0x00,0x00,0x00,0x00,0x00,0xFF,0xFF,0xFF,0xFF,0xFF,0xFF,0x00,0x00,0x00,0x00,0x00,0xFF,0xFF,0xFF,0xFF,0xFF,0xFF,0xFF,0x00,0xFF,0xFF,0xFF,0xFF,0xFF,0xFF,0x00,0x00,0x00,0x00,0x00,0xFF,0xFF,0xFF,0xFF,0xFF,0xFF,0x00,0xFF,0xFF,0xFF,0xFF,
	0xFF,0xFF,0x00,0x00,0x00,0x00,0x00,0x00,0x00,0x00,0xFF,0xFF,0xFF,0xFF,0xFF,0xFF,0xFF,0x00,0x00,0x00,0x00,0x00,0x00,0x00,0x00,0x00,0x00,0x00,0x00,0x00,0xFF,0xFF,0xFF,0xFF,0xFF,0xFF,0x00,0x00,0x00,0x00,0x00,0xFF,0xFF,0xFF,0xFF,0xFF,0xFF,0xFF,0x00,0xFF,0xFF,0xFF,0xFF,0xFF,0xFF,0xFF,0xFF,0xFF,0xFF,0xFF,0xFF,0xFF,0xFF,0xFF,
	0xFF,0xFF,0x00,0xFF,0xFF,0xFF,0xFF,0xFF,0xFF,0x00,0x00,0x00,0x00,0x00,0x00,0x00,0x00,0xFF,0xFF,0xFF,0xFF,0xFF,0xFF,0xFF,0x00,0x00,0x00,0x00,0x00,0x00,0x00,0x00,0x00,0x00,0x00,0x00,0x00,0xFF,0xFF,0xFF,0xFF,0xFF,0xFF,0x00,0x00,0x00,0x00,0x00,0xFF,0xFF,0xFF,0xFF,0xFF,0xFF,0x00,0x00,0xFF,0xFF,0xFF,0xFF,0xFF,0xFF,0xFF,0xFF,
	0xFF,0xFF,0xFF,0xFF,0xFF,0xFF,0xFF,0xFF,0xFF,0x00,0xFF,0xFF,0xFF,0xFF,0xFF,0xFF,0x00,0x00,0x00,0x00,0x00,0x00,0x00,0x00,0xFF,0xFF,0xFF,0xFF,0xFF,0xFF,0xFF,0x00,0x00,0x00,0x00,0x00,0x00,0x00,0x00,0x00,0x00,0x00,0x00,0x00,0xFF,0xFF,0xFF,0xFF,0xFF,0xFF,0x00,0x00,0x00,0x00,0x00,0xFF,0xFF,0xFF,0xFF,0xFF,0xFF,0x00,0x00,0xFF,
	0xFF,0xFF,0xFF,0xFF,0xFF,0xFF,0xFF,0xFF,0xFF,0xFF,0xFF,0xFF,0xFF,0xFF,0xFF,0xFF,0x00,0xFF,0xFF,0xFF,0xFF,0xFF,0xFF,0x00,0x00,0x00,0x00,0x00,0x00,0x00,0x00,0xFF,0xFF,0xFF,0xFF,0xFF,0xFF,0x00,0x00,0x00,0x00,0x00,0x00,0x00,0x00,0x00,0x00,0x00,0x00,0x00,0x00,0xFF,0xFF,0xFF,0xFF,0xFF,0xFF,0x00,0x00,0x00,0x00,0x00,0xFF,0xFF,
	0xFF,0xFF,0xFF,0xFF,0x00,0x00,0xFF,0xFF,0xFF,0xFF,0xFF,0xFF,0xFF,0xFF,0xFF,0xFF,0xFF,0xFF,0xFF,0xFF,0xFF,0xFF,0xFF,0x00,0xFF,0xFF,0xFF,0xFF,0xFF,0xFF,0x00,0x00,0x00,0x00,0x00,0x00,0x00,0x00,0xFF,0xFF,0xFF,0xFF,0xFF,0xFF,0xFF,0xFF,0xFF,0xFF,0xFF,0xFF,0xFF,0xFF,0xFF,0xFF,0xFF,0xFF,0xFF,0xFF,0xFF,0xFF,0xFF,0xFF,0xFF,0xFF,
	0x00,0x00,0x00,0x00,0xFF,0xFF,0xFF,0xFF,0xFF,0xFF,0xFF,0x00,0x00,0xFF,0xFF,0xFF,0xFF,0xFF,0xFF,0xFF,0xFF,0xFF,0xFF,0xFF,0xFF,0xFF,0xFF,0xFF,0xFF,0xFF,0x00,0xFF,0xFF,0xFF,0xFF,0xFF,0xFF,0x00,0x00,0x00,0x00,0x00,0x00,0x00,0x00,0xFF,0xFF,0xFF,0xFF,0xFF,0xFF,0xFF,0xFF,0xFF,0xFF,0xFF,0xFF,0xFF,0xFF,0xFF,0xFF,0xFF,0xFF,0xFF,
	0xFF,0xFF,0xFF,0xFF,0xFF,0xFF,0xFF,0x00,0x00,0x00,0x00,0xFF,0xFF,0xFF,0xFF,0xFF,0xFF,0xFF,0x00,0x00,0xFF,0xFF,0xFF,0xFF,0xFF,0xFF,0xFF,0xFF,0xFF,0xFF,0xFF,0xFF,0xFF,0xFF,0xFF,0xFF,0xFF,0xFF,0xFF,0xFF,0xFF,0xFF,0xFF,0xFF,0x00,0x00,0x00,0x00,0x00,0x00,0x00,0x00,0xFF,0xFF,0xFF,0xFF,0xFF,0xFF,0xFF,0xFF,0xFF,0xFF,0xFF,0xFF,
	0xFF,0xFF,0xFF,0xFF,0xFF,0xFF,0xFF,0xFF,0xFF,0xFF,0xFF,0xFF,0xFF,0xFF,0x00,0x00,0x00,0x00,0xFF,0xFF,0xFF,0xFF,0xFF,0xFF,0xFF,0x00,0x00,0x00,0x00,0x00,0x00,0x00,0x00,0x00,0x00,0x00,0x00,0x00,0x00,0xFF,0xFF,0xFF,0xFF,0xFF,0xFF,0xFF,0xFF,0xFF,0xFF,0xFF,0xFF,0x00,0x00,0x00,0x00,0x00,0x00,0x00,0x00,0xFF,0xFF,0xFF,0xFF,0xFF,
	0xFF,0xFF,0xFF,0xFF,0xFF,0xFF,0xFF,0xFF,0xFF,0xFF,0xFF,0xFF,0xFF,0xFF,0xFF,0xFF,0xFF,0xFF,0xFF,0xFF,0xFF,0x00,0x00,0x00,0x00,0xFF,0xFF,0xFF,0xFF,0xFF,0xFF,0x00,0x00,0x00,0x00,0x00,0x00,0x00,0x00,0x00,0x00,0x00,0x00,0x00,0x00,0xFF,0xFF,0xFF,0xFF,0xFF,0xFF,0xFF,0xFF,0xFF,0xFF,0xFF,0xFF,0xFF,0x00,0x00,0x00,0x00,0x00,0x00,
	0x00,0x00,0xFF,0xFF,0xFF,0xFF,0xFF,0xFF,0xFF,0xFF,0xFF,0xFF,0xFF,0xFF,0xFF,0xFF,0xFF,0xFF,0xFF,0xFF,0xFF,0xFF,0xFF,0xFF,0xFF,0xFF,0xFF,0xFF,0x00,0x00,0x00,0x00,0xFF,0xFF,0xFF,0xFF,0xFF,0xFF,0x00,0x00,0x00,0x00,0x00,0x00,0x00,0x00,0x00,0x00,0x00,0x00,0x00,0x00,0x00,0xFF,0xFF,0xFF,0xFF,0xFF,0xFF,0xFF,0xFF,0xFF,0xFF,0xFF,
	0xFF,0x00,0x00,0x00,0x00,0x00,0x00,0x00,0x00,0xFF,0xFF,0xFF,0xFF,0xFF,0xFF,0xFF,0xFF,0xFF,0xFF,0xFF,0xFF,0xFF,0xFF,0xFF,0xFF,0xFF,0xFF,0xFF,0xFF,0xFF,0xFF,0xFF,0xFF,0xFF,0xFF,0x00,0x00,0x00,0x00,0x00,0xFF,0xFF,0xFF,0xFF,0xFF,0x00,0x00,0x00,0x00,0x00,0x00,0x00,0x00,0x00,0x00,0x00,0x00,0x00,0x00,0x00,0x00,0xFF,0xFF,0xFF,
	0xFF,0xFF,0xFF,0xFF,0xFF,0xFF,0x00,0x00,0x00,0x00,0x00,0x00,0x00,0x00,0x00,0x00,0xFF,0xFF,0xFF,0xFF,0xFF,0xFF,0x00,0x00,0x00,0x00,0x00,0x00,0x00,0x00,0x00,0x00,0x00,0x00,0x00,0x00,0xFF,0xFF,0xFF,0xFF,0xFF,0xFF,0x00,0x00,0x00,0x00,
    };
        


const lv_img_dsc_t face_174_390_dial_img_35_303091_6 = {
    .header.magic = LV_IMAGE_HEADER_MAGIC,
    .header.w = 71,
    .header.h = 34,
    .data_size = sizeof(face_174_390_dial_img_35_303091_data_6),
    .header.cf = LV_COLOR_FORMAT_RGB565A8,
    .data = face_174_390_dial_img_35_303091_data_6};

    