
// File generated by bin2lvgl
// developed by fbiego. 
// https://github.com/fbiego
// Watchface: 174_390

#include "../174_390.h"

#ifndef LV_ATTRIBUTE_MEM_ALIGN
#define LV_ATTRIBUTE_MEM_ALIGN
#endif


// LVGL 9 format (RGB565) // LVGL_9 compatible 
const LV_ATTRIBUTE_MEM_ALIGN uint8_t face_174_390_dial_img_2_14680_data_0[] = {
	//RGB565 data 
	0x00,0x00,0x00,0x00,0x00,0x00,0x00,0x00,0x00,0x00,0x00,0x00,0x00,0x00,0x00,0x00,0x00,0x00,0x00,0x00,0x00,0x00,0x00,0x00,0x00,0x00,0x00,0x00,0x00,0x00,0x00,0x00,0x00,0x00,0x00,0x00,0x00,0x00,0x00,0x00,0x00,0x00,0x00,0x00,0x00,0x00,0x00,0x00,0x00,0x00,0x00,0x00,0x20,0x00,0x40,0x00,0x40,0x00,0x61,0x08,0x82,0x10,0x82,0x10,
	0x82,0x10,0x82,0x10,0x82,0x10,0x82,0x10,0x82,0x10,0x82,0x10,0x82,0x10,0x82,0x10,0x82,0x10,0x82,0x10,0x82,0x10,0x82,0x10,0x82,0x10,0x82,0x10,0x82,0x10,0x82,0x10,0x82,0x10,0x82,0x10,0x82,0x10,0x82,0x10,0x82,0x10,0x82,0x10,0x82,0x10,0x82,0x10,0x82,0x10,0x82,0x10,0x82,0x10,0x82,0x10,0x82,0x10,0x82,0x10,0x82,0x10,0x82,0x10,
	0x82,0x10,0x82,0x10,0x82,0x10,0x82,0x10,0x82,0x10,0x82,0x10,0x82,0x10,0x82,0x10,0x82,0x10,0x82,0x10,0x82,0x10,0x82,0x10,0x82,0x10,0x82,0x10,0x82,0x10,0x82,0x10,0x82,0x10,0x82,0x10,0x82,0x10,0x82,0x10,0x82,0x10,0x82,0x10,0x82,0x10,0x82,0x10,0x82,0x10,0x82,0x10,0x82,0x10,0x82,0x10,0x82,0x10,0x82,0x10,0x82,0x10,0x82,0x10,
	0x82,0x10,0x82,0x10,0x82,0x10,0x82,0x10,0x82,0x10,0x82,0x10,0x82,0x10,0x82,0x10,0x82,0x10,0x82,0x10,0x82,0x10,0x82,0x10,0x82,0x10,0x82,0x10,0x82,0x10,0x82,0x10,0x82,0x10,0x82,0x10,0x82,0x10,0x82,0x10,0x82,0x10,0x82,0x10,0x82,0x10,0x82,0x10,0x82,0x10,0x82,0x10,0x82,0x10,0x82,0x10,0x82,0x10,0x82,0x10,0x82,0x10,0x82,0x10,
	0x82,0x10,0x82,0x10,0x82,0x10,0x82,0x10,0x82,0x10,0x82,0x10,0x82,0x10,0x82,0x10,0x82,0x10,0x82,0x10,0x82,0x10,0x82,0x10,0x82,0x10,0x82,0x10,0x82,0x10,0x82,0x10,0x82,0x10,0x82,0x10,0x82,0x10,0x82,0x10,0x82,0x10,0x82,0x10,0x82,0x10,0x82,0x10,0x82,0x10,0x82,0x10,0x82,0x10,0x82,0x10,0x82,0x10,0x82,0x10,0x82,0x10,0x82,0x10,
	0x82,0x10,0x82,0x10,0x82,0x10,0x82,0x10,0x82,0x10,0x82,0x10,0x82,0x10,0x82,0x10,0x82,0x10,0x82,0x10,0x82,0x10,0x82,0x10,0x82,0x10,0x82,0x10,0x82,0x10,0x82,0x10,0x82,0x10,0x82,0x10,0x82,0x10,0x82,0x10,0x82,0x10,0x82,0x10,0x82,0x10,0x82,0x10,0x82,0x10,0x82,0x10,0x82,0x10,0x82,0x10,0x82,0x10,0x82,0x10,0x82,0x10,0x82,0x10,
	0x82,0x10,0x82,0x10,0x82,0x10,0x82,0x10,0x82,0x10,0x82,0x10,0x82,0x10,0x82,0x10,0x82,0x10,0x82,0x10,0x82,0x10,0x82,0x10,0x82,0x10,0x82,0x10,0x82,0x10,0x82,0x10,0x82,0x10,0x82,0x10,0x82,0x10,0x82,0x10,0x82,0x10,0x82,0x10,0x82,0x10,0x82,0x10,0x82,0x10,0x82,0x10,0x82,0x10,0x82,0x10,0x82,0x10,0x82,0x10,0x82,0x10,0x82,0x10,
	0x82,0x10,0x82,0x10,0x82,0x10,0x82,0x10,0x82,0x10,0x82,0x10,0x82,0x10,0x82,0x10,0x82,0x10,0x82,0x10,0x82,0x10,0x82,0x10,0x82,0x10,0x82,0x10,0x82,0x10,0x82,0x10,0x82,0x10,0x82,0x10,0x82,0x10,0x82,0x10,0x82,0x10,0x82,0x10,0x82,0x10,0x82,0x10,0x82,0x10,0x82,0x10,0x82,0x10,0x82,0x10,0x82,0x10,0x82,0x10,0x82,0x10,0x82,0x10,
	0x82,0x10,0x82,0x10,0x82,0x10,0x82,0x10,0x82,0x10,0x82,0x10,0x82,0x10,0x82,0x10,0x82,0x10,0x82,0x10,0x82,0x10,0x82,0x10,0x82,0x10,0x82,0x10,0x82,0x10,0x82,0x10,0x82,0x10,0x82,0x10,0x82,0x10,0x82,0x10,0x82,0x10,0x82,0x10,0x82,0x10,0x82,0x10,0x82,0x10,0x82,0x10,0x82,0x10,0x82,0x10,0x82,0x10,0x82,0x10,0x82,0x10,0x82,0x10,
	0x82,0x10,0x82,0x10,0x82,0x10,0x82,0x10,0x82,0x10,0x82,0x10,0x82,0x10,0x82,0x10,0x82,0x10,0x82,0x10,0x82,0x10,0x82,0x10,0x82,0x10,0x82,0x10,0x82,0x10,0x82,0x10,0x82,0x10,0x82,0x10,0x82,0x10,0x82,0x10,0x82,0x10,0x82,0x10,0x82,0x10,0x82,0x10,0x82,0x10,0x82,0x10,0x82,0x10,0x82,0x10,0x82,0x10,0x82,0x10,0x82,0x10,0x82,0x10,
	0x82,0x10,0x82,0x10,0x82,0x10,0x82,0x10,0x61,0x08,0x40,0x00,0x40,0x00,0x20,0x00,0x00,0x00,0x00,0x00,0x00,0x00,0x00,0x00,0x00,0x00,0x00,0x00,0x00,0x00,0x00,0x00,0x00,0x00,0x00,0x00,0x00,0x00,0x00,0x00,0x00,0x00,0x00,0x00,0x00,0x00,0x00,0x00,0x00,0x00,0x00,0x00,0x00,0x00,0x00,0x00,0x00,0x00,0x00,0x00,0x00,0x00,0x00,0x00,
	0x00,0x00,0x00,0x00,0x00,0x00,0x00,0x00,0x00,0x00,0x00,0x00,0x00,0x00,0x00,0x00,0x00,0x00,0x00,0x00,0x00,0x00,0x00,0x00,0x00,0x00,0x00,0x00,0x00,0x00,0x00,0x00,0x00,0x00,0x00,0x00,0x00,0x00,0x00,0x00,0x00,0x00,0x00,0x00,0x00,0x00,0x20,0x00,0x20,0x00,0x20,0x00,0x20,0x00,0x40,0x00,0x41,0x08,0x61,0x08,0x61,0x08,0x81,0x08,
	0x82,0x10,0x82,0x10,0x82,0x10,0x82,0x10,0x82,0x10,0x82,0x10,0x82,0x10,0x82,0x10,0x82,0x10,0x82,0x10,0x82,0x10,0x82,0x10,0x82,0x10,0x82,0x10,0x82,0x10,0x82,0x10,0x82,0x10,0x82,0x10,0x82,0x10,0x82,0x10,0x82,0x10,0x82,0x10,0x82,0x10,0x82,0x10,0x82,0x10,0x82,0x10,0x82,0x10,0x82,0x10,0x82,0x10,0x82,0x10,0x82,0x10,0x82,0x10,
	0x82,0x10,0x82,0x10,0x82,0x10,0x82,0x10,0x82,0x10,0x82,0x10,0x82,0x10,0x82,0x10,0x82,0x10,0x82,0x10,0x82,0x10,0x82,0x10,0x82,0x10,0x82,0x10,0x82,0x10,0x82,0x10,0x82,0x10,0x82,0x10,0x82,0x10,0x82,0x10,0x82,0x10,0x82,0x10,0x82,0x10,0x82,0x10,0x82,0x10,0x82,0x10,0x82,0x10,0x82,0x10,0x82,0x10,0x82,0x10,0x82,0x10,0x82,0x10,
	0x82,0x10,0x82,0x10,0x82,0x10,0x82,0x10,0x82,0x10,0x82,0x10,0x82,0x10,0x82,0x10,0x82,0x10,0x82,0x10,0x82,0x10,0x82,0x10,0x82,0x10,0x82,0x10,0x82,0x10,0x82,0x10,0x82,0x10,0x82,0x10,0x82,0x10,0x82,0x10,0x82,0x10,0x82,0x10,0x82,0x10,0x82,0x10,0x82,0x10,0x82,0x10,0x82,0x10,0x82,0x10,0x82,0x10,0x82,0x10,0x82,0x10,0x82,0x10,
	0x82,0x10,0x82,0x10,0x82,0x10,0x82,0x10,0x82,0x10,0x82,0x10,0x82,0x10,0x82,0x10,0x82,0x10,0x82,0x10,0x82,0x10,0x82,0x10,0x82,0x10,0x82,0x10,0x82,0x10,0x82,0x10,0x82,0x10,0x82,0x10,0x82,0x10,0x82,0x10,0x82,0x10,0x82,0x10,0x82,0x10,0x82,0x10,0x82,0x10,0x82,0x10,0x82,0x10,0x82,0x10,0x82,0x10,0x82,0x10,0x82,0x10,0x82,0x10,
	0x82,0x10,0x82,0x10,0x82,0x10,0x82,0x10,0x82,0x10,0x82,0x10,0x82,0x10,0x82,0x10,0x82,0x10,0x82,0x10,0x82,0x10,0x82,0x10,0x82,0x10,0x82,0x10,0x82,0x10,0x82,0x10,0x82,0x10,0x82,0x10,0x82,0x10,0x82,0x10,0x82,0x10,0x82,0x10,0x82,0x10,0x82,0x10,0x82,0x10,0x82,0x10,0x82,0x10,0x82,0x10,0x82,0x10,0x82,0x10,0x82,0x10,0x82,0x10,
	0x82,0x10,0x82,0x10,0x82,0x10,0x82,0x10,0x82,0x10,0x82,0x10,0x82,0x10,0x82,0x10,0x82,0x10,0x82,0x10,0x82,0x10,0x82,0x10,0x82,0x10,0x82,0x10,0x82,0x10,0x82,0x10,0x82,0x10,0x82,0x10,0x82,0x10,0x82,0x10,0x82,0x10,0x82,0x10,0x82,0x10,0x82,0x10,0x82,0x10,0x82,0x10,0x82,0x10,0x82,0x10,0x82,0x10,0x82,0x10,0x82,0x10,0x82,0x10,
	0x82,0x10,0x82,0x10,0x82,0x10,0x82,0x10,0x82,0x10,0x82,0x10,0x82,0x10,0x82,0x10,0x82,0x10,0x82,0x10,0x82,0x10,0x82,0x10,0x82,0x10,0x82,0x10,0x82,0x10,0x82,0x10,0x82,0x10,0x82,0x10,0x82,0x10,0x82,0x10,0x82,0x10,0x82,0x10,0x82,0x10,0x82,0x10,0x82,0x10,0x82,0x10,0x82,0x10,0x82,0x10,0x82,0x10,0x82,0x10,0x82,0x10,0x82,0x10,
	0x82,0x10,0x82,0x10,0x82,0x10,0x82,0x10,0x82,0x10,0x82,0x10,0x82,0x10,0x82,0x10,0x82,0x10,0x82,0x10,0x82,0x10,0x82,0x10,0x82,0x10,0x82,0x10,0x82,0x10,0x82,0x10,0x82,0x10,0x82,0x10,0x82,0x10,0x82,0x10,0x82,0x10,0x82,0x10,0x82,0x10,0x82,0x10,0x82,0x10,0x82,0x10,0x82,0x10,0x82,0x10,0x82,0x10,0x82,0x10,0x82,0x10,0x82,0x10,
	0x82,0x10,0x82,0x10,0x82,0x10,0x82,0x10,0x82,0x10,0x82,0x10,0x82,0x10,0x82,0x10,0x82,0x10,0x82,0x10,0x82,0x10,0x82,0x10,0x82,0x10,0x82,0x10,0x82,0x10,0x82,0x10,0x82,0x10,0x82,0x10,0x82,0x10,0x82,0x10,0x82,0x10,0x82,0x10,0x82,0x10,0x82,0x10,0x82,0x10,0x82,0x10,0x82,0x10,0x82,0x10,0x82,0x10,0x82,0x10,0x82,0x10,0x82,0x10,
	0x82,0x10,0x82,0x10,0x82,0x10,0x82,0x10,0x82,0x10,0x82,0x10,0x81,0x08,0x61,0x08,0x61,0x08,0x41,0x08,0x40,0x00,0x20,0x00,0x20,0x00,0x20,0x00,0x20,0x00,0x00,0x00,0x00,0x00,0x00,0x00,0x00,0x00,0x00,0x00,0x00,0x00,0x00,0x00,0x00,0x00,0x00,0x00,0x00,0x00,0x00,0x00,0x00,0x00,0x00,0x00,0x00,0x00,0x00,0x00,0x00,0x00,0x00,0x00,
	0x00,0x00,0x00,0x00,0x00,0x00,0x00,0x00,0x00,0x00,0x00,0x00,0x00,0x00,0x00,0x00,0x00,0x00,0x00,0x00,0x00,0x00,0x00,0x00,0x00,0x00,0x00,0x00,0x00,0x00,0x00,0x00,0x00,0x00,0x00,0x00,0x00,0x00,0x00,0x00,0x00,0x00,0x00,0x00,0x00,0x00,0x00,0x00,0x20,0x00,0x40,0x00,0x61,0x08,0x82,0x10,0x82,0x10,0x82,0x10,0x82,0x10,0x82,0x10,
	0x82,0x10,0x82,0x10,0x82,0x10,0x82,0x10,0x82,0x10,0x82,0x10,0x82,0x10,0x82,0x10,0x82,0x10,0x82,0x10,0x82,0x10,0x82,0x10,0x82,0x10,0x82,0x10,0x82,0x10,0x82,0x10,0x82,0x10,0x82,0x10,0x82,0x10,0x82,0x10,0x82,0x10,0x82,0x10,0x82,0x10,0x82,0x10,0x82,0x10,0x82,0x10,0x82,0x10,0x82,0x10,0x82,0x10,0x82,0x10,0x82,0x10,0x82,0x10,
	0x82,0x10,0x82,0x10,0x82,0x10,0x82,0x10,0x82,0x10,0x82,0x10,0x82,0x10,0x82,0x10,0x82,0x10,0x82,0x10,0x82,0x10,0x82,0x10,0x82,0x10,0x82,0x10,0x82,0x10,0x82,0x10,0x82,0x10,0x82,0x10,0x82,0x10,0x82,0x10,0x82,0x10,0x82,0x10,0x82,0x10,0x82,0x10,0x82,0x10,0x82,0x10,0x82,0x10,0x82,0x10,0x82,0x10,0x82,0x10,0x82,0x10,0x82,0x10,
	0x82,0x10,0x82,0x10,0x82,0x10,0x82,0x10,0x82,0x10,0x82,0x10,0x82,0x10,0x82,0x10,0x82,0x10,0x82,0x10,0x82,0x10,0x82,0x10,0x82,0x10,0x82,0x10,0x82,0x10,0x82,0x10,0x82,0x10,0x82,0x10,0x82,0x10,0x82,0x10,0x82,0x10,0x82,0x10,0x82,0x10,0x82,0x10,0x82,0x10,0x82,0x10,0x82,0x10,0x82,0x10,0x82,0x10,0x82,0x10,0x82,0x10,0x82,0x10,
	0x82,0x10,0x82,0x10,0x82,0x10,0x82,0x10,0x82,0x10,0x82,0x10,0x82,0x10,0x82,0x10,0x82,0x10,0x82,0x10,0x82,0x10,0x82,0x10,0x82,0x10,0x82,0x10,0x82,0x10,0x82,0x10,0x82,0x10,0x82,0x10,0x82,0x10,0x82,0x10,0x82,0x10,0x82,0x10,0x82,0x10,0x82,0x10,0x82,0x10,0x82,0x10,0x82,0x10,0x82,0x10,0x82,0x10,0x82,0x10,0x82,0x10,0x82,0x10,
	0x82,0x10,0x82,0x10,0x82,0x10,0x82,0x10,0x82,0x10,0x82,0x10,0x82,0x10,0x82,0x10,0x82,0x10,0x82,0x10,0x82,0x10,0x82,0x10,0x82,0x10,0x82,0x10,0x82,0x10,0x82,0x10,0x82,0x10,0x82,0x10,0x82,0x10,0x82,0x10,0x82,0x10,0x82,0x10,0x82,0x10,0x82,0x10,0x82,0x10,0x82,0x10,0x82,0x10,0x82,0x10,0x82,0x10,0x82,0x10,0x82,0x10,0x82,0x10,
	0x82,0x10,0x82,0x10,0x82,0x10,0x82,0x10,0x82,0x10,0x82,0x10,0x82,0x10,0x82,0x10,0x82,0x10,0x82,0x10,0x82,0x10,0x82,0x10,0x82,0x10,0x82,0x10,0x82,0x10,0x82,0x10,0x82,0x10,0x82,0x10,0x82,0x10,0x82,0x10,0x82,0x10,0x82,0x10,0x82,0x10,0x82,0x10,0x82,0x10,0x82,0x10,0x82,0x10,0x82,0x10,0x82,0x10,0x82,0x10,0x82,0x10,0x82,0x10,
	0x82,0x10,0x82,0x10,0x82,0x10,0x82,0x10,0x82,0x10,0x82,0x10,0x82,0x10,0x82,0x10,0x82,0x10,0x82,0x10,0x82,0x10,0x82,0x10,0x82,0x10,0x82,0x10,0x82,0x10,0x82,0x10,0x82,0x10,0x82,0x10,0x82,0x10,0x82,0x10,0x82,0x10,0x82,0x10,0x82,0x10,0x82,0x10,0x82,0x10,0x82,0x10,0x82,0x10,0x82,0x10,0x82,0x10,0x82,0x10,0x82,0x10,0x82,0x10,
	0x82,0x10,0x82,0x10,0x82,0x10,0x82,0x10,0x82,0x10,0x82,0x10,0x82,0x10,0x82,0x10,0x82,0x10,0x82,0x10,0x82,0x10,0x82,0x10,0x82,0x10,0x82,0x10,0x82,0x10,0x82,0x10,0x82,0x10,0x82,0x10,0x82,0x10,0x82,0x10,0x82,0x10,0x82,0x10,0x82,0x10,0x82,0x10,0x82,0x10,0x82,0x10,0x82,0x10,0x82,0x10,0x82,0x10,0x82,0x10,0x82,0x10,0x82,0x10,
	0x82,0x10,0x82,0x10,0x82,0x10,0x82,0x10,0x82,0x10,0x82,0x10,0x82,0x10,0x82,0x10,0x82,0x10,0x82,0x10,0x82,0x10,0x82,0x10,0x82,0x10,0x82,0x10,0x82,0x10,0x82,0x10,0x82,0x10,0x82,0x10,0x82,0x10,0x82,0x10,0x82,0x10,0x82,0x10,0x82,0x10,0x82,0x10,0x82,0x10,0x82,0x10,0x82,0x10,0x82,0x10,0x82,0x10,0x82,0x10,0x82,0x10,0x82,0x10,
	0x82,0x10,0x82,0x10,0x82,0x10,0x82,0x10,0x82,0x10,0x82,0x10,0x82,0x10,0x82,0x10,0x82,0x10,0x82,0x10,0x82,0x10,0x82,0x10,0x82,0x10,0x82,0x10,0x82,0x10,0x61,0x08,0x40,0x00,0x20,0x00,0x00,0x00,0x00,0x00,0x00,0x00,0x00,0x00,0x00,0x00,0x00,0x00,0x00,0x00,0x00,0x00,0x00,0x00,0x00,0x00,0x00,0x00,0x00,0x00,0x00,0x00,0x00,0x00,
	0x00,0x00,0x00,0x00,0x00,0x00,0x00,0x00,0x00,0x00,0x00,0x00,0x00,0x00,0x00,0x00,0x00,0x00,0x00,0x00,0x00,0x00,0x00,0x00,0x00,0x00,0x00,0x00,0x00,0x00,0x00,0x00,0x00,0x00,0x00,0x00,0x00,0x00,0x00,0x00,0x00,0x00,0x00,0x00,0x00,0x00,0x20,0x00,0x41,0x08,0x61,0x08,0x61,0x08,0x61,0x08,0x81,0x08,0x82,0x10,0x82,0x10,0x82,0x10,
	0x82,0x10,0x82,0x10,0x82,0x10,0x82,0x10,0x82,0x10,0x82,0x10,0x82,0x10,0x82,0x10,0x82,0x10,0x82,0x10,0x82,0x10,0x82,0x10,0x82,0x10,0x82,0x10,0x82,0x10,0x82,0x10,0x82,0x10,0x82,0x10,0x82,0x10,0x82,0x10,0x82,0x10,0x82,0x10,0x82,0x10,0x82,0x10,0x82,0x10,0x82,0x10,0x82,0x10,0x82,0x10,0x82,0x10,0x82,0x10,0x82,0x10,0x82,0x10,
	0x82,0x10,0x82,0x10,0x82,0x10,0x82,0x10,0x82,0x10,0x82,0x10,0x82,0x10,0x82,0x10,0x82,0x10,0x82,0x10,0x82,0x10,0x82,0x10,0x82,0x10,0x82,0x10,0x82,0x10,0x82,0x10,0x82,0x10,0x82,0x10,0x82,0x10,0x82,0x10,0x82,0x10,0x82,0x10,0x82,0x10,0x82,0x10,0x82,0x10,0x82,0x10,0x82,0x10,0x82,0x10,0x82,0x10,0x82,0x10,0x82,0x10,0x82,0x10,
	0x82,0x10,0x82,0x10,0x82,0x10,0x82,0x10,0x82,0x10,0x82,0x10,0x82,0x10,0x82,0x10,0x82,0x10,0x82,0x10,0x82,0x10,0x82,0x10,0x82,0x10,0x82,0x10,0x82,0x10,0x82,0x10,0x82,0x10,0x82,0x10,0x82,0x10,0x82,0x10,0x82,0x10,0x82,0x10,0x82,0x10,0x82,0x10,0x82,0x10,0x82,0x10,0x82,0x10,0x82,0x10,0x82,0x10,0x82,0x10,0x82,0x10,0x82,0x10,
	0x82,0x10,0x82,0x10,0x82,0x10,0x82,0x10,0x82,0x10,0x82,0x10,0x82,0x10,0x82,0x10,0x82,0x10,0x82,0x10,0x82,0x10,0x82,0x10,0x82,0x10,0x82,0x10,0x82,0x10,0x82,0x10,0x82,0x10,0x82,0x10,0x82,0x10,0x82,0x10,0x82,0x10,0x82,0x10,0x82,0x10,0x82,0x10,0x82,0x10,0x82,0x10,0x82,0x10,0x82,0x10,0x82,0x10,0x82,0x10,0x82,0x10,0x82,0x10,
	0x82,0x10,0x82,0x10,0x82,0x10,0x82,0x10,0x82,0x10,0x82,0x10,0x82,0x10,0x82,0x10,0x82,0x10,0x82,0x10,0x82,0x10,0x82,0x10,0x82,0x10,0x82,0x10,0x82,0x10,0x82,0x10,0x82,0x10,0x82,0x10,0x82,0x10,0x82,0x10,0x82,0x10,0x82,0x10,0x82,0x10,0x82,0x10,0x82,0x10,0x82,0x10,0x82,0x10,0x82,0x10,0x82,0x10,0x82,0x10,0x82,0x10,0x82,0x10,
	0x82,0x10,0x82,0x10,0x82,0x10,0x82,0x10,0x82,0x10,0x82,0x10,0x82,0x10,0x82,0x10,0x82,0x10,0x82,0x10,0x82,0x10,0x82,0x10,0x82,0x10,0x82,0x10,0x82,0x10,0x82,0x10,0x82,0x10,0x82,0x10,0x82,0x10,0x82,0x10,0x82,0x10,0x82,0x10,0x82,0x10,0x82,0x10,0x82,0x10,0x82,0x10,0x82,0x10,0x82,0x10,0x82,0x10,0x82,0x10,0x82,0x10,0x82,0x10,
	0x82,0x10,0x82,0x10,0x82,0x10,0x82,0x10,0x82,0x10,0x82,0x10,0x82,0x10,0x82,0x10,0x82,0x10,0x82,0x10,0x82,0x10,0x82,0x10,0x82,0x10,0x82,0x10,0x82,0x10,0x82,0x10,0x82,0x10,0x82,0x10,0x82,0x10,0x82,0x10,0x82,0x10,0x82,0x10,0x82,0x10,0x82,0x10,0x82,0x10,0x82,0x10,0x82,0x10,0x82,0x10,0x82,0x10,0x82,0x10,0x82,0x10,0x82,0x10,
	0x82,0x10,0x82,0x10,0x82,0x10,0x82,0x10,0x82,0x10,0x82,0x10,0x82,0x10,0x82,0x10,0x82,0x10,0x82,0x10,0x82,0x10,0x82,0x10,0x82,0x10,0x82,0x10,0x82,0x10,0x82,0x10,0x82,0x10,0x82,0x10,0x82,0x10,0x82,0x10,0x82,0x10,0x82,0x10,0x82,0x10,0x82,0x10,0x82,0x10,0x82,0x10,0x82,0x10,0x82,0x10,0x82,0x10,0x82,0x10,0x82,0x10,0x82,0x10,
	0x82,0x10,0x82,0x10,0x82,0x10,0x82,0x10,0x82,0x10,0x82,0x10,0x82,0x10,0x82,0x10,0x82,0x10,0x82,0x10,0x82,0x10,0x82,0x10,0x82,0x10,0x82,0x10,0x82,0x10,0x82,0x10,0x82,0x10,0x82,0x10,0x82,0x10,0x82,0x10,0x82,0x10,0x82,0x10,0x82,0x10,0x82,0x10,0x82,0x10,0x82,0x10,0x82,0x10,0x82,0x10,0x82,0x10,0x82,0x10,0x82,0x10,0x82,0x10,
	0x82,0x10,0x82,0x10,0x82,0x10,0x82,0x10,0x82,0x10,0x82,0x10,0x82,0x10,0x82,0x10,0x82,0x10,0x82,0x10,0x82,0x10,0x82,0x10,0x82,0x10,0x82,0x10,0x82,0x10,0x82,0x10,0x82,0x10,0x81,0x08,0x61,0x08,0x61,0x08,0x61,0x08,0x41,0x08,0x20,0x00,0x00,0x00,0x00,0x00,0x00,0x00,0x00,0x00,0x00,0x00,0x00,0x00,0x00,0x00,0x00,0x00,0x00,0x00,
	0x00,0x00,0x00,0x00,0x00,0x00,0x00,0x00,0x00,0x00,0x00,0x00,0x00,0x00,0x00,0x00,0x00,0x00,0x00,0x00,0x00,0x00,0x00,0x00,0x00,0x00,0x00,0x00,0x00,0x00,0x00,0x00,0x00,0x00,0x00,0x00,0x00,0x00,0x00,0x00,0x00,0x00,0x00,0x00,0x00,0x00,0x00,0x00,0x20,0x00,0x41,0x08,0x82,0x10,0x82,0x10,0x82,0x10,0x82,0x10,0x82,0x10,0x82,0x10,
	0x82,0x10,0x82,0x10,0x82,0x10,0x82,0x10,0x82,0x10,0x82,0x10,0x82,0x10,0x82,0x10,0x82,0x10,0x82,0x10,0x82,0x10,0x82,0x10,0x82,0x10,0x82,0x10,0x82,0x10,0x82,0x10,0x82,0x10,0x82,0x10,0x82,0x10,0x82,0x10,0x82,0x10,0x82,0x10,0x82,0x10,0x82,0x10,0x82,0x10,0x82,0x10,0x82,0x10,0x82,0x10,0x82,0x10,0x82,0x10,0x82,0x10,0x82,0x10,
	0x82,0x10,0x82,0x10,0x82,0x10,0x82,0x10,0x82,0x10,0x82,0x10,0x82,0x10,0x82,0x10,0x82,0x10,0x82,0x10,0x82,0x10,0x82,0x10,0x82,0x10,0x82,0x10,0x82,0x10,0x82,0x10,0x82,0x10,0x82,0x10,0x82,0x10,0x82,0x10,0x82,0x10,0x82,0x10,0x82,0x10,0x82,0x10,0x82,0x10,0x82,0x10,0x82,0x10,0x82,0x10,0x82,0x10,0x82,0x10,0x82,0x10,0x82,0x10,
	0x82,0x10,0x82,0x10,0x82,0x10,0x82,0x10,0x82,0x10,0x82,0x10,0x82,0x10,0x82,0x10,0x82,0x10,0x82,0x10,0x82,0x10,0x82,0x10,0x82,0x10,0x82,0x10,0x82,0x10,0x82,0x10,0x82,0x10,0x82,0x10,0x82,0x10,0x82,0x10,0x82,0x10,0x82,0x10,0x82,0x10,0x82,0x10,0x82,0x10,0x82,0x10,0x82,0x10,0x82,0x10,0x82,0x10,0x82,0x10,0x82,0x10,0x82,0x10,
	0x82,0x10,0x82,0x10,0x82,0x10,0x82,0x10,0x82,0x10,0x82,0x10,0x82,0x10,0x82,0x10,0x82,0x10,0x82,0x10,0x82,0x10,0x82,0x10,0x82,0x10,0x82,0x10,0x82,0x10,0x82,0x10,0x82,0x10,0x82,0x10,0x82,0x10,0x82,0x10,0x82,0x10,0x82,0x10,0x82,0x10,0x82,0x10,0x82,0x10,0x82,0x10,0x82,0x10,0x82,0x10,0x82,0x10,0x82,0x10,0x82,0x10,0x82,0x10,
	0x82,0x10,0x82,0x10,0x82,0x10,0x82,0x10,0x82,0x10,0x82,0x10,0x82,0x10,0x82,0x10,0x82,0x10,0x82,0x10,0x82,0x10,0x82,0x10,0x82,0x10,0x82,0x10,0x82,0x10,0x82,0x10,0x82,0x10,0x82,0x10,0x82,0x10,0x82,0x10,0x82,0x10,0x82,0x10,0x82,0x10,0x82,0x10,0x82,0x10,0x82,0x10,0x82,0x10,0x82,0x10,0x82,0x10,0x82,0x10,0x82,0x10,0x82,0x10,
	0x82,0x10,0x82,0x10,0x82,0x10,0x82,0x10,0x82,0x10,0x82,0x10,0x82,0x10,0x82,0x10,0x82,0x10,0x82,0x10,0x82,0x10,0x82,0x10,0x82,0x10,0x82,0x10,0x82,0x10,0x82,0x10,0x82,0x10,0x82,0x10,0x82,0x10,0x82,0x10,0x82,0x10,0x82,0x10,0x82,0x10,0x82,0x10,0x82,0x10,0x82,0x10,0x82,0x10,0x82,0x10,0x82,0x10,0x82,0x10,0x82,0x10,0x82,0x10,
	0x82,0x10,0x82,0x10,0x82,0x10,0x82,0x10,0x82,0x10,0x82,0x10,0x82,0x10,0x82,0x10,0x82,0x10,0x82,0x10,0x82,0x10,0x82,0x10,0x82,0x10,0x82,0x10,0x82,0x10,0x82,0x10,0x82,0x10,0x82,0x10,0x82,0x10,0x82,0x10,0x82,0x10,0x82,0x10,0x82,0x10,0x82,0x10,0x82,0x10,0x82,0x10,0x82,0x10,0x82,0x10,0x82,0x10,0x82,0x10,0x82,0x10,0x82,0x10,
	0x82,0x10,0x82,0x10,0x82,0x10,0x82,0x10,0x82,0x10,0x82,0x10,0x82,0x10,0x82,0x10,0x82,0x10,0x82,0x10,0x82,0x10,0x82,0x10,0x82,0x10,0x82,0x10,0x82,0x10,0x82,0x10,0x82,0x10,0x82,0x10,0x82,0x10,0x82,0x10,0x82,0x10,0x82,0x10,0x82,0x10,0x82,0x10,0x82,0x10,0x82,0x10,0x82,0x10,0x82,0x10,0x82,0x10,0x82,0x10,0x82,0x10,0x82,0x10,
	0x82,0x10,0x82,0x10,0x82,0x10,0x82,0x10,0x82,0x10,0x82,0x10,0x82,0x10,0x82,0x10,0x82,0x10,0x82,0x10,0x82,0x10,0x82,0x10,0x82,0x10,0x82,0x10,0x82,0x10,0x82,0x10,0x82,0x10,0x82,0x10,0x82,0x10,0x82,0x10,0x82,0x10,0x82,0x10,0x82,0x10,0x82,0x10,0x82,0x10,0x82,0x10,0x82,0x10,0x82,0x10,0x82,0x10,0x82,0x10,0x82,0x10,0x82,0x10,
	0x82,0x10,0x82,0x10,0x82,0x10,0x82,0x10,0x82,0x10,0x82,0x10,0x82,0x10,0x82,0x10,0x82,0x10,0x82,0x10,0x82,0x10,0x82,0x10,0x82,0x10,0x82,0x10,0x82,0x10,0x82,0x10,0x82,0x10,0x82,0x10,0x82,0x10,0x82,0x10,0x82,0x10,0x82,0x10,0x82,0x10,0x82,0x10,0x41,0x08,0x20,0x00,0x00,0x00,0x00,0x00,0x00,0x00,0x00,0x00,0x00,0x00,0x00,0x00,
	0x00,0x00,0x00,0x00,0x00,0x00,0x00,0x00,0x00,0x00,0x00,0x00,0x00,0x00,0x00,0x00,0x00,0x00,0x00,0x00,0x00,0x00,0x00,0x00,0x00,0x00,0x00,0x00,0x00,0x00,0x00,0x00,0x00,0x00,0x00,0x00,0x00,0x00,0x00,0x00,0x00,0x00,0x00,0x00,0x00,0x00,0x00,0x00,0x20,0x00,0x40,0x00,0x61,0x08,0x82,0x10,0x82,0x10,0x82,0x10,0x82,0x10,0x82,0x10,
	0x82,0x10,0x82,0x10,0x82,0x10,0x82,0x10,0x82,0x10,0x82,0x10,0x82,0x10,0x82,0x10,0x82,0x10,0x82,0x10,0x82,0x10,0x82,0x10,0x82,0x10,0x82,0x10,0x82,0x10,0x82,0x10,0x82,0x10,0x82,0x10,0x82,0x10,0x82,0x10,0x82,0x10,0x82,0x10,0x82,0x10,0x82,0x10,0x82,0x10,0x82,0x10,0x82,0x10,0x82,0x10,0x82,0x10,0x82,0x10,0x82,0x10,0x82,0x10,
	0x82,0x10,0x82,0x10,0x82,0x10,0x82,0x10,0x82,0x10,0x82,0x10,0x82,0x10,0x82,0x10,0x82,0x10,0x82,0x10,0x82,0x10,0x82,0x10,0x82,0x10,0x82,0x10,0x82,0x10,0x82,0x10,0x82,0x10,0x82,0x10,0x82,0x10,0x82,0x10,0x82,0x10,0x82,0x10,0x82,0x10,0x82,0x10,0x82,0x10,0x82,0x10,0x82,0x10,0x82,0x10,0x82,0x10,0x82,0x10,0x82,0x10,0x82,0x10,
	0x82,0x10,0x82,0x10,0x82,0x10,0x82,0x10,0x82,0x10,0x82,0x10,0x82,0x10,0x82,0x10,0x82,0x10,0x82,0x10,0x82,0x10,0x82,0x10,0x82,0x10,0x82,0x10,0x82,0x10,0x82,0x10,0x82,0x10,0x82,0x10,0x82,0x10,0x82,0x10,0x82,0x10,0x82,0x10,0x82,0x10,0x82,0x10,0x82,0x10,0x82,0x10,0x82,0x10,0x82,0x10,0x82,0x10,0x82,0x10,0x82,0x10,0x82,0x10,
	0x82,0x10,0x82,0x10,0x82,0x10,0x82,0x10,0x82,0x10,0x82,0x10,0x82,0x10,0x82,0x10,0x82,0x10,0x82,0x10,0x82,0x10,0x82,0x10,0x82,0x10,0x82,0x10,0x82,0x10,0x82,0x10,0x82,0x10,0x82,0x10,0x82,0x10,0x82,0x10,0x82,0x10,0x82,0x10,0x82,0x10,0x82,0x10,0x82,0x10,0x82,0x10,0x82,0x10,0x82,0x10,0x82,0x10,0x82,0x10,0x82,0x10,0x82,0x10,
	0x82,0x10,0x82,0x10,0x82,0x10,0x82,0x10,0x82,0x10,0x82,0x10,0x82,0x10,0x82,0x10,0x82,0x10,0x82,0x10,0x82,0x10,0x82,0x10,0x82,0x10,0x82,0x10,0x82,0x10,0x82,0x10,0x82,0x10,0x82,0x10,0x82,0x10,0x82,0x10,0x82,0x10,0x82,0x10,0x82,0x10,0x82,0x10,0x82,0x10,0x82,0x10,0x82,0x10,0x82,0x10,0x82,0x10,0x82,0x10,0x82,0x10,0x82,0x10,
	0x82,0x10,0x82,0x10,0x82,0x10,0x82,0x10,0x82,0x10,0x82,0x10,0x82,0x10,0x82,0x10,0x82,0x10,0x82,0x10,0x82,0x10,0x82,0x10,0x82,0x10,0x82,0x10,0x82,0x10,0x82,0x10,0x82,0x10,0x82,0x10,0x82,0x10,0x82,0x10,0x82,0x10,0x82,0x10,0x82,0x10,0x82,0x10,0x82,0x10,0x82,0x10,0x82,0x10,0x82,0x10,0x82,0x10,0x82,0x10,0x82,0x10,0x82,0x10,
	0x82,0x10,0x82,0x10,0x82,0x10,0x82,0x10,0x82,0x10,0x82,0x10,0x82,0x10,0x82,0x10,0x82,0x10,0x82,0x10,0x82,0x10,0x82,0x10,0x82,0x10,0x82,0x10,0x82,0x10,0x82,0x10,0x82,0x10,0x82,0x10,0x82,0x10,0x82,0x10,0x82,0x10,0x82,0x10,0x82,0x10,0x82,0x10,0x82,0x10,0x82,0x10,0x82,0x10,0x82,0x10,0x82,0x10,0x82,0x10,0x82,0x10,0x82,0x10,
	0x82,0x10,0x82,0x10,0x82,0x10,0x82,0x10,0x82,0x10,0x82,0x10,0x82,0x10,0x82,0x10,0x82,0x10,0x82,0x10,0x82,0x10,0x82,0x10,0x82,0x10,0x82,0x10,0x82,0x10,0x82,0x10,0x82,0x10,0x82,0x10,0x82,0x10,0x82,0x10,0x82,0x10,0x82,0x10,0x82,0x10,0x82,0x10,0x82,0x10,0x82,0x10,0x82,0x10,0x82,0x10,0x82,0x10,0x82,0x10,0x82,0x10,0x82,0x10,
	0x82,0x10,0x82,0x10,0x82,0x10,0x82,0x10,0x82,0x10,0x82,0x10,0x82,0x10,0x82,0x10,0x82,0x10,0x82,0x10,0x82,0x10,0x82,0x10,0x82,0x10,0x82,0x10,0x82,0x10,0x82,0x10,0x82,0x10,0x82,0x10,0x82,0x10,0x82,0x10,0x82,0x10,0x82,0x10,0x82,0x10,0x82,0x10,0x82,0x10,0x82,0x10,0x82,0x10,0x82,0x10,0x82,0x10,0x82,0x10,0x82,0x10,0x82,0x10,
	0x82,0x10,0x82,0x10,0x82,0x10,0x82,0x10,0x82,0x10,0x82,0x10,0x82,0x10,0x82,0x10,0x82,0x10,0x82,0x10,0x82,0x10,0x82,0x10,0x82,0x10,0x82,0x10,0x82,0x10,0x82,0x10,0x82,0x10,0x82,0x10,0x82,0x10,0x82,0x10,0x82,0x10,0x82,0x10,0x82,0x10,0x82,0x10,0x82,0x10,0x82,0x10,0x82,0x10,0x61,0x08,0x40,0x00,0x20,0x00,0x00,0x00,0x00,0x00,
	0x00,0x00,0x00,0x00,0x00,0x00,0x00,0x00,0x00,0x00,0x00,0x00,0x00,0x00,0x00,0x00,0x00,0x00,0x00,0x00,0x00,0x00,0x00,0x00,0x00,0x00,0x00,0x00,0x00,0x00,0x00,0x00,0x00,0x00,0x00,0x00,0x00,0x00,0x00,0x00,0x00,0x00,0x00,0x00,0x00,0x00,0x00,0x00,0x00,0x00,0x40,0x00,0x61,0x08,0x61,0x08,0x82,0x10,0x82,0x10,0x82,0x10,0x82,0x10,
	0x82,0x10,0x82,0x10,0x82,0x10,0x82,0x10,0x82,0x10,0x82,0x10,0x82,0x10,0x82,0x10,0x82,0x10,0x82,0x10,0x82,0x10,0x82,0x10,0x82,0x10,0x82,0x10,0x82,0x10,0x82,0x10,0x82,0x10,0x82,0x10,0x82,0x10,0x82,0x10,0x82,0x10,0x82,0x10,0x82,0x10,0x82,0x10,0x82,0x10,0x82,0x10,0x82,0x10,0x82,0x10,0x82,0x10,0x82,0x10,0x82,0x10,0x82,0x10,
	0x82,0x10,0x82,0x10,0x82,0x10,0x82,0x10,0x82,0x10,0x82,0x10,0x82,0x10,0x82,0x10,0x82,0x10,0x82,0x10,0x82,0x10,0x82,0x10,0x82,0x10,0x82,0x10,0x82,0x10,0x82,0x10,0x82,0x10,0x82,0x10,0x82,0x10,0x82,0x10,0x82,0x10,0x82,0x10,0x82,0x10,0x82,0x10,0x82,0x10,0x82,0x10,0x82,0x10,0x82,0x10,0x82,0x10,0x82,0x10,0x82,0x10,0x82,0x10,
	0x82,0x10,0x82,0x10,0x82,0x10,0x82,0x10,0x82,0x10,0x82,0x10,0x82,0x10,0x82,0x10,0x82,0x10,0x82,0x10,0x82,0x10,0x82,0x10,0x82,0x10,0x82,0x10,0x82,0x10,0x82,0x10,0x82,0x10,0x82,0x10,0x82,0x10,0x82,0x10,0x82,0x10,0x82,0x10,0x82,0x10,0x82,0x10,0x82,0x10,0x82,0x10,0x82,0x10,0x82,0x10,0x82,0x10,0x82,0x10,0x82,0x10,0x82,0x10,
	0x82,0x10,0x82,0x10,0x82,0x10,0x82,0x10,0x82,0x10,0x82,0x10,0x82,0x10,0x82,0x10,0x82,0x10,0x82,0x10,0x82,0x10,0x82,0x10,0x82,0x10,0x82,0x10,0x82,0x10,0x82,0x10,0x82,0x10,0x82,0x10,0x82,0x10,0x82,0x10,0x82,0x10,0x82,0x10,0x82,0x10,0x82,0x10,0x82,0x10,0x82,0x10,0x82,0x10,0x82,0x10,0x82,0x10,0x82,0x10,0x82,0x10,0x82,0x10,
	0x82,0x10,0x82,0x10,0x82,0x10,0x82,0x10,0x82,0x10,0x82,0x10,0x82,0x10,0x82,0x10,0x82,0x10,0x82,0x10,0x82,0x10,0x82,0x10,0x82,0x10,0x82,0x10,0x82,0x10,0x82,0x10,0x82,0x10,0x82,0x10,0x82,0x10,0x82,0x10,0x82,0x10,0x82,0x10,0x82,0x10,0x82,0x10,0x82,0x10,0x82,0x10,0x82,0x10,0x82,0x10,0x82,0x10,0x82,0x10,0x82,0x10,0x82,0x10,
	0x82,0x10,0x82,0x10,0x82,0x10,0x82,0x10,0x82,0x10,0x82,0x10,0x82,0x10,0x82,0x10,0x82,0x10,0x82,0x10,0x82,0x10,0x82,0x10,0x82,0x10,0x82,0x10,0x82,0x10,0x82,0x10,0x82,0x10,0x82,0x10,0x82,0x10,0x82,0x10,0x82,0x10,0x82,0x10,0x82,0x10,0x82,0x10,0x82,0x10,0x82,0x10,0x82,0x10,0x82,0x10,0x82,0x10,0x82,0x10,0x82,0x10,0x82,0x10,
	0x82,0x10,0x82,0x10,0x82,0x10,0x82,0x10,0x82,0x10,0x82,0x10,0x82,0x10,0x82,0x10,0x82,0x10,0x82,0x10,0x82,0x10,0x82,0x10,0x82,0x10,0x82,0x10,0x82,0x10,0x82,0x10,0x82,0x10,0x82,0x10,0x82,0x10,0x82,0x10,0x82,0x10,0x82,0x10,0x82,0x10,0x82,0x10,0x82,0x10,0x82,0x10,0x82,0x10,0x82,0x10,0x82,0x10,0x82,0x10,0x82,0x10,0x82,0x10,
	0x82,0x10,0x82,0x10,0x82,0x10,0x82,0x10,0x82,0x10,0x82,0x10,0x82,0x10,0x82,0x10,0x82,0x10,0x82,0x10,0x82,0x10,0x82,0x10,0x82,0x10,0x82,0x10,0x82,0x10,0x82,0x10,0x82,0x10,0x82,0x10,0x82,0x10,0x82,0x10,0x82,0x10,0x82,0x10,0x82,0x10,0x82,0x10,0x82,0x10,0x82,0x10,0x82,0x10,0x82,0x10,0x82,0x10,0x82,0x10,0x82,0x10,0x82,0x10,
	0x82,0x10,0x82,0x10,0x82,0x10,0x82,0x10,0x82,0x10,0x82,0x10,0x82,0x10,0x82,0x10,0x82,0x10,0x82,0x10,0x82,0x10,0x82,0x10,0x82,0x10,0x82,0x10,0x82,0x10,0x82,0x10,0x82,0x10,0x82,0x10,0x82,0x10,0x82,0x10,0x82,0x10,0x82,0x10,0x82,0x10,0x82,0x10,0x82,0x10,0x82,0x10,0x82,0x10,0x82,0x10,0x82,0x10,0x82,0x10,0x82,0x10,0x82,0x10,
	0x82,0x10,0x82,0x10,0x82,0x10,0x82,0x10,0x82,0x10,0x82,0x10,0x82,0x10,0x82,0x10,0x82,0x10,0x82,0x10,0x82,0x10,0x82,0x10,0x82,0x10,0x82,0x10,0x82,0x10,0x82,0x10,0x82,0x10,0x82,0x10,0x82,0x10,0x82,0x10,0x82,0x10,0x82,0x10,0x82,0x10,0x82,0x10,0x82,0x10,0x82,0x10,0x82,0x10,0x82,0x10,0x82,0x10,0x82,0x10,0x61,0x08,0x61,0x08,
	0x40,0x00,0x00,0x00,0x00,0x00,0x00,0x00,0x00,0x00,0x00,0x00,0x00,0x00,0x00,0x00,0x00,0x00,0x00,0x00,0x00,0x00,0x00,0x00,0x00,0x00,0x00,0x00,0x00,0x00,0x00,0x00,0x00,0x00,0x00,0x00,0x00,0x00,0x00,0x00,0x00,0x00,0x00,0x00,0x00,0x00,0x00,0x00,0x00,0x00,0x00,0x00,0x40,0x00,0x81,0x08,0x82,0x10,0x82,0x10,0x82,0x10,0x82,0x10,
	0x82,0x10,0x82,0x10,0x82,0x10,0x82,0x10,0x82,0x10,0x82,0x10,0x82,0x10,0x82,0x10,0x82,0x10,0x82,0x10,0x82,0x10,0x82,0x10,0x82,0x10,0x82,0x10,0x82,0x10,0x82,0x10,0x82,0x10,0x82,0x10,0x82,0x10,0x82,0x10,0x82,0x10,0x82,0x10,0x82,0x10,0x82,0x10,0x82,0x10,0x82,0x10,0x82,0x10,0x82,0x10,0x82,0x10,0x82,0x10,0x82,0x10,0x82,0x10,
	0x82,0x10,0x82,0x10,0x82,0x10,0x82,0x10,0x82,0x10,0x82,0x10,0x82,0x10,0x82,0x10,0x82,0x10,0x82,0x10,0x82,0x10,0x82,0x10,0x82,0x10,0x82,0x10,0x82,0x10,0x82,0x10,0x82,0x10,0x82,0x10,0x82,0x10,0x82,0x10,0x82,0x10,0x82,0x10,0x82,0x10,0x82,0x10,0x82,0x10,0x82,0x10,0x82,0x10,0x82,0x10,0x82,0x10,0x82,0x10,0x82,0x10,0x82,0x10,
	0x82,0x10,0x82,0x10,0x82,0x10,0x82,0x10,0x82,0x10,0x82,0x10,0x82,0x10,0x82,0x10,0x82,0x10,0x82,0x10,0x82,0x10,0x82,0x10,0x82,0x10,0x82,0x10,0x82,0x10,0x82,0x10,0x82,0x10,0x82,0x10,0x82,0x10,0x82,0x10,0x82,0x10,0x82,0x10,0x82,0x10,0x82,0x10,0x82,0x10,0x82,0x10,0x82,0x10,0x82,0x10,0x82,0x10,0x82,0x10,0x82,0x10,0x82,0x10,
	0x82,0x10,0x82,0x10,0x82,0x10,0x82,0x10,0x82,0x10,0x82,0x10,0x82,0x10,0x82,0x10,0x82,0x10,0x82,0x10,0x82,0x10,0x82,0x10,0x82,0x10,0x82,0x10,0x82,0x10,0x82,0x10,0x82,0x10,0x82,0x10,0x82,0x10,0x82,0x10,0x82,0x10,0x82,0x10,0x82,0x10,0x82,0x10,0x82,0x10,0x82,0x10,0x82,0x10,0x82,0x10,0x82,0x10,0x82,0x10,0x82,0x10,0x82,0x10,
	0x82,0x10,0x82,0x10,0x82,0x10,0x82,0x10,0x82,0x10,0x82,0x10,0x82,0x10,0x82,0x10,0x82,0x10,0x82,0x10,0x82,0x10,0x82,0x10,0x82,0x10,0x82,0x10,0x82,0x10,0x82,0x10,0x82,0x10,0x82,0x10,0x82,0x10,0x82,0x10,0x82,0x10,0x82,0x10,0x82,0x10,0x82,0x10,0x82,0x10,0x82,0x10,0x82,0x10,0x82,0x10,0x82,0x10,0x82,0x10,0x82,0x10,0x82,0x10,
	0x82,0x10,0x82,0x10,0x82,0x10,0x82,0x10,0x82,0x10,0x82,0x10,0x82,0x10,0x82,0x10,0x82,0x10,0x82,0x10,0x82,0x10,0x82,0x10,0x82,0x10,0x82,0x10,0x82,0x10,0x82,0x10,0x82,0x10,0x82,0x10,0x82,0x10,0x82,0x10,0x82,0x10,0x82,0x10,0x82,0x10,0x82,0x10,0x82,0x10,0x82,0x10,0x82,0x10,0x82,0x10,0x82,0x10,0x82,0x10,0x82,0x10,0x82,0x10,
	0x82,0x10,0x82,0x10,0x82,0x10,0x82,0x10,0x82,0x10,0x82,0x10,0x82,0x10,0x82,0x10,0x82,0x10,0x82,0x10,0x82,0x10,0x82,0x10,0x82,0x10,0x82,0x10,0x82,0x10,0x82,0x10,0x82,0x10,0x82,0x10,0x82,0x10,0x82,0x10,0x82,0x10,0x82,0x10,0x82,0x10,0x82,0x10,0x82,0x10,0x82,0x10,0x82,0x10,0x82,0x10,0x82,0x10,0x82,0x10,0x82,0x10,0x82,0x10,
	0x82,0x10,0x82,0x10,0x82,0x10,0x82,0x10,0x82,0x10,0x82,0x10,0x82,0x10,0x82,0x10,0x82,0x10,0x82,0x10,0x82,0x10,0x82,0x10,0x82,0x10,0x82,0x10,0x82,0x10,0x82,0x10,0x82,0x10,0x82,0x10,0x82,0x10,0x82,0x10,0x82,0x10,0x82,0x10,0x82,0x10,0x82,0x10,0x82,0x10,0x82,0x10,0x82,0x10,0x82,0x10,0x82,0x10,0x82,0x10,0x82,0x10,0x82,0x10,
	0x82,0x10,0x82,0x10,0x82,0x10,0x82,0x10,0x82,0x10,0x82,0x10,0x82,0x10,0x82,0x10,0x82,0x10,0x82,0x10,0x82,0x10,0x82,0x10,0x82,0x10,0x82,0x10,0x82,0x10,0x82,0x10,0x82,0x10,0x82,0x10,0x82,0x10,0x82,0x10,0x82,0x10,0x82,0x10,0x82,0x10,0x82,0x10,0x82,0x10,0x82,0x10,0x82,0x10,0x82,0x10,0x82,0x10,0x82,0x10,0x82,0x10,0x82,0x10,
	0x82,0x10,0x82,0x10,0x82,0x10,0x82,0x10,0x82,0x10,0x82,0x10,0x82,0x10,0x82,0x10,0x82,0x10,0x82,0x10,0x82,0x10,0x82,0x10,0x82,0x10,0x82,0x10,0x82,0x10,0x82,0x10,0x82,0x10,0x82,0x10,0x82,0x10,0x82,0x10,0x82,0x10,0x82,0x10,0x82,0x10,0x82,0x10,0x82,0x10,0x82,0x10,0x82,0x10,0x82,0x10,0x82,0x10,0x82,0x10,0x82,0x10,0x82,0x10,
	0x82,0x10,0x82,0x10,0x81,0x08,0x40,0x00,0x00,0x00,0x00,0x00,0x00,0x00,0x00,0x00,0x00,0x00,0x00,0x00,0x00,0x00,0x00,0x00,0x00,0x00,0x00,0x00,0x00,0x00,0x00,0x00,0x00,0x00,0x00,0x00,0x00,0x00,0x00,0x00,0x00,0x00,0x00,0x00,0x00,0x00,0x00,0x00,0x00,0x00,0x00,0x00,0x20,0x00,0x41,0x08,0x81,0x08,0x82,0x10,0x82,0x10,0x82,0x10,
	0x82,0x10,0x82,0x10,0x82,0x10,0x82,0x10,0x82,0x10,0x82,0x10,0x82,0x10,0x82,0x10,0x82,0x10,0x82,0x10,0x82,0x10,0x82,0x10,0x82,0x10,0x82,0x10,0x82,0x10,0x82,0x10,0x82,0x10,0x82,0x10,0x82,0x10,0x82,0x10,0x82,0x10,0x82,0x10,0x82,0x10,0x82,0x10,0x82,0x10,0x82,0x10,0x82,0x10,0x82,0x10,0x82,0x10,0x82,0x10,0x82,0x10,0x82,0x10,
	0x82,0x10,0x82,0x10,0x82,0x10,0x82,0x10,0x82,0x10,0x82,0x10,0x82,0x10,0x82,0x10,0x82,0x10,0x82,0x10,0x82,0x10,0x82,0x10,0x82,0x10,0x82,0x10,0x82,0x10,0x82,0x10,0x82,0x10,0x82,0x10,0x82,0x10,0x82,0x10,0x82,0x10,0x82,0x10,0x82,0x10,0x82,0x10,0x82,0x10,0x82,0x10,0x82,0x10,0x82,0x10,0x82,0x10,0x82,0x10,0x82,0x10,0x82,0x10,
	0x82,0x10,0x82,0x10,0x82,0x10,0x82,0x10,0x82,0x10,0x82,0x10,0x82,0x10,0x82,0x10,0x82,0x10,0x82,0x10,0x82,0x10,0x82,0x10,0x82,0x10,0x82,0x10,0x82,0x10,0x82,0x10,0x82,0x10,0x82,0x10,0x82,0x10,0x82,0x10,0x82,0x10,0x82,0x10,0x82,0x10,0x82,0x10,0x82,0x10,0x82,0x10,0x82,0x10,0x82,0x10,0x82,0x10,0x82,0x10,0x82,0x10,0x82,0x10,
	0x82,0x10,0x82,0x10,0x82,0x10,0x82,0x10,0x82,0x10,0x82,0x10,0x82,0x10,0x82,0x10,0x82,0x10,0x82,0x10,0x82,0x10,0x82,0x10,0x82,0x10,0x82,0x10,0x82,0x10,0x82,0x10,0x82,0x10,0x82,0x10,0x82,0x10,0x82,0x10,0x82,0x10,0x82,0x10,0x82,0x10,0x82,0x10,0x82,0x10,0x82,0x10,0x82,0x10,0x82,0x10,0x82,0x10,0x82,0x10,0x82,0x10,0x82,0x10,
	0x82,0x10,0x82,0x10,0x82,0x10,0x82,0x10,0x82,0x10,0x82,0x10,0x82,0x10,0x82,0x10,0x82,0x10,0x82,0x10,0x82,0x10,0x82,0x10,0x82,0x10,0x82,0x10,0x82,0x10,0x82,0x10,0x82,0x10,0x82,0x10,0x82,0x10,0x82,0x10,0x82,0x10,0x82,0x10,0x82,0x10,0x82,0x10,0x82,0x10,0x82,0x10,0x82,0x10,0x82,0x10,0x82,0x10,0x82,0x10,0x82,0x10,0x82,0x10,
	0x82,0x10,0x82,0x10,0x82,0x10,0x82,0x10,0x82,0x10,0x82,0x10,0x82,0x10,0x82,0x10,0x82,0x10,0x82,0x10,0x82,0x10,0x82,0x10,0x82,0x10,0x82,0x10,0x82,0x10,0x82,0x10,0x82,0x10,0x82,0x10,0x82,0x10,0x82,0x10,0x82,0x10,0x82,0x10,0x82,0x10,0x82,0x10,0x82,0x10,0x82,0x10,0x82,0x10,0x82,0x10,0x82,0x10,0x82,0x10,0x82,0x10,0x82,0x10,
	0x82,0x10,0x82,0x10,0x82,0x10,0x82,0x10,0x82,0x10,0x82,0x10,0x82,0x10,0x82,0x10,0x82,0x10,0x82,0x10,0x82,0x10,0x82,0x10,0x82,0x10,0x82,0x10,0x82,0x10,0x82,0x10,0x82,0x10,0x82,0x10,0x82,0x10,0x82,0x10,0x82,0x10,0x82,0x10,0x82,0x10,0x82,0x10,0x82,0x10,0x82,0x10,0x82,0x10,0x82,0x10,0x82,0x10,0x82,0x10,0x82,0x10,0x82,0x10,
	0x82,0x10,0x82,0x10,0x82,0x10,0x82,0x10,0x82,0x10,0x82,0x10,0x82,0x10,0x82,0x10,0x82,0x10,0x82,0x10,0x82,0x10,0x82,0x10,0x82,0x10,0x82,0x10,0x82,0x10,0x82,0x10,0x82,0x10,0x82,0x10,0x82,0x10,0x82,0x10,0x82,0x10,0x82,0x10,0x82,0x10,0x82,0x10,0x82,0x10,0x82,0x10,0x82,0x10,0x82,0x10,0x82,0x10,0x82,0x10,0x82,0x10,0x82,0x10,
	0x82,0x10,0x82,0x10,0x82,0x10,0x82,0x10,0x82,0x10,0x82,0x10,0x82,0x10,0x82,0x10,0x82,0x10,0x82,0x10,0x82,0x10,0x82,0x10,0x82,0x10,0x82,0x10,0x82,0x10,0x82,0x10,0x82,0x10,0x82,0x10,0x82,0x10,0x82,0x10,0x82,0x10,0x82,0x10,0x82,0x10,0x82,0x10,0x82,0x10,0x82,0x10,0x82,0x10,0x82,0x10,0x82,0x10,0x82,0x10,0x82,0x10,0x82,0x10,
	0x82,0x10,0x82,0x10,0x82,0x10,0x82,0x10,0x82,0x10,0x82,0x10,0x82,0x10,0x82,0x10,0x82,0x10,0x82,0x10,0x82,0x10,0x82,0x10,0x82,0x10,0x82,0x10,0x82,0x10,0x82,0x10,0x82,0x10,0x82,0x10,0x82,0x10,0x82,0x10,0x82,0x10,0x82,0x10,0x82,0x10,0x82,0x10,0x82,0x10,0x82,0x10,0x82,0x10,0x82,0x10,0x82,0x10,0x82,0x10,0x82,0x10,0x82,0x10,
	0x82,0x10,0x82,0x10,0x82,0x10,0x82,0x10,0x82,0x10,0x81,0x08,0x41,0x08,0x20,0x00,0x00,0x00,0x00,0x00,0x00,0x00,0x00,0x00,0x00,0x00,0x00,0x00,0x00,0x00,0x00,0x00,0x00,0x00,0x00,0x00,0x00,0x00,0x00,0x00,0x00,0x00,0x00,0x00,0x00,0x00,0x00,0x00,0x00,0x00,0x00,0x00,0x00,0x00,0x20,0x00,0x61,0x08,0x81,0x08,0x82,0x10,0x82,0x10,
	0x82,0x10,0x82,0x10,0x82,0x10,0x82,0x10,0x82,0x10,0x82,0x10,0x82,0x10,0x82,0x10,0x82,0x10,0x82,0x10,0x82,0x10,0x82,0x10,0x82,0x10,0x82,0x10,0x82,0x10,0x82,0x10,0x82,0x10,0x82,0x10,0x82,0x10,0x82,0x10,0x82,0x10,0x82,0x10,0x82,0x10,0x82,0x10,0x82,0x10,0x82,0x10,0x82,0x10,0x82,0x10,0x82,0x10,0x82,0x10,0x82,0x10,0x82,0x10,
	0x82,0x10,0x82,0x10,0x82,0x10,0x82,0x10,0x82,0x10,0x82,0x10,0x82,0x10,0x82,0x10,0x82,0x10,0x82,0x10,0x82,0x10,0x82,0x10,0x82,0x10,0x82,0x10,0x82,0x10,0x82,0x10,0x82,0x10,0x82,0x10,0x82,0x10,0x82,0x10,0x82,0x10,0x82,0x10,0x82,0x10,0x82,0x10,0x82,0x10,0x82,0x10,0x82,0x10,0x82,0x10,0x82,0x10,0x82,0x10,0x82,0x10,0x82,0x10,
	0x82,0x10,0x82,0x10,0x82,0x10,0x82,0x10,0x82,0x10,0x82,0x10,0x82,0x10,0x82,0x10,0x82,0x10,0x82,0x10,0x82,0x10,0x82,0x10,0x82,0x10,0x82,0x10,0x82,0x10,0x82,0x10,0x82,0x10,0x82,0x10,0x82,0x10,0x82,0x10,0x82,0x10,0x82,0x10,0x82,0x10,0x82,0x10,0x82,0x10,0x82,0x10,0x82,0x10,0x82,0x10,0x82,0x10,0x82,0x10,0x82,0x10,0x82,0x10,
	0x82,0x10,0x82,0x10,0x82,0x10,0x82,0x10,0x82,0x10,0x82,0x10,0x82,0x10,0x82,0x10,0x82,0x10,0x82,0x10,0x82,0x10,0x82,0x10,0x82,0x10,0x82,0x10,0x82,0x10,0x82,0x10,0x82,0x10,0x82,0x10,0x82,0x10,0x82,0x10,0x82,0x10,0x82,0x10,0x82,0x10,0x82,0x10,0x82,0x10,0x82,0x10,0x82,0x10,0x82,0x10,0x82,0x10,0x82,0x10,0x82,0x10,0x82,0x10,
	0x82,0x10,0x82,0x10,0x82,0x10,0x82,0x10,0x82,0x10,0x82,0x10,0x82,0x10,0x82,0x10,0x82,0x10,0x82,0x10,0x82,0x10,0x82,0x10,0x82,0x10,0x82,0x10,0x82,0x10,0x82,0x10,0x82,0x10,0x82,0x10,0x82,0x10,0x82,0x10,0x82,0x10,0x82,0x10,0x82,0x10,0x82,0x10,0x82,0x10,0x82,0x10,0x82,0x10,0x82,0x10,0x82,0x10,0x82,0x10,0x82,0x10,0x82,0x10,
	0x82,0x10,0x82,0x10,0x82,0x10,0x82,0x10,0x82,0x10,0x82,0x10,0x82,0x10,0x82,0x10,0x82,0x10,0x82,0x10,0x82,0x10,0x82,0x10,0x82,0x10,0x82,0x10,0x82,0x10,0x82,0x10,0x82,0x10,0x82,0x10,0x82,0x10,0x82,0x10,0x82,0x10,0x82,0x10,0x82,0x10,0x82,0x10,0x82,0x10,0x82,0x10,0x82,0x10,0x82,0x10,0x82,0x10,0x82,0x10,0x82,0x10,0x82,0x10,
	0x82,0x10,0x82,0x10,0x82,0x10,0x82,0x10,0x82,0x10,0x82,0x10,0x82,0x10,0x82,0x10,0x82,0x10,0x82,0x10,0x82,0x10,0x82,0x10,0x82,0x10,0x82,0x10,0x82,0x10,0x82,0x10,0x82,0x10,0x82,0x10,0x82,0x10,0x82,0x10,0x82,0x10,0x82,0x10,0x82,0x10,0x82,0x10,0x82,0x10,0x82,0x10,0x82,0x10,0x82,0x10,0x82,0x10,0x82,0x10,0x82,0x10,0x82,0x10,
	0x82,0x10,0x82,0x10,0x82,0x10,0x82,0x10,0x82,0x10,0x82,0x10,0x82,0x10,0x82,0x10,0x82,0x10,0x82,0x10,0x82,0x10,0x82,0x10,0x82,0x10,0x82,0x10,0x82,0x10,0x82,0x10,0x82,0x10,0x82,0x10,0x82,0x10,0x82,0x10,0x82,0x10,0x82,0x10,0x82,0x10,0x82,0x10,0x82,0x10,0x82,0x10,0x82,0x10,0x82,0x10,0x82,0x10,0x82,0x10,0x82,0x10,0x82,0x10,
	0x82,0x10,0x82,0x10,0x82,0x10,0x82,0x10,0x82,0x10,0x82,0x10,0x82,0x10,0x82,0x10,0x82,0x10,0x82,0x10,0x82,0x10,0x82,0x10,0x82,0x10,0x82,0x10,0x82,0x10,0x82,0x10,0x82,0x10,0x82,0x10,0x82,0x10,0x82,0x10,0x82,0x10,0x82,0x10,0x82,0x10,0x82,0x10,0x82,0x10,0x82,0x10,0x82,0x10,0x82,0x10,0x82,0x10,0x82,0x10,0x82,0x10,0x82,0x10,
	0x82,0x10,0x82,0x10,0x82,0x10,0x82,0x10,0x82,0x10,0x82,0x10,0x82,0x10,0x82,0x10,0x82,0x10,0x82,0x10,0x82,0x10,0x82,0x10,0x82,0x10,0x82,0x10,0x82,0x10,0x82,0x10,0x82,0x10,0x82,0x10,0x82,0x10,0x82,0x10,0x82,0x10,0x82,0x10,0x82,0x10,0x82,0x10,0x82,0x10,0x82,0x10,0x82,0x10,0x82,0x10,0x82,0x10,0x82,0x10,0x82,0x10,0x82,0x10,
	0x82,0x10,0x82,0x10,0x82,0x10,0x82,0x10,0x82,0x10,0x82,0x10,0x82,0x10,0x82,0x10,0x81,0x08,0x61,0x08,0x20,0x00,0x00,0x00,0x00,0x00,0x00,0x00,0x00,0x00,0x00,0x00,0x00,0x00,0x00,0x00,0x00,0x00,0x00,0x00,0x00,0x00,0x00,0x00,0x00,0x00,0x00,0x00,0x00,0x00,0x00,0x00,0x00,0x00,0x00,0x00,0x20,0x00,0x41,0x08,0x82,0x10,0x82,0x10,
	0x82,0x10,0x82,0x10,0x82,0x10,0x82,0x10,0x82,0x10,0x82,0x10,0x82,0x10,0x82,0x10,0x82,0x10,0x82,0x10,0x82,0x10,0x82,0x10,0x82,0x10,0x82,0x10,0x82,0x10,0x82,0x10,0x82,0x10,0x82,0x10,0x82,0x10,0x82,0x10,0x82,0x10,0x82,0x10,0x82,0x10,0x82,0x10,0x82,0x10,0x82,0x10,0x82,0x10,0x82,0x10,0x82,0x10,0x82,0x10,0x82,0x10,0x82,0x10,
	0x82,0x10,0x82,0x10,0x82,0x10,0x82,0x10,0x82,0x10,0x82,0x10,0x82,0x10,0x82,0x10,0x82,0x10,0x82,0x10,0x82,0x10,0x82,0x10,0x82,0x10,0x82,0x10,0x82,0x10,0x82,0x10,0x82,0x10,0x82,0x10,0x82,0x10,0x82,0x10,0x82,0x10,0x82,0x10,0x82,0x10,0x82,0x10,0x82,0x10,0x82,0x10,0x82,0x10,0x82,0x10,0x82,0x10,0x82,0x10,0x82,0x10,0x82,0x10,
	0x82,0x10,0x82,0x10,0x82,0x10,0x82,0x10,0x82,0x10,0x82,0x10,0x82,0x10,0x82,0x10,0x82,0x10,0x82,0x10,0x82,0x10,0x82,0x10,0x82,0x10,0x82,0x10,0x82,0x10,0x82,0x10,0x82,0x10,0x82,0x10,0x82,0x10,0x82,0x10,0x82,0x10,0x82,0x10,0x82,0x10,0x82,0x10,0x82,0x10,0x82,0x10,0x82,0x10,0x82,0x10,0x82,0x10,0x82,0x10,0x82,0x10,0x82,0x10,
	0x82,0x10,0x82,0x10,0x82,0x10,0x82,0x10,0x82,0x10,0x82,0x10,0x82,0x10,0x82,0x10,0x82,0x10,0x82,0x10,0x82,0x10,0x82,0x10,0x82,0x10,0x82,0x10,0x82,0x10,0x82,0x10,0x82,0x10,0x82,0x10,0x82,0x10,0x82,0x10,0x82,0x10,0x82,0x10,0x82,0x10,0x82,0x10,0x82,0x10,0x82,0x10,0x82,0x10,0x82,0x10,0x82,0x10,0x82,0x10,0x82,0x10,0x82,0x10,
	0x82,0x10,0x82,0x10,0x82,0x10,0x82,0x10,0x82,0x10,0x82,0x10,0x82,0x10,0x82,0x10,0x82,0x10,0x82,0x10,0x82,0x10,0x82,0x10,0x82,0x10,0x82,0x10,0x82,0x10,0x82,0x10,0x82,0x10,0x82,0x10,0x82,0x10,0x82,0x10,0x82,0x10,0x82,0x10,0x82,0x10,0x82,0x10,0x82,0x10,0x82,0x10,0x82,0x10,0x82,0x10,0x82,0x10,0x82,0x10,0x82,0x10,0x82,0x10,
	0x82,0x10,0x82,0x10,0x82,0x10,0x82,0x10,0x82,0x10,0x82,0x10,0x82,0x10,0x82,0x10,0x82,0x10,0x82,0x10,0x82,0x10,0x82,0x10,0x82,0x10,0x82,0x10,0x82,0x10,0x82,0x10,0x82,0x10,0x82,0x10,0x82,0x10,0x82,0x10,0x82,0x10,0x82,0x10,0x82,0x10,0x82,0x10,0x82,0x10,0x82,0x10,0x82,0x10,0x82,0x10,0x82,0x10,0x82,0x10,0x82,0x10,0x82,0x10,
	0x82,0x10,0x82,0x10,0x82,0x10,0x82,0x10,0x82,0x10,0x82,0x10,0x82,0x10,0x82,0x10,0x82,0x10,0x82,0x10,0x82,0x10,0x82,0x10,0x82,0x10,0x82,0x10,0x82,0x10,0x82,0x10,0x82,0x10,0x82,0x10,0x82,0x10,0x82,0x10,0x82,0x10,0x82,0x10,0x82,0x10,0x82,0x10,0x82,0x10,0x82,0x10,0x82,0x10,0x82,0x10,0x82,0x10,0x82,0x10,0x82,0x10,0x82,0x10,
	0x82,0x10,0x82,0x10,0x82,0x10,0x82,0x10,0x82,0x10,0x82,0x10,0x82,0x10,0x82,0x10,0x82,0x10,0x82,0x10,0x82,0x10,0x82,0x10,0x82,0x10,0x82,0x10,0x82,0x10,0x82,0x10,0x82,0x10,0x82,0x10,0x82,0x10,0x82,0x10,0x82,0x10,0x82,0x10,0x82,0x10,0x82,0x10,0x82,0x10,0x82,0x10,0x82,0x10,0x82,0x10,0x82,0x10,0x82,0x10,0x82,0x10,0x82,0x10,
	0x82,0x10,0x82,0x10,0x82,0x10,0x82,0x10,0x82,0x10,0x82,0x10,0x82,0x10,0x82,0x10,0x82,0x10,0x82,0x10,0x82,0x10,0x82,0x10,0x82,0x10,0x82,0x10,0x82,0x10,0x82,0x10,0x82,0x10,0x82,0x10,0x82,0x10,0x82,0x10,0x82,0x10,0x82,0x10,0x82,0x10,0x82,0x10,0x82,0x10,0x82,0x10,0x82,0x10,0x82,0x10,0x82,0x10,0x82,0x10,0x82,0x10,0x82,0x10,
	0x82,0x10,0x82,0x10,0x82,0x10,0x82,0x10,0x82,0x10,0x82,0x10,0x82,0x10,0x82,0x10,0x82,0x10,0x82,0x10,0x82,0x10,0x82,0x10,0x82,0x10,0x82,0x10,0x82,0x10,0x82,0x10,0x82,0x10,0x82,0x10,0x82,0x10,0x82,0x10,0x82,0x10,0x82,0x10,0x82,0x10,0x82,0x10,0x82,0x10,0x82,0x10,0x82,0x10,0x82,0x10,0x82,0x10,0x82,0x10,0x82,0x10,0x82,0x10,
	0x82,0x10,0x82,0x10,0x82,0x10,0x82,0x10,0x82,0x10,0x82,0x10,0x82,0x10,0x82,0x10,0x82,0x10,0x82,0x10,0x82,0x10,0x82,0x10,0x41,0x08,0x20,0x00,0x00,0x00,0x00,0x00,0x00,0x00,0x00,0x00,0x00,0x00,0x00,0x00,0x00,0x00,0x00,0x00,0x00,0x00,0x00,0x00,0x00,0x00,0x00,0x00,0x00,0x00,0x00,0x00,0x00,0x00,0x00,0x00,0x41,0x08,0x82,0x10,
	0x82,0x10,0x82,0x10,0x82,0x10,0x82,0x10,0x82,0x10,0x82,0x10,0x82,0x10,0x82,0x10,0x82,0x10,0x82,0x10,0x82,0x10,0x82,0x10,0x82,0x10,0x82,0x10,0x82,0x10,0x82,0x10,0x82,0x10,0x82,0x10,0x82,0x10,0x82,0x10,0x82,0x10,0x82,0x10,0x82,0x10,0x82,0x10,0x82,0x10,0x82,0x10,0x82,0x10,0x82,0x10,0x82,0x10,0x82,0x10,0x82,0x10,0x82,0x10,
	0x82,0x10,0x82,0x10,0x82,0x10,0x82,0x10,0x82,0x10,0x82,0x10,0x82,0x10,0x82,0x10,0x82,0x10,0x82,0x10,0x82,0x10,0x82,0x10,0x82,0x10,0x82,0x10,0x82,0x10,0x82,0x10,0x82,0x10,0x82,0x10,0x82,0x10,0x82,0x10,0x82,0x10,0x82,0x10,0x82,0x10,0x82,0x10,0x82,0x10,0x82,0x10,0x82,0x10,0x82,0x10,0x82,0x10,0x82,0x10,0x82,0x10,0x82,0x10,
	0x82,0x10,0x82,0x10,0x82,0x10,0x82,0x10,0x82,0x10,0x82,0x10,0x82,0x10,0x82,0x10,0x82,0x10,0x82,0x10,0x82,0x10,0x82,0x10,0x82,0x10,0x82,0x10,0x82,0x10,0x82,0x10,0x82,0x10,0x82,0x10,0x82,0x10,0x82,0x10,0x82,0x10,0x82,0x10,0x82,0x10,0x82,0x10,0x82,0x10,0x82,0x10,0x82,0x10,0x82,0x10,0x82,0x10,0x82,0x10,0x82,0x10,0x82,0x10,
	0x82,0x10,0x82,0x10,0x82,0x10,0x82,0x10,0x82,0x10,0x82,0x10,0x82,0x10,0x82,0x10,0x82,0x10,0x82,0x10,0x82,0x10,0x82,0x10,0x82,0x10,0x82,0x10,0x82,0x10,0x82,0x10,0x82,0x10,0x82,0x10,0x82,0x10,0x82,0x10,0x82,0x10,0x82,0x10,0x82,0x10,0x82,0x10,0x82,0x10,0x82,0x10,0x82,0x10,0x82,0x10,0x82,0x10,0x82,0x10,0x82,0x10,0x82,0x10,
	0x82,0x10,0x82,0x10,0x82,0x10,0x82,0x10,0x82,0x10,0x82,0x10,0x82,0x10,0x82,0x10,0x82,0x10,0x82,0x10,0x82,0x10,0x82,0x10,0x82,0x10,0x82,0x10,0x82,0x10,0x82,0x10,0x82,0x10,0x82,0x10,0x82,0x10,0x82,0x10,0x82,0x10,0x82,0x10,0x82,0x10,0x82,0x10,0x82,0x10,0x82,0x10,0x82,0x10,0x82,0x10,0x82,0x10,0x82,0x10,0x82,0x10,0x82,0x10,
	0x82,0x10,0x82,0x10,0x82,0x10,0x82,0x10,0x82,0x10,0x82,0x10,0x82,0x10,0x82,0x10,0x82,0x10,0x82,0x10,0x82,0x10,0x82,0x10,0x82,0x10,0x82,0x10,0x82,0x10,0x82,0x10,0x82,0x10,0x82,0x10,0x82,0x10,0x82,0x10,0x82,0x10,0x82,0x10,0x82,0x10,0x82,0x10,0x82,0x10,0x82,0x10,0x82,0x10,0x82,0x10,0x82,0x10,0x82,0x10,0x82,0x10,0x82,0x10,
	0x82,0x10,0x82,0x10,0x82,0x10,0x82,0x10,0x82,0x10,0x82,0x10,0x82,0x10,0x82,0x10,0x82,0x10,0x82,0x10,0x82,0x10,0x82,0x10,0x82,0x10,0x82,0x10,0x82,0x10,0x82,0x10,0x82,0x10,0x82,0x10,0x82,0x10,0x82,0x10,0x82,0x10,0x82,0x10,0x82,0x10,0x82,0x10,0x82,0x10,0x82,0x10,0x82,0x10,0x82,0x10,0x82,0x10,0x82,0x10,0x82,0x10,0x82,0x10,
	0x82,0x10,0x82,0x10,0x82,0x10,0x82,0x10,0x82,0x10,0x82,0x10,0x82,0x10,0x82,0x10,0x82,0x10,0x82,0x10,0x82,0x10,0x82,0x10,0x82,0x10,0x82,0x10,0x82,0x10,0x82,0x10,0x82,0x10,0x82,0x10,0x82,0x10,0x82,0x10,0x82,0x10,0x82,0x10,0x82,0x10,0x82,0x10,0x82,0x10,0x82,0x10,0x82,0x10,0x82,0x10,0x82,0x10,0x82,0x10,0x82,0x10,0x82,0x10,
	0x82,0x10,0x82,0x10,0x82,0x10,0x82,0x10,0x82,0x10,0x82,0x10,0x82,0x10,0x82,0x10,0x82,0x10,0x82,0x10,0x82,0x10,0x82,0x10,0x82,0x10,0x82,0x10,0x82,0x10,0x82,0x10,0x82,0x10,0x82,0x10,0x82,0x10,0x82,0x10,0x82,0x10,0x82,0x10,0x82,0x10,0x82,0x10,0x82,0x10,0x82,0x10,0x82,0x10,0x82,0x10,0x82,0x10,0x82,0x10,0x82,0x10,0x82,0x10,
	0x82,0x10,0x82,0x10,0x82,0x10,0x82,0x10,0x82,0x10,0x82,0x10,0x82,0x10,0x82,0x10,0x82,0x10,0x82,0x10,0x82,0x10,0x82,0x10,0x82,0x10,0x82,0x10,0x82,0x10,0x82,0x10,0x82,0x10,0x82,0x10,0x82,0x10,0x82,0x10,0x82,0x10,0x82,0x10,0x82,0x10,0x82,0x10,0x82,0x10,0x82,0x10,0x82,0x10,0x82,0x10,0x82,0x10,0x82,0x10,0x82,0x10,0x82,0x10,
	0x82,0x10,0x82,0x10,0x82,0x10,0x82,0x10,0x82,0x10,0x82,0x10,0x82,0x10,0x82,0x10,0x82,0x10,0x82,0x10,0x82,0x10,0x82,0x10,0x82,0x10,0x82,0x10,0x82,0x10,0x41,0x08,0x00,0x00,0x00,0x00,0x00,0x00,0x00,0x00,0x00,0x00,0x00,0x00,0x00,0x00,0x00,0x00,0x00,0x00,0x00,0x00,0x00,0x00,0x00,0x00,0x00,0x00,0x00,0x00,0x00,0x00,0x40,0x00,
	0x61,0x08,0x82,0x10,0x82,0x10,0x82,0x10,0x82,0x10,0x82,0x10,0x82,0x10,0x82,0x10,0x82,0x10,0x82,0x10,0x82,0x10,0x82,0x10,0x82,0x10,0x82,0x10,0x82,0x10,0x82,0x10,0x82,0x10,0x82,0x10,0x82,0x10,0x82,0x10,0x82,0x10,0x82,0x10,0x82,0x10,0x82,0x10,0x82,0x10,0x82,0x10,0x82,0x10,0x82,0x10,0x82,0x10,0x82,0x10,0x82,0x10,0x82,0x10,
	0x82,0x10,0x82,0x10,0x82,0x10,0x82,0x10,0x82,0x10,0x82,0x10,0x82,0x10,0x82,0x10,0x82,0x10,0x82,0x10,0x82,0x10,0x82,0x10,0x82,0x10,0x82,0x10,0x82,0x10,0x82,0x10,0x82,0x10,0x82,0x10,0x82,0x10,0x82,0x10,0x82,0x10,0x82,0x10,0x82,0x10,0x82,0x10,0x82,0x10,0x82,0x10,0x82,0x10,0x82,0x10,0x82,0x10,0x82,0x10,0x82,0x10,0x82,0x10,
	0x82,0x10,0x82,0x10,0x82,0x10,0x82,0x10,0x82,0x10,0x82,0x10,0x82,0x10,0x82,0x10,0x82,0x10,0x82,0x10,0x82,0x10,0x82,0x10,0x82,0x10,0x82,0x10,0x82,0x10,0x82,0x10,0x82,0x10,0x82,0x10,0x82,0x10,0x82,0x10,0x82,0x10,0x82,0x10,0x82,0x10,0x82,0x10,0x82,0x10,0x82,0x10,0x82,0x10,0x82,0x10,0x82,0x10,0x82,0x10,0x82,0x10,0x82,0x10,
	0x82,0x10,0x82,0x10,0x82,0x10,0x82,0x10,0x82,0x10,0x82,0x10,0x82,0x10,0x82,0x10,0x82,0x10,0x82,0x10,0x82,0x10,0x82,0x10,0x82,0x10,0x82,0x10,0x82,0x10,0x82,0x10,0x82,0x10,0x82,0x10,0x82,0x10,0x82,0x10,0x82,0x10,0x82,0x10,0x82,0x10,0x82,0x10,0x82,0x10,0x82,0x10,0x82,0x10,0x82,0x10,0x82,0x10,0x82,0x10,0x82,0x10,0x82,0x10,
	0x82,0x10,0x82,0x10,0x82,0x10,0x82,0x10,0x82,0x10,0x82,0x10,0x82,0x10,0x82,0x10,0x82,0x10,0x82,0x10,0x82,0x10,0x82,0x10,0x82,0x10,0x82,0x10,0x82,0x10,0x82,0x10,0x82,0x10,0x82,0x10,0x82,0x10,0x82,0x10,0x82,0x10,0x82,0x10,0x82,0x10,0x82,0x10,0x82,0x10,0x82,0x10,0x82,0x10,0x82,0x10,0x82,0x10,0x82,0x10,0x82,0x10,0x82,0x10,
	0x82,0x10,0x82,0x10,0x82,0x10,0x82,0x10,0x82,0x10,0x82,0x10,0x82,0x10,0x82,0x10,0x82,0x10,0x82,0x10,0x82,0x10,0x82,0x10,0x82,0x10,0x82,0x10,0x82,0x10,0x82,0x10,0x82,0x10,0x82,0x10,0x82,0x10,0x82,0x10,0x82,0x10,0x82,0x10,0x82,0x10,0x82,0x10,0x82,0x10,0x82,0x10,0x82,0x10,0x82,0x10,0x82,0x10,0x82,0x10,0x82,0x10,0x82,0x10,
	0x82,0x10,0x82,0x10,0x82,0x10,0x82,0x10,0x82,0x10,0x82,0x10,0x82,0x10,0x82,0x10,0x82,0x10,0x82,0x10,0x82,0x10,0x82,0x10,0x82,0x10,0x82,0x10,0x82,0x10,0x82,0x10,0x82,0x10,0x82,0x10,0x82,0x10,0x82,0x10,0x82,0x10,0x82,0x10,0x82,0x10,0x82,0x10,0x82,0x10,0x82,0x10,0x82,0x10,0x82,0x10,0x82,0x10,0x82,0x10,0x82,0x10,0x82,0x10,
	0x82,0x10,0x82,0x10,0x82,0x10,0x82,0x10,0x82,0x10,0x82,0x10,0x82,0x10,0x82,0x10,0x82,0x10,0x82,0x10,0x82,0x10,0x82,0x10,0x82,0x10,0x82,0x10,0x82,0x10,0x82,0x10,0x82,0x10,0x82,0x10,0x82,0x10,0x82,0x10,0x82,0x10,0x82,0x10,0x82,0x10,0x82,0x10,0x82,0x10,0x82,0x10,0x82,0x10,0x82,0x10,0x82,0x10,0x82,0x10,0x82,0x10,0x82,0x10,
	0x82,0x10,0x82,0x10,0x82,0x10,0x82,0x10,0x82,0x10,0x82,0x10,0x82,0x10,0x82,0x10,0x82,0x10,0x82,0x10,0x82,0x10,0x82,0x10,0x82,0x10,0x82,0x10,0x82,0x10,0x82,0x10,0x82,0x10,0x82,0x10,0x82,0x10,0x82,0x10,0x82,0x10,0x82,0x10,0x82,0x10,0x82,0x10,0x82,0x10,0x82,0x10,0x82,0x10,0x82,0x10,0x82,0x10,0x82,0x10,0x82,0x10,0x82,0x10,
	0x82,0x10,0x82,0x10,0x82,0x10,0x82,0x10,0x82,0x10,0x82,0x10,0x82,0x10,0x82,0x10,0x82,0x10,0x82,0x10,0x82,0x10,0x82,0x10,0x82,0x10,0x82,0x10,0x82,0x10,0x82,0x10,0x82,0x10,0x82,0x10,0x82,0x10,0x82,0x10,0x82,0x10,0x82,0x10,0x82,0x10,0x82,0x10,0x82,0x10,0x82,0x10,0x82,0x10,0x82,0x10,0x82,0x10,0x82,0x10,0x82,0x10,0x82,0x10,
	0x82,0x10,0x82,0x10,0x82,0x10,0x82,0x10,0x82,0x10,0x82,0x10,0x82,0x10,0x82,0x10,0x82,0x10,0x82,0x10,0x82,0x10,0x82,0x10,0x82,0x10,0x82,0x10,0x82,0x10,0x82,0x10,0x82,0x10,0x61,0x08,0x40,0x00,0x00,0x00,0x00,0x00,0x00,0x00,0x00,0x00,0x00,0x00,0x00,0x00,0x00,0x00,0x00,0x00,0x00,0x00,0x00,0x00,0x00,0x00,0x00,0x00,0x00,0x00,
	0x20,0x00,0x82,0x10,0x82,0x10,0x82,0x10,0x82,0x10,0x82,0x10,0x82,0x10,0x82,0x10,0x82,0x10,0x82,0x10,0x82,0x10,0x82,0x10,0x82,0x10,0x82,0x10,0x82,0x10,0x82,0x10,0x82,0x10,0x82,0x10,0x82,0x10,0x82,0x10,0x82,0x10,0x82,0x10,0x82,0x10,0x82,0x10,0x82,0x10,0x82,0x10,0x82,0x10,0x82,0x10,0x82,0x10,0x82,0x10,0x82,0x10,0x82,0x10,
	0x82,0x10,0x82,0x10,0x82,0x10,0x82,0x10,0x82,0x10,0x82,0x10,0x82,0x10,0x82,0x10,0x82,0x10,0x82,0x10,0x82,0x10,0x82,0x10,0x82,0x10,0x82,0x10,0x82,0x10,0x82,0x10,0x82,0x10,0x82,0x10,0x82,0x10,0x82,0x10,0x82,0x10,0x82,0x10,0x82,0x10,0x82,0x10,0x82,0x10,0x82,0x10,0x82,0x10,0x82,0x10,0x82,0x10,0x82,0x10,0x82,0x10,0x82,0x10,
	0x82,0x10,0x82,0x10,0x82,0x10,0x82,0x10,0x82,0x10,0x82,0x10,0x82,0x10,0x82,0x10,0x82,0x10,0x82,0x10,0x82,0x10,0x82,0x10,0x82,0x10,0x82,0x10,0x82,0x10,0x82,0x10,0x82,0x10,0x82,0x10,0x82,0x10,0x82,0x10,0x82,0x10,0x82,0x10,0x82,0x10,0x82,0x10,0x82,0x10,0x82,0x10,0x82,0x10,0x82,0x10,0x82,0x10,0x82,0x10,0x82,0x10,0x82,0x10,
	0x82,0x10,0x82,0x10,0x82,0x10,0x82,0x10,0x82,0x10,0x82,0x10,0x82,0x10,0x82,0x10,0x82,0x10,0x82,0x10,0x82,0x10,0x82,0x10,0x82,0x10,0x82,0x10,0x82,0x10,0x82,0x10,0x82,0x10,0x82,0x10,0x82,0x10,0x82,0x10,0x82,0x10,0x82,0x10,0x82,0x10,0x82,0x10,0x82,0x10,0x82,0x10,0x82,0x10,0x82,0x10,0x82,0x10,0x82,0x10,0x82,0x10,0x82,0x10,
	0x82,0x10,0x82,0x10,0x82,0x10,0x82,0x10,0x82,0x10,0x82,0x10,0x82,0x10,0x82,0x10,0x82,0x10,0x82,0x10,0x82,0x10,0x82,0x10,0x82,0x10,0x82,0x10,0x82,0x10,0x82,0x10,0x82,0x10,0x82,0x10,0x82,0x10,0x82,0x10,0x82,0x10,0x82,0x10,0x82,0x10,0x82,0x10,0x82,0x10,0x82,0x10,0x82,0x10,0x82,0x10,0x82,0x10,0x82,0x10,0x82,0x10,0x82,0x10,
	0x82,0x10,0x82,0x10,0x82,0x10,0x82,0x10,0x82,0x10,0x82,0x10,0x82,0x10,0x82,0x10,0x82,0x10,0x82,0x10,0x82,0x10,0x82,0x10,0x82,0x10,0x82,0x10,0x82,0x10,0x82,0x10,0x82,0x10,0x82,0x10,0x82,0x10,0x82,0x10,0x82,0x10,0x82,0x10,0x82,0x10,0x82,0x10,0x82,0x10,0x82,0x10,0x82,0x10,0x82,0x10,0x82,0x10,0x82,0x10,0x82,0x10,0x82,0x10,
	0x82,0x10,0x82,0x10,0x82,0x10,0x82,0x10,0x82,0x10,0x82,0x10,0x82,0x10,0x82,0x10,0x82,0x10,0x82,0x10,0x82,0x10,0x82,0x10,0x82,0x10,0x82,0x10,0x82,0x10,0x82,0x10,0x82,0x10,0x82,0x10,0x82,0x10,0x82,0x10,0x82,0x10,0x82,0x10,0x82,0x10,0x82,0x10,0x82,0x10,0x82,0x10,0x82,0x10,0x82,0x10,0x82,0x10,0x82,0x10,0x82,0x10,0x82,0x10,
	0x82,0x10,0x82,0x10,0x82,0x10,0x82,0x10,0x82,0x10,0x82,0x10,0x82,0x10,0x82,0x10,0x82,0x10,0x82,0x10,0x82,0x10,0x82,0x10,0x82,0x10,0x82,0x10,0x82,0x10,0x82,0x10,0x82,0x10,0x82,0x10,0x82,0x10,0x82,0x10,0x82,0x10,0x82,0x10,0x82,0x10,0x82,0x10,0x82,0x10,0x82,0x10,0x82,0x10,0x82,0x10,0x82,0x10,0x82,0x10,0x82,0x10,0x82,0x10,
	0x82,0x10,0x82,0x10,0x82,0x10,0x82,0x10,0x82,0x10,0x82,0x10,0x82,0x10,0x82,0x10,0x82,0x10,0x82,0x10,0x82,0x10,0x82,0x10,0x82,0x10,0x82,0x10,0x82,0x10,0x82,0x10,0x82,0x10,0x82,0x10,0x82,0x10,0x82,0x10,0x82,0x10,0x82,0x10,0x82,0x10,0x82,0x10,0x82,0x10,0x82,0x10,0x82,0x10,0x82,0x10,0x82,0x10,0x82,0x10,0x82,0x10,0x82,0x10,
	0x82,0x10,0x82,0x10,0x82,0x10,0x82,0x10,0x82,0x10,0x82,0x10,0x82,0x10,0x82,0x10,0x82,0x10,0x82,0x10,0x82,0x10,0x82,0x10,0x82,0x10,0x82,0x10,0x82,0x10,0x82,0x10,0x82,0x10,0x82,0x10,0x82,0x10,0x82,0x10,0x82,0x10,0x82,0x10,0x82,0x10,0x82,0x10,0x82,0x10,0x82,0x10,0x82,0x10,0x82,0x10,0x82,0x10,0x82,0x10,0x82,0x10,0x82,0x10,
	0x82,0x10,0x82,0x10,0x82,0x10,0x82,0x10,0x82,0x10,0x82,0x10,0x82,0x10,0x82,0x10,0x82,0x10,0x82,0x10,0x82,0x10,0x82,0x10,0x82,0x10,0x82,0x10,0x82,0x10,0x82,0x10,0x82,0x10,0x82,0x10,0x82,0x10,0x82,0x10,0x82,0x10,0x20,0x00,0x00,0x00,0x00,0x00,0x00,0x00,0x00,0x00,0x00,0x00,0x00,0x00,0x00,0x00,0x00,0x00,0x00,0x00,0x00,0x00,
	0x00,0x00,0x20,0x00,0x61,0x08,0x82,0x10,0x82,0x10,0x82,0x10,0x82,0x10,0x82,0x10,0x82,0x10,0x82,0x10,0x82,0x10,0x82,0x10,0x82,0x10,0x82,0x10,0x82,0x10,0x82,0x10,0x82,0x10,0x82,0x10,0x82,0x10,0x82,0x10,0x82,0x10,0x82,0x10,0x82,0x10,0x82,0x10,0x82,0x10,0x82,0x10,0x82,0x10,0x82,0x10,0x82,0x10,0x82,0x10,0x82,0x10,0x82,0x10,
	0x82,0x10,0x82,0x10,0x82,0x10,0x82,0x10,0x82,0x10,0x82,0x10,0x82,0x10,0x82,0x10,0x82,0x10,0x82,0x10,0x82,0x10,0x82,0x10,0x82,0x10,0x82,0x10,0x82,0x10,0x82,0x10,0x82,0x10,0x82,0x10,0x82,0x10,0x82,0x10,0x82,0x10,0x82,0x10,0x82,0x10,0x82,0x10,0x82,0x10,0x82,0x10,0x82,0x10,0x82,0x10,0x82,0x10,0x82,0x10,0x82,0x10,0x82,0x10,
	0x82,0x10,0x82,0x10,0x82,0x10,0x82,0x10,0x82,0x10,0x82,0x10,0x82,0x10,0x82,0x10,0x82,0x10,0x82,0x10,0x82,0x10,0x82,0x10,0x82,0x10,0x82,0x10,0x82,0x10,0x82,0x10,0x82,0x10,0x82,0x10,0x82,0x10,0x82,0x10,0x82,0x10,0x82,0x10,0x82,0x10,0x82,0x10,0x82,0x10,0x82,0x10,0x82,0x10,0x82,0x10,0x82,0x10,0x82,0x10,0x82,0x10,0x82,0x10,
	0x82,0x10,0x82,0x10,0x82,0x10,0x82,0x10,0x82,0x10,0x82,0x10,0x82,0x10,0x82,0x10,0x82,0x10,0x82,0x10,0x82,0x10,0x82,0x10,0x82,0x10,0x82,0x10,0x82,0x10,0x82,0x10,0x82,0x10,0x82,0x10,0x82,0x10,0x82,0x10,0x82,0x10,0x82,0x10,0x82,0x10,0x82,0x10,0x82,0x10,0x82,0x10,0x82,0x10,0x82,0x10,0x82,0x10,0x82,0x10,0x82,0x10,0x82,0x10,
	0x82,0x10,0x82,0x10,0x82,0x10,0x82,0x10,0x82,0x10,0x82,0x10,0x82,0x10,0x82,0x10,0x82,0x10,0x82,0x10,0x82,0x10,0x82,0x10,0x82,0x10,0x82,0x10,0x82,0x10,0x82,0x10,0x82,0x10,0x82,0x10,0x82,0x10,0x82,0x10,0x82,0x10,0x82,0x10,0x82,0x10,0x82,0x10,0x82,0x10,0x82,0x10,0x82,0x10,0x82,0x10,0x82,0x10,0x82,0x10,0x82,0x10,0x82,0x10,
	0x82,0x10,0x82,0x10,0x82,0x10,0x82,0x10,0x82,0x10,0x82,0x10,0x82,0x10,0x82,0x10,0x82,0x10,0x82,0x10,0x82,0x10,0x82,0x10,0x82,0x10,0x82,0x10,0x82,0x10,0x82,0x10,0x82,0x10,0x82,0x10,0x82,0x10,0x82,0x10,0x82,0x10,0x82,0x10,0x82,0x10,0x82,0x10,0x82,0x10,0x82,0x10,0x82,0x10,0x82,0x10,0x82,0x10,0x82,0x10,0x82,0x10,0x82,0x10,
	0x82,0x10,0x82,0x10,0x82,0x10,0x82,0x10,0x82,0x10,0x82,0x10,0x82,0x10,0x82,0x10,0x82,0x10,0x82,0x10,0x82,0x10,0x82,0x10,0x82,0x10,0x82,0x10,0x82,0x10,0x82,0x10,0x82,0x10,0x82,0x10,0x82,0x10,0x82,0x10,0x82,0x10,0x82,0x10,0x82,0x10,0x82,0x10,0x82,0x10,0x82,0x10,0x82,0x10,0x82,0x10,0x82,0x10,0x82,0x10,0x82,0x10,0x82,0x10,
	0x82,0x10,0x82,0x10,0x82,0x10,0x82,0x10,0x82,0x10,0x82,0x10,0x82,0x10,0x82,0x10,0x82,0x10,0x82,0x10,0x82,0x10,0x82,0x10,0x82,0x10,0x82,0x10,0x82,0x10,0x82,0x10,0x82,0x10,0x82,0x10,0x82,0x10,0x82,0x10,0x82,0x10,0x82,0x10,0x82,0x10,0x82,0x10,0x82,0x10,0x82,0x10,0x82,0x10,0x82,0x10,0x82,0x10,0x82,0x10,0x82,0x10,0x82,0x10,
	0x82,0x10,0x82,0x10,0x82,0x10,0x82,0x10,0x82,0x10,0x82,0x10,0x82,0x10,0x82,0x10,0x82,0x10,0x82,0x10,0x82,0x10,0x82,0x10,0x82,0x10,0x82,0x10,0x82,0x10,0x82,0x10,0x82,0x10,0x82,0x10,0x82,0x10,0x82,0x10,0x82,0x10,0x82,0x10,0x82,0x10,0x82,0x10,0x82,0x10,0x82,0x10,0x82,0x10,0x82,0x10,0x82,0x10,0x82,0x10,0x82,0x10,0x82,0x10,
	0x82,0x10,0x82,0x10,0x82,0x10,0x82,0x10,0x82,0x10,0x82,0x10,0x82,0x10,0x82,0x10,0x82,0x10,0x82,0x10,0x82,0x10,0x82,0x10,0x82,0x10,0x82,0x10,0x82,0x10,0x82,0x10,0x82,0x10,0x82,0x10,0x82,0x10,0x82,0x10,0x82,0x10,0x82,0x10,0x82,0x10,0x82,0x10,0x82,0x10,0x82,0x10,0x82,0x10,0x82,0x10,0x82,0x10,0x82,0x10,0x82,0x10,0x82,0x10,
	0x82,0x10,0x82,0x10,0x82,0x10,0x82,0x10,0x82,0x10,0x82,0x10,0x82,0x10,0x82,0x10,0x82,0x10,0x82,0x10,0x82,0x10,0x82,0x10,0x82,0x10,0x82,0x10,0x82,0x10,0x82,0x10,0x82,0x10,0x82,0x10,0x82,0x10,0x82,0x10,0x82,0x10,0x82,0x10,0x82,0x10,0x61,0x08,0x20,0x00,0x00,0x00,0x00,0x00,0x00,0x00,0x00,0x00,0x00,0x00,0x00,0x00,0x00,0x00,
	0x00,0x00,0x00,0x00,0x00,0x00,0x61,0x08,0x61,0x08,0x82,0x10,0x82,0x10,0x82,0x10,0x82,0x10,0x82,0x10,0x82,0x10,0x82,0x10,0x82,0x10,0x82,0x10,0x82,0x10,0x82,0x10,0x82,0x10,0x82,0x10,0x82,0x10,0x82,0x10,0x82,0x10,0x82,0x10,0x82,0x10,0x82,0x10,0x82,0x10,0x82,0x10,0x82,0x10,0x82,0x10,0x82,0x10,0x82,0x10,0x82,0x10,0x82,0x10,
	0x82,0x10,0x82,0x10,0x82,0x10,0x82,0x10,0x82,0x10,0x82,0x10,0x82,0x10,0x82,0x10,0x82,0x10,0x82,0x10,0x82,0x10,0x82,0x10,0x82,0x10,0x82,0x10,0x82,0x10,0x82,0x10,0x82,0x10,0x82,0x10,0x82,0x10,0x82,0x10,0x82,0x10,0x82,0x10,0x82,0x10,0x82,0x10,0x82,0x10,0x82,0x10,0x82,0x10,0x82,0x10,0x82,0x10,0x82,0x10,0x82,0x10,0x82,0x10,
	0x82,0x10,0x82,0x10,0x82,0x10,0x82,0x10,0x82,0x10,0x82,0x10,0x82,0x10,0x82,0x10,0x82,0x10,0x82,0x10,0x82,0x10,0x82,0x10,0x82,0x10,0x82,0x10,0x82,0x10,0x82,0x10,0x82,0x10,0x82,0x10,0x82,0x10,0x82,0x10,0x82,0x10,0x82,0x10,0x82,0x10,0x82,0x10,0x82,0x10,0x82,0x10,0x82,0x10,0x82,0x10,0x82,0x10,0x82,0x10,0x82,0x10,0x82,0x10,
	0x82,0x10,0x82,0x10,0x82,0x10,0x82,0x10,0x82,0x10,0x82,0x10,0x82,0x10,0x82,0x10,0x82,0x10,0x82,0x10,0x82,0x10,0x82,0x10,0x82,0x10,0x82,0x10,0x82,0x10,0x82,0x10,0x82,0x10,0x82,0x10,0x82,0x10,0x82,0x10,0x82,0x10,0x82,0x10,0x82,0x10,0x82,0x10,0x82,0x10,0x82,0x10,0x82,0x10,0x82,0x10,0x82,0x10,0x82,0x10,0x82,0x10,0x82,0x10,
	0x82,0x10,0x82,0x10,0x82,0x10,0x82,0x10,0x82,0x10,0x82,0x10,0x82,0x10,0x82,0x10,0x82,0x10,0x82,0x10,0x82,0x10,0x82,0x10,0x82,0x10,0x82,0x10,0x82,0x10,0x82,0x10,0x82,0x10,0x82,0x10,0x82,0x10,0x82,0x10,0x82,0x10,0x82,0x10,0x82,0x10,0x82,0x10,0x82,0x10,0x82,0x10,0x82,0x10,0x82,0x10,0x82,0x10,0x82,0x10,0x82,0x10,0x82,0x10,
	0x82,0x10,0x82,0x10,0x82,0x10,0x82,0x10,0x82,0x10,0x82,0x10,0x82,0x10,0x82,0x10,0x82,0x10,0x82,0x10,0x82,0x10,0x82,0x10,0x82,0x10,0x82,0x10,0x82,0x10,0x82,0x10,0x82,0x10,0x82,0x10,0x82,0x10,0x82,0x10,0x82,0x10,0x82,0x10,0x82,0x10,0x82,0x10,0x82,0x10,0x82,0x10,0x82,0x10,0x82,0x10,0x82,0x10,0x82,0x10,0x82,0x10,0x82,0x10,
	0x82,0x10,0x82,0x10,0x82,0x10,0x82,0x10,0x82,0x10,0x82,0x10,0x82,0x10,0x82,0x10,0x82,0x10,0x82,0x10,0x82,0x10,0x82,0x10,0x82,0x10,0x82,0x10,0x82,0x10,0x82,0x10,0x82,0x10,0x82,0x10,0x82,0x10,0x82,0x10,0x82,0x10,0x82,0x10,0x82,0x10,0x82,0x10,0x82,0x10,0x82,0x10,0x82,0x10,0x82,0x10,0x82,0x10,0x82,0x10,0x82,0x10,0x82,0x10,
	0x82,0x10,0x82,0x10,0x82,0x10,0x82,0x10,0x82,0x10,0x82,0x10,0x82,0x10,0x82,0x10,0x82,0x10,0x82,0x10,0x82,0x10,0x82,0x10,0x82,0x10,0x82,0x10,0x82,0x10,0x82,0x10,0x82,0x10,0x82,0x10,0x82,0x10,0x82,0x10,0x82,0x10,0x82,0x10,0x82,0x10,0x82,0x10,0x82,0x10,0x82,0x10,0x82,0x10,0x82,0x10,0x82,0x10,0x82,0x10,0x82,0x10,0x82,0x10,
	0x82,0x10,0x82,0x10,0x82,0x10,0x82,0x10,0x82,0x10,0x82,0x10,0x82,0x10,0x82,0x10,0x82,0x10,0x82,0x10,0x82,0x10,0x82,0x10,0x82,0x10,0x82,0x10,0x82,0x10,0x82,0x10,0x82,0x10,0x82,0x10,0x82,0x10,0x82,0x10,0x82,0x10,0x82,0x10,0x82,0x10,0x82,0x10,0x82,0x10,0x82,0x10,0x82,0x10,0x82,0x10,0x82,0x10,0x82,0x10,0x82,0x10,0x82,0x10,
	0x82,0x10,0x82,0x10,0x82,0x10,0x82,0x10,0x82,0x10,0x82,0x10,0x82,0x10,0x82,0x10,0x82,0x10,0x82,0x10,0x82,0x10,0x82,0x10,0x82,0x10,0x82,0x10,0x82,0x10,0x82,0x10,0x82,0x10,0x82,0x10,0x82,0x10,0x82,0x10,0x82,0x10,0x82,0x10,0x82,0x10,0x82,0x10,0x82,0x10,0x82,0x10,0x82,0x10,0x82,0x10,0x82,0x10,0x82,0x10,0x82,0x10,0x82,0x10,
	0x82,0x10,0x82,0x10,0x82,0x10,0x82,0x10,0x82,0x10,0x82,0x10,0x82,0x10,0x82,0x10,0x82,0x10,0x82,0x10,0x82,0x10,0x82,0x10,0x82,0x10,0x82,0x10,0x82,0x10,0x82,0x10,0x82,0x10,0x82,0x10,0x82,0x10,0x82,0x10,0x82,0x10,0x82,0x10,0x82,0x10,0x82,0x10,0x82,0x10,0x61,0x08,0x61,0x08,0x00,0x00,0x00,0x00,0x00,0x00,0x00,0x00,0x00,0x00,
	0x00,0x00,0x00,0x00,0x00,0x00,0x00,0x00,0x20,0x00,0x61,0x08,0x82,0x10,0x82,0x10,0x82,0x10,0x82,0x10,0x82,0x10,0x82,0x10,0x82,0x10,0x82,0x10,0x82,0x10,0x82,0x10,0x82,0x10,0x82,0x10,0x82,0x10,0x82,0x10,0x82,0x10,0x82,0x10,0x82,0x10,0x82,0x10,0x82,0x10,0x82,0x10,0x82,0x10,0x82,0x10,0x82,0x10,0x82,0x10,0x82,0x10,0x82,0x10,
	0x82,0x10,0x82,0x10,0x82,0x10,0x82,0x10,0x82,0x10,0x82,0x10,0x82,0x10,0x82,0x10,0x82,0x10,0x82,0x10,0x82,0x10,0x82,0x10,0x82,0x10,0x82,0x10,0x82,0x10,0x82,0x10,0x82,0x10,0x82,0x10,0x82,0x10,0x82,0x10,0x82,0x10,0x82,0x10,0x82,0x10,0x82,0x10,0x82,0x10,0x82,0x10,0x82,0x10,0x82,0x10,0x82,0x10,0x82,0x10,0x82,0x10,0x82,0x10,
	0x82,0x10,0x82,0x10,0x82,0x10,0x82,0x10,0x82,0x10,0x82,0x10,0x82,0x10,0x82,0x10,0x82,0x10,0x82,0x10,0x82,0x10,0x82,0x10,0x82,0x10,0x82,0x10,0x82,0x10,0x82,0x10,0x82,0x10,0x82,0x10,0x82,0x10,0x82,0x10,0x82,0x10,0x82,0x10,0x82,0x10,0x82,0x10,0x82,0x10,0x82,0x10,0x82,0x10,0x82,0x10,0x82,0x10,0x82,0x10,0x82,0x10,0x82,0x10,
	0x82,0x10,0x82,0x10,0x82,0x10,0x82,0x10,0x82,0x10,0x82,0x10,0x82,0x10,0x82,0x10,0x82,0x10,0x82,0x10,0x82,0x10,0x82,0x10,0x82,0x10,0x82,0x10,0x82,0x10,0x82,0x10,0x82,0x10,0x82,0x10,0x82,0x10,0x82,0x10,0x82,0x10,0x82,0x10,0x82,0x10,0x82,0x10,0x82,0x10,0x82,0x10,0x82,0x10,0x82,0x10,0x82,0x10,0x82,0x10,0x82,0x10,0x82,0x10,
	0x82,0x10,0x82,0x10,0x82,0x10,0x82,0x10,0x82,0x10,0x82,0x10,0x82,0x10,0x82,0x10,0x82,0x10,0x82,0x10,0x82,0x10,0x82,0x10,0x82,0x10,0x82,0x10,0x82,0x10,0x82,0x10,0x82,0x10,0x82,0x10,0x82,0x10,0x82,0x10,0x82,0x10,0x82,0x10,0x82,0x10,0x82,0x10,0x82,0x10,0x82,0x10,0x82,0x10,0x82,0x10,0x82,0x10,0x82,0x10,0x82,0x10,0x82,0x10,
	0x82,0x10,0x82,0x10,0x82,0x10,0x82,0x10,0x82,0x10,0x82,0x10,0x82,0x10,0x82,0x10,0x82,0x10,0x82,0x10,0x82,0x10,0x82,0x10,0x82,0x10,0x82,0x10,0x82,0x10,0x82,0x10,0x82,0x10,0x82,0x10,0x82,0x10,0x82,0x10,0x82,0x10,0x82,0x10,0x82,0x10,0x82,0x10,0x82,0x10,0x82,0x10,0x82,0x10,0x82,0x10,0x82,0x10,0x82,0x10,0x82,0x10,0x82,0x10,
	0x82,0x10,0x82,0x10,0x82,0x10,0x82,0x10,0x82,0x10,0x82,0x10,0x82,0x10,0x82,0x10,0x82,0x10,0x82,0x10,0x82,0x10,0x82,0x10,0x82,0x10,0x82,0x10,0x82,0x10,0x82,0x10,0x82,0x10,0x82,0x10,0x82,0x10,0x82,0x10,0x82,0x10,0x82,0x10,0x82,0x10,0x82,0x10,0x82,0x10,0x82,0x10,0x82,0x10,0x82,0x10,0x82,0x10,0x82,0x10,0x82,0x10,0x82,0x10,
	0x82,0x10,0x82,0x10,0x82,0x10,0x82,0x10,0x82,0x10,0x82,0x10,0x82,0x10,0x82,0x10,0x82,0x10,0x82,0x10,0x82,0x10,0x82,0x10,0x82,0x10,0x82,0x10,0x82,0x10,0x82,0x10,0x82,0x10,0x82,0x10,0x82,0x10,0x82,0x10,0x82,0x10,0x82,0x10,0x82,0x10,0x82,0x10,0x82,0x10,0x82,0x10,0x82,0x10,0x82,0x10,0x82,0x10,0x82,0x10,0x82,0x10,0x82,0x10,
	0x82,0x10,0x82,0x10,0x82,0x10,0x82,0x10,0x82,0x10,0x82,0x10,0x82,0x10,0x82,0x10,0x82,0x10,0x82,0x10,0x82,0x10,0x82,0x10,0x82,0x10,0x82,0x10,0x82,0x10,0x82,0x10,0x82,0x10,0x82,0x10,0x82,0x10,0x82,0x10,0x82,0x10,0x82,0x10,0x82,0x10,0x82,0x10,0x82,0x10,0x82,0x10,0x82,0x10,0x82,0x10,0x82,0x10,0x82,0x10,0x82,0x10,0x82,0x10,
	0x82,0x10,0x82,0x10,0x82,0x10,0x82,0x10,0x82,0x10,0x82,0x10,0x82,0x10,0x82,0x10,0x82,0x10,0x82,0x10,0x82,0x10,0x82,0x10,0x82,0x10,0x82,0x10,0x82,0x10,0x82,0x10,0x82,0x10,0x82,0x10,0x82,0x10,0x82,0x10,0x82,0x10,0x82,0x10,0x82,0x10,0x82,0x10,0x82,0x10,0x82,0x10,0x82,0x10,0x82,0x10,0x82,0x10,0x82,0x10,0x82,0x10,0x82,0x10,
	0x82,0x10,0x82,0x10,0x82,0x10,0x82,0x10,0x82,0x10,0x82,0x10,0x82,0x10,0x82,0x10,0x82,0x10,0x82,0x10,0x82,0x10,0x82,0x10,0x82,0x10,0x82,0x10,0x82,0x10,0x82,0x10,0x82,0x10,0x82,0x10,0x82,0x10,0x82,0x10,0x82,0x10,0x82,0x10,0x82,0x10,0x82,0x10,0x82,0x10,0x82,0x10,0x82,0x10,0x82,0x10,0x61,0x08,0x20,0x00,0x00,0x00,0x00,0x00,
	0x00,0x00,0x00,0x00,0x00,0x00,0x00,0x00,0x00,0x00,0x20,0x00,0x41,0x08,0x82,0x10,0x82,0x10,0x82,0x10,0x82,0x10,0x82,0x10,0x82,0x10,0x82,0x10,0x82,0x10,0x82,0x10,0x82,0x10,0x82,0x10,0x82,0x10,0x82,0x10,0x82,0x10,0x82,0x10,0x82,0x10,0x82,0x10,0x82,0x10,0x82,0x10,0x82,0x10,0x82,0x10,0x82,0x10,0x82,0x10,0x82,0x10,0x82,0x10,
	0x82,0x10,0x82,0x10,0x82,0x10,0x82,0x10,0x82,0x10,0x82,0x10,0x82,0x10,0x82,0x10,0x82,0x10,0x82,0x10,0x82,0x10,0x82,0x10,0x82,0x10,0x82,0x10,0x82,0x10,0x82,0x10,0x82,0x10,0x82,0x10,0x82,0x10,0x82,0x10,0x82,0x10,0x82,0x10,0x82,0x10,0x82,0x10,0x82,0x10,0x82,0x10,0x82,0x10,0x82,0x10,0x82,0x10,0x82,0x10,0x82,0x10,0x82,0x10,
	0x82,0x10,0x82,0x10,0x82,0x10,0x82,0x10,0x82,0x10,0x82,0x10,0x82,0x10,0x82,0x10,0x82,0x10,0x82,0x10,0x82,0x10,0x82,0x10,0x82,0x10,0x82,0x10,0x82,0x10,0x82,0x10,0x82,0x10,0x82,0x10,0x82,0x10,0x82,0x10,0x82,0x10,0x82,0x10,0x82,0x10,0x82,0x10,0x82,0x10,0x82,0x10,0x82,0x10,0x82,0x10,0x82,0x10,0x82,0x10,0x82,0x10,0x82,0x10,
	0x82,0x10,0x82,0x10,0x82,0x10,0x82,0x10,0x82,0x10,0x82,0x10,0x82,0x10,0x82,0x10,0x82,0x10,0x82,0x10,0x82,0x10,0x82,0x10,0x82,0x10,0x82,0x10,0x82,0x10,0x82,0x10,0x82,0x10,0x82,0x10,0x82,0x10,0x82,0x10,0x82,0x10,0x82,0x10,0x82,0x10,0x82,0x10,0x82,0x10,0x82,0x10,0x82,0x10,0x82,0x10,0x82,0x10,0x82,0x10,0x82,0x10,0x82,0x10,
	0x82,0x10,0x82,0x10,0x82,0x10,0x82,0x10,0x82,0x10,0x82,0x10,0x82,0x10,0x82,0x10,0x82,0x10,0x82,0x10,0x82,0x10,0x82,0x10,0x82,0x10,0x82,0x10,0x82,0x10,0x82,0x10,0x82,0x10,0x82,0x10,0x82,0x10,0x82,0x10,0x82,0x10,0x82,0x10,0x82,0x10,0x82,0x10,0x82,0x10,0x82,0x10,0x82,0x10,0x82,0x10,0x82,0x10,0x82,0x10,0x82,0x10,0x82,0x10,
	0x82,0x10,0x82,0x10,0x82,0x10,0x82,0x10,0x82,0x10,0x82,0x10,0x82,0x10,0x82,0x10,0x82,0x10,0x82,0x10,0x82,0x10,0x82,0x10,0x82,0x10,0x82,0x10,0x82,0x10,0x82,0x10,0x82,0x10,0x82,0x10,0x82,0x10,0x82,0x10,0x82,0x10,0x82,0x10,0x82,0x10,0x82,0x10,0x82,0x10,0x82,0x10,0x82,0x10,0x82,0x10,0x82,0x10,0x82,0x10,0x82,0x10,0x82,0x10,
	0x82,0x10,0x82,0x10,0x82,0x10,0x82,0x10,0x82,0x10,0x82,0x10,0x82,0x10,0x82,0x10,0x82,0x10,0x82,0x10,0x82,0x10,0x82,0x10,0x82,0x10,0x82,0x10,0x82,0x10,0x82,0x10,0x82,0x10,0x82,0x10,0x82,0x10,0x82,0x10,0x82,0x10,0x82,0x10,0x82,0x10,0x82,0x10,0x82,0x10,0x82,0x10,0x82,0x10,0x82,0x10,0x82,0x10,0x82,0x10,0x82,0x10,0x82,0x10,
	0x82,0x10,0x82,0x10,0x82,0x10,0x82,0x10,0x82,0x10,0x82,0x10,0x82,0x10,0x82,0x10,0x82,0x10,0x82,0x10,0x82,0x10,0x82,0x10,0x82,0x10,0x82,0x10,0x82,0x10,0x82,0x10,0x82,0x10,0x82,0x10,0x82,0x10,0x82,0x10,0x82,0x10,0x82,0x10,0x82,0x10,0x82,0x10,0x82,0x10,0x82,0x10,0x82,0x10,0x82,0x10,0x82,0x10,0x82,0x10,0x82,0x10,0x82,0x10,
	0x82,0x10,0x82,0x10,0x82,0x10,0x82,0x10,0x82,0x10,0x82,0x10,0x82,0x10,0x82,0x10,0x82,0x10,0x82,0x10,0x82,0x10,0x82,0x10,0x82,0x10,0x82,0x10,0x82,0x10,0x82,0x10,0x82,0x10,0x82,0x10,0x82,0x10,0x82,0x10,0x82,0x10,0x82,0x10,0x82,0x10,0x82,0x10,0x82,0x10,0x82,0x10,0x82,0x10,0x82,0x10,0x82,0x10,0x82,0x10,0x82,0x10,0x82,0x10,
	0x82,0x10,0x82,0x10,0x82,0x10,0x82,0x10,0x82,0x10,0x82,0x10,0x82,0x10,0x82,0x10,0x82,0x10,0x82,0x10,0x82,0x10,0x82,0x10,0x82,0x10,0x82,0x10,0x82,0x10,0x82,0x10,0x82,0x10,0x82,0x10,0x82,0x10,0x82,0x10,0x82,0x10,0x82,0x10,0x82,0x10,0x82,0x10,0x82,0x10,0x82,0x10,0x82,0x10,0x82,0x10,0x82,0x10,0x82,0x10,0x82,0x10,0x82,0x10,
	0x82,0x10,0x82,0x10,0x82,0x10,0x82,0x10,0x82,0x10,0x82,0x10,0x82,0x10,0x82,0x10,0x82,0x10,0x82,0x10,0x82,0x10,0x82,0x10,0x82,0x10,0x82,0x10,0x82,0x10,0x82,0x10,0x82,0x10,0x82,0x10,0x82,0x10,0x82,0x10,0x82,0x10,0x82,0x10,0x82,0x10,0x82,0x10,0x82,0x10,0x82,0x10,0x82,0x10,0x82,0x10,0x82,0x10,0x82,0x10,0x82,0x10,0x41,0x08,
	0x20,0x00,0x00,0x00,0x00,0x00,0x00,0x00,0x00,0x00,0x00,0x00,0x00,0x00,0x41,0x08,0x82,0x10,0x82,0x10,0x82,0x10,0x82,0x10,0x82,0x10,0x82,0x10,0x82,0x10,0x82,0x10,0x82,0x10,0x82,0x10,0x82,0x10,0x82,0x10,0x82,0x10,0x82,0x10,0x82,0x10,0x82,0x10,0x82,0x10,0x82,0x10,0x82,0x10,0x82,0x10,0x82,0x10,0x82,0x10,0x82,0x10,0x82,0x10,
	0x82,0x10,0x82,0x10,0x82,0x10,0x82,0x10,0x82,0x10,0x82,0x10,0x82,0x10,0x82,0x10,0x82,0x10,0x82,0x10,0x82,0x10,0x82,0x10,0x82,0x10,0x82,0x10,0x82,0x10,0x82,0x10,0x82,0x10,0x82,0x10,0x82,0x10,0x82,0x10,0x82,0x10,0x82,0x10,0x82,0x10,0x82,0x10,0x82,0x10,0x82,0x10,0x82,0x10,0x82,0x10,0x82,0x10,0x82,0x10,0x82,0x10,0x82,0x10,
	0x82,0x10,0x82,0x10,0x82,0x10,0x82,0x10,0x82,0x10,0x82,0x10,0x82,0x10,0x82,0x10,0x82,0x10,0x82,0x10,0x82,0x10,0x82,0x10,0x82,0x10,0x82,0x10,0x82,0x10,0x82,0x10,0x82,0x10,0x82,0x10,0x82,0x10,0x82,0x10,0x82,0x10,0x82,0x10,0x82,0x10,0x82,0x10,0x82,0x10,0x82,0x10,0x82,0x10,0x82,0x10,0x82,0x10,0x82,0x10,0x82,0x10,0x82,0x10,
	0x82,0x10,0x82,0x10,0x82,0x10,0x82,0x10,0x82,0x10,0x82,0x10,0x82,0x10,0x82,0x10,0x82,0x10,0x82,0x10,0x82,0x10,0x82,0x10,0x82,0x10,0x82,0x10,0x82,0x10,0x82,0x10,0x82,0x10,0x82,0x10,0x82,0x10,0x82,0x10,0x82,0x10,0x82,0x10,0x82,0x10,0x82,0x10,0x82,0x10,0x82,0x10,0x82,0x10,0x82,0x10,0x82,0x10,0x82,0x10,0x82,0x10,0x82,0x10,
	0x82,0x10,0x82,0x10,0x82,0x10,0x82,0x10,0x82,0x10,0x82,0x10,0x82,0x10,0x82,0x10,0x82,0x10,0x82,0x10,0x82,0x10,0x82,0x10,0x82,0x10,0x82,0x10,0x82,0x10,0x82,0x10,0x82,0x10,0x82,0x10,0x82,0x10,0x82,0x10,0x82,0x10,0x82,0x10,0x82,0x10,0x82,0x10,0x82,0x10,0x82,0x10,0x82,0x10,0x82,0x10,0x82,0x10,0x82,0x10,0x82,0x10,0x82,0x10,
	0x82,0x10,0x82,0x10,0x82,0x10,0x82,0x10,0x82,0x10,0x82,0x10,0x82,0x10,0x82,0x10,0x82,0x10,0x82,0x10,0x82,0x10,0x82,0x10,0x82,0x10,0x82,0x10,0x82,0x10,0x82,0x10,0x82,0x10,0x82,0x10,0x82,0x10,0x82,0x10,0x82,0x10,0x82,0x10,0x82,0x10,0x82,0x10,0x82,0x10,0x82,0x10,0x82,0x10,0x82,0x10,0x82,0x10,0x82,0x10,0x82,0x10,0x82,0x10,
	0x82,0x10,0x82,0x10,0x82,0x10,0x82,0x10,0x82,0x10,0x82,0x10,0x82,0x10,0x82,0x10,0x82,0x10,0x82,0x10,0x82,0x10,0x82,0x10,0x82,0x10,0x82,0x10,0x82,0x10,0x82,0x10,0x82,0x10,0x82,0x10,0x82,0x10,0x82,0x10,0x82,0x10,0x82,0x10,0x82,0x10,0x82,0x10,0x82,0x10,0x82,0x10,0x82,0x10,0x82,0x10,0x82,0x10,0x82,0x10,0x82,0x10,0x82,0x10,
	0x82,0x10,0x82,0x10,0x82,0x10,0x82,0x10,0x82,0x10,0x82,0x10,0x82,0x10,0x82,0x10,0x82,0x10,0x82,0x10,0x82,0x10,0x82,0x10,0x82,0x10,0x82,0x10,0x82,0x10,0x82,0x10,0x82,0x10,0x82,0x10,0x82,0x10,0x82,0x10,0x82,0x10,0x82,0x10,0x82,0x10,0x82,0x10,0x82,0x10,0x82,0x10,0x82,0x10,0x82,0x10,0x82,0x10,0x82,0x10,0x82,0x10,0x82,0x10,
	0x82,0x10,0x82,0x10,0x82,0x10,0x82,0x10,0x82,0x10,0x82,0x10,0x82,0x10,0x82,0x10,0x82,0x10,0x82,0x10,0x82,0x10,0x82,0x10,0x82,0x10,0x82,0x10,0x82,0x10,0x82,0x10,0x82,0x10,0x82,0x10,0x82,0x10,0x82,0x10,0x82,0x10,0x82,0x10,0x82,0x10,0x82,0x10,0x82,0x10,0x82,0x10,0x82,0x10,0x82,0x10,0x82,0x10,0x82,0x10,0x82,0x10,0x82,0x10,
	0x82,0x10,0x82,0x10,0x82,0x10,0x82,0x10,0x82,0x10,0x82,0x10,0x82,0x10,0x82,0x10,0x82,0x10,0x82,0x10,0x82,0x10,0x82,0x10,0x82,0x10,0x82,0x10,0x82,0x10,0x82,0x10,0x82,0x10,0x82,0x10,0x82,0x10,0x82,0x10,0x82,0x10,0x82,0x10,0x82,0x10,0x82,0x10,0x82,0x10,0x82,0x10,0x82,0x10,0x82,0x10,0x82,0x10,0x82,0x10,0x82,0x10,0x82,0x10,
	0x82,0x10,0x82,0x10,0x82,0x10,0x82,0x10,0x82,0x10,0x82,0x10,0x82,0x10,0x82,0x10,0x82,0x10,0x82,0x10,0x82,0x10,0x82,0x10,0x82,0x10,0x82,0x10,0x82,0x10,0x82,0x10,0x82,0x10,0x82,0x10,0x82,0x10,0x82,0x10,0x82,0x10,0x82,0x10,0x82,0x10,0x82,0x10,0x82,0x10,0x82,0x10,0x82,0x10,0x82,0x10,0x82,0x10,0x82,0x10,0x82,0x10,0x82,0x10,
	0x82,0x10,0x82,0x10,0x41,0x08,0x00,0x00,0x00,0x00,0x00,0x00,0x00,0x00,0x00,0x00,0x00,0x00,0x61,0x08,0x82,0x10,0x82,0x10,0x82,0x10,0x82,0x10,0x82,0x10,0x82,0x10,0x82,0x10,0x82,0x10,0x82,0x10,0x82,0x10,0x82,0x10,0x82,0x10,0x82,0x10,0x82,0x10,0x82,0x10,0x82,0x10,0x82,0x10,0x82,0x10,0x82,0x10,0x82,0x10,0x82,0x10,0x82,0x10,
	0x82,0x10,0x82,0x10,0x82,0x10,0x82,0x10,0x82,0x10,0x82,0x10,0x82,0x10,0x82,0x10,0x82,0x10,0x82,0x10,0x82,0x10,0x82,0x10,0x82,0x10,0x82,0x10,0x82,0x10,0x82,0x10,0x82,0x10,0x82,0x10,0x82,0x10,0x82,0x10,0x82,0x10,0x82,0x10,0x82,0x10,0x82,0x10,0x82,0x10,0x82,0x10,0x82,0x10,0x82,0x10,0x82,0x10,0x82,0x10,0x82,0x10,0x82,0x10,
	0x82,0x10,0x82,0x10,0x82,0x10,0x82,0x10,0x82,0x10,0x82,0x10,0x82,0x10,0x82,0x10,0x82,0x10,0x82,0x10,0x82,0x10,0x82,0x10,0x82,0x10,0x82,0x10,0x82,0x10,0x82,0x10,0x82,0x10,0x82,0x10,0x82,0x10,0x82,0x10,0x82,0x10,0x82,0x10,0x82,0x10,0x82,0x10,0x82,0x10,0x82,0x10,0x82,0x10,0x82,0x10,0x82,0x10,0x82,0x10,0x82,0x10,0x82,0x10,
	0x82,0x10,0x82,0x10,0x82,0x10,0x82,0x10,0x82,0x10,0x82,0x10,0x82,0x10,0x82,0x10,0x82,0x10,0x82,0x10,0x82,0x10,0x82,0x10,0x82,0x10,0x82,0x10,0x82,0x10,0x82,0x10,0x82,0x10,0x82,0x10,0x82,0x10,0x82,0x10,0x82,0x10,0x82,0x10,0x82,0x10,0x82,0x10,0x82,0x10,0x82,0x10,0x82,0x10,0x82,0x10,0x82,0x10,0x82,0x10,0x82,0x10,0x82,0x10,
	0x82,0x10,0x82,0x10,0x82,0x10,0x82,0x10,0x82,0x10,0x82,0x10,0x82,0x10,0x82,0x10,0x82,0x10,0x82,0x10,0x82,0x10,0x82,0x10,0x82,0x10,0x82,0x10,0x82,0x10,0x82,0x10,0x82,0x10,0x82,0x10,0x82,0x10,0x82,0x10,0x82,0x10,0x82,0x10,0x82,0x10,0x82,0x10,0x82,0x10,0x82,0x10,0x82,0x10,0x82,0x10,0x82,0x10,0x82,0x10,0x82,0x10,0x82,0x10,
	0x82,0x10,0x82,0x10,0x82,0x10,0x82,0x10,0x82,0x10,0x82,0x10,0x82,0x10,0x82,0x10,0x82,0x10,0x82,0x10,0x82,0x10,0x82,0x10,0x82,0x10,0x82,0x10,0x82,0x10,0x82,0x10,0x82,0x10,0x82,0x10,0x82,0x10,0x82,0x10,0x82,0x10,0x82,0x10,0x82,0x10,0x82,0x10,0x82,0x10,0x82,0x10,0x82,0x10,0x82,0x10,0x82,0x10,0x82,0x10,0x82,0x10,0x82,0x10,
	0x82,0x10,0x82,0x10,0x82,0x10,0x82,0x10,0x82,0x10,0x82,0x10,0x82,0x10,0x82,0x10,0x82,0x10,0x82,0x10,0x82,0x10,0x82,0x10,0x82,0x10,0x82,0x10,0x82,0x10,0x82,0x10,0x82,0x10,0x82,0x10,0x82,0x10,0x82,0x10,0x82,0x10,0x82,0x10,0x82,0x10,0x82,0x10,0x82,0x10,0x82,0x10,0x82,0x10,0x82,0x10,0x82,0x10,0x82,0x10,0x82,0x10,0x82,0x10,
	0x82,0x10,0x82,0x10,0x82,0x10,0x82,0x10,0x82,0x10,0x82,0x10,0x82,0x10,0x82,0x10,0x82,0x10,0x82,0x10,0x82,0x10,0x82,0x10,0x82,0x10,0x82,0x10,0x82,0x10,0x82,0x10,0x82,0x10,0x82,0x10,0x82,0x10,0x82,0x10,0x82,0x10,0x82,0x10,0x82,0x10,0x82,0x10,0x82,0x10,0x82,0x10,0x82,0x10,0x82,0x10,0x82,0x10,0x82,0x10,0x82,0x10,0x82,0x10,
	0x82,0x10,0x82,0x10,0x82,0x10,0x82,0x10,0x82,0x10,0x82,0x10,0x82,0x10,0x82,0x10,0x82,0x10,0x82,0x10,0x82,0x10,0x82,0x10,0x82,0x10,0x82,0x10,0x82,0x10,0x82,0x10,0x82,0x10,0x82,0x10,0x82,0x10,0x82,0x10,0x82,0x10,0x82,0x10,0x82,0x10,0x82,0x10,0x82,0x10,0x82,0x10,0x82,0x10,0x82,0x10,0x82,0x10,0x82,0x10,0x82,0x10,0x82,0x10,
	0x82,0x10,0x82,0x10,0x82,0x10,0x82,0x10,0x82,0x10,0x82,0x10,0x82,0x10,0x82,0x10,0x82,0x10,0x82,0x10,0x82,0x10,0x82,0x10,0x82,0x10,0x82,0x10,0x82,0x10,0x82,0x10,0x82,0x10,0x82,0x10,0x82,0x10,0x82,0x10,0x82,0x10,0x82,0x10,0x82,0x10,0x82,0x10,0x82,0x10,0x82,0x10,0x82,0x10,0x82,0x10,0x82,0x10,0x82,0x10,0x82,0x10,0x82,0x10,
	0x82,0x10,0x82,0x10,0x82,0x10,0x82,0x10,0x82,0x10,0x82,0x10,0x82,0x10,0x82,0x10,0x82,0x10,0x82,0x10,0x82,0x10,0x82,0x10,0x82,0x10,0x82,0x10,0x82,0x10,0x82,0x10,0x82,0x10,0x82,0x10,0x82,0x10,0x82,0x10,0x82,0x10,0x82,0x10,0x82,0x10,0x82,0x10,0x82,0x10,0x82,0x10,0x82,0x10,0x82,0x10,0x82,0x10,0x82,0x10,0x82,0x10,0x82,0x10,
	0x82,0x10,0x82,0x10,0x82,0x10,0x82,0x10,0x61,0x08,0x00,0x00,0x00,0x00,0x00,0x00,0x00,0x00,0x00,0x00,0x20,0x00,0x61,0x08,0x82,0x10,0x82,0x10,0x82,0x10,0x82,0x10,0x82,0x10,0x82,0x10,0x82,0x10,0x82,0x10,0x82,0x10,0x82,0x10,0x82,0x10,0x82,0x10,0x82,0x10,0x82,0x10,0x82,0x10,0x82,0x10,0x82,0x10,0x82,0x10,0x82,0x10,0x82,0x10,
	0x82,0x10,0x82,0x10,0x82,0x10,0x82,0x10,0x82,0x10,0x82,0x10,0x82,0x10,0x82,0x10,0x82,0x10,0x82,0x10,0x82,0x10,0x82,0x10,0x82,0x10,0x82,0x10,0x82,0x10,0x82,0x10,0x82,0x10,0x82,0x10,0x82,0x10,0x82,0x10,0x82,0x10,0x82,0x10,0x82,0x10,0x82,0x10,0x82,0x10,0x82,0x10,0x82,0x10,0x82,0x10,0x82,0x10,0x82,0x10,0x82,0x10,0x82,0x10,
	0x82,0x10,0x82,0x10,0x82,0x10,0x82,0x10,0x82,0x10,0x82,0x10,0x82,0x10,0x82,0x10,0x82,0x10,0x82,0x10,0x82,0x10,0x82,0x10,0x82,0x10,0x82,0x10,0x82,0x10,0x82,0x10,0x82,0x10,0x82,0x10,0x82,0x10,0x82,0x10,0x82,0x10,0x82,0x10,0x82,0x10,0x82,0x10,0x82,0x10,0x82,0x10,0x82,0x10,0x82,0x10,0x82,0x10,0x82,0x10,0x82,0x10,0x82,0x10,
	0x82,0x10,0x82,0x10,0x82,0x10,0x82,0x10,0x82,0x10,0x82,0x10,0x82,0x10,0x82,0x10,0x82,0x10,0x82,0x10,0x82,0x10,0x82,0x10,0x82,0x10,0x82,0x10,0x82,0x10,0x82,0x10,0x82,0x10,0x82,0x10,0x82,0x10,0x82,0x10,0x82,0x10,0x82,0x10,0x82,0x10,0x82,0x10,0x82,0x10,0x82,0x10,0x82,0x10,0x82,0x10,0x82,0x10,0x82,0x10,0x82,0x10,0x82,0x10,
	0x82,0x10,0x82,0x10,0x82,0x10,0x82,0x10,0x82,0x10,0x82,0x10,0x82,0x10,0x82,0x10,0x82,0x10,0x82,0x10,0x82,0x10,0x82,0x10,0x82,0x10,0x82,0x10,0x82,0x10,0x82,0x10,0x82,0x10,0x82,0x10,0x82,0x10,0x82,0x10,0x82,0x10,0x82,0x10,0x82,0x10,0x82,0x10,0x82,0x10,0x82,0x10,0x82,0x10,0x82,0x10,0x82,0x10,0x82,0x10,0x82,0x10,0x82,0x10,
	0x82,0x10,0x82,0x10,0x82,0x10,0x82,0x10,0x82,0x10,0x82,0x10,0x82,0x10,0x82,0x10,0x82,0x10,0x82,0x10,0x82,0x10,0x82,0x10,0x82,0x10,0x82,0x10,0x82,0x10,0x82,0x10,0x82,0x10,0x82,0x10,0x82,0x10,0x82,0x10,0x82,0x10,0x82,0x10,0x82,0x10,0x82,0x10,0x82,0x10,0x82,0x10,0x82,0x10,0x82,0x10,0x82,0x10,0x82,0x10,0x82,0x10,0x82,0x10,
	0x82,0x10,0x82,0x10,0x82,0x10,0x82,0x10,0x82,0x10,0x82,0x10,0x82,0x10,0x82,0x10,0x82,0x10,0x82,0x10,0x82,0x10,0x82,0x10,0x82,0x10,0x82,0x10,0x82,0x10,0x82,0x10,0x82,0x10,0x82,0x10,0x82,0x10,0x82,0x10,0x82,0x10,0x82,0x10,0x82,0x10,0x82,0x10,0x82,0x10,0x82,0x10,0x82,0x10,0x82,0x10,0x82,0x10,0x82,0x10,0x82,0x10,0x82,0x10,
	0x82,0x10,0x82,0x10,0x82,0x10,0x82,0x10,0x82,0x10,0x82,0x10,0x82,0x10,0x82,0x10,0x82,0x10,0x82,0x10,0x82,0x10,0x82,0x10,0x82,0x10,0x82,0x10,0x82,0x10,0x82,0x10,0x82,0x10,0x82,0x10,0x82,0x10,0x82,0x10,0x82,0x10,0x82,0x10,0x82,0x10,0x82,0x10,0x82,0x10,0x82,0x10,0x82,0x10,0x82,0x10,0x82,0x10,0x82,0x10,0x82,0x10,0x82,0x10,
	0x82,0x10,0x82,0x10,0x82,0x10,0x82,0x10,0x82,0x10,0x82,0x10,0x82,0x10,0x82,0x10,0x82,0x10,0x82,0x10,0x82,0x10,0x82,0x10,0x82,0x10,0x82,0x10,0x82,0x10,0x82,0x10,0x82,0x10,0x82,0x10,0x82,0x10,0x82,0x10,0x82,0x10,0x82,0x10,0x82,0x10,0x82,0x10,0x82,0x10,0x82,0x10,0x82,0x10,0x82,0x10,0x82,0x10,0x82,0x10,0x82,0x10,0x82,0x10,
	0x82,0x10,0x82,0x10,0x82,0x10,0x82,0x10,0x82,0x10,0x82,0x10,0x82,0x10,0x82,0x10,0x82,0x10,0x82,0x10,0x82,0x10,0x82,0x10,0x82,0x10,0x82,0x10,0x82,0x10,0x82,0x10,0x82,0x10,0x82,0x10,0x82,0x10,0x82,0x10,0x82,0x10,0x82,0x10,0x82,0x10,0x82,0x10,0x82,0x10,0x82,0x10,0x82,0x10,0x82,0x10,0x82,0x10,0x82,0x10,0x82,0x10,0x82,0x10,
	0x82,0x10,0x82,0x10,0x82,0x10,0x82,0x10,0x82,0x10,0x82,0x10,0x82,0x10,0x82,0x10,0x82,0x10,0x82,0x10,0x82,0x10,0x82,0x10,0x82,0x10,0x82,0x10,0x82,0x10,0x82,0x10,0x82,0x10,0x82,0x10,0x82,0x10,0x82,0x10,0x82,0x10,0x82,0x10,0x82,0x10,0x82,0x10,0x82,0x10,0x82,0x10,0x82,0x10,0x82,0x10,0x82,0x10,0x82,0x10,0x82,0x10,0x82,0x10,
	0x82,0x10,0x82,0x10,0x82,0x10,0x82,0x10,0x82,0x10,0x82,0x10,0x61,0x08,0x20,0x00,0x00,0x00,0x00,0x00,0x00,0x00,0x20,0x00,0x40,0x00,0x61,0x08,0x82,0x10,0x82,0x10,0x82,0x10,0x82,0x10,0x82,0x10,0x82,0x10,0x82,0x10,0x82,0x10,0x82,0x10,0x82,0x10,0x82,0x10,0x82,0x10,0x82,0x10,0x82,0x10,0x82,0x10,0x82,0x10,0x82,0x10,0x82,0x10,
	0x82,0x10,0x82,0x10,0x82,0x10,0x82,0x10,0x82,0x10,0x82,0x10,0x82,0x10,0x82,0x10,0x82,0x10,0x82,0x10,0x82,0x10,0x82,0x10,0x82,0x10,0x82,0x10,0x82,0x10,0x82,0x10,0x82,0x10,0x82,0x10,0x82,0x10,0x82,0x10,0x82,0x10,0x82,0x10,0x82,0x10,0x82,0x10,0x82,0x10,0x82,0x10,0x82,0x10,0x82,0x10,0x82,0x10,0x82,0x10,0x82,0x10,0x82,0x10,
	0x82,0x10,0x82,0x10,0x82,0x10,0x82,0x10,0x82,0x10,0x82,0x10,0x82,0x10,0x82,0x10,0x82,0x10,0x82,0x10,0x82,0x10,0x82,0x10,0x82,0x10,0x82,0x10,0x82,0x10,0x82,0x10,0x82,0x10,0x82,0x10,0x82,0x10,0x82,0x10,0x82,0x10,0x82,0x10,0x82,0x10,0x82,0x10,0x82,0x10,0x82,0x10,0x82,0x10,0x82,0x10,0x82,0x10,0x82,0x10,0x82,0x10,0x82,0x10,
	0x82,0x10,0x82,0x10,0x82,0x10,0x82,0x10,0x82,0x10,0x82,0x10,0x82,0x10,0x82,0x10,0x82,0x10,0x82,0x10,0x82,0x10,0x82,0x10,0x82,0x10,0x82,0x10,0x82,0x10,0x82,0x10,0x82,0x10,0x82,0x10,0x82,0x10,0x82,0x10,0x82,0x10,0x82,0x10,0x82,0x10,0x82,0x10,0x82,0x10,0x82,0x10,0x82,0x10,0x82,0x10,0x82,0x10,0x82,0x10,0x82,0x10,0x82,0x10,
	0x82,0x10,0x82,0x10,0x82,0x10,0x82,0x10,0x82,0x10,0x82,0x10,0x82,0x10,0x82,0x10,0x82,0x10,0x82,0x10,0x82,0x10,0x82,0x10,0x82,0x10,0x82,0x10,0x82,0x10,0x82,0x10,0x82,0x10,0x82,0x10,0x82,0x10,0x82,0x10,0x82,0x10,0x82,0x10,0x82,0x10,0x82,0x10,0x82,0x10,0x82,0x10,0x82,0x10,0x82,0x10,0x82,0x10,0x82,0x10,0x82,0x10,0x82,0x10,
	0x82,0x10,0x82,0x10,0x82,0x10,0x82,0x10,0x82,0x10,0x82,0x10,0x82,0x10,0x82,0x10,0x82,0x10,0x82,0x10,0x82,0x10,0x82,0x10,0x82,0x10,0x82,0x10,0x82,0x10,0x82,0x10,0x82,0x10,0x82,0x10,0x82,0x10,0x82,0x10,0x82,0x10,0x82,0x10,0x82,0x10,0x82,0x10,0x82,0x10,0x82,0x10,0x82,0x10,0x82,0x10,0x82,0x10,0x82,0x10,0x82,0x10,0x82,0x10,
	0x82,0x10,0x82,0x10,0x82,0x10,0x82,0x10,0x82,0x10,0x82,0x10,0x82,0x10,0x82,0x10,0x82,0x10,0x82,0x10,0x82,0x10,0x82,0x10,0x82,0x10,0x82,0x10,0x82,0x10,0x82,0x10,0x82,0x10,0x82,0x10,0x82,0x10,0x82,0x10,0x82,0x10,0x82,0x10,0x82,0x10,0x82,0x10,0x82,0x10,0x82,0x10,0x82,0x10,0x82,0x10,0x82,0x10,0x82,0x10,0x82,0x10,0x82,0x10,
	0x82,0x10,0x82,0x10,0x82,0x10,0x82,0x10,0x82,0x10,0x82,0x10,0x82,0x10,0x82,0x10,0x82,0x10,0x82,0x10,0x82,0x10,0x82,0x10,0x82,0x10,0x82,0x10,0x82,0x10,0x82,0x10,0x82,0x10,0x82,0x10,0x82,0x10,0x82,0x10,0x82,0x10,0x82,0x10,0x82,0x10,0x82,0x10,0x82,0x10,0x82,0x10,0x82,0x10,0x82,0x10,0x82,0x10,0x82,0x10,0x82,0x10,0x82,0x10,
	0x82,0x10,0x82,0x10,0x82,0x10,0x82,0x10,0x82,0x10,0x82,0x10,0x82,0x10,0x82,0x10,0x82,0x10,0x82,0x10,0x82,0x10,0x82,0x10,0x82,0x10,0x82,0x10,0x82,0x10,0x82,0x10,0x82,0x10,0x82,0x10,0x82,0x10,0x82,0x10,0x82,0x10,0x82,0x10,0x82,0x10,0x82,0x10,0x82,0x10,0x82,0x10,0x82,0x10,0x82,0x10,0x82,0x10,0x82,0x10,0x82,0x10,0x82,0x10,
	0x82,0x10,0x82,0x10,0x82,0x10,0x82,0x10,0x82,0x10,0x82,0x10,0x82,0x10,0x82,0x10,0x82,0x10,0x82,0x10,0x82,0x10,0x82,0x10,0x82,0x10,0x82,0x10,0x82,0x10,0x82,0x10,0x82,0x10,0x82,0x10,0x82,0x10,0x82,0x10,0x82,0x10,0x82,0x10,0x82,0x10,0x82,0x10,0x82,0x10,0x82,0x10,0x82,0x10,0x82,0x10,0x82,0x10,0x82,0x10,0x82,0x10,0x82,0x10,
	0x82,0x10,0x82,0x10,0x82,0x10,0x82,0x10,0x82,0x10,0x82,0x10,0x82,0x10,0x82,0x10,0x82,0x10,0x82,0x10,0x82,0x10,0x82,0x10,0x82,0x10,0x82,0x10,0x82,0x10,0x82,0x10,0x82,0x10,0x82,0x10,0x82,0x10,0x82,0x10,0x82,0x10,0x82,0x10,0x82,0x10,0x82,0x10,0x82,0x10,0x82,0x10,0x82,0x10,0x82,0x10,0x82,0x10,0x82,0x10,0x82,0x10,0x82,0x10,
	0x82,0x10,0x82,0x10,0x82,0x10,0x82,0x10,0x82,0x10,0x82,0x10,0x82,0x10,0x82,0x10,0x61,0x08,0x40,0x00,0x20,0x00,0x00,0x00,0x00,0x00,0x20,0x00,0x61,0x08,0x82,0x10,0x82,0x10,0x82,0x10,0x82,0x10,0x82,0x10,0x82,0x10,0x82,0x10,0x82,0x10,0x82,0x10,0x82,0x10,0x82,0x10,0x82,0x10,0x82,0x10,0x82,0x10,0x82,0x10,0x82,0x10,0x82,0x10,
	0x82,0x10,0x82,0x10,0x82,0x10,0x82,0x10,0x82,0x10,0x82,0x10,0x82,0x10,0x82,0x10,0x82,0x10,0x82,0x10,0x82,0x10,0x82,0x10,0x82,0x10,0x82,0x10,0x82,0x10,0x82,0x10,0x82,0x10,0x82,0x10,0x82,0x10,0x82,0x10,0x82,0x10,0x82,0x10,0x82,0x10,0x82,0x10,0x82,0x10,0x82,0x10,0x82,0x10,0x82,0x10,0x82,0x10,0x82,0x10,0x82,0x10,0x82,0x10,
	0x82,0x10,0x82,0x10,0x82,0x10,0x82,0x10,0x82,0x10,0x82,0x10,0x82,0x10,0x82,0x10,0x82,0x10,0x82,0x10,0x82,0x10,0x82,0x10,0x82,0x10,0x82,0x10,0x82,0x10,0x82,0x10,0x82,0x10,0x82,0x10,0x82,0x10,0x82,0x10,0x82,0x10,0x82,0x10,0x82,0x10,0x82,0x10,0x82,0x10,0x82,0x10,0x82,0x10,0x82,0x10,0x82,0x10,0x82,0x10,0x82,0x10,0x82,0x10,
	0x82,0x10,0x82,0x10,0x82,0x10,0x82,0x10,0x82,0x10,0x82,0x10,0x82,0x10,0x82,0x10,0x82,0x10,0x82,0x10,0x82,0x10,0x82,0x10,0x82,0x10,0x82,0x10,0x82,0x10,0x82,0x10,0x82,0x10,0x82,0x10,0x82,0x10,0x82,0x10,0x82,0x10,0x82,0x10,0x82,0x10,0x82,0x10,0x82,0x10,0x82,0x10,0x82,0x10,0x82,0x10,0x82,0x10,0x82,0x10,0x82,0x10,0x82,0x10,
	0x82,0x10,0x82,0x10,0x82,0x10,0x82,0x10,0x82,0x10,0x82,0x10,0x82,0x10,0x82,0x10,0x82,0x10,0x82,0x10,0x82,0x10,0x82,0x10,0x82,0x10,0x82,0x10,0x82,0x10,0x82,0x10,0x82,0x10,0x82,0x10,0x82,0x10,0x82,0x10,0x82,0x10,0x82,0x10,0x82,0x10,0x82,0x10,0x82,0x10,0x82,0x10,0x82,0x10,0x82,0x10,0x82,0x10,0x82,0x10,0x82,0x10,0x82,0x10,
	0x82,0x10,0x82,0x10,0x82,0x10,0x82,0x10,0x82,0x10,0x82,0x10,0x82,0x10,0x82,0x10,0x82,0x10,0x82,0x10,0x82,0x10,0x82,0x10,0x82,0x10,0x82,0x10,0x82,0x10,0x82,0x10,0x82,0x10,0x82,0x10,0x82,0x10,0x82,0x10,0x82,0x10,0x82,0x10,0x82,0x10,0x82,0x10,0x82,0x10,0x82,0x10,0x82,0x10,0x82,0x10,0x82,0x10,0x82,0x10,0x82,0x10,0x82,0x10,
	0x82,0x10,0x82,0x10,0x82,0x10,0x82,0x10,0x82,0x10,0x82,0x10,0x82,0x10,0x82,0x10,0x82,0x10,0x82,0x10,0x82,0x10,0x82,0x10,0x82,0x10,0x82,0x10,0x82,0x10,0x82,0x10,0x82,0x10,0x82,0x10,0x82,0x10,0x82,0x10,0x82,0x10,0x82,0x10,0x82,0x10,0x82,0x10,0x82,0x10,0x82,0x10,0x82,0x10,0x82,0x10,0x82,0x10,0x82,0x10,0x82,0x10,0x82,0x10,
	0x82,0x10,0x82,0x10,0x82,0x10,0x82,0x10,0x82,0x10,0x82,0x10,0x82,0x10,0x82,0x10,0x82,0x10,0x82,0x10,0x82,0x10,0x82,0x10,0x82,0x10,0x82,0x10,0x82,0x10,0x82,0x10,0x82,0x10,0x82,0x10,0x82,0x10,0x82,0x10,0x82,0x10,0x82,0x10,0x82,0x10,0x82,0x10,0x82,0x10,0x82,0x10,0x82,0x10,0x82,0x10,0x82,0x10,0x82,0x10,0x82,0x10,0x82,0x10,
	0x82,0x10,0x82,0x10,0x82,0x10,0x82,0x10,0x82,0x10,0x82,0x10,0x82,0x10,0x82,0x10,0x82,0x10,0x82,0x10,0x82,0x10,0x82,0x10,0x82,0x10,0x82,0x10,0x82,0x10,0x82,0x10,0x82,0x10,0x82,0x10,0x82,0x10,0x82,0x10,0x82,0x10,0x82,0x10,0x82,0x10,0x82,0x10,0x82,0x10,0x82,0x10,0x82,0x10,0x82,0x10,0x82,0x10,0x82,0x10,0x82,0x10,0x82,0x10,
	0x82,0x10,0x82,0x10,0x82,0x10,0x82,0x10,0x82,0x10,0x82,0x10,0x82,0x10,0x82,0x10,0x82,0x10,0x82,0x10,0x82,0x10,0x82,0x10,0x82,0x10,0x82,0x10,0x82,0x10,0x82,0x10,0x82,0x10,0x82,0x10,0x82,0x10,0x82,0x10,0x82,0x10,0x82,0x10,0x82,0x10,0x82,0x10,0x82,0x10,0x82,0x10,0x82,0x10,0x82,0x10,0x82,0x10,0x82,0x10,0x82,0x10,0x82,0x10,
	0x82,0x10,0x82,0x10,0x82,0x10,0x82,0x10,0x82,0x10,0x82,0x10,0x82,0x10,0x82,0x10,0x82,0x10,0x82,0x10,0x82,0x10,0x82,0x10,0x82,0x10,0x82,0x10,0x82,0x10,0x82,0x10,0x82,0x10,0x82,0x10,0x82,0x10,0x82,0x10,0x82,0x10,0x82,0x10,0x82,0x10,0x82,0x10,0x82,0x10,0x82,0x10,0x82,0x10,0x82,0x10,0x82,0x10,0x82,0x10,0x82,0x10,0x82,0x10,
	0x82,0x10,0x82,0x10,0x82,0x10,0x82,0x10,0x82,0x10,0x82,0x10,0x82,0x10,0x82,0x10,0x82,0x10,0x82,0x10,0x82,0x10,0x61,0x08,0x20,0x00,0x00,0x00,0x00,0x00,0x20,0x00,0x82,0x10,0x82,0x10,0x82,0x10,0x82,0x10,0x82,0x10,0x82,0x10,0x82,0x10,0x82,0x10,0x82,0x10,0x82,0x10,0x82,0x10,0x82,0x10,0x82,0x10,0x82,0x10,0x82,0x10,0x82,0x10,
	0x82,0x10,0x82,0x10,0x82,0x10,0x82,0x10,0x82,0x10,0x82,0x10,0x82,0x10,0x82,0x10,0x82,0x10,0x82,0x10,0x82,0x10,0x82,0x10,0x82,0x10,0x82,0x10,0x82,0x10,0x82,0x10,0x82,0x10,0x82,0x10,0x82,0x10,0x82,0x10,0x82,0x10,0x82,0x10,0x82,0x10,0x82,0x10,0x82,0x10,0x82,0x10,0x82,0x10,0x82,0x10,0x82,0x10,0x82,0x10,0x82,0x10,0x82,0x10,
	0x82,0x10,0x82,0x10,0x82,0x10,0x82,0x10,0x82,0x10,0x82,0x10,0x82,0x10,0x82,0x10,0x82,0x10,0x82,0x10,0x82,0x10,0x82,0x10,0x82,0x10,0x82,0x10,0x82,0x10,0x82,0x10,0x82,0x10,0x82,0x10,0x82,0x10,0x82,0x10,0x82,0x10,0x82,0x10,0x82,0x10,0x82,0x10,0x82,0x10,0x82,0x10,0x82,0x10,0x82,0x10,0x82,0x10,0x82,0x10,0x82,0x10,0x82,0x10,
	0x82,0x10,0x82,0x10,0x82,0x10,0x82,0x10,0x82,0x10,0x82,0x10,0x82,0x10,0x82,0x10,0x82,0x10,0x82,0x10,0x82,0x10,0x82,0x10,0x82,0x10,0x82,0x10,0x82,0x10,0x82,0x10,0x82,0x10,0x82,0x10,0x82,0x10,0x82,0x10,0x82,0x10,0x82,0x10,0x82,0x10,0x82,0x10,0x82,0x10,0x82,0x10,0x82,0x10,0x82,0x10,0x82,0x10,0x82,0x10,0x82,0x10,0x82,0x10,
	0x82,0x10,0x82,0x10,0x82,0x10,0x82,0x10,0x82,0x10,0x82,0x10,0x82,0x10,0x82,0x10,0x82,0x10,0x82,0x10,0x82,0x10,0x82,0x10,0x82,0x10,0x82,0x10,0x82,0x10,0x82,0x10,0x82,0x10,0x82,0x10,0x82,0x10,0x82,0x10,0x82,0x10,0x82,0x10,0x82,0x10,0x82,0x10,0x82,0x10,0x82,0x10,0x82,0x10,0x82,0x10,0x82,0x10,0x82,0x10,0x82,0x10,0x82,0x10,
	0x82,0x10,0x82,0x10,0x82,0x10,0x82,0x10,0x82,0x10,0x82,0x10,0x82,0x10,0x82,0x10,0x82,0x10,0x82,0x10,0x82,0x10,0x82,0x10,0x82,0x10,0x82,0x10,0x82,0x10,0x82,0x10,0x82,0x10,0x82,0x10,0x82,0x10,0x82,0x10,0x82,0x10,0x82,0x10,0x82,0x10,0x82,0x10,0x82,0x10,0x82,0x10,0x82,0x10,0x82,0x10,0x82,0x10,0x82,0x10,0x82,0x10,0x82,0x10,
	0x82,0x10,0x82,0x10,0x82,0x10,0x82,0x10,0x82,0x10,0x82,0x10,0x82,0x10,0x82,0x10,0x82,0x10,0x82,0x10,0x82,0x10,0x82,0x10,0x82,0x10,0x82,0x10,0x82,0x10,0x82,0x10,0x82,0x10,0x82,0x10,0x82,0x10,0x82,0x10,0x82,0x10,0x82,0x10,0x82,0x10,0x82,0x10,0x82,0x10,0x82,0x10,0x82,0x10,0x82,0x10,0x82,0x10,0x82,0x10,0x82,0x10,0x82,0x10,
	0x82,0x10,0x82,0x10,0x82,0x10,0x82,0x10,0x82,0x10,0x82,0x10,0x82,0x10,0x82,0x10,0x82,0x10,0x82,0x10,0x82,0x10,0x82,0x10,0x82,0x10,0x82,0x10,0x82,0x10,0x82,0x10,0x82,0x10,0x82,0x10,0x82,0x10,0x82,0x10,0x82,0x10,0x82,0x10,0x82,0x10,0x82,0x10,0x82,0x10,0x82,0x10,0x82,0x10,0x82,0x10,0x82,0x10,0x82,0x10,0x82,0x10,0x82,0x10,
	0x82,0x10,0x82,0x10,0x82,0x10,0x82,0x10,0x82,0x10,0x82,0x10,0x82,0x10,0x82,0x10,0x82,0x10,0x82,0x10,0x82,0x10,0x82,0x10,0x82,0x10,0x82,0x10,0x82,0x10,0x82,0x10,0x82,0x10,0x82,0x10,0x82,0x10,0x82,0x10,0x82,0x10,0x82,0x10,0x82,0x10,0x82,0x10,0x82,0x10,0x82,0x10,0x82,0x10,0x82,0x10,0x82,0x10,0x82,0x10,0x82,0x10,0x82,0x10,
	0x82,0x10,0x82,0x10,0x82,0x10,0x82,0x10,0x82,0x10,0x82,0x10,0x82,0x10,0x82,0x10,0x82,0x10,0x82,0x10,0x82,0x10,0x82,0x10,0x82,0x10,0x82,0x10,0x82,0x10,0x82,0x10,0x82,0x10,0x82,0x10,0x82,0x10,0x82,0x10,0x82,0x10,0x82,0x10,0x82,0x10,0x82,0x10,0x82,0x10,0x82,0x10,0x82,0x10,0x82,0x10,0x82,0x10,0x82,0x10,0x82,0x10,0x82,0x10,
	0x82,0x10,0x82,0x10,0x82,0x10,0x82,0x10,0x82,0x10,0x82,0x10,0x82,0x10,0x82,0x10,0x82,0x10,0x82,0x10,0x82,0x10,0x82,0x10,0x82,0x10,0x82,0x10,0x82,0x10,0x82,0x10,0x82,0x10,0x82,0x10,0x82,0x10,0x82,0x10,0x82,0x10,0x82,0x10,0x82,0x10,0x82,0x10,0x82,0x10,0x82,0x10,0x82,0x10,0x82,0x10,0x82,0x10,0x82,0x10,0x82,0x10,0x82,0x10,
	0x82,0x10,0x82,0x10,0x82,0x10,0x82,0x10,0x82,0x10,0x82,0x10,0x82,0x10,0x82,0x10,0x82,0x10,0x82,0x10,0x82,0x10,0x82,0x10,0x82,0x10,0x82,0x10,0x20,0x00,0x00,0x00,0x00,0x00,0x40,0x00,0x82,0x10,0x82,0x10,0x82,0x10,0x82,0x10,0x82,0x10,0x82,0x10,0x82,0x10,0x82,0x10,0x82,0x10,0x82,0x10,0x82,0x10,0x82,0x10,0x82,0x10,0x82,0x10,
	0x82,0x10,0x82,0x10,0x82,0x10,0x82,0x10,0x82,0x10,0x82,0x10,0x82,0x10,0x82,0x10,0x82,0x10,0x82,0x10,0x82,0x10,0x82,0x10,0x82,0x10,0x82,0x10,0x82,0x10,0x82,0x10,0x82,0x10,0x82,0x10,0x82,0x10,0x82,0x10,0x82,0x10,0x82,0x10,0x82,0x10,0x82,0x10,0x82,0x10,0x82,0x10,0x82,0x10,0x82,0x10,0x82,0x10,0x82,0x10,0x82,0x10,0x82,0x10,
	0x82,0x10,0x82,0x10,0x82,0x10,0x82,0x10,0x82,0x10,0x82,0x10,0x82,0x10,0x82,0x10,0x82,0x10,0x82,0x10,0x82,0x10,0x82,0x10,0x82,0x10,0x82,0x10,0x82,0x10,0x82,0x10,0x82,0x10,0x82,0x10,0x82,0x10,0x82,0x10,0x82,0x10,0x82,0x10,0x82,0x10,0x82,0x10,0x82,0x10,0x82,0x10,0x82,0x10,0x82,0x10,0x82,0x10,0x82,0x10,0x82,0x10,0x82,0x10,
	0x82,0x10,0x82,0x10,0x82,0x10,0x82,0x10,0x82,0x10,0x82,0x10,0x82,0x10,0x82,0x10,0x82,0x10,0x82,0x10,0x82,0x10,0x82,0x10,0x82,0x10,0x82,0x10,0x82,0x10,0x82,0x10,0x82,0x10,0x82,0x10,0x82,0x10,0x82,0x10,0x82,0x10,0x82,0x10,0x82,0x10,0x82,0x10,0x82,0x10,0x82,0x10,0x82,0x10,0x82,0x10,0x82,0x10,0x82,0x10,0x82,0x10,0x82,0x10,
	0x82,0x10,0x82,0x10,0x82,0x10,0x82,0x10,0x82,0x10,0x82,0x10,0x82,0x10,0x82,0x10,0x82,0x10,0x82,0x10,0x82,0x10,0x82,0x10,0x82,0x10,0x82,0x10,0x82,0x10,0x82,0x10,0x82,0x10,0x82,0x10,0x82,0x10,0x82,0x10,0x82,0x10,0x82,0x10,0x82,0x10,0x82,0x10,0x82,0x10,0x82,0x10,0x82,0x10,0x82,0x10,0x82,0x10,0x82,0x10,0x82,0x10,0x82,0x10,
	0x82,0x10,0x82,0x10,0x82,0x10,0x82,0x10,0x82,0x10,0x82,0x10,0x82,0x10,0x82,0x10,0x82,0x10,0x82,0x10,0x82,0x10,0x82,0x10,0x82,0x10,0x82,0x10,0x82,0x10,0x82,0x10,0x82,0x10,0x82,0x10,0x82,0x10,0x82,0x10,0x82,0x10,0x82,0x10,0x82,0x10,0x82,0x10,0x82,0x10,0x82,0x10,0x82,0x10,0x82,0x10,0x82,0x10,0x82,0x10,0x82,0x10,0x82,0x10,
	0x82,0x10,0x82,0x10,0x82,0x10,0x82,0x10,0x82,0x10,0x82,0x10,0x82,0x10,0x82,0x10,0x82,0x10,0x82,0x10,0x82,0x10,0x82,0x10,0x82,0x10,0x82,0x10,0x82,0x10,0x82,0x10,0x82,0x10,0x82,0x10,0x82,0x10,0x82,0x10,0x82,0x10,0x82,0x10,0x82,0x10,0x82,0x10,0x82,0x10,0x82,0x10,0x82,0x10,0x82,0x10,0x82,0x10,0x82,0x10,0x82,0x10,0x82,0x10,
	0x82,0x10,0x82,0x10,0x82,0x10,0x82,0x10,0x82,0x10,0x82,0x10,0x82,0x10,0x82,0x10,0x82,0x10,0x82,0x10,0x82,0x10,0x82,0x10,0x82,0x10,0x82,0x10,0x82,0x10,0x82,0x10,0x82,0x10,0x82,0x10,0x82,0x10,0x82,0x10,0x82,0x10,0x82,0x10,0x82,0x10,0x82,0x10,0x82,0x10,0x82,0x10,0x82,0x10,0x82,0x10,0x82,0x10,0x82,0x10,0x82,0x10,0x82,0x10,
	0x82,0x10,0x82,0x10,0x82,0x10,0x82,0x10,0x82,0x10,0x82,0x10,0x82,0x10,0x82,0x10,0x82,0x10,0x82,0x10,0x82,0x10,0x82,0x10,0x82,0x10,0x82,0x10,0x82,0x10,0x82,0x10,0x82,0x10,0x82,0x10,0x82,0x10,0x82,0x10,0x82,0x10,0x82,0x10,0x82,0x10,0x82,0x10,0x82,0x10,0x82,0x10,0x82,0x10,0x82,0x10,0x82,0x10,0x82,0x10,0x82,0x10,0x82,0x10,
	0x82,0x10,0x82,0x10,0x82,0x10,0x82,0x10,0x82,0x10,0x82,0x10,0x82,0x10,0x82,0x10,0x82,0x10,0x82,0x10,0x82,0x10,0x82,0x10,0x82,0x10,0x82,0x10,0x82,0x10,0x82,0x10,0x82,0x10,0x82,0x10,0x82,0x10,0x82,0x10,0x82,0x10,0x82,0x10,0x82,0x10,0x82,0x10,0x82,0x10,0x82,0x10,0x82,0x10,0x82,0x10,0x82,0x10,0x82,0x10,0x82,0x10,0x82,0x10,
	0x82,0x10,0x82,0x10,0x82,0x10,0x82,0x10,0x82,0x10,0x82,0x10,0x82,0x10,0x82,0x10,0x82,0x10,0x82,0x10,0x82,0x10,0x82,0x10,0x82,0x10,0x82,0x10,0x82,0x10,0x82,0x10,0x82,0x10,0x82,0x10,0x82,0x10,0x82,0x10,0x82,0x10,0x82,0x10,0x82,0x10,0x82,0x10,0x82,0x10,0x82,0x10,0x82,0x10,0x82,0x10,0x82,0x10,0x82,0x10,0x82,0x10,0x82,0x10,
	0x82,0x10,0x82,0x10,0x82,0x10,0x82,0x10,0x82,0x10,0x82,0x10,0x82,0x10,0x82,0x10,0x82,0x10,0x82,0x10,0x82,0x10,0x82,0x10,0x82,0x10,0x82,0x10,0x82,0x10,0x82,0x10,0x40,0x00,0x00,0x00,0x20,0x00,0x41,0x08,0x82,0x10,0x82,0x10,0x82,0x10,0x82,0x10,0x82,0x10,0x82,0x10,0x82,0x10,0x82,0x10,0x82,0x10,0x82,0x10,0x82,0x10,0x82,0x10,
	0x82,0x10,0x82,0x10,0x82,0x10,0x82,0x10,0x82,0x10,0x82,0x10,0x82,0x10,0x82,0x10,0x82,0x10,0x82,0x10,0x82,0x10,0x82,0x10,0x82,0x10,0x82,0x10,0x82,0x10,0x82,0x10,0x82,0x10,0x82,0x10,0x82,0x10,0x82,0x10,0x82,0x10,0x82,0x10,0x82,0x10,0x82,0x10,0x82,0x10,0x82,0x10,0x82,0x10,0x82,0x10,0x82,0x10,0x82,0x10,0x82,0x10,0x82,0x10,
	0x82,0x10,0x82,0x10,0x82,0x10,0x82,0x10,0x82,0x10,0x82,0x10,0x82,0x10,0x82,0x10,0x82,0x10,0x82,0x10,0x82,0x10,0x82,0x10,0x82,0x10,0x82,0x10,0x82,0x10,0x82,0x10,0x82,0x10,0x82,0x10,0x82,0x10,0x82,0x10,0x82,0x10,0x82,0x10,0x82,0x10,0x82,0x10,0x82,0x10,0x82,0x10,0x82,0x10,0x82,0x10,0x82,0x10,0x82,0x10,0x82,0x10,0x82,0x10,
	0x82,0x10,0x82,0x10,0x82,0x10,0x82,0x10,0x82,0x10,0x82,0x10,0x82,0x10,0x82,0x10,0x82,0x10,0x82,0x10,0x82,0x10,0x82,0x10,0x82,0x10,0x82,0x10,0x82,0x10,0x82,0x10,0x82,0x10,0x82,0x10,0x82,0x10,0x82,0x10,0x82,0x10,0x82,0x10,0x82,0x10,0x82,0x10,0x82,0x10,0x82,0x10,0x82,0x10,0x82,0x10,0x82,0x10,0x82,0x10,0x82,0x10,0x82,0x10,
	0x82,0x10,0x82,0x10,0x82,0x10,0x82,0x10,0x82,0x10,0x82,0x10,0x82,0x10,0x82,0x10,0x82,0x10,0x82,0x10,0x82,0x10,0x82,0x10,0x82,0x10,0x82,0x10,0x82,0x10,0x82,0x10,0x82,0x10,0x82,0x10,0x82,0x10,0x82,0x10,0x82,0x10,0x82,0x10,0x82,0x10,0x82,0x10,0x82,0x10,0x82,0x10,0x82,0x10,0x82,0x10,0x82,0x10,0x82,0x10,0x82,0x10,0x82,0x10,
	0x82,0x10,0x82,0x10,0x82,0x10,0x82,0x10,0x82,0x10,0x82,0x10,0x82,0x10,0x82,0x10,0x82,0x10,0x82,0x10,0x82,0x10,0x82,0x10,0x82,0x10,0x82,0x10,0x82,0x10,0x82,0x10,0x82,0x10,0x82,0x10,0x82,0x10,0x82,0x10,0x82,0x10,0x82,0x10,0x82,0x10,0x82,0x10,0x82,0x10,0x82,0x10,0x82,0x10,0x82,0x10,0x82,0x10,0x82,0x10,0x82,0x10,0x82,0x10,
	0x82,0x10,0x82,0x10,0x82,0x10,0x82,0x10,0x82,0x10,0x82,0x10,0x82,0x10,0x82,0x10,0x82,0x10,0x82,0x10,0x82,0x10,0x82,0x10,0x82,0x10,0x82,0x10,0x82,0x10,0x82,0x10,0x82,0x10,0x82,0x10,0x82,0x10,0x82,0x10,0x82,0x10,0x82,0x10,0x82,0x10,0x82,0x10,0x82,0x10,0x82,0x10,0x82,0x10,0x82,0x10,0x82,0x10,0x82,0x10,0x82,0x10,0x82,0x10,
	0x82,0x10,0x82,0x10,0x82,0x10,0x82,0x10,0x82,0x10,0x82,0x10,0x82,0x10,0x82,0x10,0x82,0x10,0x82,0x10,0x82,0x10,0x82,0x10,0x82,0x10,0x82,0x10,0x82,0x10,0x82,0x10,0x82,0x10,0x82,0x10,0x82,0x10,0x82,0x10,0x82,0x10,0x82,0x10,0x82,0x10,0x82,0x10,0x82,0x10,0x82,0x10,0x82,0x10,0x82,0x10,0x82,0x10,0x82,0x10,0x82,0x10,0x82,0x10,
	0x82,0x10,0x82,0x10,0x82,0x10,0x82,0x10,0x82,0x10,0x82,0x10,0x82,0x10,0x82,0x10,0x82,0x10,0x82,0x10,0x82,0x10,0x82,0x10,0x82,0x10,0x82,0x10,0x82,0x10,0x82,0x10,0x82,0x10,0x82,0x10,0x82,0x10,0x82,0x10,0x82,0x10,0x82,0x10,0x82,0x10,0x82,0x10,0x82,0x10,0x82,0x10,0x82,0x10,0x82,0x10,0x82,0x10,0x82,0x10,0x82,0x10,0x82,0x10,
	0x82,0x10,0x82,0x10,0x82,0x10,0x82,0x10,0x82,0x10,0x82,0x10,0x82,0x10,0x82,0x10,0x82,0x10,0x82,0x10,0x82,0x10,0x82,0x10,0x82,0x10,0x82,0x10,0x82,0x10,0x82,0x10,0x82,0x10,0x82,0x10,0x82,0x10,0x82,0x10,0x82,0x10,0x82,0x10,0x82,0x10,0x82,0x10,0x82,0x10,0x82,0x10,0x82,0x10,0x82,0x10,0x82,0x10,0x82,0x10,0x82,0x10,0x82,0x10,
	0x82,0x10,0x82,0x10,0x82,0x10,0x82,0x10,0x82,0x10,0x82,0x10,0x82,0x10,0x82,0x10,0x82,0x10,0x82,0x10,0x82,0x10,0x82,0x10,0x82,0x10,0x82,0x10,0x82,0x10,0x82,0x10,0x82,0x10,0x82,0x10,0x82,0x10,0x82,0x10,0x82,0x10,0x82,0x10,0x82,0x10,0x82,0x10,0x82,0x10,0x82,0x10,0x82,0x10,0x82,0x10,0x82,0x10,0x82,0x10,0x82,0x10,0x82,0x10,
	0x82,0x10,0x82,0x10,0x82,0x10,0x82,0x10,0x82,0x10,0x82,0x10,0x82,0x10,0x82,0x10,0x82,0x10,0x82,0x10,0x82,0x10,0x82,0x10,0x82,0x10,0x82,0x10,0x82,0x10,0x82,0x10,0x82,0x10,0x82,0x10,0x41,0x08,0x20,0x00,0x20,0x00,0x41,0x08,0x82,0x10,0x82,0x10,0x82,0x10,0x82,0x10,0x82,0x10,0x82,0x10,0x82,0x10,0x82,0x10,0x82,0x10,0x82,0x10,
	0x82,0x10,0x82,0x10,0x82,0x10,0x82,0x10,0x82,0x10,0x82,0x10,0x82,0x10,0x82,0x10,0x82,0x10,0x82,0x10,0x82,0x10,0x82,0x10,0x82,0x10,0x82,0x10,0x82,0x10,0x82,0x10,0x82,0x10,0x82,0x10,0x82,0x10,0x82,0x10,0x82,0x10,0x82,0x10,0x82,0x10,0x82,0x10,0x82,0x10,0x82,0x10,0x82,0x10,0x82,0x10,0x82,0x10,0x82,0x10,0x82,0x10,0x82,0x10,
	0x82,0x10,0x82,0x10,0x82,0x10,0x82,0x10,0x82,0x10,0x82,0x10,0x82,0x10,0x82,0x10,0x82,0x10,0x82,0x10,0x82,0x10,0x82,0x10,0x82,0x10,0x82,0x10,0x82,0x10,0x82,0x10,0x82,0x10,0x82,0x10,0x82,0x10,0x82,0x10,0x82,0x10,0x82,0x10,0x82,0x10,0x82,0x10,0x82,0x10,0x82,0x10,0x82,0x10,0x82,0x10,0x82,0x10,0x82,0x10,0x82,0x10,0x82,0x10,
	0x82,0x10,0x82,0x10,0x82,0x10,0x82,0x10,0x82,0x10,0x82,0x10,0x82,0x10,0x82,0x10,0x82,0x10,0x82,0x10,0x82,0x10,0x82,0x10,0x82,0x10,0x82,0x10,0x82,0x10,0x82,0x10,0x82,0x10,0x82,0x10,0x82,0x10,0x82,0x10,0x82,0x10,0x82,0x10,0x82,0x10,0x82,0x10,0x82,0x10,0x82,0x10,0x82,0x10,0x82,0x10,0x82,0x10,0x82,0x10,0x82,0x10,0x82,0x10,
	0x82,0x10,0x82,0x10,0x82,0x10,0x82,0x10,0x82,0x10,0x82,0x10,0x82,0x10,0x82,0x10,0x82,0x10,0x82,0x10,0x82,0x10,0x82,0x10,0x82,0x10,0x82,0x10,0x82,0x10,0x82,0x10,0x82,0x10,0x82,0x10,0x82,0x10,0x82,0x10,0x82,0x10,0x82,0x10,0x82,0x10,0x82,0x10,0x82,0x10,0x82,0x10,0x82,0x10,0x82,0x10,0x82,0x10,0x82,0x10,0x82,0x10,0x82,0x10,
	0x82,0x10,0x82,0x10,0x82,0x10,0x82,0x10,0x82,0x10,0x82,0x10,0x82,0x10,0x82,0x10,0x82,0x10,0x82,0x10,0x82,0x10,0x82,0x10,0x82,0x10,0x82,0x10,0x82,0x10,0x82,0x10,0x82,0x10,0x82,0x10,0x82,0x10,0x82,0x10,0x82,0x10,0x82,0x10,0x82,0x10,0x82,0x10,0x82,0x10,0x82,0x10,0x82,0x10,0x82,0x10,0x82,0x10,0x82,0x10,0x82,0x10,0x82,0x10,
	0x82,0x10,0x82,0x10,0x82,0x10,0x82,0x10,0x82,0x10,0x82,0x10,0x82,0x10,0x82,0x10,0x82,0x10,0x82,0x10,0x82,0x10,0x82,0x10,0x82,0x10,0x82,0x10,0x82,0x10,0x82,0x10,0x82,0x10,0x82,0x10,0x82,0x10,0x82,0x10,0x82,0x10,0x82,0x10,0x82,0x10,0x82,0x10,0x82,0x10,0x82,0x10,0x82,0x10,0x82,0x10,0x82,0x10,0x82,0x10,0x82,0x10,0x82,0x10,
	0x82,0x10,0x82,0x10,0x82,0x10,0x82,0x10,0x82,0x10,0x82,0x10,0x82,0x10,0x82,0x10,0x82,0x10,0x82,0x10,0x82,0x10,0x82,0x10,0x82,0x10,0x82,0x10,0x82,0x10,0x82,0x10,0x82,0x10,0x82,0x10,0x82,0x10,0x82,0x10,0x82,0x10,0x82,0x10,0x82,0x10,0x82,0x10,0x82,0x10,0x82,0x10,0x82,0x10,0x82,0x10,0x82,0x10,0x82,0x10,0x82,0x10,0x82,0x10,
	0x82,0x10,0x82,0x10,0x82,0x10,0x82,0x10,0x82,0x10,0x82,0x10,0x82,0x10,0x82,0x10,0x82,0x10,0x82,0x10,0x82,0x10,0x82,0x10,0x82,0x10,0x82,0x10,0x82,0x10,0x82,0x10,0x82,0x10,0x82,0x10,0x82,0x10,0x82,0x10,0x82,0x10,0x82,0x10,0x82,0x10,0x82,0x10,0x82,0x10,0x82,0x10,0x82,0x10,0x82,0x10,0x82,0x10,0x82,0x10,0x82,0x10,0x82,0x10,
	0x82,0x10,0x82,0x10,0x82,0x10,0x82,0x10,0x82,0x10,0x82,0x10,0x82,0x10,0x82,0x10,0x82,0x10,0x82,0x10,0x82,0x10,0x82,0x10,0x82,0x10,0x82,0x10,0x82,0x10,0x82,0x10,0x82,0x10,0x82,0x10,0x82,0x10,0x82,0x10,0x82,0x10,0x82,0x10,0x82,0x10,0x82,0x10,0x82,0x10,0x82,0x10,0x82,0x10,0x82,0x10,0x82,0x10,0x82,0x10,0x82,0x10,0x82,0x10,
	0x82,0x10,0x82,0x10,0x82,0x10,0x82,0x10,0x82,0x10,0x82,0x10,0x82,0x10,0x82,0x10,0x82,0x10,0x82,0x10,0x82,0x10,0x82,0x10,0x82,0x10,0x82,0x10,0x82,0x10,0x82,0x10,0x82,0x10,0x82,0x10,0x82,0x10,0x82,0x10,0x82,0x10,0x82,0x10,0x82,0x10,0x82,0x10,0x82,0x10,0x82,0x10,0x82,0x10,0x82,0x10,0x82,0x10,0x82,0x10,0x82,0x10,0x82,0x10,
	0x82,0x10,0x82,0x10,0x82,0x10,0x82,0x10,0x82,0x10,0x82,0x10,0x82,0x10,0x82,0x10,0x82,0x10,0x82,0x10,0x82,0x10,0x82,0x10,0x82,0x10,0x82,0x10,0x82,0x10,0x82,0x10,0x82,0x10,0x82,0x10,0x82,0x10,0x82,0x10,0x41,0x08,0x20,0x00,0x40,0x00,0x61,0x08,0x82,0x10,0x82,0x10,0x82,0x10,0x82,0x10,0x82,0x10,0x82,0x10,0x82,0x10,0x82,0x10,
	0x82,0x10,0x82,0x10,0x82,0x10,0x82,0x10,0x82,0x10,0x82,0x10,0x82,0x10,0x82,0x10,0x82,0x10,0x82,0x10,0x82,0x10,0x82,0x10,0x82,0x10,0x82,0x10,0x82,0x10,0x82,0x10,0x82,0x10,0x82,0x10,0x82,0x10,0x82,0x10,0x82,0x10,0x82,0x10,0x82,0x10,0x82,0x10,0x82,0x10,0x82,0x10,0x82,0x10,0x82,0x10,0x82,0x10,0x82,0x10,0x82,0x10,0x82,0x10,
	0x82,0x10,0x82,0x10,0x82,0x10,0x82,0x10,0x82,0x10,0x82,0x10,0x82,0x10,0x82,0x10,0x82,0x10,0x82,0x10,0x82,0x10,0x82,0x10,0x82,0x10,0x82,0x10,0x82,0x10,0x82,0x10,0x82,0x10,0x82,0x10,0x82,0x10,0x82,0x10,0x82,0x10,0x82,0x10,0x82,0x10,0x82,0x10,0x82,0x10,0x82,0x10,0x82,0x10,0x82,0x10,0x82,0x10,0x82,0x10,0x82,0x10,0x82,0x10,
	0x82,0x10,0x82,0x10,0x82,0x10,0x82,0x10,0x82,0x10,0x82,0x10,0x82,0x10,0x82,0x10,0x82,0x10,0x82,0x10,0x82,0x10,0x82,0x10,0x82,0x10,0x82,0x10,0x82,0x10,0x82,0x10,0x82,0x10,0x82,0x10,0x82,0x10,0x82,0x10,0x82,0x10,0x82,0x10,0x82,0x10,0x82,0x10,0x82,0x10,0x82,0x10,0x82,0x10,0x82,0x10,0x82,0x10,0x82,0x10,0x82,0x10,0x82,0x10,
	0x82,0x10,0x82,0x10,0x82,0x10,0x82,0x10,0x82,0x10,0x82,0x10,0x82,0x10,0x82,0x10,0x82,0x10,0x82,0x10,0x82,0x10,0x82,0x10,0x82,0x10,0x82,0x10,0x82,0x10,0x82,0x10,0x82,0x10,0x82,0x10,0x82,0x10,0x82,0x10,0x82,0x10,0x82,0x10,0x82,0x10,0x82,0x10,0x82,0x10,0x82,0x10,0x82,0x10,0x82,0x10,0x82,0x10,0x82,0x10,0x82,0x10,0x82,0x10,
	0x82,0x10,0x82,0x10,0x82,0x10,0x82,0x10,0x82,0x10,0x82,0x10,0x82,0x10,0x82,0x10,0x82,0x10,0x82,0x10,0x82,0x10,0x82,0x10,0x82,0x10,0x82,0x10,0x82,0x10,0x82,0x10,0x82,0x10,0x82,0x10,0x82,0x10,0x82,0x10,0x82,0x10,0x82,0x10,0x82,0x10,0x82,0x10,0x82,0x10,0x82,0x10,0x82,0x10,0x82,0x10,0x82,0x10,0x82,0x10,0x82,0x10,0x82,0x10,
	0x82,0x10,0x82,0x10,0x82,0x10,0x82,0x10,0x82,0x10,0x82,0x10,0x82,0x10,0x82,0x10,0x82,0x10,0x82,0x10,0x82,0x10,0x82,0x10,0x82,0x10,0x82,0x10,0x82,0x10,0x82,0x10,0x82,0x10,0x82,0x10,0x82,0x10,0x82,0x10,0x82,0x10,0x82,0x10,0x82,0x10,0x82,0x10,0x82,0x10,0x82,0x10,0x82,0x10,0x82,0x10,0x82,0x10,0x82,0x10,0x82,0x10,0x82,0x10,
	0x82,0x10,0x82,0x10,0x82,0x10,0x82,0x10,0x82,0x10,0x82,0x10,0x82,0x10,0x82,0x10,0x82,0x10,0x82,0x10,0x82,0x10,0x82,0x10,0x82,0x10,0x82,0x10,0x82,0x10,0x82,0x10,0x82,0x10,0x82,0x10,0x82,0x10,0x82,0x10,0x82,0x10,0x82,0x10,0x82,0x10,0x82,0x10,0x82,0x10,0x82,0x10,0x82,0x10,0x82,0x10,0x82,0x10,0x82,0x10,0x82,0x10,0x82,0x10,
	0x82,0x10,0x82,0x10,0x82,0x10,0x82,0x10,0x82,0x10,0x82,0x10,0x82,0x10,0x82,0x10,0x82,0x10,0x82,0x10,0x82,0x10,0x82,0x10,0x82,0x10,0x82,0x10,0x82,0x10,0x82,0x10,0x82,0x10,0x82,0x10,0x82,0x10,0x82,0x10,0x82,0x10,0x82,0x10,0x82,0x10,0x82,0x10,0x82,0x10,0x82,0x10,0x82,0x10,0x82,0x10,0x82,0x10,0x82,0x10,0x82,0x10,0x82,0x10,
	0x82,0x10,0x82,0x10,0x82,0x10,0x82,0x10,0x82,0x10,0x82,0x10,0x82,0x10,0x82,0x10,0x82,0x10,0x82,0x10,0x82,0x10,0x82,0x10,0x82,0x10,0x82,0x10,0x82,0x10,0x82,0x10,0x82,0x10,0x82,0x10,0x82,0x10,0x82,0x10,0x82,0x10,0x82,0x10,0x82,0x10,0x82,0x10,0x82,0x10,0x82,0x10,0x82,0x10,0x82,0x10,0x82,0x10,0x82,0x10,0x82,0x10,0x82,0x10,
	0x82,0x10,0x82,0x10,0x82,0x10,0x82,0x10,0x82,0x10,0x82,0x10,0x82,0x10,0x82,0x10,0x82,0x10,0x82,0x10,0x82,0x10,0x82,0x10,0x82,0x10,0x82,0x10,0x82,0x10,0x82,0x10,0x82,0x10,0x82,0x10,0x82,0x10,0x82,0x10,0x82,0x10,0x82,0x10,0x82,0x10,0x82,0x10,0x82,0x10,0x82,0x10,0x82,0x10,0x82,0x10,0x82,0x10,0x82,0x10,0x82,0x10,0x82,0x10,
	0x82,0x10,0x82,0x10,0x82,0x10,0x82,0x10,0x82,0x10,0x82,0x10,0x82,0x10,0x82,0x10,0x82,0x10,0x82,0x10,0x82,0x10,0x82,0x10,0x82,0x10,0x82,0x10,0x82,0x10,0x82,0x10,0x82,0x10,0x82,0x10,0x82,0x10,0x82,0x10,0x82,0x10,0x82,0x10,0x61,0x08,0x40,0x00,0x61,0x08,0x61,0x08,0x82,0x10,0x82,0x10,0x82,0x10,0x82,0x10,0x82,0x10,0x82,0x10,
	0x82,0x10,0x82,0x10,0x82,0x10,0x82,0x10,0x82,0x10,0x82,0x10,0x82,0x10,0x82,0x10,0x82,0x10,0x82,0x10,0x82,0x10,0x82,0x10,0x82,0x10,0x82,0x10,0x82,0x10,0x82,0x10,0x82,0x10,0x82,0x10,0x82,0x10,0x82,0x10,0x82,0x10,0x82,0x10,0x82,0x10,0x82,0x10,0x82,0x10,0x82,0x10,0x82,0x10,0x82,0x10,0x82,0x10,0x82,0x10,0x82,0x10,0x82,0x10,
	0x82,0x10,0x82,0x10,0x82,0x10,0x82,0x10,0x82,0x10,0x82,0x10,0x82,0x10,0x82,0x10,0x82,0x10,0x82,0x10,0x82,0x10,0x82,0x10,0x82,0x10,0x82,0x10,0x82,0x10,0x82,0x10,0x82,0x10,0x82,0x10,0x82,0x10,0x82,0x10,0x82,0x10,0x82,0x10,0x82,0x10,0x82,0x10,0x82,0x10,0x82,0x10,0x82,0x10,0x82,0x10,0x82,0x10,0x82,0x10,0x82,0x10,0x82,0x10,
	0x82,0x10,0x82,0x10,0x82,0x10,0x82,0x10,0x82,0x10,0x82,0x10,0x82,0x10,0x82,0x10,0x82,0x10,0x82,0x10,0x82,0x10,0x82,0x10,0x82,0x10,0x82,0x10,0x82,0x10,0x82,0x10,0x82,0x10,0x82,0x10,0x82,0x10,0x82,0x10,0x82,0x10,0x82,0x10,0x82,0x10,0x82,0x10,0x82,0x10,0x82,0x10,0x82,0x10,0x82,0x10,0x82,0x10,0x82,0x10,0x82,0x10,0x82,0x10,
	0x82,0x10,0x82,0x10,0x82,0x10,0x82,0x10,0x82,0x10,0x82,0x10,0x82,0x10,0x82,0x10,0x82,0x10,0x82,0x10,0x82,0x10,0x82,0x10,0x82,0x10,0x82,0x10,0x82,0x10,0x82,0x10,0x82,0x10,0x82,0x10,0x82,0x10,0x82,0x10,0x82,0x10,0x82,0x10,0x82,0x10,0x82,0x10,0x82,0x10,0x82,0x10,0x82,0x10,0x82,0x10,0x82,0x10,0x82,0x10,0x82,0x10,0x82,0x10,
	0x82,0x10,0x82,0x10,0x82,0x10,0x82,0x10,0x82,0x10,0x82,0x10,0x82,0x10,0x82,0x10,0x82,0x10,0x82,0x10,0x82,0x10,0x82,0x10,0x82,0x10,0x82,0x10,0x82,0x10,0x82,0x10,0x82,0x10,0x82,0x10,0x82,0x10,0x82,0x10,0x82,0x10,0x82,0x10,0x82,0x10,0x82,0x10,0x82,0x10,0x82,0x10,0x82,0x10,0x82,0x10,0x82,0x10,0x82,0x10,0x82,0x10,0x82,0x10,
	0x82,0x10,0x82,0x10,0x82,0x10,0x82,0x10,0x82,0x10,0x82,0x10,0x82,0x10,0x82,0x10,0x82,0x10,0x82,0x10,0x82,0x10,0x82,0x10,0x82,0x10,0x82,0x10,0x82,0x10,0x82,0x10,0x82,0x10,0x82,0x10,0x82,0x10,0x82,0x10,0x82,0x10,0x82,0x10,0x82,0x10,0x82,0x10,0x82,0x10,0x82,0x10,0x82,0x10,0x82,0x10,0x82,0x10,0x82,0x10,0x82,0x10,0x82,0x10,
	0x82,0x10,0x82,0x10,0x82,0x10,0x82,0x10,0x82,0x10,0x82,0x10,0x82,0x10,0x82,0x10,0x82,0x10,0x82,0x10,0x82,0x10,0x82,0x10,0x82,0x10,0x82,0x10,0x82,0x10,0x82,0x10,0x82,0x10,0x82,0x10,0x82,0x10,0x82,0x10,0x82,0x10,0x82,0x10,0x82,0x10,0x82,0x10,0x82,0x10,0x82,0x10,0x82,0x10,0x82,0x10,0x82,0x10,0x82,0x10,0x82,0x10,0x82,0x10,
	0x82,0x10,0x82,0x10,0x82,0x10,0x82,0x10,0x82,0x10,0x82,0x10,0x82,0x10,0x82,0x10,0x82,0x10,0x82,0x10,0x82,0x10,0x82,0x10,0x82,0x10,0x82,0x10,0x82,0x10,0x82,0x10,0x82,0x10,0x82,0x10,0x82,0x10,0x82,0x10,0x82,0x10,0x82,0x10,0x82,0x10,0x82,0x10,0x82,0x10,0x82,0x10,0x82,0x10,0x82,0x10,0x82,0x10,0x82,0x10,0x82,0x10,0x82,0x10,
	0x82,0x10,0x82,0x10,0x82,0x10,0x82,0x10,0x82,0x10,0x82,0x10,0x82,0x10,0x82,0x10,0x82,0x10,0x82,0x10,0x82,0x10,0x82,0x10,0x82,0x10,0x82,0x10,0x82,0x10,0x82,0x10,0x82,0x10,0x82,0x10,0x82,0x10,0x82,0x10,0x82,0x10,0x82,0x10,0x82,0x10,0x82,0x10,0x82,0x10,0x82,0x10,0x82,0x10,0x82,0x10,0x82,0x10,0x82,0x10,0x82,0x10,0x82,0x10,
	0x82,0x10,0x82,0x10,0x82,0x10,0x82,0x10,0x82,0x10,0x82,0x10,0x82,0x10,0x82,0x10,0x82,0x10,0x82,0x10,0x82,0x10,0x82,0x10,0x82,0x10,0x82,0x10,0x82,0x10,0x82,0x10,0x82,0x10,0x82,0x10,0x82,0x10,0x82,0x10,0x82,0x10,0x82,0x10,0x82,0x10,0x82,0x10,0x82,0x10,0x82,0x10,0x82,0x10,0x82,0x10,0x82,0x10,0x82,0x10,0x82,0x10,0x82,0x10,
	0x82,0x10,0x82,0x10,0x82,0x10,0x82,0x10,0x82,0x10,0x82,0x10,0x82,0x10,0x82,0x10,0x82,0x10,0x82,0x10,0x82,0x10,0x82,0x10,0x82,0x10,0x82,0x10,0x82,0x10,0x82,0x10,0x82,0x10,0x82,0x10,0x82,0x10,0x82,0x10,0x82,0x10,0x82,0x10,0x82,0x10,0x82,0x10,0x61,0x08,0x61,0x08,0x81,0x08,0x81,0x08,0x82,0x10,0x82,0x10,0x82,0x10,0x82,0x10,
	0x82,0x10,0x82,0x10,0x82,0x10,0x82,0x10,0x82,0x10,0x82,0x10,0x82,0x10,0x82,0x10,0x82,0x10,0x82,0x10,0x82,0x10,0x82,0x10,0x82,0x10,0x82,0x10,0x82,0x10,0x82,0x10,0x82,0x10,0x82,0x10,0x82,0x10,0x82,0x10,0x82,0x10,0x82,0x10,0x82,0x10,0x82,0x10,0x82,0x10,0x82,0x10,0x82,0x10,0x82,0x10,0x82,0x10,0x82,0x10,0x82,0x10,0x82,0x10,
	0x82,0x10,0x82,0x10,0x82,0x10,0x82,0x10,0x82,0x10,0x82,0x10,0x82,0x10,0x82,0x10,0x82,0x10,0x82,0x10,0x82,0x10,0x82,0x10,0x82,0x10,0x82,0x10,0x82,0x10,0x82,0x10,0x82,0x10,0x82,0x10,0x82,0x10,0x82,0x10,0x82,0x10,0x82,0x10,0x82,0x10,0x82,0x10,0x82,0x10,0x82,0x10,0x82,0x10,0x82,0x10,0x82,0x10,0x82,0x10,0x82,0x10,0x82,0x10,
	0x82,0x10,0x82,0x10,0x82,0x10,0x82,0x10,0x82,0x10,0x82,0x10,0x82,0x10,0x82,0x10,0x82,0x10,0x82,0x10,0x82,0x10,0x82,0x10,0x82,0x10,0x82,0x10,0x82,0x10,0x82,0x10,0x82,0x10,0x82,0x10,0x82,0x10,0x82,0x10,0x82,0x10,0x82,0x10,0x82,0x10,0x82,0x10,0x82,0x10,0x82,0x10,0x82,0x10,0x82,0x10,0x82,0x10,0x82,0x10,0x82,0x10,0x82,0x10,
	0x82,0x10,0x82,0x10,0x82,0x10,0x82,0x10,0x82,0x10,0x82,0x10,0x82,0x10,0x82,0x10,0x82,0x10,0x82,0x10,0x82,0x10,0x82,0x10,0x82,0x10,0x82,0x10,0x82,0x10,0x82,0x10,0x82,0x10,0x82,0x10,0x82,0x10,0x82,0x10,0x82,0x10,0x82,0x10,0x82,0x10,0x82,0x10,0x82,0x10,0x82,0x10,0x82,0x10,0x82,0x10,0x82,0x10,0x82,0x10,0x82,0x10,0x82,0x10,
	0x82,0x10,0x82,0x10,0x82,0x10,0x82,0x10,0x82,0x10,0x82,0x10,0x82,0x10,0x82,0x10,0x82,0x10,0x82,0x10,0x82,0x10,0x82,0x10,0x82,0x10,0x82,0x10,0x82,0x10,0x82,0x10,0x82,0x10,0x82,0x10,0x82,0x10,0x82,0x10,0x82,0x10,0x82,0x10,0x82,0x10,0x82,0x10,0x82,0x10,0x82,0x10,0x82,0x10,0x82,0x10,0x82,0x10,0x82,0x10,0x82,0x10,0x82,0x10,
	0x82,0x10,0x82,0x10,0x82,0x10,0x82,0x10,0x82,0x10,0x82,0x10,0x82,0x10,0x82,0x10,0x82,0x10,0x82,0x10,0x82,0x10,0x82,0x10,0x82,0x10,0x82,0x10,0x82,0x10,0x82,0x10,0x82,0x10,0x82,0x10,0x82,0x10,0x82,0x10,0x82,0x10,0x82,0x10,0x82,0x10,0x82,0x10,0x82,0x10,0x82,0x10,0x82,0x10,0x82,0x10,0x82,0x10,0x82,0x10,0x82,0x10,0x82,0x10,
	0x82,0x10,0x82,0x10,0x82,0x10,0x82,0x10,0x82,0x10,0x82,0x10,0x82,0x10,0x82,0x10,0x82,0x10,0x82,0x10,0x82,0x10,0x82,0x10,0x82,0x10,0x82,0x10,0x82,0x10,0x82,0x10,0x82,0x10,0x82,0x10,0x82,0x10,0x82,0x10,0x82,0x10,0x82,0x10,0x82,0x10,0x82,0x10,0x82,0x10,0x82,0x10,0x82,0x10,0x82,0x10,0x82,0x10,0x82,0x10,0x82,0x10,0x82,0x10,
	0x82,0x10,0x82,0x10,0x82,0x10,0x82,0x10,0x82,0x10,0x82,0x10,0x82,0x10,0x82,0x10,0x82,0x10,0x82,0x10,0x82,0x10,0x82,0x10,0x82,0x10,0x82,0x10,0x82,0x10,0x82,0x10,0x82,0x10,0x82,0x10,0x82,0x10,0x82,0x10,0x82,0x10,0x82,0x10,0x82,0x10,0x82,0x10,0x82,0x10,0x82,0x10,0x82,0x10,0x82,0x10,0x82,0x10,0x82,0x10,0x82,0x10,0x82,0x10,
	0x82,0x10,0x82,0x10,0x82,0x10,0x82,0x10,0x82,0x10,0x82,0x10,0x82,0x10,0x82,0x10,0x82,0x10,0x82,0x10,0x82,0x10,0x82,0x10,0x82,0x10,0x82,0x10,0x82,0x10,0x82,0x10,0x82,0x10,0x82,0x10,0x82,0x10,0x82,0x10,0x82,0x10,0x82,0x10,0x82,0x10,0x82,0x10,0x82,0x10,0x82,0x10,0x82,0x10,0x82,0x10,0x82,0x10,0x82,0x10,0x82,0x10,0x82,0x10,
	0x82,0x10,0x82,0x10,0x82,0x10,0x82,0x10,0x82,0x10,0x82,0x10,0x82,0x10,0x82,0x10,0x82,0x10,0x82,0x10,0x82,0x10,0x82,0x10,0x82,0x10,0x82,0x10,0x82,0x10,0x82,0x10,0x82,0x10,0x82,0x10,0x82,0x10,0x82,0x10,0x82,0x10,0x82,0x10,0x82,0x10,0x82,0x10,0x82,0x10,0x82,0x10,0x82,0x10,0x82,0x10,0x82,0x10,0x82,0x10,0x82,0x10,0x82,0x10,
	0x82,0x10,0x82,0x10,0x82,0x10,0x82,0x10,0x82,0x10,0x82,0x10,0x82,0x10,0x82,0x10,0x82,0x10,0x82,0x10,0x82,0x10,0x82,0x10,0x82,0x10,0x82,0x10,0x82,0x10,0x82,0x10,0x82,0x10,0x82,0x10,0x82,0x10,0x82,0x10,0x82,0x10,0x82,0x10,0x82,0x10,0x82,0x10,0x82,0x10,0x82,0x10,0x81,0x08,0x81,0x08,0x82,0x10,0x82,0x10,0x82,0x10,0x82,0x10,
	0x82,0x10,0x82,0x10,0x82,0x10,0x82,0x10,0x82,0x10,0x82,0x10,0x82,0x10,0x82,0x10,0x82,0x10,0x82,0x10,0x82,0x10,0x82,0x10,0x82,0x10,0x82,0x10,0x82,0x10,0x82,0x10,0x82,0x10,0x82,0x10,0x82,0x10,0x82,0x10,0x82,0x10,0x82,0x10,0x82,0x10,0x82,0x10,0x82,0x10,0x82,0x10,0x82,0x10,0x82,0x10,0x82,0x10,0x82,0x10,0x82,0x10,0x82,0x10,
	0x82,0x10,0x82,0x10,0x82,0x10,0x82,0x10,0x82,0x10,0x82,0x10,0x82,0x10,0x82,0x10,0x82,0x10,0x82,0x10,0x82,0x10,0x82,0x10,0x82,0x10,0x82,0x10,0x82,0x10,0x82,0x10,0x82,0x10,0x82,0x10,0x82,0x10,0x82,0x10,0x82,0x10,0x82,0x10,0x82,0x10,0x82,0x10,0x82,0x10,0x82,0x10,0x82,0x10,0x82,0x10,0x82,0x10,0x82,0x10,0x82,0x10,0x82,0x10,
	0x82,0x10,0x82,0x10,0x82,0x10,0x82,0x10,0x82,0x10,0x82,0x10,0x82,0x10,0x82,0x10,0x82,0x10,0x82,0x10,0x82,0x10,0x82,0x10,0x82,0x10,0x82,0x10,0x82,0x10,0x82,0x10,0x82,0x10,0x82,0x10,0x82,0x10,0x82,0x10,0x82,0x10,0x82,0x10,0x82,0x10,0x82,0x10,0x82,0x10,0x82,0x10,0x82,0x10,0x82,0x10,0x82,0x10,0x82,0x10,0x82,0x10,0x82,0x10,
	0x82,0x10,0x82,0x10,0x82,0x10,0x82,0x10,0x82,0x10,0x82,0x10,0x82,0x10,0x82,0x10,0x82,0x10,0x82,0x10,0x82,0x10,0x82,0x10,0x82,0x10,0x82,0x10,0x82,0x10,0x82,0x10,0x82,0x10,0x82,0x10,0x82,0x10,0x82,0x10,0x82,0x10,0x82,0x10,0x82,0x10,0x82,0x10,0x82,0x10,0x82,0x10,0x82,0x10,0x82,0x10,0x82,0x10,0x82,0x10,0x82,0x10,0x82,0x10,
	0x82,0x10,0x82,0x10,0x82,0x10,0x82,0x10,0x82,0x10,0x82,0x10,0x82,0x10,0x82,0x10,0x82,0x10,0x82,0x10,0x82,0x10,0x82,0x10,0x82,0x10,0x82,0x10,0x82,0x10,0x82,0x10,0x82,0x10,0x82,0x10,0x82,0x10,0x82,0x10,0x82,0x10,0x82,0x10,0x82,0x10,0x82,0x10,0x82,0x10,0x82,0x10,0x82,0x10,0x82,0x10,0x82,0x10,0x82,0x10,0x82,0x10,0x82,0x10,
	0x82,0x10,0x82,0x10,0x82,0x10,0x82,0x10,0x82,0x10,0x82,0x10,0x82,0x10,0x82,0x10,0x82,0x10,0x82,0x10,0x82,0x10,0x82,0x10,0x82,0x10,0x82,0x10,0x82,0x10,0x82,0x10,0x82,0x10,0x82,0x10,0x82,0x10,0x82,0x10,0x82,0x10,0x82,0x10,0x82,0x10,0x82,0x10,0x82,0x10,0x82,0x10,0x82,0x10,0x82,0x10,0x82,0x10,0x82,0x10,0x82,0x10,0x82,0x10,
	0x82,0x10,0x82,0x10,0x82,0x10,0x82,0x10,0x82,0x10,0x82,0x10,0x82,0x10,0x82,0x10,0x82,0x10,0x82,0x10,0x82,0x10,0x82,0x10,0x82,0x10,0x82,0x10,0x82,0x10,0x82,0x10,0x82,0x10,0x82,0x10,0x82,0x10,0x82,0x10,0x82,0x10,0x82,0x10,0x82,0x10,0x82,0x10,0x82,0x10,0x82,0x10,0x82,0x10,0x82,0x10,0x82,0x10,0x82,0x10,0x82,0x10,0x82,0x10,
	0x82,0x10,0x82,0x10,0x82,0x10,0x82,0x10,0x82,0x10,0x82,0x10,0x82,0x10,0x82,0x10,0x82,0x10,0x82,0x10,0x82,0x10,0x82,0x10,0x82,0x10,0x82,0x10,0x82,0x10,0x82,0x10,0x82,0x10,0x82,0x10,0x82,0x10,0x82,0x10,0x82,0x10,0x82,0x10,0x82,0x10,0x82,0x10,0x82,0x10,0x82,0x10,0x82,0x10,0x82,0x10,0x82,0x10,0x82,0x10,0x82,0x10,0x82,0x10,
	0x82,0x10,0x82,0x10,0x82,0x10,0x82,0x10,0x82,0x10,0x82,0x10,0x82,0x10,0x82,0x10,0x82,0x10,0x82,0x10,0x82,0x10,0x82,0x10,0x82,0x10,0x82,0x10,0x82,0x10,0x82,0x10,0x82,0x10,0x82,0x10,0x82,0x10,0x82,0x10,0x82,0x10,0x82,0x10,0x82,0x10,0x82,0x10,0x82,0x10,0x82,0x10,0x82,0x10,0x82,0x10,0x82,0x10,0x82,0x10,0x82,0x10,0x82,0x10,
	0x82,0x10,0x82,0x10,0x82,0x10,0x82,0x10,0x82,0x10,0x82,0x10,0x82,0x10,0x82,0x10,0x82,0x10,0x82,0x10,0x82,0x10,0x82,0x10,0x82,0x10,0x82,0x10,0x82,0x10,0x82,0x10,0x82,0x10,0x82,0x10,0x82,0x10,0x82,0x10,0x82,0x10,0x82,0x10,0x82,0x10,0x82,0x10,0x82,0x10,0x82,0x10,0x82,0x10,0x82,0x10,0x82,0x10,0x82,0x10,0x82,0x10,0x82,0x10,
	0x82,0x10,0x82,0x10,0x82,0x10,0x82,0x10,0x82,0x10,0x82,0x10,0x82,0x10,0x82,0x10,0x82,0x10,0x82,0x10,0x82,0x10,0x82,0x10,0x82,0x10,0x82,0x10,0x82,0x10,0x82,0x10,0x82,0x10,0x82,0x10,0x82,0x10,0x82,0x10,0x82,0x10,0x82,0x10,0x82,0x10,0x82,0x10,0x82,0x10,0x82,0x10,0x82,0x10,0x82,0x10,0x82,0x10,0x82,0x10,0x82,0x10,0x82,0x10,
	0x82,0x10,0x82,0x10,0x82,0x10,0x82,0x10,0x82,0x10,0x82,0x10,0x82,0x10,0x82,0x10,0x82,0x10,0x82,0x10,0x82,0x10,0x82,0x10,0x82,0x10,0x82,0x10,0x82,0x10,0x82,0x10,0x82,0x10,0x82,0x10,0x82,0x10,0x82,0x10,0x82,0x10,0x82,0x10,0x82,0x10,0x82,0x10,0x82,0x10,0x82,0x10,0x82,0x10,0x82,0x10,0x82,0x10,0x82,0x10,0x82,0x10,0x82,0x10,
	0x82,0x10,0x82,0x10,0x82,0x10,0x82,0x10,0x82,0x10,0x82,0x10,0x82,0x10,0x82,0x10,0x82,0x10,0x82,0x10,0x82,0x10,0x82,0x10,0x82,0x10,0x82,0x10,0x82,0x10,0x82,0x10,0x82,0x10,0x82,0x10,0x82,0x10,0x82,0x10,0x82,0x10,0x82,0x10,0x82,0x10,0x82,0x10,0x82,0x10,0x82,0x10,0x82,0x10,0x82,0x10,0x82,0x10,0x82,0x10,0x82,0x10,0x82,0x10,
	0x82,0x10,0x82,0x10,0x82,0x10,0x82,0x10,0x82,0x10,0x82,0x10,0x82,0x10,0x82,0x10,0x82,0x10,0x82,0x10,0x82,0x10,0x82,0x10,0x82,0x10,0x82,0x10,0x82,0x10,0x82,0x10,0x82,0x10,0x82,0x10,0x82,0x10,0x82,0x10,0x82,0x10,0x82,0x10,0x82,0x10,0x82,0x10,0x82,0x10,0x82,0x10,0x82,0x10,0x82,0x10,0x82,0x10,0x82,0x10,0x82,0x10,0x82,0x10,
	0x82,0x10,0x82,0x10,0x82,0x10,0x82,0x10,0x82,0x10,0x82,0x10,0x82,0x10,0x82,0x10,0x82,0x10,0x82,0x10,0x82,0x10,0x82,0x10,0x82,0x10,0x82,0x10,0x82,0x10,0x82,0x10,0x82,0x10,0x82,0x10,0x82,0x10,0x82,0x10,0x82,0x10,0x82,0x10,0x82,0x10,0x82,0x10,0x82,0x10,0x82,0x10,0x82,0x10,0x82,0x10,0x82,0x10,0x82,0x10,0x82,0x10,0x82,0x10,
	0x82,0x10,0x82,0x10,0x82,0x10,0x82,0x10,0x82,0x10,0x82,0x10,0x82,0x10,0x82,0x10,0x82,0x10,0x82,0x10,0x82,0x10,0x82,0x10,0x82,0x10,0x82,0x10,0x82,0x10,0x82,0x10,0x82,0x10,0x82,0x10,0x82,0x10,0x82,0x10,0x82,0x10,0x82,0x10,0x82,0x10,0x82,0x10,0x82,0x10,0x82,0x10,0x82,0x10,0x82,0x10,0x82,0x10,0x82,0x10,0x82,0x10,0x82,0x10,
	0x82,0x10,0x82,0x10,0x82,0x10,0x82,0x10,0x82,0x10,0x82,0x10,0x82,0x10,0x82,0x10,0x82,0x10,0x82,0x10,0x82,0x10,0x82,0x10,0x82,0x10,0x82,0x10,0x82,0x10,0x82,0x10,0x82,0x10,0x82,0x10,0x82,0x10,0x82,0x10,0x82,0x10,0x82,0x10,0x82,0x10,0x82,0x10,0x82,0x10,0x82,0x10,0x82,0x10,0x82,0x10,0x82,0x10,0x82,0x10,0x82,0x10,0x82,0x10,
	0x82,0x10,0x82,0x10,0x82,0x10,0x82,0x10,0x82,0x10,0x82,0x10,0x82,0x10,0x82,0x10,0x82,0x10,0x82,0x10,0x82,0x10,0x82,0x10,0x82,0x10,0x82,0x10,0x82,0x10,0x82,0x10,0x82,0x10,0x82,0x10,0x82,0x10,0x82,0x10,0x82,0x10,0x82,0x10,0x82,0x10,0x82,0x10,0x82,0x10,0x82,0x10,0x82,0x10,0x82,0x10,0x82,0x10,0x82,0x10,0x82,0x10,0x82,0x10,
	0x82,0x10,0x82,0x10,0x82,0x10,0x82,0x10,0x82,0x10,0x82,0x10,0x82,0x10,0x82,0x10,0x82,0x10,0x82,0x10,0x82,0x10,0x82,0x10,0x82,0x10,0x82,0x10,0x82,0x10,0x82,0x10,0x82,0x10,0x82,0x10,0x82,0x10,0x82,0x10,0x82,0x10,0x82,0x10,0x82,0x10,0x82,0x10,0x82,0x10,0x82,0x10,0x82,0x10,0x82,0x10,0x82,0x10,0x82,0x10,0x82,0x10,0x82,0x10,
	0x82,0x10,0x82,0x10,0x82,0x10,0x82,0x10,0x82,0x10,0x82,0x10,0x82,0x10,0x82,0x10,0x82,0x10,0x82,0x10,0x82,0x10,0x82,0x10,0x82,0x10,0x82,0x10,0x82,0x10,0x82,0x10,0x82,0x10,0x82,0x10,0x82,0x10,0x82,0x10,0x82,0x10,0x82,0x10,0x82,0x10,0x82,0x10,0x82,0x10,0x82,0x10,0x82,0x10,0x82,0x10,0x82,0x10,0x82,0x10,0x82,0x10,0x82,0x10,
	0x82,0x10,0x82,0x10,0x82,0x10,0x82,0x10,0x82,0x10,0x82,0x10,0x82,0x10,0x82,0x10,0x82,0x10,0x82,0x10,0x82,0x10,0x82,0x10,0x82,0x10,0x82,0x10,0x82,0x10,0x82,0x10,0x82,0x10,0x82,0x10,0x82,0x10,0x82,0x10,0x82,0x10,0x82,0x10,0x82,0x10,0x82,0x10,0x82,0x10,0x82,0x10,0x82,0x10,0x82,0x10,0x82,0x10,0x82,0x10,0x82,0x10,0x82,0x10,
	0x82,0x10,0x82,0x10,0x82,0x10,0x82,0x10,0x82,0x10,0x82,0x10,0x82,0x10,0x82,0x10,0x82,0x10,0x82,0x10,0x82,0x10,0x82,0x10,0x82,0x10,0x82,0x10,0x82,0x10,0x82,0x10,0x82,0x10,0x82,0x10,0x82,0x10,0x82,0x10,0x82,0x10,0x82,0x10,0x82,0x10,0x82,0x10,0x82,0x10,0x82,0x10,0x82,0x10,0x82,0x10,0x82,0x10,0x82,0x10,0x82,0x10,0x82,0x10,
	0x82,0x10,0x82,0x10,0x82,0x10,0x82,0x10,0x82,0x10,0x82,0x10,0x82,0x10,0x82,0x10,0x82,0x10,0x82,0x10,0x82,0x10,0x82,0x10,0x82,0x10,0x82,0x10,0x82,0x10,0x82,0x10,0x82,0x10,0x82,0x10,0x82,0x10,0x82,0x10,0x82,0x10,0x82,0x10,0x82,0x10,0x82,0x10,0x82,0x10,0x82,0x10,0x82,0x10,0x82,0x10,0x82,0x10,0x82,0x10,0x82,0x10,0x82,0x10,
	0x82,0x10,0x82,0x10,0x82,0x10,0x82,0x10,0x82,0x10,0x82,0x10,0x82,0x10,0x82,0x10,0x82,0x10,0x82,0x10,0x82,0x10,0x82,0x10,0x82,0x10,0x82,0x10,0x82,0x10,0x82,0x10,0x82,0x10,0x82,0x10,0x82,0x10,0x82,0x10,0x82,0x10,0x82,0x10,0x82,0x10,0x82,0x10,0x82,0x10,0x82,0x10,0x82,0x10,0x82,0x10,0x82,0x10,0x82,0x10,0x82,0x10,0x82,0x10,
	0x82,0x10,0x82,0x10,0x82,0x10,0x82,0x10,0x82,0x10,0x82,0x10,0x82,0x10,0x82,0x10,0x82,0x10,0x82,0x10,0x82,0x10,0x82,0x10,0x82,0x10,0x82,0x10,0x82,0x10,0x82,0x10,0x82,0x10,0x82,0x10,0x82,0x10,0x82,0x10,0x82,0x10,0x82,0x10,0x82,0x10,0x82,0x10,0x82,0x10,0x82,0x10,0x82,0x10,0x82,0x10,0x82,0x10,0x82,0x10,0x82,0x10,0x82,0x10,
	0x82,0x10,0x82,0x10,0x82,0x10,0x82,0x10,0x82,0x10,0x82,0x10,0x82,0x10,0x82,0x10,0x82,0x10,0x82,0x10,0x82,0x10,0x82,0x10,0x82,0x10,0x82,0x10,0x82,0x10,0x82,0x10,0x82,0x10,0x82,0x10,0x82,0x10,0x82,0x10,0x82,0x10,0x82,0x10,0x82,0x10,0x82,0x10,0x82,0x10,0x82,0x10,0x82,0x10,0x82,0x10,0x82,0x10,0x82,0x10,0x82,0x10,0x82,0x10,
	0x82,0x10,0x82,0x10,0x82,0x10,0x82,0x10,0x82,0x10,0x82,0x10,0x82,0x10,0x82,0x10,0x82,0x10,0x82,0x10,0x82,0x10,0x82,0x10,0x82,0x10,0x82,0x10,0x82,0x10,0x82,0x10,0x82,0x10,0x82,0x10,0x82,0x10,0x82,0x10,0x82,0x10,0x82,0x10,0x82,0x10,0x82,0x10,0x82,0x10,0x82,0x10,0x82,0x10,0x82,0x10,0x82,0x10,0x82,0x10,0x82,0x10,0x82,0x10,
	0x82,0x10,0x82,0x10,0x82,0x10,0x82,0x10,0x82,0x10,0x82,0x10,0x82,0x10,0x82,0x10,0x82,0x10,0x82,0x10,0x82,0x10,0x82,0x10,0x82,0x10,0x82,0x10,0x82,0x10,0x82,0x10,0x82,0x10,0x82,0x10,0x82,0x10,0x82,0x10,0x82,0x10,0x82,0x10,0x82,0x10,0x82,0x10,0x82,0x10,0x82,0x10,0x82,0x10,0x82,0x10,0x82,0x10,0x82,0x10,0x82,0x10,0x82,0x10,
	0x82,0x10,0x82,0x10,0x82,0x10,0x82,0x10,0x82,0x10,0x82,0x10,0x82,0x10,0x82,0x10,0x82,0x10,0x82,0x10,0x82,0x10,0x82,0x10,0x82,0x10,0x82,0x10,0x82,0x10,0x82,0x10,0x82,0x10,0x82,0x10,0x82,0x10,0x82,0x10,0x82,0x10,0x82,0x10,0x82,0x10,0x82,0x10,0x82,0x10,0x82,0x10,0x82,0x10,0x82,0x10,0x82,0x10,0x82,0x10,0x82,0x10,0x82,0x10,
	0x82,0x10,0x82,0x10,0x82,0x10,0x82,0x10,0x82,0x10,0x82,0x10,0x82,0x10,0x82,0x10,0x82,0x10,0x82,0x10,0x82,0x10,0x82,0x10,0x82,0x10,0x82,0x10,0x82,0x10,0x82,0x10,0x82,0x10,0x82,0x10,0x82,0x10,0x82,0x10,0x82,0x10,0x82,0x10,0x82,0x10,0x82,0x10,0x82,0x10,0x82,0x10,0x82,0x10,0x82,0x10,0x82,0x10,0x82,0x10,0x82,0x10,0x82,0x10,
	0x82,0x10,0x82,0x10,0x82,0x10,0x82,0x10,0x82,0x10,0x82,0x10,0x82,0x10,0x82,0x10,0x82,0x10,0x82,0x10,0x82,0x10,0x82,0x10,0x82,0x10,0x82,0x10,0x82,0x10,0x82,0x10,0x82,0x10,0x82,0x10,0x82,0x10,0x82,0x10,0x82,0x10,0x82,0x10,0x82,0x10,0x82,0x10,0x82,0x10,0x82,0x10,0x82,0x10,0x82,0x10,0x82,0x10,0x82,0x10,0x82,0x10,0x82,0x10,
	0x82,0x10,0x82,0x10,0x82,0x10,0x82,0x10,0x82,0x10,0x82,0x10,0x82,0x10,0x82,0x10,0x82,0x10,0x82,0x10,0x82,0x10,0x82,0x10,0x82,0x10,0x82,0x10,0x82,0x10,0x82,0x10,0x82,0x10,0x82,0x10,0x82,0x10,0x82,0x10,0x82,0x10,0x82,0x10,0x82,0x10,0x82,0x10,0x82,0x10,0x82,0x10,0x82,0x10,0x82,0x10,0x82,0x10,0x82,0x10,0x82,0x10,0x82,0x10,
	0x82,0x10,0x82,0x10,0x82,0x10,0x82,0x10,0x82,0x10,0x82,0x10,0x82,0x10,0x82,0x10,0x82,0x10,0x82,0x10,0x82,0x10,0x82,0x10,0x82,0x10,0x82,0x10,0x82,0x10,0x82,0x10,0x82,0x10,0x82,0x10,0x82,0x10,0x82,0x10,0x82,0x10,0x82,0x10,0x82,0x10,0x82,0x10,0x82,0x10,0x82,0x10,0x82,0x10,0x82,0x10,0x82,0x10,0x82,0x10,0x82,0x10,0x82,0x10,
	0x82,0x10,0x82,0x10,0x82,0x10,0x82,0x10,0x82,0x10,0x82,0x10,0x82,0x10,0x82,0x10,0x82,0x10,0x82,0x10,0x82,0x10,0x82,0x10,0x82,0x10,0x82,0x10,0x82,0x10,0x82,0x10,0x82,0x10,0x82,0x10,0x82,0x10,0x82,0x10,0x82,0x10,0x82,0x10,0x82,0x10,0x82,0x10,0x82,0x10,0x82,0x10,0x82,0x10,0x82,0x10,0x82,0x10,0x82,0x10,0x82,0x10,0x82,0x10,
	0x82,0x10,0x82,0x10,0x82,0x10,0x82,0x10,0x82,0x10,0x82,0x10,0x82,0x10,0x82,0x10,0x82,0x10,0x82,0x10,0x82,0x10,0x82,0x10,0x82,0x10,0x82,0x10,0x82,0x10,0x82,0x10,0x82,0x10,0x82,0x10,0x82,0x10,0x82,0x10,0x82,0x10,0x82,0x10,0x82,0x10,0x82,0x10,0x82,0x10,0x82,0x10,0x82,0x10,0x82,0x10,0x82,0x10,0x82,0x10,0x82,0x10,0x82,0x10,
	0x82,0x10,0x82,0x10,0x82,0x10,0x82,0x10,0x82,0x10,0x82,0x10,0x82,0x10,0x82,0x10,0x82,0x10,0x82,0x10,0x82,0x10,0x82,0x10,0x82,0x10,0x82,0x10,0x82,0x10,0x82,0x10,0x82,0x10,0x82,0x10,0x82,0x10,0x82,0x10,0x82,0x10,0x82,0x10,0x82,0x10,0x82,0x10,0x82,0x10,0x82,0x10,0x82,0x10,0x82,0x10,0x82,0x10,0x82,0x10,0x82,0x10,0x82,0x10,
	0x82,0x10,0x82,0x10,0x82,0x10,0x82,0x10,0x82,0x10,0x82,0x10,0x82,0x10,0x82,0x10,0x82,0x10,0x82,0x10,0x82,0x10,0x82,0x10,0x82,0x10,0x82,0x10,0x82,0x10,0x82,0x10,0x82,0x10,0x82,0x10,0x82,0x10,0x82,0x10,0x82,0x10,0x82,0x10,0x82,0x10,0x82,0x10,0x82,0x10,0x82,0x10,0x82,0x10,0x82,0x10,0x82,0x10,0x82,0x10,0x82,0x10,0x82,0x10,
	0x82,0x10,0x82,0x10,0x82,0x10,0x82,0x10,0x82,0x10,0x82,0x10,0x82,0x10,0x82,0x10,0x82,0x10,0x82,0x10,0x82,0x10,0x82,0x10,0x82,0x10,0x82,0x10,0x82,0x10,0x82,0x10,0x82,0x10,0x82,0x10,0x82,0x10,0x82,0x10,0x82,0x10,0x82,0x10,0x82,0x10,0x82,0x10,0x82,0x10,0x82,0x10,0x82,0x10,0x82,0x10,0x82,0x10,0x82,0x10,0x82,0x10,0x82,0x10,
	0x82,0x10,0x82,0x10,0x82,0x10,0x82,0x10,0x82,0x10,0x82,0x10,0x82,0x10,0x82,0x10,0x82,0x10,0x82,0x10,0x82,0x10,0x82,0x10,0x82,0x10,0x82,0x10,0x82,0x10,0x82,0x10,0x82,0x10,0x82,0x10,0x82,0x10,0x82,0x10,0x82,0x10,0x82,0x10,0x82,0x10,0x82,0x10,0x82,0x10,0x82,0x10,0x82,0x10,0x82,0x10,0x82,0x10,0x82,0x10,0x82,0x10,0x82,0x10,
	0x82,0x10,0x82,0x10,0x82,0x10,0x82,0x10,0x82,0x10,0x82,0x10,0x82,0x10,0x82,0x10,0x82,0x10,0x82,0x10,0x82,0x10,0x82,0x10,0x82,0x10,0x82,0x10,0x82,0x10,0x82,0x10,0x82,0x10,0x82,0x10,0x82,0x10,0x82,0x10,0x82,0x10,0x82,0x10,0x82,0x10,0x82,0x10,0x82,0x10,0x82,0x10,0x82,0x10,0x82,0x10,0x82,0x10,0x82,0x10,0x82,0x10,0x82,0x10,
	0x82,0x10,0x82,0x10,0x82,0x10,0x82,0x10,0x82,0x10,0x82,0x10,0x82,0x10,0x82,0x10,0x82,0x10,0x82,0x10,0x82,0x10,0x82,0x10,0x82,0x10,0x82,0x10,0x82,0x10,0x82,0x10,0x82,0x10,0x82,0x10,0x82,0x10,0x82,0x10,0x82,0x10,0x82,0x10,0x82,0x10,0x82,0x10,0x82,0x10,0x82,0x10,0x82,0x10,0x82,0x10,0x82,0x10,0x82,0x10,0x82,0x10,0x82,0x10,
	0x82,0x10,0x82,0x10,0x82,0x10,0x82,0x10,0x82,0x10,0x82,0x10,0x82,0x10,0x82,0x10,0x82,0x10,0x82,0x10,0x82,0x10,0x82,0x10,0x82,0x10,0x82,0x10,0x82,0x10,0x82,0x10,0x82,0x10,0x82,0x10,0x82,0x10,0x82,0x10,0x82,0x10,0x82,0x10,0x82,0x10,0x82,0x10,0x82,0x10,0x82,0x10,0x82,0x10,0x82,0x10,0x82,0x10,0x82,0x10,0x82,0x10,0x82,0x10,
	0x82,0x10,0x82,0x10,0x82,0x10,0x82,0x10,0x82,0x10,0x82,0x10,0x82,0x10,0x82,0x10,0x82,0x10,0x82,0x10,0x82,0x10,0x82,0x10,0x82,0x10,0x82,0x10,0x82,0x10,0x82,0x10,0x82,0x10,0x82,0x10,0x82,0x10,0x82,0x10,0x82,0x10,0x82,0x10,0x82,0x10,0x82,0x10,0x82,0x10,0x82,0x10,0x82,0x10,0x82,0x10,0x82,0x10,0x82,0x10,0x82,0x10,0x82,0x10,
	0x82,0x10,0x82,0x10,0x82,0x10,0x82,0x10,0x82,0x10,0x82,0x10,0x82,0x10,0x82,0x10,0x82,0x10,0x82,0x10,0x82,0x10,0x82,0x10,0x82,0x10,0x82,0x10,0x82,0x10,0x82,0x10,0x82,0x10,0x82,0x10,0x82,0x10,0x82,0x10,0x82,0x10,0x82,0x10,0x82,0x10,0x82,0x10,0x82,0x10,0x82,0x10,0x82,0x10,0x82,0x10,0x82,0x10,0x82,0x10,0x82,0x10,0x82,0x10,
	0x82,0x10,0x82,0x10,0x82,0x10,0x82,0x10,0x82,0x10,0x82,0x10,0x82,0x10,0x82,0x10,0x82,0x10,0x82,0x10,0x82,0x10,0x82,0x10,0x82,0x10,0x82,0x10,0x82,0x10,0x82,0x10,0x82,0x10,0x82,0x10,0x82,0x10,0x82,0x10,0x82,0x10,0x82,0x10,0x82,0x10,0x82,0x10,0x82,0x10,0x82,0x10,0x82,0x10,0x82,0x10,0x82,0x10,0x82,0x10,0x82,0x10,0x82,0x10,
	0x82,0x10,0x82,0x10,0x82,0x10,0x82,0x10,0x82,0x10,0x82,0x10,0x82,0x10,0x82,0x10,0x82,0x10,0x82,0x10,0x82,0x10,0x82,0x10,0x82,0x10,0x82,0x10,0x82,0x10,0x82,0x10,0x82,0x10,0x82,0x10,0x82,0x10,0x82,0x10,0x82,0x10,0x82,0x10,0x82,0x10,0x82,0x10,0x82,0x10,0x82,0x10,0x82,0x10,0x82,0x10,0x82,0x10,0x82,0x10,0x82,0x10,0x82,0x10,
	0x82,0x10,0x82,0x10,0x82,0x10,0x82,0x10,0x82,0x10,0x82,0x10,0x82,0x10,0x82,0x10,0x82,0x10,0x82,0x10,0x82,0x10,0x82,0x10,0x82,0x10,0x82,0x10,0x82,0x10,0x82,0x10,0x82,0x10,0x82,0x10,0x82,0x10,0x82,0x10,0x82,0x10,0x82,0x10,0x82,0x10,0x82,0x10,0x82,0x10,0x82,0x10,0x82,0x10,0x82,0x10,0x82,0x10,0x82,0x10,0x82,0x10,0x82,0x10,
	0x82,0x10,0x82,0x10,0x82,0x10,0x82,0x10,0x82,0x10,0x82,0x10,0x82,0x10,0x82,0x10,0x82,0x10,0x82,0x10,0x82,0x10,0x82,0x10,0x82,0x10,0x82,0x10,0x82,0x10,0x82,0x10,0x82,0x10,0x82,0x10,0x82,0x10,0x82,0x10,0x82,0x10,0x82,0x10,0x82,0x10,0x82,0x10,0x82,0x10,0x82,0x10,0x82,0x10,0x82,0x10,0x82,0x10,0x82,0x10,0x82,0x10,0x82,0x10,
	0x82,0x10,0x82,0x10,0x82,0x10,0x82,0x10,0x82,0x10,0x82,0x10,0x82,0x10,0x82,0x10,0x82,0x10,0x82,0x10,0x82,0x10,0x82,0x10,0x82,0x10,0x82,0x10,0x82,0x10,0x82,0x10,0x82,0x10,0x82,0x10,0x82,0x10,0x82,0x10,0x82,0x10,0x82,0x10,0x82,0x10,0x82,0x10,0x82,0x10,0x82,0x10,0x82,0x10,0x82,0x10,0x82,0x10,0x82,0x10,0x82,0x10,0x82,0x10,
	0x82,0x10,0x82,0x10,0x82,0x10,0x82,0x10,0x82,0x10,0x82,0x10,0x82,0x10,0x82,0x10,0x82,0x10,0x82,0x10,0x82,0x10,0x82,0x10,0x82,0x10,0x82,0x10,0x82,0x10,0x82,0x10,0x82,0x10,0x82,0x10,0x82,0x10,0x82,0x10,0x82,0x10,0x82,0x10,0x82,0x10,0x82,0x10,0x82,0x10,0x82,0x10,0x82,0x10,0x82,0x10,0x82,0x10,0x82,0x10,0x82,0x10,0x82,0x10,
	0x82,0x10,0x82,0x10,0x82,0x10,0x82,0x10,0x82,0x10,0x82,0x10,0x82,0x10,0x82,0x10,0x82,0x10,0x82,0x10,0x82,0x10,0x82,0x10,0x82,0x10,0x82,0x10,0x82,0x10,0x82,0x10,0x82,0x10,0x82,0x10,0x82,0x10,0x82,0x10,0x82,0x10,0x82,0x10,0x82,0x10,0x82,0x10,0x82,0x10,0x82,0x10,0x82,0x10,0x82,0x10,0x82,0x10,0x82,0x10,0x82,0x10,0x82,0x10,
	0x82,0x10,0x82,0x10,0x82,0x10,0x82,0x10,0x82,0x10,0x82,0x10,0x82,0x10,0x82,0x10,0x82,0x10,0x82,0x10,0x82,0x10,0x82,0x10,0x82,0x10,0x82,0x10,0x82,0x10,0x82,0x10,0x82,0x10,0x82,0x10,0x82,0x10,0x82,0x10,0x82,0x10,0x82,0x10,0x82,0x10,0x82,0x10,0x82,0x10,0x82,0x10,0x82,0x10,0x82,0x10,0x82,0x10,0x82,0x10,0x82,0x10,0x82,0x10,
	0x82,0x10,0x82,0x10,0x82,0x10,0x82,0x10,0x82,0x10,0x82,0x10,0x82,0x10,0x82,0x10,0x82,0x10,0x82,0x10,0x82,0x10,0x82,0x10,0x82,0x10,0x82,0x10,0x82,0x10,0x82,0x10,0x82,0x10,0x82,0x10,0x82,0x10,0x82,0x10,0x82,0x10,0x82,0x10,0x82,0x10,0x82,0x10,0x82,0x10,0x82,0x10,0x82,0x10,0x82,0x10,0x82,0x10,0x82,0x10,0x82,0x10,0x82,0x10,
	0x82,0x10,0x82,0x10,0x82,0x10,0x82,0x10,0x82,0x10,0x82,0x10,0x82,0x10,0x82,0x10,0x82,0x10,0x82,0x10,0x82,0x10,0x82,0x10,0x82,0x10,0x82,0x10,0x82,0x10,0x82,0x10,0x82,0x10,0x82,0x10,0x82,0x10,0x82,0x10,0x82,0x10,0x82,0x10,0x82,0x10,0x82,0x10,0x82,0x10,0x82,0x10,0x82,0x10,0x82,0x10,0x82,0x10,0x82,0x10,0x82,0x10,0x82,0x10,
	0x82,0x10,0x82,0x10,0x82,0x10,0x82,0x10,0x82,0x10,0x82,0x10,0x82,0x10,0x82,0x10,0x82,0x10,0x82,0x10,0x82,0x10,0x82,0x10,0x82,0x10,0x82,0x10,0x82,0x10,0x82,0x10,0x82,0x10,0x82,0x10,0x82,0x10,0x82,0x10,0x82,0x10,0x82,0x10,0x82,0x10,0x82,0x10,0x82,0x10,0x82,0x10,0x82,0x10,0x82,0x10,0x82,0x10,0x82,0x10,0x82,0x10,0x82,0x10,
	0x82,0x10,0x82,0x10,0x82,0x10,0x82,0x10,0x82,0x10,0x82,0x10,0x82,0x10,0x82,0x10,0x82,0x10,0x82,0x10,0x82,0x10,0x82,0x10,0x82,0x10,0x82,0x10,0x82,0x10,0x82,0x10,0x82,0x10,0x82,0x10,0x82,0x10,0x82,0x10,0x82,0x10,0x82,0x10,0x82,0x10,0x82,0x10,0x82,0x10,0x82,0x10,0x82,0x10,0x82,0x10,0x82,0x10,0x82,0x10,0x82,0x10,0x82,0x10,
	0x82,0x10,0x82,0x10,0x82,0x10,0x82,0x10,0x82,0x10,0x82,0x10,0x82,0x10,0x82,0x10,0x82,0x10,0x82,0x10,0x82,0x10,0x82,0x10,0x82,0x10,0x82,0x10,0x82,0x10,0x82,0x10,0x82,0x10,0x82,0x10,0x82,0x10,0x82,0x10,0x82,0x10,0x82,0x10,0x82,0x10,0x82,0x10,0x82,0x10,0x82,0x10,0x82,0x10,0x82,0x10,0x82,0x10,0x82,0x10,0x82,0x10,0x82,0x10,
	0x82,0x10,0x82,0x10,0x82,0x10,0x82,0x10,0x82,0x10,0x82,0x10,0x82,0x10,0x82,0x10,0x82,0x10,0x82,0x10,0x82,0x10,0x82,0x10,0x82,0x10,0x82,0x10,0x82,0x10,0x82,0x10,0x82,0x10,0x82,0x10,0x82,0x10,0x82,0x10,0x82,0x10,0x82,0x10,0x82,0x10,0x82,0x10,0x82,0x10,0x82,0x10,0x82,0x10,0x82,0x10,0x82,0x10,0x82,0x10,0x82,0x10,0x82,0x10,
	0x82,0x10,0x82,0x10,0x82,0x10,0x82,0x10,0x82,0x10,0x82,0x10,0x82,0x10,0x82,0x10,0x82,0x10,0x82,0x10,0x82,0x10,0x82,0x10,0x82,0x10,0x82,0x10,0x82,0x10,0x82,0x10,0x82,0x10,0x82,0x10,0x82,0x10,0x82,0x10,0x82,0x10,0x82,0x10,0x82,0x10,0x82,0x10,0x82,0x10,0x82,0x10,0x82,0x10,0x82,0x10,0x82,0x10,0x82,0x10,0x82,0x10,0x82,0x10,
	0x82,0x10,0x82,0x10,0x82,0x10,0x82,0x10,0x82,0x10,0x82,0x10,0x82,0x10,0x82,0x10,0x82,0x10,0x82,0x10,0x82,0x10,0x82,0x10,0x82,0x10,0x82,0x10,0x82,0x10,0x82,0x10,0x82,0x10,0x82,0x10,0x82,0x10,0x82,0x10,0x82,0x10,0x82,0x10,0x82,0x10,0x82,0x10,0x82,0x10,0x82,0x10,0x82,0x10,0x82,0x10,0x82,0x10,0x82,0x10,0x82,0x10,0x82,0x10,
	0x82,0x10,0x82,0x10,0x82,0x10,0x82,0x10,0x82,0x10,0x82,0x10,0x82,0x10,0x82,0x10,0x82,0x10,0x82,0x10,0x82,0x10,0x82,0x10,0x82,0x10,0x82,0x10,0x82,0x10,0x82,0x10,0x82,0x10,0x82,0x10,0x82,0x10,0x82,0x10,0x82,0x10,0x82,0x10,0x82,0x10,0x82,0x10,0x82,0x10,0x82,0x10,0x82,0x10,0x82,0x10,0x82,0x10,0x82,0x10,0x82,0x10,0x82,0x10,
	0x82,0x10,0x82,0x10,0x82,0x10,0x82,0x10,0x82,0x10,0x82,0x10,0x82,0x10,0x82,0x10,0x82,0x10,0x82,0x10,0x82,0x10,0x82,0x10,0x82,0x10,0x82,0x10,0x82,0x10,0x82,0x10,0x82,0x10,0x82,0x10,0x82,0x10,0x82,0x10,0x82,0x10,0x82,0x10,0x82,0x10,0x82,0x10,0x82,0x10,0x82,0x10,0x82,0x10,0x82,0x10,0x82,0x10,0x82,0x10,0x82,0x10,0x82,0x10,
	0x82,0x10,0x82,0x10,0x82,0x10,0x82,0x10,0x82,0x10,0x82,0x10,0x82,0x10,0x82,0x10,0x82,0x10,0x82,0x10,0x82,0x10,0x82,0x10,0x82,0x10,0x82,0x10,0x82,0x10,0x82,0x10,0x82,0x10,0x82,0x10,0x82,0x10,0x82,0x10,0x82,0x10,0x82,0x10,0x82,0x10,0x82,0x10,0x82,0x10,0x82,0x10,0x82,0x10,0x82,0x10,0x82,0x10,0x82,0x10,0x82,0x10,0x82,0x10,
	0x82,0x10,0x82,0x10,0x82,0x10,0x82,0x10,0x82,0x10,0x82,0x10,0x82,0x10,0x82,0x10,0x82,0x10,0x82,0x10,0x82,0x10,0x82,0x10,0x82,0x10,0x82,0x10,0x82,0x10,0x82,0x10,0x82,0x10,0x82,0x10,0x82,0x10,0x82,0x10,0x82,0x10,0x82,0x10,0x82,0x10,0x82,0x10,0x82,0x10,0x82,0x10,0x82,0x10,0x82,0x10,0x82,0x10,0x82,0x10,0x82,0x10,0x82,0x10,
	0x82,0x10,0x82,0x10,0x82,0x10,0x82,0x10,0x82,0x10,0x82,0x10,0x82,0x10,0x82,0x10,0x82,0x10,0x82,0x10,0x82,0x10,0x82,0x10,0x82,0x10,0x82,0x10,0x82,0x10,0x82,0x10,0x82,0x10,0x82,0x10,0x82,0x10,0x82,0x10,0x82,0x10,0x82,0x10,0x82,0x10,0x82,0x10,0x82,0x10,0x82,0x10,0x82,0x10,0x82,0x10,0x82,0x10,0x82,0x10,0x82,0x10,0x82,0x10,
	0x82,0x10,0x82,0x10,0x82,0x10,0x82,0x10,0x82,0x10,0x82,0x10,0x82,0x10,0x82,0x10,0x82,0x10,0x82,0x10,0x82,0x10,0x82,0x10,0x82,0x10,0x82,0x10,0x82,0x10,0x82,0x10,0x82,0x10,0x82,0x10,0x82,0x10,0x82,0x10,0x82,0x10,0x82,0x10,0x82,0x10,0x82,0x10,0x82,0x10,0x82,0x10,0x82,0x10,0x82,0x10,0x82,0x10,0x82,0x10,0x82,0x10,0x82,0x10,
	0x82,0x10,0x82,0x10,0x82,0x10,0x82,0x10,0x82,0x10,0x82,0x10,0x82,0x10,0x82,0x10,0x81,0x08,0x81,0x08,0x82,0x10,0x82,0x10,0x82,0x10,0x82,0x10,0x82,0x10,0x82,0x10,0x82,0x10,0x82,0x10,0x82,0x10,0x82,0x10,0x82,0x10,0x82,0x10,0x82,0x10,0x82,0x10,0x82,0x10,0x82,0x10,0x82,0x10,0x82,0x10,0x82,0x10,0x82,0x10,0x82,0x10,0x82,0x10,
	0x82,0x10,0x82,0x10,0x82,0x10,0x82,0x10,0x82,0x10,0x82,0x10,0x82,0x10,0x82,0x10,0x82,0x10,0x82,0x10,0x82,0x10,0x82,0x10,0x82,0x10,0x82,0x10,0x82,0x10,0x82,0x10,0x82,0x10,0x82,0x10,0x82,0x10,0x82,0x10,0x82,0x10,0x82,0x10,0x82,0x10,0x82,0x10,0x82,0x10,0x82,0x10,0x82,0x10,0x82,0x10,0x82,0x10,0x82,0x10,0x82,0x10,0x82,0x10,
	0x82,0x10,0x82,0x10,0x82,0x10,0x82,0x10,0x82,0x10,0x82,0x10,0x82,0x10,0x82,0x10,0x82,0x10,0x82,0x10,0x82,0x10,0x82,0x10,0x82,0x10,0x82,0x10,0x82,0x10,0x82,0x10,0x82,0x10,0x82,0x10,0x82,0x10,0x82,0x10,0x82,0x10,0x82,0x10,0x82,0x10,0x82,0x10,0x82,0x10,0x82,0x10,0x82,0x10,0x82,0x10,0x82,0x10,0x82,0x10,0x82,0x10,0x82,0x10,
	0x82,0x10,0x82,0x10,0x82,0x10,0x82,0x10,0x82,0x10,0x82,0x10,0x82,0x10,0x82,0x10,0x82,0x10,0x82,0x10,0x82,0x10,0x82,0x10,0x82,0x10,0x82,0x10,0x82,0x10,0x82,0x10,0x82,0x10,0x82,0x10,0x82,0x10,0x82,0x10,0x82,0x10,0x82,0x10,0x82,0x10,0x82,0x10,0x82,0x10,0x82,0x10,0x82,0x10,0x82,0x10,0x82,0x10,0x82,0x10,0x82,0x10,0x82,0x10,
	0x82,0x10,0x82,0x10,0x82,0x10,0x82,0x10,0x82,0x10,0x82,0x10,0x82,0x10,0x82,0x10,0x82,0x10,0x82,0x10,0x82,0x10,0x82,0x10,0x82,0x10,0x82,0x10,0x82,0x10,0x82,0x10,0x82,0x10,0x82,0x10,0x82,0x10,0x82,0x10,0x82,0x10,0x82,0x10,0x82,0x10,0x82,0x10,0x82,0x10,0x82,0x10,0x82,0x10,0x82,0x10,0x82,0x10,0x82,0x10,0x82,0x10,0x82,0x10,
	0x82,0x10,0x82,0x10,0x82,0x10,0x82,0x10,0x82,0x10,0x82,0x10,0x82,0x10,0x82,0x10,0x82,0x10,0x82,0x10,0x82,0x10,0x82,0x10,0x82,0x10,0x82,0x10,0x82,0x10,0x82,0x10,0x82,0x10,0x82,0x10,0x82,0x10,0x82,0x10,0x82,0x10,0x82,0x10,0x82,0x10,0x82,0x10,0x82,0x10,0x82,0x10,0x82,0x10,0x82,0x10,0x82,0x10,0x82,0x10,0x82,0x10,0x82,0x10,
	0x82,0x10,0x82,0x10,0x82,0x10,0x82,0x10,0x82,0x10,0x82,0x10,0x82,0x10,0x82,0x10,0x82,0x10,0x82,0x10,0x82,0x10,0x82,0x10,0x82,0x10,0x82,0x10,0x82,0x10,0x82,0x10,0x82,0x10,0x82,0x10,0x82,0x10,0x82,0x10,0x82,0x10,0x82,0x10,0x82,0x10,0x82,0x10,0x82,0x10,0x82,0x10,0x82,0x10,0x82,0x10,0x82,0x10,0x82,0x10,0x82,0x10,0x82,0x10,
	0x82,0x10,0x82,0x10,0x82,0x10,0x82,0x10,0x82,0x10,0x82,0x10,0x82,0x10,0x82,0x10,0x82,0x10,0x82,0x10,0x82,0x10,0x82,0x10,0x82,0x10,0x82,0x10,0x82,0x10,0x82,0x10,0x82,0x10,0x82,0x10,0x82,0x10,0x82,0x10,0x82,0x10,0x82,0x10,0x82,0x10,0x82,0x10,0x82,0x10,0x82,0x10,0x82,0x10,0x82,0x10,0x82,0x10,0x82,0x10,0x82,0x10,0x82,0x10,
	0x82,0x10,0x82,0x10,0x82,0x10,0x82,0x10,0x82,0x10,0x82,0x10,0x82,0x10,0x82,0x10,0x82,0x10,0x82,0x10,0x82,0x10,0x82,0x10,0x82,0x10,0x82,0x10,0x82,0x10,0x82,0x10,0x82,0x10,0x82,0x10,0x82,0x10,0x82,0x10,0x82,0x10,0x82,0x10,0x82,0x10,0x82,0x10,0x82,0x10,0x82,0x10,0x82,0x10,0x82,0x10,0x82,0x10,0x82,0x10,0x82,0x10,0x82,0x10,
	0x82,0x10,0x82,0x10,0x82,0x10,0x82,0x10,0x82,0x10,0x82,0x10,0x82,0x10,0x82,0x10,0x82,0x10,0x82,0x10,0x82,0x10,0x82,0x10,0x82,0x10,0x82,0x10,0x82,0x10,0x82,0x10,0x82,0x10,0x82,0x10,0x82,0x10,0x82,0x10,0x82,0x10,0x82,0x10,0x82,0x10,0x82,0x10,0x82,0x10,0x82,0x10,0x82,0x10,0x82,0x10,0x82,0x10,0x82,0x10,0x82,0x10,0x82,0x10,
	0x82,0x10,0x82,0x10,0x82,0x10,0x82,0x10,0x82,0x10,0x82,0x10,0x82,0x10,0x82,0x10,0x82,0x10,0x82,0x10,0x82,0x10,0x82,0x10,0x82,0x10,0x82,0x10,0x82,0x10,0x82,0x10,0x82,0x10,0x82,0x10,0x82,0x10,0x82,0x10,0x82,0x10,0x82,0x10,0x82,0x10,0x82,0x10,0x82,0x10,0x82,0x10,0x82,0x10,0x82,0x10,0x82,0x10,0x82,0x10,0x82,0x10,0x82,0x10,
	0x82,0x10,0x82,0x10,0x82,0x10,0x82,0x10,0x82,0x10,0x82,0x10,0x82,0x10,0x82,0x10,0x81,0x08,0x81,0x08,0x61,0x08,0x61,0x08,0x82,0x10,0x82,0x10,0x82,0x10,0x82,0x10,0x82,0x10,0x82,0x10,0x82,0x10,0x82,0x10,0x82,0x10,0x82,0x10,0x82,0x10,0x82,0x10,0x82,0x10,0x82,0x10,0x82,0x10,0x82,0x10,0x82,0x10,0x82,0x10,0x82,0x10,0x82,0x10,
	0x82,0x10,0x82,0x10,0x82,0x10,0x82,0x10,0x82,0x10,0x82,0x10,0x82,0x10,0x82,0x10,0x82,0x10,0x82,0x10,0x82,0x10,0x82,0x10,0x82,0x10,0x82,0x10,0x82,0x10,0x82,0x10,0x82,0x10,0x82,0x10,0x82,0x10,0x82,0x10,0x82,0x10,0x82,0x10,0x82,0x10,0x82,0x10,0x82,0x10,0x82,0x10,0x82,0x10,0x82,0x10,0x82,0x10,0x82,0x10,0x82,0x10,0x82,0x10,
	0x82,0x10,0x82,0x10,0x82,0x10,0x82,0x10,0x82,0x10,0x82,0x10,0x82,0x10,0x82,0x10,0x82,0x10,0x82,0x10,0x82,0x10,0x82,0x10,0x82,0x10,0x82,0x10,0x82,0x10,0x82,0x10,0x82,0x10,0x82,0x10,0x82,0x10,0x82,0x10,0x82,0x10,0x82,0x10,0x82,0x10,0x82,0x10,0x82,0x10,0x82,0x10,0x82,0x10,0x82,0x10,0x82,0x10,0x82,0x10,0x82,0x10,0x82,0x10,
	0x82,0x10,0x82,0x10,0x82,0x10,0x82,0x10,0x82,0x10,0x82,0x10,0x82,0x10,0x82,0x10,0x82,0x10,0x82,0x10,0x82,0x10,0x82,0x10,0x82,0x10,0x82,0x10,0x82,0x10,0x82,0x10,0x82,0x10,0x82,0x10,0x82,0x10,0x82,0x10,0x82,0x10,0x82,0x10,0x82,0x10,0x82,0x10,0x82,0x10,0x82,0x10,0x82,0x10,0x82,0x10,0x82,0x10,0x82,0x10,0x82,0x10,0x82,0x10,
	0x82,0x10,0x82,0x10,0x82,0x10,0x82,0x10,0x82,0x10,0x82,0x10,0x82,0x10,0x82,0x10,0x82,0x10,0x82,0x10,0x82,0x10,0x82,0x10,0x82,0x10,0x82,0x10,0x82,0x10,0x82,0x10,0x82,0x10,0x82,0x10,0x82,0x10,0x82,0x10,0x82,0x10,0x82,0x10,0x82,0x10,0x82,0x10,0x82,0x10,0x82,0x10,0x82,0x10,0x82,0x10,0x82,0x10,0x82,0x10,0x82,0x10,0x82,0x10,
	0x82,0x10,0x82,0x10,0x82,0x10,0x82,0x10,0x82,0x10,0x82,0x10,0x82,0x10,0x82,0x10,0x82,0x10,0x82,0x10,0x82,0x10,0x82,0x10,0x82,0x10,0x82,0x10,0x82,0x10,0x82,0x10,0x82,0x10,0x82,0x10,0x82,0x10,0x82,0x10,0x82,0x10,0x82,0x10,0x82,0x10,0x82,0x10,0x82,0x10,0x82,0x10,0x82,0x10,0x82,0x10,0x82,0x10,0x82,0x10,0x82,0x10,0x82,0x10,
	0x82,0x10,0x82,0x10,0x82,0x10,0x82,0x10,0x82,0x10,0x82,0x10,0x82,0x10,0x82,0x10,0x82,0x10,0x82,0x10,0x82,0x10,0x82,0x10,0x82,0x10,0x82,0x10,0x82,0x10,0x82,0x10,0x82,0x10,0x82,0x10,0x82,0x10,0x82,0x10,0x82,0x10,0x82,0x10,0x82,0x10,0x82,0x10,0x82,0x10,0x82,0x10,0x82,0x10,0x82,0x10,0x82,0x10,0x82,0x10,0x82,0x10,0x82,0x10,
	0x82,0x10,0x82,0x10,0x82,0x10,0x82,0x10,0x82,0x10,0x82,0x10,0x82,0x10,0x82,0x10,0x82,0x10,0x82,0x10,0x82,0x10,0x82,0x10,0x82,0x10,0x82,0x10,0x82,0x10,0x82,0x10,0x82,0x10,0x82,0x10,0x82,0x10,0x82,0x10,0x82,0x10,0x82,0x10,0x82,0x10,0x82,0x10,0x82,0x10,0x82,0x10,0x82,0x10,0x82,0x10,0x82,0x10,0x82,0x10,0x82,0x10,0x82,0x10,
	0x82,0x10,0x82,0x10,0x82,0x10,0x82,0x10,0x82,0x10,0x82,0x10,0x82,0x10,0x82,0x10,0x82,0x10,0x82,0x10,0x82,0x10,0x82,0x10,0x82,0x10,0x82,0x10,0x82,0x10,0x82,0x10,0x82,0x10,0x82,0x10,0x82,0x10,0x82,0x10,0x82,0x10,0x82,0x10,0x82,0x10,0x82,0x10,0x82,0x10,0x82,0x10,0x82,0x10,0x82,0x10,0x82,0x10,0x82,0x10,0x82,0x10,0x82,0x10,
	0x82,0x10,0x82,0x10,0x82,0x10,0x82,0x10,0x82,0x10,0x82,0x10,0x82,0x10,0x82,0x10,0x82,0x10,0x82,0x10,0x82,0x10,0x82,0x10,0x82,0x10,0x82,0x10,0x82,0x10,0x82,0x10,0x82,0x10,0x82,0x10,0x82,0x10,0x82,0x10,0x82,0x10,0x82,0x10,0x82,0x10,0x82,0x10,0x82,0x10,0x82,0x10,0x82,0x10,0x82,0x10,0x82,0x10,0x82,0x10,0x82,0x10,0x82,0x10,
	0x82,0x10,0x82,0x10,0x82,0x10,0x82,0x10,0x82,0x10,0x82,0x10,0x82,0x10,0x82,0x10,0x82,0x10,0x82,0x10,0x82,0x10,0x82,0x10,0x82,0x10,0x82,0x10,0x82,0x10,0x82,0x10,0x82,0x10,0x82,0x10,0x82,0x10,0x82,0x10,0x82,0x10,0x82,0x10,0x82,0x10,0x82,0x10,0x82,0x10,0x82,0x10,0x82,0x10,0x82,0x10,0x82,0x10,0x82,0x10,0x82,0x10,0x82,0x10,
	0x82,0x10,0x82,0x10,0x82,0x10,0x82,0x10,0x82,0x10,0x82,0x10,0x82,0x10,0x82,0x10,0x82,0x10,0x82,0x10,0x61,0x08,0x61,0x08,0x40,0x00,0x61,0x08,0x82,0x10,0x82,0x10,0x82,0x10,0x82,0x10,0x82,0x10,0x82,0x10,0x82,0x10,0x82,0x10,0x82,0x10,0x82,0x10,0x82,0x10,0x82,0x10,0x82,0x10,0x82,0x10,0x82,0x10,0x82,0x10,0x82,0x10,0x82,0x10,
	0x82,0x10,0x82,0x10,0x82,0x10,0x82,0x10,0x82,0x10,0x82,0x10,0x82,0x10,0x82,0x10,0x82,0x10,0x82,0x10,0x82,0x10,0x82,0x10,0x82,0x10,0x82,0x10,0x82,0x10,0x82,0x10,0x82,0x10,0x82,0x10,0x82,0x10,0x82,0x10,0x82,0x10,0x82,0x10,0x82,0x10,0x82,0x10,0x82,0x10,0x82,0x10,0x82,0x10,0x82,0x10,0x82,0x10,0x82,0x10,0x82,0x10,0x82,0x10,
	0x82,0x10,0x82,0x10,0x82,0x10,0x82,0x10,0x82,0x10,0x82,0x10,0x82,0x10,0x82,0x10,0x82,0x10,0x82,0x10,0x82,0x10,0x82,0x10,0x82,0x10,0x82,0x10,0x82,0x10,0x82,0x10,0x82,0x10,0x82,0x10,0x82,0x10,0x82,0x10,0x82,0x10,0x82,0x10,0x82,0x10,0x82,0x10,0x82,0x10,0x82,0x10,0x82,0x10,0x82,0x10,0x82,0x10,0x82,0x10,0x82,0x10,0x82,0x10,
	0x82,0x10,0x82,0x10,0x82,0x10,0x82,0x10,0x82,0x10,0x82,0x10,0x82,0x10,0x82,0x10,0x82,0x10,0x82,0x10,0x82,0x10,0x82,0x10,0x82,0x10,0x82,0x10,0x82,0x10,0x82,0x10,0x82,0x10,0x82,0x10,0x82,0x10,0x82,0x10,0x82,0x10,0x82,0x10,0x82,0x10,0x82,0x10,0x82,0x10,0x82,0x10,0x82,0x10,0x82,0x10,0x82,0x10,0x82,0x10,0x82,0x10,0x82,0x10,
	0x82,0x10,0x82,0x10,0x82,0x10,0x82,0x10,0x82,0x10,0x82,0x10,0x82,0x10,0x82,0x10,0x82,0x10,0x82,0x10,0x82,0x10,0x82,0x10,0x82,0x10,0x82,0x10,0x82,0x10,0x82,0x10,0x82,0x10,0x82,0x10,0x82,0x10,0x82,0x10,0x82,0x10,0x82,0x10,0x82,0x10,0x82,0x10,0x82,0x10,0x82,0x10,0x82,0x10,0x82,0x10,0x82,0x10,0x82,0x10,0x82,0x10,0x82,0x10,
	0x82,0x10,0x82,0x10,0x82,0x10,0x82,0x10,0x82,0x10,0x82,0x10,0x82,0x10,0x82,0x10,0x82,0x10,0x82,0x10,0x82,0x10,0x82,0x10,0x82,0x10,0x82,0x10,0x82,0x10,0x82,0x10,0x82,0x10,0x82,0x10,0x82,0x10,0x82,0x10,0x82,0x10,0x82,0x10,0x82,0x10,0x82,0x10,0x82,0x10,0x82,0x10,0x82,0x10,0x82,0x10,0x82,0x10,0x82,0x10,0x82,0x10,0x82,0x10,
	0x82,0x10,0x82,0x10,0x82,0x10,0x82,0x10,0x82,0x10,0x82,0x10,0x82,0x10,0x82,0x10,0x82,0x10,0x82,0x10,0x82,0x10,0x82,0x10,0x82,0x10,0x82,0x10,0x82,0x10,0x82,0x10,0x82,0x10,0x82,0x10,0x82,0x10,0x82,0x10,0x82,0x10,0x82,0x10,0x82,0x10,0x82,0x10,0x82,0x10,0x82,0x10,0x82,0x10,0x82,0x10,0x82,0x10,0x82,0x10,0x82,0x10,0x82,0x10,
	0x82,0x10,0x82,0x10,0x82,0x10,0x82,0x10,0x82,0x10,0x82,0x10,0x82,0x10,0x82,0x10,0x82,0x10,0x82,0x10,0x82,0x10,0x82,0x10,0x82,0x10,0x82,0x10,0x82,0x10,0x82,0x10,0x82,0x10,0x82,0x10,0x82,0x10,0x82,0x10,0x82,0x10,0x82,0x10,0x82,0x10,0x82,0x10,0x82,0x10,0x82,0x10,0x82,0x10,0x82,0x10,0x82,0x10,0x82,0x10,0x82,0x10,0x82,0x10,
	0x82,0x10,0x82,0x10,0x82,0x10,0x82,0x10,0x82,0x10,0x82,0x10,0x82,0x10,0x82,0x10,0x82,0x10,0x82,0x10,0x82,0x10,0x82,0x10,0x82,0x10,0x82,0x10,0x82,0x10,0x82,0x10,0x82,0x10,0x82,0x10,0x82,0x10,0x82,0x10,0x82,0x10,0x82,0x10,0x82,0x10,0x82,0x10,0x82,0x10,0x82,0x10,0x82,0x10,0x82,0x10,0x82,0x10,0x82,0x10,0x82,0x10,0x82,0x10,
	0x82,0x10,0x82,0x10,0x82,0x10,0x82,0x10,0x82,0x10,0x82,0x10,0x82,0x10,0x82,0x10,0x82,0x10,0x82,0x10,0x82,0x10,0x82,0x10,0x82,0x10,0x82,0x10,0x82,0x10,0x82,0x10,0x82,0x10,0x82,0x10,0x82,0x10,0x82,0x10,0x82,0x10,0x82,0x10,0x82,0x10,0x82,0x10,0x82,0x10,0x82,0x10,0x82,0x10,0x82,0x10,0x82,0x10,0x82,0x10,0x82,0x10,0x82,0x10,
	0x82,0x10,0x82,0x10,0x82,0x10,0x82,0x10,0x82,0x10,0x82,0x10,0x82,0x10,0x82,0x10,0x82,0x10,0x82,0x10,0x82,0x10,0x82,0x10,0x82,0x10,0x82,0x10,0x82,0x10,0x82,0x10,0x82,0x10,0x82,0x10,0x82,0x10,0x82,0x10,0x82,0x10,0x82,0x10,0x82,0x10,0x82,0x10,0x82,0x10,0x82,0x10,0x82,0x10,0x82,0x10,0x82,0x10,0x82,0x10,0x82,0x10,0x82,0x10,
	0x82,0x10,0x82,0x10,0x82,0x10,0x82,0x10,0x82,0x10,0x82,0x10,0x82,0x10,0x82,0x10,0x82,0x10,0x82,0x10,0x82,0x10,0x82,0x10,0x61,0x08,0x40,0x00,0x20,0x00,0x41,0x08,0x82,0x10,0x82,0x10,0x82,0x10,0x82,0x10,0x82,0x10,0x82,0x10,0x82,0x10,0x82,0x10,0x82,0x10,0x82,0x10,0x82,0x10,0x82,0x10,0x82,0x10,0x82,0x10,0x82,0x10,0x82,0x10,
	0x82,0x10,0x82,0x10,0x82,0x10,0x82,0x10,0x82,0x10,0x82,0x10,0x82,0x10,0x82,0x10,0x82,0x10,0x82,0x10,0x82,0x10,0x82,0x10,0x82,0x10,0x82,0x10,0x82,0x10,0x82,0x10,0x82,0x10,0x82,0x10,0x82,0x10,0x82,0x10,0x82,0x10,0x82,0x10,0x82,0x10,0x82,0x10,0x82,0x10,0x82,0x10,0x82,0x10,0x82,0x10,0x82,0x10,0x82,0x10,0x82,0x10,0x82,0x10,
	0x82,0x10,0x82,0x10,0x82,0x10,0x82,0x10,0x82,0x10,0x82,0x10,0x82,0x10,0x82,0x10,0x82,0x10,0x82,0x10,0x82,0x10,0x82,0x10,0x82,0x10,0x82,0x10,0x82,0x10,0x82,0x10,0x82,0x10,0x82,0x10,0x82,0x10,0x82,0x10,0x82,0x10,0x82,0x10,0x82,0x10,0x82,0x10,0x82,0x10,0x82,0x10,0x82,0x10,0x82,0x10,0x82,0x10,0x82,0x10,0x82,0x10,0x82,0x10,
	0x82,0x10,0x82,0x10,0x82,0x10,0x82,0x10,0x82,0x10,0x82,0x10,0x82,0x10,0x82,0x10,0x82,0x10,0x82,0x10,0x82,0x10,0x82,0x10,0x82,0x10,0x82,0x10,0x82,0x10,0x82,0x10,0x82,0x10,0x82,0x10,0x82,0x10,0x82,0x10,0x82,0x10,0x82,0x10,0x82,0x10,0x82,0x10,0x82,0x10,0x82,0x10,0x82,0x10,0x82,0x10,0x82,0x10,0x82,0x10,0x82,0x10,0x82,0x10,
	0x82,0x10,0x82,0x10,0x82,0x10,0x82,0x10,0x82,0x10,0x82,0x10,0x82,0x10,0x82,0x10,0x82,0x10,0x82,0x10,0x82,0x10,0x82,0x10,0x82,0x10,0x82,0x10,0x82,0x10,0x82,0x10,0x82,0x10,0x82,0x10,0x82,0x10,0x82,0x10,0x82,0x10,0x82,0x10,0x82,0x10,0x82,0x10,0x82,0x10,0x82,0x10,0x82,0x10,0x82,0x10,0x82,0x10,0x82,0x10,0x82,0x10,0x82,0x10,
	0x82,0x10,0x82,0x10,0x82,0x10,0x82,0x10,0x82,0x10,0x82,0x10,0x82,0x10,0x82,0x10,0x82,0x10,0x82,0x10,0x82,0x10,0x82,0x10,0x82,0x10,0x82,0x10,0x82,0x10,0x82,0x10,0x82,0x10,0x82,0x10,0x82,0x10,0x82,0x10,0x82,0x10,0x82,0x10,0x82,0x10,0x82,0x10,0x82,0x10,0x82,0x10,0x82,0x10,0x82,0x10,0x82,0x10,0x82,0x10,0x82,0x10,0x82,0x10,
	0x82,0x10,0x82,0x10,0x82,0x10,0x82,0x10,0x82,0x10,0x82,0x10,0x82,0x10,0x82,0x10,0x82,0x10,0x82,0x10,0x82,0x10,0x82,0x10,0x82,0x10,0x82,0x10,0x82,0x10,0x82,0x10,0x82,0x10,0x82,0x10,0x82,0x10,0x82,0x10,0x82,0x10,0x82,0x10,0x82,0x10,0x82,0x10,0x82,0x10,0x82,0x10,0x82,0x10,0x82,0x10,0x82,0x10,0x82,0x10,0x82,0x10,0x82,0x10,
	0x82,0x10,0x82,0x10,0x82,0x10,0x82,0x10,0x82,0x10,0x82,0x10,0x82,0x10,0x82,0x10,0x82,0x10,0x82,0x10,0x82,0x10,0x82,0x10,0x82,0x10,0x82,0x10,0x82,0x10,0x82,0x10,0x82,0x10,0x82,0x10,0x82,0x10,0x82,0x10,0x82,0x10,0x82,0x10,0x82,0x10,0x82,0x10,0x82,0x10,0x82,0x10,0x82,0x10,0x82,0x10,0x82,0x10,0x82,0x10,0x82,0x10,0x82,0x10,
	0x82,0x10,0x82,0x10,0x82,0x10,0x82,0x10,0x82,0x10,0x82,0x10,0x82,0x10,0x82,0x10,0x82,0x10,0x82,0x10,0x82,0x10,0x82,0x10,0x82,0x10,0x82,0x10,0x82,0x10,0x82,0x10,0x82,0x10,0x82,0x10,0x82,0x10,0x82,0x10,0x82,0x10,0x82,0x10,0x82,0x10,0x82,0x10,0x82,0x10,0x82,0x10,0x82,0x10,0x82,0x10,0x82,0x10,0x82,0x10,0x82,0x10,0x82,0x10,
	0x82,0x10,0x82,0x10,0x82,0x10,0x82,0x10,0x82,0x10,0x82,0x10,0x82,0x10,0x82,0x10,0x82,0x10,0x82,0x10,0x82,0x10,0x82,0x10,0x82,0x10,0x82,0x10,0x82,0x10,0x82,0x10,0x82,0x10,0x82,0x10,0x82,0x10,0x82,0x10,0x82,0x10,0x82,0x10,0x82,0x10,0x82,0x10,0x82,0x10,0x82,0x10,0x82,0x10,0x82,0x10,0x82,0x10,0x82,0x10,0x82,0x10,0x82,0x10,
	0x82,0x10,0x82,0x10,0x82,0x10,0x82,0x10,0x82,0x10,0x82,0x10,0x82,0x10,0x82,0x10,0x82,0x10,0x82,0x10,0x82,0x10,0x82,0x10,0x82,0x10,0x82,0x10,0x82,0x10,0x82,0x10,0x82,0x10,0x82,0x10,0x82,0x10,0x82,0x10,0x82,0x10,0x82,0x10,0x82,0x10,0x82,0x10,0x82,0x10,0x82,0x10,0x82,0x10,0x82,0x10,0x82,0x10,0x82,0x10,0x82,0x10,0x82,0x10,
	0x82,0x10,0x82,0x10,0x82,0x10,0x82,0x10,0x82,0x10,0x82,0x10,0x82,0x10,0x82,0x10,0x82,0x10,0x82,0x10,0x82,0x10,0x82,0x10,0x82,0x10,0x82,0x10,0x41,0x08,0x20,0x00,0x20,0x00,0x41,0x08,0x82,0x10,0x82,0x10,0x82,0x10,0x82,0x10,0x82,0x10,0x82,0x10,0x82,0x10,0x82,0x10,0x82,0x10,0x82,0x10,0x82,0x10,0x82,0x10,0x82,0x10,0x82,0x10,
	0x82,0x10,0x82,0x10,0x82,0x10,0x82,0x10,0x82,0x10,0x82,0x10,0x82,0x10,0x82,0x10,0x82,0x10,0x82,0x10,0x82,0x10,0x82,0x10,0x82,0x10,0x82,0x10,0x82,0x10,0x82,0x10,0x82,0x10,0x82,0x10,0x82,0x10,0x82,0x10,0x82,0x10,0x82,0x10,0x82,0x10,0x82,0x10,0x82,0x10,0x82,0x10,0x82,0x10,0x82,0x10,0x82,0x10,0x82,0x10,0x82,0x10,0x82,0x10,
	0x82,0x10,0x82,0x10,0x82,0x10,0x82,0x10,0x82,0x10,0x82,0x10,0x82,0x10,0x82,0x10,0x82,0x10,0x82,0x10,0x82,0x10,0x82,0x10,0x82,0x10,0x82,0x10,0x82,0x10,0x82,0x10,0x82,0x10,0x82,0x10,0x82,0x10,0x82,0x10,0x82,0x10,0x82,0x10,0x82,0x10,0x82,0x10,0x82,0x10,0x82,0x10,0x82,0x10,0x82,0x10,0x82,0x10,0x82,0x10,0x82,0x10,0x82,0x10,
	0x82,0x10,0x82,0x10,0x82,0x10,0x82,0x10,0x82,0x10,0x82,0x10,0x82,0x10,0x82,0x10,0x82,0x10,0x82,0x10,0x82,0x10,0x82,0x10,0x82,0x10,0x82,0x10,0x82,0x10,0x82,0x10,0x82,0x10,0x82,0x10,0x82,0x10,0x82,0x10,0x82,0x10,0x82,0x10,0x82,0x10,0x82,0x10,0x82,0x10,0x82,0x10,0x82,0x10,0x82,0x10,0x82,0x10,0x82,0x10,0x82,0x10,0x82,0x10,
	0x82,0x10,0x82,0x10,0x82,0x10,0x82,0x10,0x82,0x10,0x82,0x10,0x82,0x10,0x82,0x10,0x82,0x10,0x82,0x10,0x82,0x10,0x82,0x10,0x82,0x10,0x82,0x10,0x82,0x10,0x82,0x10,0x82,0x10,0x82,0x10,0x82,0x10,0x82,0x10,0x82,0x10,0x82,0x10,0x82,0x10,0x82,0x10,0x82,0x10,0x82,0x10,0x82,0x10,0x82,0x10,0x82,0x10,0x82,0x10,0x82,0x10,0x82,0x10,
	0x82,0x10,0x82,0x10,0x82,0x10,0x82,0x10,0x82,0x10,0x82,0x10,0x82,0x10,0x82,0x10,0x82,0x10,0x82,0x10,0x82,0x10,0x82,0x10,0x82,0x10,0x82,0x10,0x82,0x10,0x82,0x10,0x82,0x10,0x82,0x10,0x82,0x10,0x82,0x10,0x82,0x10,0x82,0x10,0x82,0x10,0x82,0x10,0x82,0x10,0x82,0x10,0x82,0x10,0x82,0x10,0x82,0x10,0x82,0x10,0x82,0x10,0x82,0x10,
	0x82,0x10,0x82,0x10,0x82,0x10,0x82,0x10,0x82,0x10,0x82,0x10,0x82,0x10,0x82,0x10,0x82,0x10,0x82,0x10,0x82,0x10,0x82,0x10,0x82,0x10,0x82,0x10,0x82,0x10,0x82,0x10,0x82,0x10,0x82,0x10,0x82,0x10,0x82,0x10,0x82,0x10,0x82,0x10,0x82,0x10,0x82,0x10,0x82,0x10,0x82,0x10,0x82,0x10,0x82,0x10,0x82,0x10,0x82,0x10,0x82,0x10,0x82,0x10,
	0x82,0x10,0x82,0x10,0x82,0x10,0x82,0x10,0x82,0x10,0x82,0x10,0x82,0x10,0x82,0x10,0x82,0x10,0x82,0x10,0x82,0x10,0x82,0x10,0x82,0x10,0x82,0x10,0x82,0x10,0x82,0x10,0x82,0x10,0x82,0x10,0x82,0x10,0x82,0x10,0x82,0x10,0x82,0x10,0x82,0x10,0x82,0x10,0x82,0x10,0x82,0x10,0x82,0x10,0x82,0x10,0x82,0x10,0x82,0x10,0x82,0x10,0x82,0x10,
	0x82,0x10,0x82,0x10,0x82,0x10,0x82,0x10,0x82,0x10,0x82,0x10,0x82,0x10,0x82,0x10,0x82,0x10,0x82,0x10,0x82,0x10,0x82,0x10,0x82,0x10,0x82,0x10,0x82,0x10,0x82,0x10,0x82,0x10,0x82,0x10,0x82,0x10,0x82,0x10,0x82,0x10,0x82,0x10,0x82,0x10,0x82,0x10,0x82,0x10,0x82,0x10,0x82,0x10,0x82,0x10,0x82,0x10,0x82,0x10,0x82,0x10,0x82,0x10,
	0x82,0x10,0x82,0x10,0x82,0x10,0x82,0x10,0x82,0x10,0x82,0x10,0x82,0x10,0x82,0x10,0x82,0x10,0x82,0x10,0x82,0x10,0x82,0x10,0x82,0x10,0x82,0x10,0x82,0x10,0x82,0x10,0x82,0x10,0x82,0x10,0x82,0x10,0x82,0x10,0x82,0x10,0x82,0x10,0x82,0x10,0x82,0x10,0x82,0x10,0x82,0x10,0x82,0x10,0x82,0x10,0x82,0x10,0x82,0x10,0x82,0x10,0x82,0x10,
	0x82,0x10,0x82,0x10,0x82,0x10,0x82,0x10,0x82,0x10,0x82,0x10,0x82,0x10,0x82,0x10,0x82,0x10,0x82,0x10,0x82,0x10,0x82,0x10,0x82,0x10,0x82,0x10,0x82,0x10,0x82,0x10,0x82,0x10,0x82,0x10,0x82,0x10,0x82,0x10,0x82,0x10,0x82,0x10,0x82,0x10,0x82,0x10,0x82,0x10,0x82,0x10,0x82,0x10,0x82,0x10,0x82,0x10,0x82,0x10,0x82,0x10,0x82,0x10,
	0x82,0x10,0x82,0x10,0x82,0x10,0x82,0x10,0x82,0x10,0x82,0x10,0x82,0x10,0x82,0x10,0x82,0x10,0x82,0x10,0x82,0x10,0x82,0x10,0x82,0x10,0x82,0x10,0x82,0x10,0x82,0x10,0x41,0x08,0x20,0x00,0x00,0x00,0x40,0x00,0x82,0x10,0x82,0x10,0x82,0x10,0x82,0x10,0x82,0x10,0x82,0x10,0x82,0x10,0x82,0x10,0x82,0x10,0x82,0x10,0x82,0x10,0x82,0x10,
	0x82,0x10,0x82,0x10,0x82,0x10,0x82,0x10,0x82,0x10,0x82,0x10,0x82,0x10,0x82,0x10,0x82,0x10,0x82,0x10,0x82,0x10,0x82,0x10,0x82,0x10,0x82,0x10,0x82,0x10,0x82,0x10,0x82,0x10,0x82,0x10,0x82,0x10,0x82,0x10,0x82,0x10,0x82,0x10,0x82,0x10,0x82,0x10,0x82,0x10,0x82,0x10,0x82,0x10,0x82,0x10,0x82,0x10,0x82,0x10,0x82,0x10,0x82,0x10,
	0x82,0x10,0x82,0x10,0x82,0x10,0x82,0x10,0x82,0x10,0x82,0x10,0x82,0x10,0x82,0x10,0x82,0x10,0x82,0x10,0x82,0x10,0x82,0x10,0x82,0x10,0x82,0x10,0x82,0x10,0x82,0x10,0x82,0x10,0x82,0x10,0x82,0x10,0x82,0x10,0x82,0x10,0x82,0x10,0x82,0x10,0x82,0x10,0x82,0x10,0x82,0x10,0x82,0x10,0x82,0x10,0x82,0x10,0x82,0x10,0x82,0x10,0x82,0x10,
	0x82,0x10,0x82,0x10,0x82,0x10,0x82,0x10,0x82,0x10,0x82,0x10,0x82,0x10,0x82,0x10,0x82,0x10,0x82,0x10,0x82,0x10,0x82,0x10,0x82,0x10,0x82,0x10,0x82,0x10,0x82,0x10,0x82,0x10,0x82,0x10,0x82,0x10,0x82,0x10,0x82,0x10,0x82,0x10,0x82,0x10,0x82,0x10,0x82,0x10,0x82,0x10,0x82,0x10,0x82,0x10,0x82,0x10,0x82,0x10,0x82,0x10,0x82,0x10,
	0x82,0x10,0x82,0x10,0x82,0x10,0x82,0x10,0x82,0x10,0x82,0x10,0x82,0x10,0x82,0x10,0x82,0x10,0x82,0x10,0x82,0x10,0x82,0x10,0x82,0x10,0x82,0x10,0x82,0x10,0x82,0x10,0x82,0x10,0x82,0x10,0x82,0x10,0x82,0x10,0x82,0x10,0x82,0x10,0x82,0x10,0x82,0x10,0x82,0x10,0x82,0x10,0x82,0x10,0x82,0x10,0x82,0x10,0x82,0x10,0x82,0x10,0x82,0x10,
	0x82,0x10,0x82,0x10,0x82,0x10,0x82,0x10,0x82,0x10,0x82,0x10,0x82,0x10,0x82,0x10,0x82,0x10,0x82,0x10,0x82,0x10,0x82,0x10,0x82,0x10,0x82,0x10,0x82,0x10,0x82,0x10,0x82,0x10,0x82,0x10,0x82,0x10,0x82,0x10,0x82,0x10,0x82,0x10,0x82,0x10,0x82,0x10,0x82,0x10,0x82,0x10,0x82,0x10,0x82,0x10,0x82,0x10,0x82,0x10,0x82,0x10,0x82,0x10,
	0x82,0x10,0x82,0x10,0x82,0x10,0x82,0x10,0x82,0x10,0x82,0x10,0x82,0x10,0x82,0x10,0x82,0x10,0x82,0x10,0x82,0x10,0x82,0x10,0x82,0x10,0x82,0x10,0x82,0x10,0x82,0x10,0x82,0x10,0x82,0x10,0x82,0x10,0x82,0x10,0x82,0x10,0x82,0x10,0x82,0x10,0x82,0x10,0x82,0x10,0x82,0x10,0x82,0x10,0x82,0x10,0x82,0x10,0x82,0x10,0x82,0x10,0x82,0x10,
	0x82,0x10,0x82,0x10,0x82,0x10,0x82,0x10,0x82,0x10,0x82,0x10,0x82,0x10,0x82,0x10,0x82,0x10,0x82,0x10,0x82,0x10,0x82,0x10,0x82,0x10,0x82,0x10,0x82,0x10,0x82,0x10,0x82,0x10,0x82,0x10,0x82,0x10,0x82,0x10,0x82,0x10,0x82,0x10,0x82,0x10,0x82,0x10,0x82,0x10,0x82,0x10,0x82,0x10,0x82,0x10,0x82,0x10,0x82,0x10,0x82,0x10,0x82,0x10,
	0x82,0x10,0x82,0x10,0x82,0x10,0x82,0x10,0x82,0x10,0x82,0x10,0x82,0x10,0x82,0x10,0x82,0x10,0x82,0x10,0x82,0x10,0x82,0x10,0x82,0x10,0x82,0x10,0x82,0x10,0x82,0x10,0x82,0x10,0x82,0x10,0x82,0x10,0x82,0x10,0x82,0x10,0x82,0x10,0x82,0x10,0x82,0x10,0x82,0x10,0x82,0x10,0x82,0x10,0x82,0x10,0x82,0x10,0x82,0x10,0x82,0x10,0x82,0x10,
	0x82,0x10,0x82,0x10,0x82,0x10,0x82,0x10,0x82,0x10,0x82,0x10,0x82,0x10,0x82,0x10,0x82,0x10,0x82,0x10,0x82,0x10,0x82,0x10,0x82,0x10,0x82,0x10,0x82,0x10,0x82,0x10,0x82,0x10,0x82,0x10,0x82,0x10,0x82,0x10,0x82,0x10,0x82,0x10,0x82,0x10,0x82,0x10,0x82,0x10,0x82,0x10,0x82,0x10,0x82,0x10,0x82,0x10,0x82,0x10,0x82,0x10,0x82,0x10,
	0x82,0x10,0x82,0x10,0x82,0x10,0x82,0x10,0x82,0x10,0x82,0x10,0x82,0x10,0x82,0x10,0x82,0x10,0x82,0x10,0x82,0x10,0x82,0x10,0x82,0x10,0x82,0x10,0x82,0x10,0x82,0x10,0x82,0x10,0x82,0x10,0x82,0x10,0x82,0x10,0x82,0x10,0x82,0x10,0x82,0x10,0x82,0x10,0x82,0x10,0x82,0x10,0x82,0x10,0x82,0x10,0x82,0x10,0x82,0x10,0x82,0x10,0x82,0x10,
	0x82,0x10,0x82,0x10,0x82,0x10,0x82,0x10,0x82,0x10,0x82,0x10,0x82,0x10,0x82,0x10,0x82,0x10,0x82,0x10,0x82,0x10,0x82,0x10,0x82,0x10,0x82,0x10,0x82,0x10,0x82,0x10,0x82,0x10,0x82,0x10,0x40,0x00,0x00,0x00,0x00,0x00,0x20,0x00,0x82,0x10,0x82,0x10,0x82,0x10,0x82,0x10,0x82,0x10,0x82,0x10,0x82,0x10,0x82,0x10,0x82,0x10,0x82,0x10,
	0x82,0x10,0x82,0x10,0x82,0x10,0x82,0x10,0x82,0x10,0x82,0x10,0x82,0x10,0x82,0x10,0x82,0x10,0x82,0x10,0x82,0x10,0x82,0x10,0x82,0x10,0x82,0x10,0x82,0x10,0x82,0x10,0x82,0x10,0x82,0x10,0x82,0x10,0x82,0x10,0x82,0x10,0x82,0x10,0x82,0x10,0x82,0x10,0x82,0x10,0x82,0x10,0x82,0x10,0x82,0x10,0x82,0x10,0x82,0x10,0x82,0x10,0x82,0x10,
	0x82,0x10,0x82,0x10,0x82,0x10,0x82,0x10,0x82,0x10,0x82,0x10,0x82,0x10,0x82,0x10,0x82,0x10,0x82,0x10,0x82,0x10,0x82,0x10,0x82,0x10,0x82,0x10,0x82,0x10,0x82,0x10,0x82,0x10,0x82,0x10,0x82,0x10,0x82,0x10,0x82,0x10,0x82,0x10,0x82,0x10,0x82,0x10,0x82,0x10,0x82,0x10,0x82,0x10,0x82,0x10,0x82,0x10,0x82,0x10,0x82,0x10,0x82,0x10,
	0x82,0x10,0x82,0x10,0x82,0x10,0x82,0x10,0x82,0x10,0x82,0x10,0x82,0x10,0x82,0x10,0x82,0x10,0x82,0x10,0x82,0x10,0x82,0x10,0x82,0x10,0x82,0x10,0x82,0x10,0x82,0x10,0x82,0x10,0x82,0x10,0x82,0x10,0x82,0x10,0x82,0x10,0x82,0x10,0x82,0x10,0x82,0x10,0x82,0x10,0x82,0x10,0x82,0x10,0x82,0x10,0x82,0x10,0x82,0x10,0x82,0x10,0x82,0x10,
	0x82,0x10,0x82,0x10,0x82,0x10,0x82,0x10,0x82,0x10,0x82,0x10,0x82,0x10,0x82,0x10,0x82,0x10,0x82,0x10,0x82,0x10,0x82,0x10,0x82,0x10,0x82,0x10,0x82,0x10,0x82,0x10,0x82,0x10,0x82,0x10,0x82,0x10,0x82,0x10,0x82,0x10,0x82,0x10,0x82,0x10,0x82,0x10,0x82,0x10,0x82,0x10,0x82,0x10,0x82,0x10,0x82,0x10,0x82,0x10,0x82,0x10,0x82,0x10,
	0x82,0x10,0x82,0x10,0x82,0x10,0x82,0x10,0x82,0x10,0x82,0x10,0x82,0x10,0x82,0x10,0x82,0x10,0x82,0x10,0x82,0x10,0x82,0x10,0x82,0x10,0x82,0x10,0x82,0x10,0x82,0x10,0x82,0x10,0x82,0x10,0x82,0x10,0x82,0x10,0x82,0x10,0x82,0x10,0x82,0x10,0x82,0x10,0x82,0x10,0x82,0x10,0x82,0x10,0x82,0x10,0x82,0x10,0x82,0x10,0x82,0x10,0x82,0x10,
	0x82,0x10,0x82,0x10,0x82,0x10,0x82,0x10,0x82,0x10,0x82,0x10,0x82,0x10,0x82,0x10,0x82,0x10,0x82,0x10,0x82,0x10,0x82,0x10,0x82,0x10,0x82,0x10,0x82,0x10,0x82,0x10,0x82,0x10,0x82,0x10,0x82,0x10,0x82,0x10,0x82,0x10,0x82,0x10,0x82,0x10,0x82,0x10,0x82,0x10,0x82,0x10,0x82,0x10,0x82,0x10,0x82,0x10,0x82,0x10,0x82,0x10,0x82,0x10,
	0x82,0x10,0x82,0x10,0x82,0x10,0x82,0x10,0x82,0x10,0x82,0x10,0x82,0x10,0x82,0x10,0x82,0x10,0x82,0x10,0x82,0x10,0x82,0x10,0x82,0x10,0x82,0x10,0x82,0x10,0x82,0x10,0x82,0x10,0x82,0x10,0x82,0x10,0x82,0x10,0x82,0x10,0x82,0x10,0x82,0x10,0x82,0x10,0x82,0x10,0x82,0x10,0x82,0x10,0x82,0x10,0x82,0x10,0x82,0x10,0x82,0x10,0x82,0x10,
	0x82,0x10,0x82,0x10,0x82,0x10,0x82,0x10,0x82,0x10,0x82,0x10,0x82,0x10,0x82,0x10,0x82,0x10,0x82,0x10,0x82,0x10,0x82,0x10,0x82,0x10,0x82,0x10,0x82,0x10,0x82,0x10,0x82,0x10,0x82,0x10,0x82,0x10,0x82,0x10,0x82,0x10,0x82,0x10,0x82,0x10,0x82,0x10,0x82,0x10,0x82,0x10,0x82,0x10,0x82,0x10,0x82,0x10,0x82,0x10,0x82,0x10,0x82,0x10,
	0x82,0x10,0x82,0x10,0x82,0x10,0x82,0x10,0x82,0x10,0x82,0x10,0x82,0x10,0x82,0x10,0x82,0x10,0x82,0x10,0x82,0x10,0x82,0x10,0x82,0x10,0x82,0x10,0x82,0x10,0x82,0x10,0x82,0x10,0x82,0x10,0x82,0x10,0x82,0x10,0x82,0x10,0x82,0x10,0x82,0x10,0x82,0x10,0x82,0x10,0x82,0x10,0x82,0x10,0x82,0x10,0x82,0x10,0x82,0x10,0x82,0x10,0x82,0x10,
	0x82,0x10,0x82,0x10,0x82,0x10,0x82,0x10,0x82,0x10,0x82,0x10,0x82,0x10,0x82,0x10,0x82,0x10,0x82,0x10,0x82,0x10,0x82,0x10,0x82,0x10,0x82,0x10,0x82,0x10,0x82,0x10,0x82,0x10,0x82,0x10,0x82,0x10,0x82,0x10,0x82,0x10,0x82,0x10,0x82,0x10,0x82,0x10,0x82,0x10,0x82,0x10,0x82,0x10,0x82,0x10,0x82,0x10,0x82,0x10,0x82,0x10,0x82,0x10,
	0x82,0x10,0x82,0x10,0x82,0x10,0x82,0x10,0x82,0x10,0x82,0x10,0x82,0x10,0x82,0x10,0x82,0x10,0x82,0x10,0x82,0x10,0x82,0x10,0x82,0x10,0x82,0x10,0x82,0x10,0x82,0x10,0x82,0x10,0x82,0x10,0x82,0x10,0x82,0x10,0x20,0x00,0x00,0x00,0x00,0x00,0x20,0x00,0x61,0x08,0x82,0x10,0x82,0x10,0x82,0x10,0x82,0x10,0x82,0x10,0x82,0x10,0x82,0x10,
	0x82,0x10,0x82,0x10,0x82,0x10,0x82,0x10,0x82,0x10,0x82,0x10,0x82,0x10,0x82,0x10,0x82,0x10,0x82,0x10,0x82,0x10,0x82,0x10,0x82,0x10,0x82,0x10,0x82,0x10,0x82,0x10,0x82,0x10,0x82,0x10,0x82,0x10,0x82,0x10,0x82,0x10,0x82,0x10,0x82,0x10,0x82,0x10,0x82,0x10,0x82,0x10,0x82,0x10,0x82,0x10,0x82,0x10,0x82,0x10,0x82,0x10,0x82,0x10,
	0x82,0x10,0x82,0x10,0x82,0x10,0x82,0x10,0x82,0x10,0x82,0x10,0x82,0x10,0x82,0x10,0x82,0x10,0x82,0x10,0x82,0x10,0x82,0x10,0x82,0x10,0x82,0x10,0x82,0x10,0x82,0x10,0x82,0x10,0x82,0x10,0x82,0x10,0x82,0x10,0x82,0x10,0x82,0x10,0x82,0x10,0x82,0x10,0x82,0x10,0x82,0x10,0x82,0x10,0x82,0x10,0x82,0x10,0x82,0x10,0x82,0x10,0x82,0x10,
	0x82,0x10,0x82,0x10,0x82,0x10,0x82,0x10,0x82,0x10,0x82,0x10,0x82,0x10,0x82,0x10,0x82,0x10,0x82,0x10,0x82,0x10,0x82,0x10,0x82,0x10,0x82,0x10,0x82,0x10,0x82,0x10,0x82,0x10,0x82,0x10,0x82,0x10,0x82,0x10,0x82,0x10,0x82,0x10,0x82,0x10,0x82,0x10,0x82,0x10,0x82,0x10,0x82,0x10,0x82,0x10,0x82,0x10,0x82,0x10,0x82,0x10,0x82,0x10,
	0x82,0x10,0x82,0x10,0x82,0x10,0x82,0x10,0x82,0x10,0x82,0x10,0x82,0x10,0x82,0x10,0x82,0x10,0x82,0x10,0x82,0x10,0x82,0x10,0x82,0x10,0x82,0x10,0x82,0x10,0x82,0x10,0x82,0x10,0x82,0x10,0x82,0x10,0x82,0x10,0x82,0x10,0x82,0x10,0x82,0x10,0x82,0x10,0x82,0x10,0x82,0x10,0x82,0x10,0x82,0x10,0x82,0x10,0x82,0x10,0x82,0x10,0x82,0x10,
	0x82,0x10,0x82,0x10,0x82,0x10,0x82,0x10,0x82,0x10,0x82,0x10,0x82,0x10,0x82,0x10,0x82,0x10,0x82,0x10,0x82,0x10,0x82,0x10,0x82,0x10,0x82,0x10,0x82,0x10,0x82,0x10,0x82,0x10,0x82,0x10,0x82,0x10,0x82,0x10,0x82,0x10,0x82,0x10,0x82,0x10,0x82,0x10,0x82,0x10,0x82,0x10,0x82,0x10,0x82,0x10,0x82,0x10,0x82,0x10,0x82,0x10,0x82,0x10,
	0x82,0x10,0x82,0x10,0x82,0x10,0x82,0x10,0x82,0x10,0x82,0x10,0x82,0x10,0x82,0x10,0x82,0x10,0x82,0x10,0x82,0x10,0x82,0x10,0x82,0x10,0x82,0x10,0x82,0x10,0x82,0x10,0x82,0x10,0x82,0x10,0x82,0x10,0x82,0x10,0x82,0x10,0x82,0x10,0x82,0x10,0x82,0x10,0x82,0x10,0x82,0x10,0x82,0x10,0x82,0x10,0x82,0x10,0x82,0x10,0x82,0x10,0x82,0x10,
	0x82,0x10,0x82,0x10,0x82,0x10,0x82,0x10,0x82,0x10,0x82,0x10,0x82,0x10,0x82,0x10,0x82,0x10,0x82,0x10,0x82,0x10,0x82,0x10,0x82,0x10,0x82,0x10,0x82,0x10,0x82,0x10,0x82,0x10,0x82,0x10,0x82,0x10,0x82,0x10,0x82,0x10,0x82,0x10,0x82,0x10,0x82,0x10,0x82,0x10,0x82,0x10,0x82,0x10,0x82,0x10,0x82,0x10,0x82,0x10,0x82,0x10,0x82,0x10,
	0x82,0x10,0x82,0x10,0x82,0x10,0x82,0x10,0x82,0x10,0x82,0x10,0x82,0x10,0x82,0x10,0x82,0x10,0x82,0x10,0x82,0x10,0x82,0x10,0x82,0x10,0x82,0x10,0x82,0x10,0x82,0x10,0x82,0x10,0x82,0x10,0x82,0x10,0x82,0x10,0x82,0x10,0x82,0x10,0x82,0x10,0x82,0x10,0x82,0x10,0x82,0x10,0x82,0x10,0x82,0x10,0x82,0x10,0x82,0x10,0x82,0x10,0x82,0x10,
	0x82,0x10,0x82,0x10,0x82,0x10,0x82,0x10,0x82,0x10,0x82,0x10,0x82,0x10,0x82,0x10,0x82,0x10,0x82,0x10,0x82,0x10,0x82,0x10,0x82,0x10,0x82,0x10,0x82,0x10,0x82,0x10,0x82,0x10,0x82,0x10,0x82,0x10,0x82,0x10,0x82,0x10,0x82,0x10,0x82,0x10,0x82,0x10,0x82,0x10,0x82,0x10,0x82,0x10,0x82,0x10,0x82,0x10,0x82,0x10,0x82,0x10,0x82,0x10,
	0x82,0x10,0x82,0x10,0x82,0x10,0x82,0x10,0x82,0x10,0x82,0x10,0x82,0x10,0x82,0x10,0x82,0x10,0x82,0x10,0x82,0x10,0x82,0x10,0x82,0x10,0x82,0x10,0x82,0x10,0x82,0x10,0x82,0x10,0x82,0x10,0x82,0x10,0x82,0x10,0x82,0x10,0x82,0x10,0x82,0x10,0x82,0x10,0x82,0x10,0x82,0x10,0x82,0x10,0x82,0x10,0x82,0x10,0x82,0x10,0x82,0x10,0x82,0x10,
	0x82,0x10,0x82,0x10,0x82,0x10,0x82,0x10,0x82,0x10,0x82,0x10,0x82,0x10,0x82,0x10,0x82,0x10,0x82,0x10,0x82,0x10,0x82,0x10,0x82,0x10,0x82,0x10,0x82,0x10,0x82,0x10,0x82,0x10,0x82,0x10,0x82,0x10,0x82,0x10,0x82,0x10,0x61,0x08,0x20,0x00,0x00,0x00,0x00,0x00,0x20,0x00,0x40,0x00,0x61,0x08,0x82,0x10,0x82,0x10,0x82,0x10,0x82,0x10,
	0x82,0x10,0x82,0x10,0x82,0x10,0x82,0x10,0x82,0x10,0x82,0x10,0x82,0x10,0x82,0x10,0x82,0x10,0x82,0x10,0x82,0x10,0x82,0x10,0x82,0x10,0x82,0x10,0x82,0x10,0x82,0x10,0x82,0x10,0x82,0x10,0x82,0x10,0x82,0x10,0x82,0x10,0x82,0x10,0x82,0x10,0x82,0x10,0x82,0x10,0x82,0x10,0x82,0x10,0x82,0x10,0x82,0x10,0x82,0x10,0x82,0x10,0x82,0x10,
	0x82,0x10,0x82,0x10,0x82,0x10,0x82,0x10,0x82,0x10,0x82,0x10,0x82,0x10,0x82,0x10,0x82,0x10,0x82,0x10,0x82,0x10,0x82,0x10,0x82,0x10,0x82,0x10,0x82,0x10,0x82,0x10,0x82,0x10,0x82,0x10,0x82,0x10,0x82,0x10,0x82,0x10,0x82,0x10,0x82,0x10,0x82,0x10,0x82,0x10,0x82,0x10,0x82,0x10,0x82,0x10,0x82,0x10,0x82,0x10,0x82,0x10,0x82,0x10,
	0x82,0x10,0x82,0x10,0x82,0x10,0x82,0x10,0x82,0x10,0x82,0x10,0x82,0x10,0x82,0x10,0x82,0x10,0x82,0x10,0x82,0x10,0x82,0x10,0x82,0x10,0x82,0x10,0x82,0x10,0x82,0x10,0x82,0x10,0x82,0x10,0x82,0x10,0x82,0x10,0x82,0x10,0x82,0x10,0x82,0x10,0x82,0x10,0x82,0x10,0x82,0x10,0x82,0x10,0x82,0x10,0x82,0x10,0x82,0x10,0x82,0x10,0x82,0x10,
	0x82,0x10,0x82,0x10,0x82,0x10,0x82,0x10,0x82,0x10,0x82,0x10,0x82,0x10,0x82,0x10,0x82,0x10,0x82,0x10,0x82,0x10,0x82,0x10,0x82,0x10,0x82,0x10,0x82,0x10,0x82,0x10,0x82,0x10,0x82,0x10,0x82,0x10,0x82,0x10,0x82,0x10,0x82,0x10,0x82,0x10,0x82,0x10,0x82,0x10,0x82,0x10,0x82,0x10,0x82,0x10,0x82,0x10,0x82,0x10,0x82,0x10,0x82,0x10,
	0x82,0x10,0x82,0x10,0x82,0x10,0x82,0x10,0x82,0x10,0x82,0x10,0x82,0x10,0x82,0x10,0x82,0x10,0x82,0x10,0x82,0x10,0x82,0x10,0x82,0x10,0x82,0x10,0x82,0x10,0x82,0x10,0x82,0x10,0x82,0x10,0x82,0x10,0x82,0x10,0x82,0x10,0x82,0x10,0x82,0x10,0x82,0x10,0x82,0x10,0x82,0x10,0x82,0x10,0x82,0x10,0x82,0x10,0x82,0x10,0x82,0x10,0x82,0x10,
	0x82,0x10,0x82,0x10,0x82,0x10,0x82,0x10,0x82,0x10,0x82,0x10,0x82,0x10,0x82,0x10,0x82,0x10,0x82,0x10,0x82,0x10,0x82,0x10,0x82,0x10,0x82,0x10,0x82,0x10,0x82,0x10,0x82,0x10,0x82,0x10,0x82,0x10,0x82,0x10,0x82,0x10,0x82,0x10,0x82,0x10,0x82,0x10,0x82,0x10,0x82,0x10,0x82,0x10,0x82,0x10,0x82,0x10,0x82,0x10,0x82,0x10,0x82,0x10,
	0x82,0x10,0x82,0x10,0x82,0x10,0x82,0x10,0x82,0x10,0x82,0x10,0x82,0x10,0x82,0x10,0x82,0x10,0x82,0x10,0x82,0x10,0x82,0x10,0x82,0x10,0x82,0x10,0x82,0x10,0x82,0x10,0x82,0x10,0x82,0x10,0x82,0x10,0x82,0x10,0x82,0x10,0x82,0x10,0x82,0x10,0x82,0x10,0x82,0x10,0x82,0x10,0x82,0x10,0x82,0x10,0x82,0x10,0x82,0x10,0x82,0x10,0x82,0x10,
	0x82,0x10,0x82,0x10,0x82,0x10,0x82,0x10,0x82,0x10,0x82,0x10,0x82,0x10,0x82,0x10,0x82,0x10,0x82,0x10,0x82,0x10,0x82,0x10,0x82,0x10,0x82,0x10,0x82,0x10,0x82,0x10,0x82,0x10,0x82,0x10,0x82,0x10,0x82,0x10,0x82,0x10,0x82,0x10,0x82,0x10,0x82,0x10,0x82,0x10,0x82,0x10,0x82,0x10,0x82,0x10,0x82,0x10,0x82,0x10,0x82,0x10,0x82,0x10,
	0x82,0x10,0x82,0x10,0x82,0x10,0x82,0x10,0x82,0x10,0x82,0x10,0x82,0x10,0x82,0x10,0x82,0x10,0x82,0x10,0x82,0x10,0x82,0x10,0x82,0x10,0x82,0x10,0x82,0x10,0x82,0x10,0x82,0x10,0x82,0x10,0x82,0x10,0x82,0x10,0x82,0x10,0x82,0x10,0x82,0x10,0x82,0x10,0x82,0x10,0x82,0x10,0x82,0x10,0x82,0x10,0x82,0x10,0x82,0x10,0x82,0x10,0x82,0x10,
	0x82,0x10,0x82,0x10,0x82,0x10,0x82,0x10,0x82,0x10,0x82,0x10,0x82,0x10,0x82,0x10,0x82,0x10,0x82,0x10,0x82,0x10,0x82,0x10,0x82,0x10,0x82,0x10,0x82,0x10,0x82,0x10,0x82,0x10,0x82,0x10,0x82,0x10,0x82,0x10,0x82,0x10,0x82,0x10,0x82,0x10,0x82,0x10,0x82,0x10,0x82,0x10,0x82,0x10,0x82,0x10,0x82,0x10,0x82,0x10,0x82,0x10,0x82,0x10,
	0x82,0x10,0x82,0x10,0x82,0x10,0x82,0x10,0x82,0x10,0x82,0x10,0x82,0x10,0x82,0x10,0x82,0x10,0x82,0x10,0x82,0x10,0x82,0x10,0x82,0x10,0x82,0x10,0x82,0x10,0x82,0x10,0x82,0x10,0x82,0x10,0x82,0x10,0x82,0x10,0x82,0x10,0x82,0x10,0x61,0x08,0x40,0x00,0x20,0x00,0x00,0x00,0x00,0x00,0x00,0x00,0x20,0x00,0x61,0x08,0x82,0x10,0x82,0x10,
	0x82,0x10,0x82,0x10,0x82,0x10,0x82,0x10,0x82,0x10,0x82,0x10,0x82,0x10,0x82,0x10,0x82,0x10,0x82,0x10,0x82,0x10,0x82,0x10,0x82,0x10,0x82,0x10,0x82,0x10,0x82,0x10,0x82,0x10,0x82,0x10,0x82,0x10,0x82,0x10,0x82,0x10,0x82,0x10,0x82,0x10,0x82,0x10,0x82,0x10,0x82,0x10,0x82,0x10,0x82,0x10,0x82,0x10,0x82,0x10,0x82,0x10,0x82,0x10,
	0x82,0x10,0x82,0x10,0x82,0x10,0x82,0x10,0x82,0x10,0x82,0x10,0x82,0x10,0x82,0x10,0x82,0x10,0x82,0x10,0x82,0x10,0x82,0x10,0x82,0x10,0x82,0x10,0x82,0x10,0x82,0x10,0x82,0x10,0x82,0x10,0x82,0x10,0x82,0x10,0x82,0x10,0x82,0x10,0x82,0x10,0x82,0x10,0x82,0x10,0x82,0x10,0x82,0x10,0x82,0x10,0x82,0x10,0x82,0x10,0x82,0x10,0x82,0x10,
	0x82,0x10,0x82,0x10,0x82,0x10,0x82,0x10,0x82,0x10,0x82,0x10,0x82,0x10,0x82,0x10,0x82,0x10,0x82,0x10,0x82,0x10,0x82,0x10,0x82,0x10,0x82,0x10,0x82,0x10,0x82,0x10,0x82,0x10,0x82,0x10,0x82,0x10,0x82,0x10,0x82,0x10,0x82,0x10,0x82,0x10,0x82,0x10,0x82,0x10,0x82,0x10,0x82,0x10,0x82,0x10,0x82,0x10,0x82,0x10,0x82,0x10,0x82,0x10,
	0x82,0x10,0x82,0x10,0x82,0x10,0x82,0x10,0x82,0x10,0x82,0x10,0x82,0x10,0x82,0x10,0x82,0x10,0x82,0x10,0x82,0x10,0x82,0x10,0x82,0x10,0x82,0x10,0x82,0x10,0x82,0x10,0x82,0x10,0x82,0x10,0x82,0x10,0x82,0x10,0x82,0x10,0x82,0x10,0x82,0x10,0x82,0x10,0x82,0x10,0x82,0x10,0x82,0x10,0x82,0x10,0x82,0x10,0x82,0x10,0x82,0x10,0x82,0x10,
	0x82,0x10,0x82,0x10,0x82,0x10,0x82,0x10,0x82,0x10,0x82,0x10,0x82,0x10,0x82,0x10,0x82,0x10,0x82,0x10,0x82,0x10,0x82,0x10,0x82,0x10,0x82,0x10,0x82,0x10,0x82,0x10,0x82,0x10,0x82,0x10,0x82,0x10,0x82,0x10,0x82,0x10,0x82,0x10,0x82,0x10,0x82,0x10,0x82,0x10,0x82,0x10,0x82,0x10,0x82,0x10,0x82,0x10,0x82,0x10,0x82,0x10,0x82,0x10,
	0x82,0x10,0x82,0x10,0x82,0x10,0x82,0x10,0x82,0x10,0x82,0x10,0x82,0x10,0x82,0x10,0x82,0x10,0x82,0x10,0x82,0x10,0x82,0x10,0x82,0x10,0x82,0x10,0x82,0x10,0x82,0x10,0x82,0x10,0x82,0x10,0x82,0x10,0x82,0x10,0x82,0x10,0x82,0x10,0x82,0x10,0x82,0x10,0x82,0x10,0x82,0x10,0x82,0x10,0x82,0x10,0x82,0x10,0x82,0x10,0x82,0x10,0x82,0x10,
	0x82,0x10,0x82,0x10,0x82,0x10,0x82,0x10,0x82,0x10,0x82,0x10,0x82,0x10,0x82,0x10,0x82,0x10,0x82,0x10,0x82,0x10,0x82,0x10,0x82,0x10,0x82,0x10,0x82,0x10,0x82,0x10,0x82,0x10,0x82,0x10,0x82,0x10,0x82,0x10,0x82,0x10,0x82,0x10,0x82,0x10,0x82,0x10,0x82,0x10,0x82,0x10,0x82,0x10,0x82,0x10,0x82,0x10,0x82,0x10,0x82,0x10,0x82,0x10,
	0x82,0x10,0x82,0x10,0x82,0x10,0x82,0x10,0x82,0x10,0x82,0x10,0x82,0x10,0x82,0x10,0x82,0x10,0x82,0x10,0x82,0x10,0x82,0x10,0x82,0x10,0x82,0x10,0x82,0x10,0x82,0x10,0x82,0x10,0x82,0x10,0x82,0x10,0x82,0x10,0x82,0x10,0x82,0x10,0x82,0x10,0x82,0x10,0x82,0x10,0x82,0x10,0x82,0x10,0x82,0x10,0x82,0x10,0x82,0x10,0x82,0x10,0x82,0x10,
	0x82,0x10,0x82,0x10,0x82,0x10,0x82,0x10,0x82,0x10,0x82,0x10,0x82,0x10,0x82,0x10,0x82,0x10,0x82,0x10,0x82,0x10,0x82,0x10,0x82,0x10,0x82,0x10,0x82,0x10,0x82,0x10,0x82,0x10,0x82,0x10,0x82,0x10,0x82,0x10,0x82,0x10,0x82,0x10,0x82,0x10,0x82,0x10,0x82,0x10,0x82,0x10,0x82,0x10,0x82,0x10,0x82,0x10,0x82,0x10,0x82,0x10,0x82,0x10,
	0x82,0x10,0x82,0x10,0x82,0x10,0x82,0x10,0x82,0x10,0x82,0x10,0x82,0x10,0x82,0x10,0x82,0x10,0x82,0x10,0x82,0x10,0x82,0x10,0x82,0x10,0x82,0x10,0x82,0x10,0x82,0x10,0x82,0x10,0x82,0x10,0x82,0x10,0x82,0x10,0x82,0x10,0x82,0x10,0x82,0x10,0x82,0x10,0x82,0x10,0x82,0x10,0x82,0x10,0x82,0x10,0x82,0x10,0x82,0x10,0x82,0x10,0x82,0x10,
	0x82,0x10,0x82,0x10,0x82,0x10,0x82,0x10,0x82,0x10,0x82,0x10,0x82,0x10,0x82,0x10,0x82,0x10,0x82,0x10,0x82,0x10,0x82,0x10,0x82,0x10,0x82,0x10,0x82,0x10,0x82,0x10,0x82,0x10,0x82,0x10,0x82,0x10,0x82,0x10,0x82,0x10,0x82,0x10,0x82,0x10,0x82,0x10,0x61,0x08,0x20,0x00,0x00,0x00,0x00,0x00,0x00,0x00,0x00,0x00,0x00,0x00,0x61,0x08,
	0x82,0x10,0x82,0x10,0x82,0x10,0x82,0x10,0x82,0x10,0x82,0x10,0x82,0x10,0x82,0x10,0x82,0x10,0x82,0x10,0x82,0x10,0x82,0x10,0x82,0x10,0x82,0x10,0x82,0x10,0x82,0x10,0x82,0x10,0x82,0x10,0x82,0x10,0x82,0x10,0x82,0x10,0x82,0x10,0x82,0x10,0x82,0x10,0x82,0x10,0x82,0x10,0x82,0x10,0x82,0x10,0x82,0x10,0x82,0x10,0x82,0x10,0x82,0x10,
	0x82,0x10,0x82,0x10,0x82,0x10,0x82,0x10,0x82,0x10,0x82,0x10,0x82,0x10,0x82,0x10,0x82,0x10,0x82,0x10,0x82,0x10,0x82,0x10,0x82,0x10,0x82,0x10,0x82,0x10,0x82,0x10,0x82,0x10,0x82,0x10,0x82,0x10,0x82,0x10,0x82,0x10,0x82,0x10,0x82,0x10,0x82,0x10,0x82,0x10,0x82,0x10,0x82,0x10,0x82,0x10,0x82,0x10,0x82,0x10,0x82,0x10,0x82,0x10,
	0x82,0x10,0x82,0x10,0x82,0x10,0x82,0x10,0x82,0x10,0x82,0x10,0x82,0x10,0x82,0x10,0x82,0x10,0x82,0x10,0x82,0x10,0x82,0x10,0x82,0x10,0x82,0x10,0x82,0x10,0x82,0x10,0x82,0x10,0x82,0x10,0x82,0x10,0x82,0x10,0x82,0x10,0x82,0x10,0x82,0x10,0x82,0x10,0x82,0x10,0x82,0x10,0x82,0x10,0x82,0x10,0x82,0x10,0x82,0x10,0x82,0x10,0x82,0x10,
	0x82,0x10,0x82,0x10,0x82,0x10,0x82,0x10,0x82,0x10,0x82,0x10,0x82,0x10,0x82,0x10,0x82,0x10,0x82,0x10,0x82,0x10,0x82,0x10,0x82,0x10,0x82,0x10,0x82,0x10,0x82,0x10,0x82,0x10,0x82,0x10,0x82,0x10,0x82,0x10,0x82,0x10,0x82,0x10,0x82,0x10,0x82,0x10,0x82,0x10,0x82,0x10,0x82,0x10,0x82,0x10,0x82,0x10,0x82,0x10,0x82,0x10,0x82,0x10,
	0x82,0x10,0x82,0x10,0x82,0x10,0x82,0x10,0x82,0x10,0x82,0x10,0x82,0x10,0x82,0x10,0x82,0x10,0x82,0x10,0x82,0x10,0x82,0x10,0x82,0x10,0x82,0x10,0x82,0x10,0x82,0x10,0x82,0x10,0x82,0x10,0x82,0x10,0x82,0x10,0x82,0x10,0x82,0x10,0x82,0x10,0x82,0x10,0x82,0x10,0x82,0x10,0x82,0x10,0x82,0x10,0x82,0x10,0x82,0x10,0x82,0x10,0x82,0x10,
	0x82,0x10,0x82,0x10,0x82,0x10,0x82,0x10,0x82,0x10,0x82,0x10,0x82,0x10,0x82,0x10,0x82,0x10,0x82,0x10,0x82,0x10,0x82,0x10,0x82,0x10,0x82,0x10,0x82,0x10,0x82,0x10,0x82,0x10,0x82,0x10,0x82,0x10,0x82,0x10,0x82,0x10,0x82,0x10,0x82,0x10,0x82,0x10,0x82,0x10,0x82,0x10,0x82,0x10,0x82,0x10,0x82,0x10,0x82,0x10,0x82,0x10,0x82,0x10,
	0x82,0x10,0x82,0x10,0x82,0x10,0x82,0x10,0x82,0x10,0x82,0x10,0x82,0x10,0x82,0x10,0x82,0x10,0x82,0x10,0x82,0x10,0x82,0x10,0x82,0x10,0x82,0x10,0x82,0x10,0x82,0x10,0x82,0x10,0x82,0x10,0x82,0x10,0x82,0x10,0x82,0x10,0x82,0x10,0x82,0x10,0x82,0x10,0x82,0x10,0x82,0x10,0x82,0x10,0x82,0x10,0x82,0x10,0x82,0x10,0x82,0x10,0x82,0x10,
	0x82,0x10,0x82,0x10,0x82,0x10,0x82,0x10,0x82,0x10,0x82,0x10,0x82,0x10,0x82,0x10,0x82,0x10,0x82,0x10,0x82,0x10,0x82,0x10,0x82,0x10,0x82,0x10,0x82,0x10,0x82,0x10,0x82,0x10,0x82,0x10,0x82,0x10,0x82,0x10,0x82,0x10,0x82,0x10,0x82,0x10,0x82,0x10,0x82,0x10,0x82,0x10,0x82,0x10,0x82,0x10,0x82,0x10,0x82,0x10,0x82,0x10,0x82,0x10,
	0x82,0x10,0x82,0x10,0x82,0x10,0x82,0x10,0x82,0x10,0x82,0x10,0x82,0x10,0x82,0x10,0x82,0x10,0x82,0x10,0x82,0x10,0x82,0x10,0x82,0x10,0x82,0x10,0x82,0x10,0x82,0x10,0x82,0x10,0x82,0x10,0x82,0x10,0x82,0x10,0x82,0x10,0x82,0x10,0x82,0x10,0x82,0x10,0x82,0x10,0x82,0x10,0x82,0x10,0x82,0x10,0x82,0x10,0x82,0x10,0x82,0x10,0x82,0x10,
	0x82,0x10,0x82,0x10,0x82,0x10,0x82,0x10,0x82,0x10,0x82,0x10,0x82,0x10,0x82,0x10,0x82,0x10,0x82,0x10,0x82,0x10,0x82,0x10,0x82,0x10,0x82,0x10,0x82,0x10,0x82,0x10,0x82,0x10,0x82,0x10,0x82,0x10,0x82,0x10,0x82,0x10,0x82,0x10,0x82,0x10,0x82,0x10,0x82,0x10,0x82,0x10,0x82,0x10,0x82,0x10,0x82,0x10,0x82,0x10,0x82,0x10,0x82,0x10,
	0x82,0x10,0x82,0x10,0x82,0x10,0x82,0x10,0x82,0x10,0x82,0x10,0x82,0x10,0x82,0x10,0x82,0x10,0x82,0x10,0x82,0x10,0x82,0x10,0x82,0x10,0x82,0x10,0x82,0x10,0x82,0x10,0x82,0x10,0x82,0x10,0x82,0x10,0x82,0x10,0x82,0x10,0x82,0x10,0x82,0x10,0x82,0x10,0x82,0x10,0x82,0x10,0x61,0x08,0x00,0x00,0x00,0x00,0x00,0x00,0x00,0x00,0x00,0x00,
	0x00,0x00,0x41,0x08,0x82,0x10,0x82,0x10,0x82,0x10,0x82,0x10,0x82,0x10,0x82,0x10,0x82,0x10,0x82,0x10,0x82,0x10,0x82,0x10,0x82,0x10,0x82,0x10,0x82,0x10,0x82,0x10,0x82,0x10,0x82,0x10,0x82,0x10,0x82,0x10,0x82,0x10,0x82,0x10,0x82,0x10,0x82,0x10,0x82,0x10,0x82,0x10,0x82,0x10,0x82,0x10,0x82,0x10,0x82,0x10,0x82,0x10,0x82,0x10,
	0x82,0x10,0x82,0x10,0x82,0x10,0x82,0x10,0x82,0x10,0x82,0x10,0x82,0x10,0x82,0x10,0x82,0x10,0x82,0x10,0x82,0x10,0x82,0x10,0x82,0x10,0x82,0x10,0x82,0x10,0x82,0x10,0x82,0x10,0x82,0x10,0x82,0x10,0x82,0x10,0x82,0x10,0x82,0x10,0x82,0x10,0x82,0x10,0x82,0x10,0x82,0x10,0x82,0x10,0x82,0x10,0x82,0x10,0x82,0x10,0x82,0x10,0x82,0x10,
	0x82,0x10,0x82,0x10,0x82,0x10,0x82,0x10,0x82,0x10,0x82,0x10,0x82,0x10,0x82,0x10,0x82,0x10,0x82,0x10,0x82,0x10,0x82,0x10,0x82,0x10,0x82,0x10,0x82,0x10,0x82,0x10,0x82,0x10,0x82,0x10,0x82,0x10,0x82,0x10,0x82,0x10,0x82,0x10,0x82,0x10,0x82,0x10,0x82,0x10,0x82,0x10,0x82,0x10,0x82,0x10,0x82,0x10,0x82,0x10,0x82,0x10,0x82,0x10,
	0x82,0x10,0x82,0x10,0x82,0x10,0x82,0x10,0x82,0x10,0x82,0x10,0x82,0x10,0x82,0x10,0x82,0x10,0x82,0x10,0x82,0x10,0x82,0x10,0x82,0x10,0x82,0x10,0x82,0x10,0x82,0x10,0x82,0x10,0x82,0x10,0x82,0x10,0x82,0x10,0x82,0x10,0x82,0x10,0x82,0x10,0x82,0x10,0x82,0x10,0x82,0x10,0x82,0x10,0x82,0x10,0x82,0x10,0x82,0x10,0x82,0x10,0x82,0x10,
	0x82,0x10,0x82,0x10,0x82,0x10,0x82,0x10,0x82,0x10,0x82,0x10,0x82,0x10,0x82,0x10,0x82,0x10,0x82,0x10,0x82,0x10,0x82,0x10,0x82,0x10,0x82,0x10,0x82,0x10,0x82,0x10,0x82,0x10,0x82,0x10,0x82,0x10,0x82,0x10,0x82,0x10,0x82,0x10,0x82,0x10,0x82,0x10,0x82,0x10,0x82,0x10,0x82,0x10,0x82,0x10,0x82,0x10,0x82,0x10,0x82,0x10,0x82,0x10,
	0x82,0x10,0x82,0x10,0x82,0x10,0x82,0x10,0x82,0x10,0x82,0x10,0x82,0x10,0x82,0x10,0x82,0x10,0x82,0x10,0x82,0x10,0x82,0x10,0x82,0x10,0x82,0x10,0x82,0x10,0x82,0x10,0x82,0x10,0x82,0x10,0x82,0x10,0x82,0x10,0x82,0x10,0x82,0x10,0x82,0x10,0x82,0x10,0x82,0x10,0x82,0x10,0x82,0x10,0x82,0x10,0x82,0x10,0x82,0x10,0x82,0x10,0x82,0x10,
	0x82,0x10,0x82,0x10,0x82,0x10,0x82,0x10,0x82,0x10,0x82,0x10,0x82,0x10,0x82,0x10,0x82,0x10,0x82,0x10,0x82,0x10,0x82,0x10,0x82,0x10,0x82,0x10,0x82,0x10,0x82,0x10,0x82,0x10,0x82,0x10,0x82,0x10,0x82,0x10,0x82,0x10,0x82,0x10,0x82,0x10,0x82,0x10,0x82,0x10,0x82,0x10,0x82,0x10,0x82,0x10,0x82,0x10,0x82,0x10,0x82,0x10,0x82,0x10,
	0x82,0x10,0x82,0x10,0x82,0x10,0x82,0x10,0x82,0x10,0x82,0x10,0x82,0x10,0x82,0x10,0x82,0x10,0x82,0x10,0x82,0x10,0x82,0x10,0x82,0x10,0x82,0x10,0x82,0x10,0x82,0x10,0x82,0x10,0x82,0x10,0x82,0x10,0x82,0x10,0x82,0x10,0x82,0x10,0x82,0x10,0x82,0x10,0x82,0x10,0x82,0x10,0x82,0x10,0x82,0x10,0x82,0x10,0x82,0x10,0x82,0x10,0x82,0x10,
	0x82,0x10,0x82,0x10,0x82,0x10,0x82,0x10,0x82,0x10,0x82,0x10,0x82,0x10,0x82,0x10,0x82,0x10,0x82,0x10,0x82,0x10,0x82,0x10,0x82,0x10,0x82,0x10,0x82,0x10,0x82,0x10,0x82,0x10,0x82,0x10,0x82,0x10,0x82,0x10,0x82,0x10,0x82,0x10,0x82,0x10,0x82,0x10,0x82,0x10,0x82,0x10,0x82,0x10,0x82,0x10,0x82,0x10,0x82,0x10,0x82,0x10,0x82,0x10,
	0x82,0x10,0x82,0x10,0x82,0x10,0x82,0x10,0x82,0x10,0x82,0x10,0x82,0x10,0x82,0x10,0x82,0x10,0x82,0x10,0x82,0x10,0x82,0x10,0x82,0x10,0x82,0x10,0x82,0x10,0x82,0x10,0x82,0x10,0x82,0x10,0x82,0x10,0x82,0x10,0x82,0x10,0x82,0x10,0x82,0x10,0x82,0x10,0x82,0x10,0x82,0x10,0x82,0x10,0x82,0x10,0x82,0x10,0x82,0x10,0x82,0x10,0x82,0x10,
	0x82,0x10,0x82,0x10,0x82,0x10,0x82,0x10,0x82,0x10,0x82,0x10,0x82,0x10,0x82,0x10,0x82,0x10,0x82,0x10,0x82,0x10,0x82,0x10,0x82,0x10,0x82,0x10,0x82,0x10,0x82,0x10,0x82,0x10,0x82,0x10,0x82,0x10,0x82,0x10,0x82,0x10,0x82,0x10,0x82,0x10,0x82,0x10,0x82,0x10,0x82,0x10,0x82,0x10,0x82,0x10,0x41,0x08,0x00,0x00,0x00,0x00,0x00,0x00,
	0x00,0x00,0x00,0x00,0x00,0x00,0x20,0x00,0x41,0x08,0x82,0x10,0x82,0x10,0x82,0x10,0x82,0x10,0x82,0x10,0x82,0x10,0x82,0x10,0x82,0x10,0x82,0x10,0x82,0x10,0x82,0x10,0x82,0x10,0x82,0x10,0x82,0x10,0x82,0x10,0x82,0x10,0x82,0x10,0x82,0x10,0x82,0x10,0x82,0x10,0x82,0x10,0x82,0x10,0x82,0x10,0x82,0x10,0x82,0x10,0x82,0x10,0x82,0x10,
	0x82,0x10,0x82,0x10,0x82,0x10,0x82,0x10,0x82,0x10,0x82,0x10,0x82,0x10,0x82,0x10,0x82,0x10,0x82,0x10,0x82,0x10,0x82,0x10,0x82,0x10,0x82,0x10,0x82,0x10,0x82,0x10,0x82,0x10,0x82,0x10,0x82,0x10,0x82,0x10,0x82,0x10,0x82,0x10,0x82,0x10,0x82,0x10,0x82,0x10,0x82,0x10,0x82,0x10,0x82,0x10,0x82,0x10,0x82,0x10,0x82,0x10,0x82,0x10,
	0x82,0x10,0x82,0x10,0x82,0x10,0x82,0x10,0x82,0x10,0x82,0x10,0x82,0x10,0x82,0x10,0x82,0x10,0x82,0x10,0x82,0x10,0x82,0x10,0x82,0x10,0x82,0x10,0x82,0x10,0x82,0x10,0x82,0x10,0x82,0x10,0x82,0x10,0x82,0x10,0x82,0x10,0x82,0x10,0x82,0x10,0x82,0x10,0x82,0x10,0x82,0x10,0x82,0x10,0x82,0x10,0x82,0x10,0x82,0x10,0x82,0x10,0x82,0x10,
	0x82,0x10,0x82,0x10,0x82,0x10,0x82,0x10,0x82,0x10,0x82,0x10,0x82,0x10,0x82,0x10,0x82,0x10,0x82,0x10,0x82,0x10,0x82,0x10,0x82,0x10,0x82,0x10,0x82,0x10,0x82,0x10,0x82,0x10,0x82,0x10,0x82,0x10,0x82,0x10,0x82,0x10,0x82,0x10,0x82,0x10,0x82,0x10,0x82,0x10,0x82,0x10,0x82,0x10,0x82,0x10,0x82,0x10,0x82,0x10,0x82,0x10,0x82,0x10,
	0x82,0x10,0x82,0x10,0x82,0x10,0x82,0x10,0x82,0x10,0x82,0x10,0x82,0x10,0x82,0x10,0x82,0x10,0x82,0x10,0x82,0x10,0x82,0x10,0x82,0x10,0x82,0x10,0x82,0x10,0x82,0x10,0x82,0x10,0x82,0x10,0x82,0x10,0x82,0x10,0x82,0x10,0x82,0x10,0x82,0x10,0x82,0x10,0x82,0x10,0x82,0x10,0x82,0x10,0x82,0x10,0x82,0x10,0x82,0x10,0x82,0x10,0x82,0x10,
	0x82,0x10,0x82,0x10,0x82,0x10,0x82,0x10,0x82,0x10,0x82,0x10,0x82,0x10,0x82,0x10,0x82,0x10,0x82,0x10,0x82,0x10,0x82,0x10,0x82,0x10,0x82,0x10,0x82,0x10,0x82,0x10,0x82,0x10,0x82,0x10,0x82,0x10,0x82,0x10,0x82,0x10,0x82,0x10,0x82,0x10,0x82,0x10,0x82,0x10,0x82,0x10,0x82,0x10,0x82,0x10,0x82,0x10,0x82,0x10,0x82,0x10,0x82,0x10,
	0x82,0x10,0x82,0x10,0x82,0x10,0x82,0x10,0x82,0x10,0x82,0x10,0x82,0x10,0x82,0x10,0x82,0x10,0x82,0x10,0x82,0x10,0x82,0x10,0x82,0x10,0x82,0x10,0x82,0x10,0x82,0x10,0x82,0x10,0x82,0x10,0x82,0x10,0x82,0x10,0x82,0x10,0x82,0x10,0x82,0x10,0x82,0x10,0x82,0x10,0x82,0x10,0x82,0x10,0x82,0x10,0x82,0x10,0x82,0x10,0x82,0x10,0x82,0x10,
	0x82,0x10,0x82,0x10,0x82,0x10,0x82,0x10,0x82,0x10,0x82,0x10,0x82,0x10,0x82,0x10,0x82,0x10,0x82,0x10,0x82,0x10,0x82,0x10,0x82,0x10,0x82,0x10,0x82,0x10,0x82,0x10,0x82,0x10,0x82,0x10,0x82,0x10,0x82,0x10,0x82,0x10,0x82,0x10,0x82,0x10,0x82,0x10,0x82,0x10,0x82,0x10,0x82,0x10,0x82,0x10,0x82,0x10,0x82,0x10,0x82,0x10,0x82,0x10,
	0x82,0x10,0x82,0x10,0x82,0x10,0x82,0x10,0x82,0x10,0x82,0x10,0x82,0x10,0x82,0x10,0x82,0x10,0x82,0x10,0x82,0x10,0x82,0x10,0x82,0x10,0x82,0x10,0x82,0x10,0x82,0x10,0x82,0x10,0x82,0x10,0x82,0x10,0x82,0x10,0x82,0x10,0x82,0x10,0x82,0x10,0x82,0x10,0x82,0x10,0x82,0x10,0x82,0x10,0x82,0x10,0x82,0x10,0x82,0x10,0x82,0x10,0x82,0x10,
	0x82,0x10,0x82,0x10,0x82,0x10,0x82,0x10,0x82,0x10,0x82,0x10,0x82,0x10,0x82,0x10,0x82,0x10,0x82,0x10,0x82,0x10,0x82,0x10,0x82,0x10,0x82,0x10,0x82,0x10,0x82,0x10,0x82,0x10,0x82,0x10,0x82,0x10,0x82,0x10,0x82,0x10,0x82,0x10,0x82,0x10,0x82,0x10,0x82,0x10,0x82,0x10,0x82,0x10,0x82,0x10,0x82,0x10,0x82,0x10,0x82,0x10,0x82,0x10,
	0x82,0x10,0x82,0x10,0x82,0x10,0x82,0x10,0x82,0x10,0x82,0x10,0x82,0x10,0x82,0x10,0x82,0x10,0x82,0x10,0x82,0x10,0x82,0x10,0x82,0x10,0x82,0x10,0x82,0x10,0x82,0x10,0x82,0x10,0x82,0x10,0x82,0x10,0x82,0x10,0x82,0x10,0x82,0x10,0x82,0x10,0x82,0x10,0x82,0x10,0x82,0x10,0x82,0x10,0x82,0x10,0x82,0x10,0x41,0x08,0x20,0x00,0x00,0x00,
	0x00,0x00,0x00,0x00,0x00,0x00,0x00,0x00,0x00,0x00,0x00,0x00,0x20,0x00,0x61,0x08,0x82,0x10,0x82,0x10,0x82,0x10,0x82,0x10,0x82,0x10,0x82,0x10,0x82,0x10,0x82,0x10,0x82,0x10,0x82,0x10,0x82,0x10,0x82,0x10,0x82,0x10,0x82,0x10,0x82,0x10,0x82,0x10,0x82,0x10,0x82,0x10,0x82,0x10,0x82,0x10,0x82,0x10,0x82,0x10,0x82,0x10,0x82,0x10,
	0x82,0x10,0x82,0x10,0x82,0x10,0x82,0x10,0x82,0x10,0x82,0x10,0x82,0x10,0x82,0x10,0x82,0x10,0x82,0x10,0x82,0x10,0x82,0x10,0x82,0x10,0x82,0x10,0x82,0x10,0x82,0x10,0x82,0x10,0x82,0x10,0x82,0x10,0x82,0x10,0x82,0x10,0x82,0x10,0x82,0x10,0x82,0x10,0x82,0x10,0x82,0x10,0x82,0x10,0x82,0x10,0x82,0x10,0x82,0x10,0x82,0x10,0x82,0x10,
	0x82,0x10,0x82,0x10,0x82,0x10,0x82,0x10,0x82,0x10,0x82,0x10,0x82,0x10,0x82,0x10,0x82,0x10,0x82,0x10,0x82,0x10,0x82,0x10,0x82,0x10,0x82,0x10,0x82,0x10,0x82,0x10,0x82,0x10,0x82,0x10,0x82,0x10,0x82,0x10,0x82,0x10,0x82,0x10,0x82,0x10,0x82,0x10,0x82,0x10,0x82,0x10,0x82,0x10,0x82,0x10,0x82,0x10,0x82,0x10,0x82,0x10,0x82,0x10,
	0x82,0x10,0x82,0x10,0x82,0x10,0x82,0x10,0x82,0x10,0x82,0x10,0x82,0x10,0x82,0x10,0x82,0x10,0x82,0x10,0x82,0x10,0x82,0x10,0x82,0x10,0x82,0x10,0x82,0x10,0x82,0x10,0x82,0x10,0x82,0x10,0x82,0x10,0x82,0x10,0x82,0x10,0x82,0x10,0x82,0x10,0x82,0x10,0x82,0x10,0x82,0x10,0x82,0x10,0x82,0x10,0x82,0x10,0x82,0x10,0x82,0x10,0x82,0x10,
	0x82,0x10,0x82,0x10,0x82,0x10,0x82,0x10,0x82,0x10,0x82,0x10,0x82,0x10,0x82,0x10,0x82,0x10,0x82,0x10,0x82,0x10,0x82,0x10,0x82,0x10,0x82,0x10,0x82,0x10,0x82,0x10,0x82,0x10,0x82,0x10,0x82,0x10,0x82,0x10,0x82,0x10,0x82,0x10,0x82,0x10,0x82,0x10,0x82,0x10,0x82,0x10,0x82,0x10,0x82,0x10,0x82,0x10,0x82,0x10,0x82,0x10,0x82,0x10,
	0x82,0x10,0x82,0x10,0x82,0x10,0x82,0x10,0x82,0x10,0x82,0x10,0x82,0x10,0x82,0x10,0x82,0x10,0x82,0x10,0x82,0x10,0x82,0x10,0x82,0x10,0x82,0x10,0x82,0x10,0x82,0x10,0x82,0x10,0x82,0x10,0x82,0x10,0x82,0x10,0x82,0x10,0x82,0x10,0x82,0x10,0x82,0x10,0x82,0x10,0x82,0x10,0x82,0x10,0x82,0x10,0x82,0x10,0x82,0x10,0x82,0x10,0x82,0x10,
	0x82,0x10,0x82,0x10,0x82,0x10,0x82,0x10,0x82,0x10,0x82,0x10,0x82,0x10,0x82,0x10,0x82,0x10,0x82,0x10,0x82,0x10,0x82,0x10,0x82,0x10,0x82,0x10,0x82,0x10,0x82,0x10,0x82,0x10,0x82,0x10,0x82,0x10,0x82,0x10,0x82,0x10,0x82,0x10,0x82,0x10,0x82,0x10,0x82,0x10,0x82,0x10,0x82,0x10,0x82,0x10,0x82,0x10,0x82,0x10,0x82,0x10,0x82,0x10,
	0x82,0x10,0x82,0x10,0x82,0x10,0x82,0x10,0x82,0x10,0x82,0x10,0x82,0x10,0x82,0x10,0x82,0x10,0x82,0x10,0x82,0x10,0x82,0x10,0x82,0x10,0x82,0x10,0x82,0x10,0x82,0x10,0x82,0x10,0x82,0x10,0x82,0x10,0x82,0x10,0x82,0x10,0x82,0x10,0x82,0x10,0x82,0x10,0x82,0x10,0x82,0x10,0x82,0x10,0x82,0x10,0x82,0x10,0x82,0x10,0x82,0x10,0x82,0x10,
	0x82,0x10,0x82,0x10,0x82,0x10,0x82,0x10,0x82,0x10,0x82,0x10,0x82,0x10,0x82,0x10,0x82,0x10,0x82,0x10,0x82,0x10,0x82,0x10,0x82,0x10,0x82,0x10,0x82,0x10,0x82,0x10,0x82,0x10,0x82,0x10,0x82,0x10,0x82,0x10,0x82,0x10,0x82,0x10,0x82,0x10,0x82,0x10,0x82,0x10,0x82,0x10,0x82,0x10,0x82,0x10,0x82,0x10,0x82,0x10,0x82,0x10,0x82,0x10,
	0x82,0x10,0x82,0x10,0x82,0x10,0x82,0x10,0x82,0x10,0x82,0x10,0x82,0x10,0x82,0x10,0x82,0x10,0x82,0x10,0x82,0x10,0x82,0x10,0x82,0x10,0x82,0x10,0x82,0x10,0x82,0x10,0x82,0x10,0x82,0x10,0x82,0x10,0x82,0x10,0x82,0x10,0x82,0x10,0x82,0x10,0x82,0x10,0x82,0x10,0x82,0x10,0x82,0x10,0x82,0x10,0x82,0x10,0x82,0x10,0x82,0x10,0x82,0x10,
	0x82,0x10,0x82,0x10,0x82,0x10,0x82,0x10,0x82,0x10,0x82,0x10,0x82,0x10,0x82,0x10,0x82,0x10,0x82,0x10,0x82,0x10,0x82,0x10,0x82,0x10,0x82,0x10,0x82,0x10,0x82,0x10,0x82,0x10,0x82,0x10,0x82,0x10,0x82,0x10,0x82,0x10,0x82,0x10,0x82,0x10,0x82,0x10,0x82,0x10,0x82,0x10,0x82,0x10,0x82,0x10,0x82,0x10,0x82,0x10,0x61,0x08,0x20,0x00,
	0x00,0x00,0x00,0x00,0x00,0x00,0x00,0x00,0x00,0x00,0x00,0x00,0x00,0x00,0x00,0x00,0x00,0x00,0x61,0x08,0x61,0x08,0x82,0x10,0x82,0x10,0x82,0x10,0x82,0x10,0x82,0x10,0x82,0x10,0x82,0x10,0x82,0x10,0x82,0x10,0x82,0x10,0x82,0x10,0x82,0x10,0x82,0x10,0x82,0x10,0x82,0x10,0x82,0x10,0x82,0x10,0x82,0x10,0x82,0x10,0x82,0x10,0x82,0x10,
	0x82,0x10,0x82,0x10,0x82,0x10,0x82,0x10,0x82,0x10,0x82,0x10,0x82,0x10,0x82,0x10,0x82,0x10,0x82,0x10,0x82,0x10,0x82,0x10,0x82,0x10,0x82,0x10,0x82,0x10,0x82,0x10,0x82,0x10,0x82,0x10,0x82,0x10,0x82,0x10,0x82,0x10,0x82,0x10,0x82,0x10,0x82,0x10,0x82,0x10,0x82,0x10,0x82,0x10,0x82,0x10,0x82,0x10,0x82,0x10,0x82,0x10,0x82,0x10,
	0x82,0x10,0x82,0x10,0x82,0x10,0x82,0x10,0x82,0x10,0x82,0x10,0x82,0x10,0x82,0x10,0x82,0x10,0x82,0x10,0x82,0x10,0x82,0x10,0x82,0x10,0x82,0x10,0x82,0x10,0x82,0x10,0x82,0x10,0x82,0x10,0x82,0x10,0x82,0x10,0x82,0x10,0x82,0x10,0x82,0x10,0x82,0x10,0x82,0x10,0x82,0x10,0x82,0x10,0x82,0x10,0x82,0x10,0x82,0x10,0x82,0x10,0x82,0x10,
	0x82,0x10,0x82,0x10,0x82,0x10,0x82,0x10,0x82,0x10,0x82,0x10,0x82,0x10,0x82,0x10,0x82,0x10,0x82,0x10,0x82,0x10,0x82,0x10,0x82,0x10,0x82,0x10,0x82,0x10,0x82,0x10,0x82,0x10,0x82,0x10,0x82,0x10,0x82,0x10,0x82,0x10,0x82,0x10,0x82,0x10,0x82,0x10,0x82,0x10,0x82,0x10,0x82,0x10,0x82,0x10,0x82,0x10,0x82,0x10,0x82,0x10,0x82,0x10,
	0x82,0x10,0x82,0x10,0x82,0x10,0x82,0x10,0x82,0x10,0x82,0x10,0x82,0x10,0x82,0x10,0x82,0x10,0x82,0x10,0x82,0x10,0x82,0x10,0x82,0x10,0x82,0x10,0x82,0x10,0x82,0x10,0x82,0x10,0x82,0x10,0x82,0x10,0x82,0x10,0x82,0x10,0x82,0x10,0x82,0x10,0x82,0x10,0x82,0x10,0x82,0x10,0x82,0x10,0x82,0x10,0x82,0x10,0x82,0x10,0x82,0x10,0x82,0x10,
	0x82,0x10,0x82,0x10,0x82,0x10,0x82,0x10,0x82,0x10,0x82,0x10,0x82,0x10,0x82,0x10,0x82,0x10,0x82,0x10,0x82,0x10,0x82,0x10,0x82,0x10,0x82,0x10,0x82,0x10,0x82,0x10,0x82,0x10,0x82,0x10,0x82,0x10,0x82,0x10,0x82,0x10,0x82,0x10,0x82,0x10,0x82,0x10,0x82,0x10,0x82,0x10,0x82,0x10,0x82,0x10,0x82,0x10,0x82,0x10,0x82,0x10,0x82,0x10,
	0x82,0x10,0x82,0x10,0x82,0x10,0x82,0x10,0x82,0x10,0x82,0x10,0x82,0x10,0x82,0x10,0x82,0x10,0x82,0x10,0x82,0x10,0x82,0x10,0x82,0x10,0x82,0x10,0x82,0x10,0x82,0x10,0x82,0x10,0x82,0x10,0x82,0x10,0x82,0x10,0x82,0x10,0x82,0x10,0x82,0x10,0x82,0x10,0x82,0x10,0x82,0x10,0x82,0x10,0x82,0x10,0x82,0x10,0x82,0x10,0x82,0x10,0x82,0x10,
	0x82,0x10,0x82,0x10,0x82,0x10,0x82,0x10,0x82,0x10,0x82,0x10,0x82,0x10,0x82,0x10,0x82,0x10,0x82,0x10,0x82,0x10,0x82,0x10,0x82,0x10,0x82,0x10,0x82,0x10,0x82,0x10,0x82,0x10,0x82,0x10,0x82,0x10,0x82,0x10,0x82,0x10,0x82,0x10,0x82,0x10,0x82,0x10,0x82,0x10,0x82,0x10,0x82,0x10,0x82,0x10,0x82,0x10,0x82,0x10,0x82,0x10,0x82,0x10,
	0x82,0x10,0x82,0x10,0x82,0x10,0x82,0x10,0x82,0x10,0x82,0x10,0x82,0x10,0x82,0x10,0x82,0x10,0x82,0x10,0x82,0x10,0x82,0x10,0x82,0x10,0x82,0x10,0x82,0x10,0x82,0x10,0x82,0x10,0x82,0x10,0x82,0x10,0x82,0x10,0x82,0x10,0x82,0x10,0x82,0x10,0x82,0x10,0x82,0x10,0x82,0x10,0x82,0x10,0x82,0x10,0x82,0x10,0x82,0x10,0x82,0x10,0x82,0x10,
	0x82,0x10,0x82,0x10,0x82,0x10,0x82,0x10,0x82,0x10,0x82,0x10,0x82,0x10,0x82,0x10,0x82,0x10,0x82,0x10,0x82,0x10,0x82,0x10,0x82,0x10,0x82,0x10,0x82,0x10,0x82,0x10,0x82,0x10,0x82,0x10,0x82,0x10,0x82,0x10,0x82,0x10,0x82,0x10,0x82,0x10,0x82,0x10,0x82,0x10,0x82,0x10,0x82,0x10,0x82,0x10,0x82,0x10,0x82,0x10,0x82,0x10,0x82,0x10,
	0x82,0x10,0x82,0x10,0x82,0x10,0x82,0x10,0x82,0x10,0x82,0x10,0x82,0x10,0x82,0x10,0x82,0x10,0x82,0x10,0x82,0x10,0x82,0x10,0x82,0x10,0x82,0x10,0x82,0x10,0x82,0x10,0x82,0x10,0x82,0x10,0x82,0x10,0x82,0x10,0x82,0x10,0x82,0x10,0x82,0x10,0x82,0x10,0x82,0x10,0x82,0x10,0x82,0x10,0x82,0x10,0x82,0x10,0x82,0x10,0x82,0x10,0x61,0x08,
	0x61,0x08,0x00,0x00,0x00,0x00,0x00,0x00,0x00,0x00,0x00,0x00,0x00,0x00,0x00,0x00,0x00,0x00,0x00,0x00,0x00,0x00,0x20,0x00,0x61,0x08,0x82,0x10,0x82,0x10,0x82,0x10,0x82,0x10,0x82,0x10,0x82,0x10,0x82,0x10,0x82,0x10,0x82,0x10,0x82,0x10,0x82,0x10,0x82,0x10,0x82,0x10,0x82,0x10,0x82,0x10,0x82,0x10,0x82,0x10,0x82,0x10,0x82,0x10,
	0x82,0x10,0x82,0x10,0x82,0x10,0x82,0x10,0x82,0x10,0x82,0x10,0x82,0x10,0x82,0x10,0x82,0x10,0x82,0x10,0x82,0x10,0x82,0x10,0x82,0x10,0x82,0x10,0x82,0x10,0x82,0x10,0x82,0x10,0x82,0x10,0x82,0x10,0x82,0x10,0x82,0x10,0x82,0x10,0x82,0x10,0x82,0x10,0x82,0x10,0x82,0x10,0x82,0x10,0x82,0x10,0x82,0x10,0x82,0x10,0x82,0x10,0x82,0x10,
	0x82,0x10,0x82,0x10,0x82,0x10,0x82,0x10,0x82,0x10,0x82,0x10,0x82,0x10,0x82,0x10,0x82,0x10,0x82,0x10,0x82,0x10,0x82,0x10,0x82,0x10,0x82,0x10,0x82,0x10,0x82,0x10,0x82,0x10,0x82,0x10,0x82,0x10,0x82,0x10,0x82,0x10,0x82,0x10,0x82,0x10,0x82,0x10,0x82,0x10,0x82,0x10,0x82,0x10,0x82,0x10,0x82,0x10,0x82,0x10,0x82,0x10,0x82,0x10,
	0x82,0x10,0x82,0x10,0x82,0x10,0x82,0x10,0x82,0x10,0x82,0x10,0x82,0x10,0x82,0x10,0x82,0x10,0x82,0x10,0x82,0x10,0x82,0x10,0x82,0x10,0x82,0x10,0x82,0x10,0x82,0x10,0x82,0x10,0x82,0x10,0x82,0x10,0x82,0x10,0x82,0x10,0x82,0x10,0x82,0x10,0x82,0x10,0x82,0x10,0x82,0x10,0x82,0x10,0x82,0x10,0x82,0x10,0x82,0x10,0x82,0x10,0x82,0x10,
	0x82,0x10,0x82,0x10,0x82,0x10,0x82,0x10,0x82,0x10,0x82,0x10,0x82,0x10,0x82,0x10,0x82,0x10,0x82,0x10,0x82,0x10,0x82,0x10,0x82,0x10,0x82,0x10,0x82,0x10,0x82,0x10,0x82,0x10,0x82,0x10,0x82,0x10,0x82,0x10,0x82,0x10,0x82,0x10,0x82,0x10,0x82,0x10,0x82,0x10,0x82,0x10,0x82,0x10,0x82,0x10,0x82,0x10,0x82,0x10,0x82,0x10,0x82,0x10,
	0x82,0x10,0x82,0x10,0x82,0x10,0x82,0x10,0x82,0x10,0x82,0x10,0x82,0x10,0x82,0x10,0x82,0x10,0x82,0x10,0x82,0x10,0x82,0x10,0x82,0x10,0x82,0x10,0x82,0x10,0x82,0x10,0x82,0x10,0x82,0x10,0x82,0x10,0x82,0x10,0x82,0x10,0x82,0x10,0x82,0x10,0x82,0x10,0x82,0x10,0x82,0x10,0x82,0x10,0x82,0x10,0x82,0x10,0x82,0x10,0x82,0x10,0x82,0x10,
	0x82,0x10,0x82,0x10,0x82,0x10,0x82,0x10,0x82,0x10,0x82,0x10,0x82,0x10,0x82,0x10,0x82,0x10,0x82,0x10,0x82,0x10,0x82,0x10,0x82,0x10,0x82,0x10,0x82,0x10,0x82,0x10,0x82,0x10,0x82,0x10,0x82,0x10,0x82,0x10,0x82,0x10,0x82,0x10,0x82,0x10,0x82,0x10,0x82,0x10,0x82,0x10,0x82,0x10,0x82,0x10,0x82,0x10,0x82,0x10,0x82,0x10,0x82,0x10,
	0x82,0x10,0x82,0x10,0x82,0x10,0x82,0x10,0x82,0x10,0x82,0x10,0x82,0x10,0x82,0x10,0x82,0x10,0x82,0x10,0x82,0x10,0x82,0x10,0x82,0x10,0x82,0x10,0x82,0x10,0x82,0x10,0x82,0x10,0x82,0x10,0x82,0x10,0x82,0x10,0x82,0x10,0x82,0x10,0x82,0x10,0x82,0x10,0x82,0x10,0x82,0x10,0x82,0x10,0x82,0x10,0x82,0x10,0x82,0x10,0x82,0x10,0x82,0x10,
	0x82,0x10,0x82,0x10,0x82,0x10,0x82,0x10,0x82,0x10,0x82,0x10,0x82,0x10,0x82,0x10,0x82,0x10,0x82,0x10,0x82,0x10,0x82,0x10,0x82,0x10,0x82,0x10,0x82,0x10,0x82,0x10,0x82,0x10,0x82,0x10,0x82,0x10,0x82,0x10,0x82,0x10,0x82,0x10,0x82,0x10,0x82,0x10,0x82,0x10,0x82,0x10,0x82,0x10,0x82,0x10,0x82,0x10,0x82,0x10,0x82,0x10,0x82,0x10,
	0x82,0x10,0x82,0x10,0x82,0x10,0x82,0x10,0x82,0x10,0x82,0x10,0x82,0x10,0x82,0x10,0x82,0x10,0x82,0x10,0x82,0x10,0x82,0x10,0x82,0x10,0x82,0x10,0x82,0x10,0x82,0x10,0x82,0x10,0x82,0x10,0x82,0x10,0x82,0x10,0x82,0x10,0x82,0x10,0x82,0x10,0x82,0x10,0x82,0x10,0x82,0x10,0x82,0x10,0x82,0x10,0x82,0x10,0x82,0x10,0x82,0x10,0x82,0x10,
	0x82,0x10,0x82,0x10,0x82,0x10,0x82,0x10,0x82,0x10,0x82,0x10,0x82,0x10,0x82,0x10,0x82,0x10,0x82,0x10,0x82,0x10,0x82,0x10,0x82,0x10,0x82,0x10,0x82,0x10,0x82,0x10,0x82,0x10,0x82,0x10,0x82,0x10,0x82,0x10,0x82,0x10,0x82,0x10,0x82,0x10,0x82,0x10,0x82,0x10,0x82,0x10,0x82,0x10,0x82,0x10,0x82,0x10,0x82,0x10,0x82,0x10,0x82,0x10,
	0x82,0x10,0x61,0x08,0x20,0x00,0x00,0x00,0x00,0x00,0x00,0x00,0x00,0x00,0x00,0x00,0x00,0x00,0x00,0x00,0x00,0x00,0x00,0x00,0x00,0x00,0x00,0x00,0x20,0x00,0x82,0x10,0x82,0x10,0x82,0x10,0x82,0x10,0x82,0x10,0x82,0x10,0x82,0x10,0x82,0x10,0x82,0x10,0x82,0x10,0x82,0x10,0x82,0x10,0x82,0x10,0x82,0x10,0x82,0x10,0x82,0x10,0x82,0x10,
	0x82,0x10,0x82,0x10,0x82,0x10,0x82,0x10,0x82,0x10,0x82,0x10,0x82,0x10,0x82,0x10,0x82,0x10,0x82,0x10,0x82,0x10,0x82,0x10,0x82,0x10,0x82,0x10,0x82,0x10,0x82,0x10,0x82,0x10,0x82,0x10,0x82,0x10,0x82,0x10,0x82,0x10,0x82,0x10,0x82,0x10,0x82,0x10,0x82,0x10,0x82,0x10,0x82,0x10,0x82,0x10,0x82,0x10,0x82,0x10,0x82,0x10,0x82,0x10,
	0x82,0x10,0x82,0x10,0x82,0x10,0x82,0x10,0x82,0x10,0x82,0x10,0x82,0x10,0x82,0x10,0x82,0x10,0x82,0x10,0x82,0x10,0x82,0x10,0x82,0x10,0x82,0x10,0x82,0x10,0x82,0x10,0x82,0x10,0x82,0x10,0x82,0x10,0x82,0x10,0x82,0x10,0x82,0x10,0x82,0x10,0x82,0x10,0x82,0x10,0x82,0x10,0x82,0x10,0x82,0x10,0x82,0x10,0x82,0x10,0x82,0x10,0x82,0x10,
	0x82,0x10,0x82,0x10,0x82,0x10,0x82,0x10,0x82,0x10,0x82,0x10,0x82,0x10,0x82,0x10,0x82,0x10,0x82,0x10,0x82,0x10,0x82,0x10,0x82,0x10,0x82,0x10,0x82,0x10,0x82,0x10,0x82,0x10,0x82,0x10,0x82,0x10,0x82,0x10,0x82,0x10,0x82,0x10,0x82,0x10,0x82,0x10,0x82,0x10,0x82,0x10,0x82,0x10,0x82,0x10,0x82,0x10,0x82,0x10,0x82,0x10,0x82,0x10,
	0x82,0x10,0x82,0x10,0x82,0x10,0x82,0x10,0x82,0x10,0x82,0x10,0x82,0x10,0x82,0x10,0x82,0x10,0x82,0x10,0x82,0x10,0x82,0x10,0x82,0x10,0x82,0x10,0x82,0x10,0x82,0x10,0x82,0x10,0x82,0x10,0x82,0x10,0x82,0x10,0x82,0x10,0x82,0x10,0x82,0x10,0x82,0x10,0x82,0x10,0x82,0x10,0x82,0x10,0x82,0x10,0x82,0x10,0x82,0x10,0x82,0x10,0x82,0x10,
	0x82,0x10,0x82,0x10,0x82,0x10,0x82,0x10,0x82,0x10,0x82,0x10,0x82,0x10,0x82,0x10,0x82,0x10,0x82,0x10,0x82,0x10,0x82,0x10,0x82,0x10,0x82,0x10,0x82,0x10,0x82,0x10,0x82,0x10,0x82,0x10,0x82,0x10,0x82,0x10,0x82,0x10,0x82,0x10,0x82,0x10,0x82,0x10,0x82,0x10,0x82,0x10,0x82,0x10,0x82,0x10,0x82,0x10,0x82,0x10,0x82,0x10,0x82,0x10,
	0x82,0x10,0x82,0x10,0x82,0x10,0x82,0x10,0x82,0x10,0x82,0x10,0x82,0x10,0x82,0x10,0x82,0x10,0x82,0x10,0x82,0x10,0x82,0x10,0x82,0x10,0x82,0x10,0x82,0x10,0x82,0x10,0x82,0x10,0x82,0x10,0x82,0x10,0x82,0x10,0x82,0x10,0x82,0x10,0x82,0x10,0x82,0x10,0x82,0x10,0x82,0x10,0x82,0x10,0x82,0x10,0x82,0x10,0x82,0x10,0x82,0x10,0x82,0x10,
	0x82,0x10,0x82,0x10,0x82,0x10,0x82,0x10,0x82,0x10,0x82,0x10,0x82,0x10,0x82,0x10,0x82,0x10,0x82,0x10,0x82,0x10,0x82,0x10,0x82,0x10,0x82,0x10,0x82,0x10,0x82,0x10,0x82,0x10,0x82,0x10,0x82,0x10,0x82,0x10,0x82,0x10,0x82,0x10,0x82,0x10,0x82,0x10,0x82,0x10,0x82,0x10,0x82,0x10,0x82,0x10,0x82,0x10,0x82,0x10,0x82,0x10,0x82,0x10,
	0x82,0x10,0x82,0x10,0x82,0x10,0x82,0x10,0x82,0x10,0x82,0x10,0x82,0x10,0x82,0x10,0x82,0x10,0x82,0x10,0x82,0x10,0x82,0x10,0x82,0x10,0x82,0x10,0x82,0x10,0x82,0x10,0x82,0x10,0x82,0x10,0x82,0x10,0x82,0x10,0x82,0x10,0x82,0x10,0x82,0x10,0x82,0x10,0x82,0x10,0x82,0x10,0x82,0x10,0x82,0x10,0x82,0x10,0x82,0x10,0x82,0x10,0x82,0x10,
	0x82,0x10,0x82,0x10,0x82,0x10,0x82,0x10,0x82,0x10,0x82,0x10,0x82,0x10,0x82,0x10,0x82,0x10,0x82,0x10,0x82,0x10,0x82,0x10,0x82,0x10,0x82,0x10,0x82,0x10,0x82,0x10,0x82,0x10,0x82,0x10,0x82,0x10,0x82,0x10,0x82,0x10,0x82,0x10,0x82,0x10,0x82,0x10,0x82,0x10,0x82,0x10,0x82,0x10,0x82,0x10,0x82,0x10,0x82,0x10,0x82,0x10,0x82,0x10,
	0x82,0x10,0x82,0x10,0x82,0x10,0x82,0x10,0x82,0x10,0x82,0x10,0x82,0x10,0x82,0x10,0x82,0x10,0x82,0x10,0x82,0x10,0x82,0x10,0x82,0x10,0x82,0x10,0x82,0x10,0x82,0x10,0x82,0x10,0x82,0x10,0x82,0x10,0x82,0x10,0x82,0x10,0x82,0x10,0x82,0x10,0x82,0x10,0x82,0x10,0x82,0x10,0x82,0x10,0x82,0x10,0x82,0x10,0x82,0x10,0x82,0x10,0x82,0x10,
	0x82,0x10,0x82,0x10,0x82,0x10,0x20,0x00,0x00,0x00,0x00,0x00,0x00,0x00,0x00,0x00,0x00,0x00,0x00,0x00,0x00,0x00,0x00,0x00,0x00,0x00,0x00,0x00,0x00,0x00,0x00,0x00,0x00,0x00,0x40,0x00,0x61,0x08,0x82,0x10,0x82,0x10,0x82,0x10,0x82,0x10,0x82,0x10,0x82,0x10,0x82,0x10,0x82,0x10,0x82,0x10,0x82,0x10,0x82,0x10,0x82,0x10,0x82,0x10,
	0x82,0x10,0x82,0x10,0x82,0x10,0x82,0x10,0x82,0x10,0x82,0x10,0x82,0x10,0x82,0x10,0x82,0x10,0x82,0x10,0x82,0x10,0x82,0x10,0x82,0x10,0x82,0x10,0x82,0x10,0x82,0x10,0x82,0x10,0x82,0x10,0x82,0x10,0x82,0x10,0x82,0x10,0x82,0x10,0x82,0x10,0x82,0x10,0x82,0x10,0x82,0x10,0x82,0x10,0x82,0x10,0x82,0x10,0x82,0x10,0x82,0x10,0x82,0x10,
	0x82,0x10,0x82,0x10,0x82,0x10,0x82,0x10,0x82,0x10,0x82,0x10,0x82,0x10,0x82,0x10,0x82,0x10,0x82,0x10,0x82,0x10,0x82,0x10,0x82,0x10,0x82,0x10,0x82,0x10,0x82,0x10,0x82,0x10,0x82,0x10,0x82,0x10,0x82,0x10,0x82,0x10,0x82,0x10,0x82,0x10,0x82,0x10,0x82,0x10,0x82,0x10,0x82,0x10,0x82,0x10,0x82,0x10,0x82,0x10,0x82,0x10,0x82,0x10,
	0x82,0x10,0x82,0x10,0x82,0x10,0x82,0x10,0x82,0x10,0x82,0x10,0x82,0x10,0x82,0x10,0x82,0x10,0x82,0x10,0x82,0x10,0x82,0x10,0x82,0x10,0x82,0x10,0x82,0x10,0x82,0x10,0x82,0x10,0x82,0x10,0x82,0x10,0x82,0x10,0x82,0x10,0x82,0x10,0x82,0x10,0x82,0x10,0x82,0x10,0x82,0x10,0x82,0x10,0x82,0x10,0x82,0x10,0x82,0x10,0x82,0x10,0x82,0x10,
	0x82,0x10,0x82,0x10,0x82,0x10,0x82,0x10,0x82,0x10,0x82,0x10,0x82,0x10,0x82,0x10,0x82,0x10,0x82,0x10,0x82,0x10,0x82,0x10,0x82,0x10,0x82,0x10,0x82,0x10,0x82,0x10,0x82,0x10,0x82,0x10,0x82,0x10,0x82,0x10,0x82,0x10,0x82,0x10,0x82,0x10,0x82,0x10,0x82,0x10,0x82,0x10,0x82,0x10,0x82,0x10,0x82,0x10,0x82,0x10,0x82,0x10,0x82,0x10,
	0x82,0x10,0x82,0x10,0x82,0x10,0x82,0x10,0x82,0x10,0x82,0x10,0x82,0x10,0x82,0x10,0x82,0x10,0x82,0x10,0x82,0x10,0x82,0x10,0x82,0x10,0x82,0x10,0x82,0x10,0x82,0x10,0x82,0x10,0x82,0x10,0x82,0x10,0x82,0x10,0x82,0x10,0x82,0x10,0x82,0x10,0x82,0x10,0x82,0x10,0x82,0x10,0x82,0x10,0x82,0x10,0x82,0x10,0x82,0x10,0x82,0x10,0x82,0x10,
	0x82,0x10,0x82,0x10,0x82,0x10,0x82,0x10,0x82,0x10,0x82,0x10,0x82,0x10,0x82,0x10,0x82,0x10,0x82,0x10,0x82,0x10,0x82,0x10,0x82,0x10,0x82,0x10,0x82,0x10,0x82,0x10,0x82,0x10,0x82,0x10,0x82,0x10,0x82,0x10,0x82,0x10,0x82,0x10,0x82,0x10,0x82,0x10,0x82,0x10,0x82,0x10,0x82,0x10,0x82,0x10,0x82,0x10,0x82,0x10,0x82,0x10,0x82,0x10,
	0x82,0x10,0x82,0x10,0x82,0x10,0x82,0x10,0x82,0x10,0x82,0x10,0x82,0x10,0x82,0x10,0x82,0x10,0x82,0x10,0x82,0x10,0x82,0x10,0x82,0x10,0x82,0x10,0x82,0x10,0x82,0x10,0x82,0x10,0x82,0x10,0x82,0x10,0x82,0x10,0x82,0x10,0x82,0x10,0x82,0x10,0x82,0x10,0x82,0x10,0x82,0x10,0x82,0x10,0x82,0x10,0x82,0x10,0x82,0x10,0x82,0x10,0x82,0x10,
	0x82,0x10,0x82,0x10,0x82,0x10,0x82,0x10,0x82,0x10,0x82,0x10,0x82,0x10,0x82,0x10,0x82,0x10,0x82,0x10,0x82,0x10,0x82,0x10,0x82,0x10,0x82,0x10,0x82,0x10,0x82,0x10,0x82,0x10,0x82,0x10,0x82,0x10,0x82,0x10,0x82,0x10,0x82,0x10,0x82,0x10,0x82,0x10,0x82,0x10,0x82,0x10,0x82,0x10,0x82,0x10,0x82,0x10,0x82,0x10,0x82,0x10,0x82,0x10,
	0x82,0x10,0x82,0x10,0x82,0x10,0x82,0x10,0x82,0x10,0x82,0x10,0x82,0x10,0x82,0x10,0x82,0x10,0x82,0x10,0x82,0x10,0x82,0x10,0x82,0x10,0x82,0x10,0x82,0x10,0x82,0x10,0x82,0x10,0x82,0x10,0x82,0x10,0x82,0x10,0x82,0x10,0x82,0x10,0x82,0x10,0x82,0x10,0x82,0x10,0x82,0x10,0x82,0x10,0x82,0x10,0x82,0x10,0x82,0x10,0x82,0x10,0x82,0x10,
	0x82,0x10,0x82,0x10,0x82,0x10,0x82,0x10,0x82,0x10,0x82,0x10,0x82,0x10,0x82,0x10,0x82,0x10,0x82,0x10,0x82,0x10,0x82,0x10,0x82,0x10,0x82,0x10,0x82,0x10,0x82,0x10,0x82,0x10,0x82,0x10,0x82,0x10,0x82,0x10,0x82,0x10,0x82,0x10,0x82,0x10,0x82,0x10,0x82,0x10,0x82,0x10,0x82,0x10,0x82,0x10,0x82,0x10,0x82,0x10,0x82,0x10,0x82,0x10,
	0x82,0x10,0x82,0x10,0x82,0x10,0x61,0x08,0x40,0x00,0x00,0x00,0x00,0x00,0x00,0x00,0x00,0x00,0x00,0x00,0x00,0x00,0x00,0x00,0x00,0x00,0x00,0x00,0x00,0x00,0x00,0x00,0x00,0x00,0x00,0x00,0x00,0x00,0x00,0x00,0x41,0x08,0x82,0x10,0x82,0x10,0x82,0x10,0x82,0x10,0x82,0x10,0x82,0x10,0x82,0x10,0x82,0x10,0x82,0x10,0x82,0x10,0x82,0x10,
	0x82,0x10,0x82,0x10,0x82,0x10,0x82,0x10,0x82,0x10,0x82,0x10,0x82,0x10,0x82,0x10,0x82,0x10,0x82,0x10,0x82,0x10,0x82,0x10,0x82,0x10,0x82,0x10,0x82,0x10,0x82,0x10,0x82,0x10,0x82,0x10,0x82,0x10,0x82,0x10,0x82,0x10,0x82,0x10,0x82,0x10,0x82,0x10,0x82,0x10,0x82,0x10,0x82,0x10,0x82,0x10,0x82,0x10,0x82,0x10,0x82,0x10,0x82,0x10,
	0x82,0x10,0x82,0x10,0x82,0x10,0x82,0x10,0x82,0x10,0x82,0x10,0x82,0x10,0x82,0x10,0x82,0x10,0x82,0x10,0x82,0x10,0x82,0x10,0x82,0x10,0x82,0x10,0x82,0x10,0x82,0x10,0x82,0x10,0x82,0x10,0x82,0x10,0x82,0x10,0x82,0x10,0x82,0x10,0x82,0x10,0x82,0x10,0x82,0x10,0x82,0x10,0x82,0x10,0x82,0x10,0x82,0x10,0x82,0x10,0x82,0x10,0x82,0x10,
	0x82,0x10,0x82,0x10,0x82,0x10,0x82,0x10,0x82,0x10,0x82,0x10,0x82,0x10,0x82,0x10,0x82,0x10,0x82,0x10,0x82,0x10,0x82,0x10,0x82,0x10,0x82,0x10,0x82,0x10,0x82,0x10,0x82,0x10,0x82,0x10,0x82,0x10,0x82,0x10,0x82,0x10,0x82,0x10,0x82,0x10,0x82,0x10,0x82,0x10,0x82,0x10,0x82,0x10,0x82,0x10,0x82,0x10,0x82,0x10,0x82,0x10,0x82,0x10,
	0x82,0x10,0x82,0x10,0x82,0x10,0x82,0x10,0x82,0x10,0x82,0x10,0x82,0x10,0x82,0x10,0x82,0x10,0x82,0x10,0x82,0x10,0x82,0x10,0x82,0x10,0x82,0x10,0x82,0x10,0x82,0x10,0x82,0x10,0x82,0x10,0x82,0x10,0x82,0x10,0x82,0x10,0x82,0x10,0x82,0x10,0x82,0x10,0x82,0x10,0x82,0x10,0x82,0x10,0x82,0x10,0x82,0x10,0x82,0x10,0x82,0x10,0x82,0x10,
	0x82,0x10,0x82,0x10,0x82,0x10,0x82,0x10,0x82,0x10,0x82,0x10,0x82,0x10,0x82,0x10,0x82,0x10,0x82,0x10,0x82,0x10,0x82,0x10,0x82,0x10,0x82,0x10,0x82,0x10,0x82,0x10,0x82,0x10,0x82,0x10,0x82,0x10,0x82,0x10,0x82,0x10,0x82,0x10,0x82,0x10,0x82,0x10,0x82,0x10,0x82,0x10,0x82,0x10,0x82,0x10,0x82,0x10,0x82,0x10,0x82,0x10,0x82,0x10,
	0x82,0x10,0x82,0x10,0x82,0x10,0x82,0x10,0x82,0x10,0x82,0x10,0x82,0x10,0x82,0x10,0x82,0x10,0x82,0x10,0x82,0x10,0x82,0x10,0x82,0x10,0x82,0x10,0x82,0x10,0x82,0x10,0x82,0x10,0x82,0x10,0x82,0x10,0x82,0x10,0x82,0x10,0x82,0x10,0x82,0x10,0x82,0x10,0x82,0x10,0x82,0x10,0x82,0x10,0x82,0x10,0x82,0x10,0x82,0x10,0x82,0x10,0x82,0x10,
	0x82,0x10,0x82,0x10,0x82,0x10,0x82,0x10,0x82,0x10,0x82,0x10,0x82,0x10,0x82,0x10,0x82,0x10,0x82,0x10,0x82,0x10,0x82,0x10,0x82,0x10,0x82,0x10,0x82,0x10,0x82,0x10,0x82,0x10,0x82,0x10,0x82,0x10,0x82,0x10,0x82,0x10,0x82,0x10,0x82,0x10,0x82,0x10,0x82,0x10,0x82,0x10,0x82,0x10,0x82,0x10,0x82,0x10,0x82,0x10,0x82,0x10,0x82,0x10,
	0x82,0x10,0x82,0x10,0x82,0x10,0x82,0x10,0x82,0x10,0x82,0x10,0x82,0x10,0x82,0x10,0x82,0x10,0x82,0x10,0x82,0x10,0x82,0x10,0x82,0x10,0x82,0x10,0x82,0x10,0x82,0x10,0x82,0x10,0x82,0x10,0x82,0x10,0x82,0x10,0x82,0x10,0x82,0x10,0x82,0x10,0x82,0x10,0x82,0x10,0x82,0x10,0x82,0x10,0x82,0x10,0x82,0x10,0x82,0x10,0x82,0x10,0x82,0x10,
	0x82,0x10,0x82,0x10,0x82,0x10,0x82,0x10,0x82,0x10,0x82,0x10,0x82,0x10,0x82,0x10,0x82,0x10,0x82,0x10,0x82,0x10,0x82,0x10,0x82,0x10,0x82,0x10,0x82,0x10,0x82,0x10,0x82,0x10,0x82,0x10,0x82,0x10,0x82,0x10,0x82,0x10,0x82,0x10,0x82,0x10,0x82,0x10,0x82,0x10,0x82,0x10,0x82,0x10,0x82,0x10,0x82,0x10,0x82,0x10,0x82,0x10,0x82,0x10,
	0x82,0x10,0x82,0x10,0x82,0x10,0x82,0x10,0x82,0x10,0x82,0x10,0x82,0x10,0x82,0x10,0x82,0x10,0x82,0x10,0x82,0x10,0x82,0x10,0x82,0x10,0x82,0x10,0x82,0x10,0x82,0x10,0x82,0x10,0x82,0x10,0x82,0x10,0x82,0x10,0x82,0x10,0x82,0x10,0x82,0x10,0x82,0x10,0x82,0x10,0x82,0x10,0x82,0x10,0x82,0x10,0x82,0x10,0x82,0x10,0x82,0x10,0x82,0x10,
	0x82,0x10,0x82,0x10,0x82,0x10,0x82,0x10,0x82,0x10,0x41,0x08,0x00,0x00,0x00,0x00,0x00,0x00,0x00,0x00,0x00,0x00,0x00,0x00,0x00,0x00,0x00,0x00,0x00,0x00,0x00,0x00,0x00,0x00,0x00,0x00,0x00,0x00,0x00,0x00,0x00,0x00,0x00,0x00,0x20,0x00,0x41,0x08,0x82,0x10,0x82,0x10,0x82,0x10,0x82,0x10,0x82,0x10,0x82,0x10,0x82,0x10,0x82,0x10,
	0x82,0x10,0x82,0x10,0x82,0x10,0x82,0x10,0x82,0x10,0x82,0x10,0x82,0x10,0x82,0x10,0x82,0x10,0x82,0x10,0x82,0x10,0x82,0x10,0x82,0x10,0x82,0x10,0x82,0x10,0x82,0x10,0x82,0x10,0x82,0x10,0x82,0x10,0x82,0x10,0x82,0x10,0x82,0x10,0x82,0x10,0x82,0x10,0x82,0x10,0x82,0x10,0x82,0x10,0x82,0x10,0x82,0x10,0x82,0x10,0x82,0x10,0x82,0x10,
	0x82,0x10,0x82,0x10,0x82,0x10,0x82,0x10,0x82,0x10,0x82,0x10,0x82,0x10,0x82,0x10,0x82,0x10,0x82,0x10,0x82,0x10,0x82,0x10,0x82,0x10,0x82,0x10,0x82,0x10,0x82,0x10,0x82,0x10,0x82,0x10,0x82,0x10,0x82,0x10,0x82,0x10,0x82,0x10,0x82,0x10,0x82,0x10,0x82,0x10,0x82,0x10,0x82,0x10,0x82,0x10,0x82,0x10,0x82,0x10,0x82,0x10,0x82,0x10,
	0x82,0x10,0x82,0x10,0x82,0x10,0x82,0x10,0x82,0x10,0x82,0x10,0x82,0x10,0x82,0x10,0x82,0x10,0x82,0x10,0x82,0x10,0x82,0x10,0x82,0x10,0x82,0x10,0x82,0x10,0x82,0x10,0x82,0x10,0x82,0x10,0x82,0x10,0x82,0x10,0x82,0x10,0x82,0x10,0x82,0x10,0x82,0x10,0x82,0x10,0x82,0x10,0x82,0x10,0x82,0x10,0x82,0x10,0x82,0x10,0x82,0x10,0x82,0x10,
	0x82,0x10,0x82,0x10,0x82,0x10,0x82,0x10,0x82,0x10,0x82,0x10,0x82,0x10,0x82,0x10,0x82,0x10,0x82,0x10,0x82,0x10,0x82,0x10,0x82,0x10,0x82,0x10,0x82,0x10,0x82,0x10,0x82,0x10,0x82,0x10,0x82,0x10,0x82,0x10,0x82,0x10,0x82,0x10,0x82,0x10,0x82,0x10,0x82,0x10,0x82,0x10,0x82,0x10,0x82,0x10,0x82,0x10,0x82,0x10,0x82,0x10,0x82,0x10,
	0x82,0x10,0x82,0x10,0x82,0x10,0x82,0x10,0x82,0x10,0x82,0x10,0x82,0x10,0x82,0x10,0x82,0x10,0x82,0x10,0x82,0x10,0x82,0x10,0x82,0x10,0x82,0x10,0x82,0x10,0x82,0x10,0x82,0x10,0x82,0x10,0x82,0x10,0x82,0x10,0x82,0x10,0x82,0x10,0x82,0x10,0x82,0x10,0x82,0x10,0x82,0x10,0x82,0x10,0x82,0x10,0x82,0x10,0x82,0x10,0x82,0x10,0x82,0x10,
	0x82,0x10,0x82,0x10,0x82,0x10,0x82,0x10,0x82,0x10,0x82,0x10,0x82,0x10,0x82,0x10,0x82,0x10,0x82,0x10,0x82,0x10,0x82,0x10,0x82,0x10,0x82,0x10,0x82,0x10,0x82,0x10,0x82,0x10,0x82,0x10,0x82,0x10,0x82,0x10,0x82,0x10,0x82,0x10,0x82,0x10,0x82,0x10,0x82,0x10,0x82,0x10,0x82,0x10,0x82,0x10,0x82,0x10,0x82,0x10,0x82,0x10,0x82,0x10,
	0x82,0x10,0x82,0x10,0x82,0x10,0x82,0x10,0x82,0x10,0x82,0x10,0x82,0x10,0x82,0x10,0x82,0x10,0x82,0x10,0x82,0x10,0x82,0x10,0x82,0x10,0x82,0x10,0x82,0x10,0x82,0x10,0x82,0x10,0x82,0x10,0x82,0x10,0x82,0x10,0x82,0x10,0x82,0x10,0x82,0x10,0x82,0x10,0x82,0x10,0x82,0x10,0x82,0x10,0x82,0x10,0x82,0x10,0x82,0x10,0x82,0x10,0x82,0x10,
	0x82,0x10,0x82,0x10,0x82,0x10,0x82,0x10,0x82,0x10,0x82,0x10,0x82,0x10,0x82,0x10,0x82,0x10,0x82,0x10,0x82,0x10,0x82,0x10,0x82,0x10,0x82,0x10,0x82,0x10,0x82,0x10,0x82,0x10,0x82,0x10,0x82,0x10,0x82,0x10,0x82,0x10,0x82,0x10,0x82,0x10,0x82,0x10,0x82,0x10,0x82,0x10,0x82,0x10,0x82,0x10,0x82,0x10,0x82,0x10,0x82,0x10,0x82,0x10,
	0x82,0x10,0x82,0x10,0x82,0x10,0x82,0x10,0x82,0x10,0x82,0x10,0x82,0x10,0x82,0x10,0x82,0x10,0x82,0x10,0x82,0x10,0x82,0x10,0x82,0x10,0x82,0x10,0x82,0x10,0x82,0x10,0x82,0x10,0x82,0x10,0x82,0x10,0x82,0x10,0x82,0x10,0x82,0x10,0x82,0x10,0x82,0x10,0x82,0x10,0x82,0x10,0x82,0x10,0x82,0x10,0x82,0x10,0x82,0x10,0x82,0x10,0x82,0x10,
	0x82,0x10,0x82,0x10,0x82,0x10,0x82,0x10,0x82,0x10,0x82,0x10,0x82,0x10,0x82,0x10,0x82,0x10,0x82,0x10,0x82,0x10,0x82,0x10,0x82,0x10,0x82,0x10,0x82,0x10,0x82,0x10,0x82,0x10,0x82,0x10,0x82,0x10,0x82,0x10,0x82,0x10,0x82,0x10,0x82,0x10,0x82,0x10,0x82,0x10,0x82,0x10,0x82,0x10,0x82,0x10,0x82,0x10,0x82,0x10,0x82,0x10,0x82,0x10,
	0x82,0x10,0x82,0x10,0x82,0x10,0x82,0x10,0x82,0x10,0x82,0x10,0x41,0x08,0x20,0x00,0x00,0x00,0x00,0x00,0x00,0x00,0x00,0x00,0x00,0x00,0x00,0x00,0x00,0x00,0x00,0x00,0x00,0x00,0x00,0x00,0x00,0x00,0x00,0x00,0x00,0x00,0x00,0x00,0x00,0x00,0x00,0x00,0x00,0x00,0x20,0x00,0x61,0x08,0x81,0x08,0x82,0x10,0x82,0x10,0x82,0x10,0x82,0x10,
	0x82,0x10,0x82,0x10,0x82,0x10,0x82,0x10,0x82,0x10,0x82,0x10,0x82,0x10,0x82,0x10,0x82,0x10,0x82,0x10,0x82,0x10,0x82,0x10,0x82,0x10,0x82,0x10,0x82,0x10,0x82,0x10,0x82,0x10,0x82,0x10,0x82,0x10,0x82,0x10,0x82,0x10,0x82,0x10,0x82,0x10,0x82,0x10,0x82,0x10,0x82,0x10,0x82,0x10,0x82,0x10,0x82,0x10,0x82,0x10,0x82,0x10,0x82,0x10,
	0x82,0x10,0x82,0x10,0x82,0x10,0x82,0x10,0x82,0x10,0x82,0x10,0x82,0x10,0x82,0x10,0x82,0x10,0x82,0x10,0x82,0x10,0x82,0x10,0x82,0x10,0x82,0x10,0x82,0x10,0x82,0x10,0x82,0x10,0x82,0x10,0x82,0x10,0x82,0x10,0x82,0x10,0x82,0x10,0x82,0x10,0x82,0x10,0x82,0x10,0x82,0x10,0x82,0x10,0x82,0x10,0x82,0x10,0x82,0x10,0x82,0x10,0x82,0x10,
	0x82,0x10,0x82,0x10,0x82,0x10,0x82,0x10,0x82,0x10,0x82,0x10,0x82,0x10,0x82,0x10,0x82,0x10,0x82,0x10,0x82,0x10,0x82,0x10,0x82,0x10,0x82,0x10,0x82,0x10,0x82,0x10,0x82,0x10,0x82,0x10,0x82,0x10,0x82,0x10,0x82,0x10,0x82,0x10,0x82,0x10,0x82,0x10,0x82,0x10,0x82,0x10,0x82,0x10,0x82,0x10,0x82,0x10,0x82,0x10,0x82,0x10,0x82,0x10,
	0x82,0x10,0x82,0x10,0x82,0x10,0x82,0x10,0x82,0x10,0x82,0x10,0x82,0x10,0x82,0x10,0x82,0x10,0x82,0x10,0x82,0x10,0x82,0x10,0x82,0x10,0x82,0x10,0x82,0x10,0x82,0x10,0x82,0x10,0x82,0x10,0x82,0x10,0x82,0x10,0x82,0x10,0x82,0x10,0x82,0x10,0x82,0x10,0x82,0x10,0x82,0x10,0x82,0x10,0x82,0x10,0x82,0x10,0x82,0x10,0x82,0x10,0x82,0x10,
	0x82,0x10,0x82,0x10,0x82,0x10,0x82,0x10,0x82,0x10,0x82,0x10,0x82,0x10,0x82,0x10,0x82,0x10,0x82,0x10,0x82,0x10,0x82,0x10,0x82,0x10,0x82,0x10,0x82,0x10,0x82,0x10,0x82,0x10,0x82,0x10,0x82,0x10,0x82,0x10,0x82,0x10,0x82,0x10,0x82,0x10,0x82,0x10,0x82,0x10,0x82,0x10,0x82,0x10,0x82,0x10,0x82,0x10,0x82,0x10,0x82,0x10,0x82,0x10,
	0x82,0x10,0x82,0x10,0x82,0x10,0x82,0x10,0x82,0x10,0x82,0x10,0x82,0x10,0x82,0x10,0x82,0x10,0x82,0x10,0x82,0x10,0x82,0x10,0x82,0x10,0x82,0x10,0x82,0x10,0x82,0x10,0x82,0x10,0x82,0x10,0x82,0x10,0x82,0x10,0x82,0x10,0x82,0x10,0x82,0x10,0x82,0x10,0x82,0x10,0x82,0x10,0x82,0x10,0x82,0x10,0x82,0x10,0x82,0x10,0x82,0x10,0x82,0x10,
	0x82,0x10,0x82,0x10,0x82,0x10,0x82,0x10,0x82,0x10,0x82,0x10,0x82,0x10,0x82,0x10,0x82,0x10,0x82,0x10,0x82,0x10,0x82,0x10,0x82,0x10,0x82,0x10,0x82,0x10,0x82,0x10,0x82,0x10,0x82,0x10,0x82,0x10,0x82,0x10,0x82,0x10,0x82,0x10,0x82,0x10,0x82,0x10,0x82,0x10,0x82,0x10,0x82,0x10,0x82,0x10,0x82,0x10,0x82,0x10,0x82,0x10,0x82,0x10,
	0x82,0x10,0x82,0x10,0x82,0x10,0x82,0x10,0x82,0x10,0x82,0x10,0x82,0x10,0x82,0x10,0x82,0x10,0x82,0x10,0x82,0x10,0x82,0x10,0x82,0x10,0x82,0x10,0x82,0x10,0x82,0x10,0x82,0x10,0x82,0x10,0x82,0x10,0x82,0x10,0x82,0x10,0x82,0x10,0x82,0x10,0x82,0x10,0x82,0x10,0x82,0x10,0x82,0x10,0x82,0x10,0x82,0x10,0x82,0x10,0x82,0x10,0x82,0x10,
	0x82,0x10,0x82,0x10,0x82,0x10,0x82,0x10,0x82,0x10,0x82,0x10,0x82,0x10,0x82,0x10,0x82,0x10,0x82,0x10,0x82,0x10,0x82,0x10,0x82,0x10,0x82,0x10,0x82,0x10,0x82,0x10,0x82,0x10,0x82,0x10,0x82,0x10,0x82,0x10,0x82,0x10,0x82,0x10,0x82,0x10,0x82,0x10,0x82,0x10,0x82,0x10,0x82,0x10,0x82,0x10,0x82,0x10,0x82,0x10,0x82,0x10,0x82,0x10,
	0x82,0x10,0x82,0x10,0x82,0x10,0x82,0x10,0x82,0x10,0x82,0x10,0x82,0x10,0x82,0x10,0x82,0x10,0x82,0x10,0x82,0x10,0x82,0x10,0x82,0x10,0x82,0x10,0x82,0x10,0x82,0x10,0x82,0x10,0x82,0x10,0x82,0x10,0x82,0x10,0x82,0x10,0x82,0x10,0x82,0x10,0x82,0x10,0x82,0x10,0x82,0x10,0x82,0x10,0x82,0x10,0x82,0x10,0x82,0x10,0x82,0x10,0x82,0x10,
	0x82,0x10,0x82,0x10,0x82,0x10,0x82,0x10,0x82,0x10,0x82,0x10,0x81,0x08,0x61,0x08,0x20,0x00,0x00,0x00,0x00,0x00,0x00,0x00,0x00,0x00,0x00,0x00,0x00,0x00,0x00,0x00,0x00,0x00,0x00,0x00,0x00,0x00,0x00,0x00,0x00,0x00,0x00,0x00,0x00,0x00,0x00,0x00,0x00,0x00,0x00,0x00,0x00,0x00,0x00,0x00,0x20,0x00,0x41,0x08,0x81,0x08,0x82,0x10,
	0x82,0x10,0x82,0x10,0x82,0x10,0x82,0x10,0x82,0x10,0x82,0x10,0x82,0x10,0x82,0x10,0x82,0x10,0x82,0x10,0x82,0x10,0x82,0x10,0x82,0x10,0x82,0x10,0x82,0x10,0x82,0x10,0x82,0x10,0x82,0x10,0x82,0x10,0x82,0x10,0x82,0x10,0x82,0x10,0x82,0x10,0x82,0x10,0x82,0x10,0x82,0x10,0x82,0x10,0x82,0x10,0x82,0x10,0x82,0x10,0x82,0x10,0x82,0x10,
	0x82,0x10,0x82,0x10,0x82,0x10,0x82,0x10,0x82,0x10,0x82,0x10,0x82,0x10,0x82,0x10,0x82,0x10,0x82,0x10,0x82,0x10,0x82,0x10,0x82,0x10,0x82,0x10,0x82,0x10,0x82,0x10,0x82,0x10,0x82,0x10,0x82,0x10,0x82,0x10,0x82,0x10,0x82,0x10,0x82,0x10,0x82,0x10,0x82,0x10,0x82,0x10,0x82,0x10,0x82,0x10,0x82,0x10,0x82,0x10,0x82,0x10,0x82,0x10,
	0x82,0x10,0x82,0x10,0x82,0x10,0x82,0x10,0x82,0x10,0x82,0x10,0x82,0x10,0x82,0x10,0x82,0x10,0x82,0x10,0x82,0x10,0x82,0x10,0x82,0x10,0x82,0x10,0x82,0x10,0x82,0x10,0x82,0x10,0x82,0x10,0x82,0x10,0x82,0x10,0x82,0x10,0x82,0x10,0x82,0x10,0x82,0x10,0x82,0x10,0x82,0x10,0x82,0x10,0x82,0x10,0x82,0x10,0x82,0x10,0x82,0x10,0x82,0x10,
	0x82,0x10,0x82,0x10,0x82,0x10,0x82,0x10,0x82,0x10,0x82,0x10,0x82,0x10,0x82,0x10,0x82,0x10,0x82,0x10,0x82,0x10,0x82,0x10,0x82,0x10,0x82,0x10,0x82,0x10,0x82,0x10,0x82,0x10,0x82,0x10,0x82,0x10,0x82,0x10,0x82,0x10,0x82,0x10,0x82,0x10,0x82,0x10,0x82,0x10,0x82,0x10,0x82,0x10,0x82,0x10,0x82,0x10,0x82,0x10,0x82,0x10,0x82,0x10,
	0x82,0x10,0x82,0x10,0x82,0x10,0x82,0x10,0x82,0x10,0x82,0x10,0x82,0x10,0x82,0x10,0x82,0x10,0x82,0x10,0x82,0x10,0x82,0x10,0x82,0x10,0x82,0x10,0x82,0x10,0x82,0x10,0x82,0x10,0x82,0x10,0x82,0x10,0x82,0x10,0x82,0x10,0x82,0x10,0x82,0x10,0x82,0x10,0x82,0x10,0x82,0x10,0x82,0x10,0x82,0x10,0x82,0x10,0x82,0x10,0x82,0x10,0x82,0x10,
	0x82,0x10,0x82,0x10,0x82,0x10,0x82,0x10,0x82,0x10,0x82,0x10,0x82,0x10,0x82,0x10,0x82,0x10,0x82,0x10,0x82,0x10,0x82,0x10,0x82,0x10,0x82,0x10,0x82,0x10,0x82,0x10,0x82,0x10,0x82,0x10,0x82,0x10,0x82,0x10,0x82,0x10,0x82,0x10,0x82,0x10,0x82,0x10,0x82,0x10,0x82,0x10,0x82,0x10,0x82,0x10,0x82,0x10,0x82,0x10,0x82,0x10,0x82,0x10,
	0x82,0x10,0x82,0x10,0x82,0x10,0x82,0x10,0x82,0x10,0x82,0x10,0x82,0x10,0x82,0x10,0x82,0x10,0x82,0x10,0x82,0x10,0x82,0x10,0x82,0x10,0x82,0x10,0x82,0x10,0x82,0x10,0x82,0x10,0x82,0x10,0x82,0x10,0x82,0x10,0x82,0x10,0x82,0x10,0x82,0x10,0x82,0x10,0x82,0x10,0x82,0x10,0x82,0x10,0x82,0x10,0x82,0x10,0x82,0x10,0x82,0x10,0x82,0x10,
	0x82,0x10,0x82,0x10,0x82,0x10,0x82,0x10,0x82,0x10,0x82,0x10,0x82,0x10,0x82,0x10,0x82,0x10,0x82,0x10,0x82,0x10,0x82,0x10,0x82,0x10,0x82,0x10,0x82,0x10,0x82,0x10,0x82,0x10,0x82,0x10,0x82,0x10,0x82,0x10,0x82,0x10,0x82,0x10,0x82,0x10,0x82,0x10,0x82,0x10,0x82,0x10,0x82,0x10,0x82,0x10,0x82,0x10,0x82,0x10,0x82,0x10,0x82,0x10,
	0x82,0x10,0x82,0x10,0x82,0x10,0x82,0x10,0x82,0x10,0x82,0x10,0x82,0x10,0x82,0x10,0x82,0x10,0x82,0x10,0x82,0x10,0x82,0x10,0x82,0x10,0x82,0x10,0x82,0x10,0x82,0x10,0x82,0x10,0x82,0x10,0x82,0x10,0x82,0x10,0x82,0x10,0x82,0x10,0x82,0x10,0x82,0x10,0x82,0x10,0x82,0x10,0x82,0x10,0x82,0x10,0x82,0x10,0x82,0x10,0x82,0x10,0x82,0x10,
	0x82,0x10,0x82,0x10,0x82,0x10,0x82,0x10,0x82,0x10,0x82,0x10,0x82,0x10,0x82,0x10,0x82,0x10,0x82,0x10,0x82,0x10,0x82,0x10,0x82,0x10,0x82,0x10,0x82,0x10,0x82,0x10,0x82,0x10,0x82,0x10,0x82,0x10,0x82,0x10,0x82,0x10,0x82,0x10,0x82,0x10,0x82,0x10,0x82,0x10,0x82,0x10,0x82,0x10,0x82,0x10,0x82,0x10,0x82,0x10,0x82,0x10,0x82,0x10,
	0x82,0x10,0x82,0x10,0x82,0x10,0x82,0x10,0x82,0x10,0x82,0x10,0x82,0x10,0x81,0x08,0x41,0x08,0x20,0x00,0x00,0x00,0x00,0x00,0x00,0x00,0x00,0x00,0x00,0x00,0x00,0x00,0x00,0x00,0x00,0x00,0x00,0x00,0x00,0x00,0x00,0x00,0x00,0x00,0x00,0x00,0x00,0x00,0x00,0x00,0x00,0x00,0x00,0x00,0x00,0x00,0x00,0x00,0x00,0x00,0x00,0x00,0x00,0x00,
	0x40,0x00,0x81,0x08,0x82,0x10,0x82,0x10,0x82,0x10,0x82,0x10,0x82,0x10,0x82,0x10,0x82,0x10,0x82,0x10,0x82,0x10,0x82,0x10,0x82,0x10,0x82,0x10,0x82,0x10,0x82,0x10,0x82,0x10,0x82,0x10,0x82,0x10,0x82,0x10,0x82,0x10,0x82,0x10,0x82,0x10,0x82,0x10,0x82,0x10,0x82,0x10,0x82,0x10,0x82,0x10,0x82,0x10,0x82,0x10,0x82,0x10,0x82,0x10,
	0x82,0x10,0x82,0x10,0x82,0x10,0x82,0x10,0x82,0x10,0x82,0x10,0x82,0x10,0x82,0x10,0x82,0x10,0x82,0x10,0x82,0x10,0x82,0x10,0x82,0x10,0x82,0x10,0x82,0x10,0x82,0x10,0x82,0x10,0x82,0x10,0x82,0x10,0x82,0x10,0x82,0x10,0x82,0x10,0x82,0x10,0x82,0x10,0x82,0x10,0x82,0x10,0x82,0x10,0x82,0x10,0x82,0x10,0x82,0x10,0x82,0x10,0x82,0x10,
	0x82,0x10,0x82,0x10,0x82,0x10,0x82,0x10,0x82,0x10,0x82,0x10,0x82,0x10,0x82,0x10,0x82,0x10,0x82,0x10,0x82,0x10,0x82,0x10,0x82,0x10,0x82,0x10,0x82,0x10,0x82,0x10,0x82,0x10,0x82,0x10,0x82,0x10,0x82,0x10,0x82,0x10,0x82,0x10,0x82,0x10,0x82,0x10,0x82,0x10,0x82,0x10,0x82,0x10,0x82,0x10,0x82,0x10,0x82,0x10,0x82,0x10,0x82,0x10,
	0x82,0x10,0x82,0x10,0x82,0x10,0x82,0x10,0x82,0x10,0x82,0x10,0x82,0x10,0x82,0x10,0x82,0x10,0x82,0x10,0x82,0x10,0x82,0x10,0x82,0x10,0x82,0x10,0x82,0x10,0x82,0x10,0x82,0x10,0x82,0x10,0x82,0x10,0x82,0x10,0x82,0x10,0x82,0x10,0x82,0x10,0x82,0x10,0x82,0x10,0x82,0x10,0x82,0x10,0x82,0x10,0x82,0x10,0x82,0x10,0x82,0x10,0x82,0x10,
	0x82,0x10,0x82,0x10,0x82,0x10,0x82,0x10,0x82,0x10,0x82,0x10,0x82,0x10,0x82,0x10,0x82,0x10,0x82,0x10,0x82,0x10,0x82,0x10,0x82,0x10,0x82,0x10,0x82,0x10,0x82,0x10,0x82,0x10,0x82,0x10,0x82,0x10,0x82,0x10,0x82,0x10,0x82,0x10,0x82,0x10,0x82,0x10,0x82,0x10,0x82,0x10,0x82,0x10,0x82,0x10,0x82,0x10,0x82,0x10,0x82,0x10,0x82,0x10,
	0x82,0x10,0x82,0x10,0x82,0x10,0x82,0x10,0x82,0x10,0x82,0x10,0x82,0x10,0x82,0x10,0x82,0x10,0x82,0x10,0x82,0x10,0x82,0x10,0x82,0x10,0x82,0x10,0x82,0x10,0x82,0x10,0x82,0x10,0x82,0x10,0x82,0x10,0x82,0x10,0x82,0x10,0x82,0x10,0x82,0x10,0x82,0x10,0x82,0x10,0x82,0x10,0x82,0x10,0x82,0x10,0x82,0x10,0x82,0x10,0x82,0x10,0x82,0x10,
	0x82,0x10,0x82,0x10,0x82,0x10,0x82,0x10,0x82,0x10,0x82,0x10,0x82,0x10,0x82,0x10,0x82,0x10,0x82,0x10,0x82,0x10,0x82,0x10,0x82,0x10,0x82,0x10,0x82,0x10,0x82,0x10,0x82,0x10,0x82,0x10,0x82,0x10,0x82,0x10,0x82,0x10,0x82,0x10,0x82,0x10,0x82,0x10,0x82,0x10,0x82,0x10,0x82,0x10,0x82,0x10,0x82,0x10,0x82,0x10,0x82,0x10,0x82,0x10,
	0x82,0x10,0x82,0x10,0x82,0x10,0x82,0x10,0x82,0x10,0x82,0x10,0x82,0x10,0x82,0x10,0x82,0x10,0x82,0x10,0x82,0x10,0x82,0x10,0x82,0x10,0x82,0x10,0x82,0x10,0x82,0x10,0x82,0x10,0x82,0x10,0x82,0x10,0x82,0x10,0x82,0x10,0x82,0x10,0x82,0x10,0x82,0x10,0x82,0x10,0x82,0x10,0x82,0x10,0x82,0x10,0x82,0x10,0x82,0x10,0x82,0x10,0x82,0x10,
	0x82,0x10,0x82,0x10,0x82,0x10,0x82,0x10,0x82,0x10,0x82,0x10,0x82,0x10,0x82,0x10,0x82,0x10,0x82,0x10,0x82,0x10,0x82,0x10,0x82,0x10,0x82,0x10,0x82,0x10,0x82,0x10,0x82,0x10,0x82,0x10,0x82,0x10,0x82,0x10,0x82,0x10,0x82,0x10,0x82,0x10,0x82,0x10,0x82,0x10,0x82,0x10,0x82,0x10,0x82,0x10,0x82,0x10,0x82,0x10,0x82,0x10,0x82,0x10,
	0x82,0x10,0x82,0x10,0x82,0x10,0x82,0x10,0x82,0x10,0x82,0x10,0x82,0x10,0x82,0x10,0x82,0x10,0x82,0x10,0x82,0x10,0x82,0x10,0x82,0x10,0x82,0x10,0x82,0x10,0x82,0x10,0x82,0x10,0x82,0x10,0x82,0x10,0x82,0x10,0x82,0x10,0x82,0x10,0x82,0x10,0x82,0x10,0x82,0x10,0x82,0x10,0x82,0x10,0x82,0x10,0x82,0x10,0x82,0x10,0x82,0x10,0x82,0x10,
	0x82,0x10,0x82,0x10,0x82,0x10,0x82,0x10,0x82,0x10,0x82,0x10,0x82,0x10,0x82,0x10,0x81,0x08,0x40,0x00,0x00,0x00,0x00,0x00,0x00,0x00,0x00,0x00,0x00,0x00,0x00,0x00,0x00,0x00,0x00,0x00,0x00,0x00,0x00,0x00,0x00,0x00,0x00,0x00,0x00,0x00,0x00,0x00,0x00,0x00,0x00,0x00,0x00,0x00,0x00,0x00,0x00,0x00,0x00,0x00,0x00,0x00,0x00,0x00,
	0x00,0x00,0x00,0x00,0x00,0x00,0x40,0x00,0x61,0x08,0x61,0x08,0x82,0x10,0x82,0x10,0x82,0x10,0x82,0x10,0x82,0x10,0x82,0x10,0x82,0x10,0x82,0x10,0x82,0x10,0x82,0x10,0x82,0x10,0x82,0x10,0x82,0x10,0x82,0x10,0x82,0x10,0x82,0x10,0x82,0x10,0x82,0x10,0x82,0x10,0x82,0x10,0x82,0x10,0x82,0x10,0x82,0x10,0x82,0x10,0x82,0x10,0x82,0x10,
	0x82,0x10,0x82,0x10,0x82,0x10,0x82,0x10,0x82,0x10,0x82,0x10,0x82,0x10,0x82,0x10,0x82,0x10,0x82,0x10,0x82,0x10,0x82,0x10,0x82,0x10,0x82,0x10,0x82,0x10,0x82,0x10,0x82,0x10,0x82,0x10,0x82,0x10,0x82,0x10,0x82,0x10,0x82,0x10,0x82,0x10,0x82,0x10,0x82,0x10,0x82,0x10,0x82,0x10,0x82,0x10,0x82,0x10,0x82,0x10,0x82,0x10,0x82,0x10,
	0x82,0x10,0x82,0x10,0x82,0x10,0x82,0x10,0x82,0x10,0x82,0x10,0x82,0x10,0x82,0x10,0x82,0x10,0x82,0x10,0x82,0x10,0x82,0x10,0x82,0x10,0x82,0x10,0x82,0x10,0x82,0x10,0x82,0x10,0x82,0x10,0x82,0x10,0x82,0x10,0x82,0x10,0x82,0x10,0x82,0x10,0x82,0x10,0x82,0x10,0x82,0x10,0x82,0x10,0x82,0x10,0x82,0x10,0x82,0x10,0x82,0x10,0x82,0x10,
	0x82,0x10,0x82,0x10,0x82,0x10,0x82,0x10,0x82,0x10,0x82,0x10,0x82,0x10,0x82,0x10,0x82,0x10,0x82,0x10,0x82,0x10,0x82,0x10,0x82,0x10,0x82,0x10,0x82,0x10,0x82,0x10,0x82,0x10,0x82,0x10,0x82,0x10,0x82,0x10,0x82,0x10,0x82,0x10,0x82,0x10,0x82,0x10,0x82,0x10,0x82,0x10,0x82,0x10,0x82,0x10,0x82,0x10,0x82,0x10,0x82,0x10,0x82,0x10,
	0x82,0x10,0x82,0x10,0x82,0x10,0x82,0x10,0x82,0x10,0x82,0x10,0x82,0x10,0x82,0x10,0x82,0x10,0x82,0x10,0x82,0x10,0x82,0x10,0x82,0x10,0x82,0x10,0x82,0x10,0x82,0x10,0x82,0x10,0x82,0x10,0x82,0x10,0x82,0x10,0x82,0x10,0x82,0x10,0x82,0x10,0x82,0x10,0x82,0x10,0x82,0x10,0x82,0x10,0x82,0x10,0x82,0x10,0x82,0x10,0x82,0x10,0x82,0x10,
	0x82,0x10,0x82,0x10,0x82,0x10,0x82,0x10,0x82,0x10,0x82,0x10,0x82,0x10,0x82,0x10,0x82,0x10,0x82,0x10,0x82,0x10,0x82,0x10,0x82,0x10,0x82,0x10,0x82,0x10,0x82,0x10,0x82,0x10,0x82,0x10,0x82,0x10,0x82,0x10,0x82,0x10,0x82,0x10,0x82,0x10,0x82,0x10,0x82,0x10,0x82,0x10,0x82,0x10,0x82,0x10,0x82,0x10,0x82,0x10,0x82,0x10,0x82,0x10,
	0x82,0x10,0x82,0x10,0x82,0x10,0x82,0x10,0x82,0x10,0x82,0x10,0x82,0x10,0x82,0x10,0x82,0x10,0x82,0x10,0x82,0x10,0x82,0x10,0x82,0x10,0x82,0x10,0x82,0x10,0x82,0x10,0x82,0x10,0x82,0x10,0x82,0x10,0x82,0x10,0x82,0x10,0x82,0x10,0x82,0x10,0x82,0x10,0x82,0x10,0x82,0x10,0x82,0x10,0x82,0x10,0x82,0x10,0x82,0x10,0x82,0x10,0x82,0x10,
	0x82,0x10,0x82,0x10,0x82,0x10,0x82,0x10,0x82,0x10,0x82,0x10,0x82,0x10,0x82,0x10,0x82,0x10,0x82,0x10,0x82,0x10,0x82,0x10,0x82,0x10,0x82,0x10,0x82,0x10,0x82,0x10,0x82,0x10,0x82,0x10,0x82,0x10,0x82,0x10,0x82,0x10,0x82,0x10,0x82,0x10,0x82,0x10,0x82,0x10,0x82,0x10,0x82,0x10,0x82,0x10,0x82,0x10,0x82,0x10,0x82,0x10,0x82,0x10,
	0x82,0x10,0x82,0x10,0x82,0x10,0x82,0x10,0x82,0x10,0x82,0x10,0x82,0x10,0x82,0x10,0x82,0x10,0x82,0x10,0x82,0x10,0x82,0x10,0x82,0x10,0x82,0x10,0x82,0x10,0x82,0x10,0x82,0x10,0x82,0x10,0x82,0x10,0x82,0x10,0x82,0x10,0x82,0x10,0x82,0x10,0x82,0x10,0x82,0x10,0x82,0x10,0x82,0x10,0x82,0x10,0x82,0x10,0x82,0x10,0x82,0x10,0x82,0x10,
	0x82,0x10,0x82,0x10,0x82,0x10,0x82,0x10,0x82,0x10,0x82,0x10,0x82,0x10,0x82,0x10,0x82,0x10,0x82,0x10,0x82,0x10,0x82,0x10,0x82,0x10,0x82,0x10,0x82,0x10,0x82,0x10,0x82,0x10,0x82,0x10,0x82,0x10,0x82,0x10,0x82,0x10,0x82,0x10,0x82,0x10,0x82,0x10,0x82,0x10,0x82,0x10,0x82,0x10,0x82,0x10,0x82,0x10,0x82,0x10,0x82,0x10,0x82,0x10,
	0x82,0x10,0x82,0x10,0x82,0x10,0x82,0x10,0x82,0x10,0x82,0x10,0x82,0x10,0x82,0x10,0x61,0x08,0x61,0x08,0x40,0x00,0x00,0x00,0x00,0x00,0x00,0x00,0x00,0x00,0x00,0x00,0x00,0x00,0x00,0x00,0x00,0x00,0x00,0x00,0x00,0x00,0x00,0x00,0x00,0x00,0x00,0x00,0x00,0x00,0x00,0x00,0x00,0x00,0x00,0x00,0x00,0x00,0x00,0x00,0x00,0x00,0x00,0x00,
	0x00,0x00,0x00,0x00,0x00,0x00,0x00,0x00,0x00,0x00,0x00,0x00,0x20,0x00,0x40,0x00,0x61,0x08,0x82,0x10,0x82,0x10,0x82,0x10,0x82,0x10,0x82,0x10,0x82,0x10,0x82,0x10,0x82,0x10,0x82,0x10,0x82,0x10,0x82,0x10,0x82,0x10,0x82,0x10,0x82,0x10,0x82,0x10,0x82,0x10,0x82,0x10,0x82,0x10,0x82,0x10,0x82,0x10,0x82,0x10,0x82,0x10,0x82,0x10,
	0x82,0x10,0x82,0x10,0x82,0x10,0x82,0x10,0x82,0x10,0x82,0x10,0x82,0x10,0x82,0x10,0x82,0x10,0x82,0x10,0x82,0x10,0x82,0x10,0x82,0x10,0x82,0x10,0x82,0x10,0x82,0x10,0x82,0x10,0x82,0x10,0x82,0x10,0x82,0x10,0x82,0x10,0x82,0x10,0x82,0x10,0x82,0x10,0x82,0x10,0x82,0x10,0x82,0x10,0x82,0x10,0x82,0x10,0x82,0x10,0x82,0x10,0x82,0x10,
	0x82,0x10,0x82,0x10,0x82,0x10,0x82,0x10,0x82,0x10,0x82,0x10,0x82,0x10,0x82,0x10,0x82,0x10,0x82,0x10,0x82,0x10,0x82,0x10,0x82,0x10,0x82,0x10,0x82,0x10,0x82,0x10,0x82,0x10,0x82,0x10,0x82,0x10,0x82,0x10,0x82,0x10,0x82,0x10,0x82,0x10,0x82,0x10,0x82,0x10,0x82,0x10,0x82,0x10,0x82,0x10,0x82,0x10,0x82,0x10,0x82,0x10,0x82,0x10,
	0x82,0x10,0x82,0x10,0x82,0x10,0x82,0x10,0x82,0x10,0x82,0x10,0x82,0x10,0x82,0x10,0x82,0x10,0x82,0x10,0x82,0x10,0x82,0x10,0x82,0x10,0x82,0x10,0x82,0x10,0x82,0x10,0x82,0x10,0x82,0x10,0x82,0x10,0x82,0x10,0x82,0x10,0x82,0x10,0x82,0x10,0x82,0x10,0x82,0x10,0x82,0x10,0x82,0x10,0x82,0x10,0x82,0x10,0x82,0x10,0x82,0x10,0x82,0x10,
	0x82,0x10,0x82,0x10,0x82,0x10,0x82,0x10,0x82,0x10,0x82,0x10,0x82,0x10,0x82,0x10,0x82,0x10,0x82,0x10,0x82,0x10,0x82,0x10,0x82,0x10,0x82,0x10,0x82,0x10,0x82,0x10,0x82,0x10,0x82,0x10,0x82,0x10,0x82,0x10,0x82,0x10,0x82,0x10,0x82,0x10,0x82,0x10,0x82,0x10,0x82,0x10,0x82,0x10,0x82,0x10,0x82,0x10,0x82,0x10,0x82,0x10,0x82,0x10,
	0x82,0x10,0x82,0x10,0x82,0x10,0x82,0x10,0x82,0x10,0x82,0x10,0x82,0x10,0x82,0x10,0x82,0x10,0x82,0x10,0x82,0x10,0x82,0x10,0x82,0x10,0x82,0x10,0x82,0x10,0x82,0x10,0x82,0x10,0x82,0x10,0x82,0x10,0x82,0x10,0x82,0x10,0x82,0x10,0x82,0x10,0x82,0x10,0x82,0x10,0x82,0x10,0x82,0x10,0x82,0x10,0x82,0x10,0x82,0x10,0x82,0x10,0x82,0x10,
	0x82,0x10,0x82,0x10,0x82,0x10,0x82,0x10,0x82,0x10,0x82,0x10,0x82,0x10,0x82,0x10,0x82,0x10,0x82,0x10,0x82,0x10,0x82,0x10,0x82,0x10,0x82,0x10,0x82,0x10,0x82,0x10,0x82,0x10,0x82,0x10,0x82,0x10,0x82,0x10,0x82,0x10,0x82,0x10,0x82,0x10,0x82,0x10,0x82,0x10,0x82,0x10,0x82,0x10,0x82,0x10,0x82,0x10,0x82,0x10,0x82,0x10,0x82,0x10,
	0x82,0x10,0x82,0x10,0x82,0x10,0x82,0x10,0x82,0x10,0x82,0x10,0x82,0x10,0x82,0x10,0x82,0x10,0x82,0x10,0x82,0x10,0x82,0x10,0x82,0x10,0x82,0x10,0x82,0x10,0x82,0x10,0x82,0x10,0x82,0x10,0x82,0x10,0x82,0x10,0x82,0x10,0x82,0x10,0x82,0x10,0x82,0x10,0x82,0x10,0x82,0x10,0x82,0x10,0x82,0x10,0x82,0x10,0x82,0x10,0x82,0x10,0x82,0x10,
	0x82,0x10,0x82,0x10,0x82,0x10,0x82,0x10,0x82,0x10,0x82,0x10,0x82,0x10,0x82,0x10,0x82,0x10,0x82,0x10,0x82,0x10,0x82,0x10,0x82,0x10,0x82,0x10,0x82,0x10,0x82,0x10,0x82,0x10,0x82,0x10,0x82,0x10,0x82,0x10,0x82,0x10,0x82,0x10,0x82,0x10,0x82,0x10,0x82,0x10,0x82,0x10,0x82,0x10,0x82,0x10,0x82,0x10,0x82,0x10,0x82,0x10,0x82,0x10,
	0x82,0x10,0x82,0x10,0x82,0x10,0x82,0x10,0x82,0x10,0x82,0x10,0x82,0x10,0x82,0x10,0x82,0x10,0x82,0x10,0x82,0x10,0x82,0x10,0x82,0x10,0x82,0x10,0x82,0x10,0x82,0x10,0x82,0x10,0x82,0x10,0x82,0x10,0x82,0x10,0x82,0x10,0x82,0x10,0x82,0x10,0x82,0x10,0x82,0x10,0x82,0x10,0x82,0x10,0x82,0x10,0x82,0x10,0x82,0x10,0x82,0x10,0x82,0x10,
	0x82,0x10,0x82,0x10,0x82,0x10,0x82,0x10,0x82,0x10,0x82,0x10,0x82,0x10,0x82,0x10,0x82,0x10,0x61,0x08,0x40,0x00,0x20,0x00,0x00,0x00,0x00,0x00,0x00,0x00,0x00,0x00,0x00,0x00,0x00,0x00,0x00,0x00,0x00,0x00,0x00,0x00,0x00,0x00,0x00,0x00,0x00,0x00,0x00,0x00,0x00,0x00,0x00,0x00,0x00,0x00,0x00,0x00,0x00,0x00,0x00,0x00,0x00,0x00,
	0x00,0x00,0x00,0x00,0x00,0x00,0x00,0x00,0x00,0x00,0x00,0x00,0x00,0x00,0x00,0x00,0x00,0x00,0x00,0x00,0x20,0x00,0x41,0x08,0x82,0x10,0x82,0x10,0x82,0x10,0x82,0x10,0x82,0x10,0x82,0x10,0x82,0x10,0x82,0x10,0x82,0x10,0x82,0x10,0x82,0x10,0x82,0x10,0x82,0x10,0x82,0x10,0x82,0x10,0x82,0x10,0x82,0x10,0x82,0x10,0x82,0x10,0x82,0x10,
	0x82,0x10,0x82,0x10,0x82,0x10,0x82,0x10,0x82,0x10,0x82,0x10,0x82,0x10,0x82,0x10,0x82,0x10,0x82,0x10,0x82,0x10,0x82,0x10,0x82,0x10,0x82,0x10,0x82,0x10,0x82,0x10,0x82,0x10,0x82,0x10,0x82,0x10,0x82,0x10,0x82,0x10,0x82,0x10,0x82,0x10,0x82,0x10,0x82,0x10,0x82,0x10,0x82,0x10,0x82,0x10,0x82,0x10,0x82,0x10,0x82,0x10,0x82,0x10,
	0x82,0x10,0x82,0x10,0x82,0x10,0x82,0x10,0x82,0x10,0x82,0x10,0x82,0x10,0x82,0x10,0x82,0x10,0x82,0x10,0x82,0x10,0x82,0x10,0x82,0x10,0x82,0x10,0x82,0x10,0x82,0x10,0x82,0x10,0x82,0x10,0x82,0x10,0x82,0x10,0x82,0x10,0x82,0x10,0x82,0x10,0x82,0x10,0x82,0x10,0x82,0x10,0x82,0x10,0x82,0x10,0x82,0x10,0x82,0x10,0x82,0x10,0x82,0x10,
	0x82,0x10,0x82,0x10,0x82,0x10,0x82,0x10,0x82,0x10,0x82,0x10,0x82,0x10,0x82,0x10,0x82,0x10,0x82,0x10,0x82,0x10,0x82,0x10,0x82,0x10,0x82,0x10,0x82,0x10,0x82,0x10,0x82,0x10,0x82,0x10,0x82,0x10,0x82,0x10,0x82,0x10,0x82,0x10,0x82,0x10,0x82,0x10,0x82,0x10,0x82,0x10,0x82,0x10,0x82,0x10,0x82,0x10,0x82,0x10,0x82,0x10,0x82,0x10,
	0x82,0x10,0x82,0x10,0x82,0x10,0x82,0x10,0x82,0x10,0x82,0x10,0x82,0x10,0x82,0x10,0x82,0x10,0x82,0x10,0x82,0x10,0x82,0x10,0x82,0x10,0x82,0x10,0x82,0x10,0x82,0x10,0x82,0x10,0x82,0x10,0x82,0x10,0x82,0x10,0x82,0x10,0x82,0x10,0x82,0x10,0x82,0x10,0x82,0x10,0x82,0x10,0x82,0x10,0x82,0x10,0x82,0x10,0x82,0x10,0x82,0x10,0x82,0x10,
	0x82,0x10,0x82,0x10,0x82,0x10,0x82,0x10,0x82,0x10,0x82,0x10,0x82,0x10,0x82,0x10,0x82,0x10,0x82,0x10,0x82,0x10,0x82,0x10,0x82,0x10,0x82,0x10,0x82,0x10,0x82,0x10,0x82,0x10,0x82,0x10,0x82,0x10,0x82,0x10,0x82,0x10,0x82,0x10,0x82,0x10,0x82,0x10,0x82,0x10,0x82,0x10,0x82,0x10,0x82,0x10,0x82,0x10,0x82,0x10,0x82,0x10,0x82,0x10,
	0x82,0x10,0x82,0x10,0x82,0x10,0x82,0x10,0x82,0x10,0x82,0x10,0x82,0x10,0x82,0x10,0x82,0x10,0x82,0x10,0x82,0x10,0x82,0x10,0x82,0x10,0x82,0x10,0x82,0x10,0x82,0x10,0x82,0x10,0x82,0x10,0x82,0x10,0x82,0x10,0x82,0x10,0x82,0x10,0x82,0x10,0x82,0x10,0x82,0x10,0x82,0x10,0x82,0x10,0x82,0x10,0x82,0x10,0x82,0x10,0x82,0x10,0x82,0x10,
	0x82,0x10,0x82,0x10,0x82,0x10,0x82,0x10,0x82,0x10,0x82,0x10,0x82,0x10,0x82,0x10,0x82,0x10,0x82,0x10,0x82,0x10,0x82,0x10,0x82,0x10,0x82,0x10,0x82,0x10,0x82,0x10,0x82,0x10,0x82,0x10,0x82,0x10,0x82,0x10,0x82,0x10,0x82,0x10,0x82,0x10,0x82,0x10,0x82,0x10,0x82,0x10,0x82,0x10,0x82,0x10,0x82,0x10,0x82,0x10,0x82,0x10,0x82,0x10,
	0x82,0x10,0x82,0x10,0x82,0x10,0x82,0x10,0x82,0x10,0x82,0x10,0x82,0x10,0x82,0x10,0x82,0x10,0x82,0x10,0x82,0x10,0x82,0x10,0x82,0x10,0x82,0x10,0x82,0x10,0x82,0x10,0x82,0x10,0x82,0x10,0x82,0x10,0x82,0x10,0x82,0x10,0x82,0x10,0x82,0x10,0x82,0x10,0x82,0x10,0x82,0x10,0x82,0x10,0x82,0x10,0x82,0x10,0x82,0x10,0x82,0x10,0x82,0x10,
	0x82,0x10,0x82,0x10,0x82,0x10,0x82,0x10,0x82,0x10,0x82,0x10,0x82,0x10,0x82,0x10,0x82,0x10,0x82,0x10,0x82,0x10,0x82,0x10,0x82,0x10,0x82,0x10,0x82,0x10,0x82,0x10,0x82,0x10,0x82,0x10,0x82,0x10,0x82,0x10,0x82,0x10,0x82,0x10,0x82,0x10,0x82,0x10,0x82,0x10,0x82,0x10,0x82,0x10,0x82,0x10,0x82,0x10,0x82,0x10,0x82,0x10,0x82,0x10,
	0x82,0x10,0x82,0x10,0x82,0x10,0x82,0x10,0x82,0x10,0x82,0x10,0x82,0x10,0x82,0x10,0x82,0x10,0x82,0x10,0x41,0x08,0x20,0x00,0x00,0x00,0x00,0x00,0x00,0x00,0x00,0x00,0x00,0x00,0x00,0x00,0x00,0x00,0x00,0x00,0x00,0x00,0x00,0x00,0x00,0x00,0x00,0x00,0x00,0x00,0x00,0x00,0x00,0x00,0x00,0x00,0x00,0x00,0x00,0x00,0x00,0x00,0x00,0x00,
	0x00,0x00,0x00,0x00,0x00,0x00,0x00,0x00,0x00,0x00,0x00,0x00,0x00,0x00,0x00,0x00,0x00,0x00,0x00,0x00,0x00,0x00,0x00,0x00,0x00,0x00,0x20,0x00,0x41,0x08,0x61,0x08,0x61,0x08,0x61,0x08,0x81,0x08,0x82,0x10,0x82,0x10,0x82,0x10,0x82,0x10,0x82,0x10,0x82,0x10,0x82,0x10,0x82,0x10,0x82,0x10,0x82,0x10,0x82,0x10,0x82,0x10,0x82,0x10,
	0x82,0x10,0x82,0x10,0x82,0x10,0x82,0x10,0x82,0x10,0x82,0x10,0x82,0x10,0x82,0x10,0x82,0x10,0x82,0x10,0x82,0x10,0x82,0x10,0x82,0x10,0x82,0x10,0x82,0x10,0x82,0x10,0x82,0x10,0x82,0x10,0x82,0x10,0x82,0x10,0x82,0x10,0x82,0x10,0x82,0x10,0x82,0x10,0x82,0x10,0x82,0x10,0x82,0x10,0x82,0x10,0x82,0x10,0x82,0x10,0x82,0x10,0x82,0x10,
	0x82,0x10,0x82,0x10,0x82,0x10,0x82,0x10,0x82,0x10,0x82,0x10,0x82,0x10,0x82,0x10,0x82,0x10,0x82,0x10,0x82,0x10,0x82,0x10,0x82,0x10,0x82,0x10,0x82,0x10,0x82,0x10,0x82,0x10,0x82,0x10,0x82,0x10,0x82,0x10,0x82,0x10,0x82,0x10,0x82,0x10,0x82,0x10,0x82,0x10,0x82,0x10,0x82,0x10,0x82,0x10,0x82,0x10,0x82,0x10,0x82,0x10,0x82,0x10,
	0x82,0x10,0x82,0x10,0x82,0x10,0x82,0x10,0x82,0x10,0x82,0x10,0x82,0x10,0x82,0x10,0x82,0x10,0x82,0x10,0x82,0x10,0x82,0x10,0x82,0x10,0x82,0x10,0x82,0x10,0x82,0x10,0x82,0x10,0x82,0x10,0x82,0x10,0x82,0x10,0x82,0x10,0x82,0x10,0x82,0x10,0x82,0x10,0x82,0x10,0x82,0x10,0x82,0x10,0x82,0x10,0x82,0x10,0x82,0x10,0x82,0x10,0x82,0x10,
	0x82,0x10,0x82,0x10,0x82,0x10,0x82,0x10,0x82,0x10,0x82,0x10,0x82,0x10,0x82,0x10,0x82,0x10,0x82,0x10,0x82,0x10,0x82,0x10,0x82,0x10,0x82,0x10,0x82,0x10,0x82,0x10,0x82,0x10,0x82,0x10,0x82,0x10,0x82,0x10,0x82,0x10,0x82,0x10,0x82,0x10,0x82,0x10,0x82,0x10,0x82,0x10,0x82,0x10,0x82,0x10,0x82,0x10,0x82,0x10,0x82,0x10,0x82,0x10,
	0x82,0x10,0x82,0x10,0x82,0x10,0x82,0x10,0x82,0x10,0x82,0x10,0x82,0x10,0x82,0x10,0x82,0x10,0x82,0x10,0x82,0x10,0x82,0x10,0x82,0x10,0x82,0x10,0x82,0x10,0x82,0x10,0x82,0x10,0x82,0x10,0x82,0x10,0x82,0x10,0x82,0x10,0x82,0x10,0x82,0x10,0x82,0x10,0x82,0x10,0x82,0x10,0x82,0x10,0x82,0x10,0x82,0x10,0x82,0x10,0x82,0x10,0x82,0x10,
	0x82,0x10,0x82,0x10,0x82,0x10,0x82,0x10,0x82,0x10,0x82,0x10,0x82,0x10,0x82,0x10,0x82,0x10,0x82,0x10,0x82,0x10,0x82,0x10,0x82,0x10,0x82,0x10,0x82,0x10,0x82,0x10,0x82,0x10,0x82,0x10,0x82,0x10,0x82,0x10,0x82,0x10,0x82,0x10,0x82,0x10,0x82,0x10,0x82,0x10,0x82,0x10,0x82,0x10,0x82,0x10,0x82,0x10,0x82,0x10,0x82,0x10,0x82,0x10,
	0x82,0x10,0x82,0x10,0x82,0x10,0x82,0x10,0x82,0x10,0x82,0x10,0x82,0x10,0x82,0x10,0x82,0x10,0x82,0x10,0x82,0x10,0x82,0x10,0x82,0x10,0x82,0x10,0x82,0x10,0x82,0x10,0x82,0x10,0x82,0x10,0x82,0x10,0x82,0x10,0x82,0x10,0x82,0x10,0x82,0x10,0x82,0x10,0x82,0x10,0x82,0x10,0x82,0x10,0x82,0x10,0x82,0x10,0x82,0x10,0x82,0x10,0x82,0x10,
	0x82,0x10,0x82,0x10,0x82,0x10,0x82,0x10,0x82,0x10,0x82,0x10,0x82,0x10,0x82,0x10,0x82,0x10,0x82,0x10,0x82,0x10,0x82,0x10,0x82,0x10,0x82,0x10,0x82,0x10,0x82,0x10,0x82,0x10,0x82,0x10,0x82,0x10,0x82,0x10,0x82,0x10,0x82,0x10,0x82,0x10,0x82,0x10,0x82,0x10,0x82,0x10,0x82,0x10,0x82,0x10,0x82,0x10,0x82,0x10,0x82,0x10,0x82,0x10,
	0x82,0x10,0x82,0x10,0x82,0x10,0x82,0x10,0x82,0x10,0x82,0x10,0x82,0x10,0x82,0x10,0x82,0x10,0x82,0x10,0x82,0x10,0x82,0x10,0x82,0x10,0x82,0x10,0x82,0x10,0x82,0x10,0x82,0x10,0x82,0x10,0x82,0x10,0x82,0x10,0x82,0x10,0x82,0x10,0x82,0x10,0x82,0x10,0x82,0x10,0x82,0x10,0x82,0x10,0x82,0x10,0x82,0x10,0x82,0x10,0x82,0x10,0x82,0x10,
	0x82,0x10,0x82,0x10,0x82,0x10,0x82,0x10,0x82,0x10,0x82,0x10,0x82,0x10,0x81,0x08,0x61,0x08,0x61,0x08,0x61,0x08,0x41,0x08,0x20,0x00,0x00,0x00,0x00,0x00,0x00,0x00,0x00,0x00,0x00,0x00,0x00,0x00,0x00,0x00,0x00,0x00,0x00,0x00,0x00,0x00,0x00,0x00,0x00,0x00,0x00,0x00,0x00,0x00,0x00,0x00,0x00,0x00,0x00,0x00,0x00,0x00,0x00,0x00,
	0x00,0x00,0x00,0x00,0x00,0x00,0x00,0x00,0x00,0x00,0x00,0x00,0x00,0x00,0x00,0x00,0x00,0x00,0x00,0x00,0x00,0x00,0x00,0x00,0x00,0x00,0x00,0x00,0x00,0x00,0x00,0x00,0x00,0x00,0x00,0x00,0x20,0x00,0x40,0x00,0x61,0x08,0x82,0x10,0x82,0x10,0x82,0x10,0x82,0x10,0x82,0x10,0x82,0x10,0x82,0x10,0x82,0x10,0x82,0x10,0x82,0x10,0x82,0x10,
	0x82,0x10,0x82,0x10,0x82,0x10,0x82,0x10,0x82,0x10,0x82,0x10,0x82,0x10,0x82,0x10,0x82,0x10,0x82,0x10,0x82,0x10,0x82,0x10,0x82,0x10,0x82,0x10,0x82,0x10,0x82,0x10,0x82,0x10,0x82,0x10,0x82,0x10,0x82,0x10,0x82,0x10,0x82,0x10,0x82,0x10,0x82,0x10,0x82,0x10,0x82,0x10,0x82,0x10,0x82,0x10,0x82,0x10,0x82,0x10,0x82,0x10,0x82,0x10,
	0x82,0x10,0x82,0x10,0x82,0x10,0x82,0x10,0x82,0x10,0x82,0x10,0x82,0x10,0x82,0x10,0x82,0x10,0x82,0x10,0x82,0x10,0x82,0x10,0x82,0x10,0x82,0x10,0x82,0x10,0x82,0x10,0x82,0x10,0x82,0x10,0x82,0x10,0x82,0x10,0x82,0x10,0x82,0x10,0x82,0x10,0x82,0x10,0x82,0x10,0x82,0x10,0x82,0x10,0x82,0x10,0x82,0x10,0x82,0x10,0x82,0x10,0x82,0x10,
	0x82,0x10,0x82,0x10,0x82,0x10,0x82,0x10,0x82,0x10,0x82,0x10,0x82,0x10,0x82,0x10,0x82,0x10,0x82,0x10,0x82,0x10,0x82,0x10,0x82,0x10,0x82,0x10,0x82,0x10,0x82,0x10,0x82,0x10,0x82,0x10,0x82,0x10,0x82,0x10,0x82,0x10,0x82,0x10,0x82,0x10,0x82,0x10,0x82,0x10,0x82,0x10,0x82,0x10,0x82,0x10,0x82,0x10,0x82,0x10,0x82,0x10,0x82,0x10,
	0x82,0x10,0x82,0x10,0x82,0x10,0x82,0x10,0x82,0x10,0x82,0x10,0x82,0x10,0x82,0x10,0x82,0x10,0x82,0x10,0x82,0x10,0x82,0x10,0x82,0x10,0x82,0x10,0x82,0x10,0x82,0x10,0x82,0x10,0x82,0x10,0x82,0x10,0x82,0x10,0x82,0x10,0x82,0x10,0x82,0x10,0x82,0x10,0x82,0x10,0x82,0x10,0x82,0x10,0x82,0x10,0x82,0x10,0x82,0x10,0x82,0x10,0x82,0x10,
	0x82,0x10,0x82,0x10,0x82,0x10,0x82,0x10,0x82,0x10,0x82,0x10,0x82,0x10,0x82,0x10,0x82,0x10,0x82,0x10,0x82,0x10,0x82,0x10,0x82,0x10,0x82,0x10,0x82,0x10,0x82,0x10,0x82,0x10,0x82,0x10,0x82,0x10,0x82,0x10,0x82,0x10,0x82,0x10,0x82,0x10,0x82,0x10,0x82,0x10,0x82,0x10,0x82,0x10,0x82,0x10,0x82,0x10,0x82,0x10,0x82,0x10,0x82,0x10,
	0x82,0x10,0x82,0x10,0x82,0x10,0x82,0x10,0x82,0x10,0x82,0x10,0x82,0x10,0x82,0x10,0x82,0x10,0x82,0x10,0x82,0x10,0x82,0x10,0x82,0x10,0x82,0x10,0x82,0x10,0x82,0x10,0x82,0x10,0x82,0x10,0x82,0x10,0x82,0x10,0x82,0x10,0x82,0x10,0x82,0x10,0x82,0x10,0x82,0x10,0x82,0x10,0x82,0x10,0x82,0x10,0x82,0x10,0x82,0x10,0x82,0x10,0x82,0x10,
	0x82,0x10,0x82,0x10,0x82,0x10,0x82,0x10,0x82,0x10,0x82,0x10,0x82,0x10,0x82,0x10,0x82,0x10,0x82,0x10,0x82,0x10,0x82,0x10,0x82,0x10,0x82,0x10,0x82,0x10,0x82,0x10,0x82,0x10,0x82,0x10,0x82,0x10,0x82,0x10,0x82,0x10,0x82,0x10,0x82,0x10,0x82,0x10,0x82,0x10,0x82,0x10,0x82,0x10,0x82,0x10,0x82,0x10,0x82,0x10,0x82,0x10,0x82,0x10,
	0x82,0x10,0x82,0x10,0x82,0x10,0x82,0x10,0x82,0x10,0x82,0x10,0x82,0x10,0x82,0x10,0x82,0x10,0x82,0x10,0x82,0x10,0x82,0x10,0x82,0x10,0x82,0x10,0x82,0x10,0x82,0x10,0x82,0x10,0x82,0x10,0x82,0x10,0x82,0x10,0x82,0x10,0x82,0x10,0x82,0x10,0x82,0x10,0x82,0x10,0x82,0x10,0x82,0x10,0x82,0x10,0x82,0x10,0x82,0x10,0x82,0x10,0x82,0x10,
	0x82,0x10,0x82,0x10,0x82,0x10,0x82,0x10,0x82,0x10,0x82,0x10,0x82,0x10,0x82,0x10,0x82,0x10,0x82,0x10,0x82,0x10,0x82,0x10,0x82,0x10,0x82,0x10,0x82,0x10,0x82,0x10,0x82,0x10,0x82,0x10,0x82,0x10,0x82,0x10,0x82,0x10,0x82,0x10,0x82,0x10,0x82,0x10,0x82,0x10,0x82,0x10,0x82,0x10,0x82,0x10,0x82,0x10,0x82,0x10,0x82,0x10,0x82,0x10,
	0x82,0x10,0x82,0x10,0x82,0x10,0x82,0x10,0x82,0x10,0x82,0x10,0x82,0x10,0x82,0x10,0x82,0x10,0x61,0x08,0x40,0x00,0x20,0x00,0x00,0x00,0x00,0x00,0x00,0x00,0x00,0x00,0x00,0x00,0x00,0x00,0x00,0x00,0x00,0x00,0x00,0x00,0x00,0x00,0x00,0x00,0x00,0x00,0x00,0x00,0x00,0x00,0x00,0x00,0x00,0x00,0x00,0x00,0x00,0x00,0x00,0x00,0x00,0x00,
	0x00,0x00,0x00,0x00,0x00,0x00,0x00,0x00,0x00,0x00,0x00,0x00,0x00,0x00,0x00,0x00,0x00,0x00,0x00,0x00,0x00,0x00,0x00,0x00,0x00,0x00,0x00,0x00,0x00,0x00,0x00,0x00,0x00,0x00,0x00,0x00,0x00,0x00,0x00,0x00,0x00,0x00,0x20,0x00,0x20,0x00,0x20,0x00,0x20,0x00,0x40,0x00,0x41,0x08,0x61,0x08,0x61,0x08,0x81,0x08,0x82,0x10,0x82,0x10,
	0x82,0x10,0x82,0x10,0x82,0x10,0x82,0x10,0x82,0x10,0x82,0x10,0x82,0x10,0x82,0x10,0x82,0x10,0x82,0x10,0x82,0x10,0x82,0x10,0x82,0x10,0x82,0x10,0x82,0x10,0x82,0x10,0x82,0x10,0x82,0x10,0x82,0x10,0x82,0x10,0x82,0x10,0x82,0x10,0x82,0x10,0x82,0x10,0x82,0x10,0x82,0x10,0x82,0x10,0x82,0x10,0x82,0x10,0x82,0x10,0x82,0x10,0x82,0x10,
	0x82,0x10,0x82,0x10,0x82,0x10,0x82,0x10,0x82,0x10,0x82,0x10,0x82,0x10,0x82,0x10,0x82,0x10,0x82,0x10,0x82,0x10,0x82,0x10,0x82,0x10,0x82,0x10,0x82,0x10,0x82,0x10,0x82,0x10,0x82,0x10,0x82,0x10,0x82,0x10,0x82,0x10,0x82,0x10,0x82,0x10,0x82,0x10,0x82,0x10,0x82,0x10,0x82,0x10,0x82,0x10,0x82,0x10,0x82,0x10,0x82,0x10,0x82,0x10,
	0x82,0x10,0x82,0x10,0x82,0x10,0x82,0x10,0x82,0x10,0x82,0x10,0x82,0x10,0x82,0x10,0x82,0x10,0x82,0x10,0x82,0x10,0x82,0x10,0x82,0x10,0x82,0x10,0x82,0x10,0x82,0x10,0x82,0x10,0x82,0x10,0x82,0x10,0x82,0x10,0x82,0x10,0x82,0x10,0x82,0x10,0x82,0x10,0x82,0x10,0x82,0x10,0x82,0x10,0x82,0x10,0x82,0x10,0x82,0x10,0x82,0x10,0x82,0x10,
	0x82,0x10,0x82,0x10,0x82,0x10,0x82,0x10,0x82,0x10,0x82,0x10,0x82,0x10,0x82,0x10,0x82,0x10,0x82,0x10,0x82,0x10,0x82,0x10,0x82,0x10,0x82,0x10,0x82,0x10,0x82,0x10,0x82,0x10,0x82,0x10,0x82,0x10,0x82,0x10,0x82,0x10,0x82,0x10,0x82,0x10,0x82,0x10,0x82,0x10,0x82,0x10,0x82,0x10,0x82,0x10,0x82,0x10,0x82,0x10,0x82,0x10,0x82,0x10,
	0x82,0x10,0x82,0x10,0x82,0x10,0x82,0x10,0x82,0x10,0x82,0x10,0x82,0x10,0x82,0x10,0x82,0x10,0x82,0x10,0x82,0x10,0x82,0x10,0x82,0x10,0x82,0x10,0x82,0x10,0x82,0x10,0x82,0x10,0x82,0x10,0x82,0x10,0x82,0x10,0x82,0x10,0x82,0x10,0x82,0x10,0x82,0x10,0x82,0x10,0x82,0x10,0x82,0x10,0x82,0x10,0x82,0x10,0x82,0x10,0x82,0x10,0x82,0x10,
	0x82,0x10,0x82,0x10,0x82,0x10,0x82,0x10,0x82,0x10,0x82,0x10,0x82,0x10,0x82,0x10,0x82,0x10,0x82,0x10,0x82,0x10,0x82,0x10,0x82,0x10,0x82,0x10,0x82,0x10,0x82,0x10,0x82,0x10,0x82,0x10,0x82,0x10,0x82,0x10,0x82,0x10,0x82,0x10,0x82,0x10,0x82,0x10,0x82,0x10,0x82,0x10,0x82,0x10,0x82,0x10,0x82,0x10,0x82,0x10,0x82,0x10,0x82,0x10,
	0x82,0x10,0x82,0x10,0x82,0x10,0x82,0x10,0x82,0x10,0x82,0x10,0x82,0x10,0x82,0x10,0x82,0x10,0x82,0x10,0x82,0x10,0x82,0x10,0x82,0x10,0x82,0x10,0x82,0x10,0x82,0x10,0x82,0x10,0x82,0x10,0x82,0x10,0x82,0x10,0x82,0x10,0x82,0x10,0x82,0x10,0x82,0x10,0x82,0x10,0x82,0x10,0x82,0x10,0x82,0x10,0x82,0x10,0x82,0x10,0x82,0x10,0x82,0x10,
	0x82,0x10,0x82,0x10,0x82,0x10,0x82,0x10,0x82,0x10,0x82,0x10,0x82,0x10,0x82,0x10,0x82,0x10,0x82,0x10,0x82,0x10,0x82,0x10,0x82,0x10,0x82,0x10,0x82,0x10,0x82,0x10,0x82,0x10,0x82,0x10,0x82,0x10,0x82,0x10,0x82,0x10,0x82,0x10,0x82,0x10,0x82,0x10,0x82,0x10,0x82,0x10,0x82,0x10,0x82,0x10,0x82,0x10,0x82,0x10,0x82,0x10,0x82,0x10,
	0x82,0x10,0x82,0x10,0x82,0x10,0x82,0x10,0x82,0x10,0x82,0x10,0x82,0x10,0x82,0x10,0x82,0x10,0x82,0x10,0x82,0x10,0x82,0x10,0x82,0x10,0x82,0x10,0x82,0x10,0x82,0x10,0x82,0x10,0x82,0x10,0x82,0x10,0x82,0x10,0x82,0x10,0x82,0x10,0x82,0x10,0x82,0x10,0x82,0x10,0x82,0x10,0x82,0x10,0x82,0x10,0x82,0x10,0x82,0x10,0x82,0x10,0x82,0x10,
	0x82,0x10,0x82,0x10,0x82,0x10,0x82,0x10,0x81,0x08,0x61,0x08,0x61,0x08,0x41,0x08,0x40,0x00,0x20,0x00,0x20,0x00,0x20,0x00,0x20,0x00,0x00,0x00,0x00,0x00,0x00,0x00,0x00,0x00,0x00,0x00,0x00,0x00,0x00,0x00,0x00,0x00,0x00,0x00,0x00,0x00,0x00,0x00,0x00,0x00,0x00,0x00,0x00,0x00,0x00,0x00,0x00,0x00,0x00,0x00,0x00,0x00,0x00,0x00,
	0x00,0x00,0x00,0x00,0x00,0x00,0x00,0x00,0x00,0x00,0x00,0x00,0x00,0x00,0x00,0x00,0x00,0x00,0x00,0x00,0x00,0x00,0x00,0x00,0x00,0x00,0x00,0x00,0x00,0x00,0x00,0x00,0x00,0x00,0x00,0x00,0x00,0x00,0x00,0x00,0x00,0x00,0x00,0x00,0x00,0x00,0x00,0x00,0x00,0x00,0x00,0x00,0x00,0x00,0x00,0x00,0x20,0x00,0x40,0x00,0x40,0x00,0x61,0x08,
	0x82,0x10,0x82,0x10,0x82,0x10,0x82,0x10,0x82,0x10,0x82,0x10,0x82,0x10,0x82,0x10,0x82,0x10,0x82,0x10,0x82,0x10,0x82,0x10,0x82,0x10,0x82,0x10,0x82,0x10,0x82,0x10,0x82,0x10,0x82,0x10,0x82,0x10,0x82,0x10,0x82,0x10,0x82,0x10,0x82,0x10,0x82,0x10,0x82,0x10,0x82,0x10,0x82,0x10,0x82,0x10,0x82,0x10,0x82,0x10,0x82,0x10,0x82,0x10,
	0x82,0x10,0x82,0x10,0x82,0x10,0x82,0x10,0x82,0x10,0x82,0x10,0x82,0x10,0x82,0x10,0x82,0x10,0x82,0x10,0x82,0x10,0x82,0x10,0x82,0x10,0x82,0x10,0x82,0x10,0x82,0x10,0x82,0x10,0x82,0x10,0x82,0x10,0x82,0x10,0x82,0x10,0x82,0x10,0x82,0x10,0x82,0x10,0x82,0x10,0x82,0x10,0x82,0x10,0x82,0x10,0x82,0x10,0x82,0x10,0x82,0x10,0x82,0x10,
	0x82,0x10,0x82,0x10,0x82,0x10,0x82,0x10,0x82,0x10,0x82,0x10,0x82,0x10,0x82,0x10,0x82,0x10,0x82,0x10,0x82,0x10,0x82,0x10,0x82,0x10,0x82,0x10,0x82,0x10,0x82,0x10,0x82,0x10,0x82,0x10,0x82,0x10,0x82,0x10,0x82,0x10,0x82,0x10,0x82,0x10,0x82,0x10,0x82,0x10,0x82,0x10,0x82,0x10,0x82,0x10,0x82,0x10,0x82,0x10,0x82,0x10,0x82,0x10,
	0x82,0x10,0x82,0x10,0x82,0x10,0x82,0x10,0x82,0x10,0x82,0x10,0x82,0x10,0x82,0x10,0x82,0x10,0x82,0x10,0x82,0x10,0x82,0x10,0x82,0x10,0x82,0x10,0x82,0x10,0x82,0x10,0x82,0x10,0x82,0x10,0x82,0x10,0x82,0x10,0x82,0x10,0x82,0x10,0x82,0x10,0x82,0x10,0x82,0x10,0x82,0x10,0x82,0x10,0x82,0x10,0x82,0x10,0x82,0x10,0x82,0x10,0x82,0x10,
	0x82,0x10,0x82,0x10,0x82,0x10,0x82,0x10,0x82,0x10,0x82,0x10,0x82,0x10,0x82,0x10,0x82,0x10,0x82,0x10,0x82,0x10,0x82,0x10,0x82,0x10,0x82,0x10,0x82,0x10,0x82,0x10,0x82,0x10,0x82,0x10,0x82,0x10,0x82,0x10,0x82,0x10,0x82,0x10,0x82,0x10,0x82,0x10,0x82,0x10,0x82,0x10,0x82,0x10,0x82,0x10,0x82,0x10,0x82,0x10,0x82,0x10,0x82,0x10,
	0x82,0x10,0x82,0x10,0x82,0x10,0x82,0x10,0x82,0x10,0x82,0x10,0x82,0x10,0x82,0x10,0x82,0x10,0x82,0x10,0x82,0x10,0x82,0x10,0x82,0x10,0x82,0x10,0x82,0x10,0x82,0x10,0x82,0x10,0x82,0x10,0x82,0x10,0x82,0x10,0x82,0x10,0x82,0x10,0x82,0x10,0x82,0x10,0x82,0x10,0x82,0x10,0x82,0x10,0x82,0x10,0x82,0x10,0x82,0x10,0x82,0x10,0x82,0x10,
	0x82,0x10,0x82,0x10,0x82,0x10,0x82,0x10,0x82,0x10,0x82,0x10,0x82,0x10,0x82,0x10,0x82,0x10,0x82,0x10,0x82,0x10,0x82,0x10,0x82,0x10,0x82,0x10,0x82,0x10,0x82,0x10,0x82,0x10,0x82,0x10,0x82,0x10,0x82,0x10,0x82,0x10,0x82,0x10,0x82,0x10,0x82,0x10,0x82,0x10,0x82,0x10,0x82,0x10,0x82,0x10,0x82,0x10,0x82,0x10,0x82,0x10,0x82,0x10,
	0x82,0x10,0x82,0x10,0x82,0x10,0x82,0x10,0x82,0x10,0x82,0x10,0x82,0x10,0x82,0x10,0x82,0x10,0x82,0x10,0x82,0x10,0x82,0x10,0x82,0x10,0x82,0x10,0x82,0x10,0x82,0x10,0x82,0x10,0x82,0x10,0x82,0x10,0x82,0x10,0x82,0x10,0x82,0x10,0x82,0x10,0x82,0x10,0x82,0x10,0x82,0x10,0x82,0x10,0x82,0x10,0x82,0x10,0x82,0x10,0x82,0x10,0x82,0x10,
	0x82,0x10,0x82,0x10,0x82,0x10,0x82,0x10,0x82,0x10,0x82,0x10,0x82,0x10,0x82,0x10,0x82,0x10,0x82,0x10,0x82,0x10,0x82,0x10,0x82,0x10,0x82,0x10,0x82,0x10,0x82,0x10,0x82,0x10,0x82,0x10,0x82,0x10,0x82,0x10,0x82,0x10,0x82,0x10,0x82,0x10,0x82,0x10,0x82,0x10,0x82,0x10,0x82,0x10,0x82,0x10,0x82,0x10,0x82,0x10,0x82,0x10,0x82,0x10,
	0x82,0x10,0x82,0x10,0x82,0x10,0x82,0x10,0x82,0x10,0x82,0x10,0x61,0x08,0x40,0x00,0x40,0x00,0x20,0x00,0x00,0x00,0x00,0x00,0x00,0x00,0x00,0x00,0x00,0x00,0x00,0x00,0x00,0x00,0x00,0x00,0x00,0x00,0x00,0x00,0x00,0x00,0x00,0x00,0x00,0x00,0x00,0x00,0x00,0x00,0x00,0x00,0x00,0x00,0x00,0x00,0x00,0x00,0x00,0x00,0x00,0x00,0x00,0x00,
	0x00,0x00,0x00,0x00,0x00,0x00,0x00,0x00,

	// Alpha Channel 
	0x00,0x00,0x00,0x00,0x00,0x00,0x00,0x00,0x00,0x00,0x00,0x00,0x00,0x00,0x00,0x00,0x00,0x00,0x00,0x00,0x00,0x00,0x00,0x00,0x00,0x00,0xFF,0xFF,0xFF,0xFF,0xFF,0xFF,0xFF,0xFF,0xFF,0xFF,0xFF,0xFF,0xFF,0xFF,0xFF,0xFF,0xFF,0xFF,0xFF,0xFF,0xFF,0xFF,0xFF,0xFF,0xFF,0xFF,0xFF,0xFF,0xFF,0xFF,0xFF,0xFF,0xFF,0xFF,0xFF,0xFF,0xFF,0xFF,
	0xFF,0xFF,0xFF,0xFF,0xFF,0xFF,0xFF,0xFF,0xFF,0xFF,0xFF,0xFF,0xFF,0xFF,0xFF,0xFF,0xFF,0xFF,0xFF,0xFF,0xFF,0xFF,0xFF,0xFF,0xFF,0xFF,0xFF,0xFF,0xFF,0xFF,0xFF,0xFF,0xFF,0xFF,0xFF,0xFF,0xFF,0xFF,0xFF,0xFF,0xFF,0xFF,0xFF,0xFF,0xFF,0xFF,0xFF,0xFF,0xFF,0xFF,0xFF,0xFF,0xFF,0xFF,0xFF,0xFF,0xFF,0xFF,0xFF,0xFF,0xFF,0xFF,0xFF,0xFF,
	0xFF,0xFF,0xFF,0xFF,0xFF,0xFF,0xFF,0xFF,0xFF,0xFF,0xFF,0xFF,0xFF,0xFF,0xFF,0xFF,0xFF,0xFF,0xFF,0xFF,0xFF,0xFF,0xFF,0xFF,0xFF,0xFF,0xFF,0xFF,0xFF,0xFF,0xFF,0xFF,0xFF,0xFF,0xFF,0xFF,0xFF,0xFF,0xFF,0xFF,0xFF,0xFF,0xFF,0xFF,0xFF,0xFF,0xFF,0xFF,0xFF,0xFF,0xFF,0xFF,0xFF,0xFF,0xFF,0xFF,0xFF,0xFF,0xFF,0xFF,0xFF,0xFF,0xFF,0xFF,
	0xFF,0xFF,0xFF,0xFF,0xFF,0xFF,0xFF,0xFF,0xFF,0xFF,0xFF,0xFF,0xFF,0xFF,0xFF,0xFF,0xFF,0xFF,0xFF,0xFF,0xFF,0xFF,0xFF,0xFF,0xFF,0xFF,0xFF,0xFF,0xFF,0xFF,0xFF,0xFF,0xFF,0xFF,0xFF,0xFF,0xFF,0xFF,0xFF,0xFF,0xFF,0xFF,0xFF,0xFF,0xFF,0xFF,0xFF,0xFF,0xFF,0xFF,0xFF,0xFF,0xFF,0xFF,0xFF,0xFF,0xFF,0xFF,0xFF,0xFF,0xFF,0xFF,0xFF,0xFF,
	0xFF,0xFF,0xFF,0xFF,0xFF,0xFF,0xFF,0xFF,0xFF,0xFF,0xFF,0xFF,0xFF,0xFF,0xFF,0xFF,0xFF,0xFF,0xFF,0xFF,0xFF,0xFF,0xFF,0xFF,0xFF,0xFF,0xFF,0xFF,0xFF,0xFF,0xFF,0xFF,0xFF,0xFF,0xFF,0xFF,0xFF,0xFF,0xFF,0xFF,0xFF,0xFF,0xFF,0xFF,0xFF,0xFF,0xFF,0xFF,0xFF,0xFF,0xFF,0xFF,0xFF,0xFF,0xFF,0xFF,0xFF,0xFF,0xFF,0xFF,0xFF,0xFF,0xFF,0xFF,
	0xFF,0xFF,0xFF,0xFF,0xFF,0xFF,0xFF,0xFF,0x00,0x00,0x00,0x00,0x00,0x00,0x00,0x00,0x00,0x00,0x00,0x00,0x00,0x00,0x00,0x00,0x00,0x00,0x00,0x00,0x00,0x00,0x00,0x00,0x00,0x00,0x00,0x00,0x00,0x00,0x00,0x00,0x00,0x00,0x00,0x00,0x00,0x00,0x00,0x00,0x00,0x00,0x00,0x00,0x00,0x00,0x00,0xFF,0xFF,0xFF,0xFF,0xFF,0xFF,0xFF,0xFF,0xFF,
	0xFF,0xFF,0xFF,0xFF,0xFF,0xFF,0xFF,0xFF,0xFF,0xFF,0xFF,0xFF,0xFF,0xFF,0xFF,0xFF,0xFF,0xFF,0xFF,0xFF,0xFF,0xFF,0xFF,0xFF,0xFF,0xFF,0xFF,0xFF,0xFF,0xFF,0xFF,0xFF,0xFF,0xFF,0xFF,0xFF,0xFF,0xFF,0xFF,0xFF,0xFF,0xFF,0xFF,0xFF,0xFF,0xFF,0xFF,0xFF,0xFF,0xFF,0xFF,0xFF,0xFF,0xFF,0xFF,0xFF,0xFF,0xFF,0xFF,0xFF,0xFF,0xFF,0xFF,0xFF,
	0xFF,0xFF,0xFF,0xFF,0xFF,0xFF,0xFF,0xFF,0xFF,0xFF,0xFF,0xFF,0xFF,0xFF,0xFF,0xFF,0xFF,0xFF,0xFF,0xFF,0xFF,0xFF,0xFF,0xFF,0xFF,0xFF,0xFF,0xFF,0xFF,0xFF,0xFF,0xFF,0xFF,0xFF,0xFF,0xFF,0xFF,0xFF,0xFF,0xFF,0xFF,0xFF,0xFF,0xFF,0xFF,0xFF,0xFF,0xFF,0xFF,0xFF,0xFF,0xFF,0xFF,0xFF,0xFF,0xFF,0xFF,0xFF,0xFF,0xFF,0xFF,0xFF,0xFF,0xFF,
	0xFF,0xFF,0xFF,0xFF,0xFF,0xFF,0xFF,0xFF,0xFF,0xFF,0xFF,0xFF,0xFF,0xFF,0xFF,0xFF,0xFF,0xFF,0xFF,0xFF,0xFF,0xFF,0xFF,0xFF,0xFF,0xFF,0xFF,0xFF,0xFF,0xFF,0xFF,0xFF,0xFF,0xFF,0xFF,0xFF,0xFF,0xFF,0xFF,0xFF,0xFF,0xFF,0xFF,0xFF,0xFF,0xFF,0xFF,0xFF,0xFF,0xFF,0xFF,0xFF,0xFF,0xFF,0xFF,0xFF,0xFF,0xFF,0xFF,0xFF,0xFF,0xFF,0xFF,0xFF,
	0xFF,0xFF,0xFF,0xFF,0xFF,0xFF,0xFF,0xFF,0xFF,0xFF,0xFF,0xFF,0xFF,0xFF,0xFF,0xFF,0xFF,0xFF,0xFF,0xFF,0xFF,0xFF,0xFF,0xFF,0xFF,0xFF,0xFF,0xFF,0xFF,0xFF,0xFF,0xFF,0xFF,0xFF,0xFF,0xFF,0xFF,0xFF,0xFF,0xFF,0xFF,0xFF,0xFF,0xFF,0xFF,0xFF,0xFF,0xFF,0xFF,0xFF,0xFF,0xFF,0xFF,0xFF,0xFF,0xFF,0xFF,0xFF,0xFF,0xFF,0xFF,0xFF,0xFF,0xFF,
	0xFF,0xFF,0xFF,0xFF,0xFF,0xFF,0xFF,0xFF,0xFF,0xFF,0xFF,0xFF,0xFF,0xFF,0xFF,0xFF,0xFF,0xFF,0xFF,0xFF,0xFF,0xFF,0xFF,0xFF,0xFF,0xFF,0xFF,0xFF,0xFF,0xFF,0xFF,0xFF,0xFF,0xFF,0xFF,0xFF,0xFF,0xFF,0xFF,0xFF,0xFF,0xFF,0xFF,0xFF,0xFF,0xFF,0xFF,0x00,0x00,0x00,0x00,0x00,0x00,0x00,0x00,0x00,0x00,0x00,0x00,0x00,0x00,0x00,0x00,0x00,
	0x00,0x00,0x00,0x00,0x00,0x00,0x00,0x00,0x00,0x00,0x00,0x00,0x00,0x00,0x00,0x00,0x00,0x00,0x00,0x00,0x00,0x00,0x00,0x00,0xFF,0xFF,0xFF,0xFF,0xFF,0xFF,0xFF,0xFF,0xFF,0xFF,0xFF,0xFF,0xFF,0xFF,0xFF,0xFF,0xFF,0xFF,0xFF,0xFF,0xFF,0xFF,0xFF,0xFF,0xFF,0xFF,0xFF,0xFF,0xFF,0xFF,0xFF,0xFF,0xFF,0xFF,0xFF,0xFF,0xFF,0xFF,0xFF,0xFF,
	0xFF,0xFF,0xFF,0xFF,0xFF,0xFF,0xFF,0xFF,0xFF,0xFF,0xFF,0xFF,0xFF,0xFF,0xFF,0xFF,0xFF,0xFF,0xFF,0xFF,0xFF,0xFF,0xFF,0xFF,0xFF,0xFF,0xFF,0xFF,0xFF,0xFF,0xFF,0xFF,0xFF,0xFF,0xFF,0xFF,0xFF,0xFF,0xFF,0xFF,0xFF,0xFF,0xFF,0xFF,0xFF,0xFF,0xFF,0xFF,0xFF,0xFF,0xFF,0xFF,0xFF,0xFF,0xFF,0xFF,0xFF,0xFF,0xFF,0xFF,0xFF,0xFF,0xFF,0xFF,
	0xFF,0xFF,0xFF,0xFF,0xFF,0xFF,0xFF,0xFF,0xFF,0xFF,0xFF,0xFF,0xFF,0xFF,0xFF,0xFF,0xFF,0xFF,0xFF,0xFF,0xFF,0xFF,0xFF,0xFF,0xFF,0xFF,0xFF,0xFF,0xFF,0xFF,0xFF,0xFF,0xFF,0xFF,0xFF,0xFF,0xFF,0xFF,0xFF,0xFF,0xFF,0xFF,0xFF,0xFF,0xFF,0xFF,0xFF,0xFF,0xFF,0xFF,0xFF,0xFF,0xFF,0xFF,0xFF,0xFF,0xFF,0xFF,0xFF,0xFF,0xFF,0xFF,0xFF,0xFF,
	0xFF,0xFF,0xFF,0xFF,0xFF,0xFF,0xFF,0xFF,0xFF,0xFF,0xFF,0xFF,0xFF,0xFF,0xFF,0xFF,0xFF,0xFF,0xFF,0xFF,0xFF,0xFF,0xFF,0xFF,0xFF,0xFF,0xFF,0xFF,0xFF,0xFF,0xFF,0xFF,0xFF,0xFF,0xFF,0xFF,0xFF,0xFF,0xFF,0xFF,0xFF,0xFF,0xFF,0xFF,0xFF,0xFF,0xFF,0xFF,0xFF,0xFF,0xFF,0xFF,0xFF,0xFF,0xFF,0xFF,0xFF,0xFF,0xFF,0xFF,0xFF,0xFF,0xFF,0xFF,
	0xFF,0xFF,0xFF,0xFF,0xFF,0xFF,0xFF,0xFF,0xFF,0xFF,0xFF,0xFF,0xFF,0xFF,0xFF,0xFF,0xFF,0xFF,0xFF,0xFF,0xFF,0xFF,0xFF,0xFF,0xFF,0xFF,0xFF,0xFF,0xFF,0xFF,0xFF,0xFF,0xFF,0xFF,0xFF,0xFF,0xFF,0xFF,0xFF,0xFF,0xFF,0xFF,0xFF,0xFF,0xFF,0xFF,0xFF,0xFF,0xFF,0xFF,0xFF,0xFF,0xFF,0xFF,0xFF,0xFF,0xFF,0xFF,0xFF,0xFF,0xFF,0xFF,0xFF,0xFF,
	0xFF,0xFF,0xFF,0xFF,0xFF,0xFF,0xFF,0xFF,0xFF,0xFF,0xFF,0xFF,0xFF,0xFF,0xFF,0xFF,0xFF,0xFF,0x00,0x00,0x00,0x00,0x00,0x00,0x00,0x00,0x00,0x00,0x00,0x00,0x00,0x00,0x00,0x00,0x00,0x00,0x00,0x00,0x00,0x00,0x00,0x00,0x00,0x00,0x00,0x00,0x00,0x00,0x00,0x00,0x00,0x00,0x00,0x00,0x00,0xFF,0xFF,0xFF,0xFF,0xFF,0xFF,0xFF,0xFF,0xFF,
	0xFF,0xFF,0xFF,0xFF,0xFF,0xFF,0xFF,0xFF,0xFF,0xFF,0xFF,0xFF,0xFF,0xFF,0xFF,0xFF,0xFF,0xFF,0xFF,0xFF,0xFF,0xFF,0xFF,0xFF,0xFF,0xFF,0xFF,0xFF,0xFF,0xFF,0xFF,0xFF,0xFF,0xFF,0xFF,0xFF,0xFF,0xFF,0xFF,0xFF,0xFF,0xFF,0xFF,0xFF,0xFF,0xFF,0xFF,0xFF,0xFF,0xFF,0xFF,0xFF,0xFF,0xFF,0xFF,0xFF,0xFF,0xFF,0xFF,0xFF,0xFF,0xFF,0xFF,0xFF,
	0xFF,0xFF,0xFF,0xFF,0xFF,0xFF,0xFF,0xFF,0xFF,0xFF,0xFF,0xFF,0xFF,0xFF,0xFF,0xFF,0xFF,0xFF,0xFF,0xFF,0xFF,0xFF,0xFF,0xFF,0xFF,0xFF,0xFF,0xFF,0xFF,0xFF,0xFF,0xFF,0xFF,0xFF,0xFF,0xFF,0xFF,0xFF,0xFF,0xFF,0xFF,0xFF,0xFF,0xFF,0xFF,0xFF,0xFF,0xFF,0xFF,0xFF,0xFF,0xFF,0xFF,0xFF,0xFF,0xFF,0xFF,0xFF,0xFF,0xFF,0xFF,0xFF,0xFF,0xFF,
	0xFF,0xFF,0xFF,0xFF,0xFF,0xFF,0xFF,0xFF,0xFF,0xFF,0xFF,0xFF,0xFF,0xFF,0xFF,0xFF,0xFF,0xFF,0xFF,0xFF,0xFF,0xFF,0xFF,0xFF,0xFF,0xFF,0xFF,0xFF,0xFF,0xFF,0xFF,0xFF,0xFF,0xFF,0xFF,0xFF,0xFF,0xFF,0xFF,0xFF,0xFF,0xFF,0xFF,0xFF,0xFF,0xFF,0xFF,0xFF,0xFF,0xFF,0xFF,0xFF,0xFF,0xFF,0xFF,0xFF,0xFF,0xFF,0xFF,0xFF,0xFF,0xFF,0xFF,0xFF,
	0xFF,0xFF,0xFF,0xFF,0xFF,0xFF,0xFF,0xFF,0xFF,0xFF,0xFF,0xFF,0xFF,0xFF,0xFF,0xFF,0xFF,0xFF,0xFF,0xFF,0xFF,0xFF,0xFF,0xFF,0xFF,0xFF,0xFF,0xFF,0xFF,0xFF,0xFF,0xFF,0xFF,0xFF,0xFF,0xFF,0xFF,0xFF,0xFF,0xFF,0xFF,0xFF,0xFF,0xFF,0xFF,0xFF,0xFF,0xFF,0xFF,0xFF,0xFF,0xFF,0xFF,0xFF,0xFF,0xFF,0xFF,0xFF,0xFF,0xFF,0xFF,0xFF,0xFF,0xFF,
	0xFF,0xFF,0xFF,0xFF,0xFF,0xFF,0xFF,0xFF,0xFF,0xFF,0xFF,0xFF,0xFF,0xFF,0xFF,0xFF,0xFF,0xFF,0xFF,0xFF,0xFF,0xFF,0xFF,0xFF,0xFF,0xFF,0xFF,0xFF,0xFF,0xFF,0xFF,0xFF,0xFF,0xFF,0xFF,0xFF,0xFF,0xFF,0xFF,0xFF,0xFF,0xFF,0xFF,0xFF,0xFF,0xFF,0xFF,0xFF,0xFF,0xFF,0xFF,0xFF,0xFF,0xFF,0xFF,0x00,0x00,0x00,0x00,0x00,0x00,0x00,0x00,0x00,
	0x00,0x00,0x00,0x00,0x00,0x00,0x00,0x00,0x00,0x00,0x00,0x00,0x00,0x00,0x00,0x00,0x00,0x00,0x00,0x00,0x00,0x00,0x00,0x00,0xFF,0xFF,0xFF,0xFF,0xFF,0xFF,0xFF,0xFF,0xFF,0xFF,0xFF,0xFF,0xFF,0xFF,0xFF,0xFF,0xFF,0xFF,0xFF,0xFF,0xFF,0xFF,0xFF,0xFF,0xFF,0xFF,0xFF,0xFF,0xFF,0xFF,0xFF,0xFF,0xFF,0xFF,0xFF,0xFF,0xFF,0xFF,0xFF,0xFF,
	0xFF,0xFF,0xFF,0xFF,0xFF,0xFF,0xFF,0xFF,0xFF,0xFF,0xFF,0xFF,0xFF,0xFF,0xFF,0xFF,0xFF,0xFF,0xFF,0xFF,0xFF,0xFF,0xFF,0xFF,0xFF,0xFF,0xFF,0xFF,0xFF,0xFF,0xFF,0xFF,0xFF,0xFF,0xFF,0xFF,0xFF,0xFF,0xFF,0xFF,0xFF,0xFF,0xFF,0xFF,0xFF,0xFF,0xFF,0xFF,0xFF,0xFF,0xFF,0xFF,0xFF,0xFF,0xFF,0xFF,0xFF,0xFF,0xFF,0xFF,0xFF,0xFF,0xFF,0xFF,
	0xFF,0xFF,0xFF,0xFF,0xFF,0xFF,0xFF,0xFF,0xFF,0xFF,0xFF,0xFF,0xFF,0xFF,0xFF,0xFF,0xFF,0xFF,0xFF,0xFF,0xFF,0xFF,0xFF,0xFF,0xFF,0xFF,0xFF,0xFF,0xFF,0xFF,0xFF,0xFF,0xFF,0xFF,0xFF,0xFF,0xFF,0xFF,0xFF,0xFF,0xFF,0xFF,0xFF,0xFF,0xFF,0xFF,0xFF,0xFF,0xFF,0xFF,0xFF,0xFF,0xFF,0xFF,0xFF,0xFF,0xFF,0xFF,0xFF,0xFF,0xFF,0xFF,0xFF,0xFF,
	0xFF,0xFF,0xFF,0xFF,0xFF,0xFF,0xFF,0xFF,0xFF,0xFF,0xFF,0xFF,0xFF,0xFF,0xFF,0xFF,0xFF,0xFF,0xFF,0xFF,0xFF,0xFF,0xFF,0xFF,0xFF,0xFF,0xFF,0xFF,0xFF,0xFF,0xFF,0xFF,0xFF,0xFF,0xFF,0xFF,0xFF,0xFF,0xFF,0xFF,0xFF,0xFF,0xFF,0xFF,0xFF,0xFF,0xFF,0xFF,0xFF,0xFF,0xFF,0xFF,0xFF,0xFF,0xFF,0xFF,0xFF,0xFF,0xFF,0xFF,0xFF,0xFF,0xFF,0xFF,
	0xFF,0xFF,0xFF,0xFF,0xFF,0xFF,0xFF,0xFF,0xFF,0xFF,0xFF,0xFF,0xFF,0xFF,0xFF,0xFF,0xFF,0xFF,0xFF,0xFF,0xFF,0xFF,0xFF,0xFF,0xFF,0xFF,0xFF,0xFF,0xFF,0xFF,0xFF,0xFF,0xFF,0xFF,0xFF,0xFF,0xFF,0xFF,0xFF,0xFF,0xFF,0xFF,0xFF,0xFF,0xFF,0xFF,0xFF,0xFF,0xFF,0xFF,0xFF,0xFF,0xFF,0xFF,0xFF,0xFF,0xFF,0xFF,0xFF,0xFF,0xFF,0xFF,0xFF,0xFF,
	0xFF,0xFF,0xFF,0xFF,0xFF,0xFF,0xFF,0xFF,0xFF,0xFF,0xFF,0xFF,0xFF,0xFF,0xFF,0xFF,0xFF,0xFF,0xFF,0xFF,0xFF,0xFF,0xFF,0xFF,0xFF,0xFF,0x00,0x00,0x00,0x00,0x00,0x00,0x00,0x00,0x00,0x00,0x00,0x00,0x00,0x00,0x00,0x00,0x00,0x00,0x00,0x00,0x00,0x00,0x00,0x00,0x00,0x00,0x00,0x00,0x00,0x00,0xFF,0xFF,0xFF,0xFF,0xFF,0xFF,0xFF,0xFF,
	0xFF,0xFF,0xFF,0xFF,0xFF,0xFF,0xFF,0xFF,0xFF,0xFF,0xFF,0xFF,0xFF,0xFF,0xFF,0xFF,0xFF,0xFF,0xFF,0xFF,0xFF,0xFF,0xFF,0xFF,0xFF,0xFF,0xFF,0xFF,0xFF,0xFF,0xFF,0xFF,0xFF,0xFF,0xFF,0xFF,0xFF,0xFF,0xFF,0xFF,0xFF,0xFF,0xFF,0xFF,0xFF,0xFF,0xFF,0xFF,0xFF,0xFF,0xFF,0xFF,0xFF,0xFF,0xFF,0xFF,0xFF,0xFF,0xFF,0xFF,0xFF,0xFF,0xFF,0xFF,
	0xFF,0xFF,0xFF,0xFF,0xFF,0xFF,0xFF,0xFF,0xFF,0xFF,0xFF,0xFF,0xFF,0xFF,0xFF,0xFF,0xFF,0xFF,0xFF,0xFF,0xFF,0xFF,0xFF,0xFF,0xFF,0xFF,0xFF,0xFF,0xFF,0xFF,0xFF,0xFF,0xFF,0xFF,0xFF,0xFF,0xFF,0xFF,0xFF,0xFF,0xFF,0xFF,0xFF,0xFF,0xFF,0xFF,0xFF,0xFF,0xFF,0xFF,0xFF,0xFF,0xFF,0xFF,0xFF,0xFF,0xFF,0xFF,0xFF,0xFF,0xFF,0xFF,0xFF,0xFF,
	0xFF,0xFF,0xFF,0xFF,0xFF,0xFF,0xFF,0xFF,0xFF,0xFF,0xFF,0xFF,0xFF,0xFF,0xFF,0xFF,0xFF,0xFF,0xFF,0xFF,0xFF,0xFF,0xFF,0xFF,0xFF,0xFF,0xFF,0xFF,0xFF,0xFF,0xFF,0xFF,0xFF,0xFF,0xFF,0xFF,0xFF,0xFF,0xFF,0xFF,0xFF,0xFF,0xFF,0xFF,0xFF,0xFF,0xFF,0xFF,0xFF,0xFF,0xFF,0xFF,0xFF,0xFF,0xFF,0xFF,0xFF,0xFF,0xFF,0xFF,0xFF,0xFF,0xFF,0xFF,
	0xFF,0xFF,0xFF,0xFF,0xFF,0xFF,0xFF,0xFF,0xFF,0xFF,0xFF,0xFF,0xFF,0xFF,0xFF,0xFF,0xFF,0xFF,0xFF,0xFF,0xFF,0xFF,0xFF,0xFF,0xFF,0xFF,0xFF,0xFF,0xFF,0xFF,0xFF,0xFF,0xFF,0xFF,0xFF,0xFF,0xFF,0xFF,0xFF,0xFF,0xFF,0xFF,0xFF,0xFF,0xFF,0xFF,0xFF,0xFF,0xFF,0xFF,0xFF,0xFF,0xFF,0xFF,0xFF,0xFF,0xFF,0xFF,0xFF,0xFF,0xFF,0xFF,0xFF,0xFF,
	0xFF,0xFF,0xFF,0xFF,0xFF,0xFF,0xFF,0xFF,0xFF,0xFF,0xFF,0xFF,0xFF,0xFF,0xFF,0xFF,0xFF,0xFF,0xFF,0xFF,0xFF,0xFF,0xFF,0xFF,0xFF,0xFF,0xFF,0xFF,0xFF,0xFF,0xFF,0xFF,0xFF,0xFF,0xFF,0xFF,0xFF,0xFF,0xFF,0xFF,0xFF,0xFF,0xFF,0xFF,0xFF,0xFF,0xFF,0xFF,0xFF,0xFF,0xFF,0xFF,0xFF,0xFF,0xFF,0xFF,0xFF,0xFF,0xFF,0xFF,0xFF,0xFF,0x00,0x00,
	0x00,0x00,0x00,0x00,0x00,0x00,0x00,0x00,0x00,0x00,0x00,0x00,0x00,0x00,0x00,0x00,0x00,0x00,0x00,0x00,0x00,0x00,0x00,0x00,0x00,0xFF,0xFF,0xFF,0xFF,0xFF,0xFF,0xFF,0xFF,0xFF,0xFF,0xFF,0xFF,0xFF,0xFF,0xFF,0xFF,0xFF,0xFF,0xFF,0xFF,0xFF,0xFF,0xFF,0xFF,0xFF,0xFF,0xFF,0xFF,0xFF,0xFF,0xFF,0xFF,0xFF,0xFF,0xFF,0xFF,0xFF,0xFF,0xFF,
	0xFF,0xFF,0xFF,0xFF,0xFF,0xFF,0xFF,0xFF,0xFF,0xFF,0xFF,0xFF,0xFF,0xFF,0xFF,0xFF,0xFF,0xFF,0xFF,0xFF,0xFF,0xFF,0xFF,0xFF,0xFF,0xFF,0xFF,0xFF,0xFF,0xFF,0xFF,0xFF,0xFF,0xFF,0xFF,0xFF,0xFF,0xFF,0xFF,0xFF,0xFF,0xFF,0xFF,0xFF,0xFF,0xFF,0xFF,0xFF,0xFF,0xFF,0xFF,0xFF,0xFF,0xFF,0xFF,0xFF,0xFF,0xFF,0xFF,0xFF,0xFF,0xFF,0xFF,0xFF,
	0xFF,0xFF,0xFF,0xFF,0xFF,0xFF,0xFF,0xFF,0xFF,0xFF,0xFF,0xFF,0xFF,0xFF,0xFF,0xFF,0xFF,0xFF,0xFF,0xFF,0xFF,0xFF,0xFF,0xFF,0xFF,0xFF,0xFF,0xFF,0xFF,0xFF,0xFF,0xFF,0xFF,0xFF,0xFF,0xFF,0xFF,0xFF,0xFF,0xFF,0xFF,0xFF,0xFF,0xFF,0xFF,0xFF,0xFF,0xFF,0xFF,0xFF,0xFF,0xFF,0xFF,0xFF,0xFF,0xFF,0xFF,0xFF,0xFF,0xFF,0xFF,0xFF,0xFF,0xFF,
	0xFF,0xFF,0xFF,0xFF,0xFF,0xFF,0xFF,0xFF,0xFF,0xFF,0xFF,0xFF,0xFF,0xFF,0xFF,0xFF,0xFF,0xFF,0xFF,0xFF,0xFF,0xFF,0xFF,0xFF,0xFF,0xFF,0xFF,0xFF,0xFF,0xFF,0xFF,0xFF,0xFF,0xFF,0xFF,0xFF,0xFF,0xFF,0xFF,0xFF,0xFF,0xFF,0xFF,0xFF,0xFF,0xFF,0xFF,0xFF,0xFF,0xFF,0xFF,0xFF,0xFF,0xFF,0xFF,0xFF,0xFF,0xFF,0xFF,0xFF,0xFF,0xFF,0xFF,0xFF,
	0xFF,0xFF,0xFF,0xFF,0xFF,0xFF,0xFF,0xFF,0xFF,0xFF,0xFF,0xFF,0xFF,0xFF,0xFF,0xFF,0xFF,0xFF,0xFF,0xFF,0xFF,0xFF,0xFF,0xFF,0xFF,0xFF,0xFF,0xFF,0xFF,0xFF,0xFF,0xFF,0xFF,0xFF,0xFF,0xFF,0xFF,0xFF,0xFF,0xFF,0xFF,0xFF,0xFF,0xFF,0xFF,0xFF,0xFF,0xFF,0xFF,0xFF,0xFF,0xFF,0xFF,0xFF,0xFF,0xFF,0xFF,0xFF,0xFF,0xFF,0xFF,0xFF,0xFF,0xFF,
	0xFF,0xFF,0xFF,0xFF,0xFF,0xFF,0xFF,0xFF,0xFF,0xFF,0xFF,0xFF,0xFF,0xFF,0xFF,0xFF,0xFF,0xFF,0xFF,0xFF,0xFF,0xFF,0xFF,0xFF,0xFF,0xFF,0xFF,0xFF,0xFF,0xFF,0xFF,0xFF,0xFF,0x00,0x00,0x00,0x00,0x00,0x00,0x00,0x00,0x00,0x00,0x00,0x00,0x00,0x00,0x00,0x00,0x00,0x00,0x00,0x00,0x00,0x00,0x00,0x00,0x00,0xFF,0xFF,0xFF,0xFF,0xFF,0xFF,
	0xFF,0xFF,0xFF,0xFF,0xFF,0xFF,0xFF,0xFF,0xFF,0xFF,0xFF,0xFF,0xFF,0xFF,0xFF,0xFF,0xFF,0xFF,0xFF,0xFF,0xFF,0xFF,0xFF,0xFF,0xFF,0xFF,0xFF,0xFF,0xFF,0xFF,0xFF,0xFF,0xFF,0xFF,0xFF,0xFF,0xFF,0xFF,0xFF,0xFF,0xFF,0xFF,0xFF,0xFF,0xFF,0xFF,0xFF,0xFF,0xFF,0xFF,0xFF,0xFF,0xFF,0xFF,0xFF,0xFF,0xFF,0xFF,0xFF,0xFF,0xFF,0xFF,0xFF,0xFF,
	0xFF,0xFF,0xFF,0xFF,0xFF,0xFF,0xFF,0xFF,0xFF,0xFF,0xFF,0xFF,0xFF,0xFF,0xFF,0xFF,0xFF,0xFF,0xFF,0xFF,0xFF,0xFF,0xFF,0xFF,0xFF,0xFF,0xFF,0xFF,0xFF,0xFF,0xFF,0xFF,0xFF,0xFF,0xFF,0xFF,0xFF,0xFF,0xFF,0xFF,0xFF,0xFF,0xFF,0xFF,0xFF,0xFF,0xFF,0xFF,0xFF,0xFF,0xFF,0xFF,0xFF,0xFF,0xFF,0xFF,0xFF,0xFF,0xFF,0xFF,0xFF,0xFF,0xFF,0xFF,
	0xFF,0xFF,0xFF,0xFF,0xFF,0xFF,0xFF,0xFF,0xFF,0xFF,0xFF,0xFF,0xFF,0xFF,0xFF,0xFF,0xFF,0xFF,0xFF,0xFF,0xFF,0xFF,0xFF,0xFF,0xFF,0xFF,0xFF,0xFF,0xFF,0xFF,0xFF,0xFF,0xFF,0xFF,0xFF,0xFF,0xFF,0xFF,0xFF,0xFF,0xFF,0xFF,0xFF,0xFF,0xFF,0xFF,0xFF,0xFF,0xFF,0xFF,0xFF,0xFF,0xFF,0xFF,0xFF,0xFF,0xFF,0xFF,0xFF,0xFF,0xFF,0xFF,0xFF,0xFF,
	0xFF,0xFF,0xFF,0xFF,0xFF,0xFF,0xFF,0xFF,0xFF,0xFF,0xFF,0xFF,0xFF,0xFF,0xFF,0xFF,0xFF,0xFF,0xFF,0xFF,0xFF,0xFF,0xFF,0xFF,0xFF,0xFF,0xFF,0xFF,0xFF,0xFF,0xFF,0xFF,0xFF,0xFF,0xFF,0xFF,0xFF,0xFF,0xFF,0xFF,0xFF,0xFF,0xFF,0xFF,0xFF,0xFF,0xFF,0xFF,0xFF,0xFF,0xFF,0xFF,0xFF,0xFF,0xFF,0xFF,0xFF,0xFF,0xFF,0xFF,0xFF,0xFF,0xFF,0xFF,
	0xFF,0xFF,0xFF,0xFF,0xFF,0xFF,0xFF,0xFF,0xFF,0xFF,0xFF,0xFF,0xFF,0xFF,0xFF,0xFF,0xFF,0xFF,0xFF,0xFF,0xFF,0xFF,0xFF,0xFF,0xFF,0xFF,0xFF,0xFF,0xFF,0xFF,0xFF,0xFF,0xFF,0xFF,0xFF,0xFF,0xFF,0xFF,0xFF,0xFF,0xFF,0xFF,0xFF,0xFF,0xFF,0xFF,0xFF,0xFF,0xFF,0xFF,0xFF,0xFF,0xFF,0xFF,0xFF,0xFF,0xFF,0xFF,0xFF,0xFF,0xFF,0xFF,0xFF,0xFF,
	0xFF,0xFF,0xFF,0xFF,0x00,0x00,0x00,0x00,0x00,0x00,0x00,0x00,0x00,0x00,0x00,0x00,0x00,0x00,0x00,0x00,0x00,0x00,0x00,0x00,0x00,0x00,0xFF,0xFF,0xFF,0xFF,0xFF,0xFF,0xFF,0xFF,0xFF,0xFF,0xFF,0xFF,0xFF,0xFF,0xFF,0xFF,0xFF,0xFF,0xFF,0xFF,0xFF,0xFF,0xFF,0xFF,0xFF,0xFF,0xFF,0xFF,0xFF,0xFF,0xFF,0xFF,0xFF,0xFF,0xFF,0xFF,0xFF,0xFF,
	0xFF,0xFF,0xFF,0xFF,0xFF,0xFF,0xFF,0xFF,0xFF,0xFF,0xFF,0xFF,0xFF,0xFF,0xFF,0xFF,0xFF,0xFF,0xFF,0xFF,0xFF,0xFF,0xFF,0xFF,0xFF,0xFF,0xFF,0xFF,0xFF,0xFF,0xFF,0xFF,0xFF,0xFF,0xFF,0xFF,0xFF,0xFF,0xFF,0xFF,0xFF,0xFF,0xFF,0xFF,0xFF,0xFF,0xFF,0xFF,0xFF,0xFF,0xFF,0xFF,0xFF,0xFF,0xFF,0xFF,0xFF,0xFF,0xFF,0xFF,0xFF,0xFF,0xFF,0xFF,
	0xFF,0xFF,0xFF,0xFF,0xFF,0xFF,0xFF,0xFF,0xFF,0xFF,0xFF,0xFF,0xFF,0xFF,0xFF,0xFF,0xFF,0xFF,0xFF,0xFF,0xFF,0xFF,0xFF,0xFF,0xFF,0xFF,0xFF,0xFF,0xFF,0xFF,0xFF,0xFF,0xFF,0xFF,0xFF,0xFF,0xFF,0xFF,0xFF,0xFF,0xFF,0xFF,0xFF,0xFF,0xFF,0xFF,0xFF,0xFF,0xFF,0xFF,0xFF,0xFF,0xFF,0xFF,0xFF,0xFF,0xFF,0xFF,0xFF,0xFF,0xFF,0xFF,0xFF,0xFF,
	0xFF,0xFF,0xFF,0xFF,0xFF,0xFF,0xFF,0xFF,0xFF,0xFF,0xFF,0xFF,0xFF,0xFF,0xFF,0xFF,0xFF,0xFF,0xFF,0xFF,0xFF,0xFF,0xFF,0xFF,0xFF,0xFF,0xFF,0xFF,0xFF,0xFF,0xFF,0xFF,0xFF,0xFF,0xFF,0xFF,0xFF,0xFF,0xFF,0xFF,0xFF,0xFF,0xFF,0xFF,0xFF,0xFF,0xFF,0xFF,0xFF,0xFF,0xFF,0xFF,0xFF,0xFF,0xFF,0xFF,0xFF,0xFF,0xFF,0xFF,0xFF,0xFF,0xFF,0xFF,
	0xFF,0xFF,0xFF,0xFF,0xFF,0xFF,0xFF,0xFF,0xFF,0xFF,0xFF,0xFF,0xFF,0xFF,0xFF,0xFF,0xFF,0xFF,0xFF,0xFF,0xFF,0xFF,0xFF,0xFF,0xFF,0xFF,0xFF,0xFF,0xFF,0xFF,0xFF,0xFF,0xFF,0xFF,0xFF,0xFF,0xFF,0xFF,0xFF,0xFF,0xFF,0xFF,0xFF,0xFF,0xFF,0xFF,0xFF,0xFF,0xFF,0xFF,0xFF,0xFF,0xFF,0xFF,0xFF,0xFF,0xFF,0xFF,0xFF,0xFF,0xFF,0xFF,0xFF,0xFF,
	0xFF,0xFF,0xFF,0xFF,0xFF,0xFF,0xFF,0xFF,0xFF,0xFF,0xFF,0xFF,0xFF,0xFF,0xFF,0xFF,0xFF,0xFF,0xFF,0xFF,0xFF,0xFF,0xFF,0xFF,0xFF,0xFF,0xFF,0xFF,0xFF,0xFF,0xFF,0xFF,0xFF,0xFF,0xFF,0xFF,0xFF,0xFF,0xFF,0xFF,0x00,0x00,0x00,0x00,0x00,0x00,0x00,0x00,0x00,0x00,0x00,0x00,0x00,0x00,0x00,0x00,0x00,0x00,0x00,0xFF,0xFF,0xFF,0xFF,0xFF,
	0xFF,0xFF,0xFF,0xFF,0xFF,0xFF,0xFF,0xFF,0xFF,0xFF,0xFF,0xFF,0xFF,0xFF,0xFF,0xFF,0xFF,0xFF,0xFF,0xFF,0xFF,0xFF,0xFF,0xFF,0xFF,0xFF,0xFF,0xFF,0xFF,0xFF,0xFF,0xFF,0xFF,0xFF,0xFF,0xFF,0xFF,0xFF,0xFF,0xFF,0xFF,0xFF,0xFF,0xFF,0xFF,0xFF,0xFF,0xFF,0xFF,0xFF,0xFF,0xFF,0xFF,0xFF,0xFF,0xFF,0xFF,0xFF,0xFF,0xFF,0xFF,0xFF,0xFF,0xFF,
	0xFF,0xFF,0xFF,0xFF,0xFF,0xFF,0xFF,0xFF,0xFF,0xFF,0xFF,0xFF,0xFF,0xFF,0xFF,0xFF,0xFF,0xFF,0xFF,0xFF,0xFF,0xFF,0xFF,0xFF,0xFF,0xFF,0xFF,0xFF,0xFF,0xFF,0xFF,0xFF,0xFF,0xFF,0xFF,0xFF,0xFF,0xFF,0xFF,0xFF,0xFF,0xFF,0xFF,0xFF,0xFF,0xFF,0xFF,0xFF,0xFF,0xFF,0xFF,0xFF,0xFF,0xFF,0xFF,0xFF,0xFF,0xFF,0xFF,0xFF,0xFF,0xFF,0xFF,0xFF,
	0xFF,0xFF,0xFF,0xFF,0xFF,0xFF,0xFF,0xFF,0xFF,0xFF,0xFF,0xFF,0xFF,0xFF,0xFF,0xFF,0xFF,0xFF,0xFF,0xFF,0xFF,0xFF,0xFF,0xFF,0xFF,0xFF,0xFF,0xFF,0xFF,0xFF,0xFF,0xFF,0xFF,0xFF,0xFF,0xFF,0xFF,0xFF,0xFF,0xFF,0xFF,0xFF,0xFF,0xFF,0xFF,0xFF,0xFF,0xFF,0xFF,0xFF,0xFF,0xFF,0xFF,0xFF,0xFF,0xFF,0xFF,0xFF,0xFF,0xFF,0xFF,0xFF,0xFF,0xFF,
	0xFF,0xFF,0xFF,0xFF,0xFF,0xFF,0xFF,0xFF,0xFF,0xFF,0xFF,0xFF,0xFF,0xFF,0xFF,0xFF,0xFF,0xFF,0xFF,0xFF,0xFF,0xFF,0xFF,0xFF,0xFF,0xFF,0xFF,0xFF,0xFF,0xFF,0xFF,0xFF,0xFF,0xFF,0xFF,0xFF,0xFF,0xFF,0xFF,0xFF,0xFF,0xFF,0xFF,0xFF,0xFF,0xFF,0xFF,0xFF,0xFF,0xFF,0xFF,0xFF,0xFF,0xFF,0xFF,0xFF,0xFF,0xFF,0xFF,0xFF,0xFF,0xFF,0xFF,0xFF,
	0xFF,0xFF,0xFF,0xFF,0xFF,0xFF,0xFF,0xFF,0xFF,0xFF,0xFF,0xFF,0xFF,0xFF,0xFF,0xFF,0xFF,0xFF,0xFF,0xFF,0xFF,0xFF,0xFF,0xFF,0xFF,0xFF,0xFF,0xFF,0xFF,0xFF,0xFF,0xFF,0xFF,0xFF,0xFF,0xFF,0xFF,0xFF,0xFF,0xFF,0xFF,0xFF,0xFF,0xFF,0xFF,0xFF,0xFF,0xFF,0xFF,0xFF,0xFF,0xFF,0xFF,0xFF,0xFF,0xFF,0xFF,0xFF,0xFF,0xFF,0xFF,0xFF,0xFF,0xFF,
	0xFF,0xFF,0xFF,0xFF,0xFF,0xFF,0xFF,0xFF,0xFF,0xFF,0xFF,0x00,0x00,0x00,0x00,0x00,0x00,0x00,0x00,0x00,0x00,0x00,0x00,0x00,0x00,0x00,0x00,0x00,0xFF,0xFF,0xFF,0xFF,0xFF,0xFF,0xFF,0xFF,0xFF,0xFF,0xFF,0xFF,0xFF,0xFF,0xFF,0xFF,0xFF,0xFF,0xFF,0xFF,0xFF,0xFF,0xFF,0xFF,0xFF,0xFF,0xFF,0xFF,0xFF,0xFF,0xFF,0xFF,0xFF,0xFF,0xFF,0xFF,
	0xFF,0xFF,0xFF,0xFF,0xFF,0xFF,0xFF,0xFF,0xFF,0xFF,0xFF,0xFF,0xFF,0xFF,0xFF,0xFF,0xFF,0xFF,0xFF,0xFF,0xFF,0xFF,0xFF,0xFF,0xFF,0xFF,0xFF,0xFF,0xFF,0xFF,0xFF,0xFF,0xFF,0xFF,0xFF,0xFF,0xFF,0xFF,0xFF,0xFF,0xFF,0xFF,0xFF,0xFF,0xFF,0xFF,0xFF,0xFF,0xFF,0xFF,0xFF,0xFF,0xFF,0xFF,0xFF,0xFF,0xFF,0xFF,0xFF,0xFF,0xFF,0xFF,0xFF,0xFF,
	0xFF,0xFF,0xFF,0xFF,0xFF,0xFF,0xFF,0xFF,0xFF,0xFF,0xFF,0xFF,0xFF,0xFF,0xFF,0xFF,0xFF,0xFF,0xFF,0xFF,0xFF,0xFF,0xFF,0xFF,0xFF,0xFF,0xFF,0xFF,0xFF,0xFF,0xFF,0xFF,0xFF,0xFF,0xFF,0xFF,0xFF,0xFF,0xFF,0xFF,0xFF,0xFF,0xFF,0xFF,0xFF,0xFF,0xFF,0xFF,0xFF,0xFF,0xFF,0xFF,0xFF,0xFF,0xFF,0xFF,0xFF,0xFF,0xFF,0xFF,0xFF,0xFF,0xFF,0xFF,
	0xFF,0xFF,0xFF,0xFF,0xFF,0xFF,0xFF,0xFF,0xFF,0xFF,0xFF,0xFF,0xFF,0xFF,0xFF,0xFF,0xFF,0xFF,0xFF,0xFF,0xFF,0xFF,0xFF,0xFF,0xFF,0xFF,0xFF,0xFF,0xFF,0xFF,0xFF,0xFF,0xFF,0xFF,0xFF,0xFF,0xFF,0xFF,0xFF,0xFF,0xFF,0xFF,0xFF,0xFF,0xFF,0xFF,0xFF,0xFF,0xFF,0xFF,0xFF,0xFF,0xFF,0xFF,0xFF,0xFF,0xFF,0xFF,0xFF,0xFF,0xFF,0xFF,0xFF,0xFF,
	0xFF,0xFF,0xFF,0xFF,0xFF,0xFF,0xFF,0xFF,0xFF,0xFF,0xFF,0xFF,0xFF,0xFF,0xFF,0xFF,0xFF,0xFF,0xFF,0xFF,0xFF,0xFF,0xFF,0xFF,0xFF,0xFF,0xFF,0xFF,0xFF,0xFF,0xFF,0xFF,0xFF,0xFF,0xFF,0xFF,0xFF,0xFF,0xFF,0xFF,0xFF,0xFF,0xFF,0xFF,0xFF,0xFF,0xFF,0xFF,0xFF,0xFF,0xFF,0xFF,0xFF,0xFF,0xFF,0xFF,0xFF,0xFF,0xFF,0xFF,0xFF,0xFF,0xFF,0xFF,
	0xFF,0xFF,0xFF,0xFF,0xFF,0xFF,0xFF,0xFF,0xFF,0xFF,0xFF,0xFF,0xFF,0xFF,0xFF,0xFF,0xFF,0xFF,0xFF,0xFF,0xFF,0xFF,0xFF,0xFF,0xFF,0xFF,0xFF,0xFF,0xFF,0xFF,0xFF,0xFF,0xFF,0xFF,0xFF,0xFF,0xFF,0xFF,0xFF,0xFF,0xFF,0xFF,0xFF,0xFF,0xFF,0xFF,0x00,0x00,0x00,0x00,0x00,0x00,0x00,0x00,0x00,0x00,0x00,0x00,0x00,0x00,0x00,0x00,0xFF,0xFF,
	0xFF,0xFF,0xFF,0xFF,0xFF,0xFF,0xFF,0xFF,0xFF,0xFF,0xFF,0xFF,0xFF,0xFF,0xFF,0xFF,0xFF,0xFF,0xFF,0xFF,0xFF,0xFF,0xFF,0xFF,0xFF,0xFF,0xFF,0xFF,0xFF,0xFF,0xFF,0xFF,0xFF,0xFF,0xFF,0xFF,0xFF,0xFF,0xFF,0xFF,0xFF,0xFF,0xFF,0xFF,0xFF,0xFF,0xFF,0xFF,0xFF,0xFF,0xFF,0xFF,0xFF,0xFF,0xFF,0xFF,0xFF,0xFF,0xFF,0xFF,0xFF,0xFF,0xFF,0xFF,
	0xFF,0xFF,0xFF,0xFF,0xFF,0xFF,0xFF,0xFF,0xFF,0xFF,0xFF,0xFF,0xFF,0xFF,0xFF,0xFF,0xFF,0xFF,0xFF,0xFF,0xFF,0xFF,0xFF,0xFF,0xFF,0xFF,0xFF,0xFF,0xFF,0xFF,0xFF,0xFF,0xFF,0xFF,0xFF,0xFF,0xFF,0xFF,0xFF,0xFF,0xFF,0xFF,0xFF,0xFF,0xFF,0xFF,0xFF,0xFF,0xFF,0xFF,0xFF,0xFF,0xFF,0xFF,0xFF,0xFF,0xFF,0xFF,0xFF,0xFF,0xFF,0xFF,0xFF,0xFF,
	0xFF,0xFF,0xFF,0xFF,0xFF,0xFF,0xFF,0xFF,0xFF,0xFF,0xFF,0xFF,0xFF,0xFF,0xFF,0xFF,0xFF,0xFF,0xFF,0xFF,0xFF,0xFF,0xFF,0xFF,0xFF,0xFF,0xFF,0xFF,0xFF,0xFF,0xFF,0xFF,0xFF,0xFF,0xFF,0xFF,0xFF,0xFF,0xFF,0xFF,0xFF,0xFF,0xFF,0xFF,0xFF,0xFF,0xFF,0xFF,0xFF,0xFF,0xFF,0xFF,0xFF,0xFF,0xFF,0xFF,0xFF,0xFF,0xFF,0xFF,0xFF,0xFF,0xFF,0xFF,
	0xFF,0xFF,0xFF,0xFF,0xFF,0xFF,0xFF,0xFF,0xFF,0xFF,0xFF,0xFF,0xFF,0xFF,0xFF,0xFF,0xFF,0xFF,0xFF,0xFF,0xFF,0xFF,0xFF,0xFF,0xFF,0xFF,0xFF,0xFF,0xFF,0xFF,0xFF,0xFF,0xFF,0xFF,0xFF,0xFF,0xFF,0xFF,0xFF,0xFF,0xFF,0xFF,0xFF,0xFF,0xFF,0xFF,0xFF,0xFF,0xFF,0xFF,0xFF,0xFF,0xFF,0xFF,0xFF,0xFF,0xFF,0xFF,0xFF,0xFF,0xFF,0xFF,0xFF,0xFF,
	0xFF,0xFF,0xFF,0xFF,0xFF,0xFF,0xFF,0xFF,0xFF,0xFF,0xFF,0xFF,0xFF,0xFF,0xFF,0xFF,0xFF,0xFF,0xFF,0xFF,0xFF,0xFF,0xFF,0xFF,0xFF,0xFF,0xFF,0xFF,0xFF,0xFF,0xFF,0xFF,0xFF,0xFF,0xFF,0xFF,0xFF,0xFF,0xFF,0xFF,0xFF,0xFF,0xFF,0xFF,0xFF,0xFF,0xFF,0xFF,0xFF,0xFF,0xFF,0xFF,0xFF,0xFF,0xFF,0xFF,0xFF,0xFF,0xFF,0xFF,0xFF,0xFF,0xFF,0xFF,
	0xFF,0xFF,0xFF,0xFF,0xFF,0xFF,0xFF,0xFF,0xFF,0xFF,0xFF,0xFF,0xFF,0xFF,0xFF,0xFF,0x00,0x00,0x00,0x00,0x00,0x00,0x00,0x00,0x00,0x00,0x00,0x00,0x00,0x00,0x00,0xFF,0xFF,0xFF,0xFF,0xFF,0xFF,0xFF,0xFF,0xFF,0xFF,0xFF,0xFF,0xFF,0xFF,0xFF,0xFF,0xFF,0xFF,0xFF,0xFF,0xFF,0xFF,0xFF,0xFF,0xFF,0xFF,0xFF,0xFF,0xFF,0xFF,0xFF,0xFF,0xFF,
	0xFF,0xFF,0xFF,0xFF,0xFF,0xFF,0xFF,0xFF,0xFF,0xFF,0xFF,0xFF,0xFF,0xFF,0xFF,0xFF,0xFF,0xFF,0xFF,0xFF,0xFF,0xFF,0xFF,0xFF,0xFF,0xFF,0xFF,0xFF,0xFF,0xFF,0xFF,0xFF,0xFF,0xFF,0xFF,0xFF,0xFF,0xFF,0xFF,0xFF,0xFF,0xFF,0xFF,0xFF,0xFF,0xFF,0xFF,0xFF,0xFF,0xFF,0xFF,0xFF,0xFF,0xFF,0xFF,0xFF,0xFF,0xFF,0xFF,0xFF,0xFF,0xFF,0xFF,0xFF,
	0xFF,0xFF,0xFF,0xFF,0xFF,0xFF,0xFF,0xFF,0xFF,0xFF,0xFF,0xFF,0xFF,0xFF,0xFF,0xFF,0xFF,0xFF,0xFF,0xFF,0xFF,0xFF,0xFF,0xFF,0xFF,0xFF,0xFF,0xFF,0xFF,0xFF,0xFF,0xFF,0xFF,0xFF,0xFF,0xFF,0xFF,0xFF,0xFF,0xFF,0xFF,0xFF,0xFF,0xFF,0xFF,0xFF,0xFF,0xFF,0xFF,0xFF,0xFF,0xFF,0xFF,0xFF,0xFF,0xFF,0xFF,0xFF,0xFF,0xFF,0xFF,0xFF,0xFF,0xFF,
	0xFF,0xFF,0xFF,0xFF,0xFF,0xFF,0xFF,0xFF,0xFF,0xFF,0xFF,0xFF,0xFF,0xFF,0xFF,0xFF,0xFF,0xFF,0xFF,0xFF,0xFF,0xFF,0xFF,0xFF,0xFF,0xFF,0xFF,0xFF,0xFF,0xFF,0xFF,0xFF,0xFF,0xFF,0xFF,0xFF,0xFF,0xFF,0xFF,0xFF,0xFF,0xFF,0xFF,0xFF,0xFF,0xFF,0xFF,0xFF,0xFF,0xFF,0xFF,0xFF,0xFF,0xFF,0xFF,0xFF,0xFF,0xFF,0xFF,0xFF,0xFF,0xFF,0xFF,0xFF,
	0xFF,0xFF,0xFF,0xFF,0xFF,0xFF,0xFF,0xFF,0xFF,0xFF,0xFF,0xFF,0xFF,0xFF,0xFF,0xFF,0xFF,0xFF,0xFF,0xFF,0xFF,0xFF,0xFF,0xFF,0xFF,0xFF,0xFF,0xFF,0xFF,0xFF,0xFF,0xFF,0xFF,0xFF,0xFF,0xFF,0xFF,0xFF,0xFF,0xFF,0xFF,0xFF,0xFF,0xFF,0xFF,0xFF,0xFF,0xFF,0xFF,0xFF,0xFF,0xFF,0xFF,0xFF,0xFF,0xFF,0xFF,0xFF,0xFF,0xFF,0xFF,0xFF,0xFF,0xFF,
	0xFF,0xFF,0xFF,0xFF,0xFF,0xFF,0xFF,0xFF,0xFF,0xFF,0xFF,0xFF,0xFF,0xFF,0xFF,0xFF,0xFF,0xFF,0xFF,0xFF,0xFF,0xFF,0xFF,0xFF,0xFF,0xFF,0xFF,0xFF,0xFF,0xFF,0xFF,0xFF,0xFF,0xFF,0xFF,0xFF,0xFF,0xFF,0xFF,0xFF,0xFF,0xFF,0xFF,0xFF,0xFF,0xFF,0xFF,0xFF,0xFF,0xFF,0xFF,0x00,0x00,0x00,0x00,0x00,0x00,0x00,0x00,0x00,0x00,0x00,0x00,0x00,
	0xFF,0xFF,0xFF,0xFF,0xFF,0xFF,0xFF,0xFF,0xFF,0xFF,0xFF,0xFF,0xFF,0xFF,0xFF,0xFF,0xFF,0xFF,0xFF,0xFF,0xFF,0xFF,0xFF,0xFF,0xFF,0xFF,0xFF,0xFF,0xFF,0xFF,0xFF,0xFF,0xFF,0xFF,0xFF,0xFF,0xFF,0xFF,0xFF,0xFF,0xFF,0xFF,0xFF,0xFF,0xFF,0xFF,0xFF,0xFF,0xFF,0xFF,0xFF,0xFF,0xFF,0xFF,0xFF,0xFF,0xFF,0xFF,0xFF,0xFF,0xFF,0xFF,0xFF,0xFF,
	0xFF,0xFF,0xFF,0xFF,0xFF,0xFF,0xFF,0xFF,0xFF,0xFF,0xFF,0xFF,0xFF,0xFF,0xFF,0xFF,0xFF,0xFF,0xFF,0xFF,0xFF,0xFF,0xFF,0xFF,0xFF,0xFF,0xFF,0xFF,0xFF,0xFF,0xFF,0xFF,0xFF,0xFF,0xFF,0xFF,0xFF,0xFF,0xFF,0xFF,0xFF,0xFF,0xFF,0xFF,0xFF,0xFF,0xFF,0xFF,0xFF,0xFF,0xFF,0xFF,0xFF,0xFF,0xFF,0xFF,0xFF,0xFF,0xFF,0xFF,0xFF,0xFF,0xFF,0xFF,
	0xFF,0xFF,0xFF,0xFF,0xFF,0xFF,0xFF,0xFF,0xFF,0xFF,0xFF,0xFF,0xFF,0xFF,0xFF,0xFF,0xFF,0xFF,0xFF,0xFF,0xFF,0xFF,0xFF,0xFF,0xFF,0xFF,0xFF,0xFF,0xFF,0xFF,0xFF,0xFF,0xFF,0xFF,0xFF,0xFF,0xFF,0xFF,0xFF,0xFF,0xFF,0xFF,0xFF,0xFF,0xFF,0xFF,0xFF,0xFF,0xFF,0xFF,0xFF,0xFF,0xFF,0xFF,0xFF,0xFF,0xFF,0xFF,0xFF,0xFF,0xFF,0xFF,0xFF,0xFF,
	0xFF,0xFF,0xFF,0xFF,0xFF,0xFF,0xFF,0xFF,0xFF,0xFF,0xFF,0xFF,0xFF,0xFF,0xFF,0xFF,0xFF,0xFF,0xFF,0xFF,0xFF,0xFF,0xFF,0xFF,0xFF,0xFF,0xFF,0xFF,0xFF,0xFF,0xFF,0xFF,0xFF,0xFF,0xFF,0xFF,0xFF,0xFF,0xFF,0xFF,0xFF,0xFF,0xFF,0xFF,0xFF,0xFF,0xFF,0xFF,0xFF,0xFF,0xFF,0xFF,0xFF,0xFF,0xFF,0xFF,0xFF,0xFF,0xFF,0xFF,0xFF,0xFF,0xFF,0xFF,
	0xFF,0xFF,0xFF,0xFF,0xFF,0xFF,0xFF,0xFF,0xFF,0xFF,0xFF,0xFF,0xFF,0xFF,0xFF,0xFF,0xFF,0xFF,0xFF,0xFF,0xFF,0xFF,0xFF,0xFF,0xFF,0xFF,0xFF,0xFF,0xFF,0xFF,0xFF,0xFF,0xFF,0xFF,0xFF,0xFF,0xFF,0xFF,0xFF,0xFF,0xFF,0xFF,0xFF,0xFF,0xFF,0xFF,0xFF,0xFF,0xFF,0xFF,0xFF,0xFF,0xFF,0xFF,0xFF,0xFF,0xFF,0xFF,0xFF,0xFF,0xFF,0xFF,0xFF,0xFF,
	0xFF,0xFF,0xFF,0xFF,0xFF,0xFF,0xFF,0xFF,0xFF,0xFF,0xFF,0xFF,0xFF,0xFF,0xFF,0xFF,0xFF,0xFF,0xFF,0xFF,0xFF,0xFF,0x00,0x00,0x00,0x00,0x00,0x00,0x00,0x00,0x00,0x00,0x00,0xFF,0xFF,0xFF,0xFF,0xFF,0xFF,0xFF,0xFF,0xFF,0xFF,0xFF,0xFF,0xFF,0xFF,0xFF,0xFF,0xFF,0xFF,0xFF,0xFF,0xFF,0xFF,0xFF,0xFF,0xFF,0xFF,0xFF,0xFF,0xFF,0xFF,0xFF,
	0xFF,0xFF,0xFF,0xFF,0xFF,0xFF,0xFF,0xFF,0xFF,0xFF,0xFF,0xFF,0xFF,0xFF,0xFF,0xFF,0xFF,0xFF,0xFF,0xFF,0xFF,0xFF,0xFF,0xFF,0xFF,0xFF,0xFF,0xFF,0xFF,0xFF,0xFF,0xFF,0xFF,0xFF,0xFF,0xFF,0xFF,0xFF,0xFF,0xFF,0xFF,0xFF,0xFF,0xFF,0xFF,0xFF,0xFF,0xFF,0xFF,0xFF,0xFF,0xFF,0xFF,0xFF,0xFF,0xFF,0xFF,0xFF,0xFF,0xFF,0xFF,0xFF,0xFF,0xFF,
	0xFF,0xFF,0xFF,0xFF,0xFF,0xFF,0xFF,0xFF,0xFF,0xFF,0xFF,0xFF,0xFF,0xFF,0xFF,0xFF,0xFF,0xFF,0xFF,0xFF,0xFF,0xFF,0xFF,0xFF,0xFF,0xFF,0xFF,0xFF,0xFF,0xFF,0xFF,0xFF,0xFF,0xFF,0xFF,0xFF,0xFF,0xFF,0xFF,0xFF,0xFF,0xFF,0xFF,0xFF,0xFF,0xFF,0xFF,0xFF,0xFF,0xFF,0xFF,0xFF,0xFF,0xFF,0xFF,0xFF,0xFF,0xFF,0xFF,0xFF,0xFF,0xFF,0xFF,0xFF,
	0xFF,0xFF,0xFF,0xFF,0xFF,0xFF,0xFF,0xFF,0xFF,0xFF,0xFF,0xFF,0xFF,0xFF,0xFF,0xFF,0xFF,0xFF,0xFF,0xFF,0xFF,0xFF,0xFF,0xFF,0xFF,0xFF,0xFF,0xFF,0xFF,0xFF,0xFF,0xFF,0xFF,0xFF,0xFF,0xFF,0xFF,0xFF,0xFF,0xFF,0xFF,0xFF,0xFF,0xFF,0xFF,0xFF,0xFF,0xFF,0xFF,0xFF,0xFF,0xFF,0xFF,0xFF,0xFF,0xFF,0xFF,0xFF,0xFF,0xFF,0xFF,0xFF,0xFF,0xFF,
	0xFF,0xFF,0xFF,0xFF,0xFF,0xFF,0xFF,0xFF,0xFF,0xFF,0xFF,0xFF,0xFF,0xFF,0xFF,0xFF,0xFF,0xFF,0xFF,0xFF,0xFF,0xFF,0xFF,0xFF,0xFF,0xFF,0xFF,0xFF,0xFF,0xFF,0xFF,0xFF,0xFF,0xFF,0xFF,0xFF,0xFF,0xFF,0xFF,0xFF,0xFF,0xFF,0xFF,0xFF,0xFF,0xFF,0xFF,0xFF,0xFF,0xFF,0xFF,0xFF,0xFF,0xFF,0xFF,0xFF,0xFF,0xFF,0xFF,0xFF,0xFF,0xFF,0xFF,0xFF,
	0xFF,0xFF,0xFF,0xFF,0xFF,0xFF,0xFF,0xFF,0xFF,0xFF,0xFF,0xFF,0xFF,0xFF,0xFF,0xFF,0xFF,0xFF,0xFF,0xFF,0xFF,0xFF,0xFF,0xFF,0xFF,0xFF,0xFF,0xFF,0xFF,0xFF,0xFF,0xFF,0xFF,0xFF,0xFF,0xFF,0xFF,0xFF,0xFF,0xFF,0xFF,0xFF,0xFF,0xFF,0xFF,0xFF,0xFF,0xFF,0xFF,0xFF,0xFF,0xFF,0xFF,0xFF,0xFF,0xFF,0xFF,0x00,0x00,0x00,0x00,0x00,0x00,0x00,
	0x00,0x00,0x00,0xFF,0xFF,0xFF,0xFF,0xFF,0xFF,0xFF,0xFF,0xFF,0xFF,0xFF,0xFF,0xFF,0xFF,0xFF,0xFF,0xFF,0xFF,0xFF,0xFF,0xFF,0xFF,0xFF,0xFF,0xFF,0xFF,0xFF,0xFF,0xFF,0xFF,0xFF,0xFF,0xFF,0xFF,0xFF,0xFF,0xFF,0xFF,0xFF,0xFF,0xFF,0xFF,0xFF,0xFF,0xFF,0xFF,0xFF,0xFF,0xFF,0xFF,0xFF,0xFF,0xFF,0xFF,0xFF,0xFF,0xFF,0xFF,0xFF,0xFF,0xFF,
	0xFF,0xFF,0xFF,0xFF,0xFF,0xFF,0xFF,0xFF,0xFF,0xFF,0xFF,0xFF,0xFF,0xFF,0xFF,0xFF,0xFF,0xFF,0xFF,0xFF,0xFF,0xFF,0xFF,0xFF,0xFF,0xFF,0xFF,0xFF,0xFF,0xFF,0xFF,0xFF,0xFF,0xFF,0xFF,0xFF,0xFF,0xFF,0xFF,0xFF,0xFF,0xFF,0xFF,0xFF,0xFF,0xFF,0xFF,0xFF,0xFF,0xFF,0xFF,0xFF,0xFF,0xFF,0xFF,0xFF,0xFF,0xFF,0xFF,0xFF,0xFF,0xFF,0xFF,0xFF,
	0xFF,0xFF,0xFF,0xFF,0xFF,0xFF,0xFF,0xFF,0xFF,0xFF,0xFF,0xFF,0xFF,0xFF,0xFF,0xFF,0xFF,0xFF,0xFF,0xFF,0xFF,0xFF,0xFF,0xFF,0xFF,0xFF,0xFF,0xFF,0xFF,0xFF,0xFF,0xFF,0xFF,0xFF,0xFF,0xFF,0xFF,0xFF,0xFF,0xFF,0xFF,0xFF,0xFF,0xFF,0xFF,0xFF,0xFF,0xFF,0xFF,0xFF,0xFF,0xFF,0xFF,0xFF,0xFF,0xFF,0xFF,0xFF,0xFF,0xFF,0xFF,0xFF,0xFF,0xFF,
	0xFF,0xFF,0xFF,0xFF,0xFF,0xFF,0xFF,0xFF,0xFF,0xFF,0xFF,0xFF,0xFF,0xFF,0xFF,0xFF,0xFF,0xFF,0xFF,0xFF,0xFF,0xFF,0xFF,0xFF,0xFF,0xFF,0xFF,0xFF,0xFF,0xFF,0xFF,0xFF,0xFF,0xFF,0xFF,0xFF,0xFF,0xFF,0xFF,0xFF,0xFF,0xFF,0xFF,0xFF,0xFF,0xFF,0xFF,0xFF,0xFF,0xFF,0xFF,0xFF,0xFF,0xFF,0xFF,0xFF,0xFF,0xFF,0xFF,0xFF,0xFF,0xFF,0xFF,0xFF,
	0xFF,0xFF,0xFF,0xFF,0xFF,0xFF,0xFF,0xFF,0xFF,0xFF,0xFF,0xFF,0xFF,0xFF,0xFF,0xFF,0xFF,0xFF,0xFF,0xFF,0xFF,0xFF,0xFF,0xFF,0xFF,0xFF,0xFF,0xFF,0xFF,0xFF,0xFF,0xFF,0xFF,0xFF,0xFF,0xFF,0xFF,0xFF,0xFF,0xFF,0xFF,0xFF,0xFF,0xFF,0xFF,0xFF,0xFF,0xFF,0xFF,0xFF,0xFF,0xFF,0xFF,0xFF,0xFF,0xFF,0xFF,0xFF,0xFF,0xFF,0xFF,0xFF,0xFF,0xFF,
	0xFF,0xFF,0xFF,0xFF,0xFF,0xFF,0xFF,0xFF,0xFF,0xFF,0xFF,0xFF,0xFF,0xFF,0xFF,0xFF,0xFF,0xFF,0xFF,0xFF,0xFF,0xFF,0xFF,0xFF,0xFF,0xFF,0xFF,0x00,0x00,0x00,0x00,0x00,0x00,0x00,0x00,0x00,0xFF,0xFF,0xFF,0xFF,0xFF,0xFF,0xFF,0xFF,0xFF,0xFF,0xFF,0xFF,0xFF,0xFF,0xFF,0xFF,0xFF,0xFF,0xFF,0xFF,0xFF,0xFF,0xFF,0xFF,0xFF,0xFF,0xFF,0xFF,
	0xFF,0xFF,0xFF,0xFF,0xFF,0xFF,0xFF,0xFF,0xFF,0xFF,0xFF,0xFF,0xFF,0xFF,0xFF,0xFF,0xFF,0xFF,0xFF,0xFF,0xFF,0xFF,0xFF,0xFF,0xFF,0xFF,0xFF,0xFF,0xFF,0xFF,0xFF,0xFF,0xFF,0xFF,0xFF,0xFF,0xFF,0xFF,0xFF,0xFF,0xFF,0xFF,0xFF,0xFF,0xFF,0xFF,0xFF,0xFF,0xFF,0xFF,0xFF,0xFF,0xFF,0xFF,0xFF,0xFF,0xFF,0xFF,0xFF,0xFF,0xFF,0xFF,0xFF,0xFF,
	0xFF,0xFF,0xFF,0xFF,0xFF,0xFF,0xFF,0xFF,0xFF,0xFF,0xFF,0xFF,0xFF,0xFF,0xFF,0xFF,0xFF,0xFF,0xFF,0xFF,0xFF,0xFF,0xFF,0xFF,0xFF,0xFF,0xFF,0xFF,0xFF,0xFF,0xFF,0xFF,0xFF,0xFF,0xFF,0xFF,0xFF,0xFF,0xFF,0xFF,0xFF,0xFF,0xFF,0xFF,0xFF,0xFF,0xFF,0xFF,0xFF,0xFF,0xFF,0xFF,0xFF,0xFF,0xFF,0xFF,0xFF,0xFF,0xFF,0xFF,0xFF,0xFF,0xFF,0xFF,
	0xFF,0xFF,0xFF,0xFF,0xFF,0xFF,0xFF,0xFF,0xFF,0xFF,0xFF,0xFF,0xFF,0xFF,0xFF,0xFF,0xFF,0xFF,0xFF,0xFF,0xFF,0xFF,0xFF,0xFF,0xFF,0xFF,0xFF,0xFF,0xFF,0xFF,0xFF,0xFF,0xFF,0xFF,0xFF,0xFF,0xFF,0xFF,0xFF,0xFF,0xFF,0xFF,0xFF,0xFF,0xFF,0xFF,0xFF,0xFF,0xFF,0xFF,0xFF,0xFF,0xFF,0xFF,0xFF,0xFF,0xFF,0xFF,0xFF,0xFF,0xFF,0xFF,0xFF,0xFF,
	0xFF,0xFF,0xFF,0xFF,0xFF,0xFF,0xFF,0xFF,0xFF,0xFF,0xFF,0xFF,0xFF,0xFF,0xFF,0xFF,0xFF,0xFF,0xFF,0xFF,0xFF,0xFF,0xFF,0xFF,0xFF,0xFF,0xFF,0xFF,0xFF,0xFF,0xFF,0xFF,0xFF,0xFF,0xFF,0xFF,0xFF,0xFF,0xFF,0xFF,0xFF,0xFF,0xFF,0xFF,0xFF,0xFF,0xFF,0xFF,0xFF,0xFF,0xFF,0xFF,0xFF,0xFF,0xFF,0xFF,0xFF,0xFF,0xFF,0xFF,0xFF,0xFF,0xFF,0xFF,
	0xFF,0xFF,0xFF,0xFF,0xFF,0xFF,0xFF,0xFF,0xFF,0xFF,0xFF,0xFF,0xFF,0xFF,0xFF,0xFF,0xFF,0xFF,0xFF,0xFF,0xFF,0xFF,0xFF,0xFF,0xFF,0xFF,0xFF,0xFF,0xFF,0xFF,0xFF,0xFF,0xFF,0xFF,0xFF,0xFF,0xFF,0xFF,0xFF,0xFF,0xFF,0xFF,0xFF,0xFF,0xFF,0xFF,0xFF,0xFF,0xFF,0xFF,0xFF,0xFF,0xFF,0xFF,0xFF,0xFF,0xFF,0xFF,0xFF,0xFF,0xFF,0xFF,0x00,0x00,
	0x00,0x00,0x00,0x00,0x00,0xFF,0xFF,0xFF,0xFF,0xFF,0xFF,0xFF,0xFF,0xFF,0xFF,0xFF,0xFF,0xFF,0xFF,0xFF,0xFF,0xFF,0xFF,0xFF,0xFF,0xFF,0xFF,0xFF,0xFF,0xFF,0xFF,0xFF,0xFF,0xFF,0xFF,0xFF,0xFF,0xFF,0xFF,0xFF,0xFF,0xFF,0xFF,0xFF,0xFF,0xFF,0xFF,0xFF,0xFF,0xFF,0xFF,0xFF,0xFF,0xFF,0xFF,0xFF,0xFF,0xFF,0xFF,0xFF,0xFF,0xFF,0xFF,0xFF,
	0xFF,0xFF,0xFF,0xFF,0xFF,0xFF,0xFF,0xFF,0xFF,0xFF,0xFF,0xFF,0xFF,0xFF,0xFF,0xFF,0xFF,0xFF,0xFF,0xFF,0xFF,0xFF,0xFF,0xFF,0xFF,0xFF,0xFF,0xFF,0xFF,0xFF,0xFF,0xFF,0xFF,0xFF,0xFF,0xFF,0xFF,0xFF,0xFF,0xFF,0xFF,0xFF,0xFF,0xFF,0xFF,0xFF,0xFF,0xFF,0xFF,0xFF,0xFF,0xFF,0xFF,0xFF,0xFF,0xFF,0xFF,0xFF,0xFF,0xFF,0xFF,0xFF,0xFF,0xFF,
	0xFF,0xFF,0xFF,0xFF,0xFF,0xFF,0xFF,0xFF,0xFF,0xFF,0xFF,0xFF,0xFF,0xFF,0xFF,0xFF,0xFF,0xFF,0xFF,0xFF,0xFF,0xFF,0xFF,0xFF,0xFF,0xFF,0xFF,0xFF,0xFF,0xFF,0xFF,0xFF,0xFF,0xFF,0xFF,0xFF,0xFF,0xFF,0xFF,0xFF,0xFF,0xFF,0xFF,0xFF,0xFF,0xFF,0xFF,0xFF,0xFF,0xFF,0xFF,0xFF,0xFF,0xFF,0xFF,0xFF,0xFF,0xFF,0xFF,0xFF,0xFF,0xFF,0xFF,0xFF,
	0xFF,0xFF,0xFF,0xFF,0xFF,0xFF,0xFF,0xFF,0xFF,0xFF,0xFF,0xFF,0xFF,0xFF,0xFF,0xFF,0xFF,0xFF,0xFF,0xFF,0xFF,0xFF,0xFF,0xFF,0xFF,0xFF,0xFF,0xFF,0xFF,0xFF,0xFF,0xFF,0xFF,0xFF,0xFF,0xFF,0xFF,0xFF,0xFF,0xFF,0xFF,0xFF,0xFF,0xFF,0xFF,0xFF,0xFF,0xFF,0xFF,0xFF,0xFF,0xFF,0xFF,0xFF,0xFF,0xFF,0xFF,0xFF,0xFF,0xFF,0xFF,0xFF,0xFF,0xFF,
	0xFF,0xFF,0xFF,0xFF,0xFF,0xFF,0xFF,0xFF,0xFF,0xFF,0xFF,0xFF,0xFF,0xFF,0xFF,0xFF,0xFF,0xFF,0xFF,0xFF,0xFF,0xFF,0xFF,0xFF,0xFF,0xFF,0xFF,0xFF,0xFF,0xFF,0xFF,0xFF,0xFF,0xFF,0xFF,0xFF,0xFF,0xFF,0xFF,0xFF,0xFF,0xFF,0xFF,0xFF,0xFF,0xFF,0xFF,0xFF,0xFF,0xFF,0xFF,0xFF,0xFF,0xFF,0xFF,0xFF,0xFF,0xFF,0xFF,0xFF,0xFF,0xFF,0xFF,0xFF,
	0xFF,0xFF,0xFF,0xFF,0xFF,0xFF,0xFF,0xFF,0xFF,0xFF,0xFF,0xFF,0xFF,0xFF,0xFF,0xFF,0xFF,0xFF,0xFF,0xFF,0xFF,0xFF,0xFF,0xFF,0xFF,0xFF,0xFF,0xFF,0xFF,0xFF,0xFF,0xFF,0xFF,0x00,0x00,0x00,0x00,0x00,0x00,0xFF,0xFF,0xFF,0xFF,0xFF,0xFF,0xFF,0xFF,0xFF,0xFF,0xFF,0xFF,0xFF,0xFF,0xFF,0xFF,0xFF,0xFF,0xFF,0xFF,0xFF,0xFF,0xFF,0xFF,0xFF,
	0xFF,0xFF,0xFF,0xFF,0xFF,0xFF,0xFF,0xFF,0xFF,0xFF,0xFF,0xFF,0xFF,0xFF,0xFF,0xFF,0xFF,0xFF,0xFF,0xFF,0xFF,0xFF,0xFF,0xFF,0xFF,0xFF,0xFF,0xFF,0xFF,0xFF,0xFF,0xFF,0xFF,0xFF,0xFF,0xFF,0xFF,0xFF,0xFF,0xFF,0xFF,0xFF,0xFF,0xFF,0xFF,0xFF,0xFF,0xFF,0xFF,0xFF,0xFF,0xFF,0xFF,0xFF,0xFF,0xFF,0xFF,0xFF,0xFF,0xFF,0xFF,0xFF,0xFF,0xFF,
	0xFF,0xFF,0xFF,0xFF,0xFF,0xFF,0xFF,0xFF,0xFF,0xFF,0xFF,0xFF,0xFF,0xFF,0xFF,0xFF,0xFF,0xFF,0xFF,0xFF,0xFF,0xFF,0xFF,0xFF,0xFF,0xFF,0xFF,0xFF,0xFF,0xFF,0xFF,0xFF,0xFF,0xFF,0xFF,0xFF,0xFF,0xFF,0xFF,0xFF,0xFF,0xFF,0xFF,0xFF,0xFF,0xFF,0xFF,0xFF,0xFF,0xFF,0xFF,0xFF,0xFF,0xFF,0xFF,0xFF,0xFF,0xFF,0xFF,0xFF,0xFF,0xFF,0xFF,0xFF,
	0xFF,0xFF,0xFF,0xFF,0xFF,0xFF,0xFF,0xFF,0xFF,0xFF,0xFF,0xFF,0xFF,0xFF,0xFF,0xFF,0xFF,0xFF,0xFF,0xFF,0xFF,0xFF,0xFF,0xFF,0xFF,0xFF,0xFF,0xFF,0xFF,0xFF,0xFF,0xFF,0xFF,0xFF,0xFF,0xFF,0xFF,0xFF,0xFF,0xFF,0xFF,0xFF,0xFF,0xFF,0xFF,0xFF,0xFF,0xFF,0xFF,0xFF,0xFF,0xFF,0xFF,0xFF,0xFF,0xFF,0xFF,0xFF,0xFF,0xFF,0xFF,0xFF,0xFF,0xFF,
	0xFF,0xFF,0xFF,0xFF,0xFF,0xFF,0xFF,0xFF,0xFF,0xFF,0xFF,0xFF,0xFF,0xFF,0xFF,0xFF,0xFF,0xFF,0xFF,0xFF,0xFF,0xFF,0xFF,0xFF,0xFF,0xFF,0xFF,0xFF,0xFF,0xFF,0xFF,0xFF,0xFF,0xFF,0xFF,0xFF,0xFF,0xFF,0xFF,0xFF,0xFF,0xFF,0xFF,0xFF,0xFF,0xFF,0xFF,0xFF,0xFF,0xFF,0xFF,0xFF,0xFF,0xFF,0xFF,0xFF,0xFF,0xFF,0xFF,0xFF,0xFF,0xFF,0xFF,0xFF,
	0xFF,0xFF,0xFF,0xFF,0xFF,0xFF,0xFF,0xFF,0xFF,0xFF,0xFF,0xFF,0xFF,0xFF,0xFF,0xFF,0xFF,0xFF,0xFF,0xFF,0xFF,0xFF,0xFF,0xFF,0xFF,0xFF,0xFF,0xFF,0xFF,0xFF,0xFF,0xFF,0xFF,0xFF,0xFF,0xFF,0xFF,0xFF,0xFF,0xFF,0xFF,0xFF,0xFF,0xFF,0xFF,0xFF,0xFF,0xFF,0xFF,0xFF,0xFF,0xFF,0xFF,0xFF,0xFF,0xFF,0xFF,0xFF,0xFF,0xFF,0xFF,0xFF,0xFF,0xFF,
	0xFF,0xFF,0xFF,0x00,0x00,0x00,0x00,0x00,0x00,0xFF,0xFF,0xFF,0xFF,0xFF,0xFF,0xFF,0xFF,0xFF,0xFF,0xFF,0xFF,0xFF,0xFF,0xFF,0xFF,0xFF,0xFF,0xFF,0xFF,0xFF,0xFF,0xFF,0xFF,0xFF,0xFF,0xFF,0xFF,0xFF,0xFF,0xFF,0xFF,0xFF,0xFF,0xFF,0xFF,0xFF,0xFF,0xFF,0xFF,0xFF,0xFF,0xFF,0xFF,0xFF,0xFF,0xFF,0xFF,0xFF,0xFF,0xFF,0xFF,0xFF,0xFF,0xFF,
	0xFF,0xFF,0xFF,0xFF,0xFF,0xFF,0xFF,0xFF,0xFF,0xFF,0xFF,0xFF,0xFF,0xFF,0xFF,0xFF,0xFF,0xFF,0xFF,0xFF,0xFF,0xFF,0xFF,0xFF,0xFF,0xFF,0xFF,0xFF,0xFF,0xFF,0xFF,0xFF,0xFF,0xFF,0xFF,0xFF,0xFF,0xFF,0xFF,0xFF,0xFF,0xFF,0xFF,0xFF,0xFF,0xFF,0xFF,0xFF,0xFF,0xFF,0xFF,0xFF,0xFF,0xFF,0xFF,0xFF,0xFF,0xFF,0xFF,0xFF,0xFF,0xFF,0xFF,0xFF,
	0xFF,0xFF,0xFF,0xFF,0xFF,0xFF,0xFF,0xFF,0xFF,0xFF,0xFF,0xFF,0xFF,0xFF,0xFF,0xFF,0xFF,0xFF,0xFF,0xFF,0xFF,0xFF,0xFF,0xFF,0xFF,0xFF,0xFF,0xFF,0xFF,0xFF,0xFF,0xFF,0xFF,0xFF,0xFF,0xFF,0xFF,0xFF,0xFF,0xFF,0xFF,0xFF,0xFF,0xFF,0xFF,0xFF,0xFF,0xFF,0xFF,0xFF,0xFF,0xFF,0xFF,0xFF,0xFF,0xFF,0xFF,0xFF,0xFF,0xFF,0xFF,0xFF,0xFF,0xFF,
	0xFF,0xFF,0xFF,0xFF,0xFF,0xFF,0xFF,0xFF,0xFF,0xFF,0xFF,0xFF,0xFF,0xFF,0xFF,0xFF,0xFF,0xFF,0xFF,0xFF,0xFF,0xFF,0xFF,0xFF,0xFF,0xFF,0xFF,0xFF,0xFF,0xFF,0xFF,0xFF,0xFF,0xFF,0xFF,0xFF,0xFF,0xFF,0xFF,0xFF,0xFF,0xFF,0xFF,0xFF,0xFF,0xFF,0xFF,0xFF,0xFF,0xFF,0xFF,0xFF,0xFF,0xFF,0xFF,0xFF,0xFF,0xFF,0xFF,0xFF,0xFF,0xFF,0xFF,0xFF,
	0xFF,0xFF,0xFF,0xFF,0xFF,0xFF,0xFF,0xFF,0xFF,0xFF,0xFF,0xFF,0xFF,0xFF,0xFF,0xFF,0xFF,0xFF,0xFF,0xFF,0xFF,0xFF,0xFF,0xFF,0xFF,0xFF,0xFF,0xFF,0xFF,0xFF,0xFF,0xFF,0xFF,0xFF,0xFF,0xFF,0xFF,0xFF,0xFF,0xFF,0xFF,0xFF,0xFF,0xFF,0xFF,0xFF,0xFF,0xFF,0xFF,0xFF,0xFF,0xFF,0xFF,0xFF,0xFF,0xFF,0xFF,0xFF,0xFF,0xFF,0xFF,0xFF,0xFF,0xFF,
	0xFF,0xFF,0xFF,0xFF,0xFF,0xFF,0xFF,0xFF,0xFF,0xFF,0xFF,0xFF,0xFF,0xFF,0xFF,0xFF,0xFF,0xFF,0xFF,0xFF,0xFF,0xFF,0xFF,0xFF,0xFF,0xFF,0xFF,0xFF,0xFF,0xFF,0xFF,0xFF,0xFF,0xFF,0xFF,0xFF,0xFF,0x00,0x00,0x00,0x00,0x00,0xFF,0xFF,0xFF,0xFF,0xFF,0xFF,0xFF,0xFF,0xFF,0xFF,0xFF,0xFF,0xFF,0xFF,0xFF,0xFF,0xFF,0xFF,0xFF,0xFF,0xFF,0xFF,
	0xFF,0xFF,0xFF,0xFF,0xFF,0xFF,0xFF,0xFF,0xFF,0xFF,0xFF,0xFF,0xFF,0xFF,0xFF,0xFF,0xFF,0xFF,0xFF,0xFF,0xFF,0xFF,0xFF,0xFF,0xFF,0xFF,0xFF,0xFF,0xFF,0xFF,0xFF,0xFF,0xFF,0xFF,0xFF,0xFF,0xFF,0xFF,0xFF,0xFF,0xFF,0xFF,0xFF,0xFF,0xFF,0xFF,0xFF,0xFF,0xFF,0xFF,0xFF,0xFF,0xFF,0xFF,0xFF,0xFF,0xFF,0xFF,0xFF,0xFF,0xFF,0xFF,0xFF,0xFF,
	0xFF,0xFF,0xFF,0xFF,0xFF,0xFF,0xFF,0xFF,0xFF,0xFF,0xFF,0xFF,0xFF,0xFF,0xFF,0xFF,0xFF,0xFF,0xFF,0xFF,0xFF,0xFF,0xFF,0xFF,0xFF,0xFF,0xFF,0xFF,0xFF,0xFF,0xFF,0xFF,0xFF,0xFF,0xFF,0xFF,0xFF,0xFF,0xFF,0xFF,0xFF,0xFF,0xFF,0xFF,0xFF,0xFF,0xFF,0xFF,0xFF,0xFF,0xFF,0xFF,0xFF,0xFF,0xFF,0xFF,0xFF,0xFF,0xFF,0xFF,0xFF,0xFF,0xFF,0xFF,
	0xFF,0xFF,0xFF,0xFF,0xFF,0xFF,0xFF,0xFF,0xFF,0xFF,0xFF,0xFF,0xFF,0xFF,0xFF,0xFF,0xFF,0xFF,0xFF,0xFF,0xFF,0xFF,0xFF,0xFF,0xFF,0xFF,0xFF,0xFF,0xFF,0xFF,0xFF,0xFF,0xFF,0xFF,0xFF,0xFF,0xFF,0xFF,0xFF,0xFF,0xFF,0xFF,0xFF,0xFF,0xFF,0xFF,0xFF,0xFF,0xFF,0xFF,0xFF,0xFF,0xFF,0xFF,0xFF,0xFF,0xFF,0xFF,0xFF,0xFF,0xFF,0xFF,0xFF,0xFF,
	0xFF,0xFF,0xFF,0xFF,0xFF,0xFF,0xFF,0xFF,0xFF,0xFF,0xFF,0xFF,0xFF,0xFF,0xFF,0xFF,0xFF,0xFF,0xFF,0xFF,0xFF,0xFF,0xFF,0xFF,0xFF,0xFF,0xFF,0xFF,0xFF,0xFF,0xFF,0xFF,0xFF,0xFF,0xFF,0xFF,0xFF,0xFF,0xFF,0xFF,0xFF,0xFF,0xFF,0xFF,0xFF,0xFF,0xFF,0xFF,0xFF,0xFF,0xFF,0xFF,0xFF,0xFF,0xFF,0xFF,0xFF,0xFF,0xFF,0xFF,0xFF,0xFF,0xFF,0xFF,
	0xFF,0xFF,0xFF,0xFF,0xFF,0xFF,0xFF,0xFF,0xFF,0xFF,0xFF,0xFF,0xFF,0xFF,0xFF,0xFF,0xFF,0xFF,0xFF,0xFF,0xFF,0xFF,0xFF,0xFF,0xFF,0xFF,0xFF,0xFF,0xFF,0xFF,0xFF,0xFF,0xFF,0xFF,0xFF,0xFF,0xFF,0xFF,0xFF,0xFF,0xFF,0xFF,0xFF,0xFF,0xFF,0xFF,0xFF,0xFF,0xFF,0xFF,0xFF,0xFF,0xFF,0xFF,0xFF,0xFF,0xFF,0xFF,0xFF,0xFF,0xFF,0xFF,0xFF,0xFF,
	0xFF,0xFF,0xFF,0xFF,0xFF,0xFF,0xFF,0xFF,0x00,0x00,0x00,0xFF,0xFF,0xFF,0xFF,0xFF,0xFF,0xFF,0xFF,0xFF,0xFF,0xFF,0xFF,0xFF,0xFF,0xFF,0xFF,0xFF,0xFF,0xFF,0xFF,0xFF,0xFF,0xFF,0xFF,0xFF,0xFF,0xFF,0xFF,0xFF,0xFF,0xFF,0xFF,0xFF,0xFF,0xFF,0xFF,0xFF,0xFF,0xFF,0xFF,0xFF,0xFF,0xFF,0xFF,0xFF,0xFF,0xFF,0xFF,0xFF,0xFF,0xFF,0xFF,0xFF,
	0xFF,0xFF,0xFF,0xFF,0xFF,0xFF,0xFF,0xFF,0xFF,0xFF,0xFF,0xFF,0xFF,0xFF,0xFF,0xFF,0xFF,0xFF,0xFF,0xFF,0xFF,0xFF,0xFF,0xFF,0xFF,0xFF,0xFF,0xFF,0xFF,0xFF,0xFF,0xFF,0xFF,0xFF,0xFF,0xFF,0xFF,0xFF,0xFF,0xFF,0xFF,0xFF,0xFF,0xFF,0xFF,0xFF,0xFF,0xFF,0xFF,0xFF,0xFF,0xFF,0xFF,0xFF,0xFF,0xFF,0xFF,0xFF,0xFF,0xFF,0xFF,0xFF,0xFF,0xFF,
	0xFF,0xFF,0xFF,0xFF,0xFF,0xFF,0xFF,0xFF,0xFF,0xFF,0xFF,0xFF,0xFF,0xFF,0xFF,0xFF,0xFF,0xFF,0xFF,0xFF,0xFF,0xFF,0xFF,0xFF,0xFF,0xFF,0xFF,0xFF,0xFF,0xFF,0xFF,0xFF,0xFF,0xFF,0xFF,0xFF,0xFF,0xFF,0xFF,0xFF,0xFF,0xFF,0xFF,0xFF,0xFF,0xFF,0xFF,0xFF,0xFF,0xFF,0xFF,0xFF,0xFF,0xFF,0xFF,0xFF,0xFF,0xFF,0xFF,0xFF,0xFF,0xFF,0xFF,0xFF,
	0xFF,0xFF,0xFF,0xFF,0xFF,0xFF,0xFF,0xFF,0xFF,0xFF,0xFF,0xFF,0xFF,0xFF,0xFF,0xFF,0xFF,0xFF,0xFF,0xFF,0xFF,0xFF,0xFF,0xFF,0xFF,0xFF,0xFF,0xFF,0xFF,0xFF,0xFF,0xFF,0xFF,0xFF,0xFF,0xFF,0xFF,0xFF,0xFF,0xFF,0xFF,0xFF,0xFF,0xFF,0xFF,0xFF,0xFF,0xFF,0xFF,0xFF,0xFF,0xFF,0xFF,0xFF,0xFF,0xFF,0xFF,0xFF,0xFF,0xFF,0xFF,0xFF,0xFF,0xFF,
	0xFF,0xFF,0xFF,0xFF,0xFF,0xFF,0xFF,0xFF,0xFF,0xFF,0xFF,0xFF,0xFF,0xFF,0xFF,0xFF,0xFF,0xFF,0xFF,0xFF,0xFF,0xFF,0xFF,0xFF,0xFF,0xFF,0xFF,0xFF,0xFF,0xFF,0xFF,0xFF,0xFF,0xFF,0xFF,0xFF,0xFF,0xFF,0xFF,0xFF,0xFF,0xFF,0xFF,0xFF,0xFF,0xFF,0xFF,0xFF,0xFF,0xFF,0xFF,0xFF,0xFF,0xFF,0xFF,0xFF,0xFF,0xFF,0xFF,0xFF,0xFF,0xFF,0xFF,0xFF,
	0xFF,0xFF,0xFF,0xFF,0xFF,0xFF,0xFF,0xFF,0xFF,0xFF,0xFF,0xFF,0xFF,0xFF,0xFF,0xFF,0xFF,0xFF,0xFF,0xFF,0xFF,0xFF,0xFF,0xFF,0xFF,0xFF,0xFF,0xFF,0xFF,0xFF,0xFF,0xFF,0xFF,0xFF,0xFF,0xFF,0xFF,0xFF,0xFF,0xFF,0xFF,0xFF,0xFF,0x00,0x00,0xFF,0xFF,0xFF,0xFF,0xFF,0xFF,0xFF,0xFF,0xFF,0xFF,0xFF,0xFF,0xFF,0xFF,0xFF,0xFF,0xFF,0xFF,0xFF,
	0xFF,0xFF,0xFF,0xFF,0xFF,0xFF,0xFF,0xFF,0xFF,0xFF,0xFF,0xFF,0xFF,0xFF,0xFF,0xFF,0xFF,0xFF,0xFF,0xFF,0xFF,0xFF,0xFF,0xFF,0xFF,0xFF,0xFF,0xFF,0xFF,0xFF,0xFF,0xFF,0xFF,0xFF,0xFF,0xFF,0xFF,0xFF,0xFF,0xFF,0xFF,0xFF,0xFF,0xFF,0xFF,0xFF,0xFF,0xFF,0xFF,0xFF,0xFF,0xFF,0xFF,0xFF,0xFF,0xFF,0xFF,0xFF,0xFF,0xFF,0xFF,0xFF,0xFF,0xFF,
	0xFF,0xFF,0xFF,0xFF,0xFF,0xFF,0xFF,0xFF,0xFF,0xFF,0xFF,0xFF,0xFF,0xFF,0xFF,0xFF,0xFF,0xFF,0xFF,0xFF,0xFF,0xFF,0xFF,0xFF,0xFF,0xFF,0xFF,0xFF,0xFF,0xFF,0xFF,0xFF,0xFF,0xFF,0xFF,0xFF,0xFF,0xFF,0xFF,0xFF,0xFF,0xFF,0xFF,0xFF,0xFF,0xFF,0xFF,0xFF,0xFF,0xFF,0xFF,0xFF,0xFF,0xFF,0xFF,0xFF,0xFF,0xFF,0xFF,0xFF,0xFF,0xFF,0xFF,0xFF,
	0xFF,0xFF,0xFF,0xFF,0xFF,0xFF,0xFF,0xFF,0xFF,0xFF,0xFF,0xFF,0xFF,0xFF,0xFF,0xFF,0xFF,0xFF,0xFF,0xFF,0xFF,0xFF,0xFF,0xFF,0xFF,0xFF,0xFF,0xFF,0xFF,0xFF,0xFF,0xFF,0xFF,0xFF,0xFF,0xFF,0xFF,0xFF,0xFF,0xFF,0xFF,0xFF,0xFF,0xFF,0xFF,0xFF,0xFF,0xFF,0xFF,0xFF,0xFF,0xFF,0xFF,0xFF,0xFF,0xFF,0xFF,0xFF,0xFF,0xFF,0xFF,0xFF,0xFF,0xFF,
	0xFF,0xFF,0xFF,0xFF,0xFF,0xFF,0xFF,0xFF,0xFF,0xFF,0xFF,0xFF,0xFF,0xFF,0xFF,0xFF,0xFF,0xFF,0xFF,0xFF,0xFF,0xFF,0xFF,0xFF,0xFF,0xFF,0xFF,0xFF,0xFF,0xFF,0xFF,0xFF,0xFF,0xFF,0xFF,0xFF,0xFF,0xFF,0xFF,0xFF,0xFF,0xFF,0xFF,0xFF,0xFF,0xFF,0xFF,0xFF,0xFF,0xFF,0xFF,0xFF,0xFF,0xFF,0xFF,0xFF,0xFF,0xFF,0xFF,0xFF,0xFF,0xFF,0xFF,0xFF,
	0xFF,0xFF,0xFF,0xFF,0xFF,0xFF,0xFF,0xFF,0xFF,0xFF,0xFF,0xFF,0xFF,0xFF,0xFF,0xFF,0xFF,0xFF,0xFF,0xFF,0xFF,0xFF,0xFF,0xFF,0xFF,0xFF,0xFF,0xFF,0xFF,0xFF,0xFF,0xFF,0xFF,0xFF,0xFF,0xFF,0xFF,0xFF,0xFF,0xFF,0xFF,0xFF,0xFF,0xFF,0xFF,0xFF,0xFF,0xFF,0xFF,0xFF,0xFF,0xFF,0xFF,0xFF,0xFF,0xFF,0xFF,0xFF,0xFF,0xFF,0xFF,0xFF,0xFF,0xFF,
	0xFF,0xFF,0xFF,0xFF,0xFF,0xFF,0xFF,0xFF,0xFF,0xFF,0xFF,0xFF,0xFF,0x00,0x00,0xFF,0xFF,0xFF,0xFF,0xFF,0xFF,0xFF,0xFF,0xFF,0xFF,0xFF,0xFF,0xFF,0xFF,0xFF,0xFF,0xFF,0xFF,0xFF,0xFF,0xFF,0xFF,0xFF,0xFF,0xFF,0xFF,0xFF,0xFF,0xFF,0xFF,0xFF,0xFF,0xFF,0xFF,0xFF,0xFF,0xFF,0xFF,0xFF,0xFF,0xFF,0xFF,0xFF,0xFF,0xFF,0xFF,0xFF,0xFF,0xFF,
	0xFF,0xFF,0xFF,0xFF,0xFF,0xFF,0xFF,0xFF,0xFF,0xFF,0xFF,0xFF,0xFF,0xFF,0xFF,0xFF,0xFF,0xFF,0xFF,0xFF,0xFF,0xFF,0xFF,0xFF,0xFF,0xFF,0xFF,0xFF,0xFF,0xFF,0xFF,0xFF,0xFF,0xFF,0xFF,0xFF,0xFF,0xFF,0xFF,0xFF,0xFF,0xFF,0xFF,0xFF,0xFF,0xFF,0xFF,0xFF,0xFF,0xFF,0xFF,0xFF,0xFF,0xFF,0xFF,0xFF,0xFF,0xFF,0xFF,0xFF,0xFF,0xFF,0xFF,0xFF,
	0xFF,0xFF,0xFF,0xFF,0xFF,0xFF,0xFF,0xFF,0xFF,0xFF,0xFF,0xFF,0xFF,0xFF,0xFF,0xFF,0xFF,0xFF,0xFF,0xFF,0xFF,0xFF,0xFF,0xFF,0xFF,0xFF,0xFF,0xFF,0xFF,0xFF,0xFF,0xFF,0xFF,0xFF,0xFF,0xFF,0xFF,0xFF,0xFF,0xFF,0xFF,0xFF,0xFF,0xFF,0xFF,0xFF,0xFF,0xFF,0xFF,0xFF,0xFF,0xFF,0xFF,0xFF,0xFF,0xFF,0xFF,0xFF,0xFF,0xFF,0xFF,0xFF,0xFF,0xFF,
	0xFF,0xFF,0xFF,0xFF,0xFF,0xFF,0xFF,0xFF,0xFF,0xFF,0xFF,0xFF,0xFF,0xFF,0xFF,0xFF,0xFF,0xFF,0xFF,0xFF,0xFF,0xFF,0xFF,0xFF,0xFF,0xFF,0xFF,0xFF,0xFF,0xFF,0xFF,0xFF,0xFF,0xFF,0xFF,0xFF,0xFF,0xFF,0xFF,0xFF,0xFF,0xFF,0xFF,0xFF,0xFF,0xFF,0xFF,0xFF,0xFF,0xFF,0xFF,0xFF,0xFF,0xFF,0xFF,0xFF,0xFF,0xFF,0xFF,0xFF,0xFF,0xFF,0xFF,0xFF,
	0xFF,0xFF,0xFF,0xFF,0xFF,0xFF,0xFF,0xFF,0xFF,0xFF,0xFF,0xFF,0xFF,0xFF,0xFF,0xFF,0xFF,0xFF,0xFF,0xFF,0xFF,0xFF,0xFF,0xFF,0xFF,0xFF,0xFF,0xFF,0xFF,0xFF,0xFF,0xFF,0xFF,0xFF,0xFF,0xFF,0xFF,0xFF,0xFF,0xFF,0xFF,0xFF,0xFF,0xFF,0xFF,0xFF,0xFF,0xFF,0xFF,0xFF,0xFF,0xFF,0xFF,0xFF,0xFF,0xFF,0xFF,0xFF,0xFF,0xFF,0xFF,0xFF,0xFF,0xFF,
	0xFF,0xFF,0xFF,0xFF,0xFF,0xFF,0xFF,0xFF,0xFF,0xFF,0xFF,0xFF,0xFF,0xFF,0xFF,0xFF,0xFF,0xFF,0xFF,0xFF,0xFF,0xFF,0xFF,0xFF,0xFF,0xFF,0xFF,0xFF,0xFF,0xFF,0xFF,0xFF,0xFF,0xFF,0xFF,0xFF,0xFF,0xFF,0xFF,0xFF,0xFF,0xFF,0xFF,0xFF,0xFF,0xFF,0xFF,0x00,0x00,0xFF,0xFF,0xFF,0xFF,0xFF,0xFF,0xFF,0xFF,0xFF,0xFF,0xFF,0xFF,0xFF,0xFF,0xFF,
	0xFF,0xFF,0xFF,0xFF,0xFF,0xFF,0xFF,0xFF,0xFF,0xFF,0xFF,0xFF,0xFF,0xFF,0xFF,0xFF,0xFF,0xFF,0xFF,0xFF,0xFF,0xFF,0xFF,0xFF,0xFF,0xFF,0xFF,0xFF,0xFF,0xFF,0xFF,0xFF,0xFF,0xFF,0xFF,0xFF,0xFF,0xFF,0xFF,0xFF,0xFF,0xFF,0xFF,0xFF,0xFF,0xFF,0xFF,0xFF,0xFF,0xFF,0xFF,0xFF,0xFF,0xFF,0xFF,0xFF,0xFF,0xFF,0xFF,0xFF,0xFF,0xFF,0xFF,0xFF,
	0xFF,0xFF,0xFF,0xFF,0xFF,0xFF,0xFF,0xFF,0xFF,0xFF,0xFF,0xFF,0xFF,0xFF,0xFF,0xFF,0xFF,0xFF,0xFF,0xFF,0xFF,0xFF,0xFF,0xFF,0xFF,0xFF,0xFF,0xFF,0xFF,0xFF,0xFF,0xFF,0xFF,0xFF,0xFF,0xFF,0xFF,0xFF,0xFF,0xFF,0xFF,0xFF,0xFF,0xFF,0xFF,0xFF,0xFF,0xFF,0xFF,0xFF,0xFF,0xFF,0xFF,0xFF,0xFF,0xFF,0xFF,0xFF,0xFF,0xFF,0xFF,0xFF,0xFF,0xFF,
	0xFF,0xFF,0xFF,0xFF,0xFF,0xFF,0xFF,0xFF,0xFF,0xFF,0xFF,0xFF,0xFF,0xFF,0xFF,0xFF,0xFF,0xFF,0xFF,0xFF,0xFF,0xFF,0xFF,0xFF,0xFF,0xFF,0xFF,0xFF,0xFF,0xFF,0xFF,0xFF,0xFF,0xFF,0xFF,0xFF,0xFF,0xFF,0xFF,0xFF,0xFF,0xFF,0xFF,0xFF,0xFF,0xFF,0xFF,0xFF,0xFF,0xFF,0xFF,0xFF,0xFF,0xFF,0xFF,0xFF,0xFF,0xFF,0xFF,0xFF,0xFF,0xFF,0xFF,0xFF,
	0xFF,0xFF,0xFF,0xFF,0xFF,0xFF,0xFF,0xFF,0xFF,0xFF,0xFF,0xFF,0xFF,0xFF,0xFF,0xFF,0xFF,0xFF,0xFF,0xFF,0xFF,0xFF,0xFF,0xFF,0xFF,0xFF,0xFF,0xFF,0xFF,0xFF,0xFF,0xFF,0xFF,0xFF,0xFF,0xFF,0xFF,0xFF,0xFF,0xFF,0xFF,0xFF,0xFF,0xFF,0xFF,0xFF,0xFF,0xFF,0xFF,0xFF,0xFF,0xFF,0xFF,0xFF,0xFF,0xFF,0xFF,0xFF,0xFF,0xFF,0xFF,0xFF,0xFF,0xFF,
	0xFF,0xFF,0xFF,0xFF,0xFF,0xFF,0xFF,0xFF,0xFF,0xFF,0xFF,0xFF,0xFF,0xFF,0xFF,0xFF,0xFF,0xFF,0xFF,0xFF,0xFF,0xFF,0xFF,0xFF,0xFF,0xFF,0xFF,0xFF,0xFF,0xFF,0xFF,0xFF,0xFF,0xFF,0xFF,0xFF,0xFF,0xFF,0xFF,0xFF,0xFF,0xFF,0xFF,0xFF,0xFF,0xFF,0xFF,0xFF,0xFF,0xFF,0xFF,0xFF,0xFF,0xFF,0xFF,0xFF,0xFF,0xFF,0xFF,0xFF,0xFF,0xFF,0xFF,0xFF,
	0xFF,0xFF,0xFF,0xFF,0xFF,0xFF,0xFF,0xFF,0xFF,0xFF,0xFF,0xFF,0xFF,0xFF,0xFF,0xFF,0xFF,0x00,0xFF,0xFF,0xFF,0xFF,0xFF,0xFF,0xFF,0xFF,0xFF,0xFF,0xFF,0xFF,0xFF,0xFF,0xFF,0xFF,0xFF,0xFF,0xFF,0xFF,0xFF,0xFF,0xFF,0xFF,0xFF,0xFF,0xFF,0xFF,0xFF,0xFF,0xFF,0xFF,0xFF,0xFF,0xFF,0xFF,0xFF,0xFF,0xFF,0xFF,0xFF,0xFF,0xFF,0xFF,0xFF,0xFF,
	0xFF,0xFF,0xFF,0xFF,0xFF,0xFF,0xFF,0xFF,0xFF,0xFF,0xFF,0xFF,0xFF,0xFF,0xFF,0xFF,0xFF,0xFF,0xFF,0xFF,0xFF,0xFF,0xFF,0xFF,0xFF,0xFF,0xFF,0xFF,0xFF,0xFF,0xFF,0xFF,0xFF,0xFF,0xFF,0xFF,0xFF,0xFF,0xFF,0xFF,0xFF,0xFF,0xFF,0xFF,0xFF,0xFF,0xFF,0xFF,0xFF,0xFF,0xFF,0xFF,0xFF,0xFF,0xFF,0xFF,0xFF,0xFF,0xFF,0xFF,0xFF,0xFF,0xFF,0xFF,
	0xFF,0xFF,0xFF,0xFF,0xFF,0xFF,0xFF,0xFF,0xFF,0xFF,0xFF,0xFF,0xFF,0xFF,0xFF,0xFF,0xFF,0xFF,0xFF,0xFF,0xFF,0xFF,0xFF,0xFF,0xFF,0xFF,0xFF,0xFF,0xFF,0xFF,0xFF,0xFF,0xFF,0xFF,0xFF,0xFF,0xFF,0xFF,0xFF,0xFF,0xFF,0xFF,0xFF,0xFF,0xFF,0xFF,0xFF,0xFF,0xFF,0xFF,0xFF,0xFF,0xFF,0xFF,0xFF,0xFF,0xFF,0xFF,0xFF,0xFF,0xFF,0xFF,0xFF,0xFF,
	0xFF,0xFF,0xFF,0xFF,0xFF,0xFF,0xFF,0xFF,0xFF,0xFF,0xFF,0xFF,0xFF,0xFF,0xFF,0xFF,0xFF,0xFF,0xFF,0xFF,0xFF,0xFF,0xFF,0xFF,0xFF,0xFF,0xFF,0xFF,0xFF,0xFF,0xFF,0xFF,0xFF,0xFF,0xFF,0xFF,0xFF,0xFF,0xFF,0xFF,0xFF,0xFF,0xFF,0xFF,0xFF,0xFF,0xFF,0xFF,0xFF,0xFF,0xFF,0xFF,0xFF,0xFF,0xFF,0xFF,0xFF,0xFF,0xFF,0xFF,0xFF,0xFF,0xFF,0xFF,
	0xFF,0xFF,0xFF,0xFF,0xFF,0xFF,0xFF,0xFF,0xFF,0xFF,0xFF,0xFF,0xFF,0xFF,0xFF,0xFF,0xFF,0xFF,0xFF,0xFF,0xFF,0xFF,0xFF,0xFF,0xFF,0xFF,0xFF,0xFF,0xFF,0xFF,0xFF,0xFF,0xFF,0xFF,0xFF,0xFF,0xFF,0xFF,0xFF,0xFF,0xFF,0xFF,0xFF,0xFF,0xFF,0xFF,0xFF,0xFF,0xFF,0xFF,0xFF,0xFF,0xFF,0xFF,0xFF,0xFF,0xFF,0xFF,0xFF,0xFF,0xFF,0xFF,0xFF,0xFF,
	0xFF,0xFF,0xFF,0xFF,0xFF,0xFF,0xFF,0xFF,0xFF,0xFF,0xFF,0xFF,0xFF,0xFF,0xFF,0xFF,0xFF,0xFF,0xFF,0xFF,0xFF,0xFF,0xFF,0xFF,0xFF,0xFF,0xFF,0xFF,0xFF,0xFF,0xFF,0xFF,0xFF,0xFF,0xFF,0xFF,0xFF,0xFF,0xFF,0xFF,0xFF,0xFF,0xFF,0xFF,0xFF,0xFF,0xFF,0xFF,0xFF,0xFF,0xFF,0xFF,0xFF,0xFF,0xFF,0xFF,0xFF,0xFF,0xFF,0xFF,0xFF,0xFF,0xFF,0xFF,
	0xFF,0xFF,0xFF,0xFF,0xFF,0xFF,0xFF,0xFF,0xFF,0xFF,0xFF,0xFF,0xFF,0xFF,0xFF,0xFF,0xFF,0xFF,0xFF,0xFF,0xFF,0xFF,0xFF,0xFF,0xFF,0xFF,0xFF,0xFF,0xFF,0xFF,0xFF,0xFF,0xFF,0xFF,0xFF,0xFF,0xFF,0xFF,0xFF,0xFF,0xFF,0xFF,0xFF,0xFF,0xFF,0xFF,0xFF,0xFF,0xFF,0xFF,0xFF,0xFF,0xFF,0xFF,0xFF,0xFF,0xFF,0xFF,0xFF,0xFF,0xFF,0xFF,0xFF,0xFF,
	0xFF,0xFF,0xFF,0xFF,0xFF,0xFF,0xFF,0xFF,0xFF,0xFF,0xFF,0xFF,0xFF,0xFF,0xFF,0xFF,0xFF,0xFF,0xFF,0xFF,0xFF,0xFF,0xFF,0xFF,0xFF,0xFF,0xFF,0xFF,0xFF,0xFF,0xFF,0xFF,0xFF,0xFF,0xFF,0xFF,0xFF,0xFF,0xFF,0xFF,0xFF,0xFF,0xFF,0xFF,0xFF,0xFF,0xFF,0xFF,0xFF,0xFF,0xFF,0xFF,0xFF,0xFF,0xFF,0xFF,0xFF,0xFF,0xFF,0xFF,0xFF,0xFF,0xFF,0xFF,
	0xFF,0xFF,0xFF,0xFF,0xFF,0xFF,0xFF,0xFF,0xFF,0xFF,0xFF,0xFF,0xFF,0xFF,0xFF,0xFF,0xFF,0xFF,0xFF,0xFF,0xFF,0xFF,0xFF,0xFF,0xFF,0xFF,0xFF,0xFF,0xFF,0xFF,0xFF,0xFF,0xFF,0xFF,0xFF,0xFF,0xFF,0xFF,0xFF,0xFF,0xFF,0xFF,0xFF,0xFF,0xFF,0xFF,0xFF,0xFF,0xFF,0xFF,0xFF,0xFF,0xFF,0xFF,0xFF,0xFF,0xFF,0xFF,0xFF,0xFF,0xFF,0xFF,0xFF,0xFF,
	0xFF,0xFF,0xFF,0xFF,0xFF,0xFF,0xFF,0xFF,0xFF,0xFF,0xFF,0xFF,0xFF,0xFF,0xFF,0xFF,0xFF,0xFF,0xFF,0xFF,0xFF,0xFF,0xFF,0xFF,0xFF,0xFF,0xFF,0xFF,0xFF,0xFF,0xFF,0xFF,0xFF,0xFF,0xFF,0xFF,0xFF,0xFF,0xFF,0xFF,0xFF,0xFF,0xFF,0xFF,0xFF,0xFF,0xFF,0xFF,0xFF,0xFF,0xFF,0xFF,0xFF,0xFF,0xFF,0xFF,0xFF,0xFF,0xFF,0xFF,0xFF,0xFF,0xFF,0xFF,
	0xFF,0xFF,0xFF,0xFF,0xFF,0xFF,0xFF,0xFF,0xFF,0xFF,0xFF,0xFF,0xFF,0xFF,0xFF,0xFF,0xFF,0xFF,0xFF,0xFF,0xFF,0xFF,0xFF,0xFF,0xFF,0xFF,0xFF,0xFF,0xFF,0xFF,0xFF,0xFF,0xFF,0xFF,0xFF,0xFF,0xFF,0xFF,0xFF,0xFF,0xFF,0xFF,0xFF,0xFF,0xFF,0xFF,0xFF,0xFF,0xFF,0xFF,0xFF,0xFF,0xFF,0xFF,0xFF,0xFF,0xFF,0xFF,0xFF,0xFF,0xFF,0xFF,0xFF,0xFF,
	0xFF,0xFF,0xFF,0xFF,0xFF,0xFF,0xFF,0xFF,0xFF,0xFF,0xFF,0xFF,0xFF,0xFF,0xFF,0xFF,0xFF,0xFF,0xFF,0xFF,0xFF,0xFF,0xFF,0xFF,0xFF,0xFF,0xFF,0xFF,0xFF,0xFF,0xFF,0xFF,0xFF,0xFF,0xFF,0xFF,0xFF,0xFF,0xFF,0xFF,0xFF,0xFF,0xFF,0xFF,0xFF,0xFF,0xFF,0xFF,0xFF,0xFF,0xFF,0xFF,0xFF,0xFF,0xFF,0xFF,0xFF,0xFF,0xFF,0xFF,0xFF,0xFF,0xFF,0xFF,
	0xFF,0xFF,0xFF,0xFF,0xFF,0xFF,0xFF,0xFF,0xFF,0xFF,0xFF,0xFF,0xFF,0xFF,0xFF,0xFF,0xFF,0xFF,0xFF,0xFF,0xFF,0xFF,0xFF,0xFF,0xFF,0xFF,0xFF,0xFF,0xFF,0xFF,0xFF,0xFF,0xFF,0xFF,0xFF,0xFF,0xFF,0xFF,0xFF,0xFF,0xFF,0xFF,0xFF,0xFF,0xFF,0xFF,0xFF,0xFF,0xFF,0xFF,0xFF,0xFF,0xFF,0xFF,0xFF,0xFF,0xFF,0xFF,0xFF,0xFF,0xFF,0xFF,0xFF,0xFF,
	0xFF,0xFF,0xFF,0xFF,0xFF,0xFF,0xFF,0xFF,0xFF,0xFF,0xFF,0xFF,0xFF,0xFF,0xFF,0xFF,0xFF,0xFF,0xFF,0xFF,0xFF,0xFF,0xFF,0xFF,0xFF,0xFF,0xFF,0xFF,0xFF,0xFF,0xFF,0xFF,0xFF,0xFF,0xFF,0xFF,0xFF,0xFF,0xFF,0xFF,0xFF,0xFF,0xFF,0xFF,0xFF,0xFF,0xFF,0xFF,0xFF,0xFF,0xFF,0xFF,0xFF,0xFF,0xFF,0xFF,0xFF,0xFF,0xFF,0xFF,0xFF,0xFF,0xFF,0xFF,
	0xFF,0xFF,0xFF,0xFF,0xFF,0xFF,0xFF,0xFF,0xFF,0xFF,0xFF,0xFF,0xFF,0xFF,0xFF,0xFF,0xFF,0xFF,0xFF,0xFF,0xFF,0xFF,0xFF,0xFF,0xFF,0xFF,0xFF,0xFF,0xFF,0xFF,0xFF,0xFF,0xFF,0xFF,0xFF,0xFF,0xFF,0xFF,0xFF,0xFF,0xFF,0xFF,0xFF,0xFF,0xFF,0xFF,0xFF,0xFF,0xFF,0xFF,0xFF,0xFF,0xFF,0xFF,0xFF,0xFF,0xFF,0xFF,0xFF,0xFF,0xFF,0xFF,0xFF,0xFF,
	0xFF,0xFF,0xFF,0xFF,0xFF,0xFF,0xFF,0xFF,0xFF,0xFF,0xFF,0xFF,0xFF,0xFF,0xFF,0xFF,0xFF,0xFF,0xFF,0xFF,0xFF,0xFF,0xFF,0xFF,0xFF,0xFF,0xFF,0xFF,0xFF,0xFF,0xFF,0xFF,0xFF,0xFF,0xFF,0xFF,0xFF,0xFF,0xFF,0xFF,0xFF,0xFF,0xFF,0xFF,0xFF,0xFF,0xFF,0xFF,0xFF,0xFF,0xFF,0xFF,0xFF,0xFF,0xFF,0xFF,0xFF,0xFF,0xFF,0xFF,0xFF,0xFF,0xFF,0xFF,
	0xFF,0xFF,0xFF,0xFF,0xFF,0xFF,0xFF,0xFF,0xFF,0xFF,0xFF,0xFF,0xFF,0xFF,0xFF,0xFF,0xFF,0xFF,0xFF,0xFF,0xFF,0xFF,0xFF,0xFF,0xFF,0xFF,0xFF,0xFF,0xFF,0xFF,0xFF,0xFF,0xFF,0xFF,0xFF,0xFF,0xFF,0xFF,0xFF,0xFF,0xFF,0xFF,0xFF,0xFF,0xFF,0xFF,0xFF,0xFF,0xFF,0xFF,0xFF,0xFF,0xFF,0xFF,0xFF,0xFF,0xFF,0xFF,0xFF,0xFF,0xFF,0xFF,0xFF,0xFF,
	0xFF,0xFF,0xFF,0xFF,0xFF,0xFF,0xFF,0xFF,0xFF,0xFF,0xFF,0xFF,0xFF,0xFF,0xFF,0xFF,0xFF,0xFF,0xFF,0xFF,0xFF,0xFF,0xFF,0xFF,0xFF,0xFF,0xFF,0xFF,0xFF,0xFF,0xFF,0xFF,0xFF,0xFF,0xFF,0xFF,0xFF,0xFF,0xFF,0xFF,0xFF,0xFF,0xFF,0xFF,0xFF,0xFF,0xFF,0xFF,0xFF,0xFF,0xFF,0xFF,0xFF,0xFF,0xFF,0xFF,0xFF,0xFF,0xFF,0xFF,0xFF,0xFF,0xFF,0xFF,
	0xFF,0xFF,0xFF,0xFF,0xFF,0xFF,0xFF,0xFF,0xFF,0xFF,0xFF,0xFF,0xFF,0xFF,0xFF,0xFF,0xFF,0xFF,0xFF,0xFF,0xFF,0xFF,0xFF,0xFF,0xFF,0xFF,0xFF,0xFF,0xFF,0xFF,0xFF,0xFF,0xFF,0xFF,0xFF,0xFF,0xFF,0xFF,0xFF,0xFF,0xFF,0xFF,0xFF,0xFF,0xFF,0xFF,0xFF,0xFF,0xFF,0xFF,0xFF,0xFF,0xFF,0xFF,0xFF,0xFF,0xFF,0xFF,0xFF,0xFF,0xFF,0xFF,0xFF,0xFF,
	0xFF,0xFF,0xFF,0xFF,0xFF,0xFF,0xFF,0xFF,0xFF,0xFF,0xFF,0xFF,0xFF,0xFF,0xFF,0xFF,0xFF,0xFF,0xFF,0xFF,0xFF,0xFF,0xFF,0xFF,0xFF,0xFF,0xFF,0xFF,0xFF,0xFF,0xFF,0xFF,0xFF,0xFF,0xFF,0xFF,0xFF,0xFF,0xFF,0xFF,0xFF,0xFF,0xFF,0xFF,0xFF,0xFF,0xFF,0xFF,0xFF,0xFF,0xFF,0xFF,0xFF,0xFF,0xFF,0xFF,0xFF,0xFF,0xFF,0xFF,0xFF,0xFF,0xFF,0xFF,
	0xFF,0xFF,0xFF,0xFF,0xFF,0xFF,0xFF,0xFF,0xFF,0xFF,0xFF,0xFF,0xFF,0xFF,0xFF,0xFF,0xFF,0xFF,0xFF,0xFF,0xFF,0xFF,0xFF,0xFF,0xFF,0xFF,0xFF,0xFF,0xFF,0xFF,0xFF,0xFF,0xFF,0xFF,0xFF,0xFF,0xFF,0xFF,0xFF,0xFF,0xFF,0xFF,0xFF,0xFF,0xFF,0xFF,0xFF,0xFF,0xFF,0xFF,0xFF,0xFF,0xFF,0xFF,0xFF,0xFF,0xFF,0xFF,0xFF,0xFF,0xFF,0xFF,0xFF,0xFF,
	0xFF,0xFF,0xFF,0xFF,0xFF,0xFF,0xFF,0xFF,0xFF,0xFF,0xFF,0xFF,0xFF,0xFF,0xFF,0xFF,0xFF,0xFF,0xFF,0xFF,0xFF,0xFF,0xFF,0xFF,0xFF,0xFF,0xFF,0xFF,0xFF,0xFF,0xFF,0xFF,0xFF,0xFF,0xFF,0xFF,0xFF,0xFF,0xFF,0xFF,0xFF,0xFF,0xFF,0xFF,0xFF,0xFF,0xFF,0xFF,0xFF,0xFF,0xFF,0xFF,0xFF,0xFF,0xFF,0xFF,0xFF,0xFF,0xFF,0xFF,0xFF,0xFF,0xFF,0xFF,
	0xFF,0xFF,0xFF,0xFF,0xFF,0xFF,0xFF,0xFF,0xFF,0xFF,0xFF,0xFF,0xFF,0xFF,0xFF,0xFF,0xFF,0xFF,0xFF,0xFF,0xFF,0xFF,0xFF,0xFF,0xFF,0xFF,0xFF,0xFF,0xFF,0xFF,0xFF,0xFF,0xFF,0xFF,0xFF,0xFF,0xFF,0xFF,0xFF,0xFF,0xFF,0xFF,0xFF,0xFF,0xFF,0xFF,0xFF,0xFF,0xFF,0xFF,0xFF,0xFF,0xFF,0xFF,0xFF,0xFF,0xFF,0xFF,0xFF,0xFF,0xFF,0xFF,0xFF,0xFF,
	0xFF,0xFF,0xFF,0xFF,0xFF,0xFF,0xFF,0xFF,0xFF,0xFF,0xFF,0xFF,0xFF,0xFF,0xFF,0xFF,0xFF,0xFF,0xFF,0xFF,0xFF,0xFF,0xFF,0xFF,0xFF,0xFF,0xFF,0xFF,0xFF,0xFF,0xFF,0xFF,0xFF,0xFF,0xFF,0xFF,0xFF,0xFF,0xFF,0xFF,0xFF,0xFF,0xFF,0xFF,0xFF,0xFF,0xFF,0xFF,0xFF,0xFF,0xFF,0xFF,0xFF,0xFF,0xFF,0xFF,0xFF,0xFF,0xFF,0xFF,0xFF,0xFF,0xFF,0xFF,
	0xFF,0xFF,0xFF,0xFF,0xFF,0xFF,0xFF,0xFF,0xFF,0xFF,0xFF,0xFF,0xFF,0xFF,0xFF,0xFF,0xFF,0xFF,0xFF,0xFF,0xFF,0xFF,0xFF,0xFF,0xFF,0xFF,0xFF,0xFF,0xFF,0xFF,0xFF,0xFF,0xFF,0xFF,0xFF,0xFF,0xFF,0xFF,0xFF,0xFF,0xFF,0xFF,0xFF,0xFF,0xFF,0xFF,0xFF,0xFF,0xFF,0xFF,0xFF,0xFF,0xFF,0xFF,0xFF,0xFF,0xFF,0xFF,0xFF,0xFF,0xFF,0xFF,0xFF,0xFF,
	0xFF,0xFF,0xFF,0xFF,0xFF,0xFF,0xFF,0xFF,0xFF,0xFF,0xFF,0xFF,0xFF,0xFF,0xFF,0xFF,0xFF,0xFF,0xFF,0xFF,0xFF,0xFF,0xFF,0xFF,0xFF,0xFF,0xFF,0xFF,0xFF,0xFF,0xFF,0xFF,0xFF,0xFF,0xFF,0xFF,0xFF,0xFF,0xFF,0xFF,0xFF,0xFF,0xFF,0xFF,0xFF,0xFF,0xFF,0xFF,0xFF,0xFF,0xFF,0xFF,0xFF,0xFF,0xFF,0xFF,0xFF,0xFF,0xFF,0xFF,0xFF,0xFF,0xFF,0xFF,
	0xFF,0xFF,0xFF,0xFF,0xFF,0xFF,0xFF,0xFF,0xFF,0xFF,0xFF,0xFF,0xFF,0xFF,0xFF,0xFF,0xFF,0xFF,0xFF,0xFF,0xFF,0xFF,0xFF,0xFF,0xFF,0xFF,0xFF,0xFF,0xFF,0xFF,0xFF,0xFF,0xFF,0xFF,0xFF,0xFF,0xFF,0xFF,0xFF,0xFF,0xFF,0xFF,0xFF,0xFF,0xFF,0xFF,0xFF,0xFF,0xFF,0xFF,0xFF,0xFF,0xFF,0xFF,0xFF,0xFF,0xFF,0xFF,0xFF,0xFF,0xFF,0xFF,0xFF,0xFF,
	0xFF,0xFF,0xFF,0xFF,0xFF,0xFF,0xFF,0xFF,0xFF,0xFF,0xFF,0xFF,0xFF,0xFF,0xFF,0xFF,0xFF,0xFF,0xFF,0xFF,0xFF,0xFF,0xFF,0xFF,0xFF,0xFF,0xFF,0xFF,0xFF,0xFF,0xFF,0xFF,0xFF,0xFF,0xFF,0xFF,0xFF,0xFF,0xFF,0xFF,0xFF,0xFF,0xFF,0xFF,0xFF,0xFF,0xFF,0xFF,0xFF,0xFF,0xFF,0xFF,0xFF,0xFF,0xFF,0xFF,0xFF,0xFF,0xFF,0xFF,0xFF,0xFF,0xFF,0xFF,
	0xFF,0xFF,0xFF,0xFF,0xFF,0xFF,0xFF,0xFF,0xFF,0xFF,0xFF,0xFF,0xFF,0xFF,0xFF,0xFF,0xFF,0xFF,0xFF,0xFF,0xFF,0xFF,0xFF,0xFF,0xFF,0xFF,0xFF,0xFF,0xFF,0xFF,0xFF,0xFF,0xFF,0xFF,0xFF,0xFF,0xFF,0xFF,0xFF,0xFF,0xFF,0xFF,0xFF,0xFF,0xFF,0xFF,0xFF,0xFF,0xFF,0xFF,0xFF,0xFF,0xFF,0xFF,0xFF,0xFF,0xFF,0xFF,0xFF,0xFF,0xFF,0xFF,0xFF,0xFF,
	0xFF,0xFF,0xFF,0xFF,0xFF,0xFF,0xFF,0xFF,0xFF,0xFF,0xFF,0xFF,0xFF,0xFF,0xFF,0xFF,0xFF,0xFF,0xFF,0xFF,0xFF,0xFF,0xFF,0xFF,0xFF,0xFF,0xFF,0xFF,0xFF,0xFF,0xFF,0xFF,0xFF,0xFF,0xFF,0xFF,0xFF,0xFF,0xFF,0xFF,0xFF,0xFF,0xFF,0xFF,0xFF,0xFF,0xFF,0xFF,0xFF,0xFF,0xFF,0xFF,0xFF,0xFF,0xFF,0xFF,0xFF,0xFF,0xFF,0xFF,0xFF,0xFF,0xFF,0xFF,
	0xFF,0xFF,0xFF,0xFF,0xFF,0xFF,0xFF,0xFF,0xFF,0xFF,0xFF,0xFF,0xFF,0xFF,0xFF,0xFF,0xFF,0xFF,0xFF,0xFF,0xFF,0xFF,0xFF,0xFF,0xFF,0xFF,0xFF,0xFF,0xFF,0xFF,0xFF,0xFF,0xFF,0xFF,0xFF,0xFF,0xFF,0xFF,0xFF,0xFF,0xFF,0xFF,0xFF,0xFF,0xFF,0xFF,0xFF,0xFF,0xFF,0xFF,0xFF,0xFF,0xFF,0xFF,0xFF,0xFF,0xFF,0xFF,0xFF,0xFF,0xFF,0xFF,0xFF,0xFF,
	0xFF,0xFF,0xFF,0xFF,0xFF,0xFF,0xFF,0xFF,0xFF,0xFF,0xFF,0xFF,0xFF,0xFF,0xFF,0xFF,0xFF,0xFF,0xFF,0xFF,0xFF,0xFF,0xFF,0xFF,0xFF,0xFF,0xFF,0xFF,0xFF,0xFF,0xFF,0xFF,0xFF,0xFF,0xFF,0xFF,0xFF,0xFF,0xFF,0xFF,0xFF,0xFF,0xFF,0xFF,0xFF,0xFF,0xFF,0xFF,0xFF,0xFF,0xFF,0xFF,0xFF,0xFF,0xFF,0xFF,0xFF,0xFF,0xFF,0xFF,0xFF,0xFF,0xFF,0xFF,
	0xFF,0xFF,0xFF,0xFF,0xFF,0xFF,0xFF,0xFF,0xFF,0xFF,0xFF,0xFF,0xFF,0xFF,0xFF,0xFF,0xFF,0xFF,0xFF,0xFF,0xFF,0xFF,0xFF,0xFF,0xFF,0xFF,0xFF,0xFF,0xFF,0xFF,0xFF,0xFF,0xFF,0xFF,0xFF,0xFF,0xFF,0xFF,0xFF,0xFF,0xFF,0xFF,0xFF,0xFF,0xFF,0xFF,0xFF,0xFF,0xFF,0xFF,0xFF,0xFF,0xFF,0xFF,0xFF,0xFF,0xFF,0xFF,0xFF,0xFF,0xFF,0xFF,0xFF,0xFF,
	0xFF,0xFF,0xFF,0xFF,0xFF,0xFF,0xFF,0xFF,0xFF,0xFF,0xFF,0xFF,0xFF,0xFF,0xFF,0xFF,0xFF,0xFF,0xFF,0xFF,0xFF,0xFF,0xFF,0xFF,0xFF,0xFF,0xFF,0xFF,0xFF,0xFF,0xFF,0xFF,0xFF,0xFF,0xFF,0xFF,0xFF,0xFF,0xFF,0xFF,0xFF,0xFF,0xFF,0xFF,0xFF,0xFF,0xFF,0xFF,0xFF,0xFF,0xFF,0xFF,0xFF,0xFF,0xFF,0xFF,0xFF,0xFF,0xFF,0xFF,0xFF,0xFF,0xFF,0xFF,
	0xFF,0xFF,0xFF,0xFF,0xFF,0xFF,0xFF,0xFF,0xFF,0xFF,0xFF,0xFF,0xFF,0xFF,0xFF,0xFF,0xFF,0xFF,0xFF,0xFF,0xFF,0xFF,0xFF,0xFF,0xFF,0xFF,0xFF,0xFF,0xFF,0xFF,0xFF,0xFF,0xFF,0xFF,0xFF,0xFF,0xFF,0xFF,0xFF,0xFF,0xFF,0xFF,0xFF,0xFF,0xFF,0xFF,0xFF,0xFF,0xFF,0xFF,0xFF,0xFF,0xFF,0xFF,0xFF,0xFF,0xFF,0xFF,0xFF,0xFF,0xFF,0xFF,0xFF,0xFF,
	0xFF,0xFF,0xFF,0xFF,0xFF,0xFF,0xFF,0xFF,0xFF,0xFF,0xFF,0xFF,0xFF,0xFF,0xFF,0xFF,0xFF,0xFF,0xFF,0xFF,0xFF,0xFF,0xFF,0xFF,0xFF,0xFF,0xFF,0xFF,0xFF,0xFF,0xFF,0xFF,0xFF,0xFF,0xFF,0xFF,0xFF,0xFF,0xFF,0xFF,0xFF,0xFF,0xFF,0xFF,0xFF,0xFF,0xFF,0xFF,0xFF,0xFF,0xFF,0xFF,0xFF,0xFF,0xFF,0xFF,0xFF,0xFF,0xFF,0xFF,0xFF,0xFF,0xFF,0xFF,
	0xFF,0xFF,0xFF,0xFF,0xFF,0xFF,0xFF,0xFF,0xFF,0xFF,0xFF,0xFF,0xFF,0xFF,0xFF,0xFF,0xFF,0xFF,0xFF,0xFF,0xFF,0xFF,0xFF,0xFF,0xFF,0xFF,0xFF,0xFF,0xFF,0xFF,0xFF,0xFF,0xFF,0xFF,0xFF,0xFF,0xFF,0xFF,0xFF,0xFF,0xFF,0xFF,0xFF,0xFF,0xFF,0xFF,0xFF,0xFF,0xFF,0xFF,0xFF,0xFF,0xFF,0xFF,0xFF,0xFF,0xFF,0xFF,0xFF,0xFF,0xFF,0xFF,0xFF,0xFF,
	0xFF,0xFF,0xFF,0xFF,0xFF,0xFF,0xFF,0xFF,0xFF,0xFF,0xFF,0xFF,0xFF,0xFF,0xFF,0xFF,0xFF,0xFF,0xFF,0xFF,0xFF,0xFF,0xFF,0xFF,0xFF,0xFF,0xFF,0xFF,0xFF,0xFF,0xFF,0xFF,0xFF,0xFF,0xFF,0xFF,0xFF,0xFF,0xFF,0xFF,0xFF,0xFF,0xFF,0xFF,0xFF,0xFF,0xFF,0xFF,0xFF,0xFF,0xFF,0xFF,0xFF,0xFF,0xFF,0xFF,0xFF,0xFF,0xFF,0xFF,0xFF,0xFF,0xFF,0xFF,
	0xFF,0xFF,0xFF,0xFF,0xFF,0xFF,0xFF,0xFF,0xFF,0xFF,0xFF,0xFF,0xFF,0xFF,0xFF,0xFF,0xFF,0xFF,0xFF,0xFF,0xFF,0xFF,0xFF,0xFF,0xFF,0xFF,0xFF,0xFF,0xFF,0xFF,0xFF,0xFF,0xFF,0xFF,0xFF,0xFF,0xFF,0xFF,0xFF,0xFF,0xFF,0xFF,0xFF,0xFF,0xFF,0xFF,0xFF,0xFF,0xFF,0xFF,0xFF,0xFF,0xFF,0xFF,0xFF,0xFF,0xFF,0xFF,0xFF,0xFF,0xFF,0xFF,0xFF,0xFF,
	0xFF,0xFF,0xFF,0xFF,0xFF,0xFF,0xFF,0xFF,0xFF,0xFF,0xFF,0xFF,0xFF,0xFF,0xFF,0xFF,0xFF,0xFF,0xFF,0xFF,0xFF,0xFF,0xFF,0xFF,0xFF,0xFF,0xFF,0xFF,0xFF,0xFF,0xFF,0xFF,0xFF,0xFF,0xFF,0xFF,0xFF,0xFF,0xFF,0xFF,0xFF,0xFF,0xFF,0xFF,0xFF,0xFF,0xFF,0xFF,0xFF,0xFF,0xFF,0xFF,0xFF,0xFF,0xFF,0xFF,0xFF,0xFF,0xFF,0xFF,0xFF,0xFF,0xFF,0xFF,
	0xFF,0xFF,0xFF,0xFF,0xFF,0xFF,0xFF,0xFF,0xFF,0xFF,0xFF,0xFF,0xFF,0xFF,0xFF,0xFF,0xFF,0xFF,0xFF,0xFF,0xFF,0xFF,0xFF,0xFF,0xFF,0xFF,0xFF,0xFF,0xFF,0xFF,0xFF,0xFF,0xFF,0xFF,0xFF,0xFF,0xFF,0xFF,0xFF,0xFF,0xFF,0xFF,0xFF,0xFF,0xFF,0xFF,0xFF,0xFF,0xFF,0xFF,0xFF,0xFF,0xFF,0xFF,0xFF,0xFF,0xFF,0xFF,0xFF,0xFF,0xFF,0xFF,0xFF,0xFF,
	0xFF,0xFF,0xFF,0xFF,0xFF,0xFF,0xFF,0xFF,0xFF,0xFF,0xFF,0xFF,0xFF,0xFF,0xFF,0xFF,0xFF,0xFF,0xFF,0xFF,0xFF,0xFF,0xFF,0xFF,0xFF,0xFF,0xFF,0xFF,0xFF,0xFF,0xFF,0xFF,0xFF,0xFF,0xFF,0xFF,0xFF,0xFF,0xFF,0xFF,0xFF,0xFF,0xFF,0xFF,0xFF,0xFF,0xFF,0xFF,0xFF,0xFF,0xFF,0xFF,0xFF,0xFF,0xFF,0xFF,0xFF,0xFF,0xFF,0xFF,0xFF,0xFF,0xFF,0xFF,
	0xFF,0xFF,0xFF,0xFF,0xFF,0xFF,0xFF,0xFF,0xFF,0xFF,0xFF,0xFF,0xFF,0xFF,0xFF,0xFF,0xFF,0xFF,0xFF,0xFF,0xFF,0xFF,0xFF,0xFF,0xFF,0xFF,0xFF,0xFF,0xFF,0xFF,0xFF,0xFF,0xFF,0xFF,0xFF,0xFF,0xFF,0xFF,0xFF,0xFF,0xFF,0xFF,0xFF,0xFF,0xFF,0xFF,0xFF,0xFF,0xFF,0xFF,0xFF,0xFF,0xFF,0xFF,0xFF,0xFF,0xFF,0xFF,0xFF,0xFF,0xFF,0xFF,0xFF,0xFF,
	0xFF,0xFF,0xFF,0xFF,0xFF,0xFF,0xFF,0xFF,0xFF,0xFF,0xFF,0xFF,0xFF,0xFF,0xFF,0xFF,0xFF,0xFF,0xFF,0xFF,0xFF,0xFF,0xFF,0xFF,0xFF,0xFF,0xFF,0xFF,0xFF,0xFF,0xFF,0xFF,0xFF,0xFF,0xFF,0xFF,0xFF,0xFF,0xFF,0xFF,0xFF,0xFF,0xFF,0xFF,0xFF,0xFF,0xFF,0xFF,0xFF,0xFF,0xFF,0xFF,0xFF,0xFF,0xFF,0xFF,0xFF,0xFF,0xFF,0xFF,0xFF,0xFF,0xFF,0xFF,
	0xFF,0xFF,0xFF,0xFF,0xFF,0xFF,0xFF,0xFF,0xFF,0xFF,0xFF,0xFF,0xFF,0xFF,0xFF,0xFF,0xFF,0xFF,0xFF,0xFF,0xFF,0xFF,0xFF,0xFF,0xFF,0xFF,0xFF,0xFF,0xFF,0xFF,0xFF,0xFF,0xFF,0xFF,0xFF,0xFF,0xFF,0xFF,0xFF,0xFF,0xFF,0xFF,0xFF,0xFF,0xFF,0xFF,0xFF,0xFF,0xFF,0xFF,0xFF,0xFF,0xFF,0xFF,0xFF,0xFF,0xFF,0xFF,0xFF,0xFF,0xFF,0xFF,0xFF,0xFF,
	0xFF,0xFF,0xFF,0xFF,0xFF,0xFF,0xFF,0xFF,0xFF,0xFF,0xFF,0xFF,0xFF,0xFF,0xFF,0xFF,0xFF,0xFF,0xFF,0xFF,0xFF,0xFF,0xFF,0xFF,0xFF,0xFF,0xFF,0xFF,0xFF,0xFF,0xFF,0xFF,0xFF,0xFF,0xFF,0xFF,0xFF,0xFF,0xFF,0xFF,0xFF,0xFF,0xFF,0xFF,0xFF,0xFF,0xFF,0xFF,0xFF,0xFF,0xFF,0xFF,0xFF,0xFF,0xFF,0xFF,0xFF,0xFF,0xFF,0xFF,0xFF,0xFF,0xFF,0xFF,
	0xFF,0xFF,0xFF,0xFF,0xFF,0xFF,0xFF,0xFF,0xFF,0xFF,0xFF,0xFF,0xFF,0xFF,0xFF,0xFF,0xFF,0xFF,0xFF,0xFF,0xFF,0xFF,0xFF,0xFF,0xFF,0xFF,0xFF,0xFF,0xFF,0xFF,0xFF,0xFF,0xFF,0xFF,0xFF,0xFF,0xFF,0xFF,0xFF,0xFF,0xFF,0xFF,0xFF,0xFF,0xFF,0xFF,0xFF,0xFF,0xFF,0xFF,0xFF,0xFF,0xFF,0xFF,0xFF,0xFF,0xFF,0xFF,0xFF,0xFF,0xFF,0xFF,0xFF,0xFF,
	0xFF,0xFF,0xFF,0xFF,0xFF,0xFF,0xFF,0xFF,0xFF,0xFF,0xFF,0xFF,0xFF,0xFF,0xFF,0xFF,0xFF,0xFF,0xFF,0xFF,0xFF,0xFF,0xFF,0xFF,0xFF,0xFF,0xFF,0xFF,0xFF,0xFF,0xFF,0xFF,0xFF,0xFF,0xFF,0xFF,0xFF,0xFF,0xFF,0xFF,0xFF,0xFF,0xFF,0xFF,0xFF,0xFF,0xFF,0xFF,0xFF,0xFF,0xFF,0xFF,0xFF,0xFF,0xFF,0xFF,0xFF,0xFF,0xFF,0xFF,0xFF,0xFF,0xFF,0xFF,
	0xFF,0xFF,0xFF,0xFF,0xFF,0xFF,0xFF,0xFF,0xFF,0xFF,0xFF,0xFF,0xFF,0xFF,0xFF,0xFF,0xFF,0xFF,0xFF,0xFF,0xFF,0xFF,0xFF,0xFF,0xFF,0xFF,0xFF,0xFF,0xFF,0xFF,0xFF,0xFF,0xFF,0xFF,0xFF,0xFF,0xFF,0xFF,0xFF,0xFF,0xFF,0xFF,0xFF,0xFF,0xFF,0xFF,0xFF,0xFF,0xFF,0xFF,0xFF,0xFF,0xFF,0xFF,0xFF,0xFF,0xFF,0xFF,0xFF,0xFF,0xFF,0xFF,0xFF,0xFF,
	0xFF,0xFF,0xFF,0xFF,0xFF,0xFF,0xFF,0xFF,0xFF,0xFF,0xFF,0xFF,0xFF,0xFF,0xFF,0xFF,0xFF,0xFF,0xFF,0xFF,0xFF,0xFF,0xFF,0xFF,0xFF,0xFF,0xFF,0xFF,0xFF,0xFF,0xFF,0xFF,0xFF,0xFF,0xFF,0xFF,0xFF,0xFF,0xFF,0xFF,0xFF,0xFF,0xFF,0xFF,0xFF,0xFF,0xFF,0xFF,0xFF,0xFF,0xFF,0xFF,0xFF,0xFF,0xFF,0xFF,0xFF,0xFF,0xFF,0xFF,0xFF,0xFF,0xFF,0xFF,
	0xFF,0xFF,0xFF,0xFF,0xFF,0xFF,0xFF,0xFF,0xFF,0xFF,0xFF,0xFF,0xFF,0xFF,0xFF,0xFF,0xFF,0xFF,0xFF,0xFF,0xFF,0xFF,0xFF,0xFF,0xFF,0xFF,0xFF,0xFF,0xFF,0xFF,0xFF,0xFF,0xFF,0xFF,0xFF,0xFF,0xFF,0xFF,0xFF,0xFF,0xFF,0xFF,0xFF,0xFF,0xFF,0xFF,0xFF,0xFF,0xFF,0xFF,0xFF,0xFF,0xFF,0xFF,0xFF,0xFF,0xFF,0xFF,0xFF,0xFF,0xFF,0xFF,0xFF,0xFF,
	0xFF,0xFF,0xFF,0xFF,0xFF,0xFF,0xFF,0xFF,0xFF,0xFF,0xFF,0xFF,0xFF,0xFF,0xFF,0xFF,0xFF,0xFF,0xFF,0xFF,0xFF,0xFF,0xFF,0xFF,0xFF,0xFF,0xFF,0xFF,0xFF,0xFF,0xFF,0xFF,0xFF,0xFF,0xFF,0xFF,0xFF,0xFF,0xFF,0xFF,0xFF,0xFF,0xFF,0xFF,0xFF,0xFF,0xFF,0xFF,0xFF,0xFF,0xFF,0xFF,0xFF,0xFF,0xFF,0xFF,0xFF,0xFF,0xFF,0xFF,0xFF,0xFF,0xFF,0xFF,
	0xFF,0xFF,0xFF,0xFF,0xFF,0xFF,0xFF,0xFF,0xFF,0xFF,0xFF,0xFF,0xFF,0xFF,0xFF,0xFF,0xFF,0xFF,0xFF,0xFF,0xFF,0xFF,0xFF,0xFF,0xFF,0xFF,0xFF,0xFF,0xFF,0xFF,0xFF,0xFF,0xFF,0xFF,0xFF,0xFF,0xFF,0xFF,0xFF,0xFF,0xFF,0xFF,0xFF,0xFF,0xFF,0xFF,0xFF,0xFF,0xFF,0xFF,0xFF,0xFF,0xFF,0xFF,0xFF,0xFF,0xFF,0xFF,0xFF,0xFF,0xFF,0xFF,0xFF,0xFF,
	0xFF,0xFF,0xFF,0xFF,0xFF,0xFF,0xFF,0xFF,0xFF,0xFF,0xFF,0xFF,0xFF,0xFF,0xFF,0xFF,0xFF,0xFF,0xFF,0xFF,0xFF,0xFF,0xFF,0xFF,0xFF,0xFF,0xFF,0xFF,0xFF,0xFF,0xFF,0xFF,0xFF,0xFF,0xFF,0xFF,0xFF,0xFF,0xFF,0xFF,0xFF,0xFF,0xFF,0xFF,0xFF,0xFF,0xFF,0xFF,0xFF,0xFF,0xFF,0xFF,0xFF,0xFF,0xFF,0xFF,0xFF,0xFF,0xFF,0xFF,0xFF,0xFF,0xFF,0xFF,
	0xFF,0xFF,0xFF,0xFF,0xFF,0xFF,0xFF,0xFF,0xFF,0xFF,0xFF,0xFF,0xFF,0xFF,0xFF,0xFF,0xFF,0xFF,0xFF,0xFF,0xFF,0xFF,0xFF,0xFF,0xFF,0xFF,0xFF,0xFF,0xFF,0xFF,0xFF,0xFF,0xFF,0xFF,0xFF,0xFF,0xFF,0xFF,0xFF,0xFF,0xFF,0xFF,0xFF,0xFF,0xFF,0xFF,0xFF,0xFF,0xFF,0xFF,0xFF,0xFF,0xFF,0xFF,0xFF,0xFF,0xFF,0xFF,0xFF,0xFF,0xFF,0xFF,0xFF,0xFF,
	0xFF,0xFF,0xFF,0xFF,0xFF,0xFF,0xFF,0xFF,0xFF,0xFF,0xFF,0xFF,0xFF,0xFF,0xFF,0xFF,0xFF,0xFF,0xFF,0xFF,0xFF,0xFF,0xFF,0xFF,0xFF,0xFF,0xFF,0xFF,0xFF,0xFF,0xFF,0xFF,0xFF,0xFF,0xFF,0xFF,0xFF,0xFF,0xFF,0xFF,0xFF,0xFF,0xFF,0xFF,0xFF,0xFF,0xFF,0xFF,0xFF,0xFF,0xFF,0xFF,0xFF,0xFF,0xFF,0xFF,0xFF,0xFF,0xFF,0xFF,0xFF,0xFF,0xFF,0xFF,
	0xFF,0xFF,0xFF,0xFF,0xFF,0xFF,0xFF,0xFF,0xFF,0xFF,0xFF,0xFF,0xFF,0xFF,0xFF,0xFF,0xFF,0xFF,0xFF,0xFF,0xFF,0xFF,0xFF,0xFF,0xFF,0xFF,0xFF,0xFF,0xFF,0xFF,0xFF,0xFF,0xFF,0xFF,0xFF,0xFF,0xFF,0xFF,0xFF,0xFF,0xFF,0xFF,0xFF,0xFF,0xFF,0xFF,0xFF,0xFF,0xFF,0xFF,0xFF,0xFF,0xFF,0xFF,0xFF,0xFF,0xFF,0xFF,0xFF,0xFF,0xFF,0xFF,0xFF,0xFF,
	0xFF,0xFF,0xFF,0xFF,0xFF,0xFF,0xFF,0xFF,0xFF,0xFF,0xFF,0xFF,0xFF,0xFF,0xFF,0xFF,0xFF,0xFF,0xFF,0xFF,0xFF,0xFF,0xFF,0xFF,0xFF,0xFF,0xFF,0xFF,0xFF,0xFF,0xFF,0xFF,0xFF,0xFF,0xFF,0xFF,0xFF,0xFF,0xFF,0xFF,0xFF,0xFF,0xFF,0xFF,0xFF,0xFF,0xFF,0xFF,0xFF,0xFF,0xFF,0xFF,0xFF,0xFF,0xFF,0xFF,0xFF,0xFF,0xFF,0xFF,0xFF,0xFF,0xFF,0xFF,
	0xFF,0xFF,0xFF,0xFF,0xFF,0xFF,0xFF,0xFF,0xFF,0xFF,0xFF,0xFF,0xFF,0xFF,0xFF,0xFF,0xFF,0xFF,0xFF,0xFF,0xFF,0xFF,0xFF,0xFF,0xFF,0xFF,0xFF,0xFF,0xFF,0xFF,0xFF,0xFF,0xFF,0xFF,0xFF,0xFF,0xFF,0xFF,0xFF,0xFF,0xFF,0xFF,0xFF,0xFF,0xFF,0xFF,0xFF,0xFF,0xFF,0xFF,0xFF,0xFF,0xFF,0xFF,0xFF,0xFF,0xFF,0xFF,0xFF,0xFF,0xFF,0xFF,0xFF,0xFF,
	0xFF,0xFF,0xFF,0xFF,0xFF,0xFF,0xFF,0xFF,0xFF,0xFF,0xFF,0xFF,0xFF,0xFF,0xFF,0xFF,0xFF,0xFF,0xFF,0xFF,0xFF,0xFF,0xFF,0xFF,0xFF,0xFF,0xFF,0xFF,0xFF,0xFF,0xFF,0xFF,0xFF,0xFF,0xFF,0xFF,0xFF,0xFF,0xFF,0xFF,0xFF,0xFF,0xFF,0xFF,0xFF,0xFF,0xFF,0xFF,0xFF,0xFF,0xFF,0xFF,0xFF,0xFF,0xFF,0xFF,0xFF,0xFF,0xFF,0xFF,0xFF,0xFF,0xFF,0xFF,
	0xFF,0xFF,0xFF,0xFF,0xFF,0xFF,0xFF,0xFF,0xFF,0xFF,0xFF,0xFF,0xFF,0xFF,0xFF,0xFF,0xFF,0xFF,0xFF,0xFF,0xFF,0xFF,0xFF,0xFF,0xFF,0xFF,0xFF,0xFF,0xFF,0xFF,0xFF,0xFF,0xFF,0xFF,0xFF,0xFF,0xFF,0xFF,0xFF,0xFF,0xFF,0xFF,0xFF,0xFF,0xFF,0xFF,0xFF,0xFF,0xFF,0xFF,0xFF,0xFF,0xFF,0xFF,0xFF,0xFF,0xFF,0xFF,0xFF,0xFF,0xFF,0xFF,0xFF,0xFF,
	0xFF,0xFF,0xFF,0xFF,0xFF,0xFF,0xFF,0xFF,0xFF,0xFF,0xFF,0xFF,0xFF,0xFF,0xFF,0xFF,0xFF,0xFF,0xFF,0xFF,0xFF,0xFF,0xFF,0xFF,0xFF,0xFF,0xFF,0xFF,0xFF,0xFF,0xFF,0xFF,0xFF,0xFF,0xFF,0xFF,0xFF,0xFF,0xFF,0xFF,0xFF,0xFF,0xFF,0xFF,0xFF,0xFF,0xFF,0xFF,0xFF,0xFF,0xFF,0xFF,0xFF,0xFF,0xFF,0xFF,0xFF,0xFF,0xFF,0xFF,0xFF,0xFF,0xFF,0xFF,
	0xFF,0xFF,0xFF,0xFF,0xFF,0xFF,0xFF,0xFF,0xFF,0xFF,0xFF,0xFF,0xFF,0xFF,0xFF,0xFF,0xFF,0xFF,0xFF,0xFF,0xFF,0xFF,0xFF,0xFF,0xFF,0xFF,0xFF,0xFF,0xFF,0xFF,0xFF,0xFF,0xFF,0xFF,0xFF,0xFF,0xFF,0xFF,0xFF,0xFF,0xFF,0xFF,0xFF,0xFF,0xFF,0xFF,0xFF,0xFF,0xFF,0xFF,0xFF,0xFF,0xFF,0xFF,0xFF,0xFF,0xFF,0xFF,0xFF,0xFF,0xFF,0xFF,0xFF,0xFF,
	0xFF,0xFF,0xFF,0xFF,0xFF,0xFF,0xFF,0xFF,0xFF,0xFF,0xFF,0xFF,0xFF,0xFF,0xFF,0xFF,0xFF,0xFF,0xFF,0xFF,0xFF,0xFF,0xFF,0xFF,0xFF,0xFF,0xFF,0xFF,0xFF,0xFF,0xFF,0xFF,0xFF,0xFF,0xFF,0xFF,0xFF,0xFF,0xFF,0xFF,0xFF,0xFF,0xFF,0xFF,0xFF,0xFF,0xFF,0xFF,0xFF,0xFF,0xFF,0xFF,0xFF,0xFF,0xFF,0xFF,0xFF,0xFF,0xFF,0xFF,0xFF,0xFF,0xFF,0xFF,
	0xFF,0xFF,0xFF,0xFF,0xFF,0xFF,0xFF,0xFF,0xFF,0xFF,0xFF,0xFF,0xFF,0xFF,0xFF,0xFF,0xFF,0xFF,0xFF,0xFF,0xFF,0xFF,0xFF,0xFF,0xFF,0xFF,0xFF,0xFF,0xFF,0xFF,0xFF,0xFF,0xFF,0xFF,0xFF,0xFF,0xFF,0xFF,0xFF,0xFF,0xFF,0xFF,0xFF,0xFF,0xFF,0xFF,0xFF,0xFF,0xFF,0xFF,0xFF,0xFF,0xFF,0xFF,0xFF,0xFF,0xFF,0xFF,0xFF,0xFF,0xFF,0xFF,0xFF,0xFF,
	0xFF,0xFF,0xFF,0xFF,0xFF,0xFF,0xFF,0xFF,0xFF,0xFF,0xFF,0xFF,0xFF,0xFF,0xFF,0xFF,0xFF,0xFF,0xFF,0xFF,0xFF,0xFF,0xFF,0xFF,0xFF,0xFF,0xFF,0xFF,0xFF,0xFF,0xFF,0xFF,0xFF,0xFF,0xFF,0xFF,0xFF,0xFF,0xFF,0xFF,0xFF,0xFF,0xFF,0xFF,0xFF,0xFF,0xFF,0xFF,0xFF,0xFF,0xFF,0xFF,0xFF,0xFF,0xFF,0xFF,0xFF,0xFF,0xFF,0xFF,0xFF,0xFF,0xFF,0xFF,
	0xFF,0xFF,0xFF,0xFF,0xFF,0xFF,0xFF,0xFF,0xFF,0xFF,0xFF,0xFF,0xFF,0xFF,0xFF,0xFF,0xFF,0xFF,0xFF,0xFF,0xFF,0xFF,0xFF,0xFF,0xFF,0xFF,0xFF,0xFF,0xFF,0xFF,0xFF,0xFF,0xFF,0xFF,0xFF,0xFF,0xFF,0xFF,0xFF,0xFF,0xFF,0xFF,0xFF,0xFF,0xFF,0xFF,0xFF,0xFF,0xFF,0xFF,0xFF,0xFF,0xFF,0xFF,0xFF,0xFF,0xFF,0xFF,0xFF,0xFF,0xFF,0xFF,0xFF,0xFF,
	0xFF,0xFF,0xFF,0xFF,0xFF,0xFF,0xFF,0xFF,0xFF,0xFF,0xFF,0xFF,0xFF,0xFF,0xFF,0xFF,0xFF,0xFF,0xFF,0xFF,0xFF,0xFF,0xFF,0xFF,0xFF,0xFF,0xFF,0xFF,0xFF,0xFF,0xFF,0xFF,0xFF,0xFF,0xFF,0xFF,0xFF,0xFF,0xFF,0xFF,0xFF,0xFF,0xFF,0xFF,0xFF,0xFF,0xFF,0xFF,0xFF,0xFF,0xFF,0xFF,0xFF,0xFF,0xFF,0xFF,0xFF,0xFF,0xFF,0xFF,0xFF,0xFF,0xFF,0xFF,
	0xFF,0xFF,0xFF,0xFF,0xFF,0xFF,0xFF,0xFF,0xFF,0xFF,0xFF,0xFF,0xFF,0xFF,0xFF,0xFF,0xFF,0xFF,0xFF,0xFF,0xFF,0xFF,0xFF,0xFF,0xFF,0xFF,0xFF,0xFF,0xFF,0xFF,0xFF,0xFF,0xFF,0xFF,0xFF,0xFF,0xFF,0xFF,0xFF,0xFF,0xFF,0xFF,0xFF,0xFF,0xFF,0xFF,0xFF,0xFF,0xFF,0xFF,0xFF,0xFF,0xFF,0xFF,0xFF,0xFF,0xFF,0xFF,0xFF,0xFF,0xFF,0xFF,0xFF,0xFF,
	0xFF,0xFF,0xFF,0xFF,0xFF,0xFF,0xFF,0xFF,0xFF,0xFF,0xFF,0xFF,0xFF,0xFF,0xFF,0xFF,0xFF,0xFF,0xFF,0xFF,0xFF,0xFF,0xFF,0xFF,0xFF,0xFF,0xFF,0xFF,0xFF,0xFF,0xFF,0xFF,0xFF,0xFF,0xFF,0xFF,0xFF,0xFF,0xFF,0xFF,0xFF,0xFF,0xFF,0xFF,0xFF,0xFF,0xFF,0xFF,0xFF,0xFF,0xFF,0xFF,0xFF,0xFF,0xFF,0xFF,0xFF,0xFF,0xFF,0xFF,0xFF,0xFF,0xFF,0xFF,
	0xFF,0xFF,0xFF,0xFF,0xFF,0xFF,0xFF,0xFF,0xFF,0xFF,0xFF,0xFF,0xFF,0xFF,0xFF,0xFF,0xFF,0xFF,0xFF,0xFF,0xFF,0xFF,0xFF,0xFF,0xFF,0xFF,0xFF,0xFF,0xFF,0xFF,0xFF,0xFF,0xFF,0xFF,0xFF,0xFF,0xFF,0xFF,0xFF,0xFF,0xFF,0xFF,0xFF,0xFF,0xFF,0xFF,0xFF,0xFF,0xFF,0xFF,0xFF,0xFF,0xFF,0xFF,0xFF,0xFF,0xFF,0xFF,0xFF,0xFF,0xFF,0xFF,0xFF,0xFF,
	0xFF,0xFF,0xFF,0xFF,0xFF,0xFF,0xFF,0xFF,0xFF,0xFF,0xFF,0xFF,0xFF,0xFF,0xFF,0xFF,0xFF,0xFF,0xFF,0xFF,0xFF,0xFF,0xFF,0xFF,0xFF,0xFF,0xFF,0xFF,0xFF,0xFF,0xFF,0xFF,0xFF,0xFF,0xFF,0xFF,0xFF,0xFF,0xFF,0xFF,0xFF,0xFF,0xFF,0xFF,0xFF,0xFF,0xFF,0xFF,0xFF,0xFF,0xFF,0xFF,0xFF,0xFF,0xFF,0xFF,0xFF,0xFF,0xFF,0xFF,0xFF,0xFF,0xFF,0xFF,
	0xFF,0xFF,0xFF,0xFF,0xFF,0xFF,0xFF,0xFF,0xFF,0xFF,0xFF,0xFF,0xFF,0xFF,0xFF,0xFF,0xFF,0xFF,0xFF,0xFF,0xFF,0xFF,0xFF,0xFF,0xFF,0xFF,0xFF,0xFF,0xFF,0xFF,0xFF,0xFF,0xFF,0xFF,0xFF,0xFF,0xFF,0xFF,0xFF,0xFF,0xFF,0xFF,0xFF,0xFF,0xFF,0xFF,0xFF,0xFF,0xFF,0xFF,0xFF,0xFF,0xFF,0xFF,0xFF,0xFF,0xFF,0xFF,0xFF,0xFF,0xFF,0xFF,0xFF,0xFF,
	0xFF,0xFF,0xFF,0xFF,0xFF,0xFF,0xFF,0xFF,0xFF,0xFF,0xFF,0xFF,0xFF,0xFF,0xFF,0xFF,0xFF,0xFF,0xFF,0xFF,0xFF,0xFF,0xFF,0xFF,0xFF,0xFF,0xFF,0xFF,0xFF,0xFF,0xFF,0xFF,0xFF,0xFF,0xFF,0xFF,0xFF,0xFF,0xFF,0xFF,0xFF,0xFF,0xFF,0xFF,0xFF,0xFF,0xFF,0xFF,0xFF,0xFF,0xFF,0xFF,0xFF,0xFF,0xFF,0xFF,0xFF,0xFF,0xFF,0xFF,0xFF,0xFF,0xFF,0xFF,
	0xFF,0xFF,0xFF,0xFF,0xFF,0xFF,0xFF,0xFF,0xFF,0xFF,0xFF,0xFF,0xFF,0xFF,0xFF,0xFF,0xFF,0xFF,0xFF,0xFF,0xFF,0xFF,0xFF,0xFF,0xFF,0xFF,0xFF,0xFF,0xFF,0xFF,0xFF,0xFF,0xFF,0xFF,0xFF,0xFF,0xFF,0xFF,0xFF,0xFF,0xFF,0xFF,0xFF,0xFF,0xFF,0xFF,0xFF,0xFF,0xFF,0xFF,0xFF,0xFF,0xFF,0xFF,0xFF,0xFF,0xFF,0xFF,0xFF,0xFF,0xFF,0xFF,0xFF,0xFF,
	0xFF,0xFF,0xFF,0xFF,0xFF,0xFF,0xFF,0xFF,0xFF,0xFF,0xFF,0xFF,0xFF,0xFF,0xFF,0xFF,0xFF,0xFF,0xFF,0xFF,0xFF,0xFF,0xFF,0xFF,0xFF,0xFF,0xFF,0xFF,0xFF,0xFF,0xFF,0xFF,0xFF,0xFF,0xFF,0xFF,0xFF,0xFF,0xFF,0xFF,0xFF,0xFF,0xFF,0xFF,0xFF,0xFF,0xFF,0xFF,0xFF,0xFF,0xFF,0xFF,0xFF,0xFF,0xFF,0xFF,0xFF,0xFF,0xFF,0xFF,0xFF,0xFF,0xFF,0xFF,
	0xFF,0xFF,0xFF,0xFF,0xFF,0xFF,0xFF,0xFF,0xFF,0xFF,0xFF,0xFF,0xFF,0xFF,0xFF,0xFF,0xFF,0xFF,0xFF,0xFF,0xFF,0xFF,0xFF,0xFF,0xFF,0xFF,0xFF,0xFF,0xFF,0xFF,0xFF,0xFF,0xFF,0xFF,0xFF,0xFF,0xFF,0xFF,0xFF,0xFF,0xFF,0xFF,0xFF,0xFF,0xFF,0xFF,0xFF,0xFF,0xFF,0xFF,0xFF,0xFF,0xFF,0xFF,0xFF,0xFF,0xFF,0xFF,0xFF,0xFF,0xFF,0xFF,0xFF,0xFF,
	0xFF,0xFF,0xFF,0xFF,0xFF,0xFF,0xFF,0xFF,0xFF,0xFF,0xFF,0xFF,0xFF,0xFF,0xFF,0xFF,0xFF,0xFF,0xFF,0xFF,0xFF,0xFF,0xFF,0xFF,0xFF,0xFF,0xFF,0xFF,0xFF,0xFF,0xFF,0xFF,0xFF,0xFF,0xFF,0xFF,0xFF,0xFF,0xFF,0xFF,0xFF,0xFF,0xFF,0xFF,0xFF,0xFF,0xFF,0xFF,0xFF,0xFF,0xFF,0xFF,0xFF,0xFF,0xFF,0xFF,0xFF,0xFF,0xFF,0xFF,0xFF,0xFF,0xFF,0xFF,
	0xFF,0xFF,0xFF,0xFF,0xFF,0xFF,0xFF,0xFF,0xFF,0xFF,0xFF,0xFF,0xFF,0xFF,0xFF,0xFF,0xFF,0xFF,0xFF,0xFF,0xFF,0xFF,0xFF,0xFF,0xFF,0xFF,0xFF,0xFF,0xFF,0xFF,0xFF,0xFF,0xFF,0xFF,0xFF,0xFF,0xFF,0xFF,0xFF,0xFF,0xFF,0xFF,0xFF,0xFF,0xFF,0xFF,0xFF,0xFF,0xFF,0xFF,0xFF,0xFF,0xFF,0xFF,0xFF,0xFF,0xFF,0xFF,0xFF,0xFF,0xFF,0xFF,0xFF,0xFF,
	0xFF,0xFF,0xFF,0xFF,0xFF,0xFF,0xFF,0xFF,0xFF,0xFF,0xFF,0xFF,0xFF,0xFF,0xFF,0xFF,0xFF,0xFF,0xFF,0xFF,0xFF,0xFF,0xFF,0xFF,0xFF,0xFF,0xFF,0xFF,0xFF,0xFF,0xFF,0xFF,0xFF,0xFF,0xFF,0xFF,0xFF,0xFF,0xFF,0xFF,0xFF,0xFF,0xFF,0xFF,0xFF,0xFF,0xFF,0xFF,0xFF,0xFF,0xFF,0xFF,0xFF,0xFF,0xFF,0xFF,0xFF,0xFF,0xFF,0xFF,0xFF,0xFF,0xFF,0xFF,
	0xFF,0xFF,0xFF,0xFF,0xFF,0xFF,0xFF,0xFF,0xFF,0xFF,0xFF,0xFF,0xFF,0xFF,0xFF,0xFF,0xFF,0xFF,0xFF,0xFF,0xFF,0xFF,0xFF,0xFF,0xFF,0xFF,0xFF,0xFF,0xFF,0xFF,0xFF,0xFF,0xFF,0xFF,0xFF,0xFF,0xFF,0xFF,0xFF,0xFF,0xFF,0xFF,0xFF,0xFF,0xFF,0xFF,0xFF,0xFF,0xFF,0xFF,0xFF,0xFF,0xFF,0xFF,0xFF,0xFF,0xFF,0xFF,0xFF,0xFF,0xFF,0xFF,0xFF,0xFF,
	0xFF,0xFF,0xFF,0xFF,0xFF,0xFF,0xFF,0xFF,0xFF,0xFF,0xFF,0xFF,0xFF,0xFF,0xFF,0xFF,0xFF,0xFF,0xFF,0xFF,0xFF,0xFF,0xFF,0xFF,0xFF,0xFF,0xFF,0xFF,0xFF,0xFF,0xFF,0xFF,0xFF,0xFF,0xFF,0xFF,0xFF,0xFF,0xFF,0xFF,0xFF,0xFF,0xFF,0xFF,0xFF,0xFF,0xFF,0xFF,0xFF,0xFF,0xFF,0xFF,0xFF,0xFF,0xFF,0xFF,0xFF,0xFF,0xFF,0xFF,0xFF,0xFF,0xFF,0xFF,
	0xFF,0xFF,0xFF,0xFF,0xFF,0xFF,0xFF,0xFF,0xFF,0xFF,0xFF,0xFF,0xFF,0xFF,0xFF,0xFF,0xFF,0xFF,0xFF,0xFF,0xFF,0xFF,0xFF,0xFF,0xFF,0xFF,0xFF,0xFF,0xFF,0xFF,0xFF,0xFF,0xFF,0xFF,0xFF,0xFF,0xFF,0xFF,0xFF,0xFF,0xFF,0xFF,0xFF,0xFF,0xFF,0xFF,0xFF,0xFF,0xFF,0xFF,0xFF,0xFF,0xFF,0xFF,0xFF,0xFF,0xFF,0xFF,0xFF,0xFF,0xFF,0xFF,0xFF,0xFF,
	0xFF,0xFF,0xFF,0xFF,0xFF,0xFF,0xFF,0xFF,0xFF,0xFF,0xFF,0xFF,0xFF,0xFF,0xFF,0xFF,0xFF,0xFF,0xFF,0xFF,0xFF,0xFF,0xFF,0xFF,0xFF,0xFF,0xFF,0xFF,0xFF,0xFF,0xFF,0xFF,0xFF,0xFF,0xFF,0xFF,0xFF,0xFF,0xFF,0xFF,0xFF,0xFF,0xFF,0xFF,0xFF,0xFF,0xFF,0xFF,0xFF,0xFF,0xFF,0xFF,0xFF,0xFF,0xFF,0xFF,0xFF,0xFF,0xFF,0xFF,0xFF,0xFF,0xFF,0xFF,
	0xFF,0xFF,0xFF,0xFF,0xFF,0xFF,0xFF,0xFF,0xFF,0xFF,0xFF,0xFF,0xFF,0xFF,0xFF,0xFF,0xFF,0xFF,0xFF,0xFF,0xFF,0xFF,0xFF,0xFF,0xFF,0xFF,0xFF,0xFF,0xFF,0xFF,0xFF,0xFF,0xFF,0xFF,0xFF,0xFF,0xFF,0xFF,0xFF,0xFF,0xFF,0xFF,0xFF,0xFF,0xFF,0xFF,0xFF,0xFF,0xFF,0xFF,0xFF,0xFF,0xFF,0xFF,0xFF,0xFF,0xFF,0xFF,0xFF,0xFF,0xFF,0xFF,0xFF,0xFF,
	0xFF,0xFF,0xFF,0xFF,0xFF,0xFF,0xFF,0xFF,0xFF,0xFF,0xFF,0xFF,0xFF,0xFF,0xFF,0xFF,0xFF,0xFF,0xFF,0xFF,0xFF,0xFF,0xFF,0xFF,0xFF,0xFF,0xFF,0xFF,0xFF,0xFF,0xFF,0xFF,0xFF,0xFF,0xFF,0xFF,0xFF,0xFF,0xFF,0xFF,0xFF,0xFF,0xFF,0xFF,0xFF,0xFF,0xFF,0xFF,0xFF,0xFF,0xFF,0xFF,0xFF,0xFF,0xFF,0xFF,0xFF,0xFF,0xFF,0xFF,0xFF,0xFF,0xFF,0xFF,
	0xFF,0xFF,0xFF,0xFF,0xFF,0xFF,0xFF,0xFF,0xFF,0xFF,0xFF,0xFF,0xFF,0xFF,0xFF,0xFF,0xFF,0xFF,0xFF,0xFF,0xFF,0xFF,0xFF,0xFF,0xFF,0xFF,0xFF,0xFF,0xFF,0xFF,0xFF,0xFF,0xFF,0xFF,0xFF,0xFF,0xFF,0xFF,0xFF,0xFF,0xFF,0xFF,0xFF,0xFF,0xFF,0xFF,0xFF,0xFF,0xFF,0xFF,0xFF,0xFF,0xFF,0xFF,0xFF,0xFF,0xFF,0xFF,0xFF,0xFF,0xFF,0xFF,0xFF,0xFF,
	0xFF,0xFF,0xFF,0xFF,0xFF,0xFF,0xFF,0xFF,0xFF,0xFF,0xFF,0xFF,0xFF,0xFF,0xFF,0xFF,0xFF,0xFF,0xFF,0xFF,0xFF,0xFF,0xFF,0xFF,0xFF,0xFF,0xFF,0xFF,0xFF,0xFF,0xFF,0xFF,0xFF,0xFF,0xFF,0xFF,0xFF,0xFF,0xFF,0xFF,0xFF,0xFF,0xFF,0xFF,0xFF,0xFF,0xFF,0xFF,0xFF,0xFF,0xFF,0xFF,0xFF,0xFF,0xFF,0xFF,0xFF,0xFF,0xFF,0xFF,0xFF,0xFF,0xFF,0xFF,
	0xFF,0xFF,0xFF,0xFF,0xFF,0xFF,0xFF,0xFF,0xFF,0xFF,0xFF,0xFF,0xFF,0xFF,0xFF,0xFF,0xFF,0xFF,0xFF,0xFF,0xFF,0xFF,0xFF,0xFF,0xFF,0xFF,0xFF,0xFF,0xFF,0xFF,0xFF,0xFF,0xFF,0xFF,0xFF,0xFF,0xFF,0xFF,0xFF,0xFF,0xFF,0xFF,0xFF,0xFF,0xFF,0xFF,0xFF,0xFF,0xFF,0xFF,0x00,0xFF,0xFF,0xFF,0xFF,0xFF,0xFF,0xFF,0xFF,0xFF,0xFF,0xFF,0xFF,0xFF,
	0xFF,0xFF,0xFF,0xFF,0xFF,0xFF,0xFF,0xFF,0xFF,0xFF,0xFF,0xFF,0xFF,0xFF,0xFF,0xFF,0xFF,0xFF,0xFF,0xFF,0xFF,0xFF,0xFF,0xFF,0xFF,0xFF,0xFF,0xFF,0xFF,0xFF,0xFF,0xFF,0xFF,0xFF,0xFF,0xFF,0xFF,0xFF,0xFF,0xFF,0xFF,0xFF,0xFF,0xFF,0xFF,0xFF,0xFF,0xFF,0xFF,0xFF,0xFF,0xFF,0xFF,0xFF,0xFF,0xFF,0xFF,0xFF,0xFF,0xFF,0xFF,0xFF,0xFF,0xFF,
	0xFF,0xFF,0xFF,0xFF,0xFF,0xFF,0xFF,0xFF,0xFF,0xFF,0xFF,0xFF,0xFF,0xFF,0xFF,0xFF,0xFF,0xFF,0xFF,0xFF,0xFF,0xFF,0xFF,0xFF,0xFF,0xFF,0xFF,0xFF,0xFF,0xFF,0xFF,0xFF,0xFF,0xFF,0xFF,0xFF,0xFF,0xFF,0xFF,0xFF,0xFF,0xFF,0xFF,0xFF,0xFF,0xFF,0xFF,0xFF,0xFF,0xFF,0xFF,0xFF,0xFF,0xFF,0xFF,0xFF,0xFF,0xFF,0xFF,0xFF,0xFF,0xFF,0xFF,0xFF,
	0xFF,0xFF,0xFF,0xFF,0xFF,0xFF,0xFF,0xFF,0xFF,0xFF,0xFF,0xFF,0xFF,0xFF,0xFF,0xFF,0xFF,0xFF,0xFF,0xFF,0xFF,0xFF,0xFF,0xFF,0xFF,0xFF,0xFF,0xFF,0xFF,0xFF,0xFF,0xFF,0xFF,0xFF,0xFF,0xFF,0xFF,0xFF,0xFF,0xFF,0xFF,0xFF,0xFF,0xFF,0xFF,0xFF,0xFF,0xFF,0xFF,0xFF,0xFF,0xFF,0xFF,0xFF,0xFF,0xFF,0xFF,0xFF,0xFF,0xFF,0xFF,0xFF,0xFF,0xFF,
	0xFF,0xFF,0xFF,0xFF,0xFF,0xFF,0xFF,0xFF,0xFF,0xFF,0xFF,0xFF,0xFF,0xFF,0xFF,0xFF,0xFF,0xFF,0xFF,0xFF,0xFF,0xFF,0xFF,0xFF,0xFF,0xFF,0xFF,0xFF,0xFF,0xFF,0xFF,0xFF,0xFF,0xFF,0xFF,0xFF,0xFF,0xFF,0xFF,0xFF,0xFF,0xFF,0xFF,0xFF,0xFF,0xFF,0xFF,0xFF,0xFF,0xFF,0xFF,0xFF,0xFF,0xFF,0xFF,0xFF,0xFF,0xFF,0xFF,0xFF,0xFF,0xFF,0xFF,0xFF,
	0xFF,0xFF,0xFF,0xFF,0xFF,0xFF,0xFF,0xFF,0xFF,0xFF,0xFF,0xFF,0xFF,0xFF,0xFF,0xFF,0xFF,0xFF,0xFF,0xFF,0xFF,0xFF,0xFF,0xFF,0xFF,0xFF,0xFF,0xFF,0xFF,0xFF,0xFF,0xFF,0xFF,0xFF,0xFF,0xFF,0xFF,0xFF,0xFF,0xFF,0xFF,0xFF,0xFF,0xFF,0xFF,0xFF,0xFF,0xFF,0xFF,0xFF,0xFF,0xFF,0xFF,0xFF,0xFF,0xFF,0xFF,0xFF,0xFF,0xFF,0xFF,0xFF,0xFF,0xFF,
	0xFF,0xFF,0xFF,0xFF,0xFF,0xFF,0xFF,0xFF,0xFF,0xFF,0xFF,0xFF,0xFF,0xFF,0xFF,0xFF,0xFF,0xFF,0xFF,0x00,0x00,0xFF,0xFF,0xFF,0xFF,0xFF,0xFF,0xFF,0xFF,0xFF,0xFF,0xFF,0xFF,0xFF,0xFF,0xFF,0xFF,0xFF,0xFF,0xFF,0xFF,0xFF,0xFF,0xFF,0xFF,0xFF,0xFF,0xFF,0xFF,0xFF,0xFF,0xFF,0xFF,0xFF,0xFF,0xFF,0xFF,0xFF,0xFF,0xFF,0xFF,0xFF,0xFF,0xFF,
	0xFF,0xFF,0xFF,0xFF,0xFF,0xFF,0xFF,0xFF,0xFF,0xFF,0xFF,0xFF,0xFF,0xFF,0xFF,0xFF,0xFF,0xFF,0xFF,0xFF,0xFF,0xFF,0xFF,0xFF,0xFF,0xFF,0xFF,0xFF,0xFF,0xFF,0xFF,0xFF,0xFF,0xFF,0xFF,0xFF,0xFF,0xFF,0xFF,0xFF,0xFF,0xFF,0xFF,0xFF,0xFF,0xFF,0xFF,0xFF,0xFF,0xFF,0xFF,0xFF,0xFF,0xFF,0xFF,0xFF,0xFF,0xFF,0xFF,0xFF,0xFF,0xFF,0xFF,0xFF,
	0xFF,0xFF,0xFF,0xFF,0xFF,0xFF,0xFF,0xFF,0xFF,0xFF,0xFF,0xFF,0xFF,0xFF,0xFF,0xFF,0xFF,0xFF,0xFF,0xFF,0xFF,0xFF,0xFF,0xFF,0xFF,0xFF,0xFF,0xFF,0xFF,0xFF,0xFF,0xFF,0xFF,0xFF,0xFF,0xFF,0xFF,0xFF,0xFF,0xFF,0xFF,0xFF,0xFF,0xFF,0xFF,0xFF,0xFF,0xFF,0xFF,0xFF,0xFF,0xFF,0xFF,0xFF,0xFF,0xFF,0xFF,0xFF,0xFF,0xFF,0xFF,0xFF,0xFF,0xFF,
	0xFF,0xFF,0xFF,0xFF,0xFF,0xFF,0xFF,0xFF,0xFF,0xFF,0xFF,0xFF,0xFF,0xFF,0xFF,0xFF,0xFF,0xFF,0xFF,0xFF,0xFF,0xFF,0xFF,0xFF,0xFF,0xFF,0xFF,0xFF,0xFF,0xFF,0xFF,0xFF,0xFF,0xFF,0xFF,0xFF,0xFF,0xFF,0xFF,0xFF,0xFF,0xFF,0xFF,0xFF,0xFF,0xFF,0xFF,0xFF,0xFF,0xFF,0xFF,0xFF,0xFF,0xFF,0xFF,0xFF,0xFF,0xFF,0xFF,0xFF,0xFF,0xFF,0xFF,0xFF,
	0xFF,0xFF,0xFF,0xFF,0xFF,0xFF,0xFF,0xFF,0xFF,0xFF,0xFF,0xFF,0xFF,0xFF,0xFF,0xFF,0xFF,0xFF,0xFF,0xFF,0xFF,0xFF,0xFF,0xFF,0xFF,0xFF,0xFF,0xFF,0xFF,0xFF,0xFF,0xFF,0xFF,0xFF,0xFF,0xFF,0xFF,0xFF,0xFF,0xFF,0xFF,0xFF,0xFF,0xFF,0xFF,0xFF,0xFF,0xFF,0xFF,0xFF,0xFF,0xFF,0xFF,0xFF,0xFF,0xFF,0xFF,0xFF,0xFF,0xFF,0xFF,0xFF,0xFF,0xFF,
	0xFF,0xFF,0xFF,0xFF,0xFF,0xFF,0xFF,0xFF,0xFF,0xFF,0xFF,0xFF,0xFF,0xFF,0xFF,0xFF,0xFF,0xFF,0xFF,0xFF,0xFF,0xFF,0xFF,0xFF,0xFF,0xFF,0xFF,0xFF,0xFF,0xFF,0xFF,0xFF,0xFF,0xFF,0xFF,0xFF,0xFF,0xFF,0xFF,0xFF,0xFF,0xFF,0xFF,0xFF,0xFF,0xFF,0xFF,0xFF,0xFF,0xFF,0xFF,0xFF,0xFF,0x00,0x00,0xFF,0xFF,0xFF,0xFF,0xFF,0xFF,0xFF,0xFF,0xFF,
	0xFF,0xFF,0xFF,0xFF,0xFF,0xFF,0xFF,0xFF,0xFF,0xFF,0xFF,0xFF,0xFF,0xFF,0xFF,0xFF,0xFF,0xFF,0xFF,0xFF,0xFF,0xFF,0xFF,0xFF,0xFF,0xFF,0xFF,0xFF,0xFF,0xFF,0xFF,0xFF,0xFF,0xFF,0xFF,0xFF,0xFF,0xFF,0xFF,0xFF,0xFF,0xFF,0xFF,0xFF,0xFF,0xFF,0xFF,0xFF,0xFF,0xFF,0xFF,0xFF,0xFF,0xFF,0xFF,0xFF,0xFF,0xFF,0xFF,0xFF,0xFF,0xFF,0xFF,0xFF,
	0xFF,0xFF,0xFF,0xFF,0xFF,0xFF,0xFF,0xFF,0xFF,0xFF,0xFF,0xFF,0xFF,0xFF,0xFF,0xFF,0xFF,0xFF,0xFF,0xFF,0xFF,0xFF,0xFF,0xFF,0xFF,0xFF,0xFF,0xFF,0xFF,0xFF,0xFF,0xFF,0xFF,0xFF,0xFF,0xFF,0xFF,0xFF,0xFF,0xFF,0xFF,0xFF,0xFF,0xFF,0xFF,0xFF,0xFF,0xFF,0xFF,0xFF,0xFF,0xFF,0xFF,0xFF,0xFF,0xFF,0xFF,0xFF,0xFF,0xFF,0xFF,0xFF,0xFF,0xFF,
	0xFF,0xFF,0xFF,0xFF,0xFF,0xFF,0xFF,0xFF,0xFF,0xFF,0xFF,0xFF,0xFF,0xFF,0xFF,0xFF,0xFF,0xFF,0xFF,0xFF,0xFF,0xFF,0xFF,0xFF,0xFF,0xFF,0xFF,0xFF,0xFF,0xFF,0xFF,0xFF,0xFF,0xFF,0xFF,0xFF,0xFF,0xFF,0xFF,0xFF,0xFF,0xFF,0xFF,0xFF,0xFF,0xFF,0xFF,0xFF,0xFF,0xFF,0xFF,0xFF,0xFF,0xFF,0xFF,0xFF,0xFF,0xFF,0xFF,0xFF,0xFF,0xFF,0xFF,0xFF,
	0xFF,0xFF,0xFF,0xFF,0xFF,0xFF,0xFF,0xFF,0xFF,0xFF,0xFF,0xFF,0xFF,0xFF,0xFF,0xFF,0xFF,0xFF,0xFF,0xFF,0xFF,0xFF,0xFF,0xFF,0xFF,0xFF,0xFF,0xFF,0xFF,0xFF,0xFF,0xFF,0xFF,0xFF,0xFF,0xFF,0xFF,0xFF,0xFF,0xFF,0xFF,0xFF,0xFF,0xFF,0xFF,0xFF,0xFF,0xFF,0xFF,0xFF,0xFF,0xFF,0xFF,0xFF,0xFF,0xFF,0xFF,0xFF,0xFF,0xFF,0xFF,0xFF,0xFF,0xFF,
	0xFF,0xFF,0xFF,0xFF,0xFF,0xFF,0xFF,0xFF,0xFF,0xFF,0xFF,0xFF,0xFF,0xFF,0xFF,0xFF,0xFF,0xFF,0xFF,0xFF,0xFF,0xFF,0xFF,0xFF,0xFF,0xFF,0xFF,0xFF,0xFF,0xFF,0xFF,0xFF,0xFF,0xFF,0xFF,0xFF,0xFF,0xFF,0xFF,0xFF,0xFF,0xFF,0xFF,0xFF,0xFF,0xFF,0xFF,0xFF,0xFF,0xFF,0xFF,0xFF,0xFF,0xFF,0xFF,0xFF,0xFF,0xFF,0xFF,0xFF,0xFF,0xFF,0xFF,0xFF,
	0xFF,0xFF,0xFF,0xFF,0xFF,0xFF,0xFF,0xFF,0xFF,0xFF,0xFF,0xFF,0xFF,0xFF,0xFF,0xFF,0xFF,0xFF,0xFF,0xFF,0xFF,0xFF,0xFF,0x00,0x00,0xFF,0xFF,0xFF,0xFF,0xFF,0xFF,0xFF,0xFF,0xFF,0xFF,0xFF,0xFF,0xFF,0xFF,0xFF,0xFF,0xFF,0xFF,0xFF,0xFF,0xFF,0xFF,0xFF,0xFF,0xFF,0xFF,0xFF,0xFF,0xFF,0xFF,0xFF,0xFF,0xFF,0xFF,0xFF,0xFF,0xFF,0xFF,0xFF,
	0xFF,0xFF,0xFF,0xFF,0xFF,0xFF,0xFF,0xFF,0xFF,0xFF,0xFF,0xFF,0xFF,0xFF,0xFF,0xFF,0xFF,0xFF,0xFF,0xFF,0xFF,0xFF,0xFF,0xFF,0xFF,0xFF,0xFF,0xFF,0xFF,0xFF,0xFF,0xFF,0xFF,0xFF,0xFF,0xFF,0xFF,0xFF,0xFF,0xFF,0xFF,0xFF,0xFF,0xFF,0xFF,0xFF,0xFF,0xFF,0xFF,0xFF,0xFF,0xFF,0xFF,0xFF,0xFF,0xFF,0xFF,0xFF,0xFF,0xFF,0xFF,0xFF,0xFF,0xFF,
	0xFF,0xFF,0xFF,0xFF,0xFF,0xFF,0xFF,0xFF,0xFF,0xFF,0xFF,0xFF,0xFF,0xFF,0xFF,0xFF,0xFF,0xFF,0xFF,0xFF,0xFF,0xFF,0xFF,0xFF,0xFF,0xFF,0xFF,0xFF,0xFF,0xFF,0xFF,0xFF,0xFF,0xFF,0xFF,0xFF,0xFF,0xFF,0xFF,0xFF,0xFF,0xFF,0xFF,0xFF,0xFF,0xFF,0xFF,0xFF,0xFF,0xFF,0xFF,0xFF,0xFF,0xFF,0xFF,0xFF,0xFF,0xFF,0xFF,0xFF,0xFF,0xFF,0xFF,0xFF,
	0xFF,0xFF,0xFF,0xFF,0xFF,0xFF,0xFF,0xFF,0xFF,0xFF,0xFF,0xFF,0xFF,0xFF,0xFF,0xFF,0xFF,0xFF,0xFF,0xFF,0xFF,0xFF,0xFF,0xFF,0xFF,0xFF,0xFF,0xFF,0xFF,0xFF,0xFF,0xFF,0xFF,0xFF,0xFF,0xFF,0xFF,0xFF,0xFF,0xFF,0xFF,0xFF,0xFF,0xFF,0xFF,0xFF,0xFF,0xFF,0xFF,0xFF,0xFF,0xFF,0xFF,0xFF,0xFF,0xFF,0xFF,0xFF,0xFF,0xFF,0xFF,0xFF,0xFF,0xFF,
	0xFF,0xFF,0xFF,0xFF,0xFF,0xFF,0xFF,0xFF,0xFF,0xFF,0xFF,0xFF,0xFF,0xFF,0xFF,0xFF,0xFF,0xFF,0xFF,0xFF,0xFF,0xFF,0xFF,0xFF,0xFF,0xFF,0xFF,0xFF,0xFF,0xFF,0xFF,0xFF,0xFF,0xFF,0xFF,0xFF,0xFF,0xFF,0xFF,0xFF,0xFF,0xFF,0xFF,0xFF,0xFF,0xFF,0xFF,0xFF,0xFF,0xFF,0xFF,0xFF,0xFF,0xFF,0xFF,0xFF,0xFF,0xFF,0xFF,0xFF,0xFF,0xFF,0xFF,0xFF,
	0xFF,0xFF,0xFF,0xFF,0xFF,0xFF,0xFF,0xFF,0xFF,0xFF,0xFF,0xFF,0xFF,0xFF,0xFF,0xFF,0xFF,0xFF,0xFF,0xFF,0xFF,0xFF,0xFF,0xFF,0xFF,0xFF,0xFF,0xFF,0xFF,0xFF,0xFF,0xFF,0xFF,0xFF,0xFF,0xFF,0xFF,0xFF,0xFF,0xFF,0xFF,0xFF,0xFF,0xFF,0xFF,0xFF,0xFF,0xFF,0xFF,0xFF,0xFF,0xFF,0xFF,0xFF,0xFF,0xFF,0xFF,0x00,0x00,0x00,0xFF,0xFF,0xFF,0xFF,
	0xFF,0xFF,0xFF,0xFF,0xFF,0xFF,0xFF,0xFF,0xFF,0xFF,0xFF,0xFF,0xFF,0xFF,0xFF,0xFF,0xFF,0xFF,0xFF,0xFF,0xFF,0xFF,0xFF,0xFF,0xFF,0xFF,0xFF,0xFF,0xFF,0xFF,0xFF,0xFF,0xFF,0xFF,0xFF,0xFF,0xFF,0xFF,0xFF,0xFF,0xFF,0xFF,0xFF,0xFF,0xFF,0xFF,0xFF,0xFF,0xFF,0xFF,0xFF,0xFF,0xFF,0xFF,0xFF,0xFF,0xFF,0xFF,0xFF,0xFF,0xFF,0xFF,0xFF,0xFF,
	0xFF,0xFF,0xFF,0xFF,0xFF,0xFF,0xFF,0xFF,0xFF,0xFF,0xFF,0xFF,0xFF,0xFF,0xFF,0xFF,0xFF,0xFF,0xFF,0xFF,0xFF,0xFF,0xFF,0xFF,0xFF,0xFF,0xFF,0xFF,0xFF,0xFF,0xFF,0xFF,0xFF,0xFF,0xFF,0xFF,0xFF,0xFF,0xFF,0xFF,0xFF,0xFF,0xFF,0xFF,0xFF,0xFF,0xFF,0xFF,0xFF,0xFF,0xFF,0xFF,0xFF,0xFF,0xFF,0xFF,0xFF,0xFF,0xFF,0xFF,0xFF,0xFF,0xFF,0xFF,
	0xFF,0xFF,0xFF,0xFF,0xFF,0xFF,0xFF,0xFF,0xFF,0xFF,0xFF,0xFF,0xFF,0xFF,0xFF,0xFF,0xFF,0xFF,0xFF,0xFF,0xFF,0xFF,0xFF,0xFF,0xFF,0xFF,0xFF,0xFF,0xFF,0xFF,0xFF,0xFF,0xFF,0xFF,0xFF,0xFF,0xFF,0xFF,0xFF,0xFF,0xFF,0xFF,0xFF,0xFF,0xFF,0xFF,0xFF,0xFF,0xFF,0xFF,0xFF,0xFF,0xFF,0xFF,0xFF,0xFF,0xFF,0xFF,0xFF,0xFF,0xFF,0xFF,0xFF,0xFF,
	0xFF,0xFF,0xFF,0xFF,0xFF,0xFF,0xFF,0xFF,0xFF,0xFF,0xFF,0xFF,0xFF,0xFF,0xFF,0xFF,0xFF,0xFF,0xFF,0xFF,0xFF,0xFF,0xFF,0xFF,0xFF,0xFF,0xFF,0xFF,0xFF,0xFF,0xFF,0xFF,0xFF,0xFF,0xFF,0xFF,0xFF,0xFF,0xFF,0xFF,0xFF,0xFF,0xFF,0xFF,0xFF,0xFF,0xFF,0xFF,0xFF,0xFF,0xFF,0xFF,0xFF,0xFF,0xFF,0xFF,0xFF,0xFF,0xFF,0xFF,0xFF,0xFF,0xFF,0xFF,
	0xFF,0xFF,0xFF,0xFF,0xFF,0xFF,0xFF,0xFF,0xFF,0xFF,0xFF,0xFF,0xFF,0xFF,0xFF,0xFF,0xFF,0xFF,0xFF,0xFF,0xFF,0xFF,0xFF,0xFF,0xFF,0xFF,0xFF,0xFF,0xFF,0xFF,0xFF,0xFF,0xFF,0xFF,0xFF,0xFF,0xFF,0xFF,0xFF,0xFF,0xFF,0xFF,0xFF,0xFF,0xFF,0xFF,0xFF,0xFF,0xFF,0xFF,0xFF,0xFF,0xFF,0xFF,0xFF,0xFF,0xFF,0xFF,0xFF,0xFF,0xFF,0xFF,0xFF,0xFF,
	0xFF,0xFF,0xFF,0xFF,0xFF,0xFF,0xFF,0xFF,0xFF,0xFF,0xFF,0xFF,0xFF,0xFF,0xFF,0xFF,0xFF,0xFF,0xFF,0xFF,0xFF,0xFF,0xFF,0xFF,0xFF,0xFF,0x00,0x00,0x00,0x00,0x00,0xFF,0xFF,0xFF,0xFF,0xFF,0xFF,0xFF,0xFF,0xFF,0xFF,0xFF,0xFF,0xFF,0xFF,0xFF,0xFF,0xFF,0xFF,0xFF,0xFF,0xFF,0xFF,0xFF,0xFF,0xFF,0xFF,0xFF,0xFF,0xFF,0xFF,0xFF,0xFF,0xFF,
	0xFF,0xFF,0xFF,0xFF,0xFF,0xFF,0xFF,0xFF,0xFF,0xFF,0xFF,0xFF,0xFF,0xFF,0xFF,0xFF,0xFF,0xFF,0xFF,0xFF,0xFF,0xFF,0xFF,0xFF,0xFF,0xFF,0xFF,0xFF,0xFF,0xFF,0xFF,0xFF,0xFF,0xFF,0xFF,0xFF,0xFF,0xFF,0xFF,0xFF,0xFF,0xFF,0xFF,0xFF,0xFF,0xFF,0xFF,0xFF,0xFF,0xFF,0xFF,0xFF,0xFF,0xFF,0xFF,0xFF,0xFF,0xFF,0xFF,0xFF,0xFF,0xFF,0xFF,0xFF,
	0xFF,0xFF,0xFF,0xFF,0xFF,0xFF,0xFF,0xFF,0xFF,0xFF,0xFF,0xFF,0xFF,0xFF,0xFF,0xFF,0xFF,0xFF,0xFF,0xFF,0xFF,0xFF,0xFF,0xFF,0xFF,0xFF,0xFF,0xFF,0xFF,0xFF,0xFF,0xFF,0xFF,0xFF,0xFF,0xFF,0xFF,0xFF,0xFF,0xFF,0xFF,0xFF,0xFF,0xFF,0xFF,0xFF,0xFF,0xFF,0xFF,0xFF,0xFF,0xFF,0xFF,0xFF,0xFF,0xFF,0xFF,0xFF,0xFF,0xFF,0xFF,0xFF,0xFF,0xFF,
	0xFF,0xFF,0xFF,0xFF,0xFF,0xFF,0xFF,0xFF,0xFF,0xFF,0xFF,0xFF,0xFF,0xFF,0xFF,0xFF,0xFF,0xFF,0xFF,0xFF,0xFF,0xFF,0xFF,0xFF,0xFF,0xFF,0xFF,0xFF,0xFF,0xFF,0xFF,0xFF,0xFF,0xFF,0xFF,0xFF,0xFF,0xFF,0xFF,0xFF,0xFF,0xFF,0xFF,0xFF,0xFF,0xFF,0xFF,0xFF,0xFF,0xFF,0xFF,0xFF,0xFF,0xFF,0xFF,0xFF,0xFF,0xFF,0xFF,0xFF,0xFF,0xFF,0xFF,0xFF,
	0xFF,0xFF,0xFF,0xFF,0xFF,0xFF,0xFF,0xFF,0xFF,0xFF,0xFF,0xFF,0xFF,0xFF,0xFF,0xFF,0xFF,0xFF,0xFF,0xFF,0xFF,0xFF,0xFF,0xFF,0xFF,0xFF,0xFF,0xFF,0xFF,0xFF,0xFF,0xFF,0xFF,0xFF,0xFF,0xFF,0xFF,0xFF,0xFF,0xFF,0xFF,0xFF,0xFF,0xFF,0xFF,0xFF,0xFF,0xFF,0xFF,0xFF,0xFF,0xFF,0xFF,0xFF,0xFF,0xFF,0xFF,0xFF,0xFF,0xFF,0xFF,0xFF,0xFF,0xFF,
	0xFF,0xFF,0xFF,0xFF,0xFF,0xFF,0xFF,0xFF,0xFF,0xFF,0xFF,0xFF,0xFF,0xFF,0xFF,0xFF,0xFF,0xFF,0xFF,0xFF,0xFF,0xFF,0xFF,0xFF,0xFF,0xFF,0xFF,0xFF,0xFF,0xFF,0xFF,0xFF,0xFF,0xFF,0xFF,0xFF,0xFF,0xFF,0xFF,0xFF,0xFF,0xFF,0xFF,0xFF,0xFF,0xFF,0xFF,0xFF,0xFF,0xFF,0xFF,0xFF,0xFF,0xFF,0xFF,0xFF,0xFF,0xFF,0xFF,0x00,0x00,0x00,0x00,0x00,
	0x00,0xFF,0xFF,0xFF,0xFF,0xFF,0xFF,0xFF,0xFF,0xFF,0xFF,0xFF,0xFF,0xFF,0xFF,0xFF,0xFF,0xFF,0xFF,0xFF,0xFF,0xFF,0xFF,0xFF,0xFF,0xFF,0xFF,0xFF,0xFF,0xFF,0xFF,0xFF,0xFF,0xFF,0xFF,0xFF,0xFF,0xFF,0xFF,0xFF,0xFF,0xFF,0xFF,0xFF,0xFF,0xFF,0xFF,0xFF,0xFF,0xFF,0xFF,0xFF,0xFF,0xFF,0xFF,0xFF,0xFF,0xFF,0xFF,0xFF,0xFF,0xFF,0xFF,0xFF,
	0xFF,0xFF,0xFF,0xFF,0xFF,0xFF,0xFF,0xFF,0xFF,0xFF,0xFF,0xFF,0xFF,0xFF,0xFF,0xFF,0xFF,0xFF,0xFF,0xFF,0xFF,0xFF,0xFF,0xFF,0xFF,0xFF,0xFF,0xFF,0xFF,0xFF,0xFF,0xFF,0xFF,0xFF,0xFF,0xFF,0xFF,0xFF,0xFF,0xFF,0xFF,0xFF,0xFF,0xFF,0xFF,0xFF,0xFF,0xFF,0xFF,0xFF,0xFF,0xFF,0xFF,0xFF,0xFF,0xFF,0xFF,0xFF,0xFF,0xFF,0xFF,0xFF,0xFF,0xFF,
	0xFF,0xFF,0xFF,0xFF,0xFF,0xFF,0xFF,0xFF,0xFF,0xFF,0xFF,0xFF,0xFF,0xFF,0xFF,0xFF,0xFF,0xFF,0xFF,0xFF,0xFF,0xFF,0xFF,0xFF,0xFF,0xFF,0xFF,0xFF,0xFF,0xFF,0xFF,0xFF,0xFF,0xFF,0xFF,0xFF,0xFF,0xFF,0xFF,0xFF,0xFF,0xFF,0xFF,0xFF,0xFF,0xFF,0xFF,0xFF,0xFF,0xFF,0xFF,0xFF,0xFF,0xFF,0xFF,0xFF,0xFF,0xFF,0xFF,0xFF,0xFF,0xFF,0xFF,0xFF,
	0xFF,0xFF,0xFF,0xFF,0xFF,0xFF,0xFF,0xFF,0xFF,0xFF,0xFF,0xFF,0xFF,0xFF,0xFF,0xFF,0xFF,0xFF,0xFF,0xFF,0xFF,0xFF,0xFF,0xFF,0xFF,0xFF,0xFF,0xFF,0xFF,0xFF,0xFF,0xFF,0xFF,0xFF,0xFF,0xFF,0xFF,0xFF,0xFF,0xFF,0xFF,0xFF,0xFF,0xFF,0xFF,0xFF,0xFF,0xFF,0xFF,0xFF,0xFF,0xFF,0xFF,0xFF,0xFF,0xFF,0xFF,0xFF,0xFF,0xFF,0xFF,0xFF,0xFF,0xFF,
	0xFF,0xFF,0xFF,0xFF,0xFF,0xFF,0xFF,0xFF,0xFF,0xFF,0xFF,0xFF,0xFF,0xFF,0xFF,0xFF,0xFF,0xFF,0xFF,0xFF,0xFF,0xFF,0xFF,0xFF,0xFF,0xFF,0xFF,0xFF,0xFF,0xFF,0xFF,0xFF,0xFF,0xFF,0xFF,0xFF,0xFF,0xFF,0xFF,0xFF,0xFF,0xFF,0xFF,0xFF,0xFF,0xFF,0xFF,0xFF,0xFF,0xFF,0xFF,0xFF,0xFF,0xFF,0xFF,0xFF,0xFF,0xFF,0xFF,0xFF,0xFF,0xFF,0xFF,0xFF,
	0xFF,0xFF,0xFF,0xFF,0xFF,0xFF,0xFF,0xFF,0xFF,0xFF,0xFF,0xFF,0xFF,0xFF,0xFF,0xFF,0xFF,0xFF,0xFF,0xFF,0xFF,0xFF,0xFF,0xFF,0xFF,0xFF,0xFF,0xFF,0xFF,0x00,0x00,0x00,0x00,0x00,0x00,0xFF,0xFF,0xFF,0xFF,0xFF,0xFF,0xFF,0xFF,0xFF,0xFF,0xFF,0xFF,0xFF,0xFF,0xFF,0xFF,0xFF,0xFF,0xFF,0xFF,0xFF,0xFF,0xFF,0xFF,0xFF,0xFF,0xFF,0xFF,0xFF,
	0xFF,0xFF,0xFF,0xFF,0xFF,0xFF,0xFF,0xFF,0xFF,0xFF,0xFF,0xFF,0xFF,0xFF,0xFF,0xFF,0xFF,0xFF,0xFF,0xFF,0xFF,0xFF,0xFF,0xFF,0xFF,0xFF,0xFF,0xFF,0xFF,0xFF,0xFF,0xFF,0xFF,0xFF,0xFF,0xFF,0xFF,0xFF,0xFF,0xFF,0xFF,0xFF,0xFF,0xFF,0xFF,0xFF,0xFF,0xFF,0xFF,0xFF,0xFF,0xFF,0xFF,0xFF,0xFF,0xFF,0xFF,0xFF,0xFF,0xFF,0xFF,0xFF,0xFF,0xFF,
	0xFF,0xFF,0xFF,0xFF,0xFF,0xFF,0xFF,0xFF,0xFF,0xFF,0xFF,0xFF,0xFF,0xFF,0xFF,0xFF,0xFF,0xFF,0xFF,0xFF,0xFF,0xFF,0xFF,0xFF,0xFF,0xFF,0xFF,0xFF,0xFF,0xFF,0xFF,0xFF,0xFF,0xFF,0xFF,0xFF,0xFF,0xFF,0xFF,0xFF,0xFF,0xFF,0xFF,0xFF,0xFF,0xFF,0xFF,0xFF,0xFF,0xFF,0xFF,0xFF,0xFF,0xFF,0xFF,0xFF,0xFF,0xFF,0xFF,0xFF,0xFF,0xFF,0xFF,0xFF,
	0xFF,0xFF,0xFF,0xFF,0xFF,0xFF,0xFF,0xFF,0xFF,0xFF,0xFF,0xFF,0xFF,0xFF,0xFF,0xFF,0xFF,0xFF,0xFF,0xFF,0xFF,0xFF,0xFF,0xFF,0xFF,0xFF,0xFF,0xFF,0xFF,0xFF,0xFF,0xFF,0xFF,0xFF,0xFF,0xFF,0xFF,0xFF,0xFF,0xFF,0xFF,0xFF,0xFF,0xFF,0xFF,0xFF,0xFF,0xFF,0xFF,0xFF,0xFF,0xFF,0xFF,0xFF,0xFF,0xFF,0xFF,0xFF,0xFF,0xFF,0xFF,0xFF,0xFF,0xFF,
	0xFF,0xFF,0xFF,0xFF,0xFF,0xFF,0xFF,0xFF,0xFF,0xFF,0xFF,0xFF,0xFF,0xFF,0xFF,0xFF,0xFF,0xFF,0xFF,0xFF,0xFF,0xFF,0xFF,0xFF,0xFF,0xFF,0xFF,0xFF,0xFF,0xFF,0xFF,0xFF,0xFF,0xFF,0xFF,0xFF,0xFF,0xFF,0xFF,0xFF,0xFF,0xFF,0xFF,0xFF,0xFF,0xFF,0xFF,0xFF,0xFF,0xFF,0xFF,0xFF,0xFF,0xFF,0xFF,0xFF,0xFF,0xFF,0xFF,0xFF,0xFF,0xFF,0xFF,0xFF,
	0xFF,0xFF,0xFF,0xFF,0xFF,0xFF,0xFF,0xFF,0xFF,0xFF,0xFF,0xFF,0xFF,0xFF,0xFF,0xFF,0xFF,0xFF,0xFF,0xFF,0xFF,0xFF,0xFF,0xFF,0xFF,0xFF,0xFF,0xFF,0xFF,0xFF,0xFF,0xFF,0xFF,0xFF,0xFF,0xFF,0xFF,0xFF,0xFF,0xFF,0xFF,0xFF,0xFF,0xFF,0xFF,0xFF,0xFF,0xFF,0xFF,0xFF,0xFF,0xFF,0xFF,0xFF,0xFF,0xFF,0xFF,0xFF,0xFF,0xFF,0xFF,0xFF,0xFF,0x00,
	0x00,0x00,0x00,0x00,0x00,0x00,0xFF,0xFF,0xFF,0xFF,0xFF,0xFF,0xFF,0xFF,0xFF,0xFF,0xFF,0xFF,0xFF,0xFF,0xFF,0xFF,0xFF,0xFF,0xFF,0xFF,0xFF,0xFF,0xFF,0xFF,0xFF,0xFF,0xFF,0xFF,0xFF,0xFF,0xFF,0xFF,0xFF,0xFF,0xFF,0xFF,0xFF,0xFF,0xFF,0xFF,0xFF,0xFF,0xFF,0xFF,0xFF,0xFF,0xFF,0xFF,0xFF,0xFF,0xFF,0xFF,0xFF,0xFF,0xFF,0xFF,0xFF,0xFF,
	0xFF,0xFF,0xFF,0xFF,0xFF,0xFF,0xFF,0xFF,0xFF,0xFF,0xFF,0xFF,0xFF,0xFF,0xFF,0xFF,0xFF,0xFF,0xFF,0xFF,0xFF,0xFF,0xFF,0xFF,0xFF,0xFF,0xFF,0xFF,0xFF,0xFF,0xFF,0xFF,0xFF,0xFF,0xFF,0xFF,0xFF,0xFF,0xFF,0xFF,0xFF,0xFF,0xFF,0xFF,0xFF,0xFF,0xFF,0xFF,0xFF,0xFF,0xFF,0xFF,0xFF,0xFF,0xFF,0xFF,0xFF,0xFF,0xFF,0xFF,0xFF,0xFF,0xFF,0xFF,
	0xFF,0xFF,0xFF,0xFF,0xFF,0xFF,0xFF,0xFF,0xFF,0xFF,0xFF,0xFF,0xFF,0xFF,0xFF,0xFF,0xFF,0xFF,0xFF,0xFF,0xFF,0xFF,0xFF,0xFF,0xFF,0xFF,0xFF,0xFF,0xFF,0xFF,0xFF,0xFF,0xFF,0xFF,0xFF,0xFF,0xFF,0xFF,0xFF,0xFF,0xFF,0xFF,0xFF,0xFF,0xFF,0xFF,0xFF,0xFF,0xFF,0xFF,0xFF,0xFF,0xFF,0xFF,0xFF,0xFF,0xFF,0xFF,0xFF,0xFF,0xFF,0xFF,0xFF,0xFF,
	0xFF,0xFF,0xFF,0xFF,0xFF,0xFF,0xFF,0xFF,0xFF,0xFF,0xFF,0xFF,0xFF,0xFF,0xFF,0xFF,0xFF,0xFF,0xFF,0xFF,0xFF,0xFF,0xFF,0xFF,0xFF,0xFF,0xFF,0xFF,0xFF,0xFF,0xFF,0xFF,0xFF,0xFF,0xFF,0xFF,0xFF,0xFF,0xFF,0xFF,0xFF,0xFF,0xFF,0xFF,0xFF,0xFF,0xFF,0xFF,0xFF,0xFF,0xFF,0xFF,0xFF,0xFF,0xFF,0xFF,0xFF,0xFF,0xFF,0xFF,0xFF,0xFF,0xFF,0xFF,
	0xFF,0xFF,0xFF,0xFF,0xFF,0xFF,0xFF,0xFF,0xFF,0xFF,0xFF,0xFF,0xFF,0xFF,0xFF,0xFF,0xFF,0xFF,0xFF,0xFF,0xFF,0xFF,0xFF,0xFF,0xFF,0xFF,0xFF,0xFF,0xFF,0xFF,0xFF,0xFF,0xFF,0xFF,0xFF,0xFF,0xFF,0xFF,0xFF,0xFF,0xFF,0xFF,0xFF,0xFF,0xFF,0xFF,0xFF,0xFF,0xFF,0xFF,0xFF,0xFF,0xFF,0xFF,0xFF,0xFF,0xFF,0xFF,0xFF,0xFF,0xFF,0xFF,0xFF,0xFF,
	0xFF,0xFF,0xFF,0xFF,0xFF,0xFF,0xFF,0xFF,0xFF,0xFF,0xFF,0xFF,0xFF,0xFF,0xFF,0xFF,0xFF,0xFF,0xFF,0xFF,0xFF,0xFF,0xFF,0xFF,0xFF,0xFF,0xFF,0xFF,0xFF,0xFF,0xFF,0xFF,0x00,0x00,0x00,0x00,0x00,0x00,0x00,0x00,0x00,0xFF,0xFF,0xFF,0xFF,0xFF,0xFF,0xFF,0xFF,0xFF,0xFF,0xFF,0xFF,0xFF,0xFF,0xFF,0xFF,0xFF,0xFF,0xFF,0xFF,0xFF,0xFF,0xFF,
	0xFF,0xFF,0xFF,0xFF,0xFF,0xFF,0xFF,0xFF,0xFF,0xFF,0xFF,0xFF,0xFF,0xFF,0xFF,0xFF,0xFF,0xFF,0xFF,0xFF,0xFF,0xFF,0xFF,0xFF,0xFF,0xFF,0xFF,0xFF,0xFF,0xFF,0xFF,0xFF,0xFF,0xFF,0xFF,0xFF,0xFF,0xFF,0xFF,0xFF,0xFF,0xFF,0xFF,0xFF,0xFF,0xFF,0xFF,0xFF,0xFF,0xFF,0xFF,0xFF,0xFF,0xFF,0xFF,0xFF,0xFF,0xFF,0xFF,0xFF,0xFF,0xFF,0xFF,0xFF,
	0xFF,0xFF,0xFF,0xFF,0xFF,0xFF,0xFF,0xFF,0xFF,0xFF,0xFF,0xFF,0xFF,0xFF,0xFF,0xFF,0xFF,0xFF,0xFF,0xFF,0xFF,0xFF,0xFF,0xFF,0xFF,0xFF,0xFF,0xFF,0xFF,0xFF,0xFF,0xFF,0xFF,0xFF,0xFF,0xFF,0xFF,0xFF,0xFF,0xFF,0xFF,0xFF,0xFF,0xFF,0xFF,0xFF,0xFF,0xFF,0xFF,0xFF,0xFF,0xFF,0xFF,0xFF,0xFF,0xFF,0xFF,0xFF,0xFF,0xFF,0xFF,0xFF,0xFF,0xFF,
	0xFF,0xFF,0xFF,0xFF,0xFF,0xFF,0xFF,0xFF,0xFF,0xFF,0xFF,0xFF,0xFF,0xFF,0xFF,0xFF,0xFF,0xFF,0xFF,0xFF,0xFF,0xFF,0xFF,0xFF,0xFF,0xFF,0xFF,0xFF,0xFF,0xFF,0xFF,0xFF,0xFF,0xFF,0xFF,0xFF,0xFF,0xFF,0xFF,0xFF,0xFF,0xFF,0xFF,0xFF,0xFF,0xFF,0xFF,0xFF,0xFF,0xFF,0xFF,0xFF,0xFF,0xFF,0xFF,0xFF,0xFF,0xFF,0xFF,0xFF,0xFF,0xFF,0xFF,0xFF,
	0xFF,0xFF,0xFF,0xFF,0xFF,0xFF,0xFF,0xFF,0xFF,0xFF,0xFF,0xFF,0xFF,0xFF,0xFF,0xFF,0xFF,0xFF,0xFF,0xFF,0xFF,0xFF,0xFF,0xFF,0xFF,0xFF,0xFF,0xFF,0xFF,0xFF,0xFF,0xFF,0xFF,0xFF,0xFF,0xFF,0xFF,0xFF,0xFF,0xFF,0xFF,0xFF,0xFF,0xFF,0xFF,0xFF,0xFF,0xFF,0xFF,0xFF,0xFF,0xFF,0xFF,0xFF,0xFF,0xFF,0xFF,0xFF,0xFF,0xFF,0xFF,0xFF,0xFF,0xFF,
	0xFF,0xFF,0xFF,0xFF,0xFF,0xFF,0xFF,0xFF,0xFF,0xFF,0xFF,0xFF,0xFF,0xFF,0xFF,0xFF,0xFF,0xFF,0xFF,0xFF,0xFF,0xFF,0xFF,0xFF,0xFF,0xFF,0xFF,0xFF,0xFF,0xFF,0xFF,0xFF,0xFF,0xFF,0xFF,0xFF,0xFF,0xFF,0xFF,0xFF,0xFF,0xFF,0xFF,0xFF,0xFF,0xFF,0xFF,0xFF,0xFF,0xFF,0xFF,0xFF,0xFF,0xFF,0xFF,0xFF,0xFF,0xFF,0xFF,0xFF,0xFF,0xFF,0xFF,0xFF,
	0xFF,0x00,0x00,0x00,0x00,0x00,0x00,0x00,0x00,0x00,0x00,0xFF,0xFF,0xFF,0xFF,0xFF,0xFF,0xFF,0xFF,0xFF,0xFF,0xFF,0xFF,0xFF,0xFF,0xFF,0xFF,0xFF,0xFF,0xFF,0xFF,0xFF,0xFF,0xFF,0xFF,0xFF,0xFF,0xFF,0xFF,0xFF,0xFF,0xFF,0xFF,0xFF,0xFF,0xFF,0xFF,0xFF,0xFF,0xFF,0xFF,0xFF,0xFF,0xFF,0xFF,0xFF,0xFF,0xFF,0xFF,0xFF,0xFF,0xFF,0xFF,0xFF,
	0xFF,0xFF,0xFF,0xFF,0xFF,0xFF,0xFF,0xFF,0xFF,0xFF,0xFF,0xFF,0xFF,0xFF,0xFF,0xFF,0xFF,0xFF,0xFF,0xFF,0xFF,0xFF,0xFF,0xFF,0xFF,0xFF,0xFF,0xFF,0xFF,0xFF,0xFF,0xFF,0xFF,0xFF,0xFF,0xFF,0xFF,0xFF,0xFF,0xFF,0xFF,0xFF,0xFF,0xFF,0xFF,0xFF,0xFF,0xFF,0xFF,0xFF,0xFF,0xFF,0xFF,0xFF,0xFF,0xFF,0xFF,0xFF,0xFF,0xFF,0xFF,0xFF,0xFF,0xFF,
	0xFF,0xFF,0xFF,0xFF,0xFF,0xFF,0xFF,0xFF,0xFF,0xFF,0xFF,0xFF,0xFF,0xFF,0xFF,0xFF,0xFF,0xFF,0xFF,0xFF,0xFF,0xFF,0xFF,0xFF,0xFF,0xFF,0xFF,0xFF,0xFF,0xFF,0xFF,0xFF,0xFF,0xFF,0xFF,0xFF,0xFF,0xFF,0xFF,0xFF,0xFF,0xFF,0xFF,0xFF,0xFF,0xFF,0xFF,0xFF,0xFF,0xFF,0xFF,0xFF,0xFF,0xFF,0xFF,0xFF,0xFF,0xFF,0xFF,0xFF,0xFF,0xFF,0xFF,0xFF,
	0xFF,0xFF,0xFF,0xFF,0xFF,0xFF,0xFF,0xFF,0xFF,0xFF,0xFF,0xFF,0xFF,0xFF,0xFF,0xFF,0xFF,0xFF,0xFF,0xFF,0xFF,0xFF,0xFF,0xFF,0xFF,0xFF,0xFF,0xFF,0xFF,0xFF,0xFF,0xFF,0xFF,0xFF,0xFF,0xFF,0xFF,0xFF,0xFF,0xFF,0xFF,0xFF,0xFF,0xFF,0xFF,0xFF,0xFF,0xFF,0xFF,0xFF,0xFF,0xFF,0xFF,0xFF,0xFF,0xFF,0xFF,0xFF,0xFF,0xFF,0xFF,0xFF,0xFF,0xFF,
	0xFF,0xFF,0xFF,0xFF,0xFF,0xFF,0xFF,0xFF,0xFF,0xFF,0xFF,0xFF,0xFF,0xFF,0xFF,0xFF,0xFF,0xFF,0xFF,0xFF,0xFF,0xFF,0xFF,0xFF,0xFF,0xFF,0xFF,0xFF,0xFF,0xFF,0xFF,0xFF,0xFF,0xFF,0xFF,0xFF,0xFF,0xFF,0xFF,0xFF,0xFF,0xFF,0xFF,0xFF,0xFF,0xFF,0xFF,0xFF,0xFF,0xFF,0xFF,0xFF,0xFF,0xFF,0xFF,0xFF,0xFF,0xFF,0xFF,0xFF,0xFF,0xFF,0xFF,0xFF,
	0xFF,0xFF,0xFF,0xFF,0xFF,0xFF,0xFF,0xFF,0xFF,0xFF,0xFF,0xFF,0xFF,0xFF,0xFF,0xFF,0xFF,0xFF,0xFF,0xFF,0xFF,0xFF,0xFF,0xFF,0xFF,0xFF,0xFF,0xFF,0xFF,0xFF,0xFF,0xFF,0xFF,0xFF,0xFF,0x00,0x00,0x00,0x00,0x00,0x00,0x00,0x00,0x00,0x00,0x00,0xFF,0xFF,0xFF,0xFF,0xFF,0xFF,0xFF,0xFF,0xFF,0xFF,0xFF,0xFF,0xFF,0xFF,0xFF,0xFF,0xFF,0xFF,
	0xFF,0xFF,0xFF,0xFF,0xFF,0xFF,0xFF,0xFF,0xFF,0xFF,0xFF,0xFF,0xFF,0xFF,0xFF,0xFF,0xFF,0xFF,0xFF,0xFF,0xFF,0xFF,0xFF,0xFF,0xFF,0xFF,0xFF,0xFF,0xFF,0xFF,0xFF,0xFF,0xFF,0xFF,0xFF,0xFF,0xFF,0xFF,0xFF,0xFF,0xFF,0xFF,0xFF,0xFF,0xFF,0xFF,0xFF,0xFF,0xFF,0xFF,0xFF,0xFF,0xFF,0xFF,0xFF,0xFF,0xFF,0xFF,0xFF,0xFF,0xFF,0xFF,0xFF,0xFF,
	0xFF,0xFF,0xFF,0xFF,0xFF,0xFF,0xFF,0xFF,0xFF,0xFF,0xFF,0xFF,0xFF,0xFF,0xFF,0xFF,0xFF,0xFF,0xFF,0xFF,0xFF,0xFF,0xFF,0xFF,0xFF,0xFF,0xFF,0xFF,0xFF,0xFF,0xFF,0xFF,0xFF,0xFF,0xFF,0xFF,0xFF,0xFF,0xFF,0xFF,0xFF,0xFF,0xFF,0xFF,0xFF,0xFF,0xFF,0xFF,0xFF,0xFF,0xFF,0xFF,0xFF,0xFF,0xFF,0xFF,0xFF,0xFF,0xFF,0xFF,0xFF,0xFF,0xFF,0xFF,
	0xFF,0xFF,0xFF,0xFF,0xFF,0xFF,0xFF,0xFF,0xFF,0xFF,0xFF,0xFF,0xFF,0xFF,0xFF,0xFF,0xFF,0xFF,0xFF,0xFF,0xFF,0xFF,0xFF,0xFF,0xFF,0xFF,0xFF,0xFF,0xFF,0xFF,0xFF,0xFF,0xFF,0xFF,0xFF,0xFF,0xFF,0xFF,0xFF,0xFF,0xFF,0xFF,0xFF,0xFF,0xFF,0xFF,0xFF,0xFF,0xFF,0xFF,0xFF,0xFF,0xFF,0xFF,0xFF,0xFF,0xFF,0xFF,0xFF,0xFF,0xFF,0xFF,0xFF,0xFF,
	0xFF,0xFF,0xFF,0xFF,0xFF,0xFF,0xFF,0xFF,0xFF,0xFF,0xFF,0xFF,0xFF,0xFF,0xFF,0xFF,0xFF,0xFF,0xFF,0xFF,0xFF,0xFF,0xFF,0xFF,0xFF,0xFF,0xFF,0xFF,0xFF,0xFF,0xFF,0xFF,0xFF,0xFF,0xFF,0xFF,0xFF,0xFF,0xFF,0xFF,0xFF,0xFF,0xFF,0xFF,0xFF,0xFF,0xFF,0xFF,0xFF,0xFF,0xFF,0xFF,0xFF,0xFF,0xFF,0xFF,0xFF,0xFF,0xFF,0xFF,0xFF,0xFF,0xFF,0xFF,
	0xFF,0xFF,0xFF,0xFF,0xFF,0xFF,0xFF,0xFF,0xFF,0xFF,0xFF,0xFF,0xFF,0xFF,0xFF,0xFF,0xFF,0xFF,0xFF,0xFF,0xFF,0xFF,0xFF,0xFF,0xFF,0xFF,0xFF,0xFF,0xFF,0xFF,0xFF,0xFF,0xFF,0xFF,0xFF,0xFF,0xFF,0xFF,0xFF,0xFF,0xFF,0xFF,0xFF,0xFF,0xFF,0xFF,0xFF,0xFF,0xFF,0xFF,0xFF,0xFF,0xFF,0xFF,0xFF,0xFF,0xFF,0xFF,0xFF,0xFF,0xFF,0xFF,0xFF,0xFF,
	0xFF,0xFF,0xFF,0xFF,0x00,0x00,0x00,0x00,0x00,0x00,0x00,0x00,0x00,0x00,0x00,0x00,0x00,0xFF,0xFF,0xFF,0xFF,0xFF,0xFF,0xFF,0xFF,0xFF,0xFF,0xFF,0xFF,0xFF,0xFF,0xFF,0xFF,0xFF,0xFF,0xFF,0xFF,0xFF,0xFF,0xFF,0xFF,0xFF,0xFF,0xFF,0xFF,0xFF,0xFF,0xFF,0xFF,0xFF,0xFF,0xFF,0xFF,0xFF,0xFF,0xFF,0xFF,0xFF,0xFF,0xFF,0xFF,0xFF,0xFF,0xFF,
	0xFF,0xFF,0xFF,0xFF,0xFF,0xFF,0xFF,0xFF,0xFF,0xFF,0xFF,0xFF,0xFF,0xFF,0xFF,0xFF,0xFF,0xFF,0xFF,0xFF,0xFF,0xFF,0xFF,0xFF,0xFF,0xFF,0xFF,0xFF,0xFF,0xFF,0xFF,0xFF,0xFF,0xFF,0xFF,0xFF,0xFF,0xFF,0xFF,0xFF,0xFF,0xFF,0xFF,0xFF,0xFF,0xFF,0xFF,0xFF,0xFF,0xFF,0xFF,0xFF,0xFF,0xFF,0xFF,0xFF,0xFF,0xFF,0xFF,0xFF,0xFF,0xFF,0xFF,0xFF,
	0xFF,0xFF,0xFF,0xFF,0xFF,0xFF,0xFF,0xFF,0xFF,0xFF,0xFF,0xFF,0xFF,0xFF,0xFF,0xFF,0xFF,0xFF,0xFF,0xFF,0xFF,0xFF,0xFF,0xFF,0xFF,0xFF,0xFF,0xFF,0xFF,0xFF,0xFF,0xFF,0xFF,0xFF,0xFF,0xFF,0xFF,0xFF,0xFF,0xFF,0xFF,0xFF,0xFF,0xFF,0xFF,0xFF,0xFF,0xFF,0xFF,0xFF,0xFF,0xFF,0xFF,0xFF,0xFF,0xFF,0xFF,0xFF,0xFF,0xFF,0xFF,0xFF,0xFF,0xFF,
	0xFF,0xFF,0xFF,0xFF,0xFF,0xFF,0xFF,0xFF,0xFF,0xFF,0xFF,0xFF,0xFF,0xFF,0xFF,0xFF,0xFF,0xFF,0xFF,0xFF,0xFF,0xFF,0xFF,0xFF,0xFF,0xFF,0xFF,0xFF,0xFF,0xFF,0xFF,0xFF,0xFF,0xFF,0xFF,0xFF,0xFF,0xFF,0xFF,0xFF,0xFF,0xFF,0xFF,0xFF,0xFF,0xFF,0xFF,0xFF,0xFF,0xFF,0xFF,0xFF,0xFF,0xFF,0xFF,0xFF,0xFF,0xFF,0xFF,0xFF,0xFF,0xFF,0xFF,0xFF,
	0xFF,0xFF,0xFF,0xFF,0xFF,0xFF,0xFF,0xFF,0xFF,0xFF,0xFF,0xFF,0xFF,0xFF,0xFF,0xFF,0xFF,0xFF,0xFF,0xFF,0xFF,0xFF,0xFF,0xFF,0xFF,0xFF,0xFF,0xFF,0xFF,0xFF,0xFF,0xFF,0xFF,0xFF,0xFF,0xFF,0xFF,0xFF,0xFF,0xFF,0xFF,0xFF,0xFF,0xFF,0xFF,0xFF,0xFF,0xFF,0xFF,0xFF,0xFF,0xFF,0xFF,0xFF,0xFF,0xFF,0xFF,0xFF,0xFF,0xFF,0xFF,0xFF,0xFF,0xFF,
	0xFF,0xFF,0xFF,0xFF,0xFF,0xFF,0xFF,0xFF,0xFF,0xFF,0xFF,0xFF,0xFF,0xFF,0xFF,0xFF,0xFF,0xFF,0xFF,0xFF,0xFF,0xFF,0xFF,0xFF,0xFF,0xFF,0xFF,0xFF,0xFF,0xFF,0xFF,0xFF,0xFF,0xFF,0xFF,0xFF,0xFF,0x00,0x00,0x00,0x00,0x00,0x00,0x00,0x00,0x00,0x00,0x00,0x00,0x00,0x00,0x00,0xFF,0xFF,0xFF,0xFF,0xFF,0xFF,0xFF,0xFF,0xFF,0xFF,0xFF,0xFF,
	0xFF,0xFF,0xFF,0xFF,0xFF,0xFF,0xFF,0xFF,0xFF,0xFF,0xFF,0xFF,0xFF,0xFF,0xFF,0xFF,0xFF,0xFF,0xFF,0xFF,0xFF,0xFF,0xFF,0xFF,0xFF,0xFF,0xFF,0xFF,0xFF,0xFF,0xFF,0xFF,0xFF,0xFF,0xFF,0xFF,0xFF,0xFF,0xFF,0xFF,0xFF,0xFF,0xFF,0xFF,0xFF,0xFF,0xFF,0xFF,0xFF,0xFF,0xFF,0xFF,0xFF,0xFF,0xFF,0xFF,0xFF,0xFF,0xFF,0xFF,0xFF,0xFF,0xFF,0xFF,
	0xFF,0xFF,0xFF,0xFF,0xFF,0xFF,0xFF,0xFF,0xFF,0xFF,0xFF,0xFF,0xFF,0xFF,0xFF,0xFF,0xFF,0xFF,0xFF,0xFF,0xFF,0xFF,0xFF,0xFF,0xFF,0xFF,0xFF,0xFF,0xFF,0xFF,0xFF,0xFF,0xFF,0xFF,0xFF,0xFF,0xFF,0xFF,0xFF,0xFF,0xFF,0xFF,0xFF,0xFF,0xFF,0xFF,0xFF,0xFF,0xFF,0xFF,0xFF,0xFF,0xFF,0xFF,0xFF,0xFF,0xFF,0xFF,0xFF,0xFF,0xFF,0xFF,0xFF,0xFF,
	0xFF,0xFF,0xFF,0xFF,0xFF,0xFF,0xFF,0xFF,0xFF,0xFF,0xFF,0xFF,0xFF,0xFF,0xFF,0xFF,0xFF,0xFF,0xFF,0xFF,0xFF,0xFF,0xFF,0xFF,0xFF,0xFF,0xFF,0xFF,0xFF,0xFF,0xFF,0xFF,0xFF,0xFF,0xFF,0xFF,0xFF,0xFF,0xFF,0xFF,0xFF,0xFF,0xFF,0xFF,0xFF,0xFF,0xFF,0xFF,0xFF,0xFF,0xFF,0xFF,0xFF,0xFF,0xFF,0xFF,0xFF,0xFF,0xFF,0xFF,0xFF,0xFF,0xFF,0xFF,
	0xFF,0xFF,0xFF,0xFF,0xFF,0xFF,0xFF,0xFF,0xFF,0xFF,0xFF,0xFF,0xFF,0xFF,0xFF,0xFF,0xFF,0xFF,0xFF,0xFF,0xFF,0xFF,0xFF,0xFF,0xFF,0xFF,0xFF,0xFF,0xFF,0xFF,0xFF,0xFF,0xFF,0xFF,0xFF,0xFF,0xFF,0xFF,0xFF,0xFF,0xFF,0xFF,0xFF,0xFF,0xFF,0xFF,0xFF,0xFF,0xFF,0xFF,0xFF,0xFF,0xFF,0xFF,0xFF,0xFF,0xFF,0xFF,0xFF,0xFF,0xFF,0xFF,0xFF,0xFF,
	0xFF,0xFF,0xFF,0xFF,0xFF,0xFF,0xFF,0xFF,0xFF,0xFF,0xFF,0xFF,0xFF,0xFF,0xFF,0xFF,0xFF,0xFF,0xFF,0xFF,0xFF,0xFF,0xFF,0xFF,0xFF,0xFF,0xFF,0xFF,0xFF,0xFF,0xFF,0xFF,0xFF,0xFF,0xFF,0xFF,0xFF,0xFF,0xFF,0xFF,0xFF,0xFF,0xFF,0xFF,0xFF,0xFF,0xFF,0xFF,0xFF,0xFF,0xFF,0xFF,0xFF,0xFF,0xFF,0xFF,0xFF,0xFF,0xFF,0xFF,0xFF,0xFF,0xFF,0xFF,
	0xFF,0xFF,0xFF,0xFF,0xFF,0xFF,0x00,0x00,0x00,0x00,0x00,0x00,0x00,0x00,0x00,0x00,0x00,0x00,0x00,0x00,0x00,0x00,0xFF,0xFF,0xFF,0xFF,0xFF,0xFF,0xFF,0xFF,0xFF,0xFF,0xFF,0xFF,0xFF,0xFF,0xFF,0xFF,0xFF,0xFF,0xFF,0xFF,0xFF,0xFF,0xFF,0xFF,0xFF,0xFF,0xFF,0xFF,0xFF,0xFF,0xFF,0xFF,0xFF,0xFF,0xFF,0xFF,0xFF,0xFF,0xFF,0xFF,0xFF,0xFF,
	0xFF,0xFF,0xFF,0xFF,0xFF,0xFF,0xFF,0xFF,0xFF,0xFF,0xFF,0xFF,0xFF,0xFF,0xFF,0xFF,0xFF,0xFF,0xFF,0xFF,0xFF,0xFF,0xFF,0xFF,0xFF,0xFF,0xFF,0xFF,0xFF,0xFF,0xFF,0xFF,0xFF,0xFF,0xFF,0xFF,0xFF,0xFF,0xFF,0xFF,0xFF,0xFF,0xFF,0xFF,0xFF,0xFF,0xFF,0xFF,0xFF,0xFF,0xFF,0xFF,0xFF,0xFF,0xFF,0xFF,0xFF,0xFF,0xFF,0xFF,0xFF,0xFF,0xFF,0xFF,
	0xFF,0xFF,0xFF,0xFF,0xFF,0xFF,0xFF,0xFF,0xFF,0xFF,0xFF,0xFF,0xFF,0xFF,0xFF,0xFF,0xFF,0xFF,0xFF,0xFF,0xFF,0xFF,0xFF,0xFF,0xFF,0xFF,0xFF,0xFF,0xFF,0xFF,0xFF,0xFF,0xFF,0xFF,0xFF,0xFF,0xFF,0xFF,0xFF,0xFF,0xFF,0xFF,0xFF,0xFF,0xFF,0xFF,0xFF,0xFF,0xFF,0xFF,0xFF,0xFF,0xFF,0xFF,0xFF,0xFF,0xFF,0xFF,0xFF,0xFF,0xFF,0xFF,0xFF,0xFF,
	0xFF,0xFF,0xFF,0xFF,0xFF,0xFF,0xFF,0xFF,0xFF,0xFF,0xFF,0xFF,0xFF,0xFF,0xFF,0xFF,0xFF,0xFF,0xFF,0xFF,0xFF,0xFF,0xFF,0xFF,0xFF,0xFF,0xFF,0xFF,0xFF,0xFF,0xFF,0xFF,0xFF,0xFF,0xFF,0xFF,0xFF,0xFF,0xFF,0xFF,0xFF,0xFF,0xFF,0xFF,0xFF,0xFF,0xFF,0xFF,0xFF,0xFF,0xFF,0xFF,0xFF,0xFF,0xFF,0xFF,0xFF,0xFF,0xFF,0xFF,0xFF,0xFF,0xFF,0xFF,
	0xFF,0xFF,0xFF,0xFF,0xFF,0xFF,0xFF,0xFF,0xFF,0xFF,0xFF,0xFF,0xFF,0xFF,0xFF,0xFF,0xFF,0xFF,0xFF,0xFF,0xFF,0xFF,0xFF,0xFF,0xFF,0xFF,0xFF,0xFF,0xFF,0xFF,0xFF,0xFF,0xFF,0xFF,0xFF,0xFF,0xFF,0xFF,0xFF,0xFF,0xFF,0xFF,0xFF,0xFF,0xFF,0xFF,0xFF,0xFF,0xFF,0xFF,0xFF,0xFF,0xFF,0xFF,0xFF,0xFF,0xFF,0xFF,0xFF,0xFF,0xFF,0xFF,0xFF,0xFF,
	0xFF,0xFF,0xFF,0xFF,0xFF,0xFF,0xFF,0xFF,0xFF,0xFF,0xFF,0xFF,0xFF,0xFF,0xFF,0xFF,0xFF,0xFF,0xFF,0xFF,0xFF,0xFF,0xFF,0xFF,0xFF,0xFF,0xFF,0xFF,0xFF,0xFF,0xFF,0xFF,0xFF,0xFF,0xFF,0xFF,0xFF,0xFF,0xFF,0xFF,0x00,0x00,0x00,0x00,0x00,0x00,0x00,0x00,0x00,0x00,0x00,0x00,0x00,0x00,0x00,0x00,0x00,0xFF,0xFF,0xFF,0xFF,0xFF,0xFF,0xFF,
	0xFF,0xFF,0xFF,0xFF,0xFF,0xFF,0xFF,0xFF,0xFF,0xFF,0xFF,0xFF,0xFF,0xFF,0xFF,0xFF,0xFF,0xFF,0xFF,0xFF,0xFF,0xFF,0xFF,0xFF,0xFF,0xFF,0xFF,0xFF,0xFF,0xFF,0xFF,0xFF,0xFF,0xFF,0xFF,0xFF,0xFF,0xFF,0xFF,0xFF,0xFF,0xFF,0xFF,0xFF,0xFF,0xFF,0xFF,0xFF,0xFF,0xFF,0xFF,0xFF,0xFF,0xFF,0xFF,0xFF,0xFF,0xFF,0xFF,0xFF,0xFF,0xFF,0xFF,0xFF,
	0xFF,0xFF,0xFF,0xFF,0xFF,0xFF,0xFF,0xFF,0xFF,0xFF,0xFF,0xFF,0xFF,0xFF,0xFF,0xFF,0xFF,0xFF,0xFF,0xFF,0xFF,0xFF,0xFF,0xFF,0xFF,0xFF,0xFF,0xFF,0xFF,0xFF,0xFF,0xFF,0xFF,0xFF,0xFF,0xFF,0xFF,0xFF,0xFF,0xFF,0xFF,0xFF,0xFF,0xFF,0xFF,0xFF,0xFF,0xFF,0xFF,0xFF,0xFF,0xFF,0xFF,0xFF,0xFF,0xFF,0xFF,0xFF,0xFF,0xFF,0xFF,0xFF,0xFF,0xFF,
	0xFF,0xFF,0xFF,0xFF,0xFF,0xFF,0xFF,0xFF,0xFF,0xFF,0xFF,0xFF,0xFF,0xFF,0xFF,0xFF,0xFF,0xFF,0xFF,0xFF,0xFF,0xFF,0xFF,0xFF,0xFF,0xFF,0xFF,0xFF,0xFF,0xFF,0xFF,0xFF,0xFF,0xFF,0xFF,0xFF,0xFF,0xFF,0xFF,0xFF,0xFF,0xFF,0xFF,0xFF,0xFF,0xFF,0xFF,0xFF,0xFF,0xFF,0xFF,0xFF,0xFF,0xFF,0xFF,0xFF,0xFF,0xFF,0xFF,0xFF,0xFF,0xFF,0xFF,0xFF,
	0xFF,0xFF,0xFF,0xFF,0xFF,0xFF,0xFF,0xFF,0xFF,0xFF,0xFF,0xFF,0xFF,0xFF,0xFF,0xFF,0xFF,0xFF,0xFF,0xFF,0xFF,0xFF,0xFF,0xFF,0xFF,0xFF,0xFF,0xFF,0xFF,0xFF,0xFF,0xFF,0xFF,0xFF,0xFF,0xFF,0xFF,0xFF,0xFF,0xFF,0xFF,0xFF,0xFF,0xFF,0xFF,0xFF,0xFF,0xFF,0xFF,0xFF,0xFF,0xFF,0xFF,0xFF,0xFF,0xFF,0xFF,0xFF,0xFF,0xFF,0xFF,0xFF,0xFF,0xFF,
	0xFF,0xFF,0xFF,0xFF,0xFF,0xFF,0xFF,0xFF,0xFF,0xFF,0xFF,0xFF,0xFF,0xFF,0xFF,0xFF,0xFF,0xFF,0xFF,0xFF,0xFF,0xFF,0xFF,0xFF,0xFF,0xFF,0xFF,0xFF,0xFF,0xFF,0xFF,0xFF,0xFF,0xFF,0xFF,0xFF,0xFF,0xFF,0xFF,0xFF,0xFF,0xFF,0xFF,0xFF,0xFF,0xFF,0xFF,0xFF,0xFF,0xFF,0xFF,0xFF,0xFF,0xFF,0xFF,0xFF,0xFF,0xFF,0xFF,0xFF,0xFF,0xFF,0xFF,0xFF,
	0xFF,0xFF,0xFF,0xFF,0xFF,0xFF,0xFF,0xFF,0xFF,0x00,0x00,0x00,0x00,0x00,0x00,0x00,0x00,0x00,0x00,0x00,0x00,0x00,0x00,0x00,0x00,0x00,0x00,0x00,0xFF,0xFF,0xFF,0xFF,0xFF,0xFF,0xFF,0xFF,0xFF,0xFF,0xFF,0xFF,0xFF,0xFF,0xFF,0xFF,0xFF,0xFF,0xFF,0xFF,0xFF,0xFF,0xFF,0xFF,0xFF,0xFF,0xFF,0xFF,0xFF,0xFF,0xFF,0xFF,0xFF,0xFF,0xFF,0xFF,
	0xFF,0xFF,0xFF,0xFF,0xFF,0xFF,0xFF,0xFF,0xFF,0xFF,0xFF,0xFF,0xFF,0xFF,0xFF,0xFF,0xFF,0xFF,0xFF,0xFF,0xFF,0xFF,0xFF,0xFF,0xFF,0xFF,0xFF,0xFF,0xFF,0xFF,0xFF,0xFF,0xFF,0xFF,0xFF,0xFF,0xFF,0xFF,0xFF,0xFF,0xFF,0xFF,0xFF,0xFF,0xFF,0xFF,0xFF,0xFF,0xFF,0xFF,0xFF,0xFF,0xFF,0xFF,0xFF,0xFF,0xFF,0xFF,0xFF,0xFF,0xFF,0xFF,0xFF,0xFF,
	0xFF,0xFF,0xFF,0xFF,0xFF,0xFF,0xFF,0xFF,0xFF,0xFF,0xFF,0xFF,0xFF,0xFF,0xFF,0xFF,0xFF,0xFF,0xFF,0xFF,0xFF,0xFF,0xFF,0xFF,0xFF,0xFF,0xFF,0xFF,0xFF,0xFF,0xFF,0xFF,0xFF,0xFF,0xFF,0xFF,0xFF,0xFF,0xFF,0xFF,0xFF,0xFF,0xFF,0xFF,0xFF,0xFF,0xFF,0xFF,0xFF,0xFF,0xFF,0xFF,0xFF,0xFF,0xFF,0xFF,0xFF,0xFF,0xFF,0xFF,0xFF,0xFF,0xFF,0xFF,
	0xFF,0xFF,0xFF,0xFF,0xFF,0xFF,0xFF,0xFF,0xFF,0xFF,0xFF,0xFF,0xFF,0xFF,0xFF,0xFF,0xFF,0xFF,0xFF,0xFF,0xFF,0xFF,0xFF,0xFF,0xFF,0xFF,0xFF,0xFF,0xFF,0xFF,0xFF,0xFF,0xFF,0xFF,0xFF,0xFF,0xFF,0xFF,0xFF,0xFF,0xFF,0xFF,0xFF,0xFF,0xFF,0xFF,0xFF,0xFF,0xFF,0xFF,0xFF,0xFF,0xFF,0xFF,0xFF,0xFF,0xFF,0xFF,0xFF,0xFF,0xFF,0xFF,0xFF,0xFF,
	0xFF,0xFF,0xFF,0xFF,0xFF,0xFF,0xFF,0xFF,0xFF,0xFF,0xFF,0xFF,0xFF,0xFF,0xFF,0xFF,0xFF,0xFF,0xFF,0xFF,0xFF,0xFF,0xFF,0xFF,0xFF,0xFF,0xFF,0xFF,0xFF,0xFF,0xFF,0xFF,0xFF,0xFF,0xFF,0xFF,0xFF,0xFF,0xFF,0xFF,0xFF,0xFF,0xFF,0xFF,0xFF,0xFF,0xFF,0xFF,0xFF,0xFF,0xFF,0xFF,0xFF,0xFF,0xFF,0xFF,0xFF,0xFF,0xFF,0xFF,0xFF,0xFF,0xFF,0xFF,
	0xFF,0xFF,0xFF,0xFF,0xFF,0xFF,0xFF,0xFF,0xFF,0xFF,0xFF,0xFF,0xFF,0xFF,0xFF,0xFF,0xFF,0xFF,0xFF,0xFF,0xFF,0xFF,0xFF,0xFF,0xFF,0xFF,0xFF,0xFF,0xFF,0xFF,0xFF,0xFF,0xFF,0xFF,0xFF,0xFF,0xFF,0xFF,0xFF,0xFF,0xFF,0xFF,0x00,0x00,0x00,0x00,0x00,0x00,0x00,0x00,0x00,0x00,0x00,0x00,0x00,0x00,0x00,0x00,0x00,0x00,0x00,0x00,0x00,0x00,
	0xFF,0xFF,0xFF,0xFF,0xFF,0xFF,0xFF,0xFF,0xFF,0xFF,0xFF,0xFF,0xFF,0xFF,0xFF,0xFF,0xFF,0xFF,0xFF,0xFF,0xFF,0xFF,0xFF,0xFF,0xFF,0xFF,0xFF,0xFF,0xFF,0xFF,0xFF,0xFF,0xFF,0xFF,0xFF,0xFF,0xFF,0xFF,0xFF,0xFF,0xFF,0xFF,0xFF,0xFF,0xFF,0xFF,0xFF,0xFF,0xFF,0xFF,0xFF,0xFF,0xFF,0xFF,0xFF,0xFF,0xFF,0xFF,0xFF,0xFF,0xFF,0xFF,0xFF,0xFF,
	0xFF,0xFF,0xFF,0xFF,0xFF,0xFF,0xFF,0xFF,0xFF,0xFF,0xFF,0xFF,0xFF,0xFF,0xFF,0xFF,0xFF,0xFF,0xFF,0xFF,0xFF,0xFF,0xFF,0xFF,0xFF,0xFF,0xFF,0xFF,0xFF,0xFF,0xFF,0xFF,0xFF,0xFF,0xFF,0xFF,0xFF,0xFF,0xFF,0xFF,0xFF,0xFF,0xFF,0xFF,0xFF,0xFF,0xFF,0xFF,0xFF,0xFF,0xFF,0xFF,0xFF,0xFF,0xFF,0xFF,0xFF,0xFF,0xFF,0xFF,0xFF,0xFF,0xFF,0xFF,
	0xFF,0xFF,0xFF,0xFF,0xFF,0xFF,0xFF,0xFF,0xFF,0xFF,0xFF,0xFF,0xFF,0xFF,0xFF,0xFF,0xFF,0xFF,0xFF,0xFF,0xFF,0xFF,0xFF,0xFF,0xFF,0xFF,0xFF,0xFF,0xFF,0xFF,0xFF,0xFF,0xFF,0xFF,0xFF,0xFF,0xFF,0xFF,0xFF,0xFF,0xFF,0xFF,0xFF,0xFF,0xFF,0xFF,0xFF,0xFF,0xFF,0xFF,0xFF,0xFF,0xFF,0xFF,0xFF,0xFF,0xFF,0xFF,0xFF,0xFF,0xFF,0xFF,0xFF,0xFF,
	0xFF,0xFF,0xFF,0xFF,0xFF,0xFF,0xFF,0xFF,0xFF,0xFF,0xFF,0xFF,0xFF,0xFF,0xFF,0xFF,0xFF,0xFF,0xFF,0xFF,0xFF,0xFF,0xFF,0xFF,0xFF,0xFF,0xFF,0xFF,0xFF,0xFF,0xFF,0xFF,0xFF,0xFF,0xFF,0xFF,0xFF,0xFF,0xFF,0xFF,0xFF,0xFF,0xFF,0xFF,0xFF,0xFF,0xFF,0xFF,0xFF,0xFF,0xFF,0xFF,0xFF,0xFF,0xFF,0xFF,0xFF,0xFF,0xFF,0xFF,0xFF,0xFF,0xFF,0xFF,
	0xFF,0xFF,0xFF,0xFF,0xFF,0xFF,0xFF,0xFF,0xFF,0xFF,0xFF,0xFF,0xFF,0xFF,0xFF,0xFF,0xFF,0xFF,0xFF,0xFF,0xFF,0xFF,0xFF,0xFF,0xFF,0xFF,0xFF,0xFF,0xFF,0xFF,0xFF,0xFF,0xFF,0xFF,0xFF,0xFF,0xFF,0xFF,0xFF,0xFF,0xFF,0xFF,0xFF,0xFF,0xFF,0xFF,0xFF,0xFF,0xFF,0xFF,0xFF,0xFF,0xFF,0xFF,0xFF,0xFF,0xFF,0xFF,0xFF,0xFF,0xFF,0xFF,0xFF,0xFF,
	0xFF,0xFF,0xFF,0xFF,0xFF,0xFF,0xFF,0xFF,0xFF,0xFF,0x00,0x00,0x00,0x00,0x00,0x00,0x00,0x00,0x00,0x00,0x00,0x00,0x00,0x00,0x00,0x00,0x00,0x00,0x00,0x00,0x00,0x00,0x00,0x00,0x00,0xFF,0xFF,0xFF,0xFF,0xFF,0xFF,0xFF,0xFF,0xFF,0xFF,0xFF,0xFF,0xFF,0xFF,0xFF,0xFF,0xFF,0xFF,0xFF,0xFF,0xFF,0xFF,0xFF,0xFF,0xFF,0xFF,0xFF,0xFF,0xFF,
	0xFF,0xFF,0xFF,0xFF,0xFF,0xFF,0xFF,0xFF,0xFF,0xFF,0xFF,0xFF,0xFF,0xFF,0xFF,0xFF,0xFF,0xFF,0xFF,0xFF,0xFF,0xFF,0xFF,0xFF,0xFF,0xFF,0xFF,0xFF,0xFF,0xFF,0xFF,0xFF,0xFF,0xFF,0xFF,0xFF,0xFF,0xFF,0xFF,0xFF,0xFF,0xFF,0xFF,0xFF,0xFF,0xFF,0xFF,0xFF,0xFF,0xFF,0xFF,0xFF,0xFF,0xFF,0xFF,0xFF,0xFF,0xFF,0xFF,0xFF,0xFF,0xFF,0xFF,0xFF,
	0xFF,0xFF,0xFF,0xFF,0xFF,0xFF,0xFF,0xFF,0xFF,0xFF,0xFF,0xFF,0xFF,0xFF,0xFF,0xFF,0xFF,0xFF,0xFF,0xFF,0xFF,0xFF,0xFF,0xFF,0xFF,0xFF,0xFF,0xFF,0xFF,0xFF,0xFF,0xFF,0xFF,0xFF,0xFF,0xFF,0xFF,0xFF,0xFF,0xFF,0xFF,0xFF,0xFF,0xFF,0xFF,0xFF,0xFF,0xFF,0xFF,0xFF,0xFF,0xFF,0xFF,0xFF,0xFF,0xFF,0xFF,0xFF,0xFF,0xFF,0xFF,0xFF,0xFF,0xFF,
	0xFF,0xFF,0xFF,0xFF,0xFF,0xFF,0xFF,0xFF,0xFF,0xFF,0xFF,0xFF,0xFF,0xFF,0xFF,0xFF,0xFF,0xFF,0xFF,0xFF,0xFF,0xFF,0xFF,0xFF,0xFF,0xFF,0xFF,0xFF,0xFF,0xFF,0xFF,0xFF,0xFF,0xFF,0xFF,0xFF,0xFF,0xFF,0xFF,0xFF,0xFF,0xFF,0xFF,0xFF,0xFF,0xFF,0xFF,0xFF,0xFF,0xFF,0xFF,0xFF,0xFF,0xFF,0xFF,0xFF,0xFF,0xFF,0xFF,0xFF,0xFF,0xFF,0xFF,0xFF,
	0xFF,0xFF,0xFF,0xFF,0xFF,0xFF,0xFF,0xFF,0xFF,0xFF,0xFF,0xFF,0xFF,0xFF,0xFF,0xFF,0xFF,0xFF,0xFF,0xFF,0xFF,0xFF,0xFF,0xFF,0xFF,0xFF,0xFF,0xFF,0xFF,0xFF,0xFF,0xFF,0xFF,0xFF,0xFF,0xFF,0xFF,0xFF,0xFF,0xFF,0xFF,0xFF,0xFF,0xFF,0xFF,0xFF,0xFF,0xFF,0xFF,0xFF,0xFF,0xFF,0xFF,0xFF,0xFF,0xFF,0xFF,0xFF,0xFF,0xFF,0xFF,0xFF,0xFF,0xFF,
	0xFF,0xFF,0xFF,0xFF,0xFF,0xFF,0xFF,0xFF,0xFF,0xFF,0xFF,0xFF,0xFF,0xFF,0xFF,0xFF,0xFF,0xFF,0xFF,0xFF,0xFF,0xFF,0xFF,0xFF,0xFF,0xFF,0xFF,0xFF,0xFF,0xFF,0xFF,0xFF,0xFF,0xFF,0xFF,0xFF,0xFF,0xFF,0xFF,0xFF,0xFF,0xFF,0xFF,0x00,0x00,0x00,0x00,0x00,0x00,0x00,0x00,0x00,0x00,0x00,0x00,0x00,0x00,0x00,0x00,0x00,0x00,0x00,0x00,0x00,
	0x00,0x00,0x00,0x00,0x00,0x00,0xFF,0xFF,0xFF,0xFF,0xFF,0xFF,0xFF,0xFF,0xFF,0xFF,0xFF,0xFF,0xFF,0xFF,0xFF,0xFF,0xFF,0xFF,0xFF,0xFF,0xFF,0xFF,0xFF,0xFF,0xFF,0xFF,0xFF,0xFF,0xFF,0xFF,0xFF,0xFF,0xFF,0xFF,0xFF,0xFF,0xFF,0xFF,0xFF,0xFF,0xFF,0xFF,0xFF,0xFF,0xFF,0xFF,0xFF,0xFF,0xFF,0xFF,0xFF,0xFF,0xFF,0xFF,0xFF,0xFF,0xFF,0xFF,
	0xFF,0xFF,0xFF,0xFF,0xFF,0xFF,0xFF,0xFF,0xFF,0xFF,0xFF,0xFF,0xFF,0xFF,0xFF,0xFF,0xFF,0xFF,0xFF,0xFF,0xFF,0xFF,0xFF,0xFF,0xFF,0xFF,0xFF,0xFF,0xFF,0xFF,0xFF,0xFF,0xFF,0xFF,0xFF,0xFF,0xFF,0xFF,0xFF,0xFF,0xFF,0xFF,0xFF,0xFF,0xFF,0xFF,0xFF,0xFF,0xFF,0xFF,0xFF,0xFF,0xFF,0xFF,0xFF,0xFF,0xFF,0xFF,0xFF,0xFF,0xFF,0xFF,0xFF,0xFF,
	0xFF,0xFF,0xFF,0xFF,0xFF,0xFF,0xFF,0xFF,0xFF,0xFF,0xFF,0xFF,0xFF,0xFF,0xFF,0xFF,0xFF,0xFF,0xFF,0xFF,0xFF,0xFF,0xFF,0xFF,0xFF,0xFF,0xFF,0xFF,0xFF,0xFF,0xFF,0xFF,0xFF,0xFF,0xFF,0xFF,0xFF,0xFF,0xFF,0xFF,0xFF,0xFF,0xFF,0xFF,0xFF,0xFF,0xFF,0xFF,0xFF,0xFF,0xFF,0xFF,0xFF,0xFF,0xFF,0xFF,0xFF,0xFF,0xFF,0xFF,0xFF,0xFF,0xFF,0xFF,
	0xFF,0xFF,0xFF,0xFF,0xFF,0xFF,0xFF,0xFF,0xFF,0xFF,0xFF,0xFF,0xFF,0xFF,0xFF,0xFF,0xFF,0xFF,0xFF,0xFF,0xFF,0xFF,0xFF,0xFF,0xFF,0xFF,0xFF,0xFF,0xFF,0xFF,0xFF,0xFF,0xFF,0xFF,0xFF,0xFF,0xFF,0xFF,0xFF,0xFF,0xFF,0xFF,0xFF,0xFF,0xFF,0xFF,0xFF,0xFF,0xFF,0xFF,0xFF,0xFF,0xFF,0xFF,0xFF,0xFF,0xFF,0xFF,0xFF,0xFF,0xFF,0xFF,0xFF,0xFF,
	0xFF,0xFF,0xFF,0xFF,0xFF,0xFF,0xFF,0xFF,0xFF,0xFF,0xFF,0xFF,0xFF,0xFF,0xFF,0xFF,0xFF,0xFF,0xFF,0xFF,0xFF,0xFF,0xFF,0xFF,0xFF,0xFF,0xFF,0xFF,0xFF,0xFF,0xFF,0xFF,0xFF,0xFF,0xFF,0xFF,0xFF,0xFF,0xFF,0xFF,0xFF,0xFF,0xFF,0xFF,0xFF,0xFF,0xFF,0xFF,0xFF,0xFF,0xFF,0xFF,0xFF,0xFF,0xFF,0xFF,0xFF,0xFF,0xFF,0xFF,0xFF,0xFF,0xFF,0xFF,
	0xFF,0xFF,0xFF,0xFF,0xFF,0xFF,0xFF,0xFF,0xFF,0xFF,0xFF,0xFF,0x00,0x00,0x00,0x00,0x00,0x00,0x00,0x00,0x00,0x00,0x00,0x00,0x00,0x00,0x00,0x00,0x00,0x00,0x00,0x00,0x00,0x00,0x00,0x00,0x00,0x00,0x00,0x00,0x00,0x00,0xFF,0xFF,0xFF,0xFF,0xFF,0xFF,0xFF,0xFF,0xFF,0xFF,0xFF,0xFF,0xFF,0xFF,0xFF,0xFF,0xFF,0xFF,0xFF,0xFF,0xFF,0xFF,
	0xFF,0xFF,0xFF,0xFF,0xFF,0xFF,0xFF,0xFF,0xFF,0xFF,0xFF,0xFF,0xFF,0xFF,0xFF,0xFF,0xFF,0xFF,0xFF,0xFF,0xFF,0xFF,0xFF,0xFF,0xFF,0xFF,0xFF,0xFF,0xFF,0xFF,0xFF,0xFF,0xFF,0xFF,0xFF,0xFF,0xFF,0xFF,0xFF,0xFF,0xFF,0xFF,0xFF,0xFF,0xFF,0xFF,0xFF,0xFF,0xFF,0xFF,0xFF,0xFF,0xFF,0xFF,0xFF,0xFF,0xFF,0xFF,0xFF,0xFF,0xFF,0xFF,0xFF,0xFF,
	0xFF,0xFF,0xFF,0xFF,0xFF,0xFF,0xFF,0xFF,0xFF,0xFF,0xFF,0xFF,0xFF,0xFF,0xFF,0xFF,0xFF,0xFF,0xFF,0xFF,0xFF,0xFF,0xFF,0xFF,0xFF,0xFF,0xFF,0xFF,0xFF,0xFF,0xFF,0xFF,0xFF,0xFF,0xFF,0xFF,0xFF,0xFF,0xFF,0xFF,0xFF,0xFF,0xFF,0xFF,0xFF,0xFF,0xFF,0xFF,0xFF,0xFF,0xFF,0xFF,0xFF,0xFF,0xFF,0xFF,0xFF,0xFF,0xFF,0xFF,0xFF,0xFF,0xFF,0xFF,
	0xFF,0xFF,0xFF,0xFF,0xFF,0xFF,0xFF,0xFF,0xFF,0xFF,0xFF,0xFF,0xFF,0xFF,0xFF,0xFF,0xFF,0xFF,0xFF,0xFF,0xFF,0xFF,0xFF,0xFF,0xFF,0xFF,0xFF,0xFF,0xFF,0xFF,0xFF,0xFF,0xFF,0xFF,0xFF,0xFF,0xFF,0xFF,0xFF,0xFF,0xFF,0xFF,0xFF,0xFF,0xFF,0xFF,0xFF,0xFF,0xFF,0xFF,0xFF,0xFF,0xFF,0xFF,0xFF,0xFF,0xFF,0xFF,0xFF,0xFF,0xFF,0xFF,0xFF,0xFF,
	0xFF,0xFF,0xFF,0xFF,0xFF,0xFF,0xFF,0xFF,0xFF,0xFF,0xFF,0xFF,0xFF,0xFF,0xFF,0xFF,0xFF,0xFF,0xFF,0xFF,0xFF,0xFF,0xFF,0xFF,0xFF,0xFF,0xFF,0xFF,0xFF,0xFF,0xFF,0xFF,0xFF,0xFF,0xFF,0xFF,0xFF,0xFF,0xFF,0xFF,0xFF,0xFF,0xFF,0xFF,0xFF,0xFF,0xFF,0xFF,0xFF,0xFF,0xFF,0xFF,0xFF,0xFF,0xFF,0xFF,0xFF,0xFF,0xFF,0xFF,0xFF,0xFF,0xFF,0xFF,
	0xFF,0xFF,0xFF,0xFF,0xFF,0xFF,0xFF,0xFF,0xFF,0xFF,0xFF,0xFF,0xFF,0xFF,0xFF,0xFF,0xFF,0xFF,0xFF,0xFF,0xFF,0xFF,0xFF,0xFF,0xFF,0xFF,0xFF,0xFF,0xFF,0xFF,0xFF,0xFF,0xFF,0xFF,0xFF,0xFF,0xFF,0xFF,0xFF,0xFF,0xFF,0xFF,0xFF,0xFF,0x00,0x00,0x00,0x00,0x00,0x00,0x00,0x00,0x00,0x00,0x00,0x00,0x00,0x00,0x00,0x00,0x00,0x00,0x00,0x00,
	0x00,0x00,0x00,0x00,0x00,0x00,0x00,0x00,0x00,0x00,0x00,0x00,0x00,0xFF,0xFF,0xFF,0xFF,0xFF,0xFF,0xFF,0xFF,0xFF,0xFF,0xFF,0xFF,0xFF,0xFF,0xFF,0xFF,0xFF,0xFF,0xFF,0xFF,0xFF,0xFF,0xFF,0xFF,0xFF,0xFF,0xFF,0xFF,0xFF,0xFF,0xFF,0xFF,0xFF,0xFF,0xFF,0xFF,0xFF,0xFF,0xFF,0xFF,0xFF,0xFF,0xFF,0xFF,0xFF,0xFF,0xFF,0xFF,0xFF,0xFF,0xFF,
	0xFF,0xFF,0xFF,0xFF,0xFF,0xFF,0xFF,0xFF,0xFF,0xFF,0xFF,0xFF,0xFF,0xFF,0xFF,0xFF,0xFF,0xFF,0xFF,0xFF,0xFF,0xFF,0xFF,0xFF,0xFF,0xFF,0xFF,0xFF,0xFF,0xFF,0xFF,0xFF,0xFF,0xFF,0xFF,0xFF,0xFF,0xFF,0xFF,0xFF,0xFF,0xFF,0xFF,0xFF,0xFF,0xFF,0xFF,0xFF,0xFF,0xFF,0xFF,0xFF,0xFF,0xFF,0xFF,0xFF,0xFF,0xFF,0xFF,0xFF,0xFF,0xFF,0xFF,0xFF,
	0xFF,0xFF,0xFF,0xFF,0xFF,0xFF,0xFF,0xFF,0xFF,0xFF,0xFF,0xFF,0xFF,0xFF,0xFF,0xFF,0xFF,0xFF,0xFF,0xFF,0xFF,0xFF,0xFF,0xFF,0xFF,0xFF,0xFF,0xFF,0xFF,0xFF,0xFF,0xFF,0xFF,0xFF,0xFF,0xFF,0xFF,0xFF,0xFF,0xFF,0xFF,0xFF,0xFF,0xFF,0xFF,0xFF,0xFF,0xFF,0xFF,0xFF,0xFF,0xFF,0xFF,0xFF,0xFF,0xFF,0xFF,0xFF,0xFF,0xFF,0xFF,0xFF,0xFF,0xFF,
	0xFF,0xFF,0xFF,0xFF,0xFF,0xFF,0xFF,0xFF,0xFF,0xFF,0xFF,0xFF,0xFF,0xFF,0xFF,0xFF,0xFF,0xFF,0xFF,0xFF,0xFF,0xFF,0xFF,0xFF,0xFF,0xFF,0xFF,0xFF,0xFF,0xFF,0xFF,0xFF,0xFF,0xFF,0xFF,0xFF,0xFF,0xFF,0xFF,0xFF,0xFF,0xFF,0xFF,0xFF,0xFF,0xFF,0xFF,0xFF,0xFF,0xFF,0xFF,0xFF,0xFF,0xFF,0xFF,0xFF,0xFF,0xFF,0xFF,0xFF,0xFF,0xFF,0xFF,0xFF,
	0xFF,0xFF,0xFF,0xFF,0xFF,0xFF,0xFF,0xFF,0xFF,0xFF,0xFF,0xFF,0xFF,0xFF,0xFF,0xFF,0xFF,0xFF,0xFF,0xFF,0xFF,0xFF,0xFF,0xFF,0xFF,0xFF,0xFF,0xFF,0xFF,0xFF,0xFF,0xFF,0xFF,0xFF,0xFF,0xFF,0xFF,0xFF,0xFF,0xFF,0xFF,0xFF,0xFF,0xFF,0xFF,0xFF,0xFF,0xFF,0xFF,0xFF,0xFF,0xFF,0xFF,0xFF,0xFF,0xFF,0xFF,0xFF,0xFF,0xFF,0xFF,0xFF,0xFF,0xFF,
	0xFF,0xFF,0xFF,0xFF,0xFF,0xFF,0xFF,0xFF,0xFF,0xFF,0xFF,0xFF,0xFF,0x00,0x00,0x00,0x00,0x00,0x00,0x00,0x00,0x00,0x00,0x00,0x00,0x00,0x00,0x00,0x00,0x00,0x00,0x00,0x00,0x00,0x00,0x00,0x00,0x00,0x00,0x00,0x00,0x00,0x00,0x00,0x00,0x00,0x00,0x00,0x00,0x00,0xFF,0xFF,0xFF,0xFF,0xFF,0xFF,0xFF,0xFF,0xFF,0xFF,0xFF,0xFF,0xFF,0xFF,
	0xFF,0xFF,0xFF,0xFF,0xFF,0xFF,0xFF,0xFF,0xFF,0xFF,0xFF,0xFF,0xFF,0xFF,0xFF,0xFF,0xFF,0xFF,0xFF,0xFF,0xFF,0xFF,0xFF,0xFF,0xFF,0xFF,0xFF,0xFF,0xFF,0xFF,0xFF,0xFF,0xFF,0xFF,0xFF,0xFF,0xFF,0xFF,0xFF,0xFF,0xFF,0xFF,0xFF,0xFF,0xFF,0xFF,0xFF,0xFF,0xFF,0xFF,0xFF,0xFF,0xFF,0xFF,0xFF,0xFF,0xFF,0xFF,0xFF,0xFF,0xFF,0xFF,0xFF,0xFF,
	0xFF,0xFF,0xFF,0xFF,0xFF,0xFF,0xFF,0xFF,0xFF,0xFF,0xFF,0xFF,0xFF,0xFF,0xFF,0xFF,0xFF,0xFF,0xFF,0xFF,0xFF,0xFF,0xFF,0xFF,0xFF,0xFF,0xFF,0xFF,0xFF,0xFF,0xFF,0xFF,0xFF,0xFF,0xFF,0xFF,0xFF,0xFF,0xFF,0xFF,0xFF,0xFF,0xFF,0xFF,0xFF,0xFF,0xFF,0xFF,0xFF,0xFF,0xFF,0xFF,0xFF,0xFF,0xFF,0xFF,0xFF,0xFF,0xFF,0xFF,0xFF,0xFF,0xFF,0xFF,
	0xFF,0xFF,0xFF,0xFF,0xFF,0xFF,0xFF,0xFF,0xFF,0xFF,0xFF,0xFF,0xFF,0xFF,0xFF,0xFF,0xFF,0xFF,0xFF,0xFF,0xFF,0xFF,0xFF,0xFF,0xFF,0xFF,0xFF,0xFF,0xFF,0xFF,0xFF,0xFF,0xFF,0xFF,0xFF,0xFF,0xFF,0xFF,0xFF,0xFF,0xFF,0xFF,0xFF,0xFF,0xFF,0xFF,0xFF,0xFF,0xFF,0xFF,0xFF,0xFF,0xFF,0xFF,0xFF,0xFF,0xFF,0xFF,0xFF,0xFF,0xFF,0xFF,0xFF,0xFF,
	0xFF,0xFF,0xFF,0xFF,0xFF,0xFF,0xFF,0xFF,0xFF,0xFF,0xFF,0xFF,0xFF,0xFF,0xFF,0xFF,0xFF,0xFF,0xFF,0xFF,0xFF,0xFF,0xFF,0xFF,0xFF,0xFF,0xFF,0xFF,0xFF,0xFF,0xFF,0xFF,0xFF,0xFF,0xFF,0xFF,0xFF,0xFF,0xFF,0xFF,0xFF,0xFF,0xFF,0xFF,0xFF,0xFF,0xFF,0xFF,0xFF,0xFF,0xFF,0xFF,0xFF,0xFF,0xFF,0xFF,0xFF,0xFF,0xFF,0xFF,0xFF,0xFF,0xFF,0xFF,
	0xFF,0xFF,0xFF,0xFF,0xFF,0xFF,0xFF,0xFF,0xFF,0xFF,0xFF,0xFF,0xFF,0xFF,0xFF,0xFF,0xFF,0xFF,0xFF,0xFF,0xFF,0xFF,0xFF,0xFF,0xFF,0xFF,0xFF,0xFF,0xFF,0xFF,0xFF,0xFF,0xFF,0xFF,0xFF,0xFF,0xFF,0xFF,0xFF,0xFF,0xFF,0xFF,0xFF,0xFF,0x00,0x00,0x00,0x00,0x00,0x00,0x00,0x00,0x00,0x00,0x00,0x00,0x00,0x00,0x00,0x00,0x00,0x00,0x00,0x00,
	0x00,0x00,0x00,0x00,0x00,0x00,0x00,0x00,0x00,0x00,0x00,0x00,0x00,0x00,0x00,0x00,0x00,0x00,0x00,0x00,0x00,0xFF,0xFF,0xFF,0xFF,0xFF,0xFF,0xFF,0xFF,0xFF,0xFF,0xFF,0xFF,0xFF,0xFF,0xFF,0xFF,0xFF,0xFF,0xFF,0xFF,0xFF,0xFF,0xFF,0xFF,0xFF,0xFF,0xFF,0xFF,0xFF,0xFF,0xFF,0xFF,0xFF,0xFF,0xFF,0xFF,0xFF,0xFF,0xFF,0xFF,0xFF,0xFF,0xFF,
	0xFF,0xFF,0xFF,0xFF,0xFF,0xFF,0xFF,0xFF,0xFF,0xFF,0xFF,0xFF,0xFF,0xFF,0xFF,0xFF,0xFF,0xFF,0xFF,0xFF,0xFF,0xFF,0xFF,0xFF,0xFF,0xFF,0xFF,0xFF,0xFF,0xFF,0xFF,0xFF,0xFF,0xFF,0xFF,0xFF,0xFF,0xFF,0xFF,0xFF,0xFF,0xFF,0xFF,0xFF,0xFF,0xFF,0xFF,0xFF,0xFF,0xFF,0xFF,0xFF,0xFF,0xFF,0xFF,0xFF,0xFF,0xFF,0xFF,0xFF,0xFF,0xFF,0xFF,0xFF,
	0xFF,0xFF,0xFF,0xFF,0xFF,0xFF,0xFF,0xFF,0xFF,0xFF,0xFF,0xFF,0xFF,0xFF,0xFF,0xFF,0xFF,0xFF,0xFF,0xFF,0xFF,0xFF,0xFF,0xFF,0xFF,0xFF,0xFF,0xFF,0xFF,0xFF,0xFF,0xFF,0xFF,0xFF,0xFF,0xFF,0xFF,0xFF,0xFF,0xFF,0xFF,0xFF,0xFF,0xFF,0xFF,0xFF,0xFF,0xFF,0xFF,0xFF,0xFF,0xFF,0xFF,0xFF,0xFF,0xFF,0xFF,0xFF,0xFF,0xFF,0xFF,0xFF,0xFF,0xFF,
	0xFF,0xFF,0xFF,0xFF,0xFF,0xFF,0xFF,0xFF,0xFF,0xFF,0xFF,0xFF,0xFF,0xFF,0xFF,0xFF,0xFF,0xFF,0xFF,0xFF,0xFF,0xFF,0xFF,0xFF,0xFF,0xFF,0xFF,0xFF,0xFF,0xFF,0xFF,0xFF,0xFF,0xFF,0xFF,0xFF,0xFF,0xFF,0xFF,0xFF,0xFF,0xFF,0xFF,0xFF,0xFF,0xFF,0xFF,0xFF,0xFF,0xFF,0xFF,0xFF,0xFF,0xFF,0xFF,0xFF,0xFF,0xFF,0xFF,0xFF,0xFF,0xFF,0xFF,0xFF,
	0xFF,0xFF,0xFF,0xFF,0xFF,0xFF,0xFF,0xFF,0xFF,0xFF,0xFF,0xFF,0xFF,0xFF,0xFF,0xFF,0xFF,0xFF,0xFF,0xFF,0xFF,0xFF,0xFF,0xFF,0xFF,0xFF,0xFF,0xFF,0xFF,0xFF,0xFF,0xFF,0xFF,0xFF,0xFF,0xFF,0xFF,0xFF,0xFF,0xFF,0xFF,0xFF,0xFF,0xFF,0xFF,0xFF,0xFF,0xFF,0xFF,0xFF,0xFF,0xFF,0xFF,0xFF,0xFF,0xFF,0xFF,0xFF,0xFF,0xFF,0xFF,0xFF,0xFF,0xFF,
	0xFF,0xFF,0xFF,0xFF,0xFF,0xFF,0xFF,0xFF,0xFF,0xFF,0xFF,0xFF,0xFF,0x00,0x00,0x00,0x00,0x00,0x00,0x00,0x00,0x00,0x00,0x00,0x00,0x00,0x00,0x00,0x00,0x00,0x00,0x00,0x00,0x00,0x00,0x00,0x00,0x00,0x00,0x00,0x00,0x00,0x00,0x00,0x00,0x00,0x00,0x00,0x00,0x00,0x00,0x00,0x00,0x00,0x00,0x00,0x00,0x00,0x00,0x00,0xFF,0xFF,0xFF,0xFF,
	0xFF,0xFF,0xFF,0xFF,0xFF,0xFF,0xFF,0xFF,0xFF,0xFF,0xFF,0xFF,0xFF,0xFF,0xFF,0xFF,0xFF,0xFF,0xFF,0xFF,0xFF,0xFF,0xFF,0xFF,0xFF,0xFF,0xFF,0xFF,0xFF,0xFF,0xFF,0xFF,0xFF,0xFF,0xFF,0xFF,0xFF,0xFF,0xFF,0xFF,0xFF,0xFF,0xFF,0xFF,0xFF,0xFF,0xFF,0xFF,0xFF,0xFF,0xFF,0xFF,0xFF,0xFF,0xFF,0xFF,0xFF,0xFF,0xFF,0xFF,0xFF,0xFF,0xFF,0xFF,
	0xFF,0xFF,0xFF,0xFF,0xFF,0xFF,0xFF,0xFF,0xFF,0xFF,0xFF,0xFF,0xFF,0xFF,0xFF,0xFF,0xFF,0xFF,0xFF,0xFF,0xFF,0xFF,0xFF,0xFF,0xFF,0xFF,0xFF,0xFF,0xFF,0xFF,0xFF,0xFF,0xFF,0xFF,0xFF,0xFF,0xFF,0xFF,0xFF,0xFF,0xFF,0xFF,0xFF,0xFF,0xFF,0xFF,0xFF,0xFF,0xFF,0xFF,0xFF,0xFF,0xFF,0xFF,0xFF,0xFF,0xFF,0xFF,0xFF,0xFF,0xFF,0xFF,0xFF,0xFF,
	0xFF,0xFF,0xFF,0xFF,0xFF,0xFF,0xFF,0xFF,0xFF,0xFF,0xFF,0xFF,0xFF,0xFF,0xFF,0xFF,0xFF,0xFF,0xFF,0xFF,0xFF,0xFF,0xFF,0xFF,0xFF,0xFF,0xFF,0xFF,0xFF,0xFF,0xFF,0xFF,0xFF,0xFF,0xFF,0xFF,0xFF,0xFF,0xFF,0xFF,0xFF,0xFF,0xFF,0xFF,0xFF,0xFF,0xFF,0xFF,0xFF,0xFF,0xFF,0xFF,0xFF,0xFF,0xFF,0xFF,0xFF,0xFF,0xFF,0xFF,0xFF,0xFF,0xFF,0xFF,
	0xFF,0xFF,0xFF,0xFF,0xFF,0xFF,0xFF,0xFF,0xFF,0xFF,0xFF,0xFF,0xFF,0xFF,0xFF,0xFF,0xFF,0xFF,0xFF,0xFF,0xFF,0xFF,0xFF,0xFF,0xFF,0xFF,0xFF,0xFF,0xFF,0xFF,0xFF,0xFF,0xFF,0xFF,0xFF,0xFF,0xFF,0xFF,0xFF,0xFF,0xFF,0xFF,0xFF,0xFF,0xFF,0xFF,0xFF,0xFF,0xFF,0xFF,0xFF,0xFF,0xFF,0xFF,0xFF,0xFF,0xFF,0xFF,0xFF,0xFF,0xFF,0xFF,0xFF,0xFF,
	0xFF,0xFF,0xFF,0xFF,0xFF,0xFF,0xFF,0xFF,0xFF,0xFF,0xFF,0xFF,0xFF,0xFF,0xFF,0xFF,0xFF,0xFF,0xFF,0xFF,0xFF,0xFF,0xFF,0xFF,0xFF,0xFF,0xFF,0xFF,0xFF,0xFF,0xFF,0xFF,0xFF,0xFF,0xFF,0xFF,0xFF,0xFF,0xFF,0xFF,0xFF,0xFF,0x00,0x00,0x00,0x00,0x00,0x00,0x00,0x00,0x00,0x00,0x00,0x00,0x00,0x00,0x00,0x00,0x00,0x00,0x00,0x00,0x00,0x00,
	0x00,0x00,0x00,0x00,
    };
        


const lv_img_dsc_t face_174_390_dial_img_2_14680_0 = {
    .header.magic = LV_IMAGE_HEADER_MAGIC,
    .header.w = 354,
    .header.h = 66,
    .data_size = sizeof(face_174_390_dial_img_2_14680_data_0),
    .header.cf = LV_COLOR_FORMAT_RGB565A8,
    .data = face_174_390_dial_img_2_14680_data_0};

    