
// File generated by bin2lvgl
// developed by fbiego. 
// https://github.com/fbiego
// Watchface: 1891_2_390

#include "../1891_2_390.h"

#ifndef LV_ATTRIBUTE_MEM_ALIGN
#define LV_ATTRIBUTE_MEM_ALIGN
#endif


// LVGL 9 format (RGB565) // LVGL_9 compatible 
const LV_ATTRIBUTE_MEM_ALIGN uint8_t face_1891_2_390_dial_img_0_1044_data_0[] = {
	//RGB565 data 
	0x00,0x00,0x00,0x00,0x00,0x00,0x00,0x00,0x00,0x00,0x00,0x00,0x00,0x00,0x00,0x00,0x00,0x00,0x00,0x00,0x00,0x00,0x00,0x00,0x00,0x00,0x00,0x00,0x00,0x00,0x00,0x00,0x00,0x00,0x00,0x00,0x00,0x00,0x00,0x00,0x00,0x00,0x00,0x00,0x00,0x00,0x00,0x00,0x00,0x00,0x00,0x00,0x00,0x00,0x00,0x00,0x00,0x00,0x00,0x00,0x00,0x00,0x00,0x00,
	0x00,0x00,0x00,0x00,0x00,0x00,0x00,0x00,0x00,0x00,0x00,0x00,0x00,0x00,0x00,0x00,0x00,0x00,0x00,0x00,0x00,0x00,0x00,0x00,0x00,0x00,0x00,0x00,0x00,0x00,0x00,0x00,0x00,0x00,0x00,0x00,0x41,0x30,0x62,0x58,0x83,0x78,0xA4,0x98,0xC5,0xB0,0xC5,0xB8,0xE6,0xD0,0xE5,0xD8,0x06,0xE9,0x27,0xF1,0x27,0xE9,0x27,0xF1,0x27,0xF9,0x27,0xF9,
	0x27,0xF1,0x27,0xE9,0x27,0xE9,0x06,0xE1,0xE5,0xD8,0xE6,0xD0,0xC5,0xB8,0xC5,0xB0,0xA4,0x98,0x83,0x78,0x62,0x58,0x21,0x30,0x00,0x00,0x00,0x00,0x00,0x00,0x00,0x00,0x00,0x00,0x00,0x00,0x00,0x00,0x00,0x00,0x00,0x00,0x00,0x00,0x00,0x00,0x00,0x00,0x00,0x00,0x00,0x00,0x00,0x00,0x00,0x00,0x00,0x00,0x00,0x00,0x00,0x00,0x00,0x00,
	0x00,0x00,0x00,0x00,0x00,0x00,0x00,0x00,0x00,0x00,0x00,0x00,0x00,0x00,0x00,0x00,0x00,0x00,0x00,0x00,0x00,0x00,0x00,0x00,0x00,0x00,0x00,0x00,0x00,0x00,0x00,0x00,0x00,0x00,0x00,0x00,0x00,0x00,0x00,0x00,0x00,0x00,0x00,0x00,0x00,0x00,0x00,0x00,0x00,0x00,0x00,0x00,0x00,0x00,0x00,0x00,0x00,0x00,0x00,0x00,0x00,0x00,0x00,0x00,
	0x00,0x00,0x00,0x00,0x00,0x00,0x00,0x00,0x00,0x00,0x00,0x00,0x00,0x00,0x00,0x00,0x00,0x00,0x00,0x00,0x00,0x00,0x00,0x00,0x00,0x00,0x00,0x00,0x00,0x00,0x00,0x00,0x00,0x00,0x00,0x00,0x00,0x00,0x00,0x00,0x00,0x00,0x00,0x00,0x00,0x00,0x00,0x00,0x00,0x00,0x00,0x00,0x00,0x00,0x00,0x00,0x00,0x00,0x00,0x00,0x00,0x00,0x00,0x00,
	0x00,0x00,0x00,0x00,0x00,0x00,0x00,0x00,0x00,0x00,0x00,0x00,0x00,0x00,0x00,0x00,0x00,0x00,0x00,0x00,0x20,0x18,0x21,0x28,0x41,0x38,0x62,0x50,0x62,0x58,0x82,0x60,0xA4,0x80,0xA4,0x98,0xC5,0xB0,0xE5,0xC0,0xE5,0xC8,0x06,0xD9,0x06,0xE1,0x06,0xE9,0x07,0xF1,0x27,0xF1,0x27,0xF1,0x27,0xF1,0x27,0xF9,0x27,0xF9,0x27,0xF1,0x27,0xF1,
	0x27,0xF1,0x27,0xE9,0x06,0xE1,0x06,0xE1,0x06,0xD9,0xE5,0xC8,0xE5,0xC0,0xC5,0xB0,0xA4,0x98,0x83,0x88,0x62,0x60,0x62,0x58,0x62,0x50,0x61,0x40,0x21,0x30,0x20,0x18,0x00,0x00,0x00,0x00,0x00,0x00,0x00,0x00,0x00,0x00,0x00,0x00,0x00,0x00,0x00,0x00,0x00,0x00,0x00,0x00,0x00,0x00,0x00,0x00,0x00,0x00,0x00,0x00,0x00,0x00,0x00,0x00,
	0x00,0x00,0x00,0x00,0x00,0x00,0x00,0x00,0x00,0x00,0x00,0x00,0x00,0x00,0x00,0x00,0x00,0x00,0x00,0x00,0x00,0x00,0x00,0x00,0x00,0x00,0x00,0x00,0x00,0x00,0x00,0x00,0x00,0x00,0x00,0x00,0x00,0x00,0x00,0x00,0x00,0x00,0x00,0x00,0x00,0x00,0x00,0x00,0x00,0x00,0x00,0x00,0x00,0x00,0x00,0x00,0x00,0x00,0x00,0x00,0x00,0x00,0x00,0x00,
	0x00,0x00,0x00,0x00,0x00,0x00,0x00,0x00,0x00,0x00,0x00,0x00,0x00,0x00,0x00,0x00,0x00,0x00,0x00,0x00,0x00,0x00,0x00,0x00,0x00,0x00,0x00,0x00,0x00,0x00,0x00,0x00,0x00,0x00,0x00,0x00,0x00,0x00,0x00,0x00,0x00,0x00,0x00,0x00,0x00,0x00,0x00,0x00,0x00,0x00,0x00,0x00,0x00,0x00,0x00,0x00,0x00,0x00,0x00,0x00,0x00,0x00,0x00,0x00,
	0x00,0x00,0x00,0x00,0x00,0x00,0x00,0x00,0x00,0x00,0x00,0x00,0x00,0x00,0x20,0x20,0x62,0x58,0xA4,0x80,0xE5,0xB0,0xE5,0xD8,0x27,0xF1,0x27,0xF9,0x27,0xF9,0x27,0xF9,0x27,0xF9,0x27,0xF9,0x27,0xF9,0x27,0xF9,0x27,0xF9,0x27,0xF1,0x27,0xF1,0x27,0xF1,0x27,0xF1,0x27,0xF1,0x27,0xF1,0x27,0xF1,0x27,0xF1,0x27,0xF1,0x27,0xF1,0x27,0xF1,
	0x27,0xF1,0x27,0xF9,0x27,0xF9,0x27,0xF9,0x27,0xF9,0x27,0xF9,0x27,0xF9,0x27,0xF9,0x27,0xF9,0x27,0xF1,0xE5,0xD8,0xC5,0xB8,0xA4,0x88,0x62,0x58,0x20,0x20,0x00,0x00,0x00,0x00,0x00,0x00,0x00,0x00,0x00,0x00,0x00,0x00,0x00,0x00,0x00,0x00,0x00,0x00,0x00,0x00,0x00,0x00,0x00,0x00,0x00,0x00,0x00,0x00,0x00,0x00,0x00,0x00,0x00,0x00,
	0x00,0x00,0x00,0x00,0x00,0x00,0x00,0x00,0x00,0x00,0x00,0x00,0x00,0x00,0x00,0x00,0x00,0x00,0x00,0x00,0x00,0x00,0x00,0x00,0x00,0x00,0x00,0x00,0x00,0x00,0x00,0x00,0x00,0x00,0x00,0x00,0x00,0x00,0x00,0x00,0x00,0x00,0x00,0x00,0x00,0x00,0x00,0x00,0x00,0x00,0x00,0x00,0x00,0x00,0x00,0x00,0x00,0x00,0x00,0x00,0x00,0x00,0x00,0x00,
	0x00,0x00,0x00,0x00,0x00,0x00,0x00,0x00,0x00,0x00,0x00,0x00,0x00,0x00,0x00,0x00,0x00,0x00,0x00,0x00,0x00,0x00,0x00,0x00,0x00,0x00,0x00,0x00,0x00,0x00,0x00,0x00,0x00,0x00,0x00,0x00,0x00,0x00,0x00,0x00,0x00,0x00,0x00,0x00,0x00,0x00,0x00,0x00,0x00,0x00,0x00,0x00,0x00,0x00,0x00,0x00,0x00,0x00,0x00,0x00,0x00,0x00,0x00,0x00,
	0x00,0x00,0x20,0x18,0x62,0x50,0x83,0x78,0xA4,0x98,0xE5,0xB0,0xE5,0xC8,0x06,0xD9,0x06,0xE1,0x27,0xF1,0x27,0xF9,0x27,0xF9,0x27,0xF9,0x27,0xF9,0x27,0xF9,0x27,0xF9,0x27,0xF9,0x27,0xF9,0x27,0xF9,0x27,0xF9,0x27,0xF1,0x27,0xF1,0x27,0xF1,0x27,0xF1,0x27,0xF1,0x27,0xF1,0x27,0xF1,0x27,0xF1,0x27,0xF9,0x27,0xF9,0x27,0xF9,0x27,0xF9,
	0x27,0xF9,0x27,0xF9,0x27,0xF9,0x27,0xF9,0x27,0xF9,0x27,0xF9,0x27,0xF9,0x27,0xF9,0x27,0xF1,0x07,0xE9,0x06,0xD9,0xE5,0xC8,0xE5,0xB0,0xA4,0x98,0x83,0x78,0x41,0x48,0x20,0x18,0x00,0x00,0x00,0x00,0x00,0x00,0x00,0x00,0x00,0x00,0x00,0x00,0x00,0x00,0x00,0x00,0x00,0x00,0x00,0x00,0x00,0x00,0x00,0x00,0x00,0x00,0x00,0x00,0x00,0x00,
	0x00,0x00,0x00,0x00,0x00,0x00,0x00,0x00,0x00,0x00,0x00,0x00,0x00,0x00,0x00,0x00,0x00,0x00,0x00,0x00,0x00,0x00,0x00,0x00,0x00,0x00,0x00,0x00,0x00,0x00,0x00,0x00,0x00,0x00,0x00,0x00,0x00,0x00,0x00,0x00,0x00,0x00,0x00,0x00,0x00,0x00,0x00,0x00,0x00,0x00,0x00,0x00,0x00,0x00,0x00,0x00,0x00,0x00,0x00,0x00,0x00,0x00,0x00,0x00,
	0x00,0x00,0x00,0x00,0x00,0x00,0x00,0x00,0x00,0x00,0x00,0x00,0x00,0x00,0x00,0x00,0x00,0x00,0x00,0x00,0x00,0x00,0x00,0x00,0x00,0x00,0x00,0x00,0x00,0x00,0x00,0x00,0x00,0x00,0x00,0x00,0x00,0x00,0x00,0x00,0x00,0x00,0x00,0x00,0x00,0x00,0x00,0x00,0x00,0x00,0x00,0x00,0x00,0x00,0x00,0x00,0x00,0x10,0x21,0x20,0x41,0x38,0x83,0x70,
	0xC4,0xA0,0x06,0xD9,0x27,0xF9,0x27,0xF9,0x27,0xF9,0x27,0xF9,0x27,0xF9,0x27,0xF9,0x27,0xF9,0x27,0xF1,0x27,0xF1,0x27,0xF1,0x27,0xF1,0x27,0xF1,0x27,0xF1,0x27,0xF1,0x27,0xF1,0x27,0xF1,0x27,0xF1,0x27,0xF1,0x27,0xF1,0x27,0xF1,0x27,0xF1,0x27,0xF1,0x27,0xF1,0x27,0xF1,0x27,0xF1,0x27,0xF1,0x27,0xF1,0x27,0xF1,0x27,0xF1,0x27,0xF1,
	0x27,0xF1,0x27,0xF1,0x27,0xF1,0x27,0xF1,0x27,0xF1,0x27,0xF9,0x27,0xF9,0x27,0xF9,0x27,0xF9,0x27,0xF9,0x27,0xF9,0x27,0xF9,0xE6,0xD0,0xA4,0x98,0x83,0x70,0x41,0x38,0x20,0x28,0x00,0x10,0x00,0x00,0x00,0x00,0x00,0x00,0x00,0x00,0x00,0x00,0x00,0x00,0x00,0x00,0x00,0x00,0x00,0x00,0x00,0x00,0x00,0x00,0x00,0x00,0x00,0x00,0x00,0x00,
	0x00,0x00,0x00,0x00,0x00,0x00,0x00,0x00,0x00,0x00,0x00,0x00,0x00,0x00,0x00,0x00,0x00,0x00,0x00,0x00,0x00,0x00,0x00,0x00,0x00,0x00,0x00,0x00,0x00,0x00,0x00,0x00,0x00,0x00,0x00,0x00,0x00,0x00,0x00,0x00,0x00,0x00,0x00,0x00,0x00,0x00,0x00,0x00,0x00,0x00,0x00,0x00,0x00,0x00,0x00,0x00,0x00,0x00,0x00,0x00,0x00,0x00,0x00,0x00,
	0x00,0x00,0x00,0x00,0x00,0x00,0x00,0x00,0x00,0x00,0x00,0x00,0x00,0x00,0x00,0x00,0x00,0x00,0x00,0x00,0x00,0x00,0x00,0x00,0x00,0x00,0x00,0x00,0x00,0x00,0x00,0x00,0x00,0x00,0x00,0x00,0x00,0x00,0x00,0x00,0x00,0x00,0x00,0x00,0x00,0x00,0x00,0x00,0x00,0x00,0x00,0x18,0x62,0x58,0xC5,0xA8,0xE6,0xD0,0x06,0xE9,0x07,0xF1,0x07,0xF1,
	0x27,0xF1,0x27,0xF9,0x27,0xF9,0x27,0xF9,0x27,0xF1,0x27,0xF1,0x27,0xF1,0x27,0xF1,0x27,0xF1,0x27,0xF1,0x27,0xF1,0x27,0xF1,0x27,0xF1,0x27,0xF1,0x27,0xF1,0x27,0xF1,0x27,0xF1,0x27,0xF1,0x27,0xF1,0x27,0xF1,0x27,0xF1,0x27,0xF1,0x27,0xF1,0x27,0xF1,0x27,0xF1,0x27,0xF1,0x27,0xF1,0x27,0xF1,0x27,0xF1,0x27,0xF1,0x27,0xF1,0x27,0xF1,
	0x27,0xF1,0x27,0xF1,0x27,0xF1,0x27,0xF1,0x27,0xF1,0x27,0xF1,0x27,0xF9,0x27,0xF9,0x27,0xF9,0x27,0xF1,0x07,0xF1,0x06,0xE9,0x06,0xE9,0xE6,0xD0,0xC5,0xA8,0x82,0x60,0x20,0x18,0x00,0x00,0x00,0x00,0x00,0x00,0x00,0x00,0x00,0x00,0x00,0x00,0x00,0x00,0x00,0x00,0x00,0x00,0x00,0x00,0x00,0x00,0x00,0x00,0x00,0x00,0x00,0x00,0x00,0x00,
	0x00,0x00,0x00,0x00,0x00,0x00,0x00,0x00,0x00,0x00,0x00,0x00,0x00,0x00,0x00,0x00,0x00,0x00,0x00,0x00,0x00,0x00,0x00,0x00,0x00,0x00,0x00,0x00,0x00,0x00,0x00,0x00,0x00,0x00,0x00,0x00,0x00,0x00,0x00,0x00,0x00,0x00,0x00,0x00,0x00,0x00,0x00,0x00,0x00,0x00,0x00,0x00,0x00,0x00,0x00,0x00,0x00,0x00,0x00,0x00,0x00,0x00,0x00,0x00,
	0x00,0x00,0x00,0x00,0x00,0x00,0x00,0x00,0x00,0x00,0x00,0x00,0x00,0x00,0x00,0x00,0x00,0x00,0x00,0x00,0x00,0x00,0x00,0x00,0x00,0x00,0x00,0x00,0x00,0x00,0x00,0x00,0x00,0x00,0x00,0x00,0x00,0x00,0x00,0x00,0x00,0x10,0x41,0x38,0x62,0x60,0xA4,0x88,0xC5,0xB8,0x06,0xE1,0x27,0xF9,0x27,0xF9,0x27,0xF9,0x27,0xF9,0x27,0xF9,0x27,0xF1,
	0x27,0xF1,0x27,0xF1,0x27,0xF1,0x27,0xF1,0x27,0xF1,0x27,0xF1,0x27,0xF1,0x27,0xF1,0x27,0xF1,0x27,0xF1,0x27,0xF1,0x27,0xF1,0x27,0xF1,0x27,0xF1,0x27,0xF1,0x27,0xF1,0x27,0xF1,0x27,0xF1,0x27,0xF1,0x27,0xF1,0x27,0xF1,0x27,0xF1,0x27,0xF1,0x27,0xF1,0x27,0xF1,0x27,0xF1,0x27,0xF1,0x27,0xF1,0x27,0xF1,0x27,0xF1,0x27,0xF1,0x27,0xF1,
	0x27,0xF1,0x27,0xF1,0x27,0xF1,0x27,0xF1,0x27,0xF1,0x27,0xF1,0x27,0xF1,0x27,0xF9,0x27,0xF9,0x27,0xF9,0x27,0xF9,0x27,0xF9,0x06,0xE1,0xC5,0xB8,0xA4,0x90,0x62,0x60,0x41,0x38,0x00,0x10,0x00,0x00,0x00,0x00,0x00,0x00,0x00,0x00,0x00,0x00,0x00,0x00,0x00,0x00,0x00,0x00,0x00,0x00,0x00,0x00,0x00,0x00,0x00,0x00,0x00,0x00,0x00,0x00,
	0x00,0x00,0x00,0x00,0x00,0x00,0x00,0x00,0x00,0x00,0x00,0x00,0x00,0x00,0x00,0x00,0x00,0x00,0x00,0x00,0x00,0x00,0x00,0x00,0x00,0x00,0x00,0x00,0x00,0x00,0x00,0x00,0x00,0x00,0x00,0x00,0x00,0x00,0x00,0x00,0x00,0x00,0x00,0x00,0x00,0x00,0x00,0x00,0x00,0x00,0x00,0x00,0x00,0x00,0x00,0x00,0x00,0x00,0x00,0x00,0x00,0x00,0x00,0x00,
	0x00,0x00,0x00,0x00,0x00,0x00,0x00,0x00,0x00,0x00,0x00,0x00,0x00,0x00,0x00,0x00,0x00,0x00,0x00,0x00,0x00,0x00,0x00,0x00,0x00,0x00,0x00,0x00,0x00,0x00,0x00,0x00,0x00,0x08,0x00,0x08,0x41,0x48,0xA4,0x90,0xE5,0xD8,0x27,0xF9,0x27,0xF9,0x27,0xF9,0x27,0xF9,0x27,0xF1,0x27,0xF1,0x27,0xF1,0x27,0xF1,0x27,0xF1,0x27,0xF1,0x27,0xF1,
	0x27,0xF1,0x27,0xF1,0x27,0xF1,0x27,0xF1,0x27,0xF1,0x27,0xF1,0x27,0xF1,0x27,0xF1,0x27,0xF1,0x27,0xF1,0x27,0xF1,0x27,0xF1,0x27,0xF1,0x27,0xF1,0x27,0xF1,0x27,0xF1,0x27,0xF1,0x27,0xF1,0x27,0xF1,0x27,0xF1,0x27,0xF1,0x27,0xF1,0x27,0xF1,0x27,0xF1,0x27,0xF1,0x27,0xF1,0x27,0xF1,0x27,0xF1,0x27,0xF1,0x27,0xF1,0x27,0xF1,0x27,0xF1,
	0x27,0xF1,0x27,0xF1,0x27,0xF1,0x27,0xF1,0x27,0xF1,0x27,0xF1,0x27,0xF1,0x27,0xF1,0x27,0xF1,0x27,0xF9,0x27,0xF9,0x27,0xF9,0x27,0xF9,0xE5,0xD8,0xA4,0x90,0x62,0x50,0x00,0x10,0x00,0x08,0x00,0x00,0x00,0x00,0x00,0x00,0x00,0x00,0x00,0x00,0x00,0x00,0x00,0x00,0x00,0x00,0x00,0x00,0x00,0x00,0x00,0x00,0x00,0x00,0x00,0x00,0x00,0x00,
	0x00,0x00,0x00,0x00,0x00,0x00,0x00,0x00,0x00,0x00,0x00,0x00,0x00,0x00,0x00,0x00,0x00,0x00,0x00,0x00,0x00,0x00,0x00,0x00,0x00,0x00,0x00,0x00,0x00,0x00,0x00,0x00,0x00,0x00,0x00,0x00,0x00,0x00,0x00,0x00,0x00,0x00,0x00,0x00,0x00,0x00,0x00,0x00,0x00,0x00,0x00,0x00,0x00,0x00,0x00,0x00,0x00,0x00,0x00,0x00,0x00,0x00,0x00,0x00,
	0x00,0x00,0x00,0x00,0x00,0x00,0x00,0x00,0x00,0x00,0x00,0x00,0x00,0x00,0x00,0x00,0x00,0x00,0x00,0x00,0x00,0x00,0x00,0x00,0x00,0x00,0x00,0x10,0x62,0x50,0xA4,0x98,0xE5,0xC8,0x06,0xE1,0x07,0xF1,0x27,0xF9,0x27,0xF9,0x27,0xF9,0x27,0xF1,0x27,0xF1,0x27,0xF1,0x27,0xF1,0x27,0xF1,0x27,0xF1,0x27,0xF1,0x27,0xF1,0x27,0xF1,0x27,0xF1,
	0x27,0xF1,0x27,0xF1,0x27,0xF1,0x27,0xF1,0x27,0xF1,0x27,0xF1,0x27,0xF1,0x27,0xF1,0x27,0xF1,0x27,0xF1,0x27,0xF1,0x27,0xF1,0x27,0xF1,0x27,0xF1,0x27,0xF1,0x27,0xF1,0x27,0xF1,0x27,0xF1,0x27,0xF1,0x27,0xF1,0x27,0xF1,0x27,0xF1,0x27,0xF1,0x27,0xF1,0x27,0xF1,0x27,0xF1,0x27,0xF1,0x27,0xF1,0x27,0xF1,0x27,0xF1,0x27,0xF1,0x27,0xF1,
	0x27,0xF1,0x27,0xF1,0x27,0xF1,0x27,0xF1,0x27,0xF1,0x27,0xF1,0x27,0xF1,0x27,0xF1,0x27,0xF9,0x27,0xF9,0x27,0xF9,0x07,0xF1,0x06,0xE1,0xE5,0xC8,0xC4,0xA0,0x62,0x50,0x00,0x10,0x00,0x00,0x00,0x00,0x00,0x00,0x00,0x00,0x00,0x00,0x00,0x00,0x00,0x00,0x00,0x00,0x00,0x00,0x00,0x00,0x00,0x00,0x00,0x00,0x00,0x00,0x00,0x00,0x00,0x00,
	0x00,0x00,0x00,0x00,0x00,0x00,0x00,0x00,0x00,0x00,0x00,0x00,0x00,0x00,0x00,0x00,0x00,0x00,0x00,0x00,0x00,0x00,0x00,0x00,0x00,0x00,0x00,0x00,0x00,0x00,0x00,0x00,0x00,0x00,0x00,0x00,0x00,0x00,0x00,0x00,0x00,0x00,0x00,0x00,0x00,0x00,0x00,0x00,0x00,0x00,0x00,0x00,0x00,0x00,0x00,0x00,0x00,0x00,0x00,0x00,0x00,0x00,0x00,0x00,
	0x00,0x00,0x00,0x00,0x00,0x00,0x00,0x00,0x00,0x00,0x00,0x00,0x00,0x00,0x00,0x00,0x00,0x00,0x00,0x10,0x21,0x38,0x82,0x60,0xC5,0xA8,0x06,0xE9,0x27,0xF9,0x27,0xF9,0x27,0xF9,0x27,0xF1,0x27,0xF1,0x27,0xF1,0x27,0xF1,0x27,0xF1,0x27,0xF1,0x27,0xF1,0x27,0xF1,0x27,0xF1,0x27,0xF1,0x27,0xF1,0x27,0xF1,0x27,0xF1,0x27,0xF1,0x27,0xF1,
	0x27,0xF1,0x27,0xF1,0x27,0xF1,0x27,0xF1,0x27,0xF1,0x27,0xF1,0x27,0xF1,0x27,0xF1,0x27,0xF1,0x27,0xF1,0x27,0xF1,0x27,0xF1,0x27,0xF1,0x27,0xF1,0x27,0xF1,0x27,0xF1,0x27,0xF1,0x27,0xF1,0x27,0xF1,0x27,0xF1,0x27,0xF1,0x27,0xF1,0x27,0xF1,0x27,0xF1,0x27,0xF1,0x27,0xF1,0x27,0xF1,0x27,0xF1,0x27,0xF1,0x27,0xF1,0x27,0xF1,0x27,0xF1,
	0x27,0xF1,0x27,0xF1,0x27,0xF1,0x27,0xF1,0x27,0xF1,0x27,0xF1,0x27,0xF1,0x27,0xF1,0x27,0xF1,0x27,0xF9,0x27,0xF9,0x27,0xF9,0x06,0xE9,0xC5,0xA8,0x82,0x60,0x21,0x38,0x00,0x10,0x00,0x00,0x00,0x00,0x00,0x00,0x00,0x00,0x00,0x00,0x00,0x00,0x00,0x00,0x00,0x00,0x00,0x00,0x00,0x00,0x00,0x00,0x00,0x00,0x00,0x00,0x00,0x00,0x00,0x00,
	0x00,0x00,0x00,0x00,0x00,0x00,0x00,0x00,0x00,0x00,0x00,0x00,0x00,0x00,0x00,0x00,0x00,0x00,0x00,0x00,0x00,0x00,0x00,0x00,0x00,0x00,0x00,0x00,0x00,0x00,0x00,0x00,0x00,0x00,0x00,0x00,0x00,0x00,0x00,0x00,0x00,0x00,0x00,0x00,0x00,0x00,0x00,0x00,0x00,0x00,0x00,0x00,0x00,0x00,0x00,0x00,0x00,0x00,0x00,0x00,0x00,0x00,0x00,0x00,
	0x00,0x00,0x00,0x00,0x00,0x00,0x00,0x00,0x00,0x00,0x00,0x00,0x00,0x00,0x62,0x50,0xC5,0xB0,0x06,0xE1,0x27,0xF9,0x27,0xF1,0x27,0xF1,0x27,0xF1,0x27,0xF1,0x27,0xF1,0x27,0xF1,0x27,0xF1,0x27,0xF1,0x27,0xF1,0x27,0xF1,0x27,0xF1,0x27,0xF1,0x27,0xF1,0x27,0xF1,0x27,0xF1,0x27,0xF1,0x27,0xF1,0x27,0xF1,0x27,0xF1,0x27,0xF1,0x27,0xF1,
	0x27,0xF1,0x27,0xF1,0x27,0xF1,0x27,0xF1,0x27,0xF1,0x27,0xF1,0x27,0xF1,0x27,0xF1,0x27,0xF1,0x27,0xF1,0x27,0xF1,0x27,0xF1,0x27,0xF1,0x27,0xF1,0x27,0xF1,0x27,0xF1,0x27,0xF1,0x27,0xF1,0x27,0xF1,0x27,0xF1,0x27,0xF1,0x27,0xF1,0x27,0xF1,0x27,0xF1,0x27,0xF1,0x27,0xF1,0x27,0xF1,0x27,0xF1,0x27,0xF1,0x27,0xF1,0x27,0xF1,0x27,0xF1,
	0x27,0xF1,0x27,0xF1,0x27,0xF1,0x27,0xF1,0x27,0xF1,0x27,0xF1,0x27,0xF1,0x27,0xF1,0x27,0xF1,0x27,0xF1,0x27,0xF1,0x27,0xF9,0x06,0xE1,0xC5,0xB0,0x62,0x50,0x00,0x00,0x00,0x00,0x00,0x00,0x00,0x00,0x00,0x00,0x00,0x00,0x00,0x00,0x00,0x00,0x00,0x00,0x00,0x00,0x00,0x00,0x00,0x00,0x00,0x00,0x00,0x00,0x00,0x00,0x00,0x00,0x00,0x00,
	0x00,0x00,0x00,0x00,0x00,0x00,0x00,0x00,0x00,0x00,0x00,0x00,0x00,0x00,0x00,0x00,0x00,0x00,0x00,0x00,0x00,0x00,0x00,0x00,0x00,0x00,0x00,0x00,0x00,0x00,0x00,0x00,0x00,0x00,0x00,0x00,0x00,0x00,0x00,0x00,0x00,0x00,0x00,0x00,0x00,0x00,0x00,0x00,0x00,0x00,0x00,0x00,0x00,0x00,0x00,0x00,0x00,0x00,0x00,0x00,0x00,0x00,0x00,0x00,
	0x00,0x00,0x00,0x00,0x00,0x00,0x21,0x30,0x83,0x78,0xC5,0xB0,0x06,0xE1,0x27,0xF9,0x27,0xF9,0x27,0xF9,0x27,0xF1,0x27,0xF1,0x27,0xF1,0x27,0xF1,0x27,0xF1,0x27,0xF1,0x27,0xF1,0x27,0xF1,0x27,0xF1,0x27,0xF1,0x27,0xF1,0x27,0xF1,0x27,0xF1,0x27,0xF1,0x27,0xF1,0x27,0xF1,0x27,0xF1,0x27,0xF1,0x27,0xF1,0x27,0xF9,0x27,0xF9,0x27,0xF9,
	0x27,0xF9,0x27,0xF9,0x27,0xF9,0x27,0xF9,0x27,0xF9,0x27,0xF9,0x27,0xF9,0x27,0xF9,0x27,0xF9,0x27,0xF9,0x27,0xF9,0x27,0xF9,0x27,0xF9,0x27,0xF9,0x27,0xF9,0x27,0xF9,0x27,0xF9,0x27,0xF9,0x27,0xF9,0x27,0xF9,0x27,0xF9,0x27,0xF1,0x27,0xF1,0x27,0xF1,0x27,0xF1,0x27,0xF1,0x27,0xF1,0x27,0xF1,0x27,0xF1,0x27,0xF1,0x27,0xF1,0x27,0xF1,
	0x27,0xF1,0x27,0xF1,0x27,0xF1,0x27,0xF1,0x27,0xF1,0x27,0xF1,0x27,0xF1,0x27,0xF1,0x27,0xF9,0x27,0xF9,0x27,0xF9,0x06,0xE1,0xC5,0xB0,0x82,0x60,0x00,0x18,0x00,0x00,0x00,0x00,0x00,0x00,0x00,0x00,0x00,0x00,0x00,0x00,0x00,0x00,0x00,0x00,0x00,0x00,0x00,0x00,0x00,0x00,0x00,0x00,0x00,0x00,0x00,0x00,0x00,0x00,0x00,0x00,0x00,0x00,
	0x00,0x00,0x00,0x00,0x00,0x00,0x00,0x00,0x00,0x00,0x00,0x00,0x00,0x00,0x00,0x00,0x00,0x00,0x00,0x00,0x00,0x00,0x00,0x00,0x00,0x00,0x00,0x00,0x00,0x00,0x00,0x00,0x00,0x00,0x00,0x00,0x00,0x00,0x00,0x00,0x00,0x00,0x00,0x00,0x00,0x00,0x00,0x00,0x00,0x00,0x00,0x00,0x00,0x00,0x00,0x00,0x00,0x00,0x00,0x00,0x00,0x00,0x00,0x10,
	0x41,0x30,0x83,0x80,0x06,0xE1,0x27,0xF9,0x27,0xF9,0x27,0xF9,0x27,0xF1,0x27,0xF1,0x27,0xF1,0x27,0xF1,0x27,0xF1,0x27,0xF1,0x27,0xF1,0x27,0xF1,0x27,0xF1,0x27,0xF1,0x27,0xF1,0x27,0xF1,0x27,0xF1,0x27,0xF1,0x27,0xF1,0x27,0xF1,0x27,0xF9,0x27,0xF9,0x27,0xF9,0x27,0xF9,0x27,0xF9,0x27,0xF1,0x07,0xF1,0x06,0xE9,0x06,0xE9,0x06,0xE1,
	0x06,0xE1,0x06,0xD9,0x06,0xD9,0xE6,0xD0,0xE6,0xD0,0xE6,0xD0,0xE6,0xD0,0xE6,0xD0,0xE6,0xD0,0xE6,0xD0,0xE6,0xD0,0x06,0xD9,0x06,0xD9,0x06,0xE1,0x06,0xE1,0x06,0xE9,0x06,0xE9,0x07,0xF1,0x27,0xF1,0x27,0xF9,0x27,0xF9,0x27,0xF9,0x27,0xF9,0x27,0xF9,0x27,0xF1,0x27,0xF1,0x27,0xF1,0x27,0xF1,0x27,0xF1,0x27,0xF1,0x27,0xF1,0x27,0xF1,
	0x27,0xF1,0x27,0xF1,0x27,0xF1,0x27,0xF1,0x27,0xF1,0x27,0xF1,0x27,0xF1,0x27,0xF1,0x27,0xF9,0x27,0xF9,0x27,0xF1,0xE5,0xC0,0x41,0x48,0x00,0x08,0x00,0x00,0x00,0x00,0x00,0x00,0x00,0x00,0x00,0x00,0x00,0x00,0x00,0x00,0x00,0x00,0x00,0x00,0x00,0x00,0x00,0x00,0x00,0x00,0x00,0x00,0x00,0x00,0x00,0x00,0x00,0x00,0x00,0x00,0x00,0x00,
	0x00,0x00,0x00,0x00,0x00,0x00,0x00,0x00,0x00,0x00,0x00,0x00,0x00,0x00,0x00,0x00,0x00,0x00,0x00,0x00,0x00,0x00,0x00,0x00,0x00,0x00,0x00,0x00,0x00,0x00,0x00,0x00,0x00,0x00,0x00,0x00,0x00,0x00,0x00,0x00,0x00,0x00,0x00,0x00,0x00,0x00,0x00,0x00,0x00,0x00,0x00,0x00,0x00,0x00,0x00,0x00,0x00,0x10,0x62,0x60,0xC5,0xB0,0x07,0xE9,
	0x27,0xF1,0x27,0xF9,0x27,0xF9,0x27,0xF1,0x27,0xF1,0x27,0xF1,0x27,0xF1,0x27,0xF1,0x27,0xF1,0x27,0xF1,0x27,0xF1,0x27,0xF1,0x27,0xF1,0x27,0xF1,0x27,0xF1,0x27,0xF1,0x27,0xF1,0x27,0xF1,0x27,0xF1,0x27,0xF9,0x27,0xF9,0x27,0xF9,0x27,0xF9,0x27,0xF9,0x27,0xF9,0x27,0xF1,0xE6,0xD0,0xC5,0xB8,0xA4,0x98,0xA4,0x80,0x82,0x60,0x62,0x50,
	0x41,0x48,0x21,0x38,0x20,0x28,0x21,0x20,0x21,0x20,0x21,0x20,0x20,0x28,0x21,0x30,0x41,0x38,0x41,0x48,0x62,0x58,0x83,0x70,0xA4,0x80,0xA4,0x98,0xC5,0xB8,0xE6,0xD0,0x27,0xF1,0x27,0xF9,0x27,0xF9,0x27,0xF9,0x27,0xF9,0x27,0xF9,0x27,0xF9,0x27,0xF1,0x27,0xF1,0x27,0xF1,0x27,0xF1,0x27,0xF1,0x27,0xF1,0x27,0xF1,0x27,0xF1,0x27,0xF1,
	0x27,0xF1,0x27,0xF1,0x27,0xF1,0x27,0xF1,0x27,0xF1,0x27,0xF1,0x27,0xF1,0x27,0xF9,0x27,0xF9,0x06,0xE9,0xA4,0x88,0x41,0x40,0x20,0x18,0x00,0x00,0x00,0x00,0x00,0x00,0x00,0x00,0x00,0x00,0x00,0x00,0x00,0x00,0x00,0x00,0x00,0x00,0x00,0x00,0x00,0x00,0x00,0x00,0x00,0x00,0x00,0x00,0x00,0x00,0x00,0x00,0x00,0x00,0x00,0x00,0x00,0x00,
	0x00,0x00,0x00,0x00,0x00,0x00,0x00,0x00,0x00,0x00,0x00,0x00,0x00,0x00,0x00,0x00,0x00,0x00,0x00,0x00,0x00,0x00,0x00,0x00,0x00,0x00,0x00,0x00,0x00,0x00,0x00,0x00,0x00,0x00,0x00,0x00,0x00,0x00,0x00,0x00,0x00,0x00,0x00,0x00,0x00,0x00,0x00,0x00,0x00,0x00,0x21,0x30,0x82,0x60,0xC5,0xB0,0x06,0xE9,0x27,0xF9,0x27,0xF9,0x27,0xF1,
	0x27,0xF1,0x27,0xF1,0x27,0xF1,0x27,0xF1,0x27,0xF1,0x27,0xF1,0x27,0xF1,0x27,0xF1,0x27,0xF1,0x27,0xF1,0x27,0xF1,0x27,0xF1,0x27,0xF1,0x27,0xF1,0x27,0xF9,0x27,0xF9,0x27,0xF9,0x27,0xF9,0x27,0xF1,0x06,0xD9,0xE5,0xC0,0xC5,0xA8,0xA4,0x90,0x83,0x80,0x83,0x70,0x62,0x58,0x41,0x48,0x41,0x30,0x20,0x20,0x00,0x10,0x00,0x08,0x00,0x00,
	0x00,0x00,0x00,0x00,0x00,0x00,0x00,0x00,0x00,0x00,0x00,0x00,0x00,0x00,0x00,0x08,0x00,0x18,0x21,0x20,0x41,0x30,0x41,0x48,0x62,0x58,0x83,0x70,0x83,0x80,0xA4,0x90,0xC5,0xA8,0xC5,0xB8,0xE6,0xD0,0x06,0xE9,0x27,0xF9,0x27,0xF9,0x27,0xF9,0x27,0xF9,0x27,0xF1,0x27,0xF1,0x27,0xF1,0x27,0xF1,0x27,0xF1,0x27,0xF1,0x27,0xF1,0x27,0xF1,
	0x27,0xF1,0x27,0xF1,0x27,0xF1,0x27,0xF1,0x27,0xF1,0x27,0xF1,0x27,0xF9,0x27,0xF1,0xE5,0xB0,0x83,0x70,0x41,0x38,0x20,0x18,0x00,0x08,0x00,0x00,0x00,0x00,0x00,0x00,0x00,0x00,0x00,0x00,0x00,0x00,0x00,0x00,0x00,0x00,0x00,0x00,0x00,0x00,0x00,0x00,0x00,0x00,0x00,0x00,0x00,0x00,0x00,0x00,0x00,0x00,0x00,0x00,0x00,0x00,0x00,0x00,
	0x00,0x00,0x00,0x00,0x00,0x00,0x00,0x00,0x00,0x00,0x00,0x00,0x00,0x00,0x00,0x00,0x00,0x00,0x00,0x00,0x00,0x00,0x00,0x00,0x00,0x00,0x00,0x00,0x00,0x00,0x00,0x00,0x00,0x00,0x00,0x00,0x00,0x00,0x00,0x00,0x00,0x00,0x00,0x00,0x20,0x18,0xA4,0x80,0xE6,0xD0,0x27,0xF9,0x27,0xF9,0x27,0xF1,0x27,0xF1,0x27,0xF1,0x27,0xF1,0x27,0xF1,
	0x27,0xF1,0x27,0xF1,0x27,0xF1,0x27,0xF1,0x27,0xF1,0x27,0xF1,0x27,0xF1,0x27,0xF1,0x27,0xF1,0x27,0xF1,0x27,0xF1,0x27,0xF1,0x27,0xF1,0x27,0xF1,0x07,0xF1,0x06,0xE1,0xE5,0xC0,0xA4,0x90,0x62,0x60,0x21,0x30,0x00,0x00,0x00,0x00,0x00,0x00,0x00,0x00,0x00,0x00,0x00,0x00,0x00,0x00,0x00,0x00,0x00,0x00,0x00,0x00,0x00,0x00,0x00,0x00,
	0x00,0x00,0x00,0x00,0x00,0x00,0x00,0x00,0x00,0x00,0x00,0x00,0x00,0x00,0x00,0x00,0x00,0x00,0x00,0x00,0x00,0x00,0x00,0x00,0x00,0x00,0x00,0x00,0x20,0x28,0x62,0x58,0xA4,0x88,0xE5,0xC0,0x06,0xE1,0x07,0xF1,0x27,0xF1,0x27,0xF1,0x27,0xF1,0x27,0xF1,0x27,0xF1,0x27,0xF1,0x27,0xF1,0x27,0xF1,0x27,0xF1,0x27,0xF1,0x27,0xF1,0x27,0xF1,
	0x27,0xF1,0x27,0xF1,0x27,0xF1,0x27,0xF1,0x27,0xF9,0x07,0xF1,0xE5,0xC0,0xA4,0x88,0x62,0x58,0x41,0x40,0x20,0x28,0x00,0x00,0x00,0x00,0x00,0x00,0x00,0x00,0x00,0x00,0x00,0x00,0x00,0x00,0x00,0x00,0x00,0x00,0x00,0x00,0x00,0x00,0x00,0x00,0x00,0x00,0x00,0x00,0x00,0x00,0x00,0x00,0x00,0x00,0x00,0x00,0x00,0x00,0x00,0x00,0x00,0x00,
	0x00,0x00,0x00,0x00,0x00,0x00,0x00,0x00,0x00,0x00,0x00,0x00,0x00,0x00,0x00,0x00,0x00,0x00,0x00,0x00,0x00,0x00,0x00,0x00,0x00,0x00,0x00,0x00,0x00,0x00,0x00,0x00,0x00,0x00,0x00,0x00,0x00,0x00,0x41,0x38,0xA4,0x88,0xE6,0xD0,0x27,0xF1,0x27,0xF9,0x27,0xF9,0x27,0xF1,0x27,0xF1,0x27,0xF1,0x27,0xF1,0x27,0xF1,0x27,0xF1,0x27,0xF1,
	0x27,0xF1,0x27,0xF1,0x27,0xF1,0x27,0xF1,0x27,0xF1,0x27,0xF1,0x27,0xF9,0x27,0xF9,0x27,0xF9,0x27,0xF9,0x06,0xE1,0xC5,0xB0,0x83,0x78,0x62,0x50,0x41,0x38,0x21,0x28,0x00,0x18,0x00,0x08,0x00,0x00,0x00,0x00,0x00,0x00,0x00,0x00,0x00,0x00,0x00,0x00,0x00,0x00,0x00,0x00,0x00,0x00,0x00,0x00,0x00,0x00,0x00,0x00,0x00,0x00,0x00,0x00,
	0x00,0x00,0x00,0x00,0x00,0x00,0x00,0x00,0x00,0x00,0x00,0x00,0x00,0x00,0x00,0x00,0x00,0x00,0x00,0x00,0x00,0x00,0x00,0x00,0x00,0x00,0x00,0x10,0x20,0x28,0x41,0x38,0x62,0x50,0x83,0x78,0xC5,0xB0,0x06,0xD9,0x27,0xF9,0x27,0xF9,0x27,0xF9,0x27,0xF9,0x27,0xF1,0x27,0xF1,0x27,0xF1,0x27,0xF1,0x27,0xF1,0x27,0xF1,0x27,0xF1,0x27,0xF1,
	0x27,0xF1,0x27,0xF1,0x27,0xF9,0x07,0xF1,0xE5,0xC0,0xA4,0x88,0x62,0x58,0x41,0x50,0x41,0x48,0x20,0x28,0x00,0x10,0x00,0x00,0x00,0x00,0x00,0x00,0x00,0x00,0x00,0x00,0x00,0x00,0x00,0x00,0x00,0x00,0x00,0x00,0x00,0x00,0x00,0x00,0x00,0x00,0x00,0x00,0x00,0x00,0x00,0x00,0x00,0x00,0x00,0x00,0x00,0x00,0x00,0x00,0x00,0x00,0x00,0x00,
	0x00,0x00,0x00,0x00,0x00,0x00,0x00,0x00,0x00,0x00,0x00,0x00,0x00,0x00,0x00,0x00,0x00,0x00,0x00,0x00,0x00,0x00,0x00,0x00,0x00,0x00,0x00,0x00,0x00,0x00,0x00,0x08,0x21,0x20,0x83,0x88,0x06,0xE1,0x27,0xF9,0x27,0xF9,0x27,0xF1,0x27,0xF1,0x27,0xF1,0x27,0xF1,0x27,0xF1,0x27,0xF1,0x27,0xF1,0x27,0xF1,0x27,0xF1,0x27,0xF1,0x27,0xF1,
	0x27,0xF1,0x27,0xF1,0x27,0xF9,0x27,0xF9,0x27,0xF9,0x06,0xE9,0x06,0xD9,0xC5,0xB8,0xA4,0x90,0x62,0x58,0x21,0x20,0x00,0x00,0x00,0x00,0x00,0x00,0x00,0x00,0x00,0x00,0x00,0x00,0x00,0x00,0x00,0x00,0x00,0x00,0x00,0x00,0x00,0x00,0x00,0x00,0x00,0x00,0x00,0x00,0x00,0x00,0x00,0x00,0x00,0x00,0x00,0x00,0x00,0x00,0x00,0x00,0x00,0x00,
	0x00,0x00,0x00,0x00,0x00,0x00,0x00,0x00,0x00,0x00,0x00,0x00,0x00,0x00,0x00,0x00,0x00,0x00,0x00,0x00,0x00,0x00,0x00,0x00,0x00,0x00,0x00,0x00,0x00,0x00,0x21,0x20,0x62,0x58,0xA4,0x88,0xC5,0xB8,0x06,0xD9,0x06,0xE9,0x27,0xF9,0x27,0xF9,0x27,0xF9,0x27,0xF1,0x27,0xF1,0x27,0xF1,0x27,0xF1,0x27,0xF1,0x27,0xF1,0x27,0xF1,0x27,0xF1,
	0x27,0xF9,0x07,0xF1,0xE5,0xB0,0x83,0x80,0x62,0x58,0x62,0x58,0x62,0x58,0x41,0x48,0x20,0x28,0x00,0x08,0x00,0x00,0x00,0x00,0x00,0x00,0x00,0x00,0x00,0x00,0x00,0x00,0x00,0x00,0x00,0x00,0x00,0x00,0x00,0x00,0x00,0x00,0x00,0x00,0x00,0x00,0x00,0x00,0x00,0x00,0x00,0x00,0x00,0x00,0x00,0x00,0x00,0x00,0x00,0x00,0x00,0x00,0x00,0x00,
	0x00,0x00,0x00,0x00,0x00,0x00,0x00,0x00,0x00,0x00,0x00,0x00,0x00,0x00,0x00,0x00,0x00,0x00,0x00,0x00,0x00,0x00,0x00,0x00,0x00,0x00,0x21,0x30,0xC4,0xA0,0x06,0xE1,0x27,0xF9,0x27,0xF9,0x27,0xF9,0x27,0xF1,0x27,0xF1,0x27,0xF1,0x27,0xF1,0x27,0xF1,0x27,0xF1,0x27,0xF1,0x27,0xF1,0x27,0xF1,0x27,0xF1,0x27,0xF1,0x27,0xF1,0x27,0xF1,
	0x27,0xF9,0x27,0xF9,0x06,0xE9,0xE5,0xB0,0x82,0x60,0x21,0x20,0x00,0x10,0x00,0x08,0x00,0x00,0x00,0x00,0x00,0x00,0x00,0x00,0x00,0x00,0x00,0x00,0x00,0x00,0x00,0x00,0x00,0x00,0x00,0x00,0x00,0x00,0x00,0x00,0x00,0x00,0x00,0x00,0x00,0x00,0x00,0x00,0x00,0x00,0x00,0x00,0x00,0x00,0x00,0x00,0x00,0x00,0x00,0x00,0x00,0x00,0x00,0x00,
	0x00,0x00,0x00,0x00,0x00,0x00,0x00,0x00,0x00,0x00,0x00,0x00,0x00,0x00,0x00,0x00,0x00,0x00,0x00,0x00,0x00,0x00,0x00,0x00,0x00,0x00,0x00,0x00,0x00,0x08,0x00,0x10,0x21,0x20,0x82,0x60,0xC5,0xB8,0x07,0xF1,0x27,0xF9,0x27,0xF9,0x27,0xF9,0x27,0xF1,0x27,0xF1,0x27,0xF1,0x27,0xF1,0x27,0xF1,0x27,0xF1,0x27,0xF1,0x27,0xF9,0x27,0xF1,
	0xA4,0x98,0x62,0x60,0x62,0x58,0x62,0x58,0x62,0x58,0x62,0x58,0x41,0x48,0x20,0x30,0x00,0x08,0x00,0x00,0x00,0x00,0x00,0x00,0x00,0x00,0x00,0x00,0x00,0x00,0x00,0x00,0x00,0x00,0x00,0x00,0x00,0x00,0x00,0x00,0x00,0x00,0x00,0x00,0x00,0x00,0x00,0x00,0x00,0x00,0x00,0x00,0x00,0x00,0x00,0x00,0x00,0x00,0x00,0x00,0x00,0x00,0x00,0x00,
	0x00,0x00,0x00,0x00,0x00,0x00,0x00,0x00,0x00,0x00,0x00,0x00,0x00,0x00,0x00,0x00,0x00,0x00,0x00,0x00,0x41,0x38,0x83,0x88,0x06,0xE1,0x27,0xF9,0x27,0xF9,0x27,0xF9,0x27,0xF1,0x27,0xF1,0x27,0xF1,0x27,0xF1,0x27,0xF1,0x27,0xF1,0x27,0xF1,0x27,0xF1,0x27,0xF1,0x27,0xF1,0x27,0xF1,0x27,0xF9,0x27,0xF9,0x27,0xF9,0x06,0xE9,0xC5,0xB0,
	0x83,0x80,0x62,0x50,0x20,0x18,0x00,0x00,0x00,0x00,0x00,0x00,0x00,0x00,0x00,0x00,0x00,0x00,0x00,0x00,0x00,0x00,0x00,0x00,0x00,0x00,0x00,0x00,0x00,0x00,0x00,0x00,0x00,0x00,0x00,0x00,0x00,0x00,0x00,0x00,0x00,0x00,0x00,0x00,0x00,0x00,0x00,0x00,0x00,0x00,0x00,0x00,0x00,0x00,0x00,0x00,0x00,0x00,0x00,0x00,0x00,0x00,0x00,0x00,
	0x00,0x00,0x00,0x00,0x00,0x00,0x00,0x00,0x00,0x00,0x00,0x00,0x00,0x00,0x00,0x00,0x00,0x00,0x00,0x00,0x00,0x00,0x00,0x00,0x00,0x00,0x00,0x00,0x00,0x00,0x20,0x20,0x62,0x50,0x83,0x80,0xC5,0xB0,0x06,0xE1,0x27,0xF9,0x27,0xF9,0x27,0xF9,0x27,0xF9,0x27,0xF9,0x27,0xF9,0x27,0xF9,0x27,0xF9,0x07,0xF1,0xE6,0xD0,0x83,0x78,0x62,0x58,
	0x62,0x58,0x62,0x58,0x62,0x58,0x62,0x58,0x61,0x58,0x41,0x48,0x20,0x28,0x00,0x10,0x00,0x00,0x00,0x00,0x00,0x00,0x00,0x00,0x00,0x00,0x00,0x00,0x00,0x00,0x00,0x00,0x00,0x00,0x00,0x00,0x00,0x00,0x00,0x00,0x00,0x00,0x00,0x00,0x00,0x00,0x00,0x00,0x00,0x00,0x00,0x00,0x00,0x00,0x00,0x00,0x00,0x00,0x00,0x00,0x00,0x00,0x00,0x00,
	0x00,0x00,0x00,0x00,0x00,0x00,0x00,0x00,0x00,0x00,0x00,0x00,0x00,0x00,0x00,0x10,0xA4,0x90,0x06,0xE1,0x27,0xF9,0x27,0xF9,0x27,0xF1,0x27,0xF1,0x27,0xF1,0x27,0xF1,0x27,0xF1,0x27,0xF1,0x27,0xF1,0x27,0xF1,0x27,0xF1,0x27,0xF1,0x27,0xF1,0x27,0xF1,0x27,0xF9,0x27,0xF9,0x07,0xF1,0x06,0xE1,0xE5,0xB0,0x62,0x50,0x00,0x10,0x00,0x00,
	0x00,0x00,0x00,0x00,0x00,0x00,0x00,0x00,0x00,0x00,0x00,0x00,0x00,0x00,0x00,0x00,0x00,0x00,0x00,0x00,0x00,0x00,0x00,0x00,0x00,0x00,0x00,0x00,0x00,0x00,0x00,0x00,0x00,0x00,0x00,0x00,0x00,0x00,0x00,0x00,0x00,0x00,0x00,0x00,0x00,0x00,0x00,0x00,0x00,0x00,0x00,0x00,0x00,0x00,0x00,0x00,0x00,0x00,0x00,0x00,0x00,0x00,0x00,0x00,
	0x00,0x00,0x00,0x00,0x00,0x00,0x00,0x00,0x00,0x00,0x00,0x00,0x00,0x00,0x00,0x00,0x00,0x00,0x00,0x00,0x00,0x00,0x00,0x00,0x00,0x00,0x00,0x00,0x00,0x00,0x00,0x08,0x41,0x48,0xC5,0xA8,0x06,0xD9,0x07,0xF1,0x27,0xF1,0x27,0xF1,0x27,0xF1,0x27,0xF1,0x27,0xF1,0x27,0xF1,0xE6,0xD0,0xA4,0x98,0x62,0x60,0x41,0x50,0x62,0x58,0x62,0x58,
	0x62,0x58,0x62,0x58,0x62,0x58,0x62,0x58,0x41,0x48,0x20,0x30,0x00,0x00,0x00,0x00,0x00,0x00,0x00,0x00,0x00,0x00,0x00,0x00,0x00,0x00,0x00,0x00,0x00,0x00,0x00,0x00,0x00,0x00,0x00,0x00,0x00,0x00,0x00,0x00,0x00,0x00,0x00,0x00,0x00,0x00,0x00,0x00,0x00,0x00,0x00,0x00,0x00,0x00,0x00,0x00,0x00,0x00,0x00,0x00,0x00,0x00,0x00,0x00,
	0x00,0x00,0x00,0x00,0x00,0x00,0x00,0x00,0x21,0x30,0xA4,0x80,0xE6,0xD0,0x27,0xF9,0x27,0xF9,0x27,0xF9,0x27,0xF1,0x27,0xF1,0x27,0xF1,0x27,0xF1,0x27,0xF1,0x27,0xF1,0x27,0xF1,0x27,0xF1,0x27,0xF1,0x27,0xF1,0x27,0xF1,0x27,0xF9,0x27,0xF9,0x27,0xF1,0xC5,0xB0,0x62,0x60,0x21,0x28,0x00,0x10,0x00,0x00,0x00,0x00,0x00,0x00,0x00,0x00,
	0x00,0x00,0x00,0x00,0x00,0x00,0x00,0x00,0x00,0x00,0x00,0x00,0x00,0x00,0x00,0x00,0x00,0x00,0x00,0x00,0x00,0x00,0x00,0x00,0x00,0x00,0x00,0x00,0x00,0x00,0x00,0x00,0x00,0x00,0x00,0x00,0x00,0x00,0x00,0x00,0x00,0x00,0x00,0x00,0x00,0x00,0x00,0x00,0x00,0x00,0x00,0x00,0x00,0x00,0x00,0x00,0x00,0x00,0x00,0x00,0x00,0x00,0x00,0x00,
	0x00,0x00,0x00,0x00,0x00,0x00,0x00,0x00,0x00,0x00,0x00,0x00,0x00,0x00,0x00,0x00,0x00,0x00,0x00,0x00,0x00,0x00,0x00,0x00,0x00,0x00,0x00,0x00,0x00,0x08,0x21,0x20,0x62,0x58,0xA4,0x98,0x06,0xD9,0x27,0xF1,0x27,0xF1,0x07,0xF1,0x06,0xD9,0xC5,0xB0,0x83,0x88,0x62,0x60,0x62,0x58,0x61,0x58,0x62,0x58,0x62,0x58,0x62,0x58,0x62,0x58,
	0x62,0x58,0x62,0x58,0x62,0x58,0x41,0x48,0x20,0x28,0x00,0x08,0x00,0x00,0x00,0x00,0x00,0x00,0x00,0x00,0x00,0x00,0x00,0x00,0x00,0x00,0x00,0x00,0x00,0x00,0x00,0x00,0x00,0x00,0x00,0x00,0x00,0x00,0x00,0x00,0x00,0x00,0x00,0x00,0x00,0x00,0x00,0x00,0x00,0x00,0x00,0x00,0x00,0x00,0x00,0x00,0x00,0x00,0x00,0x00,0x00,0x00,0x00,0x00,
	0x00,0x00,0x20,0x18,0x83,0x70,0xE6,0xD0,0x27,0xF1,0x27,0xF9,0x27,0xF1,0x27,0xF1,0x27,0xF1,0x27,0xF1,0x27,0xF1,0x27,0xF1,0x27,0xF1,0x27,0xF1,0x27,0xF1,0x27,0xF1,0x27,0xF1,0x27,0xF9,0x27,0xF9,0x27,0xF1,0x06,0xD9,0xC4,0xA0,0x62,0x58,0x00,0x18,0x00,0x00,0x00,0x00,0x00,0x00,0x00,0x00,0x00,0x00,0x00,0x00,0x00,0x00,0x00,0x00,
	0x00,0x00,0x00,0x00,0x00,0x00,0x00,0x00,0x00,0x00,0x00,0x00,0x00,0x00,0x00,0x00,0x00,0x00,0x00,0x00,0x00,0x00,0x00,0x00,0x00,0x00,0x00,0x00,0x00,0x00,0x00,0x00,0x00,0x00,0x00,0x00,0x00,0x00,0x00,0x00,0x00,0x00,0x00,0x00,0x00,0x00,0x00,0x00,0x00,0x00,0x00,0x00,0x00,0x00,0x00,0x00,0x00,0x00,0x00,0x00,0x00,0x00,0x00,0x00,
	0x00,0x00,0x00,0x00,0x00,0x00,0x00,0x00,0x00,0x00,0x00,0x00,0x00,0x00,0x00,0x00,0x00,0x00,0x00,0x00,0x00,0x00,0x00,0x00,0x00,0x00,0x00,0x00,0x00,0x10,0x41,0x48,0x83,0x78,0xC4,0xA0,0xE5,0xB0,0xC5,0xB0,0xC4,0xA0,0x83,0x80,0x62,0x60,0x41,0x50,0x42,0x50,0x62,0x58,0x62,0x58,0x62,0x58,0x62,0x58,0x62,0x58,0x62,0x58,0x62,0x58,
	0x62,0x58,0x61,0x58,0x41,0x40,0x20,0x20,0x00,0x00,0x00,0x00,0x00,0x00,0x00,0x00,0x00,0x00,0x00,0x00,0x00,0x00,0x00,0x00,0x00,0x00,0x00,0x00,0x00,0x00,0x00,0x00,0x00,0x00,0x00,0x00,0x00,0x00,0x00,0x00,0x00,0x00,0x00,0x00,0x00,0x00,0x00,0x00,0x00,0x00,0x00,0x00,0x00,0x00,0x00,0x00,0x00,0x00,0x00,0x00,0x00,0x10,0x62,0x58,
	0xC5,0xB0,0x27,0xF9,0x27,0xF9,0x27,0xF1,0x27,0xF1,0x27,0xF1,0x27,0xF1,0x27,0xF1,0x27,0xF1,0x27,0xF1,0x27,0xF1,0x27,0xF1,0x27,0xF1,0x27,0xF1,0x27,0xF1,0x27,0xF9,0x27,0xF9,0x06,0xE1,0x83,0x70,0x20,0x20,0x00,0x00,0x00,0x00,0x00,0x00,0x00,0x00,0x00,0x00,0x00,0x00,0x00,0x00,0x00,0x00,0x00,0x00,0x00,0x00,0x00,0x00,0x00,0x00,
	0x00,0x00,0x00,0x00,0x00,0x00,0x00,0x00,0x00,0x00,0x00,0x00,0x00,0x00,0x00,0x00,0x00,0x00,0x00,0x00,0x00,0x00,0x00,0x00,0x00,0x00,0x00,0x00,0x00,0x00,0x00,0x00,0x00,0x00,0x00,0x00,0x00,0x00,0x00,0x00,0x00,0x00,0x00,0x00,0x00,0x00,0x00,0x00,0x00,0x00,0x00,0x00,0x00,0x00,0x00,0x00,0x00,0x00,0x00,0x00,0x00,0x00,0x00,0x00,
	0x00,0x00,0x00,0x00,0x00,0x00,0x00,0x00,0x00,0x00,0x00,0x00,0x00,0x00,0x00,0x00,0x00,0x00,0x00,0x00,0x00,0x00,0x00,0x00,0x00,0x00,0x00,0x00,0x00,0x00,0x21,0x20,0x62,0x50,0x62,0x58,0x62,0x58,0x62,0x58,0x62,0x58,0x62,0x58,0x62,0x58,0x62,0x58,0x62,0x58,0x62,0x58,0x62,0x58,0x62,0x58,0x62,0x58,0x62,0x58,0x62,0x58,0x62,0x58,
	0x62,0x58,0x41,0x38,0x00,0x18,0x00,0x00,0x00,0x00,0x00,0x00,0x00,0x00,0x00,0x00,0x00,0x00,0x00,0x00,0x00,0x00,0x00,0x00,0x00,0x00,0x00,0x00,0x00,0x00,0x00,0x00,0x00,0x00,0x00,0x00,0x00,0x00,0x00,0x00,0x00,0x00,0x00,0x00,0x00,0x00,0x00,0x00,0x00,0x00,0x00,0x00,0x00,0x00,0x00,0x08,0x41,0x38,0xC5,0xB0,0x06,0xE9,0x27,0xF9,
	0x27,0xF9,0x27,0xF1,0x27,0xF1,0x27,0xF1,0x27,0xF1,0x27,0xF1,0x27,0xF1,0x27,0xF1,0x27,0xF1,0x27,0xF1,0x27,0xF1,0x27,0xF9,0x27,0xF9,0x27,0xF1,0xC5,0xB8,0x62,0x60,0x21,0x20,0x00,0x00,0x00,0x00,0x00,0x00,0x00,0x00,0x00,0x00,0x00,0x00,0x00,0x00,0x00,0x00,0x00,0x00,0x00,0x00,0x00,0x00,0x00,0x00,0x00,0x00,0x00,0x00,0x00,0x00,
	0x00,0x00,0x00,0x00,0x00,0x00,0x00,0x00,0x00,0x00,0x00,0x00,0x00,0x00,0x00,0x00,0x00,0x00,0x00,0x00,0x00,0x00,0x00,0x00,0x00,0x00,0x00,0x00,0x00,0x00,0x00,0x00,0x00,0x00,0x00,0x00,0x00,0x00,0x00,0x00,0x00,0x00,0x00,0x00,0x00,0x00,0x00,0x00,0x00,0x00,0x00,0x00,0x00,0x00,0x00,0x00,0x00,0x00,0x00,0x00,0x00,0x00,0x00,0x00,
	0x00,0x00,0x00,0x00,0x00,0x00,0x00,0x00,0x00,0x00,0x00,0x00,0x00,0x00,0x00,0x00,0x00,0x00,0x00,0x00,0x00,0x00,0x00,0x00,0x00,0x00,0x00,0x00,0x00,0x10,0x41,0x30,0x41,0x48,0x42,0x50,0x62,0x58,0x62,0x58,0x62,0x58,0x62,0x58,0x62,0x58,0x62,0x58,0x62,0x58,0x62,0x58,0x62,0x58,0x62,0x58,0x62,0x58,0x62,0x58,0x62,0x58,0x42,0x50,
	0x41,0x30,0x00,0x10,0x00,0x00,0x00,0x00,0x00,0x00,0x00,0x00,0x00,0x00,0x00,0x00,0x00,0x00,0x00,0x00,0x00,0x00,0x00,0x00,0x00,0x00,0x00,0x00,0x00,0x00,0x00,0x00,0x00,0x00,0x00,0x00,0x00,0x00,0x00,0x00,0x00,0x00,0x00,0x00,0x00,0x00,0x00,0x00,0x00,0x00,0x21,0x30,0x83,0x80,0x07,0xF1,0x27,0xF9,0x27,0xF1,0x27,0xF1,0x27,0xF1,
	0x27,0xF1,0x27,0xF1,0x27,0xF1,0x27,0xF1,0x27,0xF1,0x27,0xF1,0x27,0xF1,0x27,0xF9,0x27,0xF9,0x27,0xF9,0x06,0xE9,0xE5,0xC0,0x82,0x60,0x00,0x00,0x00,0x00,0x00,0x00,0x00,0x00,0x00,0x00,0x00,0x00,0x00,0x00,0x00,0x00,0x00,0x00,0x00,0x00,0x00,0x00,0x00,0x00,0x00,0x00,0x00,0x00,0x00,0x00,0x00,0x00,0x00,0x00,0x00,0x00,0x00,0x00,
	0x00,0x00,0x00,0x00,0x00,0x00,0x00,0x00,0x00,0x00,0x00,0x00,0x00,0x00,0x00,0x00,0x00,0x00,0x00,0x00,0x00,0x00,0x00,0x00,0x00,0x00,0x00,0x00,0x00,0x00,0x00,0x00,0x00,0x00,0x00,0x00,0x00,0x00,0x00,0x00,0x00,0x00,0x00,0x00,0x00,0x00,0x00,0x00,0x00,0x00,0x00,0x00,0x00,0x00,0x00,0x00,0x00,0x00,0x00,0x00,0x00,0x00,0x00,0x00,
	0x00,0x00,0x00,0x00,0x00,0x00,0x00,0x00,0x00,0x00,0x00,0x00,0x00,0x00,0x00,0x00,0x00,0x00,0x00,0x00,0x00,0x00,0x00,0x00,0x00,0x00,0x20,0x18,0x21,0x38,0x42,0x50,0x62,0x58,0x62,0x58,0x62,0x58,0x62,0x58,0x62,0x58,0x62,0x58,0x62,0x58,0x62,0x58,0x62,0x58,0x62,0x58,0x62,0x58,0x62,0x58,0x62,0x58,0x62,0x58,0x42,0x50,0x20,0x28,
	0x00,0x08,0x00,0x00,0x00,0x00,0x00,0x00,0x00,0x00,0x00,0x00,0x00,0x00,0x00,0x00,0x00,0x00,0x00,0x00,0x00,0x00,0x00,0x00,0x00,0x00,0x00,0x00,0x00,0x00,0x00,0x00,0x00,0x00,0x00,0x00,0x00,0x00,0x00,0x00,0x00,0x00,0x00,0x00,0x00,0x00,0x83,0x78,0x06,0xD9,0x27,0xF1,0x27,0xF9,0x27,0xF1,0x27,0xF1,0x27,0xF1,0x27,0xF1,0x27,0xF1,
	0x27,0xF1,0x27,0xF1,0x27,0xF1,0x27,0xF1,0x27,0xF1,0x27,0xF9,0x27,0xF9,0x06,0xE9,0xE5,0xB0,0x41,0x38,0x00,0x10,0x00,0x00,0x00,0x00,0x00,0x00,0x00,0x00,0x00,0x00,0x00,0x00,0x00,0x00,0x00,0x00,0x00,0x00,0x00,0x00,0x00,0x00,0x00,0x00,0x00,0x00,0x00,0x00,0x00,0x00,0x00,0x00,0x00,0x00,0x00,0x00,0x00,0x00,0x00,0x00,0x00,0x00,
	0x00,0x00,0x00,0x00,0x00,0x00,0x00,0x00,0x00,0x00,0x00,0x00,0x00,0x00,0x00,0x00,0x00,0x00,0x00,0x00,0x00,0x00,0x00,0x00,0x00,0x00,0x00,0x00,0x00,0x00,0x00,0x00,0x00,0x00,0x00,0x00,0x00,0x00,0x00,0x00,0x00,0x00,0x00,0x00,0x00,0x00,0x00,0x00,0x00,0x00,0x00,0x00,0x00,0x00,0x00,0x00,0x00,0x00,0x00,0x00,0x00,0x00,0x00,0x00,
	0x00,0x00,0x00,0x00,0x00,0x00,0x00,0x00,0x00,0x00,0x00,0x00,0x00,0x00,0x00,0x00,0x00,0x00,0x00,0x00,0x00,0x00,0x00,0x00,0x00,0x10,0x41,0x38,0x41,0x50,0x62,0x58,0x62,0x58,0x62,0x58,0x62,0x58,0x62,0x58,0x62,0x58,0x62,0x58,0x62,0x58,0x62,0x58,0x62,0x58,0x62,0x58,0x62,0x58,0x62,0x58,0x62,0x58,0x41,0x48,0x20,0x28,0x00,0x00,
	0x00,0x00,0x00,0x00,0x00,0x00,0x00,0x00,0x00,0x00,0x00,0x00,0x00,0x00,0x00,0x00,0x00,0x00,0x00,0x00,0x00,0x00,0x00,0x00,0x00,0x00,0x00,0x00,0x00,0x00,0x00,0x00,0x00,0x00,0x00,0x00,0x00,0x00,0x00,0x10,0x41,0x48,0xC5,0xB8,0x27,0xF9,0x27,0xF9,0x27,0xF9,0x27,0xF1,0x27,0xF1,0x27,0xF1,0x27,0xF1,0x27,0xF1,0x27,0xF1,0x27,0xF1,
	0x27,0xF1,0x27,0xF1,0x27,0xF9,0x27,0xF9,0x06,0xE1,0xC4,0xA0,0x62,0x58,0x00,0x00,0x00,0x00,0x00,0x00,0x00,0x00,0x00,0x00,0x00,0x00,0x00,0x00,0x00,0x00,0x00,0x00,0x00,0x00,0x00,0x00,0x00,0x00,0x00,0x00,0x00,0x00,0x00,0x00,0x00,0x00,0x00,0x00,0x00,0x00,0x00,0x00,0x00,0x00,0x00,0x00,0x00,0x00,0x00,0x00,0x00,0x00,0x00,0x00,
	0x00,0x00,0x00,0x00,0x00,0x00,0x00,0x00,0x00,0x00,0x00,0x00,0x00,0x00,0x00,0x00,0x00,0x00,0x00,0x00,0x00,0x00,0x00,0x00,0x00,0x00,0x00,0x00,0x00,0x00,0x00,0x00,0x00,0x00,0x00,0x00,0x00,0x00,0x00,0x00,0x00,0x00,0x00,0x00,0x00,0x00,0x00,0x00,0x00,0x00,0x00,0x00,0x00,0x00,0x00,0x00,0x00,0x00,0x00,0x00,0x00,0x00,0x00,0x00,
	0x00,0x00,0x00,0x00,0x00,0x00,0x00,0x00,0x00,0x00,0x00,0x00,0x00,0x00,0x00,0x00,0x00,0x00,0x00,0x00,0x00,0x00,0x20,0x18,0x41,0x30,0x41,0x48,0x61,0x58,0x62,0x58,0x62,0x58,0x62,0x58,0x62,0x58,0x62,0x58,0x62,0x58,0x62,0x58,0x62,0x58,0x62,0x58,0x62,0x58,0x62,0x58,0x62,0x58,0x62,0x58,0x41,0x38,0x00,0x10,0x00,0x00,0x00,0x00,
	0x00,0x00,0x00,0x00,0x00,0x00,0x00,0x00,0x00,0x00,0x00,0x00,0x00,0x00,0x00,0x00,0x00,0x00,0x00,0x00,0x00,0x00,0x00,0x00,0x00,0x00,0x00,0x00,0x00,0x00,0x00,0x00,0x00,0x00,0x41,0x38,0xC5,0xB0,0x06,0xE1,0x27,0xF9,0x27,0xF9,0x27,0xF1,0x27,0xF1,0x27,0xF1,0x27,0xF1,0x27,0xF1,0x27,0xF1,0x27,0xF1,0x27,0xF1,0x27,0xF1,0x27,0xF1,
	0x27,0xF9,0x06,0xE9,0xE5,0xB0,0x41,0x48,0x00,0x00,0x00,0x00,0x00,0x00,0x00,0x00,0x00,0x00,0x00,0x00,0x00,0x00,0x00,0x00,0x00,0x00,0x00,0x00,0x00,0x00,0x00,0x00,0x00,0x00,0x00,0x00,0x00,0x00,0x00,0x00,0x00,0x00,0x00,0x00,0x00,0x00,0x00,0x00,0x00,0x00,0x00,0x00,0x00,0x00,0x00,0x00,0x00,0x00,0x00,0x00,0x00,0x00,0x00,0x00,
	0x00,0x00,0x00,0x00,0x00,0x00,0x00,0x00,0x00,0x00,0x00,0x00,0x00,0x00,0x00,0x00,0x00,0x00,0x00,0x00,0x00,0x00,0x00,0x00,0x00,0x00,0x00,0x00,0x00,0x00,0x00,0x00,0x00,0x00,0x00,0x00,0x00,0x00,0x00,0x00,0x00,0x00,0x00,0x00,0x00,0x00,0x00,0x00,0x00,0x00,0x00,0x00,0x00,0x00,0x00,0x00,0x00,0x00,0x00,0x00,0x00,0x00,0x00,0x00,
	0x00,0x00,0x00,0x00,0x00,0x00,0x00,0x00,0x00,0x00,0x00,0x00,0x00,0x00,0x00,0x00,0x00,0x00,0x00,0x00,0x20,0x10,0x41,0x30,0x42,0x50,0x62,0x58,0x62,0x58,0x62,0x58,0x62,0x58,0x62,0x58,0x62,0x58,0x62,0x58,0x62,0x58,0x62,0x58,0x62,0x58,0x62,0x58,0x62,0x58,0x62,0x58,0x42,0x50,0x41,0x30,0x00,0x08,0x00,0x00,0x00,0x00,0x00,0x00,
	0x00,0x00,0x00,0x00,0x00,0x00,0x00,0x00,0x00,0x00,0x00,0x00,0x00,0x00,0x00,0x00,0x00,0x00,0x00,0x00,0x00,0x00,0x00,0x00,0x00,0x00,0x00,0x00,0x00,0x10,0x83,0x70,0x06,0xE1,0x27,0xF9,0x27,0xF9,0x27,0xF1,0x27,0xF1,0x27,0xF1,0x27,0xF1,0x27,0xF1,0x27,0xF1,0x27,0xF1,0x27,0xF1,0x27,0xF1,0x27,0xF9,0x27,0xF9,0x27,0xF1,0xC5,0xB0,
	0x41,0x38,0x00,0x10,0x00,0x00,0x00,0x00,0x00,0x00,0x00,0x00,0x00,0x00,0x00,0x00,0x00,0x00,0x00,0x00,0x00,0x00,0x00,0x00,0x00,0x00,0x00,0x00,0x00,0x00,0x00,0x00,0x00,0x00,0x00,0x00,0x00,0x00,0x00,0x00,0x00,0x00,0x00,0x00,0x00,0x00,0x00,0x00,0x00,0x00,0x00,0x00,0x00,0x00,0x00,0x00,0x00,0x00,0x00,0x00,0x00,0x00,0x00,0x00,
	0x00,0x00,0x00,0x00,0x00,0x00,0x00,0x00,0x00,0x00,0x00,0x00,0x00,0x00,0x00,0x00,0x00,0x00,0x00,0x00,0x00,0x00,0x00,0x00,0x00,0x00,0x00,0x00,0x00,0x00,0x00,0x00,0x00,0x00,0x00,0x00,0x00,0x00,0x00,0x00,0x00,0x00,0x00,0x00,0x00,0x00,0x00,0x00,0x00,0x00,0x00,0x00,0x00,0x00,0x00,0x00,0x00,0x00,0x00,0x00,0x00,0x00,0x00,0x00,
	0x00,0x00,0x00,0x00,0x00,0x00,0x00,0x00,0x00,0x00,0x00,0x00,0x00,0x00,0x00,0x00,0x00,0x00,0x00,0x10,0x41,0x30,0x42,0x50,0x62,0x58,0x62,0x58,0x62,0x58,0x62,0x58,0x62,0x58,0x62,0x58,0x62,0x58,0x62,0x58,0x62,0x58,0x62,0x58,0x62,0x58,0x62,0x58,0x62,0x58,0x42,0x50,0x20,0x18,0x00,0x00,0x00,0x00,0x00,0x00,0x00,0x00,0x00,0x00,
	0x00,0x00,0x00,0x00,0x00,0x00,0x00,0x00,0x00,0x00,0x00,0x00,0x00,0x00,0x00,0x00,0x00,0x00,0x00,0x00,0x00,0x00,0x00,0x00,0x62,0x50,0xC5,0xA8,0x27,0xF9,0x27,0xF9,0x27,0xF1,0x27,0xF1,0x27,0xF1,0x27,0xF1,0x27,0xF1,0x27,0xF1,0x27,0xF1,0x27,0xF1,0x27,0xF1,0x27,0xF1,0x27,0xF9,0x27,0xF1,0xC5,0xB8,0x82,0x60,0x00,0x00,0x00,0x00,
	0x00,0x00,0x00,0x00,0x00,0x00,0x00,0x00,0x00,0x00,0x00,0x00,0x00,0x00,0x00,0x00,0x00,0x00,0x00,0x00,0x00,0x00,0x00,0x00,0x00,0x00,0x00,0x00,0x00,0x00,0x00,0x00,0x00,0x00,0x00,0x00,0x00,0x00,0x00,0x00,0x00,0x00,0x00,0x00,0x00,0x00,0x00,0x00,0x00,0x00,0x00,0x00,0x00,0x00,0x00,0x00,0x00,0x00,0x00,0x00,0x00,0x00,0x00,0x00,
	0x00,0x00,0x00,0x00,0x00,0x00,0x00,0x00,0x00,0x00,0x00,0x00,0x00,0x00,0x00,0x00,0x00,0x00,0x00,0x00,0x00,0x00,0x00,0x00,0x00,0x00,0x00,0x00,0x00,0x00,0x00,0x00,0x00,0x00,0x00,0x00,0x00,0x00,0x00,0x00,0x00,0x00,0x00,0x00,0x00,0x00,0x00,0x00,0x00,0x00,0x00,0x00,0x00,0x00,0x00,0x00,0x00,0x00,0x00,0x00,0x00,0x00,0x00,0x00,
	0x00,0x00,0x00,0x00,0x00,0x00,0x00,0x00,0x00,0x00,0x00,0x00,0x00,0x00,0x00,0x00,0x20,0x18,0x41,0x38,0x42,0x50,0x62,0x58,0x62,0x58,0x62,0x58,0x62,0x58,0x62,0x58,0x62,0x58,0x62,0x58,0x62,0x58,0x62,0x58,0x62,0x58,0x62,0x58,0x62,0x58,0x62,0x58,0x41,0x30,0x20,0x10,0x00,0x00,0x00,0x00,0x00,0x00,0x00,0x00,0x00,0x00,0x00,0x00,
	0x00,0x00,0x00,0x00,0x00,0x00,0x00,0x00,0x00,0x00,0x00,0x00,0x00,0x00,0x00,0x00,0x00,0x00,0x00,0x10,0xC4,0xA0,0x06,0xE9,0x27,0xF1,0x27,0xF9,0x27,0xF1,0x27,0xF1,0x27,0xF1,0x27,0xF1,0x27,0xF1,0x27,0xF1,0x27,0xF1,0x27,0xF1,0x27,0xF1,0x27,0xF9,0x27,0xF9,0x06,0xD9,0x42,0x50,0x00,0x08,0x00,0x00,0x00,0x00,0x00,0x00,0x00,0x00,
	0x00,0x00,0x00,0x00,0x00,0x00,0x00,0x00,0x00,0x00,0x00,0x00,0x00,0x00,0x00,0x00,0x00,0x00,0x00,0x00,0x00,0x00,0x00,0x00,0x00,0x00,0x00,0x00,0x00,0x00,0x00,0x00,0x00,0x00,0x00,0x00,0x00,0x00,0x00,0x00,0x00,0x00,0x00,0x00,0x00,0x00,0x00,0x00,0x00,0x00,0x00,0x00,0x00,0x00,0x00,0x00,0x00,0x00,0x00,0x00,0x00,0x00,0x00,0x00,
	0x00,0x00,0x00,0x00,0x00,0x00,0x00,0x00,0x00,0x00,0x00,0x00,0x00,0x00,0x00,0x00,0x00,0x00,0x00,0x00,0x00,0x00,0x00,0x00,0x00,0x00,0x00,0x00,0x00,0x00,0x00,0x00,0x00,0x00,0x00,0x00,0x00,0x00,0x00,0x00,0x00,0x00,0x00,0x00,0x00,0x00,0x00,0x00,0x00,0x00,0x00,0x00,0x00,0x00,0x00,0x00,0x00,0x00,0x00,0x00,0x00,0x00,0x00,0x00,
	0x00,0x00,0x00,0x00,0x00,0x00,0x00,0x00,0x00,0x00,0x00,0x00,0x00,0x00,0x00,0x18,0x41,0x48,0x62,0x58,0x62,0x58,0x62,0x58,0x62,0x58,0x62,0x58,0x62,0x58,0x62,0x58,0x62,0x58,0x62,0x58,0x62,0x58,0x62,0x58,0x62,0x58,0x62,0x58,0x62,0x50,0x41,0x30,0x00,0x00,0x00,0x00,0x00,0x00,0x00,0x00,0x00,0x00,0x00,0x00,0x00,0x00,0x00,0x00,
	0x00,0x00,0x00,0x00,0x00,0x00,0x00,0x00,0x00,0x00,0x00,0x00,0x00,0x10,0x41,0x48,0xE6,0xD0,0x27,0xF9,0x27,0xF1,0x27,0xF1,0x27,0xF1,0x27,0xF1,0x27,0xF1,0x27,0xF1,0x27,0xF1,0x27,0xF1,0x27,0xF1,0x27,0xF1,0x27,0xF9,0x27,0xF9,0xE6,0xD0,0x83,0x78,0x00,0x18,0x00,0x00,0x00,0x00,0x00,0x00,0x00,0x00,0x00,0x00,0x00,0x00,0x00,0x00,
	0x00,0x00,0x00,0x00,0x00,0x00,0x00,0x00,0x00,0x00,0x00,0x00,0x00,0x00,0x00,0x00,0x00,0x00,0x00,0x00,0x00,0x00,0x00,0x00,0x00,0x00,0x00,0x00,0x00,0x00,0x00,0x00,0x00,0x00,0x00,0x00,0x00,0x00,0x00,0x00,0x00,0x00,0x00,0x00,0x00,0x00,0x00,0x00,0x00,0x00,0x00,0x00,0x00,0x00,0x00,0x00,0x00,0x00,0x00,0x00,0x00,0x00,0x00,0x00,
	0x00,0x00,0x00,0x00,0x00,0x00,0x00,0x00,0x00,0x00,0x00,0x00,0x00,0x00,0x00,0x00,0x00,0x00,0x00,0x00,0x00,0x00,0x00,0x00,0x00,0x00,0x00,0x00,0x00,0x00,0x00,0x00,0x00,0x00,0x00,0x00,0x00,0x00,0x00,0x00,0x00,0x00,0x00,0x00,0x00,0x00,0x00,0x00,0x00,0x00,0x00,0x00,0x00,0x00,0x00,0x00,0x00,0x00,0x00,0x00,0x00,0x00,0x00,0x00,
	0x00,0x00,0x00,0x00,0x00,0x00,0x00,0x00,0x00,0x00,0x00,0x00,0x21,0x20,0x41,0x40,0x62,0x58,0x62,0x58,0x62,0x58,0x62,0x58,0x62,0x58,0x62,0x58,0x62,0x58,0x62,0x58,0x62,0x58,0x62,0x58,0x62,0x58,0x62,0x58,0x62,0x58,0x41,0x40,0x00,0x10,0x00,0x00,0x00,0x00,0x00,0x00,0x00,0x00,0x00,0x00,0x00,0x00,0x00,0x00,0x00,0x00,0x00,0x00,
	0x00,0x00,0x00,0x00,0x00,0x00,0x00,0x00,0x41,0x38,0xA4,0x90,0x06,0xE1,0x27,0xF9,0x27,0xF1,0x27,0xF1,0x27,0xF1,0x27,0xF1,0x27,0xF1,0x27,0xF1,0x27,0xF1,0x27,0xF1,0x27,0xF1,0x27,0xF9,0x27,0xF9,0x27,0xF1,0xA4,0x90,0x00,0x18,0x00,0x00,0x00,0x00,0x00,0x00,0x00,0x00,0x00,0x00,0x00,0x00,0x00,0x00,0x00,0x00,0x00,0x00,0x00,0x00,
	0x00,0x00,0x00,0x00,0x00,0x00,0x00,0x00,0x00,0x00,0x00,0x00,0x00,0x00,0x00,0x00,0x00,0x00,0x00,0x00,0x00,0x00,0x00,0x00,0x00,0x00,0x00,0x00,0x00,0x00,0x00,0x00,0x00,0x00,0x00,0x00,0x00,0x00,0x00,0x00,0x00,0x00,0x00,0x00,0x00,0x00,0x00,0x00,0x00,0x00,0x00,0x00,0x00,0x00,0x00,0x00,0x00,0x00,0x00,0x00,0x00,0x00,0x00,0x00,
	0x00,0x00,0x00,0x00,0x00,0x00,0x00,0x00,0x00,0x00,0x00,0x00,0x00,0x00,0x00,0x00,0x00,0x00,0x00,0x00,0x00,0x00,0x00,0x00,0x00,0x00,0x00,0x00,0x00,0x00,0x00,0x00,0x00,0x00,0x00,0x00,0x00,0x00,0x00,0x00,0x00,0x00,0x00,0x00,0x00,0x00,0x00,0x00,0x00,0x00,0x00,0x00,0x00,0x00,0x00,0x00,0x00,0x00,0x00,0x00,0x00,0x00,0x00,0x00,
	0x00,0x00,0x00,0x00,0x00,0x00,0x00,0x00,0x00,0x00,0x20,0x30,0x62,0x50,0x62,0x58,0x62,0x58,0x62,0x58,0x62,0x58,0x62,0x58,0x62,0x58,0x62,0x58,0x62,0x58,0x62,0x58,0x62,0x58,0x62,0x58,0x62,0x58,0x42,0x50,0x21,0x28,0x00,0x10,0x00,0x00,0x00,0x00,0x00,0x00,0x00,0x00,0x00,0x00,0x00,0x00,0x00,0x00,0x00,0x00,0x00,0x00,0x00,0x00,
	0x00,0x00,0x00,0x00,0x82,0x60,0x06,0xD9,0x27,0xF1,0x27,0xF9,0x27,0xF1,0x27,0xF1,0x27,0xF1,0x27,0xF1,0x27,0xF1,0x27,0xF1,0x27,0xF1,0x27,0xF1,0x27,0xF1,0x27,0xF9,0x06,0xE9,0xC4,0xA0,0x62,0x50,0x00,0x00,0x00,0x00,0x00,0x00,0x00,0x00,0x00,0x00,0x00,0x00,0x00,0x00,0x00,0x00,0x00,0x00,0x00,0x00,0x00,0x00,0x00,0x00,0x00,0x00,
	0x00,0x00,0x00,0x00,0x00,0x00,0x00,0x00,0x00,0x00,0x00,0x00,0x00,0x00,0x00,0x00,0x00,0x00,0x00,0x00,0x00,0x00,0x00,0x00,0x00,0x00,0x00,0x00,0x00,0x00,0x00,0x00,0x00,0x00,0x00,0x00,0x00,0x00,0x00,0x00,0x00,0x00,0x00,0x00,0x00,0x00,0x00,0x00,0x00,0x00,0x00,0x00,0x00,0x00,0x00,0x00,0x00,0x00,0x00,0x00,0x00,0x00,0x00,0x00,
	0x00,0x00,0x00,0x00,0x00,0x00,0x00,0x00,0x00,0x00,0x00,0x00,0x00,0x00,0x00,0x00,0x00,0x00,0x00,0x00,0x00,0x00,0x00,0x00,0x00,0x00,0x00,0x00,0x00,0x00,0x00,0x00,0x00,0x00,0x00,0x00,0x00,0x00,0x00,0x00,0x00,0x00,0x00,0x00,0x00,0x00,0x00,0x00,0x00,0x00,0x00,0x00,0x00,0x00,0x00,0x00,0x00,0x00,0x00,0x00,0x00,0x00,0x00,0x00,
	0x00,0x00,0x00,0x00,0x00,0x00,0x00,0x10,0x41,0x30,0x61,0x50,0x62,0x58,0x62,0x58,0x62,0x58,0x62,0x58,0x62,0x58,0x62,0x58,0x62,0x58,0x62,0x58,0x62,0x58,0x62,0x58,0x62,0x58,0x42,0x50,0x41,0x40,0x20,0x18,0x00,0x00,0x00,0x00,0x00,0x00,0x00,0x00,0x00,0x00,0x00,0x00,0x00,0x00,0x00,0x00,0x00,0x00,0x00,0x00,0x00,0x00,0x00,0x18,
	0xA4,0x90,0x27,0xF9,0x27,0xF9,0x27,0xF1,0x27,0xF1,0x27,0xF1,0x27,0xF1,0x27,0xF1,0x27,0xF1,0x27,0xF1,0x27,0xF1,0x27,0xF1,0x27,0xF1,0x27,0xF9,0xE6,0xD0,0x62,0x58,0x20,0x18,0x00,0x00,0x00,0x00,0x00,0x00,0x00,0x00,0x00,0x00,0x00,0x00,0x00,0x00,0x00,0x00,0x00,0x00,0x00,0x00,0x00,0x00,0x00,0x00,0x00,0x00,0x00,0x00,0x00,0x00,
	0x00,0x00,0x00,0x00,0x00,0x00,0x00,0x00,0x00,0x00,0x00,0x00,0x00,0x00,0x00,0x00,0x00,0x00,0x00,0x00,0x00,0x00,0x00,0x00,0x00,0x00,0x00,0x00,0x00,0x00,0x00,0x00,0x00,0x00,0x00,0x00,0x00,0x00,0x00,0x00,0x00,0x00,0x00,0x00,0x00,0x00,0x00,0x00,0x00,0x00,0x00,0x00,0x00,0x00,0x00,0x00,0x00,0x00,0x00,0x00,0x00,0x00,0x00,0x00,
	0x00,0x00,0x00,0x00,0x00,0x00,0x00,0x00,0x00,0x00,0x00,0x00,0x00,0x00,0x00,0x00,0x00,0x00,0x00,0x00,0x00,0x00,0x00,0x00,0x00,0x00,0x00,0x00,0x00,0x00,0x00,0x00,0x00,0x00,0x00,0x00,0x00,0x00,0x00,0x00,0x00,0x00,0x00,0x00,0x00,0x00,0x00,0x00,0x00,0x00,0x00,0x00,0x00,0x00,0x00,0x00,0x00,0x00,0x00,0x00,0x00,0x00,0x00,0x00,
	0x00,0x00,0x00,0x08,0x20,0x18,0x41,0x48,0x62,0x58,0x62,0x58,0x62,0x58,0x62,0x58,0x62,0x58,0x62,0x58,0x62,0x58,0x62,0x58,0x62,0x58,0x62,0x58,0x62,0x58,0x62,0x58,0x62,0x50,0x21,0x30,0x00,0x00,0x00,0x00,0x00,0x00,0x00,0x00,0x00,0x00,0x00,0x00,0x00,0x00,0x00,0x00,0x00,0x00,0x00,0x00,0x00,0x10,0x62,0x60,0xC5,0xB8,0x27,0xF9,
	0x27,0xF9,0x27,0xF1,0x27,0xF1,0x27,0xF1,0x27,0xF1,0x27,0xF1,0x27,0xF1,0x27,0xF1,0x27,0xF1,0x27,0xF9,0x27,0xF9,0x07,0xE9,0xC5,0xA8,0x20,0x18,0x00,0x00,0x00,0x00,0x00,0x00,0x00,0x00,0x00,0x00,0x00,0x00,0x00,0x00,0x00,0x00,0x00,0x00,0x00,0x00,0x00,0x00,0x00,0x00,0x00,0x00,0x00,0x00,0x00,0x00,0x00,0x00,0x00,0x00,0x00,0x00,
	0x00,0x00,0x00,0x00,0x00,0x00,0x00,0x00,0x00,0x00,0x00,0x00,0x00,0x00,0x00,0x00,0x00,0x00,0x00,0x00,0x00,0x00,0x00,0x00,0x00,0x00,0x00,0x00,0x00,0x00,0x00,0x00,0x00,0x00,0x00,0x00,0x00,0x00,0x00,0x00,0x00,0x00,0x00,0x00,0x00,0x00,0x00,0x00,0x00,0x00,0x00,0x00,0x00,0x00,0x00,0x00,0x00,0x00,0x00,0x00,0x00,0x00,0x00,0x00,
	0x00,0x00,0x00,0x00,0x00,0x00,0x00,0x00,0x00,0x00,0x00,0x00,0x00,0x00,0x00,0x00,0x00,0x00,0x00,0x00,0x00,0x00,0x00,0x00,0x00,0x00,0x00,0x00,0x00,0x00,0x00,0x00,0x00,0x00,0x00,0x00,0x00,0x00,0x00,0x00,0x00,0x00,0x00,0x00,0x00,0x00,0x00,0x00,0x00,0x00,0x00,0x00,0x00,0x00,0x00,0x00,0x00,0x00,0x00,0x00,0x00,0x00,0x00,0x00,
	0x00,0x08,0x21,0x30,0x41,0x48,0x62,0x58,0x62,0x58,0x62,0x58,0x62,0x58,0x62,0x58,0x62,0x58,0x62,0x58,0x62,0x58,0x62,0x58,0x62,0x58,0x62,0x58,0x62,0x58,0x41,0x40,0x00,0x18,0x00,0x00,0x00,0x00,0x00,0x00,0x00,0x00,0x00,0x00,0x00,0x00,0x00,0x00,0x00,0x00,0x00,0x00,0x21,0x20,0xC5,0xA8,0x06,0xE1,0x27,0xF9,0x27,0xF9,0x27,0xF1,
	0x27,0xF1,0x27,0xF1,0x27,0xF1,0x27,0xF1,0x27,0xF1,0x27,0xF1,0x27,0xF1,0x27,0xF9,0x27,0xF9,0xC5,0xA8,0x62,0x50,0x00,0x08,0x00,0x00,0x00,0x00,0x00,0x00,0x00,0x00,0x00,0x00,0x00,0x00,0x00,0x00,0x00,0x00,0x00,0x00,0x00,0x00,0x00,0x00,0x00,0x00,0x00,0x00,0x00,0x00,0x00,0x00,0x00,0x00,0x00,0x00,0x00,0x00,0x00,0x00,0x00,0x00,
	0x00,0x00,0x00,0x00,0x00,0x00,0x00,0x00,0x00,0x00,0x00,0x00,0x00,0x00,0x00,0x00,0x00,0x00,0x00,0x00,0x00,0x00,0x00,0x00,0x00,0x00,0x00,0x00,0x00,0x00,0x00,0x00,0x00,0x00,0x00,0x00,0x00,0x00,0x00,0x00,0x00,0x00,0x00,0x00,0x00,0x00,0x00,0x00,0x00,0x00,0x00,0x00,0x00,0x00,0x00,0x00,0x00,0x00,0x00,0x00,0x00,0x00,0x00,0x00,
	0x00,0x00,0x00,0x00,0x00,0x00,0x00,0x00,0x00,0x00,0x00,0x00,0x00,0x00,0x00,0x00,0x00,0x00,0x00,0x00,0x00,0x00,0x00,0x00,0x00,0x00,0x00,0x00,0x00,0x00,0x00,0x00,0x00,0x00,0x00,0x00,0x00,0x00,0x00,0x00,0x00,0x00,0x00,0x00,0x00,0x00,0x00,0x00,0x00,0x00,0x00,0x00,0x00,0x00,0x00,0x00,0x00,0x00,0x00,0x00,0x00,0x00,0x00,0x10,
	0x21,0x30,0x62,0x58,0x62,0x58,0x62,0x58,0x62,0x58,0x62,0x58,0x62,0x58,0x62,0x58,0x62,0x58,0x62,0x58,0x62,0x58,0x62,0x58,0x62,0x58,0x42,0x50,0x41,0x30,0x00,0x08,0x00,0x00,0x00,0x00,0x00,0x00,0x00,0x00,0x00,0x00,0x00,0x00,0x00,0x00,0x00,0x00,0x41,0x38,0x06,0xD9,0x27,0xF9,0x27,0xF1,0x27,0xF9,0x27,0xF1,0x27,0xF1,0x27,0xF1,
	0x27,0xF1,0x27,0xF1,0x27,0xF1,0x27,0xF1,0x27,0xF9,0x27,0xF9,0x27,0xF1,0x83,0x70,0x00,0x08,0x00,0x00,0x00,0x00,0x00,0x00,0x00,0x00,0x00,0x00,0x00,0x00,0x00,0x00,0x00,0x00,0x00,0x00,0x00,0x00,0x00,0x00,0x00,0x00,0x00,0x00,0x00,0x00,0x00,0x00,0x00,0x00,0x00,0x00,0x00,0x00,0x00,0x00,0x00,0x00,0x00,0x00,0x00,0x00,0x00,0x00,
	0x00,0x00,0x00,0x00,0x00,0x00,0x00,0x00,0x00,0x00,0x00,0x00,0x00,0x00,0x00,0x00,0x00,0x00,0x00,0x00,0x00,0x00,0x00,0x00,0x00,0x00,0x00,0x00,0x00,0x00,0x00,0x00,0x00,0x00,0x00,0x00,0x00,0x00,0x00,0x00,0x00,0x00,0x00,0x00,0x00,0x00,0x00,0x00,0x00,0x00,0x00,0x00,0x00,0x00,0x00,0x00,0x00,0x00,0x00,0x00,0x00,0x00,0x00,0x00,
	0x00,0x00,0x00,0x00,0x00,0x00,0x00,0x00,0x00,0x00,0x00,0x00,0x00,0x00,0x00,0x00,0x00,0x00,0x00,0x00,0x00,0x00,0x00,0x00,0x00,0x00,0x00,0x00,0x00,0x00,0x00,0x00,0x00,0x00,0x00,0x00,0x00,0x00,0x00,0x00,0x00,0x00,0x00,0x00,0x00,0x00,0x00,0x00,0x00,0x00,0x00,0x00,0x00,0x00,0x00,0x00,0x00,0x00,0x00,0x00,0x20,0x20,0x42,0x50,
	0x62,0x58,0x62,0x58,0x62,0x58,0x62,0x58,0x62,0x58,0x62,0x58,0x62,0x58,0x62,0x58,0x62,0x58,0x62,0x58,0x62,0x58,0x62,0x58,0x41,0x48,0x00,0x10,0x00,0x00,0x00,0x00,0x00,0x00,0x00,0x00,0x00,0x00,0x00,0x00,0x00,0x00,0x20,0x20,0x83,0x70,0x06,0xE9,0x27,0xF9,0x27,0xF1,0x27,0xF1,0x27,0xF1,0x27,0xF1,0x27,0xF1,0x27,0xF1,0x27,0xF1,
	0x27,0xF1,0x27,0xF1,0x27,0xF9,0x06,0xE9,0xC5,0xB8,0x41,0x48,0x00,0x00,0x00,0x00,0x00,0x00,0x00,0x00,0x00,0x00,0x00,0x00,0x00,0x00,0x00,0x00,0x00,0x00,0x00,0x00,0x00,0x00,0x00,0x00,0x00,0x00,0x00,0x00,0x00,0x00,0x00,0x00,0x00,0x00,0x00,0x00,0x00,0x00,0x00,0x00,0x00,0x00,0x00,0x00,0x00,0x00,0x00,0x00,0x00,0x00,0x00,0x00,
	0x00,0x00,0x00,0x00,0x00,0x00,0x00,0x00,0x00,0x00,0x00,0x00,0x00,0x00,0x00,0x00,0x00,0x00,0x00,0x00,0x00,0x00,0x00,0x00,0x00,0x00,0x00,0x00,0x00,0x00,0x00,0x00,0x00,0x00,0x00,0x00,0x00,0x00,0x00,0x00,0x00,0x00,0x00,0x00,0x00,0x00,0x00,0x00,0x00,0x00,0x00,0x00,0x00,0x00,0x00,0x00,0x00,0x00,0x00,0x00,0x00,0x00,0x00,0x00,
	0x00,0x00,0x00,0x00,0x00,0x00,0x00,0x00,0x00,0x00,0x00,0x00,0x00,0x00,0x00,0x00,0x00,0x00,0x00,0x00,0x00,0x00,0x00,0x00,0x00,0x00,0x00,0x00,0x00,0x00,0x00,0x00,0x00,0x00,0x00,0x00,0x00,0x00,0x00,0x00,0x00,0x00,0x00,0x00,0x00,0x00,0x00,0x00,0x00,0x00,0x00,0x00,0x00,0x00,0x00,0x00,0x00,0x10,0x41,0x38,0x41,0x50,0x62,0x58,
	0x62,0x58,0x62,0x58,0x62,0x58,0x62,0x58,0x62,0x58,0x62,0x58,0x62,0x58,0x62,0x58,0x62,0x58,0x62,0x58,0x41,0x50,0x20,0x20,0x00,0x08,0x00,0x00,0x00,0x00,0x00,0x00,0x00,0x00,0x00,0x00,0x00,0x00,0x41,0x48,0xC4,0xA0,0x07,0xF1,0x27,0xF9,0x27,0xF1,0x27,0xF1,0x27,0xF1,0x27,0xF1,0x27,0xF1,0x27,0xF1,0x27,0xF1,0x27,0xF1,0x27,0xF9,
	0x27,0xF9,0xE6,0xD0,0x83,0x70,0x20,0x20,0x00,0x00,0x00,0x00,0x00,0x00,0x00,0x00,0x00,0x00,0x00,0x00,0x00,0x00,0x00,0x00,0x00,0x00,0x00,0x00,0x00,0x00,0x00,0x00,0x00,0x00,0x00,0x00,0x00,0x00,0x00,0x00,0x00,0x00,0x00,0x00,0x00,0x00,0x00,0x00,0x00,0x00,0x00,0x00,0x00,0x00,0x00,0x00,0x00,0x00,0x00,0x00,0x00,0x00,0x00,0x00,
	0x00,0x00,0x00,0x00,0x00,0x00,0x00,0x00,0x00,0x00,0x00,0x00,0x00,0x00,0x00,0x00,0x00,0x00,0x00,0x00,0x00,0x00,0x00,0x00,0x00,0x00,0x00,0x00,0x00,0x00,0x00,0x00,0x00,0x00,0x00,0x00,0x00,0x00,0x00,0x00,0x00,0x00,0x00,0x00,0x00,0x00,0x00,0x00,0x00,0x00,0x00,0x00,0x00,0x00,0x00,0x00,0x00,0x00,0x00,0x00,0x00,0x00,0x00,0x00,
	0x00,0x00,0x00,0x00,0x00,0x00,0x00,0x00,0x00,0x00,0x00,0x00,0x00,0x00,0x00,0x00,0x00,0x00,0x00,0x00,0x00,0x00,0x00,0x00,0x00,0x00,0x00,0x00,0x00,0x00,0x00,0x00,0x00,0x00,0x00,0x00,0x00,0x00,0x00,0x00,0x00,0x00,0x00,0x00,0x00,0x00,0x00,0x00,0x00,0x00,0x00,0x00,0x00,0x08,0x00,0x20,0x41,0x48,0x62,0x58,0x62,0x58,0x62,0x58,
	0x62,0x58,0x62,0x58,0x62,0x58,0x62,0x58,0x62,0x58,0x62,0x58,0x62,0x58,0x62,0x58,0x61,0x58,0x41,0x30,0x00,0x10,0x00,0x00,0x00,0x00,0x00,0x00,0x00,0x00,0x00,0x00,0x00,0x00,0x83,0x78,0xE6,0xD0,0x27,0xF1,0x27,0xF9,0x27,0xF1,0x27,0xF1,0x27,0xF1,0x27,0xF1,0x27,0xF1,0x27,0xF1,0x27,0xF1,0x27,0xF1,0x27,0xF9,0x27,0xF9,0xC5,0xB0,
	0x21,0x20,0x00,0x00,0x00,0x00,0x00,0x00,0x00,0x00,0x00,0x00,0x00,0x00,0x00,0x00,0x00,0x00,0x00,0x00,0x00,0x00,0x00,0x00,0x00,0x00,0x00,0x00,0x00,0x00,0x00,0x00,0x00,0x00,0x00,0x00,0x00,0x00,0x00,0x00,0x00,0x00,0x00,0x00,0x00,0x00,0x00,0x00,0x00,0x00,0x00,0x00,0x00,0x00,0x00,0x00,0x00,0x00,0x00,0x00,0x00,0x00,0x00,0x00,
	0x00,0x00,0x00,0x00,0x00,0x00,0x00,0x00,0x00,0x00,0x00,0x00,0x00,0x00,0x00,0x00,0x00,0x00,0x00,0x00,0x00,0x00,0x00,0x00,0x00,0x00,0x00,0x00,0x00,0x00,0x00,0x00,0x00,0x00,0x00,0x00,0x00,0x00,0x00,0x00,0x00,0x00,0x00,0x00,0x00,0x00,0x00,0x00,0x00,0x00,0x00,0x00,0x00,0x00,0x00,0x00,0x00,0x00,0x00,0x00,0x00,0x00,0x00,0x00,
	0x00,0x00,0x00,0x00,0x00,0x00,0x00,0x00,0x00,0x00,0x00,0x00,0x00,0x00,0x00,0x00,0x00,0x00,0x00,0x00,0x00,0x00,0x00,0x00,0x00,0x00,0x00,0x00,0x00,0x00,0x00,0x00,0x00,0x00,0x00,0x00,0x00,0x00,0x00,0x00,0x00,0x00,0x00,0x00,0x00,0x00,0x00,0x00,0x00,0x00,0x00,0x00,0x41,0x38,0x62,0x58,0x62,0x58,0x62,0x58,0x62,0x58,0x62,0x58,
	0x62,0x58,0x62,0x58,0x62,0x58,0x62,0x58,0x62,0x58,0x62,0x58,0x62,0x58,0x41,0x40,0x20,0x28,0x00,0x00,0x00,0x00,0x00,0x00,0x00,0x00,0x00,0x00,0x00,0x00,0xA4,0x98,0x27,0xF1,0x27,0xF1,0x27,0xF9,0x27,0xF1,0x27,0xF1,0x27,0xF1,0x27,0xF1,0x27,0xF1,0x27,0xF1,0x27,0xF1,0x27,0xF9,0x27,0xF1,0x06,0xD9,0xA4,0x80,0x00,0x08,0x00,0x00,
	0x00,0x00,0x00,0x00,0x00,0x00,0x00,0x00,0x00,0x00,0x00,0x00,0x00,0x00,0x00,0x00,0x00,0x00,0x00,0x00,0x00,0x00,0x00,0x00,0x00,0x00,0x00,0x00,0x00,0x00,0x00,0x00,0x00,0x00,0x00,0x00,0x00,0x00,0x00,0x00,0x00,0x00,0x00,0x00,0x00,0x00,0x00,0x00,0x00,0x00,0x00,0x00,0x00,0x00,0x00,0x00,0x00,0x00,0x00,0x00,0x00,0x00,0x00,0x00,
	0x00,0x00,0x00,0x00,0x00,0x00,0x00,0x00,0x00,0x00,0x00,0x00,0x00,0x00,0x00,0x00,0x00,0x00,0x00,0x00,0x00,0x00,0x00,0x00,0x00,0x00,0x00,0x00,0x00,0x00,0x00,0x00,0x00,0x00,0x00,0x00,0x00,0x00,0x00,0x00,0x00,0x00,0x00,0x00,0x00,0x00,0x00,0x00,0x00,0x00,0x00,0x00,0x00,0x00,0x00,0x00,0x00,0x00,0x00,0x00,0x00,0x00,0x00,0x00,
	0x00,0x00,0x00,0x00,0x00,0x00,0x00,0x00,0x00,0x00,0x00,0x00,0x00,0x00,0x00,0x00,0x00,0x00,0x00,0x00,0x00,0x00,0x00,0x00,0x00,0x00,0x00,0x00,0x00,0x00,0x00,0x00,0x00,0x00,0x00,0x00,0x00,0x00,0x00,0x00,0x00,0x00,0x00,0x00,0x00,0x00,0x00,0x00,0x20,0x28,0x41,0x48,0x62,0x58,0x62,0x58,0x62,0x58,0x62,0x58,0x62,0x58,0x62,0x58,
	0x62,0x58,0x62,0x58,0x62,0x58,0x62,0x58,0x62,0x58,0x41,0x50,0x41,0x30,0x00,0x00,0x00,0x00,0x00,0x00,0x00,0x00,0x00,0x00,0x00,0x20,0xC5,0xB0,0x27,0xF9,0x27,0xF1,0x27,0xF1,0x27,0xF1,0x27,0xF1,0x27,0xF1,0x27,0xF1,0x27,0xF1,0x27,0xF1,0x27,0xF1,0x27,0xF9,0x07,0xF1,0xC5,0xA8,0x62,0x50,0x00,0x00,0x00,0x00,0x00,0x00,0x00,0x00,
	0x00,0x00,0x00,0x00,0x00,0x00,0x00,0x00,0x00,0x00,0x00,0x00,0x00,0x00,0x00,0x00,0x00,0x00,0x00,0x00,0x00,0x00,0x00,0x00,0x00,0x00,0x00,0x00,0x00,0x00,0x00,0x00,0x00,0x00,0x00,0x00,0x00,0x00,0x00,0x00,0x00,0x00,0x00,0x00,0x00,0x00,0x00,0x00,0x00,0x00,0x00,0x00,0x00,0x00,0x00,0x00,0x00,0x00,0x00,0x00,0x00,0x00,0x00,0x00,
	0x00,0x00,0x00,0x00,0x00,0x00,0x00,0x00,0x00,0x00,0x00,0x00,0x00,0x00,0x00,0x00,0x00,0x00,0x00,0x00,0x00,0x00,0x00,0x00,0x00,0x00,0x00,0x00,0x00,0x00,0x00,0x00,0x00,0x00,0x00,0x00,0x00,0x00,0x00,0x00,0x00,0x00,0x00,0x00,0x00,0x00,0x00,0x00,0x00,0x00,0x00,0x00,0x00,0x00,0x00,0x00,0x00,0x00,0x00,0x00,0x00,0x00,0x00,0x00,
	0x00,0x00,0x00,0x00,0x00,0x00,0x00,0x00,0x00,0x00,0x00,0x00,0x00,0x00,0x00,0x00,0x00,0x00,0x00,0x00,0x00,0x00,0x00,0x00,0x00,0x00,0x00,0x00,0x00,0x00,0x00,0x00,0x00,0x00,0x00,0x00,0x00,0x00,0x00,0x00,0x00,0x00,0x00,0x00,0x20,0x10,0x41,0x30,0x62,0x58,0x62,0x58,0x62,0x58,0x62,0x58,0x62,0x58,0x62,0x58,0x62,0x58,0x62,0x58,
	0x62,0x58,0x62,0x58,0x62,0x58,0x62,0x58,0x41,0x38,0x00,0x00,0x00,0x00,0x00,0x00,0x00,0x00,0x00,0x18,0x62,0x58,0xE5,0xC8,0x27,0xF9,0x27,0xF9,0x27,0xF1,0x27,0xF1,0x27,0xF1,0x27,0xF1,0x27,0xF1,0x27,0xF1,0x27,0xF1,0x27,0xF1,0x27,0xF9,0x06,0xE9,0x83,0x70,0x20,0x18,0x00,0x00,0x00,0x00,0x00,0x00,0x00,0x00,0x00,0x00,0x00,0x00,
	0x00,0x00,0x00,0x00,0x00,0x00,0x00,0x00,0x00,0x00,0x00,0x00,0x00,0x00,0x00,0x00,0x00,0x00,0x00,0x00,0x00,0x00,0x00,0x00,0x00,0x00,0x00,0x00,0x00,0x00,0x00,0x00,0x00,0x00,0x00,0x00,0x00,0x00,0x00,0x00,0x00,0x00,0x00,0x00,0x00,0x00,0x00,0x00,0x00,0x00,0x00,0x00,0x00,0x00,0x00,0x00,0x00,0x00,0x00,0x00,0x00,0x00,0x00,0x00,
	0x00,0x00,0x00,0x00,0x00,0x00,0x00,0x00,0x00,0x00,0x00,0x00,0x00,0x00,0x00,0x00,0x00,0x00,0x00,0x00,0x00,0x00,0x00,0x00,0x00,0x00,0x00,0x00,0x00,0x00,0x00,0x00,0x00,0x00,0x00,0x00,0x00,0x00,0x00,0x00,0x00,0x00,0x00,0x00,0x00,0x00,0x00,0x00,0x00,0x00,0x00,0x00,0x00,0x00,0x00,0x00,0x00,0x00,0x00,0x00,0x00,0x00,0x00,0x00,
	0x00,0x00,0x00,0x00,0x00,0x00,0x00,0x00,0x00,0x00,0x00,0x00,0x00,0x00,0x00,0x00,0x00,0x00,0x00,0x00,0x00,0x00,0x00,0x00,0x00,0x00,0x00,0x00,0x00,0x00,0x00,0x00,0x00,0x00,0x00,0x00,0x00,0x00,0x00,0x00,0x00,0x00,0x20,0x18,0x61,0x50,0x62,0x58,0x62,0x58,0x62,0x58,0x62,0x58,0x62,0x58,0x62,0x58,0x62,0x58,0x62,0x58,0x62,0x58,
	0x62,0x58,0x62,0x58,0x41,0x40,0x20,0x10,0x00,0x00,0x00,0x00,0x00,0x00,0x21,0x30,0xA4,0x88,0x06,0xD9,0x27,0xF9,0x27,0xF9,0x27,0xF1,0x27,0xF1,0x27,0xF1,0x27,0xF1,0x27,0xF1,0x27,0xF1,0x27,0xF1,0x27,0xF9,0x27,0xF9,0x06,0xD9,0x41,0x40,0x00,0x00,0x00,0x00,0x00,0x00,0x00,0x00,0x00,0x00,0x00,0x00,0x00,0x00,0x00,0x00,0x00,0x00,
	0x00,0x00,0x00,0x00,0x00,0x00,0x00,0x00,0x00,0x00,0x00,0x00,0x00,0x00,0x00,0x00,0x00,0x00,0x00,0x00,0x00,0x00,0x00,0x00,0x00,0x00,0x00,0x00,0x00,0x00,0x00,0x00,0x00,0x00,0x00,0x00,0x00,0x00,0x00,0x00,0x00,0x00,0x00,0x00,0x00,0x00,0x00,0x00,0x00,0x00,0x00,0x00,0x00,0x00,0x00,0x00,0x00,0x00,0x00,0x00,0x00,0x00,0x00,0x00,
	0x00,0x00,0x00,0x00,0x00,0x00,0x00,0x00,0x00,0x00,0x00,0x00,0x00,0x00,0x00,0x00,0x00,0x00,0x00,0x00,0x00,0x00,0x00,0x00,0x00,0x00,0x00,0x00,0x00,0x00,0x00,0x00,0x00,0x00,0x00,0x00,0x00,0x00,0x00,0x00,0x00,0x00,0x00,0x00,0x00,0x00,0x00,0x00,0x00,0x00,0x00,0x00,0x00,0x00,0x00,0x00,0x00,0x00,0x00,0x00,0x00,0x00,0x00,0x00,
	0x00,0x00,0x00,0x00,0x00,0x00,0x00,0x00,0x00,0x00,0x00,0x00,0x00,0x00,0x00,0x00,0x00,0x00,0x00,0x00,0x00,0x00,0x00,0x00,0x00,0x00,0x00,0x00,0x00,0x00,0x00,0x00,0x00,0x00,0x00,0x00,0x00,0x00,0x00,0x10,0x41,0x48,0x62,0x58,0x62,0x58,0x62,0x58,0x62,0x58,0x62,0x58,0x62,0x58,0x62,0x58,0x62,0x58,0x62,0x58,0x62,0x58,0x62,0x58,
	0x41,0x48,0x20,0x28,0x00,0x08,0x00,0x00,0x00,0x00,0x61,0x40,0xC5,0xB8,0x07,0xE9,0x27,0xF9,0x27,0xF1,0x27,0xF1,0x27,0xF1,0x27,0xF1,0x27,0xF1,0x27,0xF1,0x27,0xF1,0x27,0xF9,0x27,0xF9,0x06,0xE9,0xE5,0xC0,0x21,0x30,0x00,0x00,0x00,0x00,0x00,0x00,0x00,0x00,0x00,0x00,0x00,0x00,0x00,0x00,0x00,0x00,0x00,0x00,0x00,0x00,0x00,0x00,
	0x00,0x00,0x00,0x00,0x00,0x00,0x00,0x00,0x00,0x00,0x00,0x00,0x00,0x00,0x00,0x00,0x00,0x00,0x00,0x00,0x00,0x00,0x00,0x00,0x00,0x00,0x00,0x00,0x00,0x00,0x00,0x00,0x00,0x00,0x00,0x00,0x00,0x00,0x00,0x00,0x00,0x00,0x00,0x00,0x00,0x00,0x00,0x00,0x00,0x00,0x00,0x00,0x00,0x00,0x00,0x00,0x00,0x00,0x00,0x00,0x00,0x00,0x00,0x00,
	0x00,0x00,0x00,0x00,0x00,0x00,0x00,0x00,0x00,0x00,0x00,0x00,0x00,0x00,0x00,0x00,0x00,0x00,0x00,0x00,0x00,0x00,0x00,0x00,0x00,0x00,0x00,0x00,0x00,0x00,0x00,0x00,0x00,0x00,0x00,0x00,0x00,0x00,0x00,0x00,0x00,0x00,0x00,0x00,0x00,0x00,0x00,0x00,0x00,0x00,0x00,0x00,0x00,0x00,0x00,0x00,0x00,0x00,0x00,0x00,0x00,0x00,0x00,0x00,
	0x00,0x00,0x00,0x00,0x00,0x00,0x00,0x00,0x00,0x00,0x00,0x00,0x00,0x00,0x00,0x00,0x00,0x00,0x00,0x00,0x00,0x00,0x00,0x00,0x00,0x00,0x00,0x00,0x00,0x00,0x00,0x00,0x00,0x00,0x00,0x08,0x21,0x38,0x42,0x50,0x62,0x58,0x62,0x58,0x62,0x58,0x62,0x58,0x62,0x58,0x62,0x58,0x62,0x58,0x62,0x58,0x62,0x58,0x62,0x58,0x42,0x50,0x41,0x30,
	0x00,0x10,0x00,0x00,0x00,0x00,0x62,0x50,0x06,0xE1,0x27,0xF1,0x27,0xF9,0x27,0xF1,0x27,0xF1,0x27,0xF1,0x27,0xF1,0x27,0xF1,0x27,0xF1,0x27,0xF1,0x27,0xF9,0x27,0xF9,0xE6,0xD0,0xA4,0x88,0x20,0x20,0x00,0x00,0x00,0x00,0x00,0x00,0x00,0x00,0x00,0x00,0x00,0x00,0x00,0x00,0x00,0x00,0x00,0x00,0x00,0x00,0x00,0x00,0x00,0x00,0x00,0x00,
	0x00,0x00,0x00,0x00,0x00,0x00,0x00,0x00,0x00,0x00,0x00,0x00,0x00,0x00,0x00,0x00,0x00,0x00,0x00,0x00,0x00,0x00,0x00,0x00,0x00,0x00,0x00,0x00,0x00,0x00,0x00,0x00,0x00,0x00,0x00,0x00,0x00,0x00,0x00,0x00,0x00,0x00,0x00,0x00,0x00,0x00,0x00,0x00,0x00,0x00,0x00,0x00,0x00,0x00,0x00,0x00,0x00,0x00,0x00,0x00,0x00,0x00,0x00,0x00,
	0x00,0x00,0x00,0x00,0x00,0x00,0x00,0x00,0x00,0x00,0x00,0x00,0x00,0x00,0x00,0x00,0x00,0x00,0x00,0x00,0x00,0x00,0x00,0x00,0x00,0x00,0x00,0x00,0x00,0x00,0x00,0x00,0x00,0x00,0x00,0x00,0x00,0x00,0x00,0x00,0x00,0x00,0x00,0x00,0x00,0x00,0x00,0x00,0x00,0x00,0x00,0x00,0x00,0x00,0x00,0x00,0x00,0x00,0x00,0x00,0x00,0x00,0x00,0x00,
	0x00,0x00,0x00,0x00,0x00,0x00,0x00,0x00,0x00,0x00,0x00,0x00,0x00,0x00,0x00,0x00,0x00,0x00,0x00,0x00,0x00,0x00,0x00,0x00,0x00,0x00,0x00,0x00,0x00,0x00,0x00,0x08,0x20,0x28,0x41,0x48,0x62,0x58,0x62,0x58,0x62,0x58,0x62,0x58,0x62,0x58,0x62,0x58,0x62,0x58,0x62,0x58,0x62,0x58,0x62,0x58,0x62,0x50,0x41,0x40,0x20,0x18,0x00,0x00,
	0x00,0x00,0x62,0x58,0x27,0xF1,0x27,0xF9,0x27,0xF1,0x27,0xF1,0x27,0xF1,0x27,0xF1,0x27,0xF1,0x27,0xF1,0x27,0xF1,0x27,0xF1,0x27,0xF9,0x27,0xF9,0xC5,0xB8,0x62,0x58,0x00,0x10,0x00,0x00,0x00,0x00,0x00,0x00,0x00,0x00,0x00,0x00,0x00,0x00,0x00,0x00,0x00,0x00,0x00,0x00,0x00,0x00,0x00,0x00,0x00,0x00,0x00,0x00,0x00,0x00,0x00,0x00,
	0x00,0x00,0x00,0x00,0x00,0x00,0x00,0x00,0x00,0x00,0x00,0x00,0x00,0x00,0x00,0x00,0x00,0x00,0x00,0x00,0x00,0x00,0x00,0x00,0x00,0x00,0x00,0x00,0x00,0x00,0x00,0x00,0x00,0x00,0x00,0x00,0x00,0x00,0x00,0x00,0x00,0x00,0x00,0x00,0x00,0x00,0x00,0x00,0x00,0x00,0x00,0x00,0x00,0x00,0x00,0x00,0x00,0x00,0x00,0x00,0x00,0x00,0x00,0x00,
	0x00,0x00,0x00,0x00,0x00,0x00,0x00,0x00,0x00,0x00,0x00,0x00,0x00,0x00,0x00,0x00,0x00,0x00,0x00,0x00,0x00,0x00,0x00,0x00,0x00,0x00,0x00,0x00,0x00,0x00,0x00,0x00,0x00,0x00,0x00,0x00,0x00,0x00,0x00,0x00,0x00,0x00,0x00,0x00,0x00,0x00,0x00,0x00,0x00,0x00,0x00,0x00,0x00,0x00,0x00,0x00,0x00,0x00,0x00,0x00,0x00,0x00,0x00,0x00,
	0x00,0x00,0x00,0x00,0x00,0x00,0x00,0x00,0x00,0x00,0x00,0x00,0x00,0x00,0x00,0x00,0x00,0x00,0x00,0x00,0x00,0x00,0x00,0x00,0x00,0x00,0x00,0x00,0x00,0x10,0x41,0x40,0x62,0x58,0x62,0x58,0x62,0x58,0x62,0x58,0x62,0x58,0x62,0x58,0x62,0x58,0x62,0x58,0x62,0x58,0x62,0x58,0x62,0x58,0x62,0x50,0x20,0x18,0x00,0x00,0x00,0x10,0x83,0x70,
	0x27,0xF9,0x27,0xF9,0x27,0xF1,0x27,0xF1,0x27,0xF1,0x27,0xF1,0x27,0xF1,0x27,0xF1,0x27,0xF1,0x27,0xF1,0x27,0xF9,0x27,0xF9,0xA4,0x98,0x20,0x28,0x00,0x00,0x00,0x00,0x00,0x00,0x00,0x00,0x00,0x00,0x00,0x00,0x00,0x00,0x00,0x00,0x00,0x00,0x00,0x00,0x00,0x00,0x00,0x00,0x00,0x00,0x00,0x00,0x00,0x00,0x00,0x00,0x00,0x00,0x00,0x00,
	0x00,0x00,0x00,0x00,0x00,0x00,0x00,0x00,0x00,0x00,0x00,0x00,0x00,0x00,0x00,0x00,0x00,0x00,0x00,0x00,0x00,0x00,0x00,0x00,0x00,0x00,0x00,0x00,0x00,0x00,0x00,0x00,0x00,0x00,0x00,0x00,0x00,0x00,0x00,0x00,0x00,0x00,0x00,0x00,0x00,0x00,0x00,0x00,0x00,0x00,0x00,0x00,0x00,0x00,0x00,0x00,0x00,0x00,0x00,0x00,0x00,0x00,0x00,0x00,
	0x00,0x00,0x00,0x00,0x00,0x00,0x00,0x00,0x00,0x00,0x00,0x00,0x00,0x00,0x00,0x00,0x00,0x00,0x00,0x00,0x00,0x00,0x00,0x00,0x00,0x00,0x00,0x00,0x00,0x00,0x00,0x00,0x00,0x00,0x00,0x00,0x00,0x00,0x00,0x00,0x00,0x00,0x00,0x00,0x00,0x00,0x00,0x00,0x00,0x00,0x00,0x00,0x00,0x00,0x00,0x00,0x00,0x00,0x00,0x00,0x00,0x00,0x00,0x00,
	0x00,0x00,0x00,0x00,0x00,0x00,0x00,0x00,0x00,0x00,0x00,0x00,0x00,0x00,0x00,0x00,0x00,0x00,0x00,0x00,0x00,0x00,0x00,0x00,0x00,0x00,0x21,0x30,0x62,0x58,0x62,0x58,0x62,0x58,0x62,0x58,0x62,0x58,0x62,0x58,0x62,0x58,0x62,0x58,0x62,0x58,0x62,0x58,0x62,0x58,0x62,0x58,0x20,0x28,0x00,0x00,0x21,0x30,0xA4,0x80,0x27,0xF9,0x27,0xF9,
	0x27,0xF1,0x27,0xF1,0x27,0xF1,0x27,0xF1,0x27,0xF1,0x27,0xF1,0x27,0xF1,0x27,0xF1,0x27,0xF9,0x27,0xF9,0xA4,0x80,0x00,0x08,0x00,0x00,0x00,0x00,0x00,0x00,0x00,0x00,0x00,0x00,0x00,0x00,0x00,0x00,0x00,0x00,0x00,0x00,0x00,0x00,0x00,0x00,0x00,0x00,0x00,0x00,0x00,0x00,0x00,0x00,0x00,0x00,0x00,0x00,0x00,0x00,0x00,0x00,0x00,0x00,
	0x00,0x00,0x00,0x00,0x00,0x00,0x00,0x00,0x00,0x00,0x00,0x00,0x00,0x00,0x00,0x00,0x00,0x00,0x00,0x00,0x00,0x00,0x00,0x00,0x00,0x00,0x00,0x00,0x00,0x00,0x00,0x00,0x00,0x00,0x00,0x00,0x00,0x00,0x00,0x00,0x00,0x00,0x00,0x00,0x00,0x00,0x00,0x00,0x00,0x00,0x00,0x00,0x00,0x00,0x00,0x00,0x00,0x00,0x00,0x00,0x00,0x00,0x00,0x00,
	0x00,0x00,0x00,0x00,0x00,0x00,0x00,0x00,0x00,0x00,0x00,0x00,0x00,0x00,0x00,0x00,0x00,0x00,0x00,0x00,0x00,0x00,0x00,0x00,0x00,0x00,0x00,0x00,0x00,0x00,0x00,0x00,0x00,0x00,0x00,0x00,0x00,0x00,0x00,0x00,0x00,0x00,0x00,0x00,0x00,0x00,0x00,0x00,0x00,0x00,0x00,0x00,0x00,0x00,0x00,0x00,0x00,0x00,0x00,0x00,0x00,0x00,0x00,0x00,
	0x00,0x00,0x00,0x00,0x00,0x00,0x00,0x00,0x00,0x00,0x00,0x00,0x00,0x00,0x00,0x00,0x00,0x00,0x00,0x00,0x00,0x00,0x20,0x30,0x62,0x58,0x62,0x58,0x62,0x58,0x62,0x58,0x62,0x58,0x62,0x58,0x62,0x58,0x62,0x58,0x62,0x58,0x62,0x58,0x62,0x58,0x62,0x58,0x20,0x28,0x00,0x08,0x62,0x58,0xA4,0x98,0x27,0xF9,0x27,0xF9,0x27,0xF1,0x27,0xF1,
	0x27,0xF1,0x27,0xF1,0x27,0xF1,0x27,0xF1,0x27,0xF1,0x27,0xF9,0x27,0xF9,0x27,0xF1,0x83,0x70,0x00,0x00,0x00,0x00,0x00,0x00,0x00,0x00,0x00,0x00,0x00,0x00,0x00,0x00,0x00,0x00,0x00,0x00,0x00,0x00,0x00,0x00,0x00,0x00,0x00,0x00,0x00,0x00,0x00,0x00,0x00,0x00,0x00,0x00,0x00,0x00,0x00,0x00,0x00,0x00,0x00,0x00,0x00,0x00,0x00,0x00,
	0x00,0x00,0x00,0x00,0x00,0x00,0x00,0x00,0x00,0x00,0x00,0x00,0x00,0x00,0x00,0x00,0x00,0x00,0x00,0x00,0x00,0x00,0x00,0x00,0x00,0x00,0x00,0x00,0x00,0x00,0x00,0x00,0x00,0x00,0x00,0x00,0x00,0x00,0x00,0x00,0x00,0x00,0x00,0x00,0x00,0x00,0x00,0x00,0x00,0x00,0x00,0x00,0x00,0x00,0x00,0x00,0x00,0x00,0x00,0x00,0x00,0x00,0x00,0x00,
	0x00,0x00,0x00,0x00,0x00,0x00,0x00,0x00,0x00,0x00,0x00,0x00,0x00,0x00,0x00,0x00,0x00,0x00,0x00,0x00,0x00,0x00,0x00,0x00,0x00,0x00,0x00,0x00,0x00,0x00,0x00,0x00,0x00,0x00,0x00,0x00,0x00,0x00,0x00,0x00,0x00,0x00,0x00,0x00,0x00,0x00,0x00,0x00,0x00,0x00,0x00,0x00,0x00,0x00,0x00,0x00,0x00,0x00,0x00,0x00,0x00,0x00,0x00,0x00,
	0x00,0x00,0x00,0x00,0x00,0x00,0x00,0x00,0x00,0x00,0x00,0x00,0x00,0x00,0x00,0x00,0x00,0x00,0x20,0x28,0x62,0x50,0x62,0x58,0x62,0x58,0x62,0x58,0x62,0x58,0x62,0x58,0x62,0x58,0x62,0x58,0x62,0x58,0x62,0x58,0x62,0x58,0x62,0x58,0x21,0x30,0x00,0x10,0x83,0x78,0xC5,0xB0,0x27,0xF9,0x27,0xF9,0x27,0xF1,0x27,0xF1,0x27,0xF1,0x27,0xF1,
	0x27,0xF1,0x27,0xF1,0x27,0xF1,0x27,0xF9,0x07,0xF1,0xE6,0xD0,0x62,0x58,0x00,0x00,0x00,0x00,0x00,0x00,0x00,0x00,0x00,0x00,0x00,0x00,0x00,0x00,0x00,0x00,0x00,0x00,0x00,0x00,0x00,0x00,0x00,0x00,0x00,0x00,0x00,0x00,0x00,0x00,0x00,0x00,0x00,0x00,0x00,0x00,0x00,0x00,0x00,0x00,0x00,0x00,0x00,0x00,0x00,0x00,0x00,0x00,0x00,0x00,
	0x00,0x00,0x00,0x00,0x00,0x00,0x00,0x00,0x00,0x00,0x00,0x00,0x00,0x00,0x00,0x00,0x00,0x00,0x00,0x00,0x00,0x00,0x00,0x00,0x00,0x00,0x00,0x00,0x00,0x00,0x00,0x00,0x00,0x00,0x00,0x00,0x00,0x00,0x00,0x00,0x00,0x00,0x00,0x00,0x00,0x00,0x00,0x00,0x00,0x00,0x00,0x00,0x00,0x00,0x00,0x00,0x00,0x00,0x00,0x00,0x00,0x00,0x00,0x00,
	0x00,0x00,0x00,0x00,0x00,0x00,0x00,0x00,0x00,0x00,0x00,0x00,0x00,0x00,0x00,0x00,0x00,0x00,0x00,0x00,0x00,0x00,0x00,0x00,0x00,0x00,0x00,0x00,0x00,0x00,0x00,0x00,0x00,0x00,0x00,0x00,0x00,0x00,0x00,0x00,0x00,0x00,0x00,0x00,0x00,0x00,0x00,0x00,0x00,0x00,0x00,0x00,0x00,0x00,0x00,0x00,0x00,0x00,0x00,0x00,0x00,0x00,0x00,0x00,
	0x00,0x00,0x00,0x00,0x00,0x00,0x00,0x00,0x00,0x00,0x00,0x00,0x00,0x00,0x20,0x18,0x41,0x40,0x61,0x50,0x62,0x58,0x62,0x58,0x62,0x58,0x62,0x58,0x62,0x58,0x62,0x58,0x62,0x58,0x62,0x58,0x62,0x58,0x62,0x58,0x41,0x38,0x00,0x20,0xA4,0x90,0xC5,0xB8,0x27,0xF9,0x27,0xF9,0x27,0xF1,0x27,0xF1,0x27,0xF1,0x27,0xF1,0x27,0xF1,0x27,0xF1,
	0x27,0xF1,0x27,0xF9,0x06,0xE9,0xE5,0xB0,0x62,0x50,0x00,0x00,0x00,0x00,0x00,0x00,0x00,0x00,0x00,0x00,0x00,0x00,0x00,0x00,0x00,0x00,0x00,0x00,0x00,0x00,0x00,0x00,0x00,0x00,0x00,0x00,0x00,0x00,0x00,0x00,0x00,0x00,0x00,0x00,0x00,0x00,0x00,0x00,0x00,0x00,0x00,0x00,0x00,0x00,0x00,0x00,0x00,0x00,0x00,0x00,0x00,0x00,0x00,0x00,
	0x00,0x00,0x00,0x00,0x00,0x00,0x00,0x00,0x00,0x00,0x00,0x00,0x00,0x00,0x00,0x00,0x00,0x00,0x00,0x00,0x00,0x00,0x00,0x00,0x00,0x00,0x00,0x00,0x00,0x00,0x00,0x00,0x00,0x00,0x00,0x00,0x00,0x00,0x00,0x00,0x00,0x00,0x00,0x00,0x00,0x00,0x00,0x00,0x00,0x00,0x00,0x00,0x00,0x00,0x00,0x00,0x00,0x00,0x00,0x00,0x00,0x00,0x00,0x00,
	0x00,0x00,0x00,0x00,0x00,0x00,0x00,0x00,0x00,0x00,0x00,0x00,0x00,0x00,0x00,0x00,0x00,0x00,0x00,0x00,0x00,0x00,0x00,0x00,0x00,0x00,0x00,0x00,0x00,0x00,0x00,0x00,0x00,0x00,0x00,0x00,0x00,0x00,0x00,0x00,0x00,0x00,0x00,0x00,0x00,0x00,0x00,0x00,0x00,0x00,0x00,0x00,0x00,0x00,0x00,0x00,0x00,0x00,0x00,0x00,0x00,0x00,0x00,0x00,
	0x00,0x00,0x00,0x00,0x00,0x00,0x00,0x00,0x00,0x00,0x00,0x10,0x41,0x30,0x41,0x50,0x62,0x58,0x62,0x58,0x62,0x58,0x62,0x58,0x62,0x58,0x62,0x58,0x62,0x58,0x62,0x58,0x62,0x58,0x62,0x58,0x41,0x40,0x20,0x28,0xC5,0xB0,0xE6,0xD0,0x27,0xF9,0x27,0xF9,0x27,0xF1,0x27,0xF1,0x27,0xF1,0x27,0xF1,0x27,0xF1,0x27,0xF1,0x27,0xF1,0x27,0xF9,
	0x06,0xE1,0xA4,0x98,0x61,0x40,0x00,0x00,0x00,0x00,0x00,0x00,0x00,0x00,0x00,0x00,0x00,0x00,0x00,0x00,0x00,0x00,0x00,0x00,0x00,0x00,0x00,0x00,0x00,0x00,0x00,0x00,0x00,0x00,0x00,0x00,0x00,0x00,0x00,0x00,0x00,0x00,0x00,0x00,0x00,0x00,0x00,0x00,0x00,0x00,0x00,0x00,0x00,0x00,0x00,0x00,0x00,0x00,0x00,0x00,0x00,0x00,0x00,0x00,
	0x00,0x00,0x00,0x00,0x00,0x00,0x00,0x00,0x00,0x00,0x00,0x00,0x00,0x00,0x00,0x00,0x00,0x00,0x00,0x00,0x00,0x00,0x00,0x00,0x00,0x00,0x00,0x00,0x00,0x00,0x00,0x00,0x00,0x00,0x00,0x00,0x00,0x00,0x00,0x00,0x00,0x00,0x00,0x00,0x00,0x00,0x00,0x00,0x00,0x00,0x00,0x00,0x00,0x00,0x00,0x00,0x00,0x00,0x00,0x00,0x00,0x00,0x00,0x00,
	0x00,0x00,0x00,0x00,0x00,0x00,0x00,0x00,0x00,0x00,0x00,0x00,0x00,0x00,0x00,0x00,0x00,0x00,0x00,0x00,0x00,0x00,0x00,0x00,0x00,0x00,0x00,0x00,0x00,0x00,0x00,0x00,0x00,0x00,0x00,0x00,0x00,0x00,0x00,0x00,0x00,0x00,0x00,0x00,0x00,0x00,0x00,0x00,0x00,0x00,0x00,0x00,0x00,0x00,0x00,0x00,0x00,0x00,0x00,0x00,0x00,0x00,0x00,0x00,
	0x00,0x00,0x00,0x00,0x00,0x00,0x00,0x10,0x20,0x28,0x42,0x50,0x62,0x58,0x62,0x58,0x62,0x58,0x62,0x58,0x62,0x58,0x62,0x58,0x62,0x58,0x62,0x58,0x62,0x58,0x62,0x58,0x41,0x40,0x41,0x30,0xE5,0xC0,0x06,0xD9,0x27,0xF9,0x27,0xF9,0x27,0xF1,0x27,0xF1,0x27,0xF1,0x27,0xF1,0x27,0xF1,0x27,0xF1,0x27,0xF1,0x27,0xF9,0x06,0xE1,0xA4,0x80,
	0x41,0x30,0x00,0x00,0x00,0x00,0x00,0x00,0x00,0x00,0x00,0x00,0x00,0x00,0x00,0x00,0x00,0x00,0x00,0x00,0x00,0x00,0x00,0x00,0x00,0x00,0x00,0x00,0x00,0x00,0x00,0x00,0x00,0x00,0x00,0x00,0x00,0x00,0x00,0x00,0x00,0x00,0x00,0x00,0x00,0x00,0x00,0x00,0x00,0x00,0x00,0x00,0x00,0x00,0x00,0x00,0x00,0x00,0x00,0x00,0x00,0x00,0x00,0x00,
	0x00,0x00,0x00,0x00,0x00,0x00,0x00,0x00,0x00,0x00,0x00,0x00,0x00,0x00,0x00,0x00,0x00,0x00,0x00,0x00,0x00,0x00,0x00,0x00,0x00,0x00,0x00,0x00,0x00,0x00,0x00,0x00,0x00,0x00,0x00,0x00,0x00,0x00,0x00,0x00,0x00,0x00,0x00,0x00,0x00,0x00,0x00,0x00,0x00,0x00,0x00,0x00,0x00,0x00,0x00,0x00,0x00,0x00,0x00,0x00,0x00,0x00,0x00,0x00,
	0x00,0x00,0x00,0x00,0x00,0x00,0x00,0x00,0x00,0x00,0x00,0x00,0x00,0x00,0x00,0x00,0x00,0x00,0x00,0x00,0x00,0x00,0x00,0x00,0x00,0x00,0x00,0x00,0x00,0x00,0x00,0x00,0x00,0x00,0x00,0x00,0x00,0x00,0x00,0x00,0x00,0x00,0x00,0x00,0x00,0x00,0x00,0x00,0x00,0x00,0x00,0x00,0x00,0x00,0x00,0x00,0x00,0x00,0x00,0x00,0x00,0x00,0x00,0x00,
	0x00,0x00,0x00,0x08,0x21,0x20,0x42,0x50,0x62,0x58,0x62,0x58,0x62,0x58,0x62,0x58,0x62,0x58,0x62,0x58,0x62,0x58,0x62,0x58,0x62,0x58,0x62,0x58,0x41,0x48,0x41,0x38,0xE6,0xD0,0x06,0xE1,0x27,0xF9,0x27,0xF9,0x27,0xF1,0x27,0xF1,0x27,0xF1,0x27,0xF1,0x27,0xF1,0x27,0xF1,0x27,0xF1,0x27,0xF9,0x06,0xD9,0x83,0x70,0x21,0x20,0x00,0x00,
	0x00,0x00,0x00,0x00,0x00,0x00,0x00,0x00,0x00,0x00,0x00,0x00,0x00,0x00,0x00,0x00,0x00,0x00,0x00,0x00,0x00,0x00,0x00,0x00,0x00,0x00,0x00,0x00,0x00,0x00,0x00,0x00,0x00,0x00,0x00,0x00,0x00,0x00,0x00,0x00,0x00,0x00,0x00,0x00,0x00,0x00,0x00,0x00,0x00,0x00,0x00,0x00,0x00,0x00,0x00,0x00,0x00,0x00,0x00,0x00,0x00,0x00,0x00,0x00,
	0x00,0x00,0x00,0x00,0x00,0x00,0x00,0x00,0x00,0x00,0x00,0x00,0x00,0x00,0x00,0x00,0x00,0x00,0x00,0x00,0x00,0x00,0x00,0x00,0x00,0x00,0x00,0x00,0x00,0x00,0x00,0x00,0x00,0x00,0x00,0x00,0x00,0x00,0x00,0x00,0x00,0x00,0x00,0x00,0x00,0x00,0x00,0x00,0x00,0x00,0x00,0x00,0x00,0x00,0x00,0x00,0x00,0x00,0x00,0x00,0x00,0x00,0x00,0x00,
	0x00,0x00,0x00,0x00,0x00,0x00,0x00,0x00,0x00,0x00,0x00,0x00,0x00,0x00,0x00,0x00,0x00,0x00,0x00,0x00,0x00,0x00,0x00,0x00,0x00,0x00,0x00,0x00,0x00,0x00,0x00,0x00,0x00,0x00,0x00,0x00,0x00,0x00,0x00,0x00,0x00,0x00,0x00,0x00,0x00,0x00,0x00,0x00,0x00,0x00,0x00,0x00,0x00,0x00,0x00,0x00,0x00,0x00,0x00,0x00,0x00,0x00,0x00,0x00,
	0x20,0x18,0x41,0x48,0x62,0x58,0x62,0x58,0x62,0x58,0x62,0x58,0x62,0x58,0x62,0x58,0x62,0x58,0x62,0x58,0x62,0x58,0x62,0x58,0x41,0x48,0x61,0x40,0x06,0xD9,0x06,0xE1,0x27,0xF9,0x27,0xF9,0x27,0xF1,0x27,0xF1,0x27,0xF1,0x27,0xF1,0x27,0xF1,0x27,0xF1,0x27,0xF1,0x27,0xF9,0xE6,0xD0,0x41,0x50,0x00,0x10,0x00,0x00,0x00,0x00,0x00,0x00,
	0x00,0x00,0x00,0x00,0x00,0x00,0x00,0x00,0x00,0x00,0x00,0x00,0x00,0x00,0x00,0x00,0x00,0x00,0x00,0x00,0x00,0x00,0x00,0x00,0x00,0x00,0x00,0x00,0x00,0x00,0x00,0x00,0x00,0x00,0x00,0x00,0x00,0x00,0x00,0x00,0x00,0x00,0x00,0x00,0x00,0x00,0x00,0x00,0x00,0x00,0x00,0x00,0x00,0x00,0x00,0x00,0x00,0x00,0x00,0x00,0x00,0x00,0x00,0x00,
	0x00,0x00,0x00,0x00,0x00,0x00,0x00,0x00,0x00,0x00,0x00,0x00,0x00,0x00,0x00,0x00,0x00,0x00,0x00,0x00,0x00,0x00,0x00,0x00,0x00,0x00,0x00,0x00,0x00,0x00,0x00,0x00,0x00,0x00,0x00,0x00,0x00,0x00,0x00,0x00,0x00,0x00,0x00,0x00,0x00,0x00,0x00,0x00,0x00,0x00,0x00,0x00,0x00,0x00,0x00,0x00,0x00,0x00,0x00,0x00,0x00,0x00,0x00,0x00,
	0x00,0x00,0x00,0x00,0x00,0x00,0x00,0x00,0x00,0x00,0x00,0x00,0x00,0x00,0x00,0x00,0x00,0x00,0x00,0x00,0x00,0x00,0x00,0x00,0x00,0x00,0x00,0x00,0x00,0x00,0x00,0x00,0x00,0x00,0x00,0x00,0x00,0x00,0x00,0x00,0x00,0x00,0x00,0x00,0x00,0x00,0x00,0x00,0x00,0x00,0x00,0x00,0x00,0x00,0x00,0x00,0x00,0x00,0x00,0x00,0x00,0x10,0x41,0x48,
	0x62,0x58,0x62,0x58,0x62,0x58,0x62,0x58,0x62,0x58,0x62,0x58,0x62,0x58,0x62,0x58,0x62,0x58,0x62,0x58,0x62,0x50,0x41,0x40,0x06,0xE1,0x06,0xE9,0x27,0xF9,0x27,0xF1,0x27,0xF1,0x27,0xF1,0x27,0xF1,0x27,0xF1,0x27,0xF1,0x27,0xF1,0x27,0xF1,0x27,0xF9,0xE6,0xD0,0x41,0x38,0x00,0x00,0x00,0x00,0x00,0x00,0x00,0x00,0x00,0x00,0x00,0x00,
	0x00,0x00,0x00,0x00,0x00,0x00,0x00,0x00,0x00,0x00,0x00,0x00,0x00,0x00,0x00,0x00,0x00,0x00,0x00,0x00,0x00,0x00,0x00,0x00,0x00,0x00,0x00,0x00,0x00,0x00,0x00,0x00,0x00,0x00,0x00,0x00,0x00,0x00,0x00,0x00,0x00,0x00,0x00,0x00,0x00,0x00,0x00,0x00,0x00,0x00,0x00,0x00,0x00,0x00,0x00,0x00,0x00,0x00,0x00,0x00,0x00,0x00,0x00,0x00,
	0x00,0x00,0x00,0x00,0x00,0x00,0x00,0x00,0x00,0x00,0x00,0x00,0x00,0x00,0x00,0x00,0x00,0x00,0x00,0x00,0x00,0x00,0x00,0x00,0x00,0x00,0x00,0x00,0x00,0x00,0x00,0x00,0x00,0x00,0x00,0x00,0x00,0x00,0x00,0x00,0x00,0x00,0x00,0x00,0x00,0x00,0x00,0x00,0x00,0x00,0x00,0x00,0x00,0x00,0x00,0x00,0x00,0x00,0x00,0x00,0x00,0x00,0x00,0x00,
	0x00,0x00,0x00,0x00,0x00,0x00,0x00,0x00,0x00,0x00,0x00,0x00,0x00,0x00,0x00,0x00,0x00,0x00,0x00,0x00,0x00,0x00,0x00,0x00,0x00,0x00,0x00,0x00,0x00,0x00,0x00,0x00,0x00,0x00,0x00,0x00,0x00,0x00,0x00,0x00,0x00,0x00,0x00,0x00,0x00,0x00,0x00,0x00,0x00,0x00,0x00,0x00,0x00,0x00,0x00,0x00,0x00,0x10,0x41,0x48,0x62,0x58,0x62,0x58,
	0x62,0x58,0x62,0x58,0x62,0x58,0x62,0x58,0x62,0x58,0x62,0x58,0x62,0x58,0x62,0x58,0x62,0x50,0x41,0x48,0x27,0xF1,0x27,0xF1,0x27,0xF1,0x27,0xF1,0x27,0xF1,0x27,0xF1,0x27,0xF1,0x27,0xF1,0x27,0xF1,0x27,0xF1,0x27,0xF1,0x27,0xF9,0xE5,0xC8,0x20,0x28,0x00,0x00,0x00,0x00,0x00,0x00,0x00,0x00,0x00,0x00,0x00,0x00,0x00,0x00,0x00,0x00,
	0x00,0x00,0x00,0x00,0x00,0x00,0x00,0x00,0x00,0x00,0x00,0x00,0x00,0x00,0x00,0x00,0x00,0x00,0x00,0x00,0x00,0x00,0x00,0x00,0x00,0x00,0x00,0x00,0x00,0x00,0x00,0x00,0x00,0x00,0x00,0x00,0x00,0x00,0x00,0x00,0x00,0x00,0x00,0x00,0x00,0x00,0x00,0x00,0x00,0x00,0x00,0x00,0x00,0x00,0x00,0x00,0x00,0x00,0x00,0x00,0x00,0x00,0x00,0x00,
	0x00,0x00,0x00,0x00,0x00,0x00,0x00,0x00,0x00,0x00,0x00,0x00,0x00,0x00,0x00,0x00,0x00,0x00,0x00,0x00,0x00,0x00,0x00,0x00,0x00,0x00,0x00,0x00,0x00,0x00,0x00,0x00,0x00,0x00,0x00,0x00,0x00,0x00,0x00,0x00,0x00,0x00,0x00,0x00,0x00,0x00,0x00,0x00,0x00,0x00,0x00,0x00,0x00,0x00,0x00,0x00,0x00,0x00,0x00,0x00,0x00,0x00,0x00,0x00,
	0x00,0x00,0x00,0x00,0x00,0x00,0x00,0x00,0x00,0x00,0x00,0x00,0x00,0x00,0x00,0x00,0x00,0x00,0x00,0x00,0x00,0x00,0x00,0x00,0x00,0x00,0x00,0x00,0x00,0x00,0x00,0x00,0x00,0x00,0x00,0x00,0x00,0x00,0x00,0x00,0x00,0x00,0x00,0x00,0x00,0x00,0x00,0x00,0x00,0x00,0x00,0x00,0x00,0x10,0x41,0x48,0x62,0x58,0x62,0x58,0x62,0x58,0x62,0x58,
	0x62,0x58,0x62,0x58,0x62,0x58,0x62,0x58,0x62,0x58,0x62,0x58,0x62,0x50,0x62,0x50,0x27,0xE9,0x27,0xF1,0x27,0xF1,0x27,0xF1,0x27,0xF1,0x27,0xF1,0x27,0xF1,0x27,0xF1,0x27,0xF1,0x27,0xF1,0x27,0xF1,0x27,0xF9,0xE5,0xC8,0x20,0x20,0x00,0x00,0x00,0x00,0x00,0x00,0x00,0x00,0x00,0x00,0x00,0x00,0x00,0x00,0x00,0x00,0x00,0x00,0x00,0x00,
	0x00,0x00,0x00,0x00,0x00,0x00,0x00,0x00,0x00,0x00,0x00,0x00,0x00,0x00,0x00,0x00,0x00,0x00,0x00,0x00,0x00,0x00,0x00,0x00,0x00,0x00,0x00,0x00,0x00,0x00,0x00,0x00,0x00,0x00,0x00,0x00,0x00,0x00,0x00,0x00,0x00,0x00,0x00,0x00,0x00,0x00,0x00,0x00,0x00,0x00,0x00,0x00,0x00,0x00,0x00,0x00,0x00,0x00,0x00,0x00,0x00,0x00,0x00,0x00,
	0x00,0x00,0x00,0x00,0x00,0x00,0x00,0x00,0x00,0x00,0x00,0x00,0x00,0x00,0x00,0x00,0x00,0x00,0x00,0x00,0x00,0x00,0x00,0x00,0x00,0x00,0x00,0x00,0x00,0x00,0x00,0x00,0x00,0x00,0x00,0x00,0x00,0x00,0x00,0x00,0x00,0x00,0x00,0x00,0x00,0x00,0x00,0x00,0x00,0x00,0x00,0x00,0x00,0x00,0x00,0x00,0x00,0x00,0x00,0x00,0x00,0x00,0x00,0x00,
	0x00,0x00,0x00,0x00,0x00,0x00,0x00,0x00,0x00,0x00,0x00,0x00,0x00,0x00,0x00,0x00,0x00,0x00,0x00,0x00,0x00,0x00,0x00,0x00,0x00,0x00,0x00,0x00,0x00,0x00,0x00,0x00,0x00,0x00,0x00,0x00,0x00,0x00,0x00,0x00,0x00,0x00,0x00,0x00,0x00,0x00,0x00,0x00,0x00,0x08,0x41,0x48,0x62,0x60,0x62,0x58,0x62,0x58,0x62,0x58,0x62,0x58,0x62,0x58,
	0x62,0x58,0x62,0x58,0x62,0x58,0x62,0x58,0x62,0x50,0x62,0x50,0x27,0xF1,0x27,0xF1,0x27,0xF1,0x27,0xF1,0x27,0xF1,0x27,0xF1,0x27,0xF1,0x27,0xF1,0x27,0xF1,0x27,0xF1,0x27,0xF1,0x27,0xF9,0xE5,0xC8,0x00,0x18,0x00,0x00,0x00,0x00,0x00,0x00,0x00,0x00,0x00,0x00,0x00,0x00,0x00,0x00,0x00,0x00,0x00,0x00,0x00,0x00,0x00,0x00,0x00,0x00,
	0x00,0x00,0x00,0x00,0x00,0x00,0x00,0x00,0x00,0x00,0x00,0x00,0x00,0x00,0x00,0x00,0x00,0x00,0x00,0x00,0x00,0x00,0x00,0x00,0x00,0x00,0x00,0x00,0x00,0x00,0x00,0x00,0x00,0x00,0x00,0x00,0x00,0x00,0x00,0x00,0x00,0x00,0x00,0x00,0x00,0x00,0x00,0x00,0x00,0x00,0x00,0x00,0x00,0x00,0x00,0x00,0x00,0x00,0x00,0x00,0x00,0x00,0x00,0x00,
	0x00,0x00,0x00,0x00,0x00,0x00,0x00,0x00,0x00,0x00,0x00,0x00,0x00,0x00,0x00,0x00,0x00,0x00,0x00,0x00,0x00,0x00,0x00,0x00,0x00,0x00,0x00,0x00,0x00,0x00,0x00,0x00,0x00,0x00,0x00,0x00,0x00,0x00,0x00,0x00,0x00,0x00,0x00,0x00,0x00,0x00,0x00,0x00,0x00,0x00,0x00,0x00,0x00,0x00,0x00,0x00,0x00,0x00,0x00,0x00,0x00,0x00,0x00,0x00,
	0x00,0x00,0x00,0x00,0x00,0x00,0x00,0x00,0x00,0x00,0x00,0x00,0x00,0x00,0x00,0x00,0x00,0x00,0x00,0x00,0x00,0x00,0x00,0x00,0x00,0x00,0x00,0x00,0x00,0x00,0x00,0x00,0x00,0x00,0x00,0x00,0x00,0x00,0x00,0x00,0x00,0x00,0x00,0x00,0x00,0x08,0x41,0x48,0x62,0x60,0x62,0x58,0x62,0x58,0x62,0x58,0x62,0x58,0x62,0x58,0x62,0x58,0x62,0x58,
	0x62,0x58,0x62,0x58,0x42,0x50,0x62,0x50,0x27,0xF1,0x27,0xF1,0x27,0xF1,0x27,0xF1,0x27,0xF1,0x27,0xF1,0x27,0xF1,0x27,0xF1,0x27,0xF1,0x27,0xF1,0x27,0xF1,0x27,0xF9,0xE5,0xC8,0x20,0x18,0x00,0x00,0x00,0x00,0x00,0x00,0x00,0x00,0x00,0x00,0x00,0x00,0x00,0x00,0x00,0x00,0x00,0x00,0x00,0x00,0x00,0x00,0x00,0x00,0x00,0x00,0x00,0x00,
	0x00,0x00,0x00,0x00,0x00,0x00,0x00,0x00,0x00,0x00,0x00,0x00,0x00,0x00,0x00,0x00,0x00,0x00,0x00,0x00,0x00,0x00,0x00,0x00,0x00,0x00,0x00,0x00,0x00,0x00,0x00,0x00,0x00,0x00,0x00,0x00,0x00,0x00,0x00,0x00,0x00,0x00,0x00,0x00,0x00,0x00,0x00,0x00,0x00,0x00,0x00,0x00,0x00,0x00,0x00,0x00,0x00,0x00,0x00,0x00,0x00,0x00,0x00,0x00,
	0x00,0x00,0x00,0x00,0x00,0x00,0x00,0x00,0x00,0x00,0x00,0x00,0x00,0x00,0x00,0x00,0x00,0x00,0x00,0x00,0x00,0x00,0x00,0x00,0x00,0x00,0x00,0x00,0x00,0x00,0x00,0x00,0x00,0x00,0x00,0x00,0x00,0x00,0x00,0x00,0x00,0x00,0x00,0x00,0x00,0x00,0x00,0x00,0x00,0x00,0x00,0x00,0x00,0x00,0x00,0x00,0x00,0x00,0x00,0x00,0x00,0x00,0x00,0x00,
	0x00,0x00,0x00,0x00,0x00,0x00,0x00,0x00,0x00,0x00,0x00,0x00,0x00,0x00,0x00,0x00,0x00,0x00,0x00,0x00,0x00,0x00,0x00,0x00,0x00,0x00,0x00,0x00,0x00,0x00,0x00,0x00,0x00,0x00,0x00,0x00,0x00,0x00,0x00,0x00,0x00,0x08,0x41,0x48,0x62,0x60,0x62,0x58,0x62,0x58,0x62,0x58,0x62,0x58,0x62,0x58,0x62,0x58,0x62,0x58,0x62,0x58,0x62,0x58,
	0x62,0x58,0x62,0x58,0x27,0xF9,0x27,0xF9,0x27,0xF1,0x27,0xF1,0x27,0xF1,0x27,0xF1,0x27,0xF1,0x27,0xF1,0x27,0xF1,0x27,0xF1,0x27,0xF1,0x27,0xF9,0xE5,0xC8,0x20,0x18,0x00,0x00,0x00,0x00,0x00,0x00,0x00,0x00,0x00,0x00,0x00,0x00,0x00,0x00,0x00,0x00,0x00,0x00,0x00,0x00,0x00,0x00,0x00,0x00,0x00,0x00,0x00,0x00,0x00,0x00,0x00,0x00,
	0x00,0x00,0x00,0x00,0x00,0x00,0x00,0x00,0x00,0x00,0x00,0x00,0x00,0x00,0x00,0x00,0x00,0x00,0x00,0x00,0x00,0x00,0x00,0x00,0x00,0x00,0x00,0x00,0x00,0x00,0x00,0x00,0x00,0x00,0x00,0x00,0x00,0x00,0x00,0x00,0x00,0x00,0x00,0x00,0x00,0x00,0x00,0x00,0x00,0x00,0x00,0x00,0x00,0x00,0x00,0x00,0x00,0x00,0x00,0x00,0x00,0x00,0x00,0x00,
	0x00,0x00,0x00,0x00,0x00,0x00,0x00,0x00,0x00,0x00,0x00,0x00,0x00,0x00,0x00,0x00,0x00,0x00,0x00,0x00,0x00,0x00,0x00,0x00,0x00,0x00,0x00,0x00,0x00,0x00,0x00,0x00,0x00,0x00,0x00,0x00,0x00,0x00,0x00,0x00,0x00,0x00,0x00,0x00,0x00,0x00,0x00,0x00,0x00,0x00,0x00,0x00,0x00,0x00,0x00,0x00,0x00,0x00,0x00,0x00,0x00,0x00,0x00,0x00,
	0x00,0x00,0x00,0x00,0x00,0x00,0x00,0x00,0x00,0x00,0x00,0x00,0x00,0x00,0x00,0x00,0x00,0x00,0x00,0x00,0x00,0x00,0x00,0x00,0x00,0x00,0x00,0x00,0x00,0x00,0x00,0x00,0x00,0x00,0x00,0x00,0x00,0x08,0x41,0x48,0x62,0x60,0x62,0x58,0x62,0x58,0x62,0x58,0x62,0x58,0x62,0x58,0x62,0x58,0x62,0x58,0x62,0x58,0x62,0x58,0x62,0x58,0x62,0x58,
	0x27,0xF1,0x27,0xF1,0x27,0xF1,0x27,0xF1,0x27,0xF1,0x27,0xF1,0x27,0xF1,0x27,0xF1,0x27,0xF1,0x27,0xF1,0x27,0xF1,0x27,0xF9,0xE5,0xC8,0x21,0x20,0x00,0x00,0x00,0x00,0x00,0x00,0x00,0x00,0x00,0x00,0x00,0x00,0x00,0x00,0x00,0x00,0x00,0x00,0x00,0x00,0x00,0x00,0x00,0x00,0x00,0x00,0x00,0x00,0x00,0x00,0x00,0x00,0x00,0x00,0x00,0x00,
	0x00,0x00,0x00,0x00,0x00,0x00,0x00,0x00,0x00,0x00,0x00,0x00,0x00,0x00,0x00,0x00,0x00,0x00,0x00,0x00,0x00,0x00,0x00,0x00,0x00,0x00,0x00,0x00,0x00,0x00,0x00,0x00,0x00,0x00,0x00,0x00,0x00,0x00,0x00,0x00,0x00,0x00,0x00,0x00,0x00,0x00,0x00,0x00,0x00,0x00,0x00,0x00,0x00,0x00,0x00,0x00,0x00,0x00,0x00,0x00,0x00,0x00,0x00,0x00,
	0x00,0x00,0x00,0x00,0x00,0x00,0x00,0x00,0x00,0x00,0x00,0x00,0x00,0x00,0x00,0x00,0x00,0x00,0x00,0x00,0x00,0x00,0x00,0x00,0x00,0x00,0x00,0x00,0x00,0x00,0x00,0x00,0x00,0x00,0x00,0x00,0x00,0x00,0x00,0x00,0x00,0x00,0x00,0x00,0x00,0x00,0x00,0x00,0x00,0x00,0x00,0x00,0x00,0x00,0x00,0x00,0x00,0x00,0x00,0x00,0x00,0x00,0x00,0x00,
	0x00,0x00,0x00,0x00,0x00,0x00,0x00,0x00,0x00,0x00,0x00,0x00,0x00,0x00,0x00,0x00,0x00,0x00,0x00,0x00,0x00,0x00,0x00,0x00,0x00,0x00,0x00,0x00,0x00,0x00,0x00,0x00,0x00,0x08,0x41,0x48,0x62,0x60,0x62,0x58,0x62,0x58,0x62,0x58,0x62,0x58,0x62,0x58,0x62,0x58,0x62,0x58,0x62,0x58,0x62,0x58,0x62,0x58,0x62,0x58,0x27,0xF1,0x27,0xF1,
	0x27,0xF1,0x27,0xF1,0x27,0xF1,0x27,0xF1,0x27,0xF1,0x27,0xF1,0x27,0xF1,0x27,0xF1,0x27,0xF1,0x27,0xF9,0xE6,0xD0,0x21,0x30,0x00,0x00,0x00,0x00,0x00,0x00,0x00,0x00,0x00,0x00,0x00,0x00,0x00,0x00,0x00,0x00,0x00,0x00,0x00,0x00,0x00,0x00,0x00,0x00,0x00,0x00,0x00,0x00,0x00,0x00,0x00,0x00,0x00,0x00,0x00,0x00,0x00,0x00,0x00,0x00,
	0x00,0x00,0x00,0x00,0x00,0x00,0x00,0x00,0x00,0x00,0x00,0x00,0x00,0x00,0x00,0x00,0x00,0x00,0x00,0x00,0x00,0x00,0x00,0x00,0x00,0x00,0x00,0x00,0x00,0x00,0x00,0x00,0x00,0x00,0x00,0x00,0x00,0x00,0x00,0x00,0x00,0x00,0x00,0x00,0x00,0x00,0x00,0x00,0x00,0x00,0x00,0x00,0x00,0x00,0x00,0x00,0x00,0x00,0x00,0x00,0x00,0x00,0x00,0x00,
	0x00,0x00,0x00,0x00,0x00,0x00,0x00,0x00,0x00,0x00,0x00,0x00,0x00,0x00,0x00,0x00,0x00,0x00,0x00,0x00,0x00,0x00,0x00,0x00,0x00,0x00,0x00,0x00,0x00,0x00,0x00,0x00,0x00,0x00,0x00,0x00,0x00,0x00,0x00,0x00,0x00,0x00,0x00,0x00,0x00,0x00,0x00,0x00,0x00,0x00,0x00,0x00,0x00,0x00,0x00,0x00,0x00,0x00,0x00,0x00,0x00,0x00,0x00,0x00,
	0x00,0x00,0x00,0x00,0x00,0x00,0x00,0x00,0x00,0x00,0x00,0x00,0x00,0x00,0x00,0x00,0x00,0x00,0x00,0x00,0x00,0x00,0x00,0x00,0x00,0x00,0x00,0x00,0x00,0x08,0x41,0x48,0x62,0x60,0x62,0x58,0x62,0x58,0x62,0x58,0x62,0x58,0x62,0x58,0x62,0x58,0x62,0x58,0x62,0x58,0x62,0x58,0x62,0x50,0x62,0x50,0x27,0xE9,0x27,0xF1,0x27,0xF1,0x27,0xF1,
	0x27,0xF1,0x27,0xF1,0x27,0xF1,0x27,0xF1,0x27,0xF1,0x27,0xF1,0x27,0xF1,0x27,0xF9,0xE6,0xD0,0x41,0x38,0x00,0x00,0x00,0x00,0x00,0x00,0x00,0x00,0x00,0x00,0x00,0x00,0x00,0x00,0x00,0x00,0x00,0x00,0x00,0x00,0x00,0x00,0x00,0x00,0x00,0x00,0x00,0x00,0x00,0x00,0x00,0x00,0x00,0x00,0x00,0x00,0x00,0x00,0x00,0x00,0x00,0x00,0x00,0x00,
	0x00,0x00,0x00,0x00,0x00,0x00,0x00,0x00,0x00,0x00,0x00,0x00,0x00,0x00,0x00,0x00,0x00,0x00,0x00,0x00,0x00,0x00,0x00,0x00,0x00,0x00,0x00,0x00,0x00,0x00,0x00,0x00,0x00,0x00,0x00,0x00,0x00,0x00,0x00,0x00,0x00,0x00,0x00,0x00,0x00,0x00,0x00,0x00,0x00,0x00,0x00,0x00,0x00,0x00,0x00,0x00,0x00,0x00,0x00,0x00,0x00,0x00,0x00,0x00,
	0x00,0x00,0x00,0x00,0x00,0x00,0x00,0x00,0x00,0x00,0x00,0x00,0x00,0x00,0x00,0x00,0x00,0x00,0x00,0x00,0x00,0x00,0x00,0x00,0x00,0x00,0x00,0x00,0x00,0x00,0x00,0x00,0x00,0x00,0x00,0x00,0x00,0x00,0x00,0x00,0x00,0x00,0x00,0x00,0x00,0x00,0x00,0x00,0x00,0x00,0x00,0x00,0x00,0x00,0x00,0x00,0x00,0x00,0x00,0x00,0x00,0x00,0x00,0x00,
	0x00,0x00,0x00,0x00,0x00,0x00,0x00,0x00,0x00,0x00,0x00,0x00,0x00,0x00,0x00,0x00,0x00,0x00,0x00,0x00,0x00,0x00,0x00,0x00,0x00,0x08,0x41,0x48,0x62,0x60,0x62,0x58,0x62,0x58,0x62,0x58,0x62,0x58,0x62,0x58,0x62,0x58,0x62,0x58,0x62,0x58,0x62,0x58,0x62,0x50,0x62,0x50,0x06,0xE1,0x27,0xE9,0x27,0xF1,0x27,0xF9,0x27,0xF1,0x27,0xF1,
	0x27,0xF1,0x27,0xF1,0x27,0xF1,0x27,0xF1,0x27,0xF1,0x27,0xF9,0xE6,0xD0,0x41,0x40,0x00,0x08,0x00,0x00,0x00,0x00,0x00,0x00,0x00,0x00,0x00,0x00,0x00,0x00,0x00,0x00,0x00,0x00,0x00,0x00,0x00,0x00,0x00,0x00,0x00,0x00,0x00,0x00,0x00,0x00,0x00,0x00,0x00,0x00,0x00,0x00,0x00,0x00,0x00,0x00,0x00,0x00,0x00,0x00,0x00,0x00,0x00,0x00,
	0x00,0x00,0x00,0x00,0x00,0x00,0x00,0x00,0x00,0x00,0x00,0x00,0x00,0x00,0x00,0x00,0x00,0x00,0x00,0x00,0x00,0x00,0x00,0x00,0x00,0x00,0x00,0x00,0x00,0x00,0x00,0x00,0x00,0x00,0x00,0x00,0x00,0x00,0x00,0x00,0x00,0x00,0x00,0x00,0x00,0x00,0x00,0x00,0x00,0x00,0x00,0x00,0x00,0x00,0x00,0x00,0x00,0x00,0x00,0x00,0x00,0x00,0x00,0x00,
	0x00,0x00,0x00,0x00,0x00,0x00,0x00,0x00,0x00,0x00,0x00,0x00,0x00,0x00,0x00,0x00,0x00,0x00,0x00,0x00,0x00,0x00,0x00,0x00,0x00,0x00,0x00,0x00,0x00,0x00,0x00,0x00,0x00,0x00,0x00,0x00,0x00,0x00,0x00,0x00,0x00,0x00,0x00,0x00,0x00,0x00,0x00,0x00,0x00,0x00,0x00,0x00,0x00,0x00,0x00,0x00,0x00,0x00,0x00,0x00,0x00,0x00,0x00,0x00,
	0x00,0x00,0x00,0x00,0x00,0x00,0x00,0x00,0x00,0x00,0x00,0x00,0x00,0x00,0x00,0x00,0x00,0x00,0x00,0x00,0x00,0x10,0x41,0x48,0x62,0x58,0x62,0x58,0x62,0x58,0x62,0x58,0x62,0x58,0x62,0x58,0x62,0x58,0x62,0x58,0x62,0x58,0x62,0x58,0x62,0x50,0x62,0x50,0x06,0xD9,0x06,0xE1,0x27,0xF9,0x27,0xF9,0x27,0xF1,0x27,0xF1,0x27,0xF1,0x27,0xF1,
	0x27,0xF1,0x27,0xF1,0x27,0xF1,0x27,0xF9,0xE6,0xD0,0x62,0x50,0x00,0x10,0x00,0x00,0x00,0x00,0x00,0x00,0x00,0x00,0x00,0x00,0x00,0x00,0x00,0x00,0x00,0x00,0x00,0x00,0x00,0x00,0x00,0x00,0x00,0x00,0x00,0x00,0x00,0x00,0x00,0x00,0x00,0x00,0x00,0x00,0x00,0x00,0x00,0x00,0x00,0x00,0x00,0x00,0x00,0x00,0x00,0x00,0x00,0x00,0x00,0x00,
	0x00,0x00,0x00,0x00,0x00,0x00,0x00,0x00,0x00,0x00,0x00,0x00,0x00,0x00,0x00,0x00,0x00,0x00,0x00,0x00,0x00,0x00,0x00,0x00,0x00,0x00,0x00,0x00,0x00,0x00,0x00,0x00,0x00,0x00,0x00,0x00,0x00,0x00,0x00,0x00,0x00,0x00,0x00,0x00,0x00,0x00,0x00,0x00,0x00,0x00,0x00,0x00,0x00,0x00,0x00,0x00,0x00,0x00,0x00,0x00,0x00,0x00,0x00,0x00,
	0x00,0x00,0x00,0x00,0x00,0x00,0x00,0x00,0x00,0x00,0x00,0x00,0x00,0x00,0x00,0x00,0x00,0x00,0x00,0x00,0x00,0x00,0x00,0x00,0x00,0x00,0x00,0x00,0x00,0x00,0x00,0x00,0x00,0x00,0x00,0x00,0x00,0x00,0x00,0x00,0x00,0x00,0x00,0x00,0x00,0x00,0x00,0x00,0x00,0x00,0x00,0x00,0x00,0x00,0x00,0x00,0x00,0x00,0x00,0x00,0x00,0x00,0x00,0x00,
	0x00,0x00,0x00,0x00,0x00,0x00,0x00,0x00,0x00,0x00,0x00,0x00,0x00,0x00,0x00,0x00,0x00,0x10,0x41,0x48,0x62,0x58,0x62,0x58,0x62,0x58,0x62,0x58,0x62,0x58,0x62,0x58,0x62,0x58,0x62,0x58,0x62,0x58,0x62,0x58,0x41,0x48,0x41,0x40,0xE6,0xD0,0x06,0xE1,0x27,0xF9,0x27,0xF9,0x27,0xF1,0x27,0xF1,0x27,0xF1,0x27,0xF1,0x27,0xF1,0x27,0xF1,
	0x27,0xF1,0x27,0xF9,0x06,0xD9,0x62,0x60,0x00,0x20,0x00,0x00,0x00,0x00,0x00,0x00,0x00,0x00,0x00,0x00,0x00,0x00,0x00,0x00,0x00,0x00,0x00,0x00,0x00,0x00,0x00,0x00,0x00,0x00,0x00,0x00,0x00,0x00,0x00,0x00,0x00,0x00,0x00,0x00,0x00,0x00,0x00,0x00,0x00,0x00,0x00,0x00,0x00,0x00,0x00,0x00,0x00,0x00,0x00,0x00,0x00,0x00,0x00,0x00,
	0x00,0x00,0x00,0x00,0x00,0x00,0x00,0x00,0x00,0x00,0x00,0x00,0x00,0x00,0x00,0x00,0x00,0x00,0x00,0x00,0x00,0x00,0x00,0x00,0x00,0x00,0x00,0x00,0x00,0x00,0x00,0x00,0x00,0x00,0x00,0x00,0x00,0x00,0x00,0x00,0x00,0x00,0x00,0x00,0x00,0x00,0x00,0x00,0x00,0x00,0x00,0x00,0x00,0x00,0x00,0x00,0x00,0x00,0x00,0x00,0x00,0x00,0x00,0x00,
	0x00,0x00,0x00,0x00,0x00,0x00,0x00,0x00,0x00,0x00,0x00,0x00,0x00,0x00,0x00,0x00,0x00,0x00,0x00,0x00,0x00,0x00,0x00,0x00,0x00,0x00,0x00,0x00,0x00,0x00,0x00,0x00,0x00,0x00,0x00,0x00,0x00,0x00,0x00,0x00,0x00,0x00,0x00,0x00,0x00,0x00,0x00,0x00,0x00,0x00,0x00,0x00,0x00,0x00,0x00,0x00,0x00,0x00,0x00,0x00,0x00,0x00,0x00,0x00,
	0x00,0x00,0x00,0x00,0x00,0x00,0x00,0x00,0x00,0x00,0x00,0x00,0x00,0x18,0x41,0x48,0x62,0x58,0x62,0x58,0x62,0x58,0x62,0x58,0x62,0x58,0x62,0x58,0x62,0x58,0x62,0x58,0x62,0x58,0x62,0x58,0x41,0x48,0x41,0x38,0xE5,0xC0,0x06,0xD9,0x27,0xF9,0x27,0xF9,0x27,0xF1,0x27,0xF1,0x27,0xF1,0x27,0xF1,0x27,0xF1,0x27,0xF1,0x27,0xF1,0x27,0xF9,
	0x06,0xE1,0x83,0x80,0x21,0x30,0x00,0x00,0x00,0x00,0x00,0x00,0x00,0x00,0x00,0x00,0x00,0x00,0x00,0x00,0x00,0x00,0x00,0x00,0x00,0x00,0x00,0x00,0x00,0x00,0x00,0x00,0x00,0x00,0x00,0x00,0x00,0x00,0x00,0x00,0x00,0x00,0x00,0x00,0x00,0x00,0x00,0x00,0x00,0x00,0x00,0x00,0x00,0x00,0x00,0x00,0x00,0x00,0x00,0x00,0x00,0x00,0x00,0x00,
	0x00,0x00,0x00,0x00,0x00,0x00,0x00,0x00,0x00,0x00,0x00,0x00,0x00,0x00,0x00,0x00,0x00,0x00,0x00,0x00,0x00,0x00,0x00,0x00,0x00,0x00,0x00,0x00,0x00,0x00,0x00,0x00,0x00,0x00,0x00,0x00,0x00,0x00,0x00,0x00,0x00,0x00,0x00,0x00,0x00,0x00,0x00,0x00,0x00,0x00,0x00,0x00,0x00,0x00,0x00,0x00,0x00,0x00,0x00,0x00,0x00,0x00,0x00,0x00,
	0x00,0x00,0x00,0x00,0x00,0x00,0x00,0x00,0x00,0x00,0x00,0x00,0x00,0x00,0x00,0x00,0x00,0x00,0x00,0x00,0x00,0x00,0x00,0x00,0x00,0x00,0x00,0x00,0x00,0x00,0x00,0x00,0x00,0x00,0x00,0x00,0x00,0x00,0x00,0x00,0x00,0x00,0x00,0x00,0x00,0x00,0x00,0x00,0x00,0x00,0x00,0x00,0x00,0x00,0x00,0x00,0x00,0x00,0x00,0x00,0x00,0x00,0x00,0x00,
	0x00,0x00,0x00,0x00,0x00,0x00,0x00,0x08,0x21,0x20,0x42,0x50,0x62,0x58,0x62,0x58,0x62,0x58,0x62,0x58,0x62,0x58,0x62,0x58,0x62,0x58,0x62,0x58,0x62,0x58,0x62,0x58,0x41,0x40,0x41,0x30,0xC5,0xB0,0xE6,0xD0,0x27,0xF9,0x27,0xF9,0x27,0xF1,0x27,0xF1,0x27,0xF1,0x27,0xF1,0x27,0xF1,0x27,0xF1,0x27,0xF1,0x27,0xF9,0x06,0xE1,0xA4,0x90,
	0x41,0x38,0x00,0x00,0x00,0x00,0x00,0x00,0x00,0x00,0x00,0x00,0x00,0x00,0x00,0x00,0x00,0x00,0x00,0x00,0x00,0x00,0x00,0x00,0x00,0x00,0x00,0x00,0x00,0x00,0x00,0x00,0x00,0x00,0x00,0x00,0x00,0x00,0x00,0x00,0x00,0x00,0x00,0x00,0x00,0x00,0x00,0x00,0x00,0x00,0x00,0x00,0x00,0x00,0x00,0x00,0x00,0x00,0x00,0x00,0x00,0x00,0x00,0x00,
	0x00,0x00,0x00,0x00,0x00,0x00,0x00,0x00,0x00,0x00,0x00,0x00,0x00,0x00,0x00,0x00,0x00,0x00,0x00,0x00,0x00,0x00,0x00,0x00,0x00,0x00,0x00,0x00,0x00,0x00,0x00,0x00,0x00,0x00,0x00,0x00,0x00,0x00,0x00,0x00,0x00,0x00,0x00,0x00,0x00,0x00,0x00,0x00,0x00,0x00,0x00,0x00,0x00,0x00,0x00,0x00,0x00,0x00,0x00,0x00,0x00,0x00,0x00,0x00,
	0x00,0x00,0x00,0x00,0x00,0x00,0x00,0x00,0x00,0x00,0x00,0x00,0x00,0x00,0x00,0x00,0x00,0x00,0x00,0x00,0x00,0x00,0x00,0x00,0x00,0x00,0x00,0x00,0x00,0x00,0x00,0x00,0x00,0x00,0x00,0x00,0x00,0x00,0x00,0x00,0x00,0x00,0x00,0x00,0x00,0x00,0x00,0x00,0x00,0x00,0x00,0x00,0x00,0x00,0x00,0x00,0x00,0x00,0x00,0x00,0x00,0x00,0x00,0x00,
	0x00,0x00,0x00,0x10,0x21,0x30,0x42,0x50,0x62,0x58,0x62,0x58,0x62,0x58,0x62,0x58,0x62,0x58,0x62,0x58,0x62,0x58,0x62,0x58,0x62,0x58,0x62,0x58,0x41,0x40,0x41,0x30,0xA4,0x98,0xE5,0xC0,0x27,0xF9,0x27,0xF9,0x27,0xF1,0x27,0xF1,0x27,0xF1,0x27,0xF1,0x27,0xF1,0x27,0xF1,0x27,0xF1,0x27,0xF9,0x06,0xE9,0xC5,0xB0,0x62,0x50,0x00,0x00,
	0x00,0x00,0x00,0x00,0x00,0x00,0x00,0x00,0x00,0x00,0x00,0x00,0x00,0x00,0x00,0x00,0x00,0x00,0x00,0x00,0x00,0x00,0x00,0x00,0x00,0x00,0x00,0x00,0x00,0x00,0x00,0x00,0x00,0x00,0x00,0x00,0x00,0x00,0x00,0x00,0x00,0x00,0x00,0x00,0x00,0x00,0x00,0x00,0x00,0x00,0x00,0x00,0x00,0x00,0x00,0x00,0x00,0x00,0x00,0x00,0x00,0x00,0x00,0x00,
	0x00,0x00,0x00,0x00,0x00,0x00,0x00,0x00,0x00,0x00,0x00,0x00,0x00,0x00,0x00,0x00,0x00,0x00,0x00,0x00,0x00,0x00,0x00,0x00,0x00,0x00,0x00,0x00,0x00,0x00,0x00,0x00,0x00,0x00,0x00,0x00,0x00,0x00,0x00,0x00,0x00,0x00,0x00,0x00,0x00,0x00,0x00,0x00,0x00,0x00,0x00,0x00,0x00,0x00,0x00,0x00,0x00,0x00,0x00,0x00,0x00,0x00,0x00,0x00,
	0x00,0x00,0x00,0x00,0x00,0x00,0x00,0x00,0x00,0x00,0x00,0x00,0x00,0x00,0x00,0x00,0x00,0x00,0x00,0x00,0x00,0x00,0x00,0x00,0x00,0x00,0x00,0x00,0x00,0x00,0x00,0x00,0x00,0x00,0x00,0x00,0x00,0x00,0x00,0x00,0x00,0x00,0x00,0x00,0x00,0x00,0x00,0x00,0x00,0x00,0x00,0x00,0x00,0x00,0x00,0x00,0x00,0x00,0x00,0x00,0x00,0x00,0x00,0x10,
	0x41,0x38,0x41,0x50,0x62,0x58,0x62,0x58,0x62,0x58,0x62,0x58,0x62,0x58,0x62,0x58,0x62,0x58,0x62,0x58,0x62,0x58,0x62,0x58,0x41,0x40,0x20,0x28,0x83,0x80,0xC5,0xB0,0x27,0xF9,0x27,0xF9,0x27,0xF1,0x27,0xF1,0x27,0xF1,0x27,0xF1,0x27,0xF1,0x27,0xF1,0x27,0xF1,0x27,0xF9,0x07,0xF1,0xE6,0xD0,0x82,0x60,0x00,0x00,0x00,0x00,0x00,0x00,
	0x00,0x00,0x00,0x00,0x00,0x00,0x00,0x00,0x00,0x00,0x00,0x00,0x00,0x00,0x00,0x00,0x00,0x00,0x00,0x00,0x00,0x00,0x00,0x00,0x00,0x00,0x00,0x00,0x00,0x00,0x00,0x00,0x00,0x00,0x00,0x00,0x00,0x00,0x00,0x00,0x00,0x00,0x00,0x00,0x00,0x00,0x00,0x00,0x00,0x00,0x00,0x00,0x00,0x00,0x00,0x00,0x00,0x00,0x00,0x00,0x00,0x00,0x00,0x00,
	0x00,0x00,0x00,0x00,0x00,0x00,0x00,0x00,0x00,0x00,0x00,0x00,0x00,0x00,0x00,0x00,0x00,0x00,0x00,0x00,0x00,0x00,0x00,0x00,0x00,0x00,0x00,0x00,0x00,0x00,0x00,0x00,0x00,0x00,0x00,0x00,0x00,0x00,0x00,0x00,0x00,0x00,0x00,0x00,0x00,0x00,0x00,0x00,0x00,0x00,0x00,0x00,0x00,0x00,0x00,0x00,0x00,0x00,0x00,0x00,0x00,0x00,0x00,0x00,
	0x00,0x00,0x00,0x00,0x00,0x00,0x00,0x00,0x00,0x00,0x00,0x00,0x00,0x00,0x00,0x00,0x00,0x00,0x00,0x00,0x00,0x00,0x00,0x00,0x00,0x00,0x00,0x00,0x00,0x00,0x00,0x00,0x00,0x00,0x00,0x00,0x00,0x00,0x00,0x00,0x00,0x00,0x00,0x00,0x00,0x00,0x00,0x00,0x00,0x00,0x00,0x00,0x00,0x00,0x00,0x00,0x00,0x00,0x20,0x18,0x41,0x40,0x42,0x50,
	0x62,0x58,0x62,0x58,0x62,0x58,0x62,0x58,0x62,0x58,0x62,0x58,0x62,0x58,0x62,0x58,0x62,0x58,0x62,0x58,0x41,0x38,0x20,0x20,0x62,0x58,0xA4,0x98,0x27,0xF9,0x27,0xF9,0x27,0xF1,0x27,0xF1,0x27,0xF1,0x27,0xF1,0x27,0xF1,0x27,0xF1,0x27,0xF1,0x27,0xF9,0x27,0xF1,0x27,0xE9,0x83,0x70,0x00,0x00,0x00,0x00,0x00,0x00,0x00,0x00,0x00,0x00,
	0x00,0x00,0x00,0x00,0x00,0x00,0x00,0x00,0x00,0x00,0x00,0x00,0x00,0x00,0x00,0x00,0x00,0x00,0x00,0x00,0x00,0x00,0x00,0x00,0x00,0x00,0x00,0x00,0x00,0x00,0x00,0x00,0x00,0x00,0x00,0x00,0x00,0x00,0x00,0x00,0x00,0x00,0x00,0x00,0x00,0x00,0x00,0x00,0x00,0x00,0x00,0x00,0x00,0x00,0x00,0x00,0x00,0x00,0x00,0x00,0x00,0x00,0x00,0x00,
	0x00,0x00,0x00,0x00,0x00,0x00,0x00,0x00,0x00,0x00,0x00,0x00,0x00,0x00,0x00,0x00,0x00,0x00,0x00,0x00,0x00,0x00,0x00,0x00,0x00,0x00,0x00,0x00,0x00,0x00,0x00,0x00,0x00,0x00,0x00,0x00,0x00,0x00,0x00,0x00,0x00,0x00,0x00,0x00,0x00,0x00,0x00,0x00,0x00,0x00,0x00,0x00,0x00,0x00,0x00,0x00,0x00,0x00,0x00,0x00,0x00,0x00,0x00,0x00,
	0x00,0x00,0x00,0x00,0x00,0x00,0x00,0x00,0x00,0x00,0x00,0x00,0x00,0x00,0x00,0x00,0x00,0x00,0x00,0x00,0x00,0x00,0x00,0x00,0x00,0x00,0x00,0x00,0x00,0x00,0x00,0x00,0x00,0x00,0x00,0x00,0x00,0x00,0x00,0x00,0x00,0x00,0x00,0x00,0x00,0x00,0x00,0x00,0x00,0x00,0x00,0x00,0x00,0x00,0x21,0x20,0x42,0x50,0x42,0x50,0x62,0x58,0x62,0x58,
	0x62,0x58,0x62,0x58,0x62,0x58,0x62,0x58,0x62,0x58,0x62,0x58,0x62,0x58,0x62,0x58,0x21,0x30,0x00,0x10,0x41,0x30,0xA4,0x80,0x27,0xF9,0x27,0xF9,0x27,0xF1,0x27,0xF1,0x27,0xF1,0x27,0xF1,0x27,0xF1,0x27,0xF1,0x27,0xF1,0x27,0xF1,0x27,0xF9,0x27,0xF9,0xA4,0x80,0x00,0x00,0x00,0x00,0x00,0x00,0x00,0x00,0x00,0x00,0x00,0x00,0x00,0x00,
	0x00,0x00,0x00,0x00,0x00,0x00,0x00,0x00,0x00,0x00,0x00,0x00,0x00,0x00,0x00,0x00,0x00,0x00,0x00,0x00,0x00,0x00,0x00,0x00,0x00,0x00,0x00,0x00,0x00,0x00,0x00,0x00,0x00,0x00,0x00,0x00,0x00,0x00,0x00,0x00,0x00,0x00,0x00,0x00,0x00,0x00,0x00,0x00,0x00,0x00,0x00,0x00,0x00,0x00,0x00,0x00,0x00,0x00,0x00,0x00,0x00,0x00,0x00,0x00,
	0x00,0x00,0x00,0x00,0x00,0x00,0x00,0x00,0x00,0x00,0x00,0x00,0x00,0x00,0x00,0x00,0x00,0x00,0x00,0x00,0x00,0x00,0x00,0x00,0x00,0x00,0x00,0x00,0x00,0x00,0x00,0x00,0x00,0x00,0x00,0x00,0x00,0x00,0x00,0x00,0x00,0x00,0x00,0x00,0x00,0x00,0x00,0x00,0x00,0x00,0x00,0x00,0x00,0x00,0x00,0x00,0x00,0x00,0x00,0x00,0x00,0x00,0x00,0x00,
	0x00,0x00,0x00,0x00,0x00,0x00,0x00,0x00,0x00,0x00,0x00,0x00,0x00,0x00,0x00,0x00,0x00,0x00,0x00,0x00,0x00,0x00,0x00,0x00,0x00,0x00,0x00,0x00,0x00,0x00,0x00,0x00,0x00,0x00,0x00,0x00,0x00,0x00,0x00,0x00,0x00,0x00,0x00,0x00,0x00,0x00,0x00,0x00,0x00,0x00,0x20,0x28,0x62,0x50,0x62,0x58,0x62,0x58,0x62,0x58,0x62,0x58,0x62,0x58,
	0x62,0x58,0x62,0x58,0x62,0x58,0x62,0x58,0x62,0x58,0x62,0x58,0x20,0x28,0x00,0x08,0x00,0x10,0x83,0x70,0x27,0xF9,0x27,0xF9,0x27,0xF1,0x27,0xF1,0x27,0xF1,0x27,0xF1,0x27,0xF1,0x27,0xF1,0x27,0xF1,0x27,0xF1,0x27,0xF9,0x27,0xF9,0xA4,0x98,0x21,0x30,0x00,0x08,0x00,0x00,0x00,0x00,0x00,0x00,0x00,0x00,0x00,0x00,0x00,0x00,0x00,0x00,
	0x00,0x00,0x00,0x00,0x00,0x00,0x00,0x00,0x00,0x00,0x00,0x00,0x00,0x00,0x00,0x00,0x00,0x00,0x00,0x00,0x00,0x00,0x00,0x00,0x00,0x00,0x00,0x00,0x00,0x00,0x00,0x00,0x00,0x00,0x00,0x00,0x00,0x00,0x00,0x00,0x00,0x00,0x00,0x00,0x00,0x00,0x00,0x00,0x00,0x00,0x00,0x00,0x00,0x00,0x00,0x00,0x00,0x00,0x00,0x00,0x00,0x00,0x00,0x00,
	0x00,0x00,0x00,0x00,0x00,0x00,0x00,0x00,0x00,0x00,0x00,0x00,0x00,0x00,0x00,0x00,0x00,0x00,0x00,0x00,0x00,0x00,0x00,0x00,0x00,0x00,0x00,0x00,0x00,0x00,0x00,0x00,0x00,0x00,0x00,0x00,0x00,0x00,0x00,0x00,0x00,0x00,0x00,0x00,0x00,0x00,0x00,0x00,0x00,0x00,0x00,0x00,0x00,0x00,0x00,0x00,0x00,0x00,0x00,0x00,0x00,0x00,0x00,0x00,
	0x00,0x00,0x00,0x00,0x00,0x00,0x00,0x00,0x00,0x00,0x00,0x00,0x00,0x00,0x00,0x00,0x00,0x00,0x00,0x00,0x00,0x00,0x00,0x00,0x00,0x00,0x00,0x00,0x00,0x00,0x00,0x00,0x00,0x00,0x00,0x00,0x00,0x00,0x00,0x00,0x00,0x00,0x00,0x00,0x00,0x08,0x41,0x30,0x62,0x58,0x62,0x58,0x62,0x58,0x62,0x58,0x62,0x58,0x62,0x58,0x62,0x58,0x62,0x58,
	0x62,0x58,0x62,0x58,0x62,0x58,0x62,0x58,0x20,0x20,0x00,0x00,0x00,0x00,0x62,0x58,0x27,0xF1,0x27,0xF9,0x27,0xF1,0x27,0xF1,0x27,0xF1,0x27,0xF1,0x27,0xF1,0x27,0xF1,0x27,0xF1,0x27,0xF1,0x27,0xF9,0x27,0xF9,0xC5,0xB8,0x62,0x60,0x00,0x10,0x00,0x00,0x00,0x00,0x00,0x00,0x00,0x00,0x00,0x00,0x00,0x00,0x00,0x00,0x00,0x00,0x00,0x00,
	0x00,0x00,0x00,0x00,0x00,0x00,0x00,0x00,0x00,0x00,0x00,0x00,0x00,0x00,0x00,0x00,0x00,0x00,0x00,0x00,0x00,0x00,0x00,0x00,0x00,0x00,0x00,0x00,0x00,0x00,0x00,0x00,0x00,0x00,0x00,0x00,0x00,0x00,0x00,0x00,0x00,0x00,0x00,0x00,0x00,0x00,0x00,0x00,0x00,0x00,0x00,0x00,0x00,0x00,0x00,0x00,0x00,0x00,0x00,0x00,0x00,0x00,0x00,0x00,
	0x00,0x00,0x00,0x00,0x00,0x00,0x00,0x00,0x00,0x00,0x00,0x00,0x00,0x00,0x00,0x00,0x00,0x00,0x00,0x00,0x00,0x00,0x00,0x00,0x00,0x00,0x00,0x00,0x00,0x00,0x00,0x00,0x00,0x00,0x00,0x00,0x00,0x00,0x00,0x00,0x00,0x00,0x00,0x00,0x00,0x00,0x00,0x00,0x00,0x00,0x00,0x00,0x00,0x00,0x00,0x00,0x00,0x00,0x00,0x00,0x00,0x00,0x00,0x00,
	0x00,0x00,0x00,0x00,0x00,0x00,0x00,0x00,0x00,0x00,0x00,0x00,0x00,0x00,0x00,0x00,0x00,0x00,0x00,0x00,0x00,0x00,0x00,0x00,0x00,0x00,0x00,0x00,0x00,0x00,0x00,0x00,0x00,0x00,0x00,0x00,0x00,0x00,0x00,0x00,0x20,0x10,0x41,0x40,0x62,0x58,0x62,0x58,0x62,0x58,0x62,0x58,0x62,0x58,0x62,0x58,0x62,0x58,0x62,0x58,0x62,0x58,0x62,0x58,
	0x62,0x58,0x42,0x50,0x20,0x18,0x00,0x00,0x00,0x00,0x62,0x50,0x06,0xD9,0x27,0xF1,0x27,0xF9,0x27,0xF1,0x27,0xF1,0x27,0xF1,0x27,0xF1,0x27,0xF1,0x27,0xF1,0x27,0xF1,0x27,0xF9,0x27,0xF9,0xE6,0xD0,0xA4,0x90,0x21,0x20,0x00,0x00,0x00,0x00,0x00,0x00,0x00,0x00,0x00,0x00,0x00,0x00,0x00,0x00,0x00,0x00,0x00,0x00,0x00,0x00,0x00,0x00,
	0x00,0x00,0x00,0x00,0x00,0x00,0x00,0x00,0x00,0x00,0x00,0x00,0x00,0x00,0x00,0x00,0x00,0x00,0x00,0x00,0x00,0x00,0x00,0x00,0x00,0x00,0x00,0x00,0x00,0x00,0x00,0x00,0x00,0x00,0x00,0x00,0x00,0x00,0x00,0x00,0x00,0x00,0x00,0x00,0x00,0x00,0x00,0x00,0x00,0x00,0x00,0x00,0x00,0x00,0x00,0x00,0x00,0x00,0x00,0x00,0x00,0x00,0x00,0x00,
	0x00,0x00,0x00,0x00,0x00,0x00,0x00,0x00,0x00,0x00,0x00,0x00,0x00,0x00,0x00,0x00,0x00,0x00,0x00,0x00,0x00,0x00,0x00,0x00,0x00,0x00,0x00,0x00,0x00,0x00,0x00,0x00,0x00,0x00,0x00,0x00,0x00,0x00,0x00,0x00,0x00,0x00,0x00,0x00,0x00,0x00,0x00,0x00,0x00,0x00,0x00,0x00,0x00,0x00,0x00,0x00,0x00,0x00,0x00,0x00,0x00,0x00,0x00,0x00,
	0x00,0x00,0x00,0x00,0x00,0x00,0x00,0x00,0x00,0x00,0x00,0x00,0x00,0x00,0x00,0x00,0x00,0x00,0x00,0x00,0x00,0x00,0x00,0x00,0x00,0x00,0x00,0x00,0x00,0x00,0x00,0x00,0x00,0x00,0x00,0x08,0x20,0x28,0x41,0x40,0x62,0x58,0x62,0x58,0x62,0x58,0x62,0x58,0x62,0x58,0x62,0x58,0x62,0x58,0x62,0x58,0x62,0x58,0x62,0x58,0x62,0x50,0x41,0x48,
	0x00,0x18,0x00,0x00,0x00,0x00,0x61,0x40,0xC5,0xB8,0x06,0xE9,0x27,0xF9,0x27,0xF1,0x27,0xF1,0x27,0xF1,0x27,0xF1,0x27,0xF1,0x27,0xF1,0x27,0xF1,0x27,0xF9,0x27,0xF9,0x06,0xE9,0xC5,0xB8,0x21,0x30,0x00,0x00,0x00,0x00,0x00,0x00,0x00,0x00,0x00,0x00,0x00,0x00,0x00,0x00,0x00,0x00,0x00,0x00,0x00,0x00,0x00,0x00,0x00,0x00,0x00,0x00,
	0x00,0x00,0x00,0x00,0x00,0x00,0x00,0x00,0x00,0x00,0x00,0x00,0x00,0x00,0x00,0x00,0x00,0x00,0x00,0x00,0x00,0x00,0x00,0x00,0x00,0x00,0x00,0x00,0x00,0x00,0x00,0x00,0x00,0x00,0x00,0x00,0x00,0x00,0x00,0x00,0x00,0x00,0x00,0x00,0x00,0x00,0x00,0x00,0x00,0x00,0x00,0x00,0x00,0x00,0x00,0x00,0x00,0x00,0x00,0x00,0x00,0x00,0x00,0x00,
	0x00,0x00,0x00,0x00,0x00,0x00,0x00,0x00,0x00,0x00,0x00,0x00,0x00,0x00,0x00,0x00,0x00,0x00,0x00,0x00,0x00,0x00,0x00,0x00,0x00,0x00,0x00,0x00,0x00,0x00,0x00,0x00,0x00,0x00,0x00,0x00,0x00,0x00,0x00,0x00,0x00,0x00,0x00,0x00,0x00,0x00,0x00,0x00,0x00,0x00,0x00,0x00,0x00,0x00,0x00,0x00,0x00,0x00,0x00,0x00,0x00,0x00,0x00,0x00,
	0x00,0x00,0x00,0x00,0x00,0x00,0x00,0x00,0x00,0x00,0x00,0x00,0x00,0x00,0x00,0x00,0x00,0x00,0x00,0x00,0x00,0x00,0x00,0x00,0x00,0x00,0x00,0x00,0x00,0x00,0x00,0x08,0x41,0x38,0x62,0x50,0x62,0x58,0x62,0x58,0x62,0x58,0x62,0x58,0x62,0x58,0x62,0x58,0x62,0x58,0x62,0x58,0x62,0x58,0x62,0x58,0x42,0x50,0x21,0x38,0x00,0x10,0x00,0x00,
	0x00,0x00,0x21,0x30,0xA4,0x88,0x06,0xD9,0x27,0xF9,0x27,0xF1,0x27,0xF1,0x27,0xF1,0x27,0xF1,0x27,0xF1,0x27,0xF1,0x27,0xF1,0x27,0xF1,0x27,0xF1,0x27,0xF9,0x06,0xE1,0x61,0x40,0x00,0x00,0x00,0x00,0x00,0x00,0x00,0x00,0x00,0x00,0x00,0x00,0x00,0x00,0x00,0x00,0x00,0x00,0x00,0x00,0x00,0x00,0x00,0x00,0x00,0x00,0x00,0x00,0x00,0x00,
	0x00,0x00,0x00,0x00,0x00,0x00,0x00,0x00,0x00,0x00,0x00,0x00,0x00,0x00,0x00,0x00,0x00,0x00,0x00,0x00,0x00,0x00,0x00,0x00,0x00,0x00,0x00,0x00,0x00,0x00,0x00,0x00,0x00,0x00,0x00,0x00,0x00,0x00,0x00,0x00,0x00,0x00,0x00,0x00,0x00,0x00,0x00,0x00,0x00,0x00,0x00,0x00,0x00,0x00,0x00,0x00,0x00,0x00,0x00,0x00,0x00,0x00,0x00,0x00,
	0x00,0x00,0x00,0x00,0x00,0x00,0x00,0x00,0x00,0x00,0x00,0x00,0x00,0x00,0x00,0x00,0x00,0x00,0x00,0x00,0x00,0x00,0x00,0x00,0x00,0x00,0x00,0x00,0x00,0x00,0x00,0x00,0x00,0x00,0x00,0x00,0x00,0x00,0x00,0x00,0x00,0x00,0x00,0x00,0x00,0x00,0x00,0x00,0x00,0x00,0x00,0x00,0x00,0x00,0x00,0x00,0x00,0x00,0x00,0x00,0x00,0x00,0x00,0x00,
	0x00,0x00,0x00,0x00,0x00,0x00,0x00,0x00,0x00,0x00,0x00,0x00,0x00,0x00,0x00,0x00,0x00,0x00,0x00,0x00,0x00,0x00,0x00,0x00,0x00,0x00,0x00,0x10,0x41,0x48,0x62,0x58,0x62,0x58,0x62,0x58,0x62,0x58,0x62,0x58,0x62,0x58,0x62,0x58,0x62,0x58,0x62,0x58,0x62,0x58,0x62,0x58,0x41,0x48,0x20,0x28,0x00,0x08,0x00,0x00,0x00,0x00,0x00,0x10,
	0x62,0x50,0xE5,0xC8,0x27,0xF9,0x27,0xF9,0x27,0xF1,0x27,0xF1,0x27,0xF1,0x27,0xF1,0x27,0xF1,0x27,0xF1,0x27,0xF1,0x27,0xF1,0x27,0xF9,0x06,0xE9,0x83,0x70,0x21,0x20,0x00,0x00,0x00,0x00,0x00,0x00,0x00,0x00,0x00,0x00,0x00,0x00,0x00,0x00,0x00,0x00,0x00,0x00,0x00,0x00,0x00,0x00,0x00,0x00,0x00,0x00,0x00,0x00,0x00,0x00,0x00,0x00,
	0x00,0x00,0x00,0x00,0x00,0x00,0x00,0x00,0x00,0x00,0x00,0x00,0x00,0x00,0x00,0x00,0x00,0x00,0x00,0x00,0x00,0x00,0x00,0x00,0x00,0x00,0x00,0x00,0x00,0x00,0x00,0x00,0x00,0x00,0x00,0x00,0x00,0x00,0x00,0x00,0x00,0x00,0x00,0x00,0x00,0x00,0x00,0x00,0x00,0x00,0x00,0x00,0x00,0x00,0x00,0x00,0x00,0x00,0x00,0x00,0x00,0x00,0x00,0x00,
	0x00,0x00,0x00,0x00,0x00,0x00,0x00,0x00,0x00,0x00,0x00,0x00,0x00,0x00,0x00,0x00,0x00,0x00,0x00,0x00,0x00,0x00,0x00,0x00,0x00,0x00,0x00,0x00,0x00,0x00,0x00,0x00,0x00,0x00,0x00,0x00,0x00,0x00,0x00,0x00,0x00,0x00,0x00,0x00,0x00,0x00,0x00,0x00,0x00,0x00,0x00,0x00,0x00,0x00,0x00,0x00,0x00,0x00,0x00,0x00,0x00,0x00,0x00,0x00,
	0x00,0x00,0x00,0x00,0x00,0x00,0x00,0x00,0x00,0x00,0x00,0x00,0x00,0x00,0x00,0x00,0x00,0x00,0x00,0x00,0x00,0x00,0x20,0x20,0x62,0x50,0x62,0x58,0x62,0x58,0x62,0x58,0x62,0x58,0x62,0x58,0x62,0x58,0x62,0x58,0x62,0x58,0x62,0x58,0x62,0x58,0x62,0x58,0x41,0x40,0x00,0x10,0x00,0x00,0x00,0x00,0x00,0x00,0x00,0x00,0x20,0x28,0xE5,0xB0,
	0x27,0xF9,0x27,0xF9,0x27,0xF1,0x27,0xF1,0x27,0xF1,0x27,0xF1,0x27,0xF1,0x27,0xF1,0x27,0xF1,0x27,0xF1,0x27,0xF9,0x07,0xF1,0xC5,0xB0,0x62,0x50,0x00,0x00,0x00,0x00,0x00,0x00,0x00,0x00,0x00,0x00,0x00,0x00,0x00,0x00,0x00,0x00,0x00,0x00,0x00,0x00,0x00,0x00,0x00,0x00,0x00,0x00,0x00,0x00,0x00,0x00,0x00,0x00,0x00,0x00,0x00,0x00,
	0x00,0x00,0x00,0x00,0x00,0x00,0x00,0x00,0x00,0x00,0x00,0x00,0x00,0x00,0x00,0x00,0x00,0x00,0x00,0x00,0x00,0x00,0x00,0x00,0x00,0x00,0x00,0x00,0x00,0x00,0x00,0x00,0x00,0x00,0x00,0x00,0x00,0x00,0x00,0x00,0x00,0x00,0x00,0x00,0x00,0x00,0x00,0x00,0x00,0x00,0x00,0x00,0x00,0x00,0x00,0x00,0x00,0x00,0x00,0x00,0x00,0x00,0x00,0x00,
	0x00,0x00,0x00,0x00,0x00,0x00,0x00,0x00,0x00,0x00,0x00,0x00,0x00,0x00,0x00,0x00,0x00,0x00,0x00,0x00,0x00,0x00,0x00,0x00,0x00,0x00,0x00,0x00,0x00,0x00,0x00,0x00,0x00,0x00,0x00,0x00,0x00,0x00,0x00,0x00,0x00,0x00,0x00,0x00,0x00,0x00,0x00,0x00,0x00,0x00,0x00,0x00,0x00,0x00,0x00,0x00,0x00,0x00,0x00,0x00,0x00,0x00,0x00,0x00,
	0x00,0x00,0x00,0x00,0x00,0x00,0x00,0x00,0x00,0x00,0x00,0x00,0x00,0x00,0x00,0x00,0x00,0x10,0x41,0x30,0x42,0x50,0x62,0x58,0x62,0x58,0x62,0x58,0x62,0x58,0x62,0x58,0x62,0x58,0x62,0x58,0x62,0x58,0x62,0x58,0x62,0x58,0x62,0x58,0x41,0x40,0x00,0x00,0x00,0x00,0x00,0x00,0x00,0x00,0x00,0x00,0x00,0x08,0xA4,0x98,0x27,0xF9,0x27,0xF1,
	0x27,0xF9,0x27,0xF1,0x27,0xF1,0x27,0xF1,0x27,0xF1,0x27,0xF1,0x27,0xF1,0x27,0xF1,0x27,0xF9,0x27,0xF1,0x06,0xE1,0xA4,0x88,0x00,0x00,0x00,0x00,0x00,0x00,0x00,0x00,0x00,0x00,0x00,0x00,0x00,0x00,0x00,0x00,0x00,0x00,0x00,0x00,0x00,0x00,0x00,0x00,0x00,0x00,0x00,0x00,0x00,0x00,0x00,0x00,0x00,0x00,0x00,0x00,0x00,0x00,0x00,0x00,
	0x00,0x00,0x00,0x00,0x00,0x00,0x00,0x00,0x00,0x00,0x00,0x00,0x00,0x00,0x00,0x00,0x00,0x00,0x00,0x00,0x00,0x00,0x00,0x00,0x00,0x00,0x00,0x00,0x00,0x00,0x00,0x00,0x00,0x00,0x00,0x00,0x00,0x00,0x00,0x00,0x00,0x00,0x00,0x00,0x00,0x00,0x00,0x00,0x00,0x00,0x00,0x00,0x00,0x00,0x00,0x00,0x00,0x00,0x00,0x00,0x00,0x00,0x00,0x00,
	0x00,0x00,0x00,0x00,0x00,0x00,0x00,0x00,0x00,0x00,0x00,0x00,0x00,0x00,0x00,0x00,0x00,0x00,0x00,0x00,0x00,0x00,0x00,0x00,0x00,0x00,0x00,0x00,0x00,0x00,0x00,0x00,0x00,0x00,0x00,0x00,0x00,0x00,0x00,0x00,0x00,0x00,0x00,0x00,0x00,0x00,0x00,0x00,0x00,0x00,0x00,0x00,0x00,0x00,0x00,0x00,0x00,0x00,0x00,0x00,0x00,0x00,0x00,0x00,
	0x00,0x00,0x00,0x00,0x00,0x00,0x00,0x00,0x00,0x00,0x00,0x00,0x21,0x20,0x41,0x48,0x62,0x58,0x62,0x58,0x62,0x58,0x62,0x58,0x62,0x58,0x62,0x58,0x62,0x58,0x62,0x58,0x62,0x58,0x62,0x58,0x62,0x58,0x62,0x50,0x21,0x30,0x00,0x00,0x00,0x00,0x00,0x00,0x00,0x00,0x00,0x00,0x00,0x00,0x83,0x78,0xE6,0xD0,0x27,0xF1,0x27,0xF9,0x27,0xF1,
	0x27,0xF1,0x27,0xF1,0x27,0xF1,0x27,0xF1,0x27,0xF1,0x27,0xF1,0x27,0xF9,0x27,0xF9,0x27,0xF9,0xC5,0xB0,0x20,0x20,0x00,0x00,0x00,0x00,0x00,0x00,0x00,0x00,0x00,0x00,0x00,0x00,0x00,0x00,0x00,0x00,0x00,0x00,0x00,0x00,0x00,0x00,0x00,0x00,0x00,0x00,0x00,0x00,0x00,0x00,0x00,0x00,0x00,0x00,0x00,0x00,0x00,0x00,0x00,0x00,0x00,0x00,
	0x00,0x00,0x00,0x00,0x00,0x00,0x00,0x00,0x00,0x00,0x00,0x00,0x00,0x00,0x00,0x00,0x00,0x00,0x00,0x00,0x00,0x00,0x00,0x00,0x00,0x00,0x00,0x00,0x00,0x00,0x00,0x00,0x00,0x00,0x00,0x00,0x00,0x00,0x00,0x00,0x00,0x00,0x00,0x00,0x00,0x00,0x00,0x00,0x00,0x00,0x00,0x00,0x00,0x00,0x00,0x00,0x00,0x00,0x00,0x00,0x00,0x00,0x00,0x00,
	0x00,0x00,0x00,0x00,0x00,0x00,0x00,0x00,0x00,0x00,0x00,0x00,0x00,0x00,0x00,0x00,0x00,0x00,0x00,0x00,0x00,0x00,0x00,0x00,0x00,0x00,0x00,0x00,0x00,0x00,0x00,0x00,0x00,0x00,0x00,0x00,0x00,0x00,0x00,0x00,0x00,0x00,0x00,0x00,0x00,0x00,0x00,0x00,0x00,0x00,0x00,0x00,0x00,0x00,0x00,0x00,0x00,0x00,0x00,0x00,0x00,0x00,0x00,0x00,
	0x00,0x00,0x00,0x00,0x00,0x00,0x00,0x08,0x41,0x38,0x62,0x58,0x62,0x58,0x62,0x58,0x62,0x58,0x62,0x58,0x62,0x58,0x62,0x58,0x62,0x58,0x62,0x58,0x62,0x58,0x62,0x58,0x62,0x58,0x41,0x40,0x21,0x20,0x00,0x00,0x00,0x00,0x00,0x00,0x00,0x00,0x00,0x00,0x00,0x00,0x62,0x50,0xC4,0xA0,0x07,0xF1,0x27,0xF9,0x27,0xF1,0x27,0xF1,0x27,0xF1,
	0x27,0xF1,0x27,0xF1,0x27,0xF1,0x27,0xF1,0x27,0xF1,0x27,0xF9,0x27,0xF9,0xE5,0xC8,0x62,0x58,0x20,0x18,0x00,0x00,0x00,0x00,0x00,0x00,0x00,0x00,0x00,0x00,0x00,0x00,0x00,0x00,0x00,0x00,0x00,0x00,0x00,0x00,0x00,0x00,0x00,0x00,0x00,0x00,0x00,0x00,0x00,0x00,0x00,0x00,0x00,0x00,0x00,0x00,0x00,0x00,0x00,0x00,0x00,0x00,0x00,0x00,
	0x00,0x00,0x00,0x00,0x00,0x00,0x00,0x00,0x00,0x00,0x00,0x00,0x00,0x00,0x00,0x00,0x00,0x00,0x00,0x00,0x00,0x00,0x00,0x00,0x00,0x00,0x00,0x00,0x00,0x00,0x00,0x00,0x00,0x00,0x00,0x00,0x00,0x00,0x00,0x00,0x00,0x00,0x00,0x00,0x00,0x00,0x00,0x00,0x00,0x00,0x00,0x00,0x00,0x00,0x00,0x00,0x00,0x00,0x00,0x00,0x00,0x00,0x00,0x00,
	0x00,0x00,0x00,0x00,0x00,0x00,0x00,0x00,0x00,0x00,0x00,0x00,0x00,0x00,0x00,0x00,0x00,0x00,0x00,0x00,0x00,0x00,0x00,0x00,0x00,0x00,0x00,0x00,0x00,0x00,0x00,0x00,0x00,0x00,0x00,0x00,0x00,0x00,0x00,0x00,0x00,0x00,0x00,0x00,0x00,0x00,0x00,0x00,0x00,0x00,0x00,0x00,0x00,0x00,0x00,0x00,0x00,0x00,0x00,0x00,0x00,0x00,0x00,0x00,
	0x00,0x08,0x00,0x18,0x41,0x48,0x62,0x58,0x62,0x58,0x62,0x58,0x62,0x58,0x62,0x58,0x62,0x58,0x62,0x58,0x62,0x58,0x62,0x58,0x62,0x58,0x62,0x58,0x62,0x50,0x21,0x30,0x00,0x10,0x00,0x00,0x00,0x00,0x00,0x00,0x00,0x00,0x00,0x00,0x00,0x00,0x00,0x10,0x62,0x60,0x07,0xF1,0x27,0xF9,0x27,0xF1,0x27,0xF1,0x27,0xF1,0x27,0xF1,0x27,0xF1,
	0x27,0xF1,0x27,0xF1,0x27,0xF1,0x27,0xF1,0x27,0xF9,0x06,0xE9,0xC5,0xB8,0x41,0x38,0x00,0x00,0x00,0x00,0x00,0x00,0x00,0x00,0x00,0x00,0x00,0x00,0x00,0x00,0x00,0x00,0x00,0x00,0x00,0x00,0x00,0x00,0x00,0x00,0x00,0x00,0x00,0x00,0x00,0x00,0x00,0x00,0x00,0x00,0x00,0x00,0x00,0x00,0x00,0x00,0x00,0x00,0x00,0x00,0x00,0x00,0x00,0x00,
	0x00,0x00,0x00,0x00,0x00,0x00,0x00,0x00,0x00,0x00,0x00,0x00,0x00,0x00,0x00,0x00,0x00,0x00,0x00,0x00,0x00,0x00,0x00,0x00,0x00,0x00,0x00,0x00,0x00,0x00,0x00,0x00,0x00,0x00,0x00,0x00,0x00,0x00,0x00,0x00,0x00,0x00,0x00,0x00,0x00,0x00,0x00,0x00,0x00,0x00,0x00,0x00,0x00,0x00,0x00,0x00,0x00,0x00,0x00,0x00,0x00,0x00,0x00,0x00,
	0x00,0x00,0x00,0x00,0x00,0x00,0x00,0x00,0x00,0x00,0x00,0x00,0x00,0x00,0x00,0x00,0x00,0x00,0x00,0x00,0x00,0x00,0x00,0x00,0x00,0x00,0x00,0x00,0x00,0x00,0x00,0x00,0x00,0x00,0x00,0x00,0x00,0x00,0x00,0x00,0x00,0x00,0x00,0x00,0x00,0x00,0x00,0x00,0x00,0x00,0x00,0x00,0x00,0x00,0x00,0x00,0x00,0x00,0x00,0x00,0x00,0x10,0x21,0x38,
	0x42,0x50,0x62,0x58,0x62,0x58,0x62,0x58,0x62,0x58,0x62,0x58,0x62,0x58,0x62,0x58,0x62,0x58,0x62,0x58,0x62,0x58,0x62,0x58,0x62,0x50,0x00,0x20,0x00,0x00,0x00,0x00,0x00,0x00,0x00,0x00,0x00,0x00,0x00,0x00,0x00,0x00,0x00,0x00,0x41,0x38,0x06,0xD9,0x27,0xF9,0x27,0xF9,0x27,0xF1,0x27,0xF1,0x27,0xF1,0x27,0xF1,0x27,0xF1,0x27,0xF1,
	0x27,0xF1,0x27,0xF1,0x27,0xF9,0x27,0xF9,0x06,0xE9,0x83,0x70,0x00,0x10,0x00,0x00,0x00,0x00,0x00,0x00,0x00,0x00,0x00,0x00,0x00,0x00,0x00,0x00,0x00,0x00,0x00,0x00,0x00,0x00,0x00,0x00,0x00,0x00,0x00,0x00,0x00,0x00,0x00,0x00,0x00,0x00,0x00,0x00,0x00,0x00,0x00,0x00,0x00,0x00,0x00,0x00,0x00,0x00,0x00,0x00,0x00,0x00,0x00,0x00,
	0x00,0x00,0x00,0x00,0x00,0x00,0x00,0x00,0x00,0x00,0x00,0x00,0x00,0x00,0x00,0x00,0x00,0x00,0x00,0x00,0x00,0x00,0x00,0x00,0x00,0x00,0x00,0x00,0x00,0x00,0x00,0x00,0x00,0x00,0x00,0x00,0x00,0x00,0x00,0x00,0x00,0x00,0x00,0x00,0x00,0x00,0x00,0x00,0x00,0x00,0x00,0x00,0x00,0x00,0x00,0x00,0x00,0x00,0x00,0x00,0x00,0x00,0x00,0x00,
	0x00,0x00,0x00,0x00,0x00,0x00,0x00,0x00,0x00,0x00,0x00,0x00,0x00,0x00,0x00,0x00,0x00,0x00,0x00,0x00,0x00,0x00,0x00,0x00,0x00,0x00,0x00,0x00,0x00,0x00,0x00,0x00,0x00,0x00,0x00,0x00,0x00,0x00,0x00,0x00,0x00,0x00,0x00,0x00,0x00,0x00,0x00,0x00,0x00,0x00,0x00,0x00,0x00,0x00,0x00,0x00,0x21,0x20,0x41,0x48,0x42,0x50,0x62,0x58,
	0x62,0x58,0x62,0x58,0x62,0x58,0x62,0x58,0x62,0x58,0x62,0x58,0x62,0x58,0x62,0x58,0x62,0x58,0x61,0x58,0x41,0x40,0x00,0x10,0x00,0x00,0x00,0x00,0x00,0x00,0x00,0x00,0x00,0x00,0x00,0x00,0x00,0x00,0x00,0x00,0x21,0x28,0xC5,0xA8,0x06,0xE1,0x27,0xF9,0x27,0xF9,0x27,0xF1,0x27,0xF1,0x27,0xF1,0x27,0xF1,0x27,0xF1,0x27,0xF1,0x27,0xF1,
	0x27,0xF1,0x27,0xF9,0x27,0xF9,0xC5,0xA8,0x62,0x50,0x00,0x08,0x00,0x00,0x00,0x00,0x00,0x00,0x00,0x00,0x00,0x00,0x00,0x00,0x00,0x00,0x00,0x00,0x00,0x00,0x00,0x00,0x00,0x00,0x00,0x00,0x00,0x00,0x00,0x00,0x00,0x00,0x00,0x00,0x00,0x00,0x00,0x00,0x00,0x00,0x00,0x00,0x00,0x00,0x00,0x00,0x00,0x00,0x00,0x00,0x00,0x00,0x00,0x00,
	0x00,0x00,0x00,0x00,0x00,0x00,0x00,0x00,0x00,0x00,0x00,0x00,0x00,0x00,0x00,0x00,0x00,0x00,0x00,0x00,0x00,0x00,0x00,0x00,0x00,0x00,0x00,0x00,0x00,0x00,0x00,0x00,0x00,0x00,0x00,0x00,0x00,0x00,0x00,0x00,0x00,0x00,0x00,0x00,0x00,0x00,0x00,0x00,0x00,0x00,0x00,0x00,0x00,0x00,0x00,0x00,0x00,0x00,0x00,0x00,0x00,0x00,0x00,0x00,
	0x00,0x00,0x00,0x00,0x00,0x00,0x00,0x00,0x00,0x00,0x00,0x00,0x00,0x00,0x00,0x00,0x00,0x00,0x00,0x00,0x00,0x00,0x00,0x00,0x00,0x00,0x00,0x00,0x00,0x00,0x00,0x00,0x00,0x00,0x00,0x00,0x00,0x00,0x00,0x00,0x00,0x00,0x00,0x00,0x00,0x00,0x00,0x00,0x00,0x00,0x00,0x10,0x21,0x38,0x62,0x58,0x62,0x58,0x62,0x58,0x62,0x58,0x62,0x58,
	0x62,0x58,0x62,0x58,0x62,0x58,0x62,0x58,0x62,0x58,0x62,0x58,0x62,0x58,0x41,0x48,0x41,0x30,0x00,0x08,0x00,0x00,0x00,0x00,0x00,0x00,0x00,0x00,0x00,0x00,0x00,0x00,0x00,0x00,0x00,0x00,0x00,0x10,0x62,0x58,0xC5,0xB8,0x27,0xF9,0x27,0xF9,0x27,0xF1,0x27,0xF1,0x27,0xF1,0x27,0xF1,0x27,0xF1,0x27,0xF1,0x27,0xF1,0x27,0xF1,0x27,0xF9,
	0x27,0xF9,0x06,0xE1,0xA4,0x98,0x20,0x18,0x00,0x00,0x00,0x00,0x00,0x00,0x00,0x00,0x00,0x00,0x00,0x00,0x00,0x00,0x00,0x00,0x00,0x00,0x00,0x00,0x00,0x00,0x00,0x00,0x00,0x00,0x00,0x00,0x00,0x00,0x00,0x00,0x00,0x00,0x00,0x00,0x00,0x00,0x00,0x00,0x00,0x00,0x00,0x00,0x00,0x00,0x00,0x00,0x00,0x00,0x00,0x00,0x00,0x00,0x00,0x00,
	0x00,0x00,0x00,0x00,0x00,0x00,0x00,0x00,0x00,0x00,0x00,0x00,0x00,0x00,0x00,0x00,0x00,0x00,0x00,0x00,0x00,0x00,0x00,0x00,0x00,0x00,0x00,0x00,0x00,0x00,0x00,0x00,0x00,0x00,0x00,0x00,0x00,0x00,0x00,0x00,0x00,0x00,0x00,0x00,0x00,0x00,0x00,0x00,0x00,0x00,0x00,0x00,0x00,0x00,0x00,0x00,0x00,0x00,0x00,0x00,0x00,0x00,0x00,0x00,
	0x00,0x00,0x00,0x00,0x00,0x00,0x00,0x00,0x00,0x00,0x00,0x00,0x00,0x00,0x00,0x00,0x00,0x00,0x00,0x00,0x00,0x00,0x00,0x00,0x00,0x00,0x00,0x00,0x00,0x00,0x00,0x00,0x00,0x00,0x00,0x00,0x00,0x00,0x00,0x00,0x00,0x00,0x00,0x00,0x00,0x08,0x21,0x30,0x42,0x50,0x62,0x58,0x62,0x58,0x62,0x58,0x62,0x58,0x62,0x58,0x62,0x58,0x62,0x58,
	0x62,0x58,0x62,0x58,0x62,0x58,0x62,0x58,0x62,0x58,0x41,0x40,0x00,0x18,0x00,0x00,0x00,0x00,0x00,0x00,0x00,0x00,0x00,0x00,0x00,0x00,0x00,0x00,0x00,0x00,0x00,0x00,0x00,0x00,0x20,0x18,0xA4,0x90,0x27,0xF9,0x27,0xF9,0x27,0xF9,0x27,0xF1,0x27,0xF1,0x27,0xF1,0x27,0xF1,0x27,0xF1,0x27,0xF1,0x27,0xF1,0x27,0xF9,0x27,0xF1,0x27,0xF9,
	0x06,0xD9,0x62,0x50,0x00,0x08,0x00,0x00,0x00,0x00,0x00,0x00,0x00,0x00,0x00,0x00,0x00,0x00,0x00,0x00,0x00,0x00,0x00,0x00,0x00,0x00,0x00,0x00,0x00,0x00,0x00,0x00,0x00,0x00,0x00,0x00,0x00,0x00,0x00,0x00,0x00,0x00,0x00,0x00,0x00,0x00,0x00,0x00,0x00,0x00,0x00,0x00,0x00,0x00,0x00,0x00,0x00,0x00,0x00,0x00,0x00,0x00,0x00,0x00,
	0x00,0x00,0x00,0x10,0x00,0x10,0x00,0x18,0x00,0x18,0x00,0x18,0x00,0x18,0x00,0x10,0x00,0x08,0x00,0x00,0x00,0x00,0x00,0x00,0x00,0x00,0x00,0x00,0x00,0x00,0x00,0x10,0x00,0x18,0x00,0x18,0x00,0x18,0x00,0x18,0x00,0x18,0x00,0x10,0x00,0x08,0x00,0x00,0x00,0x00,0x00,0x00,0x00,0x00,0x00,0x00,0x00,0x00,0x00,0x00,0x00,0x00,0x00,0x00,
	0x00,0x00,0x00,0x00,0x00,0x00,0x00,0x00,0x00,0x00,0x00,0x00,0x00,0x00,0x00,0x00,0x00,0x00,0x00,0x00,0x00,0x00,0x00,0x00,0x00,0x00,0x00,0x00,0x00,0x00,0x00,0x00,0x00,0x00,0x00,0x00,0x00,0x00,0x00,0x00,0x00,0x18,0x41,0x48,0x62,0x58,0x62,0x58,0x62,0x58,0x62,0x58,0x62,0x58,0x62,0x58,0x62,0x58,0x62,0x58,0x62,0x58,0x62,0x58,
	0x62,0x58,0x62,0x58,0x62,0x58,0x21,0x30,0x00,0x00,0x00,0x00,0x00,0x00,0x00,0x00,0x00,0x00,0x00,0x00,0x00,0x00,0x00,0x00,0x00,0x00,0x00,0x00,0x00,0x00,0x00,0x00,0x83,0x70,0x06,0xD9,0x27,0xF1,0x27,0xF9,0x27,0xF1,0x27,0xF1,0x27,0xF1,0x27,0xF1,0x27,0xF1,0x27,0xF1,0x27,0xF1,0x27,0xF1,0x27,0xF1,0x27,0xF9,0x27,0xE9,0xC5,0xB8,
	0x62,0x50,0x00,0x00,0x00,0x00,0x00,0x00,0x00,0x00,0x00,0x00,0x00,0x00,0x00,0x00,0x00,0x00,0x00,0x00,0x00,0x00,0x00,0x00,0x00,0x00,0x00,0x00,0x00,0x00,0x00,0x00,0x00,0x00,0x00,0x00,0x00,0x00,0x00,0x00,0x00,0x00,0x00,0x00,0x00,0x00,0x00,0x00,0x00,0x00,0x00,0x00,0x00,0x00,0x00,0x00,0x00,0x00,0x00,0x00,0x00,0x18,0x61,0x58,
	0x62,0x88,0x40,0xA8,0x40,0xA8,0x40,0xA8,0x40,0xA8,0x20,0x70,0x41,0x50,0x00,0x18,0x00,0x00,0x00,0x00,0x00,0x00,0x00,0x00,0x21,0x30,0x20,0x70,0x62,0x88,0x40,0xA8,0x40,0xA8,0x40,0xA8,0x40,0xA8,0x20,0x70,0x41,0x40,0x00,0x10,0x00,0x00,0x00,0x00,0x00,0x00,0x00,0x00,0x00,0x00,0x00,0x00,0x00,0x00,0x00,0x00,0x00,0x00,0x00,0x00,
	0x00,0x00,0x00,0x00,0x00,0x00,0x00,0x00,0x00,0x00,0x00,0x00,0x00,0x00,0x00,0x00,0x00,0x00,0x00,0x00,0x00,0x00,0x00,0x00,0x00,0x00,0x00,0x00,0x00,0x00,0x00,0x00,0x00,0x00,0x20,0x18,0x41,0x38,0x62,0x50,0x62,0x58,0x62,0x58,0x62,0x58,0x62,0x58,0x62,0x58,0x62,0x58,0x62,0x58,0x62,0x58,0x62,0x58,0x62,0x58,0x62,0x58,0x42,0x50,
	0x41,0x40,0x00,0x20,0x00,0x00,0x00,0x00,0x00,0x00,0x00,0x00,0x00,0x00,0x00,0x00,0x00,0x00,0x00,0x00,0x00,0x00,0x00,0x00,0x00,0x00,0x00,0x00,0x41,0x38,0xA4,0x90,0x06,0xE1,0x27,0xF9,0x27,0xF1,0x27,0xF1,0x27,0xF1,0x27,0xF1,0x27,0xF1,0x27,0xF1,0x27,0xF1,0x27,0xF1,0x27,0xF1,0x27,0xF9,0x27,0xF1,0x27,0xF1,0xA4,0x90,0x21,0x28,
	0x00,0x08,0x00,0x00,0x00,0x00,0x00,0x00,0x00,0x00,0x00,0x00,0x00,0x00,0x00,0x00,0x00,0x00,0x00,0x00,0x00,0x00,0x00,0x00,0x00,0x00,0x00,0x00,0x00,0x00,0x00,0x00,0x00,0x00,0x00,0x00,0x00,0x00,0x00,0x00,0x00,0x00,0x00,0x00,0x00,0x00,0x00,0x00,0x00,0x00,0x00,0x00,0x00,0x10,0x41,0x40,0x20,0x70,0x40,0xA8,0x81,0xD0,0x81,0xD8,
	0x81,0xD8,0x81,0xD8,0x81,0xD0,0x81,0xD0,0x40,0xA8,0x20,0x70,0x41,0x40,0x00,0x10,0x00,0x18,0x41,0x50,0x62,0x88,0x40,0xA8,0x81,0xD0,0x81,0xD8,0x81,0xD8,0x81,0xD8,0x81,0xD0,0x40,0xA8,0x62,0x88,0x62,0x58,0x20,0x28,0x00,0x08,0x00,0x00,0x00,0x00,0x00,0x00,0x00,0x00,0x00,0x00,0x00,0x00,0x00,0x00,0x00,0x00,0x00,0x00,0x00,0x00,
	0x00,0x00,0x00,0x00,0x00,0x00,0x00,0x00,0x00,0x00,0x00,0x00,0x00,0x00,0x00,0x00,0x00,0x00,0x00,0x00,0x00,0x00,0x00,0x00,0x00,0x00,0x00,0x00,0x00,0x08,0x21,0x30,0x62,0x50,0x62,0x58,0x62,0x58,0x62,0x58,0x62,0x58,0x62,0x58,0x62,0x58,0x62,0x58,0x62,0x58,0x62,0x58,0x62,0x58,0x62,0x58,0x62,0x58,0x42,0x50,0x20,0x28,0x00,0x08,
	0x00,0x00,0x00,0x00,0x00,0x00,0x00,0x00,0x00,0x00,0x00,0x00,0x00,0x00,0x00,0x00,0x00,0x00,0x00,0x00,0x00,0x00,0x00,0x00,0x00,0x08,0x61,0x40,0xE6,0xD0,0x27,0xF9,0x27,0xF1,0x27,0xF1,0x27,0xF1,0x27,0xF1,0x27,0xF1,0x27,0xF1,0x27,0xF1,0x27,0xF1,0x27,0xF1,0x27,0xF1,0x27,0xF9,0x27,0xF9,0xE6,0xD0,0x83,0x80,0x21,0x20,0x00,0x00,
	0x00,0x00,0x00,0x00,0x00,0x00,0x00,0x00,0x00,0x00,0x00,0x00,0x00,0x00,0x00,0x00,0x00,0x00,0x00,0x00,0x00,0x00,0x00,0x00,0x00,0x00,0x00,0x00,0x00,0x00,0x00,0x00,0x00,0x00,0x00,0x00,0x00,0x00,0x00,0x00,0x00,0x00,0x00,0x00,0x00,0x00,0x00,0x08,0x41,0x48,0x62,0x88,0x81,0xD0,0x81,0xD8,0x81,0xD0,0x81,0xD0,0x81,0xD0,0x81,0xD0,
	0x81,0xD0,0x81,0xD0,0x81,0xD0,0x81,0xD0,0x40,0xA8,0x41,0x40,0x62,0x58,0x81,0xD0,0x81,0xD0,0x81,0xD0,0x81,0xD0,0x81,0xD0,0x81,0xD0,0x81,0xD0,0x81,0xD0,0x81,0xD0,0x81,0xD8,0x81,0xD0,0x20,0x70,0x20,0x30,0x00,0x00,0x00,0x00,0x00,0x00,0x00,0x00,0x00,0x00,0x00,0x00,0x00,0x00,0x00,0x00,0x00,0x00,0x00,0x00,0x00,0x00,0x00,0x00,
	0x00,0x00,0x00,0x00,0x00,0x00,0x00,0x00,0x00,0x00,0x00,0x00,0x00,0x00,0x00,0x00,0x00,0x00,0x00,0x00,0x00,0x00,0x00,0x08,0x21,0x20,0x41,0x48,0x62,0x58,0x62,0x58,0x62,0x58,0x62,0x58,0x62,0x58,0x62,0x58,0x62,0x58,0x62,0x58,0x62,0x58,0x62,0x58,0x62,0x58,0x62,0x58,0x62,0x58,0x61,0x40,0x00,0x08,0x00,0x00,0x00,0x00,0x00,0x00,
	0x00,0x00,0x00,0x00,0x00,0x00,0x00,0x00,0x00,0x00,0x00,0x00,0x00,0x00,0x00,0x00,0x00,0x00,0x00,0x00,0x00,0x00,0x20,0x18,0xA4,0x98,0x06,0xE1,0x27,0xF9,0x27,0xF9,0x27,0xF1,0x27,0xF1,0x27,0xF1,0x27,0xF1,0x27,0xF1,0x27,0xF1,0x27,0xF1,0x27,0xF1,0x27,0xF9,0x27,0xF9,0x27,0xF1,0xE6,0xD0,0x62,0x58,0x00,0x08,0x00,0x00,0x00,0x00,
	0x00,0x00,0x00,0x00,0x00,0x00,0x00,0x00,0x00,0x00,0x00,0x00,0x00,0x00,0x00,0x00,0x00,0x00,0x00,0x00,0x00,0x00,0x00,0x00,0x00,0x00,0x00,0x00,0x00,0x00,0x00,0x00,0x00,0x00,0x00,0x00,0x00,0x00,0x00,0x00,0x00,0x00,0x20,0x28,0x62,0x88,0x81,0xD0,0x81,0xD8,0xA2,0xD8,0x81,0xD0,0x81,0xD0,0x81,0xD0,0x81,0xD0,0x81,0xD0,0x81,0xD0,
	0xA2,0xD8,0x81,0xD0,0x81,0xD0,0x40,0xA8,0x40,0xA8,0x81,0xD0,0x81,0xD0,0xA2,0xD8,0x81,0xD0,0x81,0xD0,0x81,0xD0,0x81,0xD0,0x81,0xD0,0x81,0xD0,0x81,0xD8,0x81,0xD0,0x81,0xD0,0x20,0x70,0x00,0x18,0x00,0x00,0x00,0x00,0x00,0x00,0x00,0x00,0x00,0x00,0x00,0x00,0x00,0x00,0x00,0x00,0x00,0x00,0x00,0x00,0x00,0x00,0x00,0x00,0x00,0x00,
	0x00,0x00,0x00,0x00,0x00,0x00,0x00,0x00,0x00,0x00,0x00,0x00,0x00,0x00,0x00,0x00,0x00,0x00,0x20,0x18,0x41,0x48,0x42,0x50,0x62,0x58,0x62,0x58,0x62,0x58,0x62,0x58,0x62,0x58,0x62,0x58,0x62,0x58,0x62,0x58,0x62,0x58,0x62,0x58,0x62,0x58,0x62,0x58,0x41,0x48,0x41,0x30,0x00,0x00,0x00,0x00,0x00,0x00,0x00,0x00,0x00,0x00,0x00,0x00,
	0x00,0x00,0x00,0x00,0x00,0x00,0x00,0x00,0x00,0x00,0x00,0x00,0x00,0x00,0x00,0x00,0x00,0x00,0x00,0x08,0x62,0x58,0xC5,0xB0,0x27,0xF9,0x27,0xF9,0x27,0xF1,0x27,0xF1,0x27,0xF1,0x27,0xF1,0x27,0xF1,0x27,0xF1,0x27,0xF1,0x27,0xF1,0x27,0xF1,0x27,0xF1,0x27,0xF9,0x27,0xF9,0xA4,0x98,0x41,0x48,0x00,0x08,0x00,0x00,0x00,0x00,0x00,0x00,
	0x00,0x00,0x00,0x00,0x00,0x00,0x00,0x00,0x00,0x00,0x00,0x00,0x00,0x00,0x00,0x00,0x00,0x00,0x00,0x00,0x00,0x00,0x00,0x00,0x00,0x00,0x00,0x00,0x00,0x00,0x00,0x00,0x00,0x00,0x00,0x00,0x20,0x20,0x20,0x70,0x81,0xD0,0xA2,0xE0,0xA2,0xD8,0xA2,0xD8,0xA2,0xD8,0xA2,0xD8,0xA2,0xD8,0xA2,0xD8,0xA2,0xD8,0xA2,0xD8,0xA2,0xD8,0xA2,0xD8,
	0xA2,0xD8,0xA2,0xE0,0xA2,0xE0,0xA2,0xD8,0xA2,0xD8,0xA2,0xD8,0xA2,0xD8,0xA2,0xD8,0xA2,0xD8,0xA2,0xD8,0xA2,0xD8,0xA2,0xD8,0xA2,0xD8,0xA2,0xD8,0xA2,0xE0,0x40,0xA8,0x41,0x48,0x00,0x10,0x00,0x00,0x00,0x00,0x00,0x00,0x00,0x00,0x00,0x00,0x00,0x00,0x00,0x00,0x00,0x00,0x00,0x00,0x00,0x00,0x00,0x00,0x00,0x00,0x00,0x00,0x00,0x00,
	0x00,0x00,0x00,0x00,0x00,0x00,0x00,0x00,0x00,0x00,0x00,0x00,0x20,0x18,0x41,0x38,0x62,0x58,0x62,0x58,0x62,0x58,0x62,0x58,0x62,0x58,0x62,0x58,0x62,0x58,0x62,0x58,0x62,0x58,0x62,0x58,0x62,0x58,0x62,0x58,0x62,0x58,0x62,0x58,0x41,0x30,0x20,0x18,0x00,0x00,0x00,0x00,0x00,0x00,0x00,0x00,0x00,0x00,0x00,0x00,0x00,0x00,0x00,0x00,
	0x00,0x00,0x00,0x00,0x00,0x00,0x00,0x00,0x00,0x00,0x00,0x00,0x00,0x00,0x00,0x00,0x00,0x08,0x82,0x60,0x27,0xF1,0x27,0xF9,0x27,0xF9,0x27,0xF1,0x27,0xF1,0x27,0xF1,0x27,0xF1,0x27,0xF1,0x27,0xF1,0x27,0xF1,0x27,0xF1,0x27,0xF1,0x27,0xF9,0x27,0xF1,0x27,0xF1,0xE5,0xB0,0x41,0x30,0x00,0x00,0x00,0x00,0x00,0x00,0x00,0x00,0x00,0x00,
	0x00,0x00,0x00,0x00,0x00,0x00,0x00,0x00,0x00,0x00,0x00,0x00,0x00,0x00,0x00,0x00,0x00,0x00,0x00,0x00,0x00,0x00,0x00,0x00,0x00,0x00,0x00,0x00,0x00,0x00,0x00,0x00,0x41,0x48,0x40,0xA8,0xA2,0xD8,0xC2,0xD8,0xC2,0xD8,0xC2,0xD8,0xC2,0xD8,0xC2,0xD8,0xC2,0xD8,0xC2,0xD8,0xC2,0xD8,0xC2,0xD8,0xC2,0xD8,0xC2,0xD8,0xC2,0xD8,0xC2,0xD8,
	0xC2,0xD8,0xC2,0xD8,0xC2,0xD8,0xC2,0xD8,0xC2,0xD8,0xC2,0xD8,0xC2,0xD8,0xC2,0xD8,0xC2,0xD8,0xC2,0xD8,0xC2,0xD8,0xC2,0xD8,0xC2,0xD8,0x81,0xD0,0x62,0x88,0x20,0x20,0x00,0x00,0x00,0x00,0x00,0x00,0x00,0x00,0x00,0x00,0x00,0x00,0x00,0x00,0x00,0x00,0x00,0x00,0x00,0x00,0x00,0x00,0x00,0x00,0x00,0x00,0x00,0x00,0x00,0x00,0x00,0x00,
	0x00,0x00,0x00,0x00,0x00,0x00,0x00,0x00,0x41,0x38,0x62,0x50,0x62,0x58,0x62,0x58,0x62,0x58,0x62,0x58,0x62,0x58,0x62,0x58,0x62,0x58,0x62,0x58,0x62,0x58,0x62,0x58,0x62,0x58,0x62,0x58,0x62,0x58,0x41,0x48,0x20,0x18,0x00,0x00,0x00,0x00,0x00,0x00,0x00,0x00,0x00,0x00,0x00,0x00,0x00,0x00,0x00,0x00,0x00,0x00,0x00,0x00,0x00,0x00,
	0x00,0x00,0x00,0x00,0x00,0x00,0x00,0x00,0x00,0x00,0x00,0x00,0x00,0x00,0x21,0x30,0xC4,0xA0,0x06,0xE1,0x27,0xF9,0x27,0xF9,0x27,0xF1,0x27,0xF1,0x27,0xF1,0x27,0xF1,0x27,0xF1,0x27,0xF1,0x27,0xF1,0x27,0xF1,0x27,0xF1,0x27,0xF1,0x27,0xF9,0x06,0xE1,0xA4,0x98,0x61,0x40,0x00,0x00,0x00,0x00,0x00,0x00,0x00,0x00,0x00,0x00,0x00,0x00,
	0x00,0x00,0x00,0x00,0x00,0x00,0x00,0x00,0x00,0x00,0x00,0x00,0x00,0x00,0x00,0x00,0x00,0x00,0x00,0x00,0x00,0x00,0x00,0x00,0x00,0x00,0x00,0x00,0x62,0x60,0xA2,0xD8,0xE1,0xD8,0x02,0xE1,0x02,0xD9,0x02,0xD9,0x02,0xD9,0x02,0xD9,0x02,0xD9,0x02,0xD9,0x02,0xD9,0x02,0xD9,0x02,0xD9,0x02,0xD9,0x02,0xD9,0x02,0xD9,0x02,0xD9,0x02,0xD9,
	0x02,0xD9,0x02,0xD9,0x02,0xD9,0x02,0xD9,0x02,0xD9,0x02,0xD9,0x02,0xD9,0x02,0xD9,0x02,0xD9,0x02,0xD9,0x02,0xD9,0xE1,0xD8,0xA3,0xA8,0x20,0x30,0x00,0x00,0x00,0x00,0x00,0x00,0x00,0x00,0x00,0x00,0x00,0x00,0x00,0x00,0x00,0x00,0x00,0x00,0x00,0x00,0x00,0x00,0x00,0x00,0x00,0x00,0x00,0x00,0x00,0x00,0x00,0x00,0x00,0x00,0x00,0x00,
	0x00,0x10,0x21,0x30,0x42,0x50,0x62,0x58,0x62,0x58,0x62,0x58,0x62,0x58,0x62,0x58,0x62,0x58,0x62,0x58,0x62,0x58,0x62,0x58,0x62,0x58,0x62,0x58,0x62,0x58,0x62,0x58,0x42,0x50,0x41,0x30,0x00,0x08,0x00,0x00,0x00,0x00,0x00,0x00,0x00,0x00,0x00,0x00,0x00,0x00,0x00,0x00,0x00,0x00,0x00,0x00,0x00,0x00,0x00,0x00,0x00,0x00,0x00,0x00,
	0x00,0x00,0x00,0x00,0x00,0x00,0x00,0x00,0x00,0x00,0x00,0x10,0x41,0x48,0xC5,0xB8,0x27,0xF9,0x27,0xF9,0x27,0xF1,0x27,0xF1,0x27,0xF1,0x27,0xF1,0x27,0xF1,0x27,0xF1,0x27,0xF1,0x27,0xF1,0x27,0xF1,0x27,0xF1,0x27,0xF9,0x27,0xF9,0x27,0xF9,0xA4,0x90,0x41,0x30,0x00,0x08,0x00,0x00,0x00,0x00,0x00,0x00,0x00,0x00,0x00,0x00,0x00,0x00,
	0x00,0x00,0x00,0x00,0x00,0x00,0x00,0x00,0x00,0x00,0x00,0x00,0x00,0x00,0x00,0x00,0x00,0x00,0x00,0x00,0x00,0x00,0x00,0x00,0x20,0x70,0x02,0xE1,0x22,0xD9,0x22,0xD9,0x22,0xD9,0x22,0xD9,0x22,0xD9,0x22,0xD9,0x22,0xD9,0x22,0xD9,0x22,0xD9,0x22,0xD9,0x22,0xD9,0x22,0xD9,0x22,0xD9,0x22,0xD9,0x22,0xD9,0x22,0xD9,0x22,0xD9,0x22,0xD9,
	0x22,0xD9,0x22,0xD9,0x22,0xD9,0x22,0xD9,0x22,0xD9,0x22,0xD9,0x22,0xD9,0x22,0xD9,0x22,0xD9,0x42,0xE1,0x22,0xD1,0x41,0x30,0x00,0x00,0x00,0x00,0x00,0x00,0x00,0x00,0x00,0x00,0x00,0x00,0x00,0x00,0x00,0x00,0x00,0x00,0x00,0x00,0x00,0x00,0x00,0x00,0x00,0x00,0x00,0x00,0x00,0x00,0x00,0x00,0x00,0x00,0x00,0x08,0x21,0x30,0x62,0x58,
	0x62,0x58,0x62,0x58,0x62,0x58,0x62,0x58,0x62,0x58,0x62,0x58,0x62,0x58,0x62,0x58,0x62,0x58,0x62,0x58,0x62,0x58,0x62,0x58,0x62,0x58,0x62,0x58,0x41,0x40,0x00,0x10,0x00,0x00,0x00,0x00,0x00,0x00,0x00,0x00,0x00,0x00,0x00,0x00,0x00,0x00,0x00,0x00,0x00,0x00,0x00,0x00,0x00,0x00,0x00,0x00,0x00,0x00,0x00,0x00,0x00,0x00,0x00,0x00,
	0x00,0x00,0x00,0x00,0x00,0x00,0x00,0x00,0x00,0x10,0x83,0x80,0x06,0xD9,0x27,0xF1,0x27,0xF9,0x27,0xF1,0x27,0xF1,0x27,0xF1,0x27,0xF1,0x27,0xF1,0x27,0xF1,0x27,0xF1,0x27,0xF1,0x27,0xF1,0x27,0xF1,0x27,0xF9,0x27,0xF9,0x06,0xE1,0xE5,0xB0,0x41,0x48,0x00,0x08,0x00,0x00,0x00,0x00,0x00,0x00,0x00,0x00,0x00,0x00,0x00,0x00,0x00,0x00,
	0x00,0x00,0x00,0x00,0x00,0x00,0x00,0x00,0x00,0x00,0x00,0x00,0x00,0x00,0x00,0x00,0x00,0x00,0x00,0x00,0x83,0x70,0x43,0xE9,0x42,0xE1,0x22,0xD9,0x22,0xD9,0x22,0xD9,0x22,0xD9,0x22,0xD9,0x22,0xD9,0x22,0xD9,0x22,0xD9,0x22,0xD9,0x22,0xD9,0x22,0xD9,0x22,0xD9,0x22,0xD9,0x22,0xD9,0x22,0xD9,0x22,0xD9,0x22,0xD9,0x22,0xD9,0x22,0xD9,
	0x22,0xD9,0x22,0xD9,0x22,0xD9,0x22,0xD9,0x22,0xD9,0x22,0xD9,0x22,0xD9,0x43,0xE9,0x22,0xD1,0x41,0x30,0x00,0x00,0x00,0x00,0x00,0x00,0x00,0x00,0x00,0x00,0x00,0x00,0x00,0x00,0x00,0x00,0x00,0x00,0x00,0x00,0x00,0x00,0x00,0x00,0x00,0x00,0x00,0x00,0x00,0x00,0x00,0x00,0x00,0x10,0x41,0x38,0x42,0x50,0x62,0x58,0x62,0x58,0x62,0x58,
	0x62,0x58,0x62,0x58,0x62,0x58,0x62,0x58,0x62,0x58,0x62,0x58,0x62,0x58,0x62,0x58,0x62,0x58,0x62,0x58,0x61,0x58,0x41,0x40,0x20,0x28,0x00,0x00,0x00,0x00,0x00,0x00,0x00,0x00,0x00,0x00,0x00,0x00,0x00,0x00,0x00,0x00,0x00,0x00,0x00,0x00,0x00,0x00,0x00,0x00,0x00,0x00,0x00,0x00,0x00,0x00,0x00,0x00,0x00,0x00,0x00,0x00,0x00,0x00,
	0x00,0x00,0x00,0x00,0x00,0x00,0x41,0x38,0xA4,0x88,0x06,0xE1,0x27,0xF9,0x27,0xF1,0x27,0xF1,0x27,0xF1,0x27,0xF1,0x27,0xF1,0x27,0xF1,0x27,0xF1,0x27,0xF1,0x27,0xF1,0x27,0xF1,0x27,0xF1,0x27,0xF9,0x27,0xF9,0x27,0xF1,0xC4,0xA0,0x62,0x58,0x00,0x18,0x00,0x00,0x00,0x00,0x00,0x00,0x00,0x00,0x00,0x00,0x00,0x00,0x00,0x00,0x00,0x00,
	0x00,0x00,0x00,0x00,0x00,0x00,0x00,0x00,0x00,0x00,0x00,0x00,0x00,0x00,0x00,0x00,0x83,0x70,0x63,0xE1,0x63,0xE1,0x43,0xE1,0x43,0xE1,0x43,0xE1,0x43,0xE1,0x43,0xE1,0x43,0xE1,0x43,0xE1,0x43,0xE1,0x43,0xE1,0x43,0xE1,0x43,0xE1,0x43,0xE1,0x43,0xE1,0x43,0xE1,0x43,0xE1,0x43,0xE1,0x43,0xE1,0x43,0xE1,0x43,0xE1,0x43,0xE1,0x43,0xE1,
	0x43,0xE1,0x43,0xE1,0x43,0xE1,0x43,0xE1,0x43,0xE1,0x43,0xE9,0x22,0xD1,0x41,0x30,0x00,0x00,0x00,0x00,0x00,0x00,0x00,0x00,0x00,0x00,0x00,0x00,0x00,0x00,0x00,0x00,0x00,0x00,0x00,0x00,0x00,0x00,0x00,0x00,0x00,0x00,0x00,0x00,0x00,0x00,0x00,0x10,0x20,0x30,0x62,0x50,0x62,0x58,0x62,0x58,0x62,0x58,0x62,0x58,0x62,0x58,0x62,0x58,
	0x62,0x58,0x62,0x58,0x62,0x58,0x62,0x58,0x62,0x58,0x62,0x58,0x62,0x58,0x62,0x58,0x42,0x50,0x20,0x28,0x00,0x10,0x00,0x00,0x00,0x00,0x00,0x00,0x00,0x00,0x00,0x00,0x00,0x00,0x00,0x00,0x00,0x00,0x00,0x00,0x00,0x00,0x00,0x00,0x00,0x00,0x00,0x00,0x00,0x00,0x00,0x00,0x00,0x00,0x00,0x00,0x00,0x00,0x00,0x00,0x00,0x00,0x00,0x00,
	0x00,0x00,0x00,0x00,0x41,0x30,0xE5,0xC0,0x27,0xF1,0x27,0xF9,0x27,0xF9,0x27,0xF1,0x27,0xF1,0x27,0xF1,0x27,0xF1,0x27,0xF1,0x27,0xF1,0x27,0xF1,0x27,0xF1,0x27,0xF1,0x27,0xF1,0x27,0xF1,0x27,0xF9,0x27,0xF9,0xE5,0xC0,0x82,0x60,0x20,0x18,0x00,0x00,0x00,0x00,0x00,0x00,0x00,0x00,0x00,0x00,0x00,0x00,0x00,0x00,0x00,0x00,0x00,0x00,
	0x00,0x00,0x00,0x00,0x00,0x00,0x00,0x00,0x00,0x00,0x00,0x00,0x62,0x60,0x22,0xD1,0x63,0xE1,0x83,0xE9,0x83,0xE1,0x83,0xE1,0x83,0xE1,0x83,0xE1,0x83,0xE1,0x83,0xE1,0x83,0xE1,0x83,0xE1,0x83,0xE1,0x83,0xE1,0x83,0xE1,0x83,0xE1,0x83,0xE1,0x83,0xE1,0x83,0xE1,0x83,0xE1,0x83,0xE1,0x83,0xE1,0x83,0xE1,0x83,0xE1,0x83,0xE1,0x83,0xE1,
	0x83,0xE1,0x83,0xE9,0x83,0xE9,0x83,0xD9,0xA3,0xA8,0x20,0x30,0x00,0x00,0x00,0x00,0x00,0x00,0x00,0x00,0x00,0x00,0x00,0x00,0x00,0x00,0x00,0x00,0x00,0x00,0x00,0x00,0x00,0x00,0x00,0x00,0x00,0x00,0x00,0x00,0x20,0x10,0x41,0x38,0x62,0x50,0x62,0x58,0x62,0x58,0x62,0x58,0x62,0x58,0x62,0x58,0x62,0x58,0x62,0x58,0x62,0x58,0x62,0x58,
	0x62,0x58,0x62,0x58,0x62,0x58,0x62,0x58,0x62,0x58,0x42,0x50,0x41,0x38,0x00,0x08,0x00,0x00,0x00,0x00,0x00,0x00,0x00,0x00,0x00,0x00,0x00,0x00,0x00,0x00,0x00,0x00,0x00,0x00,0x00,0x00,0x00,0x00,0x00,0x00,0x00,0x00,0x00,0x00,0x00,0x00,0x00,0x00,0x00,0x00,0x00,0x00,0x00,0x00,0x00,0x00,0x00,0x00,0x00,0x00,0x00,0x00,0x00,0x00,
	0x00,0x08,0x62,0x58,0xC5,0xB0,0x27,0xF9,0x27,0xF9,0x27,0xF1,0x27,0xF1,0x27,0xF1,0x27,0xF1,0x27,0xF1,0x27,0xF1,0x27,0xF1,0x27,0xF1,0x27,0xF1,0x27,0xF1,0x27,0xF1,0x27,0xF9,0x27,0xF9,0x07,0xF1,0xE5,0xC0,0x83,0x78,0x41,0x30,0x00,0x00,0x00,0x00,0x00,0x00,0x00,0x00,0x00,0x00,0x00,0x00,0x00,0x00,0x00,0x00,0x00,0x00,0x00,0x00,
	0x00,0x00,0x00,0x00,0x00,0x00,0x00,0x00,0x61,0x40,0x62,0x99,0x83,0xD9,0xA3,0xE9,0xA3,0xE1,0xA3,0xE1,0xA3,0xE1,0xA3,0xE1,0xA3,0xE1,0xA3,0xE1,0xA3,0xE1,0xA3,0xE1,0xA3,0xE1,0xA3,0xE1,0xA3,0xE1,0xA3,0xE1,0xA3,0xE1,0xA3,0xE1,0xA3,0xE1,0xA3,0xE1,0xA3,0xE1,0xA3,0xE1,0xA3,0xE1,0xA3,0xE1,0xA3,0xE1,0xA3,0xE1,0xA3,0xE1,0xA3,0xE1,
	0xA3,0xE9,0x22,0xD1,0x83,0x70,0x40,0x20,0x00,0x00,0x00,0x00,0x00,0x00,0x00,0x00,0x00,0x00,0x00,0x00,0x00,0x00,0x00,0x00,0x00,0x00,0x00,0x00,0x00,0x00,0x00,0x00,0x00,0x10,0x20,0x28,0x41,0x40,0x41,0x50,0x62,0x58,0x62,0x58,0x62,0x58,0x62,0x58,0x62,0x58,0x62,0x58,0x62,0x58,0x62,0x58,0x62,0x58,0x62,0x58,0x62,0x58,0x62,0x58,
	0x62,0x58,0x62,0x58,0x62,0x58,0x41,0x38,0x00,0x10,0x00,0x00,0x00,0x00,0x00,0x00,0x00,0x00,0x00,0x00,0x00,0x00,0x00,0x00,0x00,0x00,0x00,0x00,0x00,0x00,0x00,0x00,0x00,0x00,0x00,0x00,0x00,0x00,0x00,0x00,0x00,0x00,0x00,0x00,0x00,0x00,0x00,0x00,0x00,0x00,0x00,0x00,0x00,0x00,0x00,0x00,0x00,0x00,0x00,0x00,0x00,0x00,0x00,0x00,
	0x83,0x70,0x06,0xE1,0x27,0xF1,0x27,0xF9,0x27,0xF1,0x27,0xF1,0x27,0xF1,0x27,0xF1,0x27,0xF1,0x27,0xF1,0x27,0xF1,0x27,0xF1,0x27,0xF1,0x27,0xF1,0x27,0xF1,0x27,0xF1,0x27,0xF9,0x27,0xF9,0xE6,0xD0,0x83,0x80,0x20,0x18,0x00,0x00,0x00,0x00,0x00,0x00,0x00,0x00,0x00,0x00,0x00,0x00,0x00,0x00,0x00,0x00,0x00,0x00,0x00,0x00,0x00,0x00,
	0x00,0x00,0x00,0x00,0x40,0x20,0x62,0x58,0x22,0xD1,0xC4,0xE9,0xC4,0xE1,0xC4,0xE1,0xC4,0xE1,0xC4,0xE1,0xC4,0xE1,0xC4,0xE1,0xC4,0xE1,0xC4,0xE1,0xC4,0xE1,0xC4,0xE1,0xC4,0xE1,0xC4,0xE1,0xC4,0xE1,0xC4,0xE1,0xC4,0xE1,0xC4,0xE1,0xC4,0xE1,0xC4,0xE1,0xC4,0xE1,0xC4,0xE1,0xC4,0xE1,0xC4,0xE1,0xC4,0xE1,0xC4,0xE9,0xC4,0xE9,0x62,0x99,
	0x41,0x40,0x00,0x08,0x00,0x00,0x00,0x00,0x00,0x00,0x00,0x00,0x00,0x00,0x00,0x00,0x00,0x00,0x00,0x00,0x00,0x00,0x00,0x00,0x00,0x00,0x00,0x08,0x21,0x28,0x41,0x48,0x62,0x58,0x62,0x58,0x62,0x58,0x62,0x58,0x62,0x58,0x62,0x58,0x62,0x58,0x62,0x58,0x62,0x58,0x62,0x58,0x62,0x58,0x62,0x58,0x62,0x58,0x62,0x58,0x62,0x58,0x42,0x50,
	0x41,0x48,0x20,0x20,0x00,0x00,0x00,0x00,0x00,0x00,0x00,0x00,0x00,0x00,0x00,0x00,0x00,0x00,0x00,0x00,0x00,0x00,0x00,0x00,0x00,0x00,0x00,0x00,0x00,0x00,0x00,0x00,0x00,0x00,0x00,0x00,0x00,0x00,0x00,0x00,0x00,0x00,0x00,0x00,0x00,0x00,0x00,0x00,0x00,0x00,0x00,0x00,0x00,0x00,0x00,0x00,0x00,0x00,0x00,0x00,0x21,0x20,0x83,0x70,
	0x06,0xD9,0x27,0xF9,0x27,0xF9,0x27,0xF1,0x27,0xF1,0x27,0xF1,0x27,0xF1,0x27,0xF1,0x27,0xF1,0x27,0xF1,0x27,0xF1,0x27,0xF1,0x27,0xF1,0x27,0xF1,0x27,0xF9,0x27,0xF9,0x27,0xF9,0xE5,0xC8,0x62,0x50,0x00,0x10,0x00,0x00,0x00,0x00,0x00,0x00,0x00,0x00,0x00,0x00,0x00,0x00,0x00,0x00,0x00,0x00,0x00,0x00,0x00,0x00,0x00,0x00,0x00,0x00,
	0x00,0x00,0x40,0x20,0x62,0x99,0xE3,0xD9,0x24,0xEA,0x24,0xEA,0xE4,0xE1,0xE4,0xE1,0xE4,0xE1,0xE4,0xE1,0xE4,0xE1,0xE4,0xE1,0xE4,0xE1,0xE4,0xE1,0xE4,0xE1,0xE4,0xE1,0xE4,0xE1,0xE4,0xE1,0xE4,0xE1,0xE4,0xE1,0xE4,0xE1,0xE4,0xE1,0xE4,0xE1,0xE4,0xE1,0xE4,0xE1,0xE4,0xE1,0x24,0xEA,0xE4,0xE1,0xE3,0xD9,0x82,0x60,0x00,0x08,0x00,0x00,
	0x00,0x00,0x00,0x00,0x00,0x00,0x00,0x00,0x00,0x00,0x00,0x00,0x00,0x00,0x00,0x00,0x00,0x00,0x00,0x00,0x00,0x10,0x41,0x30,0x41,0x48,0x62,0x58,0x62,0x58,0x62,0x58,0x62,0x58,0x62,0x58,0x62,0x58,0x62,0x58,0x62,0x58,0x62,0x58,0x62,0x58,0x62,0x58,0x62,0x58,0x62,0x58,0x62,0x58,0x62,0x58,0x62,0x58,0x41,0x48,0x00,0x20,0x00,0x08,
	0x00,0x00,0x00,0x00,0x00,0x00,0x00,0x00,0x00,0x00,0x00,0x00,0x00,0x00,0x00,0x00,0x00,0x00,0x00,0x00,0x00,0x00,0x00,0x00,0x00,0x00,0x00,0x00,0x00,0x00,0x00,0x00,0x00,0x00,0x00,0x00,0x00,0x00,0x00,0x00,0x00,0x00,0x00,0x00,0x00,0x00,0x00,0x00,0x00,0x00,0x00,0x00,0x00,0x00,0x00,0x00,0x00,0x00,0x21,0x20,0xA4,0x80,0xE6,0xD0,
	0x27,0xF9,0x27,0xF9,0x27,0xF1,0x27,0xF1,0x27,0xF1,0x27,0xF1,0x27,0xF1,0x27,0xF1,0x27,0xF1,0x27,0xF1,0x27,0xF1,0x27,0xF1,0x27,0xF1,0x27,0xF1,0x27,0xF9,0x06,0xE9,0xA4,0x90,0x41,0x38,0x00,0x00,0x00,0x00,0x00,0x00,0x00,0x00,0x00,0x00,0x00,0x00,0x00,0x00,0x00,0x00,0x00,0x00,0x00,0x00,0x00,0x00,0x00,0x00,0x00,0x00,0x00,0x00,
	0xA2,0x50,0x62,0x99,0xE3,0xD9,0x24,0xEA,0x24,0xEA,0x24,0xEA,0x24,0xEA,0x24,0xEA,0x24,0xEA,0x24,0xEA,0x24,0xEA,0x24,0xEA,0x24,0xEA,0x24,0xEA,0x24,0xEA,0x24,0xEA,0x24,0xEA,0x24,0xEA,0x24,0xEA,0x24,0xEA,0x24,0xEA,0x24,0xEA,0x24,0xEA,0x24,0xEA,0x24,0xEA,0x24,0xB2,0x83,0x70,0x20,0x30,0x00,0x00,0x00,0x00,0x00,0x00,0x00,0x00,
	0x00,0x00,0x00,0x00,0x00,0x00,0x00,0x00,0x00,0x00,0x00,0x00,0x00,0x00,0x00,0x00,0x20,0x28,0x41,0x48,0x62,0x58,0x62,0x58,0x62,0x58,0x62,0x58,0x62,0x58,0x62,0x58,0x62,0x58,0x62,0x58,0x62,0x58,0x62,0x58,0x62,0x58,0x62,0x58,0x62,0x58,0x62,0x58,0x62,0x58,0x62,0x58,0x41,0x40,0x20,0x28,0x00,0x00,0x00,0x00,0x00,0x00,0x00,0x00,
	0x00,0x00,0x00,0x00,0x00,0x00,0x00,0x00,0x00,0x00,0x00,0x00,0x00,0x00,0x00,0x00,0x00,0x00,0x00,0x00,0x00,0x00,0x00,0x00,0x00,0x00,0x00,0x00,0x00,0x00,0x00,0x00,0x00,0x00,0x00,0x00,0x00,0x00,0x00,0x00,0x00,0x00,0x00,0x00,0x00,0x00,0x00,0x00,0x00,0x00,0x00,0x00,0x00,0x00,0x00,0x00,0x20,0x30,0x83,0x80,0x06,0xE1,0x27,0xF9,
	0x27,0xF1,0x27,0xF1,0x27,0xF1,0x27,0xF1,0x27,0xF1,0x27,0xF1,0x27,0xF1,0x27,0xF1,0x27,0xF1,0x27,0xF1,0x27,0xF1,0x27,0xF1,0x27,0xF9,0x06,0xE9,0xE5,0xC8,0x62,0x60,0x00,0x00,0x00,0x00,0x00,0x00,0x00,0x00,0x00,0x00,0x00,0x00,0x00,0x00,0x00,0x00,0x00,0x00,0x00,0x00,0x00,0x00,0x00,0x00,0x00,0x00,0x00,0x00,0x00,0x00,0xA1,0x38,
	0x62,0x99,0x24,0xE2,0x45,0xEA,0x45,0xEA,0x45,0xEA,0x45,0xEA,0x45,0xEA,0x45,0xEA,0x45,0xEA,0x45,0xEA,0x45,0xEA,0x45,0xEA,0x45,0xEA,0x45,0xEA,0x45,0xEA,0x45,0xEA,0x45,0xEA,0x45,0xEA,0x45,0xEA,0x45,0xEA,0x45,0xEA,0x45,0xEA,0xE3,0xD9,0x62,0x99,0x20,0x10,0x00,0x00,0x00,0x00,0x00,0x00,0x00,0x00,0x00,0x00,0x00,0x00,0x00,0x00,
	0x00,0x00,0x00,0x00,0x00,0x00,0x00,0x00,0x00,0x00,0x00,0x10,0x41,0x38,0x62,0x58,0x62,0x58,0x62,0x58,0x62,0x58,0x62,0x58,0x62,0x58,0x62,0x58,0x62,0x58,0x62,0x58,0x62,0x58,0x62,0x58,0x62,0x58,0x62,0x58,0x62,0x58,0x62,0x58,0x62,0x58,0x62,0x50,0x40,0x20,0x00,0x00,0x00,0x00,0x00,0x00,0x00,0x00,0x00,0x00,0x00,0x00,0x00,0x00,
	0x00,0x00,0x00,0x00,0x00,0x00,0x00,0x00,0x00,0x00,0x00,0x00,0x00,0x00,0x00,0x00,0x00,0x00,0x00,0x00,0x00,0x00,0x00,0x00,0x00,0x00,0x00,0x00,0x00,0x00,0x00,0x00,0x00,0x00,0x00,0x00,0x00,0x00,0x00,0x00,0x00,0x00,0x00,0x00,0x00,0x00,0x00,0x00,0x00,0x00,0x00,0x00,0x00,0x08,0x41,0x30,0x83,0x80,0x06,0xD9,0x27,0xF9,0x27,0xF9,
	0x27,0xF1,0x27,0xF1,0x27,0xF1,0x27,0xF1,0x27,0xF1,0x27,0xF1,0x27,0xF1,0x27,0xF1,0x27,0xF1,0x27,0xF1,0x27,0xF9,0x27,0xF1,0x06,0xD9,0x82,0x60,0x00,0x00,0x00,0x00,0x00,0x00,0x00,0x00,0x00,0x00,0x00,0x00,0x00,0x00,0x00,0x00,0x00,0x00,0x00,0x00,0x00,0x00,0x00,0x00,0x00,0x00,0x00,0x00,0x00,0x00,0x00,0x08,0xA1,0x38,0x62,0x99,
	0x24,0xE2,0x85,0xF2,0x85,0xF2,0x65,0xEA,0x65,0xEA,0x65,0xEA,0x65,0xEA,0x65,0xEA,0x65,0xEA,0x65,0xEA,0x65,0xEA,0x65,0xEA,0x65,0xEA,0x65,0xEA,0x65,0xEA,0x65,0xEA,0x65,0xEA,0x85,0xF2,0x65,0xEA,0x24,0xE2,0x83,0x70,0x20,0x28,0x00,0x00,0x00,0x00,0x00,0x00,0x00,0x00,0x00,0x00,0x00,0x00,0x00,0x00,0x00,0x00,0x00,0x00,0x00,0x00,
	0x00,0x00,0x00,0x00,0x00,0x08,0x21,0x20,0x41,0x40,0x62,0x58,0x62,0x58,0x62,0x58,0x62,0x58,0x62,0x58,0x62,0x58,0x62,0x58,0x62,0x58,0x62,0x58,0x62,0x58,0x62,0x58,0x62,0x58,0x62,0x58,0x62,0x58,0x62,0x58,0x41,0x48,0x20,0x28,0x00,0x08,0x00,0x00,0x00,0x00,0x00,0x00,0x00,0x00,0x00,0x00,0x00,0x00,0x00,0x00,0x00,0x00,0x00,0x00,
	0x00,0x00,0x00,0x00,0x00,0x00,0x00,0x00,0x00,0x00,0x00,0x00,0x00,0x00,0x00,0x00,0x00,0x00,0x00,0x00,0x00,0x00,0x00,0x00,0x00,0x00,0x00,0x00,0x00,0x00,0x00,0x00,0x00,0x00,0x00,0x00,0x00,0x00,0x00,0x00,0x00,0x00,0x00,0x00,0x00,0x00,0x00,0x00,0x00,0x00,0x00,0x00,0x21,0x30,0xA4,0x90,0x06,0xE1,0x27,0xF1,0x27,0xF9,0x27,0xF9,
	0x27,0xF1,0x27,0xF1,0x27,0xF1,0x27,0xF1,0x27,0xF1,0x27,0xF1,0x27,0xF1,0x27,0xF1,0x27,0xF9,0x27,0xF1,0x06,0xD9,0x82,0x60,0x00,0x00,0x00,0x00,0x00,0x00,0x00,0x00,0x00,0x00,0x00,0x00,0x00,0x00,0x00,0x00,0x00,0x00,0x00,0x00,0x00,0x00,0x00,0x00,0x00,0x00,0x00,0x00,0x00,0x00,0x00,0x00,0x00,0x00,0xA2,0x50,0x62,0x99,0x24,0xE2,
	0x85,0xF2,0x85,0xF2,0x85,0xF2,0x85,0xF2,0x85,0xF2,0x85,0xF2,0x85,0xF2,0x85,0xF2,0x85,0xF2,0x85,0xF2,0x85,0xF2,0x85,0xF2,0x85,0xF2,0x85,0xF2,0x85,0xF2,0x65,0xEA,0x24,0xB2,0x62,0x99,0x20,0x28,0x00,0x00,0x00,0x00,0x00,0x00,0x00,0x00,0x00,0x00,0x00,0x00,0x00,0x00,0x00,0x00,0x00,0x00,0x00,0x00,0x00,0x00,0x00,0x00,0x00,0x00,
	0x00,0x08,0x21,0x28,0x41,0x48,0x62,0x58,0x62,0x58,0x62,0x58,0x62,0x58,0x62,0x58,0x62,0x58,0x62,0x58,0x62,0x58,0x62,0x58,0x62,0x58,0x62,0x58,0x62,0x58,0x62,0x58,0x62,0x58,0x41,0x48,0x20,0x28,0x00,0x08,0x00,0x00,0x00,0x00,0x00,0x00,0x00,0x00,0x00,0x00,0x00,0x00,0x00,0x00,0x00,0x00,0x00,0x00,0x00,0x00,0x00,0x00,0x00,0x00,
	0x00,0x00,0x00,0x00,0x00,0x00,0x00,0x00,0x00,0x00,0x00,0x00,0x00,0x00,0x00,0x00,0x00,0x00,0x00,0x00,0x00,0x00,0x00,0x00,0x00,0x00,0x00,0x00,0x00,0x00,0x00,0x00,0x00,0x00,0x00,0x00,0x00,0x00,0x00,0x00,0x00,0x00,0x00,0x00,0x00,0x00,0x00,0x00,0x00,0x00,0x21,0x28,0x83,0x70,0x06,0xE1,0x27,0xF9,0x27,0xF9,0x27,0xF1,0x27,0xF1,
	0x27,0xF1,0x27,0xF1,0x27,0xF1,0x27,0xF1,0x27,0xF1,0x27,0xF1,0x27,0xF9,0x06,0xE9,0xE5,0xC0,0x62,0x58,0x00,0x00,0x00,0x00,0x00,0x00,0x00,0x00,0x00,0x00,0x00,0x00,0x00,0x00,0x00,0x00,0x00,0x00,0x00,0x00,0x00,0x00,0x00,0x00,0x00,0x00,0x00,0x00,0x00,0x00,0x00,0x00,0x00,0x00,0x00,0x08,0xA1,0x38,0x24,0xB2,0x65,0xEA,0xE6,0xF2,
	0xA5,0xF2,0xA5,0xF2,0xA5,0xF2,0xA5,0xF2,0xA5,0xF2,0xA5,0xF2,0xA5,0xF2,0xA5,0xF2,0xA5,0xF2,0xA5,0xF2,0xA5,0xF2,0xE6,0xF2,0xA5,0xF2,0x24,0xE2,0x62,0x99,0x20,0x10,0x00,0x00,0x00,0x00,0x00,0x00,0x00,0x00,0x00,0x00,0x00,0x00,0x00,0x00,0x00,0x00,0x00,0x00,0x00,0x00,0x00,0x00,0x00,0x00,0x00,0x00,0x00,0x00,0x00,0x08,0x21,0x28,
	0x41,0x48,0x62,0x58,0x62,0x58,0x62,0x58,0x62,0x58,0x62,0x58,0x62,0x58,0x62,0x58,0x62,0x58,0x62,0x58,0x62,0x58,0x62,0x58,0x62,0x58,0x62,0x58,0x41,0x48,0x00,0x20,0x00,0x08,0x00,0x00,0x00,0x00,0x00,0x00,0x00,0x00,0x00,0x00,0x00,0x00,0x00,0x00,0x00,0x00,0x00,0x00,0x00,0x00,0x00,0x00,0x00,0x00,0x00,0x00,0x00,0x00,0x00,0x00,
	0x00,0x00,0x00,0x00,0x00,0x00,0x00,0x00,0x00,0x00,0x00,0x00,0x00,0x00,0x00,0x00,0x00,0x00,0x00,0x00,0x00,0x00,0x00,0x00,0x00,0x00,0x00,0x00,0x00,0x00,0x00,0x00,0x00,0x00,0x00,0x00,0x00,0x00,0x00,0x00,0x00,0x00,0x00,0x00,0x00,0x00,0x00,0x00,0x20,0x28,0x83,0x78,0xE5,0xC0,0x27,0xF9,0x27,0xF9,0x27,0xF9,0x27,0xF1,0x27,0xF1,
	0x27,0xF1,0x27,0xF1,0x27,0xF1,0x27,0xF9,0x27,0xF9,0x06,0xE9,0xA4,0x88,0x41,0x30,0x00,0x00,0x00,0x00,0x00,0x00,0x00,0x00,0x00,0x00,0x00,0x00,0x00,0x00,0x00,0x00,0x00,0x00,0x00,0x00,0x00,0x00,0x00,0x00,0x00,0x00,0x00,0x00,0x00,0x00,0x00,0x00,0x00,0x00,0x00,0x00,0x00,0x08,0xA1,0x38,0x62,0x99,0x65,0xEA,0xE6,0xF2,0xE6,0xF2,
	0xE6,0xF2,0xE6,0xF2,0xE6,0xF2,0xE6,0xF2,0xE6,0xF2,0xE6,0xF2,0xE6,0xF2,0xE6,0xF2,0xE6,0xF2,0xE6,0xF2,0x24,0xE2,0x83,0x70,0xA1,0x38,0x00,0x00,0x00,0x00,0x00,0x00,0x00,0x00,0x00,0x00,0x00,0x00,0x00,0x00,0x00,0x00,0x00,0x00,0x00,0x00,0x00,0x00,0x00,0x00,0x00,0x00,0x00,0x00,0x00,0x00,0x00,0x08,0x20,0x20,0x41,0x40,0x62,0x58,
	0x62,0x58,0x62,0x58,0x62,0x58,0x62,0x58,0x62,0x58,0x62,0x58,0x62,0x58,0x62,0x58,0x62,0x58,0x62,0x58,0x62,0x58,0x41,0x38,0x21,0x20,0x00,0x00,0x00,0x00,0x00,0x00,0x00,0x00,0x00,0x00,0x00,0x00,0x00,0x00,0x00,0x00,0x00,0x00,0x00,0x00,0x00,0x00,0x00,0x00,0x00,0x00,0x00,0x00,0x00,0x00,0x00,0x00,0x00,0x00,0x00,0x00,0x00,0x00,
	0x00,0x00,0x00,0x00,0x00,0x00,0x00,0x00,0x00,0x00,0x00,0x00,0x00,0x00,0x00,0x00,0x00,0x00,0x00,0x00,0x00,0x00,0x00,0x00,0x00,0x00,0x00,0x00,0x00,0x00,0x00,0x00,0x00,0x00,0x00,0x00,0x00,0x00,0x00,0x00,0x00,0x00,0x00,0x00,0x00,0x00,0x00,0x10,0x82,0x60,0xE6,0xD0,0x06,0xE9,0x27,0xF9,0x27,0xF9,0x27,0xF9,0x27,0xF9,0x27,0xF9,
	0x27,0xF9,0x27,0xF9,0x27,0xF9,0xE5,0xC8,0x41,0x48,0x00,0x10,0x00,0x00,0x00,0x00,0x00,0x00,0x00,0x00,0x00,0x00,0x00,0x00,0x00,0x00,0x00,0x00,0x00,0x00,0x00,0x00,0x00,0x00,0x00,0x00,0x00,0x00,0x00,0x00,0x00,0x00,0x00,0x00,0x00,0x00,0x00,0x00,0x00,0x00,0x00,0x00,0xA1,0x38,0x24,0xB2,0x65,0xEA,0x26,0xF3,0x26,0xF3,0x26,0xF3,
	0x26,0xF3,0x26,0xF3,0x26,0xF3,0x26,0xF3,0x26,0xF3,0x26,0xF3,0xE6,0xF2,0x24,0xE2,0x62,0x99,0x20,0x10,0x00,0x00,0x00,0x00,0x00,0x00,0x00,0x00,0x00,0x00,0x00,0x00,0x00,0x00,0x00,0x00,0x00,0x00,0x00,0x00,0x00,0x00,0x00,0x00,0x00,0x00,0x00,0x00,0x00,0x00,0x00,0x00,0x00,0x00,0x00,0x10,0x21,0x38,0x62,0x58,0x62,0x58,0x62,0x58,
	0x62,0x58,0x62,0x58,0x62,0x58,0x62,0x58,0x62,0x58,0x62,0x58,0x62,0x58,0x41,0x50,0x41,0x40,0x20,0x18,0x00,0x00,0x00,0x00,0x00,0x00,0x00,0x00,0x00,0x00,0x00,0x00,0x00,0x00,0x00,0x00,0x00,0x00,0x00,0x00,0x00,0x00,0x00,0x00,0x00,0x00,0x00,0x00,0x00,0x00,0x00,0x00,0x00,0x00,0x00,0x00,0x00,0x00,0x00,0x00,0x00,0x00,0x00,0x00,
	0x00,0x00,0x00,0x00,0x00,0x00,0x00,0x00,0x00,0x00,0x00,0x00,0x00,0x00,0x00,0x00,0x00,0x00,0x00,0x00,0x00,0x00,0x00,0x00,0x00,0x00,0x00,0x00,0x00,0x00,0x00,0x00,0x00,0x00,0x00,0x00,0x00,0x00,0x00,0x00,0x00,0x00,0x00,0x00,0x00,0x10,0x41,0x40,0xC5,0xA8,0x06,0xE9,0x27,0xF9,0x27,0xF9,0x27,0xF9,0x27,0xF9,0x27,0xF9,0x27,0xF9,
	0xE5,0xC0,0x83,0x70,0x00,0x10,0x00,0x00,0x00,0x00,0x00,0x00,0x00,0x00,0x00,0x00,0x00,0x00,0x00,0x00,0x00,0x00,0x00,0x00,0x00,0x00,0x00,0x00,0x00,0x00,0x00,0x00,0x00,0x00,0x00,0x00,0x00,0x00,0x00,0x00,0x00,0x00,0x00,0x00,0x00,0x00,0x00,0x00,0x00,0x08,0xA1,0x38,0x62,0x99,0xE6,0xF2,0x47,0xFB,0x47,0xFB,0x26,0xF3,0x26,0xF3,
	0x26,0xF3,0x26,0xF3,0x47,0xFB,0x26,0xF3,0x24,0xE2,0x83,0x70,0x40,0x20,0x00,0x00,0x00,0x00,0x00,0x00,0x00,0x00,0x00,0x00,0x00,0x00,0x00,0x00,0x00,0x00,0x00,0x00,0x00,0x00,0x00,0x00,0x00,0x00,0x00,0x00,0x00,0x00,0x00,0x00,0x00,0x00,0x00,0x00,0x00,0x00,0x00,0x00,0x21,0x20,0x42,0x50,0x62,0x58,0x62,0x58,0x62,0x58,0x62,0x58,
	0x62,0x58,0x62,0x58,0x62,0x58,0x62,0x58,0x41,0x48,0x21,0x30,0x00,0x10,0x00,0x00,0x00,0x00,0x00,0x00,0x00,0x00,0x00,0x00,0x00,0x00,0x00,0x00,0x00,0x00,0x00,0x00,0x00,0x00,0x00,0x00,0x00,0x00,0x00,0x00,0x00,0x00,0x00,0x00,0x00,0x00,0x00,0x00,0x00,0x00,0x00,0x00,0x00,0x00,0x00,0x00,0x00,0x00,0x00,0x00,0x00,0x00,0x00,0x00,
	0x00,0x00,0x00,0x00,0x00,0x00,0x00,0x00,0x00,0x00,0x00,0x00,0x00,0x00,0x00,0x00,0x00,0x00,0x00,0x00,0x00,0x00,0x00,0x00,0x00,0x00,0x00,0x00,0x00,0x00,0x00,0x00,0x00,0x00,0x00,0x00,0x00,0x00,0x00,0x00,0x00,0x00,0x00,0x00,0x62,0x50,0xA4,0x90,0xC5,0xB0,0xE5,0xC8,0xE6,0xD0,0xE6,0xD0,0xE5,0xC0,0xC5,0xA8,0x82,0x60,0x21,0x28,
	0x00,0x00,0x00,0x00,0x00,0x00,0x00,0x00,0x00,0x00,0x00,0x00,0x00,0x00,0x00,0x00,0x00,0x00,0x00,0x00,0x00,0x00,0x00,0x00,0x00,0x00,0x00,0x00,0x00,0x00,0x00,0x00,0x00,0x00,0x00,0x00,0x00,0x00,0x00,0x00,0x00,0x00,0x00,0x00,0x00,0x00,0x00,0x00,0xA2,0x50,0x62,0x99,0x26,0xF3,0x47,0xFB,0x47,0xFB,0x47,0xFB,0x47,0xFB,0x47,0xFB,
	0x26,0xF3,0x24,0xB2,0x62,0x99,0x21,0x28,0x00,0x00,0x00,0x00,0x00,0x00,0x00,0x00,0x00,0x00,0x00,0x00,0x00,0x00,0x00,0x00,0x00,0x00,0x00,0x00,0x00,0x00,0x00,0x00,0x00,0x00,0x00,0x00,0x00,0x00,0x00,0x00,0x00,0x00,0x00,0x00,0x00,0x00,0x00,0x00,0x00,0x10,0x21,0x30,0x41,0x48,0x61,0x50,0x62,0x58,0x62,0x58,0x62,0x58,0x62,0x58,
	0x62,0x50,0x41,0x40,0x20,0x30,0x00,0x10,0x00,0x00,0x00,0x00,0x00,0x00,0x00,0x00,0x00,0x00,0x00,0x00,0x00,0x00,0x00,0x00,0x00,0x00,0x00,0x00,0x00,0x00,0x00,0x00,0x00,0x00,0x00,0x00,0x00,0x00,0x00,0x00,0x00,0x00,0x00,0x00,0x00,0x00,0x00,0x00,0x00,0x00,0x00,0x00,0x00,0x00,0x00,0x00,0x00,0x00,0x00,0x00,0x00,0x00,0x00,0x00,
	0x00,0x00,0x00,0x00,0x00,0x00,0x00,0x00,0x00,0x00,0x00,0x00,0x00,0x00,0x00,0x00,0x00,0x00,0x00,0x00,0x00,0x00,0x00,0x00,0x00,0x00,0x00,0x00,0x00,0x00,0x00,0x00,0x00,0x00,0x00,0x00,0x00,0x00,0x00,0x00,0x00,0x00,0x00,0x10,0x41,0x30,0x62,0x60,0x83,0x78,0x83,0x78,0x62,0x50,0x20,0x10,0x00,0x00,0x00,0x00,0x00,0x00,0x00,0x00,
	0x00,0x00,0x00,0x00,0x00,0x00,0x00,0x00,0x00,0x00,0x00,0x00,0x00,0x00,0x00,0x00,0x00,0x00,0x00,0x00,0x00,0x00,0x00,0x00,0x00,0x00,0x00,0x00,0x00,0x00,0x00,0x00,0x00,0x00,0x00,0x00,0x00,0x00,0x00,0x00,0x00,0x00,0x00,0x00,0x00,0x00,0xA1,0x38,0x24,0xB2,0x26,0xF3,0x47,0xFB,0x47,0xFB,0x47,0xFB,0x47,0xFB,0x24,0xE2,0x62,0x99,
	0x00,0x08,0x00,0x00,0x00,0x00,0x00,0x00,0x00,0x00,0x00,0x00,0x00,0x00,0x00,0x00,0x00,0x00,0x00,0x00,0x00,0x00,0x00,0x00,0x00,0x00,0x00,0x00,0x00,0x00,0x00,0x00,0x00,0x00,0x00,0x00,0x00,0x00,0x00,0x00,0x00,0x00,0x00,0x00,0x00,0x00,0x00,0x00,0x20,0x28,0x41,0x40,0x62,0x50,0x62,0x58,0x62,0x58,0x62,0x50,0x21,0x38,0x00,0x20,
	0x00,0x08,0x00,0x00,0x00,0x00,0x00,0x00,0x00,0x00,0x00,0x00,0x00,0x00,0x00,0x00,0x00,0x00,0x00,0x00,0x00,0x00,0x00,0x00,0x00,0x00,0x00,0x00,0x00,0x00,0x00,0x00,0x00,0x00,0x00,0x00,0x00,0x00,0x00,0x00,0x00,0x00,0x00,0x00,0x00,0x00,0x00,0x00,0x00,0x00,0x00,0x00,0x00,0x00,0x00,0x00,0x00,0x00,0x00,0x00,0x00,0x00,0x00,0x00,
	0x00,0x00,0x00,0x00,0x00,0x00,0x00,0x00,0x00,0x00,0x00,0x00,0x00,0x00,0x00,0x00,0x00,0x00,0x00,0x00,0x00,0x00,0x00,0x00,0x00,0x00,0x00,0x00,0x00,0x00,0x00,0x00,0x00,0x00,0x00,0x00,0x00,0x00,0x00,0x00,0x00,0x08,0x20,0x18,0x21,0x20,0x21,0x20,0x00,0x10,0x00,0x00,0x00,0x00,0x00,0x00,0x00,0x00,0x00,0x00,0x00,0x00,0x00,0x00,
	0x00,0x00,0x00,0x00,0x00,0x00,0x00,0x00,0x00,0x00,0x00,0x00,0x00,0x00,0x00,0x00,0x00,0x00,0x00,0x00,0x00,0x00,0x00,0x00,0x00,0x00,0x00,0x00,0x00,0x00,0x00,0x00,0x00,0x00,0x00,0x00,0x00,0x00,0x00,0x00,0x00,0x00,0x00,0x08,0xA1,0x38,0x62,0x99,0x24,0xE2,0x47,0xFB,0x26,0xF3,0x24,0xB2,0xA2,0x50,0x40,0x20,0x00,0x00,0x00,0x00,
	0x00,0x00,0x00,0x00,0x00,0x00,0x00,0x00,0x00,0x00,0x00,0x00,0x00,0x00,0x00,0x00,0x00,0x00,0x00,0x00,0x00,0x00,0x00,0x00,0x00,0x00,0x00,0x00,0x00,0x00,0x00,0x00,0x00,0x00,0x00,0x00,0x00,0x00,0x00,0x00,0x00,0x00,0x00,0x00,0x00,0x08,0x00,0x10,0x20,0x18,0x20,0x20,0x20,0x20,0x20,0x18,0x00,0x10,0x00,0x08,0x00,0x00,0x00,0x00,
	0x00,0x00,0x00,0x00,0x00,0x00,0x00,0x00,0x00,0x00,0x00,0x00,0x00,0x00,0x00,0x00,0x00,0x00,0x00,0x00,0x00,0x00,0x00,0x00,0x00,0x00,0x00,0x00,0x00,0x00,0x00,0x00,0x00,0x00,0x00,0x00,0x00,0x00,0x00,0x00,0x00,0x00,0x00,0x00,0x00,0x00,0x00,0x00,0x00,0x00,0x00,0x00,0x00,0x00,0x00,0x00,0x00,0x00,0x00,0x00,0x00,0x00,0x00,0x00,
	0x00,0x00,0x00,0x00,0x00,0x00,0x00,0x00,0x00,0x00,0x00,0x00,0x00,0x00,0x00,0x00,0x00,0x00,0x00,0x00,0x00,0x00,0x00,0x00,0x00,0x00,0x00,0x00,0x00,0x00,0x00,0x00,0x00,0x00,0x00,0x00,0x00,0x00,0x00,0x00,0x00,0x00,0x00,0x00,0x00,0x00,0x00,0x00,0x00,0x00,0x00,0x00,0x00,0x00,0x00,0x00,0x00,0x00,0x00,0x00,0x00,0x00,0x00,0x00,
	0x00,0x00,0x00,0x00,0x00,0x00,0x00,0x00,0x00,0x00,0x00,0x00,0x00,0x00,0x00,0x00,0x00,0x00,0x00,0x00,0x00,0x00,0x00,0x00,0x00,0x00,0x00,0x00,0x00,0x00,0x00,0x00,0x00,0x00,0x00,0x00,0x00,0x00,0x00,0x00,0x00,0x00,0xA2,0x50,0x24,0xB2,0x47,0xFB,0x26,0xF3,0x62,0x99,0x40,0x20,0x00,0x00,0x00,0x00,0x00,0x00,0x00,0x00,0x00,0x00,
	0x00,0x00,0x00,0x00,0x00,0x00,0x00,0x00,0x00,0x00,0x00,0x00,0x00,0x00,0x00,0x00,0x00,0x00,0x00,0x00,0x00,0x00,0x00,0x00,0x00,0x00,0x00,0x00,0x00,0x00,0x00,0x00,0x00,0x00,0x00,0x00,0x00,0x00,0x00,0x00,0x00,0x00,0x00,0x00,0x00,0x00,0x00,0x00,0x00,0x00,0x00,0x00,0x00,0x00,0x00,0x00,0x00,0x00,0x00,0x00,0x00,0x00,0x00,0x00,
	0x00,0x00,0x00,0x00,0x00,0x00,0x00,0x00,0x00,0x00,0x00,0x00,0x00,0x00,0x00,0x00,0x00,0x00,0x00,0x00,0x00,0x00,0x00,0x00,0x00,0x00,0x00,0x00,0x00,0x00,0x00,0x00,0x00,0x00,0x00,0x00,0x00,0x00,0x00,0x00,0x00,0x00,0x00,0x00,

	// Alpha Channel 
	
    };
        


const lv_img_dsc_t face_1891_2_390_dial_img_0_1044_0 = {
    .header.magic = LV_IMAGE_HEADER_MAGIC,
    .header.w = 126,
    .header.h = 117,
    .data_size = sizeof(face_1891_2_390_dial_img_0_1044_data_0),
    .header.cf = LV_COLOR_FORMAT_RGB565,
    .data = face_1891_2_390_dial_img_0_1044_data_0};

    