
// File generated by bin2lvgl
// developed by fbiego. 
// https://github.com/fbiego
// Watchface: 1891_2_390

#include "../1891_2_390.h"

#ifndef LV_ATTRIBUTE_MEM_ALIGN
#define LV_ATTRIBUTE_MEM_ALIGN
#endif


// LVGL 9 format (RGB565) // LVGL_9 compatible 
const LV_ATTRIBUTE_MEM_ALIGN uint8_t face_1891_2_390_dial_img_11_45662_data_0[] = {
	//RGB565 data 
	0x00,0x00,0x00,0x00,0x00,0x00,0x00,0x00,0x00,0x00,0x00,0x00,0x00,0x00,0x00,0x00,0x00,0x00,0x00,0x00,0x00,0x00,0x00,0x00,0x00,0x00,0x00,0x00,0x00,0x00,0x00,0x00,0x00,0x00,0x00,0x00,0x00,0x00,0x00,0x00,0x00,0x00,0x00,0x00,0x00,0x00,0x00,0x00,0x00,0x00,0x00,0x00,0x00,0x00,0x00,0x00,0x00,0x00,0x00,0x00,0x00,0x00,0x00,0x00,
	0x00,0x00,0x00,0x00,0x00,0x00,0x00,0x00,0x00,0x00,0x00,0x00,0x00,0x00,0x00,0x00,0x00,0x00,0x00,0x00,0x00,0x00,0x00,0x00,0x00,0x00,0x00,0x00,0x00,0x00,0x00,0x00,0x00,0x00,0x00,0x00,0x00,0x00,0x00,0x00,0x00,0x00,0x00,0x00,0x00,0x00,0x00,0x00,0x00,0x00,0x20,0x00,0xC3,0x18,0xA6,0x31,0xA6,0x31,0xA6,0x31,0xA6,0x31,0xA6,0x31,
	0xA6,0x31,0xA6,0x31,0xA6,0x31,0xA6,0x31,0xA6,0x31,0xA6,0x31,0xA6,0x31,0xA6,0x31,0xA6,0x31,0xA6,0x31,0xA6,0x31,0xA6,0x31,0xA6,0x31,0xA6,0x31,0xA6,0x31,0xC3,0x18,0xC3,0x18,0x00,0x00,0x00,0x00,0x00,0x00,0x00,0x00,0x00,0x00,0x00,0x00,0x00,0x00,0x00,0x00,0x00,0x00,0x00,0x00,0x00,0x00,0x00,0x00,0x00,0x00,0x00,0x00,0x00,0x00,
	0x00,0x00,0x00,0x00,0x00,0x00,0x00,0x00,0x00,0x00,0x00,0x00,0x00,0x00,0x00,0x00,0x00,0x00,0x00,0x00,0x00,0x00,0x00,0x00,0x00,0x00,0x00,0x00,0x00,0x00,0x20,0x00,0xC3,0x18,0xAE,0x73,0x71,0x8C,0x71,0x8C,0x71,0x8C,0x71,0x8C,0x71,0x8C,0x71,0x8C,0x71,0x8C,0x71,0x8C,0x71,0x8C,0x71,0x8C,0x71,0x8C,0x71,0x8C,0x71,0x8C,0x71,0x8C,
	0x71,0x8C,0x71,0x8C,0x71,0x8C,0x71,0x8C,0x71,0x8C,0x71,0x8C,0xAA,0x52,0xA6,0x31,0x20,0x00,0x00,0x00,0x00,0x00,0x00,0x00,0x00,0x00,0x00,0x00,0x00,0x00,0x00,0x00,0x00,0x00,0x00,0x00,0x00,0x00,0x00,0x00,0x00,0x00,0x00,0x00,0x00,0x00,0x00,0x00,0x00,0x00,0x00,0x00,0x00,0x00,0x00,0x00,0x00,0x00,0x00,0x00,0x00,0x00,0x00,0x00,
	0x00,0x00,0x00,0x00,0x00,0x00,0x00,0x00,0x00,0x00,0x00,0x00,0x20,0x00,0xA6,0x31,0x96,0xB5,0x1C,0xE7,0x1C,0xE7,0x1C,0xE7,0x7D,0xEF,0x1C,0xE7,0x1C,0xE7,0x1C,0xE7,0x1C,0xE7,0x1C,0xE7,0x1C,0xE7,0x1C,0xE7,0x1C,0xE7,0x1C,0xE7,0x7D,0xEF,0x1C,0xE7,0x7D,0xEF,0x1C,0xE7,0x1C,0xE7,0x1C,0xE7,0x1C,0xE7,0x71,0x8C,0xAA,0x52,0x20,0x00,
	0x00,0x00,0x00,0x00,0x00,0x00,0x00,0x00,0x00,0x00,0x00,0x00,0x00,0x00,0x00,0x00,0x00,0x00,0x00,0x00,0x00,0x00,0x00,0x00,0x00,0x00,0x00,0x00,0x00,0x00,0x00,0x00,0x00,0x00,0x00,0x00,0x00,0x00,0x00,0x00,0x00,0x00,0x00,0x00,0x00,0x00,0x00,0x00,0x00,0x00,0x00,0x00,0x00,0x00,0x00,0x00,0x00,0x00,0xC3,0x18,0xAA,0x52,0x7A,0xD6,
	0xFF,0xFF,0xFF,0xFF,0xDF,0xFF,0x7D,0xEF,0x7D,0xEF,0x7D,0xEF,0x7D,0xEF,0x7D,0xEF,0xFF,0xFF,0xFF,0xFF,0xFF,0xFF,0xFF,0xFF,0x7D,0xEF,0x7D,0xEF,0x7D,0xEF,0x7D,0xEF,0x7D,0xEF,0xDF,0xFF,0xFF,0xFF,0xFF,0xFF,0x96,0xB5,0xAA,0x52,0x20,0x00,0x00,0x00,0x00,0x00,0x00,0x00,0x00,0x00,0x00,0x00,0x00,0x00,0x00,0x00,0x00,0x00,0x00,0x00,
	0x00,0x00,0x00,0x00,0x00,0x00,0x00,0x00,0x00,0x00,0x00,0x00,0x00,0x00,0x00,0x00,0x00,0x00,0x00,0x00,0x00,0x00,0x00,0x00,0x00,0x00,0x00,0x00,0x00,0x00,0x00,0x00,0x00,0x00,0x00,0x00,0x00,0x00,0x00,0x00,0xC3,0x18,0xAA,0x52,0x38,0xC6,0xFF,0xFF,0xFF,0xFF,0x38,0xC6,0x71,0x8C,0x71,0x8C,0x71,0x8C,0x71,0x8C,0x96,0xB5,0x7A,0xD6,
	0xFF,0xFF,0xFF,0xFF,0x1C,0xE7,0x96,0xB5,0x71,0x8C,0x71,0x8C,0x71,0x8C,0x71,0x8C,0x38,0xC6,0x7D,0xEF,0xFF,0xFF,0x96,0xB5,0xAA,0x52,0x20,0x00,0x00,0x00,0x00,0x00,0x00,0x00,0x00,0x00,0x00,0x00,0x00,0x00,0x00,0x00,0x00,0x00,0x00,0x00,0x00,0x00,0x00,0x00,0x00,0x00,0x00,0x00,0x00,0x00,0x00,0x00,0x00,0x00,0x00,0x00,0x00,0x00,
	0x00,0x00,0x00,0x00,0x00,0x00,0x00,0x00,0x00,0x00,0x00,0x00,0x00,0x00,0x00,0x00,0x00,0x00,0x00,0x00,0x00,0x00,0xC3,0x18,0xAA,0x52,0x38,0xC6,0xFF,0xFF,0xFF,0xFF,0x71,0x8C,0xA6,0x31,0xA6,0x31,0xAA,0x52,0xAA,0x52,0xAE,0x73,0x38,0xC6,0xDF,0xFF,0xDF,0xFF,0x7A,0xD6,0xAE,0x73,0xA6,0x31,0xAA,0x52,0xA6,0x31,0xAA,0x52,0x71,0x8C,
	0x7A,0xD6,0xFF,0xFF,0x96,0xB5,0xAA,0x52,0x20,0x00,0x00,0x00,0x00,0x00,0x00,0x00,0x00,0x00,0x00,0x00,0x00,0x00,0x00,0x00,0x00,0x00,0x00,0x00,0x00,0x00,0x00,0x00,0x00,0x00,0x00,0x00,0x00,0x00,0x00,0x00,0x00,0x00,0x00,0x00,0x00,0x00,0x00,0x00,0x00,0x00,0x00,0x00,0x00,0x00,0x00,0x00,0x00,0x00,0x00,0x00,0x00,0x00,0x00,0x00,
	0x00,0x00,0x00,0x00,0xC3,0x18,0xAA,0x52,0x38,0xC6,0xFF,0xFF,0xFF,0xFF,0xAE,0x73,0x20,0x00,0xA6,0x31,0xAA,0x52,0xAA,0x52,0x71,0x8C,0x38,0xC6,0xDF,0xFF,0xDF,0xFF,0x7A,0xD6,0xAE,0x73,0xAA,0x52,0xAA,0x52,0xA6,0x31,0xA6,0x31,0xAE,0x73,0x38,0xC6,0xFF,0xFF,0x96,0xB5,0xAA,0x52,0x20,0x00,0x00,0x00,0x00,0x00,0x00,0x00,0x00,0x00,
	0x00,0x00,0x00,0x00,0x00,0x00,0x00,0x00,0x00,0x00,0x00,0x00,0x00,0x00,0x00,0x00,0x00,0x00,0x00,0x00,0x00,0x00,0x00,0x00,0x00,0x00,0x00,0x00,0x00,0x00,0x00,0x00,0x00,0x00,0x00,0x00,0x00,0x00,0x00,0x00,0x00,0x00,0x00,0x00,0x00,0x00,0x00,0x00,0x00,0x00,0xC3,0x18,0xAA,0x52,0x38,0xC6,0xFF,0xFF,0xFF,0xFF,0x71,0x8C,0xA6,0x31,
	0x38,0xC6,0x1C,0xE7,0x1C,0xE7,0x7D,0xEF,0xDF,0xFF,0xFF,0xFF,0xFF,0xFF,0xDF,0xFF,0x7D,0xEF,0x1C,0xE7,0x1C,0xE7,0x96,0xB5,0xAE,0x73,0xAE,0x73,0x96,0xB5,0xFF,0xFF,0x96,0xB5,0xAA,0x52,0x20,0x00,0x00,0x00,0x00,0x00,0x00,0x00,0x00,0x00,0x00,0x00,0x00,0x00,0x00,0x00,0x00,0x00,0x00,0x00,0x00,0x00,0x00,0x00,0x00,0x00,0x00,0x00,
	0x00,0x00,0x00,0x00,0x00,0x00,0x00,0x00,0x00,0x00,0x00,0x00,0x00,0x00,0x00,0x00,0x00,0x00,0x00,0x00,0x00,0x00,0x00,0x00,0x00,0x00,0x00,0x00,0x00,0x00,0x00,0x00,0xC3,0x18,0xAA,0x52,0x38,0xC6,0xFF,0xFF,0xFF,0xFF,0x71,0x8C,0xA6,0x31,0x96,0xB5,0x1C,0xE7,0x1C,0xE7,0x7D,0xEF,0xDF,0xFF,0xFF,0xFF,0xFF,0xFF,0xDF,0xFF,0x1C,0xE7,
	0x1C,0xE7,0x1C,0xE7,0x96,0xB5,0xAE,0x73,0xAE,0x73,0x96,0xB5,0xFF,0xFF,0x96,0xB5,0xAA,0x52,0x20,0x00,0x00,0x00,0x00,0x00,0x00,0x00,0x00,0x00,0x00,0x00,0x00,0x00,0x00,0x00,0x00,0x00,0x00,0x00,0x00,0x00,0x00,0x00,0x00,0x00,0x00,0x00,0x00,0x00,0x00,0x00,0x00,0x00,0x00,0x00,0x00,0x00,0x00,0x00,0x00,0x00,0x00,0x00,0x00,0x00,
	0x00,0x00,0x00,0x00,0x00,0x00,0x00,0x00,0x00,0x00,0x00,0x00,0x00,0x00,0xC3,0x18,0xAA,0x52,0x38,0xC6,0xFF,0xFF,0xFF,0xFF,0x71,0x8C,0xC3,0x18,0xAE,0x73,0x71,0x8C,0xAE,0x73,0x96,0xB5,0x7A,0xD6,0xDF,0xFF,0xFF,0xFF,0x1C,0xE7,0x71,0x8C,0xAE,0x73,0x71,0x8C,0xAA,0x52,0xA6,0x31,0xAE,0x73,0x38,0xC6,0xFF,0xFF,0x96,0xB5,0xAA,0x52,
	0x20,0x00,0x00,0x00,0x00,0x00,0x00,0x00,0x00,0x00,0x00,0x00,0x00,0x00,0x00,0x00,0x00,0x00,0x00,0x00,0x00,0x00,0x00,0x00,0x00,0x00,0x00,0x00,0x00,0x00,0x00,0x00,0x00,0x00,0x00,0x00,0x00,0x00,0x00,0x00,0x00,0x00,0x00,0x00,0x00,0x00,0x00,0x00,0x00,0x00,0x00,0x00,0x00,0x00,0x00,0x00,0x00,0x00,0x00,0x00,0xC3,0x18,0xAA,0x52,
	0x38,0xC6,0xFF,0xFF,0xFF,0xFF,0x71,0x8C,0xC3,0x18,0xA6,0x31,0xA6,0x31,0xA6,0x31,0xAE,0x73,0x38,0xC6,0xDF,0xFF,0xDF,0xFF,0x7A,0xD6,0xAE,0x73,0xA6,0x31,0xA6,0x31,0xA6,0x31,0xA6,0x31,0xAE,0x73,0x38,0xC6,0xFF,0xFF,0x96,0xB5,0xAA,0x52,0x20,0x00,0x00,0x00,0x20,0x00,0xAA,0x52,0x71,0x8C,0xAE,0x73,0xAE,0x73,0xAE,0x73,0xAE,0x73,
	0xAE,0x73,0xAE,0x73,0xAE,0x73,0xAE,0x73,0xAE,0x73,0xAE,0x73,0xAE,0x73,0xAE,0x73,0xAE,0x73,0xAE,0x73,0xAE,0x73,0xAE,0x73,0xAE,0x73,0xAE,0x73,0xAE,0x73,0xAE,0x73,0xAE,0x73,0xAE,0x73,0xAE,0x73,0xAE,0x73,0x00,0x00,0xC3,0x18,0xAA,0x52,0x38,0xC6,0xFF,0xFF,0xFF,0xFF,0x96,0xB5,0xAA,0x52,0xAA,0x52,0xAE,0x73,0xAE,0x73,0x71,0x8C,
	0x7A,0xD6,0xFF,0xFF,0xFF,0xFF,0x7A,0xD6,0x71,0x8C,0xAA,0x52,0xAE,0x73,0xAE,0x73,0xAE,0x73,0x71,0x8C,0x7A,0xD6,0xFF,0xFF,0x96,0xB5,0xAA,0x52,0x20,0x00,0x00,0x00,0xC3,0x18,0x96,0xB5,0x7D,0xEF,0x1C,0xE7,0x1C,0xE7,0x1C,0xE7,0x1C,0xE7,0x1C,0xE7,0x1C,0xE7,0x1C,0xE7,0x1C,0xE7,0x1C,0xE7,0x1C,0xE7,0x1C,0xE7,0x1C,0xE7,0x1C,0xE7,
	0x1C,0xE7,0x1C,0xE7,0x1C,0xE7,0x1C,0xE7,0x1C,0xE7,0x1C,0xE7,0x1C,0xE7,0x1C,0xE7,0x1C,0xE7,0x1C,0xE7,0x1C,0xE7,0x00,0x00,0xC3,0x18,0xAA,0x52,0x38,0xC6,0xFF,0xFF,0xFF,0xFF,0x7A,0xD6,0x38,0xC6,0x1C,0xE7,0xDF,0xFF,0xDF,0xFF,0xDF,0xFF,0xFF,0xFF,0xFF,0xFF,0xFF,0xFF,0xFF,0xFF,0xDF,0xFF,0x7D,0xEF,0xDF,0xFF,0xDF,0xFF,0x7D,0xEF,
	0x38,0xC6,0x1C,0xE7,0xFF,0xFF,0x96,0xB5,0xAA,0x52,0x20,0x00,0x00,0x00,0xC3,0x18,0x38,0xC6,0xFF,0xFF,0xDF,0xFF,0xDF,0xFF,0xDF,0xFF,0xDF,0xFF,0xDF,0xFF,0xDF,0xFF,0xDF,0xFF,0xDF,0xFF,0xDF,0xFF,0xDF,0xFF,0xDF,0xFF,0xDF,0xFF,0xDF,0xFF,0xDF,0xFF,0xDF,0xFF,0xDF,0xFF,0xDF,0xFF,0xDF,0xFF,0xDF,0xFF,0xDF,0xFF,0xDF,0xFF,0xDF,0xFF,
	0xDF,0xFF,0xDF,0xFF,0x00,0x00,0xC3,0x18,0xAA,0x52,0x38,0xC6,0xFF,0xFF,0xFF,0xFF,0x7A,0xD6,0x96,0xB5,0x38,0xC6,0x38,0xC6,0x38,0xC6,0x38,0xC6,0x38,0xC6,0x38,0xC6,0x38,0xC6,0x38,0xC6,0x38,0xC6,0x38,0xC6,0x38,0xC6,0x7A,0xD6,0x7A,0xD6,0x96,0xB5,0x7A,0xD6,0xFF,0xFF,0x96,0xB5,0xAA,0x52,0x20,0x00,0x00,0x00,0xC3,0x18,0x7A,0xD6,
	0xFF,0xFF,0xFF,0xFF,0xFF,0xFF,0xFF,0xFF,0xFF,0xFF,0xFF,0xFF,0xFF,0xFF,0xFF,0xFF,0xFF,0xFF,0xFF,0xFF,0xFF,0xFF,0xFF,0xFF,0xFF,0xFF,0xFF,0xFF,0xFF,0xFF,0xFF,0xFF,0xFF,0xFF,0xFF,0xFF,0xFF,0xFF,0xFF,0xFF,0xFF,0xFF,0xFF,0xFF,0xFF,0xFF,0xFF,0xFF,0xFF,0xFF,0x00,0x00,0xC3,0x18,0xAA,0x52,0x38,0xC6,0xFF,0xFF,0xFF,0xFF,0x96,0xB5,
	0xAA,0x52,0xAE,0x73,0x71,0x8C,0xAE,0x73,0xAE,0x73,0xAE,0x73,0xAE,0x73,0xAE,0x73,0xAE,0x73,0xAE,0x73,0x71,0x8C,0x71,0x8C,0xAE,0x73,0xAE,0x73,0x71,0x8C,0x7A,0xD6,0xFF,0xFF,0x96,0xB5,0xAA,0x52,0x20,0x00,0x00,0x00,0xC3,0x18,0x96,0xB5,0x7D,0xEF,0x7D,0xEF,0x7D,0xEF,0x7D,0xEF,0x7D,0xEF,0x7D,0xEF,0x7D,0xEF,0x7D,0xEF,0x7D,0xEF,
	0x7D,0xEF,0x7D,0xEF,0x7D,0xEF,0x7D,0xEF,0x7D,0xEF,0x7D,0xEF,0x7D,0xEF,0x7D,0xEF,0x7D,0xEF,0x7D,0xEF,0x7D,0xEF,0x7D,0xEF,0x7D,0xEF,0x7D,0xEF,0x7D,0xEF,0x7D,0xEF,0x00,0x00,0xC3,0x18,0xAA,0x52,0x38,0xC6,0xFF,0xFF,0xFF,0xFF,0xAE,0x73,0xC3,0x18,0x71,0x8C,0x38,0xC6,0x96,0xB5,0x96,0xB5,0x96,0xB5,0x96,0xB5,0x96,0xB5,0x96,0xB5,
	0x96,0xB5,0x96,0xB5,0x96,0xB5,0xAE,0x73,0xA6,0x31,0xAE,0x73,0x38,0xC6,0xFF,0xFF,0x96,0xB5,0xAA,0x52,0x20,0x00,0x00,0x00,0x20,0x00,0xA6,0x31,0xA6,0x31,0xA6,0x31,0xA6,0x31,0xA6,0x31,0xA6,0x31,0xA6,0x31,0xA6,0x31,0xA6,0x31,0xA6,0x31,0xA6,0x31,0xA6,0x31,0xA6,0x31,0xA6,0x31,0xA6,0x31,0xA6,0x31,0xA6,0x31,0xA6,0x31,0xA6,0x31,
	0xA6,0x31,0xA6,0x31,0xA6,0x31,0xA6,0x31,0xA6,0x31,0xA6,0x31,0xA6,0x31,0x00,0x00,0xC3,0x18,0xAA,0x52,0x7A,0xD6,0xFF,0xFF,0xDF,0xFF,0xAA,0x52,0x00,0x00,0x96,0xB5,0x1C,0xE7,0x1C,0xE7,0x1C,0xE7,0x1C,0xE7,0x1C,0xE7,0x1C,0xE7,0x1C,0xE7,0x1C,0xE7,0x1C,0xE7,0x1C,0xE7,0xAE,0x73,0xA6,0x31,0xAE,0x73,0x38,0xC6,0xFF,0xFF,0x96,0xB5,
	0xAA,0x52,0x20,0x00,0x00,0x00,0x00,0x00,0x00,0x00,0x00,0x00,0x00,0x00,0x00,0x00,0x00,0x00,0x00,0x00,0x00,0x00,0x00,0x00,0x00,0x00,0x00,0x00,0x00,0x00,0x00,0x00,0x00,0x00,0x00,0x00,0x00,0x00,0x00,0x00,0x00,0x00,0x00,0x00,0x00,0x00,0x00,0x00,0x00,0x00,0x00,0x00,0x00,0x00,0x00,0x00,0x00,0x00,0x00,0x00,0x00,0x00,0xC3,0x18,
	0xAA,0x52,0x7A,0xD6,0xFF,0xFF,0x1C,0xE7,0xAA,0x52,0x20,0x00,0x38,0xC6,0xFF,0xFF,0xFF,0xFF,0xFF,0xFF,0xFF,0xFF,0xFF,0xFF,0xFF,0xFF,0xFF,0xFF,0xFF,0xFF,0xFF,0xFF,0xFF,0xFF,0x71,0x8C,0xA6,0x31,0xAE,0x73,0x38,0xC6,0xFF,0xFF,0x96,0xB5,0xAA,0x52,0x20,0x00,0x00,0x00,0x00,0x00,0x00,0x00,0x00,0x00,0x00,0x00,0x00,0x00,0x00,0x00,
	0x00,0x00,0x00,0x00,0x00,0x00,0x00,0x00,0x00,0x00,0x00,0x00,0x00,0x00,0x00,0x00,0x00,0x00,0x00,0x00,0x00,0x00,0x00,0x00,0x00,0x00,0x00,0x00,0x00,0x00,0x00,0x00,0x00,0x00,0x00,0x00,0x00,0x00,0x00,0x00,0x00,0x00,0x00,0x00,0xC3,0x18,0xAE,0x73,0x1C,0xE7,0xFF,0xFF,0x7A,0xD6,0xAA,0x52,0x20,0x00,0x38,0xC6,0xFF,0xFF,0xFF,0xFF,
	0x7A,0xD6,0x96,0xB5,0x96,0xB5,0x96,0xB5,0x96,0xB5,0x1C,0xE7,0xFF,0xFF,0xFF,0xFF,0x71,0x8C,0xA6,0x31,0xAE,0x73,0x38,0xC6,0xFF,0xFF,0x96,0xB5,0xAA,0x52,0x20,0x00,0x00,0x00,0x00,0x00,0x00,0x00,0x00,0x00,0x00,0x00,0x00,0x00,0x00,0x00,0x00,0x00,0x00,0x00,0x00,0x00,0x00,0x00,0x00,0x00,0x00,0x00,0x00,0x00,0x00,0x00,0x00,0x00,
	0x00,0x00,0x00,0x00,0x00,0x00,0x00,0x00,0x00,0x00,0x00,0x00,0x00,0x00,0x00,0x00,0x00,0x00,0x00,0x00,0x00,0x00,0x00,0x00,0x00,0x00,0xA6,0x31,0x71,0x8C,0x1C,0xE7,0xFF,0xFF,0x7A,0xD6,0xAA,0x52,0x20,0x00,0x38,0xC6,0xFF,0xFF,0xFF,0xFF,0x96,0xB5,0xAA,0x52,0xAE,0x73,0xAA,0x52,0xAE,0x73,0x38,0xC6,0xDF,0xFF,0xFF,0xFF,0x71,0x8C,
	0xA6,0x31,0xAE,0x73,0x38,0xC6,0xFF,0xFF,0x96,0xB5,0xAA,0x52,0x20,0x00,0x00,0x00,0x00,0x00,0x00,0x00,0x00,0x00,0x00,0x00,0x00,0x00,0x00,0x00,0x00,0x00,0x00,0x00,0x00,0x00,0x00,0x00,0x00,0x00,0x00,0x00,0x00,0x00,0x00,0x00,0x00,0x00,0x00,0x00,0x00,0x00,0x00,0x00,0x00,0x00,0x00,0x00,0x00,0x00,0x00,0x00,0x00,0x00,0x00,0x00,
	0x00,0x00,0x00,0x00,0x00,0x00,0x00,0x00,0xA6,0x31,0x96,0xB5,0x7D,0xEF,0xDF,0xFF,0x38,0xC6,0xA6,0x31,0x20,0x00,0x38,0xC6,0xFF,0xFF,0xFF,0xFF,0x71,0x8C,0xA6,0x31,0xA6,0x31,0xA6,0x31,0xA6,0x31,0x96,0xB5,0x7D,0xEF,0xFF,0xFF,0x71,0x8C,0xA6,0x31,0xAE,0x73,0x38,0xC6,0xFF,0xFF,0x96,0xB5,0xAA,0x52,0x20,0x00,0x00,0x00,0x00,0x00,
	0x00,0x00,0x00,0x00,0x00,0x00,0x00,0x00,0x00,0x00,0x00,0x00,0x00,0x00,0x00,0x00,0x00,0x00,0x00,0x00,0x00,0x00,0x00,0x00,0x00,0x00,0x00,0x00,0x00,0x00,0x00,0x00,0x00,0x00,0x00,0x00,0x00,0x00,0x00,0x00,0x00,0x00,0x00,0x00,0x00,0x00,0x00,0x00,0x00,0x00,0x00,0x00,0x00,0x00,0xAA,0x52,0x7A,0xD6,0xDF,0xFF,0x7D,0xEF,0x96,0xB5,
	0xA6,0x31,0xC3,0x18,0x7A,0xD6,0xFF,0xFF,0xFF,0xFF,0x38,0xC6,0x71,0x8C,0x71,0x8C,0x71,0x8C,0x71,0x8C,0x7A,0xD6,0xDF,0xFF,0xFF,0xFF,0x71,0x8C,0xA6,0x31,0xAE,0x73,0x38,0xC6,0xFF,0xFF,0x96,0xB5,0xAA,0x52,0x20,0x00,0x00,0x00,0x00,0x00,0x00,0x00,0x00,0x00,0x00,0x00,0x00,0x00,0x00,0x00,0x00,0x00,0x00,0x00,0x00,0x00,0x00,0x00,
	0x00,0x00,0x00,0x00,0x00,0x00,0x00,0x00,0x00,0x00,0x00,0x00,0x00,0x00,0x00,0x00,0x00,0x00,0x00,0x00,0x00,0x00,0x00,0x00,0x00,0x00,0x00,0x00,0x00,0x00,0x00,0x00,0x00,0x00,0x20,0x00,0xAA,0x52,0xFF,0xFF,0xFF,0xFF,0x1C,0xE7,0xAE,0x73,0xC3,0x18,0xC3,0x18,0x38,0xC6,0xFF,0xFF,0xFF,0xFF,0xFF,0xFF,0xFF,0xFF,0xFF,0xFF,0xFF,0xFF,
	0xFF,0xFF,0xFF,0xFF,0xFF,0xFF,0xFF,0xFF,0x71,0x8C,0xA6,0x31,0xAE,0x73,0x7A,0xD6,0xFF,0xFF,0x96,0xB5,0xAA,0x52,0x20,0x00,0x00,0x00,0x00,0x00,0x00,0x00,0x00,0x00,0x00,0x00,0x00,0x00,0x00,0x00,0x00,0x00,0x00,0x00,0x00,0x00,0x00,0x00,0x00,0x00,0x00,0x00,0x00,0x00,0x00,0x00,0x00,0x00,0x00,0x00,0x00,0x00,0x00,0x00,0x00,0x00,
	0x00,0x00,0x00,0x00,0x00,0x00,0x00,0x00,0x00,0x00,0x00,0x00,0x00,0x00,0x00,0x00,0xA6,0x31,0x71,0x8C,0xFF,0xFF,0xFF,0xFF,0x7A,0xD6,0xA6,0x31,0x20,0x00,0xC3,0x18,0x96,0xB5,0x7D,0xEF,0x1C,0xE7,0x1C,0xE7,0x1C,0xE7,0x1C,0xE7,0x1C,0xE7,0x1C,0xE7,0x7D,0xEF,0xDF,0xFF,0xFF,0xFF,0x71,0x8C,0xAA,0x52,0x96,0xB5,0x7D,0xEF,0xFF,0xFF,
	0x96,0xB5,0xAA,0x52,0x20,0x00,0x00,0x00,0x00,0x00,0x00,0x00,0x00,0x00,0x00,0x00,0x00,0x00,0x00,0x00,0x00,0x00,0x00,0x00,0x00,0x00,0x00,0x00,0x00,0x00,0x00,0x00,0x00,0x00,0x00,0x00,0x00,0x00,0x00,0x00,0x00,0x00,0x00,0x00,0x00,0x00,0x00,0x00,0x00,0x00,0x00,0x00,0x00,0x00,0x00,0x00,0x00,0x00,0x00,0x00,0x00,0x00,0x71,0x8C,
	0x38,0xC6,0xFF,0xFF,0xDF,0xFF,0x96,0xB5,0xC3,0x18,0x00,0x00,0x20,0x00,0xAE,0x73,0x71,0x8C,0x71,0x8C,0x71,0x8C,0x71,0x8C,0x71,0x8C,0x71,0x8C,0x71,0x8C,0x71,0x8C,0x38,0xC6,0xFF,0xFF,0x38,0xC6,0x96,0xB5,0x1C,0xE7,0xFF,0xFF,0xFF,0xFF,0x96,0xB5,0xAA,0x52,0x20,0x00,0x00,0x00,0x00,0x00,0x00,0x00,0x00,0x00,0x00,0x00,0x00,0x00,
	0x00,0x00,0x00,0x00,0x00,0x00,0x00,0x00,0x00,0x00,0x00,0x00,0x00,0x00,0x00,0x00,0x00,0x00,0x00,0x00,0x00,0x00,0x00,0x00,0x00,0x00,0x00,0x00,0x00,0x00,0x00,0x00,0x00,0x00,0x00,0x00,0x00,0x00,0x00,0x00,0x00,0x00,0x00,0x00,0x1C,0xE7,0x7D,0xEF,0xFF,0xFF,0x1C,0xE7,0x71,0x8C,0x20,0x00,0x00,0x00,0x00,0x00,0x20,0x00,0x20,0x00,
	0x20,0x00,0x20,0x00,0x20,0x00,0x20,0x00,0x20,0x00,0x20,0x00,0xC3,0x18,0xAE,0x73,0xDF,0xFF,0xFF,0xFF,0xFF,0xFF,0xFF,0xFF,0xFF,0xFF,0xFF,0xFF,0x71,0x8C,0xA6,0x31,0x20,0x00,0x00,0x00,0x00,0x00,0x00,0x00,0x00,0x00,0x00,0x00,0x00,0x00,0x00,0x00,0x00,0x00,0x00,0x00,0x00,0x00,0x00,0x00,0x00,0x00,0x00,0x00,0x00,0x00,0x00,0x00,
	0x00,0x00,0x00,0x00,0x00,0x00,0x00,0x00,0x00,0x00,0x00,0x00,0x00,0x00,0x00,0x00,0x00,0x00,0x00,0x00,0x00,0x00,0x00,0x00,0x00,0x00,0x71,0x8C,0x38,0xC6,0xDF,0xFF,0x96,0xB5,0xAA,0x52,0x20,0x00,0x00,0x00,0x00,0x00,0x00,0x00,0x00,0x00,0x00,0x00,0x00,0x00,0x00,0x00,0x00,0x00,0x00,0x00,0x00,0x00,0x00,0x00,0xAA,0x52,0x1C,0xE7,
	0xDF,0xFF,0x7D,0xEF,0x1C,0xE7,0x7A,0xD6,0x96,0xB5,0xAA,0x52,0xC3,0x18,0x00,0x00,0x00,0x00,0x00,0x00,0x00,0x00,0x00,0x00,0x00,0x00,0x00,0x00,0x00,0x00,0x00,0x00,0x00,0x00,0x00,0x00,0x00,0x00,0x00,0x00,0x00,0x00,0x00,0x00,0x00,0x00,0x00,0x00,0x00,0x00,0x00,0x00,0x00,0x00,0x00,0x00,0x00,0x00,0x00,0x00,0x00,0x00,0x00,0x00,
	0x00,0x00,0x00,0x00,0x00,0x00,0x00,0x00,0xC3,0x18,0xAE,0x73,0x96,0xB5,0xAE,0x73,0xC3,0x18,0x00,0x00,0x00,0x00,0x00,0x00,0x00,0x00,0x00,0x00,0x00,0x00,0x00,0x00,0x00,0x00,0x00,0x00,0x00,0x00,0x00,0x00,0x00,0x00,0xA6,0x31,0x71,0x8C,0x96,0xB5,0x96,0xB5,0x71,0x8C,0xAE,0x73,0xAA,0x52,0xC3,0x18,0x00,0x00,0x00,0x00,0x00,0x00,
	0x00,0x00,0x00,0x00,0x00,0x00,0x00,0x00,0x00,0x00,0x00,0x00,0x00,0x00,0x00,0x00,0x00,0x00,0x00,0x00,0x00,0x00,0x00,0x00,0x00,0x00,0x00,0x00,0x00,0x00,0x00,0x00,0x00,0x00,0x00,0x00,0x00,0x00,0x00,0x00,0x00,0x00,0x00,0x00,0x00,0x00,0x00,0x00,0x00,0x00,0x00,0x00,0x00,0x00,

	// Alpha Channel 
	0x00,0x00,0x00,0x00,0x00,0x00,0x00,0x00,0x00,0x00,0x00,0x00,0x00,0x00,0x00,0x00,0x00,0x00,0x00,0x00,0x00,0x00,0x00,0x00,0x00,0x00,0x00,0x00,0x00,0x00,0x00,0x00,0x00,0x00,0x00,0x00,0x00,0x00,0x00,0x00,0x00,0x00,0x00,0x00,0x00,0x00,0x00,0x00,0x00,0x00,0x00,0x00,0x00,0x00,0x00,0x00,0x00,0xFF,0xFF,0xFF,0xFF,0xFF,0xFF,0xFF,
	0xFF,0xFF,0xFF,0xFF,0xFF,0xFF,0xFF,0xFF,0xFF,0xFF,0xFF,0xFF,0xFF,0xFF,0xFF,0xFF,0xFF,0x00,0x00,0x00,0x00,0x00,0x00,0x00,0x00,0x00,0x00,0x00,0x00,0x00,0x00,0x00,0x00,0x00,0x00,0x00,0x00,0x00,0x00,0x00,0x00,0x00,0x00,0x00,0x00,0x00,0x00,0xFF,0xFF,0xFF,0xFF,0xFF,0xFF,0xFF,0xFF,0xFF,0xFF,0xFF,0xFF,0xFF,0xFF,0xFF,0xFF,0xFF,
	0xFF,0xFF,0xFF,0xFF,0xFF,0xFF,0xFF,0xFF,0xFF,0x00,0x00,0x00,0x00,0x00,0x00,0x00,0x00,0x00,0x00,0x00,0x00,0x00,0x00,0x00,0x00,0x00,0x00,0x00,0x00,0x00,0x00,0x00,0x00,0x00,0x00,0x00,0x00,0x00,0xFF,0xFF,0xFF,0xFF,0xFF,0xFF,0xFF,0xFF,0xFF,0xFF,0xFF,0xFF,0xFF,0xFF,0xFF,0xFF,0xFF,0xFF,0xFF,0xFF,0xFF,0xFF,0xFF,0xFF,0xFF,0xFF,
	0x00,0x00,0x00,0x00,0x00,0x00,0x00,0x00,0x00,0x00,0x00,0x00,0x00,0x00,0x00,0x00,0x00,0x00,0x00,0x00,0x00,0x00,0x00,0x00,0x00,0x00,0x00,0x00,0x00,0xFF,0xFF,0xFF,0xFF,0xFF,0xFF,0xFF,0xFF,0xFF,0xFF,0xFF,0xFF,0xFF,0xFF,0xFF,0xFF,0xFF,0xFF,0xFF,0xFF,0xFF,0xFF,0xFF,0xFF,0xFF,0xFF,0x00,0x00,0x00,0x00,0x00,0x00,0x00,0x00,0x00,
	0x00,0x00,0x00,0x00,0x00,0x00,0x00,0x00,0x00,0x00,0x00,0x00,0x00,0x00,0x00,0x00,0x00,0x00,0x00,0x00,0xFF,0xFF,0xFF,0xFF,0xFF,0xFF,0xFF,0xFF,0xFF,0xFF,0xFF,0xFF,0xFF,0xFF,0xFF,0xFF,0xFF,0xFF,0xFF,0xFF,0xFF,0xFF,0xFF,0xFF,0xFF,0xFF,0x00,0x00,0x00,0x00,0x00,0x00,0x00,0x00,0x00,0x00,0x00,0x00,0x00,0x00,0x00,0x00,0x00,0x00,
	0x00,0x00,0x00,0x00,0x00,0x00,0x00,0x00,0x00,0x00,0x00,0xFF,0xFF,0xFF,0xFF,0xFF,0xFF,0xFF,0xFF,0xFF,0xFF,0xFF,0xFF,0xFF,0xFF,0xFF,0xFF,0xFF,0xFF,0xFF,0xFF,0xFF,0xFF,0xFF,0xFF,0xFF,0xFF,0x00,0x00,0x00,0x00,0x00,0x00,0x00,0x00,0x00,0x00,0x00,0x00,0x00,0x00,0x00,0x00,0x00,0x00,0x00,0x00,0x00,0x00,0x00,0x00,0x00,0x00,0x00,
	0x00,0x00,0xFF,0xFF,0xFF,0xFF,0xFF,0xFF,0xFF,0xFF,0xFF,0xFF,0xFF,0xFF,0xFF,0xFF,0xFF,0xFF,0xFF,0xFF,0xFF,0xFF,0xFF,0xFF,0xFF,0xFF,0xFF,0xFF,0x00,0x00,0x00,0x00,0x00,0x00,0x00,0x00,0x00,0x00,0x00,0x00,0x00,0x00,0x00,0x00,0x00,0x00,0x00,0x00,0x00,0x00,0x00,0x00,0x00,0x00,0x00,0x00,0x00,0xFF,0xFF,0xFF,0xFF,0xFF,0xFF,0xFF,
	0xFF,0xFF,0xFF,0xFF,0xFF,0xFF,0xFF,0xFF,0xFF,0xFF,0xFF,0xFF,0xFF,0xFF,0xFF,0xFF,0xFF,0xFF,0xFF,0x00,0x00,0x00,0x00,0x00,0x00,0x00,0x00,0x00,0x00,0x00,0x00,0x00,0x00,0x00,0x00,0x00,0x00,0x00,0x00,0x00,0x00,0x00,0x00,0x00,0x00,0x00,0x00,0x00,0xFF,0xFF,0xFF,0xFF,0xFF,0xFF,0xFF,0xFF,0xFF,0xFF,0xFF,0xFF,0xFF,0xFF,0xFF,0xFF,
	0xFF,0xFF,0xFF,0xFF,0xFF,0xFF,0xFF,0xFF,0xFF,0xFF,0x00,0x00,0x00,0x00,0x00,0x00,0x00,0x00,0x00,0x00,0x00,0x00,0x00,0x00,0x00,0x00,0x00,0x00,0x00,0x00,0x00,0x00,0x00,0x00,0x00,0x00,0x00,0x00,0x00,0xFF,0xFF,0xFF,0xFF,0xFF,0xFF,0xFF,0xFF,0xFF,0xFF,0xFF,0xFF,0xFF,0xFF,0xFF,0xFF,0xFF,0xFF,0xFF,0xFF,0xFF,0xFF,0xFF,0xFF,0xFF,
	0xFF,0x00,0x00,0x00,0x00,0x00,0x00,0x00,0x00,0x00,0x00,0x00,0x00,0x00,0x00,0x00,0x00,0x00,0x00,0x00,0x00,0x00,0x00,0x00,0x00,0x00,0x00,0x00,0x00,0x00,0xFF,0xFF,0xFF,0xFF,0xFF,0xFF,0xFF,0xFF,0xFF,0xFF,0xFF,0xFF,0xFF,0xFF,0xFF,0xFF,0xFF,0xFF,0xFF,0xFF,0xFF,0xFF,0xFF,0xFF,0xFF,0xFF,0x00,0xFF,0xFF,0xFF,0xFF,0xFF,0xFF,0xFF,
	0xFF,0xFF,0xFF,0xFF,0xFF,0xFF,0xFF,0xFF,0xFF,0xFF,0xFF,0xFF,0xFF,0xFF,0xFF,0xFF,0xFF,0xFF,0xFF,0xFF,0x00,0xFF,0xFF,0xFF,0xFF,0xFF,0xFF,0xFF,0xFF,0xFF,0xFF,0xFF,0xFF,0xFF,0xFF,0xFF,0xFF,0xFF,0xFF,0xFF,0xFF,0xFF,0xFF,0xFF,0xFF,0xFF,0xFF,0x00,0xFF,0xFF,0xFF,0xFF,0xFF,0xFF,0xFF,0xFF,0xFF,0xFF,0xFF,0xFF,0xFF,0xFF,0xFF,0xFF,
	0xFF,0xFF,0xFF,0xFF,0xFF,0xFF,0xFF,0xFF,0xFF,0xFF,0xFF,0x00,0xFF,0xFF,0xFF,0xFF,0xFF,0xFF,0xFF,0xFF,0xFF,0xFF,0xFF,0xFF,0xFF,0xFF,0xFF,0xFF,0xFF,0xFF,0xFF,0xFF,0xFF,0xFF,0xFF,0xFF,0xFF,0xFF,0x00,0xFF,0xFF,0xFF,0xFF,0xFF,0xFF,0xFF,0xFF,0xFF,0xFF,0xFF,0xFF,0xFF,0xFF,0xFF,0xFF,0xFF,0xFF,0xFF,0xFF,0xFF,0xFF,0xFF,0xFF,0xFF,
	0xFF,0xFF,0x00,0xFF,0xFF,0xFF,0xFF,0xFF,0xFF,0xFF,0xFF,0xFF,0xFF,0xFF,0xFF,0xFF,0xFF,0xFF,0xFF,0xFF,0xFF,0xFF,0xFF,0xFF,0xFF,0xFF,0xFF,0xFF,0xFF,0x00,0xFF,0xFF,0xFF,0xFF,0xFF,0xFF,0xFF,0xFF,0xFF,0xFF,0xFF,0xFF,0xFF,0xFF,0xFF,0xFF,0xFF,0xFF,0xFF,0xFF,0xFF,0xFF,0xFF,0xFF,0xFF,0xFF,0xFF,0x00,0xFF,0xFF,0xFF,0xFF,0xFF,0xFF,
	0xFF,0xFF,0xFF,0xFF,0xFF,0xFF,0xFF,0xFF,0xFF,0xFF,0xFF,0xFF,0xFF,0xFF,0xFF,0xFF,0xFF,0xFF,0xFF,0xFF,0x00,0xFF,0xFF,0xFF,0xFF,0xFF,0xFF,0xFF,0xFF,0xFF,0xFF,0xFF,0xFF,0xFF,0xFF,0xFF,0xFF,0xFF,0xFF,0xFF,0xFF,0xFF,0xFF,0xFF,0xFF,0xFF,0xFF,0xFF,0x00,0xFF,0xFF,0xFF,0xFF,0xFF,0xFF,0xFF,0xFF,0xFF,0xFF,0xFF,0xFF,0xFF,0xFF,0xFF,
	0xFF,0xFF,0xFF,0xFF,0xFF,0xFF,0xFF,0xFF,0xFF,0xFF,0xFF,0x00,0xFF,0xFF,0xFF,0xFF,0xFF,0xFF,0xFF,0xFF,0xFF,0xFF,0xFF,0xFF,0xFF,0xFF,0xFF,0xFF,0xFF,0xFF,0xFF,0xFF,0xFF,0xFF,0xFF,0xFF,0xFF,0xFF,0xFF,0x00,0xFF,0xFF,0xFF,0xFF,0xFF,0xFF,0x00,0xFF,0xFF,0xFF,0xFF,0xFF,0xFF,0xFF,0xFF,0xFF,0xFF,0xFF,0xFF,0xFF,0xFF,0xFF,0xFF,0xFF,
	0xFF,0xFF,0x00,0x00,0x00,0x00,0x00,0x00,0x00,0x00,0x00,0x00,0x00,0x00,0x00,0x00,0x00,0x00,0x00,0x00,0x00,0x00,0x00,0x00,0x00,0x00,0x00,0x00,0x00,0x00,0x00,0xFF,0xFF,0xFF,0xFF,0xFF,0xFF,0xFF,0xFF,0xFF,0xFF,0xFF,0xFF,0xFF,0xFF,0xFF,0xFF,0xFF,0xFF,0xFF,0xFF,0xFF,0xFF,0xFF,0xFF,0xFF,0xFF,0x00,0x00,0x00,0x00,0x00,0x00,0x00,
	0x00,0x00,0x00,0x00,0x00,0x00,0x00,0x00,0x00,0x00,0x00,0x00,0x00,0x00,0x00,0x00,0x00,0x00,0x00,0x00,0x00,0x00,0xFF,0xFF,0xFF,0xFF,0xFF,0xFF,0xFF,0xFF,0xFF,0xFF,0xFF,0xFF,0xFF,0xFF,0xFF,0xFF,0xFF,0xFF,0xFF,0xFF,0xFF,0xFF,0xFF,0xFF,0xFF,0xFF,0x00,0x00,0x00,0x00,0x00,0x00,0x00,0x00,0x00,0x00,0x00,0x00,0x00,0x00,0x00,0x00,
	0x00,0x00,0x00,0x00,0x00,0x00,0x00,0x00,0x00,0x00,0x00,0x00,0x00,0xFF,0xFF,0xFF,0xFF,0xFF,0xFF,0xFF,0xFF,0xFF,0xFF,0xFF,0xFF,0xFF,0xFF,0xFF,0xFF,0xFF,0xFF,0xFF,0xFF,0xFF,0xFF,0xFF,0xFF,0xFF,0xFF,0x00,0x00,0x00,0x00,0x00,0x00,0x00,0x00,0x00,0x00,0x00,0x00,0x00,0x00,0x00,0x00,0x00,0x00,0x00,0x00,0x00,0x00,0x00,0x00,0x00,
	0x00,0x00,0x00,0x00,0xFF,0xFF,0xFF,0xFF,0xFF,0xFF,0xFF,0xFF,0xFF,0xFF,0xFF,0xFF,0xFF,0xFF,0xFF,0xFF,0xFF,0xFF,0xFF,0xFF,0xFF,0xFF,0xFF,0xFF,0xFF,0xFF,0x00,0x00,0x00,0x00,0x00,0x00,0x00,0x00,0x00,0x00,0x00,0x00,0x00,0x00,0x00,0x00,0x00,0x00,0x00,0x00,0x00,0x00,0x00,0x00,0x00,0x00,0x00,0x00,0x00,0xFF,0xFF,0xFF,0xFF,0xFF,
	0xFF,0xFF,0xFF,0xFF,0xFF,0xFF,0xFF,0xFF,0xFF,0xFF,0xFF,0xFF,0xFF,0xFF,0xFF,0xFF,0xFF,0xFF,0xFF,0xFF,0xFF,0x00,0x00,0x00,0x00,0x00,0x00,0x00,0x00,0x00,0x00,0x00,0x00,0x00,0x00,0x00,0x00,0x00,0x00,0x00,0x00,0x00,0x00,0x00,0x00,0x00,0x00,0x00,0x00,0xFF,0xFF,0xFF,0xFF,0xFF,0xFF,0xFF,0xFF,0xFF,0xFF,0xFF,0xFF,0xFF,0xFF,0xFF,
	0xFF,0xFF,0xFF,0xFF,0xFF,0xFF,0xFF,0xFF,0xFF,0xFF,0xFF,0xFF,0x00,0x00,0x00,0x00,0x00,0x00,0x00,0x00,0x00,0x00,0x00,0x00,0x00,0x00,0x00,0x00,0x00,0x00,0x00,0x00,0x00,0x00,0x00,0x00,0x00,0x00,0x00,0x00,0xFF,0xFF,0xFF,0xFF,0xFF,0xFF,0xFF,0xFF,0xFF,0xFF,0xFF,0xFF,0xFF,0xFF,0xFF,0xFF,0xFF,0xFF,0xFF,0xFF,0xFF,0xFF,0xFF,0xFF,
	0xFF,0xFF,0xFF,0x00,0x00,0x00,0x00,0x00,0x00,0x00,0x00,0x00,0x00,0x00,0x00,0x00,0x00,0x00,0x00,0x00,0x00,0x00,0x00,0x00,0x00,0x00,0x00,0x00,0x00,0x00,0x00,0xFF,0xFF,0xFF,0xFF,0xFF,0xFF,0x00,0xFF,0xFF,0xFF,0xFF,0xFF,0xFF,0xFF,0xFF,0xFF,0xFF,0xFF,0xFF,0xFF,0xFF,0xFF,0xFF,0xFF,0xFF,0xFF,0xFF,0x00,0x00,0x00,0x00,0x00,0x00,
	0x00,0x00,0x00,0x00,0x00,0x00,0x00,0x00,0x00,0x00,0x00,0x00,0x00,0x00,0x00,0x00,0x00,0x00,0x00,0x00,0x00,0x00,0xFF,0xFF,0xFF,0xFF,0xFF,0xFF,0x00,0x00,0xFF,0xFF,0xFF,0xFF,0xFF,0xFF,0xFF,0xFF,0xFF,0xFF,0xFF,0xFF,0xFF,0xFF,0xFF,0xFF,0xFF,0xFF,0xFF,0x00,0x00,0x00,0x00,0x00,0x00,0x00,0x00,0x00,0x00,0x00,0x00,0x00,0x00,0x00,
	0x00,0x00,0x00,0x00,0x00,0x00,0x00,0x00,0x00,0x00,0x00,0x00,0x00,0xFF,0xFF,0xFF,0xFF,0xFF,0xFF,0x00,0x00,0x00,0x00,0x00,0x00,0x00,0x00,0x00,0x00,0x00,0xFF,0xFF,0xFF,0xFF,0xFF,0xFF,0xFF,0xFF,0xFF,0x00,0x00,0x00,0x00,0x00,0x00,0x00,0x00,0x00,0x00,0x00,0x00,0x00,0x00,0x00,0x00,0x00,0x00,0x00,0x00,0x00,0x00,0x00,0x00,0x00,
	0x00,0x00,0x00,0x00,0xFF,0xFF,0xFF,0xFF,0xFF,0x00,0x00,0x00,0x00,0x00,0x00,0x00,0x00,0x00,0x00,0x00,0x00,0xFF,0xFF,0xFF,0xFF,0xFF,0xFF,0xFF,0xFF,0x00,0x00,0x00,0x00,0x00,0x00,0x00,0x00,0x00,0x00,0x00,0x00,0x00,0x00,0x00,0x00,0x00,0x00,0x00,0x00,0x00,0x00,0x00,0x00,0x00,0x00,0x00,0x00,0x00,0x00,
    };
        


const lv_img_dsc_t face_1891_2_390_dial_img_11_45662_0 = {
    .header.magic = LV_IMAGE_HEADER_MAGIC,
    .header.w = 55,
    .header.h = 29,
    .data_size = sizeof(face_1891_2_390_dial_img_11_45662_data_0),
    .header.cf = LV_COLOR_FORMAT_RGB565A8,
    .data = face_1891_2_390_dial_img_11_45662_data_0};

    
// LVGL 9 format (RGB565) // LVGL_9 compatible 
const LV_ATTRIBUTE_MEM_ALIGN uint8_t face_1891_2_390_dial_img_11_45662_data_1[] = {
	//RGB565 data 
	0x20,0x00,0xC3,0x18,0xC3,0x18,0x20,0x00,0x00,0x00,0x00,0x00,0x00,0x00,0x00,0x00,0x00,0x00,0x00,0x00,0x00,0x00,0x00,0x00,0x00,0x00,0x00,0x00,0x00,0x00,0x00,0x00,0x00,0x00,0x00,0x00,0xC3,0x18,0xC3,0x18,0xC3,0x18,0xC3,0x18,0x20,0x00,0x20,0x00,0x00,0x00,0x00,0x00,0x00,0x00,0x00,0x00,0x00,0x00,0x00,0x00,0x00,0x00,0x00,0x00,
	0x00,0x00,0x00,0x00,0x00,0x00,0x00,0x00,0x00,0x00,0x00,0x00,0x00,0x00,0x00,0x00,0x00,0x00,0x00,0x00,0x00,0x00,0x00,0x00,0x00,0x00,0x00,0x00,0x00,0x00,0x00,0x00,0x00,0x00,0x00,0x00,0x00,0x00,0x00,0x00,0x00,0x00,0x00,0x00,0x00,0x00,0x00,0x00,0x00,0x00,0x00,0x00,0xC3,0x18,0xA6,0x31,0xA6,0x31,0xA6,0x31,0xA6,0x31,0xA6,0x31,
	0xA6,0x31,0xA6,0x31,0xA6,0x31,0xA6,0x31,0xA6,0x31,0xA6,0x31,0xA6,0x31,0xA6,0x31,0xA6,0x31,0xC3,0x18,0xC3,0x18,0xC3,0x18,0xC3,0x18,0xC3,0x18,0xC3,0x18,0xC3,0x18,0xC3,0x18,0x00,0x00,0x00,0x00,0x00,0x00,0x00,0x00,0x00,0x00,0x00,0x00,0x00,0x00,0x00,0x00,0x00,0x00,0x00,0x00,0x00,0x00,0x00,0x00,0x00,0x00,0x00,0x00,0x00,0x00,
	0x00,0x00,0x00,0x00,0x00,0x00,0x00,0x00,0x00,0x00,0x00,0x00,0x00,0x00,0x00,0x00,0x00,0x00,0x00,0x00,0x00,0x00,0x00,0x00,0x00,0x00,0x00,0x00,0x00,0x00,0x20,0x00,0xC3,0x18,0xAE,0x73,0x71,0x8C,0x71,0x8C,0x71,0x8C,0x71,0x8C,0x71,0x8C,0x71,0x8C,0x71,0x8C,0x71,0x8C,0x71,0x8C,0x71,0x8C,0x71,0x8C,0x71,0x8C,0x71,0x8C,0x71,0x8C,
	0x71,0x8C,0x71,0x8C,0x71,0x8C,0x71,0x8C,0x71,0x8C,0x71,0x8C,0xAA,0x52,0xA6,0x31,0x20,0x00,0x00,0x00,0x00,0x00,0x00,0x00,0x00,0x00,0x00,0x00,0x00,0x00,0x00,0x00,0x00,0x00,0x00,0x00,0x00,0x00,0x00,0x00,0x00,0x00,0x00,0x00,0x00,0x00,0x00,0x00,0x00,0x00,0x00,0x00,0x00,0x00,0x00,0x00,0x00,0x00,0x00,0x00,0x00,0x00,0x00,0x00,
	0x00,0x00,0x00,0x00,0x00,0x00,0x00,0x00,0x00,0x00,0x00,0x00,0x20,0x00,0xA6,0x31,0x96,0xB5,0x1C,0xE7,0x1C,0xE7,0x1C,0xE7,0x7D,0xEF,0x1C,0xE7,0x1C,0xE7,0x1C,0xE7,0x1C,0xE7,0x1C,0xE7,0x1C,0xE7,0x1C,0xE7,0x1C,0xE7,0x1C,0xE7,0x7D,0xEF,0x1C,0xE7,0x7D,0xEF,0x1C,0xE7,0x1C,0xE7,0x1C,0xE7,0x1C,0xE7,0x71,0x8C,0xAA,0x52,0x20,0x00,
	0x00,0x00,0x00,0x00,0x00,0x00,0x20,0x00,0xC3,0x18,0xC3,0x18,0xC3,0x18,0xC3,0x18,0xC3,0x18,0xC3,0x18,0xC3,0x18,0xC3,0x18,0xC3,0x18,0xC3,0x18,0xC3,0x18,0xC3,0x18,0xC3,0x18,0xC3,0x18,0xC3,0x18,0xC3,0x18,0xC3,0x18,0xC3,0x18,0xC3,0x18,0xC3,0x18,0xC3,0x18,0xC3,0x18,0x20,0x00,0x00,0x00,0x00,0x00,0xC3,0x18,0xAA,0x52,0x7A,0xD6,
	0xFF,0xFF,0xFF,0xFF,0xDF,0xFF,0x7D,0xEF,0x7D,0xEF,0x7D,0xEF,0x7D,0xEF,0x7D,0xEF,0xFF,0xFF,0xFF,0xFF,0xFF,0xFF,0xFF,0xFF,0x7D,0xEF,0x7D,0xEF,0x7D,0xEF,0x7D,0xEF,0x7D,0xEF,0xDF,0xFF,0xFF,0xFF,0xFF,0xFF,0x96,0xB5,0xAA,0x52,0x20,0x00,0x00,0x00,0x00,0x00,0x00,0x00,0xC3,0x18,0xA6,0x31,0xAA,0x52,0xAE,0x73,0xAE,0x73,0xAE,0x73,
	0xAE,0x73,0xAE,0x73,0xAE,0x73,0xAE,0x73,0xAE,0x73,0xAE,0x73,0xAE,0x73,0xAE,0x73,0xAE,0x73,0xAE,0x73,0xAE,0x73,0xAE,0x73,0xAE,0x73,0xAE,0x73,0xAE,0x73,0xAE,0x73,0xAA,0x52,0xC3,0x18,0x00,0x00,0x00,0x00,0xC3,0x18,0xAA,0x52,0x38,0xC6,0xFF,0xFF,0xFF,0xFF,0x38,0xC6,0x71,0x8C,0x71,0x8C,0x71,0x8C,0x71,0x8C,0x96,0xB5,0x7A,0xD6,
	0xFF,0xFF,0xFF,0xFF,0x1C,0xE7,0x96,0xB5,0x71,0x8C,0x71,0x8C,0x71,0x8C,0x71,0x8C,0x38,0xC6,0x7D,0xEF,0xFF,0xFF,0x96,0xB5,0xAA,0x52,0x20,0x00,0x00,0x00,0x00,0x00,0x00,0x00,0xC3,0x18,0xAE,0x73,0x7A,0xD6,0xDF,0xFF,0xDF,0xFF,0xDF,0xFF,0xDF,0xFF,0xDF,0xFF,0xDF,0xFF,0xDF,0xFF,0xDF,0xFF,0xDF,0xFF,0xDF,0xFF,0xDF,0xFF,0xDF,0xFF,
	0xDF,0xFF,0xDF,0xFF,0xDF,0xFF,0xDF,0xFF,0xDF,0xFF,0xDF,0xFF,0x7D,0xEF,0x38,0xC6,0xA6,0x31,0x00,0x00,0x00,0x00,0xC3,0x18,0xAA,0x52,0x38,0xC6,0xFF,0xFF,0xFF,0xFF,0x71,0x8C,0xA6,0x31,0xA6,0x31,0xAA,0x52,0xAA,0x52,0xAE,0x73,0x38,0xC6,0xDF,0xFF,0xDF,0xFF,0x7A,0xD6,0xAE,0x73,0xA6,0x31,0xAA,0x52,0xA6,0x31,0xAA,0x52,0x71,0x8C,
	0x7A,0xD6,0xFF,0xFF,0x96,0xB5,0xAA,0x52,0x20,0x00,0x00,0x00,0x00,0x00,0x00,0x00,0xA6,0x31,0x71,0x8C,0x7D,0xEF,0xFF,0xFF,0xFF,0xFF,0xFF,0xFF,0xFF,0xFF,0xFF,0xFF,0xFF,0xFF,0xFF,0xFF,0xFF,0xFF,0xFF,0xFF,0xFF,0xFF,0xFF,0xFF,0xFF,0xFF,0xFF,0xFF,0xFF,0xFF,0xFF,0xFF,0xFF,0xFF,0xFF,0xFF,0xFF,0xFF,0xFF,0xFF,0x1C,0xE7,0xAA,0x52,
	0x00,0x00,0x00,0x00,0xC3,0x18,0xAA,0x52,0x38,0xC6,0xFF,0xFF,0xFF,0xFF,0xAE,0x73,0x20,0x00,0xA6,0x31,0xAA,0x52,0xAA,0x52,0x71,0x8C,0x38,0xC6,0xDF,0xFF,0xDF,0xFF,0x7A,0xD6,0xAE,0x73,0xAA,0x52,0xAA,0x52,0xA6,0x31,0xA6,0x31,0xAE,0x73,0x38,0xC6,0xFF,0xFF,0x96,0xB5,0xAA,0x52,0x20,0x00,0x00,0x00,0x00,0x00,0x00,0x00,0xC3,0x18,
	0xAE,0x73,0x38,0xC6,0x1C,0xE7,0x1C,0xE7,0x1C,0xE7,0x1C,0xE7,0x1C,0xE7,0x1C,0xE7,0x1C,0xE7,0x1C,0xE7,0x1C,0xE7,0x1C,0xE7,0x1C,0xE7,0x1C,0xE7,0x1C,0xE7,0x1C,0xE7,0x1C,0xE7,0x1C,0xE7,0x1C,0xE7,0x1C,0xE7,0x1C,0xE7,0x96,0xB5,0xA6,0x31,0x00,0x00,0x00,0x00,0xC3,0x18,0xAA,0x52,0x38,0xC6,0xFF,0xFF,0xFF,0xFF,0x71,0x8C,0xA6,0x31,
	0x38,0xC6,0x1C,0xE7,0x1C,0xE7,0x7D,0xEF,0xDF,0xFF,0xFF,0xFF,0xFF,0xFF,0xDF,0xFF,0x7D,0xEF,0x1C,0xE7,0x1C,0xE7,0x96,0xB5,0xAE,0x73,0xAE,0x73,0x96,0xB5,0xFF,0xFF,0x96,0xB5,0xAA,0x52,0x20,0x00,0x00,0x00,0x00,0x00,0x00,0x00,0x20,0x00,0xC3,0x18,0xC3,0x18,0xA6,0x31,0xA6,0x31,0xA6,0x31,0xA6,0x31,0xA6,0x31,0xA6,0x31,0xA6,0x31,
	0xA6,0x31,0xA6,0x31,0xA6,0x31,0xA6,0x31,0xA6,0x31,0xA6,0x31,0xA6,0x31,0xA6,0x31,0xA6,0x31,0xA6,0x31,0xA6,0x31,0xA6,0x31,0xC3,0x18,0x20,0x00,0x00,0x00,0x00,0x00,0xC3,0x18,0xAA,0x52,0x38,0xC6,0xFF,0xFF,0xFF,0xFF,0x71,0x8C,0xA6,0x31,0x96,0xB5,0x1C,0xE7,0x1C,0xE7,0x7D,0xEF,0xDF,0xFF,0xFF,0xFF,0xFF,0xFF,0xDF,0xFF,0x1C,0xE7,
	0x1C,0xE7,0x1C,0xE7,0x96,0xB5,0xAE,0x73,0xAE,0x73,0x96,0xB5,0xFF,0xFF,0x96,0xB5,0xAA,0x52,0x20,0x00,0x00,0x00,0x00,0x00,0x00,0x00,0x00,0x00,0x00,0x00,0x00,0x00,0x00,0x00,0x00,0x00,0x00,0x00,0x00,0x00,0x00,0x00,0x00,0x00,0x00,0x00,0x00,0x00,0x00,0x00,0x00,0x00,0x00,0x00,0x00,0x00,0x00,0x00,0x00,0x00,0x00,0x00,0x00,0x00,
	0x00,0x00,0x00,0x00,0x00,0x00,0x00,0x00,0x00,0x00,0x00,0x00,0x00,0x00,0xC3,0x18,0xAA,0x52,0x38,0xC6,0xFF,0xFF,0xFF,0xFF,0x71,0x8C,0xC3,0x18,0xAE,0x73,0x71,0x8C,0xAE,0x73,0x96,0xB5,0x7A,0xD6,0xDF,0xFF,0xFF,0xFF,0x1C,0xE7,0x71,0x8C,0xAE,0x73,0x71,0x8C,0xAA,0x52,0xA6,0x31,0xAE,0x73,0x38,0xC6,0xFF,0xFF,0x96,0xB5,0xAA,0x52,
	0x20,0x00,0x00,0x00,0x00,0x00,0x00,0x00,0x00,0x00,0x00,0x00,0x00,0x00,0x00,0x00,0x00,0x00,0x00,0x00,0x00,0x00,0x00,0x00,0x00,0x00,0x00,0x00,0x00,0x00,0x00,0x00,0x00,0x00,0x00,0x00,0x00,0x00,0x00,0x00,0x00,0x00,0x00,0x00,0x00,0x00,0x00,0x00,0x00,0x00,0x00,0x00,0x00,0x00,0x00,0x00,0x00,0x00,0x00,0x00,0xC3,0x18,0xAA,0x52,
	0x38,0xC6,0xFF,0xFF,0xFF,0xFF,0x71,0x8C,0xC3,0x18,0xA6,0x31,0xA6,0x31,0xA6,0x31,0xAE,0x73,0x38,0xC6,0xDF,0xFF,0xDF,0xFF,0x7A,0xD6,0xAE,0x73,0xA6,0x31,0xA6,0x31,0xA6,0x31,0xA6,0x31,0xAE,0x73,0x38,0xC6,0xFF,0xFF,0x96,0xB5,0xAA,0x52,0x20,0x00,0x00,0x00,0x00,0x00,0x00,0x00,0x00,0x00,0x00,0x00,0x00,0x00,0x00,0x00,0x00,0x00,
	0x00,0x00,0x00,0x00,0x00,0x00,0x00,0x00,0x00,0x00,0x00,0x00,0x00,0x00,0x00,0x00,0x00,0x00,0x00,0x00,0x00,0x00,0x00,0x00,0x00,0x00,0x00,0x00,0x00,0x00,0x00,0x00,0x00,0x00,0x00,0x00,0x00,0x00,0x00,0x00,0x00,0x00,0xC3,0x18,0xAA,0x52,0x38,0xC6,0xFF,0xFF,0xFF,0xFF,0x96,0xB5,0xAA,0x52,0xAA,0x52,0xAE,0x73,0xAE,0x73,0x71,0x8C,
	0x7A,0xD6,0xFF,0xFF,0xFF,0xFF,0x7A,0xD6,0x71,0x8C,0xAA,0x52,0xAE,0x73,0xAE,0x73,0xAE,0x73,0x71,0x8C,0x7A,0xD6,0xFF,0xFF,0x96,0xB5,0xAA,0x52,0x20,0x00,0x00,0x00,0x00,0x00,0x00,0x00,0x00,0x00,0x00,0x00,0x00,0x00,0x00,0x00,0x00,0x00,0x00,0x00,0x00,0x00,0x00,0x00,0x00,0x00,0x00,0x00,0x00,0x00,0x00,0x00,0x00,0x00,0x00,0x00,
	0x00,0x00,0x00,0x00,0x00,0x00,0x00,0x00,0x00,0x00,0x00,0x00,0x00,0x00,0x00,0x00,0x00,0x00,0x00,0x00,0x00,0x00,0x00,0x00,0xC3,0x18,0xAA,0x52,0x38,0xC6,0xFF,0xFF,0xFF,0xFF,0x7A,0xD6,0x38,0xC6,0x1C,0xE7,0xDF,0xFF,0xDF,0xFF,0xDF,0xFF,0xFF,0xFF,0xFF,0xFF,0xFF,0xFF,0xFF,0xFF,0xDF,0xFF,0x7D,0xEF,0xDF,0xFF,0xDF,0xFF,0x7D,0xEF,
	0x38,0xC6,0x1C,0xE7,0xFF,0xFF,0x96,0xB5,0xAA,0x52,0x20,0x00,0x00,0x00,0x00,0x00,0x00,0x00,0x00,0x00,0x00,0x00,0x00,0x00,0x00,0x00,0x00,0x00,0x00,0x00,0x00,0x00,0x00,0x00,0x00,0x00,0x00,0x00,0x00,0x00,0x00,0x00,0x00,0x00,0x00,0x00,0x00,0x00,0x00,0x00,0x00,0x00,0x00,0x00,0x00,0x00,0x00,0x00,0x00,0x00,0x00,0x00,0x00,0x00,
	0x00,0x00,0x00,0x00,0x00,0x00,0xC3,0x18,0xAA,0x52,0x38,0xC6,0xFF,0xFF,0xFF,0xFF,0x7A,0xD6,0x96,0xB5,0x38,0xC6,0x38,0xC6,0x38,0xC6,0x38,0xC6,0x38,0xC6,0x38,0xC6,0x38,0xC6,0x38,0xC6,0x38,0xC6,0x38,0xC6,0x38,0xC6,0x7A,0xD6,0x7A,0xD6,0x96,0xB5,0x7A,0xD6,0xFF,0xFF,0x96,0xB5,0xAA,0x52,0x20,0x00,0x00,0x00,0x00,0x00,0x00,0x00,
	0x00,0x00,0x00,0x00,0x00,0x00,0x00,0x00,0x00,0x00,0x00,0x00,0x00,0x00,0x00,0x00,0x00,0x00,0x00,0x00,0x00,0x00,0x00,0x00,0x00,0x00,0x00,0x00,0x00,0x00,0x00,0x00,0x00,0x00,0x00,0x00,0x00,0x00,0x00,0x00,0x00,0x00,0x00,0x00,0x00,0x00,0x00,0x00,0x00,0x00,0x00,0x00,0xC3,0x18,0xAA,0x52,0x38,0xC6,0xFF,0xFF,0xFF,0xFF,0x96,0xB5,
	0xAA,0x52,0xAE,0x73,0x71,0x8C,0xAE,0x73,0xAE,0x73,0xAE,0x73,0xAE,0x73,0xAE,0x73,0xAE,0x73,0xAE,0x73,0x71,0x8C,0x71,0x8C,0xAE,0x73,0xAE,0x73,0x71,0x8C,0x7A,0xD6,0xFF,0xFF,0x96,0xB5,0xAA,0x52,0x20,0x00,0x00,0x00,0x00,0x00,0x00,0x00,0x00,0x00,0x00,0x00,0x00,0x00,0x00,0x00,0x00,0x00,0x00,0x00,0x00,0x00,0x00,0x00,0x00,0x00,
	0x00,0x00,0x00,0x00,0x00,0x00,0x00,0x00,0x00,0x00,0x00,0x00,0x00,0x00,0x00,0x00,0x00,0x00,0x00,0x00,0x00,0x00,0x00,0x00,0x00,0x00,0x00,0x00,0x00,0x00,0x00,0x00,0x00,0x00,0xC3,0x18,0xAA,0x52,0x38,0xC6,0xFF,0xFF,0xFF,0xFF,0xAE,0x73,0xC3,0x18,0x71,0x8C,0x38,0xC6,0x96,0xB5,0x96,0xB5,0x96,0xB5,0x96,0xB5,0x96,0xB5,0x96,0xB5,
	0x96,0xB5,0x96,0xB5,0x96,0xB5,0xAE,0x73,0xA6,0x31,0xAE,0x73,0x38,0xC6,0xFF,0xFF,0x96,0xB5,0xAA,0x52,0x20,0x00,0x00,0x00,0x00,0x00,0x00,0x00,0x00,0x00,0x00,0x00,0x00,0x00,0x00,0x00,0x00,0x00,0x00,0x00,0x00,0x00,0x00,0x00,0x00,0x00,0x00,0x00,0x00,0x00,0x00,0x00,0x00,0x00,0x00,0x00,0x00,0x00,0x00,0x00,0x00,0x00,0x00,0x00,
	0x00,0x00,0x00,0x00,0x00,0x00,0x00,0x00,0x00,0x00,0x00,0x00,0x00,0x00,0x00,0x00,0xC3,0x18,0xAA,0x52,0x7A,0xD6,0xFF,0xFF,0xDF,0xFF,0xAA,0x52,0x00,0x00,0x96,0xB5,0x1C,0xE7,0x1C,0xE7,0x1C,0xE7,0x1C,0xE7,0x1C,0xE7,0x1C,0xE7,0x1C,0xE7,0x1C,0xE7,0x1C,0xE7,0x1C,0xE7,0xAE,0x73,0xA6,0x31,0xAE,0x73,0x38,0xC6,0xFF,0xFF,0x96,0xB5,
	0xAA,0x52,0x20,0x00,0x00,0x00,0x00,0x00,0x00,0x00,0x00,0x00,0x00,0x00,0x00,0x00,0x00,0x00,0x00,0x00,0x00,0x00,0x00,0x00,0x00,0x00,0x00,0x00,0x00,0x00,0x00,0x00,0x00,0x00,0x00,0x00,0x00,0x00,0x00,0x00,0x00,0x00,0x00,0x00,0x00,0x00,0x00,0x00,0x00,0x00,0x00,0x00,0x00,0x00,0x00,0x00,0x00,0x00,0x00,0x00,0x00,0x00,0xC3,0x18,
	0xAA,0x52,0x7A,0xD6,0xFF,0xFF,0x1C,0xE7,0xAA,0x52,0x20,0x00,0x38,0xC6,0xFF,0xFF,0xFF,0xFF,0xFF,0xFF,0xFF,0xFF,0xFF,0xFF,0xFF,0xFF,0xFF,0xFF,0xFF,0xFF,0xFF,0xFF,0xFF,0xFF,0x71,0x8C,0xA6,0x31,0xAE,0x73,0x38,0xC6,0xFF,0xFF,0x96,0xB5,0xAA,0x52,0x20,0x00,0x00,0x00,0x00,0x00,0x00,0x00,0x00,0x00,0x00,0x00,0x00,0x00,0x00,0x00,
	0x00,0x00,0x00,0x00,0x00,0x00,0x00,0x00,0x00,0x00,0x00,0x00,0x00,0x00,0x00,0x00,0x00,0x00,0x00,0x00,0x00,0x00,0x00,0x00,0x00,0x00,0x00,0x00,0x00,0x00,0x00,0x00,0x00,0x00,0x00,0x00,0x00,0x00,0x00,0x00,0x00,0x00,0x00,0x00,0xC3,0x18,0xAE,0x73,0x1C,0xE7,0xFF,0xFF,0x7A,0xD6,0xAA,0x52,0x20,0x00,0x38,0xC6,0xFF,0xFF,0xFF,0xFF,
	0x7A,0xD6,0x96,0xB5,0x96,0xB5,0x96,0xB5,0x96,0xB5,0x1C,0xE7,0xFF,0xFF,0xFF,0xFF,0x71,0x8C,0xA6,0x31,0xAE,0x73,0x38,0xC6,0xFF,0xFF,0x96,0xB5,0xAA,0x52,0x20,0x00,0x00,0x00,0x00,0x00,0x00,0x00,0x00,0x00,0x00,0x00,0x00,0x00,0x00,0x00,0x00,0x00,0x00,0x00,0x00,0x00,0x00,0x00,0x00,0x00,0x00,0x00,0x00,0x00,0x00,0x00,0x00,0x00,
	0x00,0x00,0x00,0x00,0x00,0x00,0x00,0x00,0x00,0x00,0x00,0x00,0x00,0x00,0x00,0x00,0x00,0x00,0x00,0x00,0x00,0x00,0x00,0x00,0x00,0x00,0xA6,0x31,0x71,0x8C,0x1C,0xE7,0xFF,0xFF,0x7A,0xD6,0xAA,0x52,0x20,0x00,0x38,0xC6,0xFF,0xFF,0xFF,0xFF,0x96,0xB5,0xAA,0x52,0xAE,0x73,0xAA,0x52,0xAE,0x73,0x38,0xC6,0xDF,0xFF,0xFF,0xFF,0x71,0x8C,
	0xA6,0x31,0xAE,0x73,0x38,0xC6,0xFF,0xFF,0x96,0xB5,0xAA,0x52,0x20,0x00,0x00,0x00,0x00,0x00,0x00,0x00,0x00,0x00,0x00,0x00,0x00,0x00,0x00,0x00,0x00,0x00,0x00,0x00,0x00,0x00,0x00,0x00,0x00,0x00,0x00,0x00,0x00,0x00,0x00,0x00,0x00,0x00,0x00,0x00,0x00,0x00,0x00,0x00,0x00,0x00,0x00,0x00,0x00,0x00,0x00,0x00,0x00,0x00,0x00,0x00,
	0x00,0x00,0x00,0x00,0x00,0x00,0x00,0x00,0xA6,0x31,0x96,0xB5,0x7D,0xEF,0xDF,0xFF,0x38,0xC6,0xA6,0x31,0x20,0x00,0x38,0xC6,0xFF,0xFF,0xFF,0xFF,0x71,0x8C,0xA6,0x31,0xA6,0x31,0xA6,0x31,0xA6,0x31,0x96,0xB5,0x7D,0xEF,0xFF,0xFF,0x71,0x8C,0xA6,0x31,0xAE,0x73,0x38,0xC6,0xFF,0xFF,0x96,0xB5,0xAA,0x52,0x20,0x00,0x00,0x00,0x00,0x00,
	0x00,0x00,0x00,0x00,0x00,0x00,0x00,0x00,0x00,0x00,0x00,0x00,0x00,0x00,0x00,0x00,0x00,0x00,0x00,0x00,0x00,0x00,0x00,0x00,0x00,0x00,0x00,0x00,0x00,0x00,0x00,0x00,0x00,0x00,0x00,0x00,0x00,0x00,0x00,0x00,0x00,0x00,0x00,0x00,0x00,0x00,0x00,0x00,0x00,0x00,0x00,0x00,0x00,0x00,0xAA,0x52,0x7A,0xD6,0xDF,0xFF,0x7D,0xEF,0x96,0xB5,
	0xA6,0x31,0xC3,0x18,0x7A,0xD6,0xFF,0xFF,0xFF,0xFF,0x38,0xC6,0x71,0x8C,0x71,0x8C,0x71,0x8C,0x71,0x8C,0x7A,0xD6,0xDF,0xFF,0xFF,0xFF,0x71,0x8C,0xA6,0x31,0xAE,0x73,0x38,0xC6,0xFF,0xFF,0x96,0xB5,0xAA,0x52,0x20,0x00,0x00,0x00,0x20,0x00,0xAA,0x52,0xAE,0x73,0xAE,0x73,0xAE,0x73,0xAE,0x73,0xAE,0x73,0xAE,0x73,0xAE,0x73,0xAE,0x73,
	0xAE,0x73,0xAE,0x73,0xAE,0x73,0xAE,0x73,0xAE,0x73,0xAE,0x73,0xAE,0x73,0xAE,0x73,0xAE,0x73,0xAE,0x73,0xAE,0x73,0xAE,0x73,0xAE,0x73,0xAE,0x73,0xAE,0x73,0xAE,0x73,0xAE,0x73,0x20,0x00,0xAA,0x52,0xFF,0xFF,0xFF,0xFF,0x1C,0xE7,0xAE,0x73,0xC3,0x18,0xC3,0x18,0x38,0xC6,0xFF,0xFF,0xFF,0xFF,0xFF,0xFF,0xFF,0xFF,0xFF,0xFF,0xFF,0xFF,
	0xFF,0xFF,0xFF,0xFF,0xFF,0xFF,0xFF,0xFF,0x71,0x8C,0xA6,0x31,0xAE,0x73,0x7A,0xD6,0xFF,0xFF,0x96,0xB5,0xAA,0x52,0x20,0x00,0x00,0x00,0xC3,0x18,0x7A,0xD6,0xFF,0xFF,0xFF,0xFF,0xFF,0xFF,0xFF,0xFF,0xFF,0xFF,0xFF,0xFF,0xFF,0xFF,0xFF,0xFF,0xFF,0xFF,0xFF,0xFF,0xFF,0xFF,0xFF,0xFF,0xFF,0xFF,0xFF,0xFF,0xFF,0xFF,0xFF,0xFF,0xFF,0xFF,
	0xFF,0xFF,0xFF,0xFF,0xFF,0xFF,0xFF,0xFF,0xFF,0xFF,0xFF,0xFF,0xFF,0xFF,0xFF,0xFF,0xA6,0x31,0x71,0x8C,0xFF,0xFF,0xFF,0xFF,0x7A,0xD6,0xA6,0x31,0x20,0x00,0xC3,0x18,0x96,0xB5,0x7D,0xEF,0x1C,0xE7,0x1C,0xE7,0x1C,0xE7,0x1C,0xE7,0x1C,0xE7,0x1C,0xE7,0x7D,0xEF,0xDF,0xFF,0xFF,0xFF,0x71,0x8C,0xAA,0x52,0x96,0xB5,0x7D,0xEF,0xFF,0xFF,
	0x96,0xB5,0xAA,0x52,0x20,0x00,0x00,0x00,0xC3,0x18,0x7A,0xD6,0xFF,0xFF,0xFF,0xFF,0xFF,0xFF,0xFF,0xFF,0xFF,0xFF,0xFF,0xFF,0xFF,0xFF,0xFF,0xFF,0xFF,0xFF,0xFF,0xFF,0xFF,0xFF,0xFF,0xFF,0xFF,0xFF,0xFF,0xFF,0xFF,0xFF,0xFF,0xFF,0xFF,0xFF,0xFF,0xFF,0xFF,0xFF,0xFF,0xFF,0xFF,0xFF,0xFF,0xFF,0xFF,0xFF,0xFF,0xFF,0xFF,0xFF,0x71,0x8C,
	0x38,0xC6,0xFF,0xFF,0xDF,0xFF,0x96,0xB5,0xC3,0x18,0x00,0x00,0x20,0x00,0xAE,0x73,0x71,0x8C,0x71,0x8C,0x71,0x8C,0x71,0x8C,0x71,0x8C,0x71,0x8C,0x71,0x8C,0x71,0x8C,0x38,0xC6,0xFF,0xFF,0x38,0xC6,0x96,0xB5,0x1C,0xE7,0xFF,0xFF,0xFF,0xFF,0x96,0xB5,0xAA,0x52,0x20,0x00,0x00,0x00,0xC3,0x18,0x96,0xB5,0x1C,0xE7,0x1C,0xE7,0x1C,0xE7,
	0x1C,0xE7,0x1C,0xE7,0x1C,0xE7,0x1C,0xE7,0x1C,0xE7,0x1C,0xE7,0x1C,0xE7,0x1C,0xE7,0x1C,0xE7,0x1C,0xE7,0x1C,0xE7,0x1C,0xE7,0x1C,0xE7,0x1C,0xE7,0x1C,0xE7,0x1C,0xE7,0x1C,0xE7,0x1C,0xE7,0x1C,0xE7,0x1C,0xE7,0x1C,0xE7,0x1C,0xE7,0x1C,0xE7,0x7D,0xEF,0xFF,0xFF,0x1C,0xE7,0x71,0x8C,0x20,0x00,0x00,0x00,0x00,0x00,0x20,0x00,0x20,0x00,
	0x20,0x00,0x20,0x00,0x20,0x00,0x20,0x00,0x20,0x00,0x20,0x00,0xC3,0x18,0xAE,0x73,0xDF,0xFF,0xFF,0xFF,0xFF,0xFF,0xFF,0xFF,0xFF,0xFF,0xFF,0xFF,0x71,0x8C,0xA6,0x31,0x20,0x00,0x00,0x00,0x20,0x00,0xAE,0x73,0x71,0x8C,0x71,0x8C,0x71,0x8C,0x71,0x8C,0x71,0x8C,0x71,0x8C,0x71,0x8C,0x71,0x8C,0x71,0x8C,0x71,0x8C,0x71,0x8C,0x71,0x8C,
	0x71,0x8C,0x71,0x8C,0x71,0x8C,0x71,0x8C,0x71,0x8C,0x71,0x8C,0x71,0x8C,0x71,0x8C,0x71,0x8C,0x71,0x8C,0x71,0x8C,0x71,0x8C,0x71,0x8C,0x71,0x8C,0x38,0xC6,0xDF,0xFF,0x96,0xB5,0xAA,0x52,0x20,0x00,0x00,0x00,0x00,0x00,0x00,0x00,0x00,0x00,0x00,0x00,0x00,0x00,0x00,0x00,0x00,0x00,0x00,0x00,0x00,0x00,0x00,0x00,0xAA,0x52,0x1C,0xE7,
	0xDF,0xFF,0x7D,0xEF,0x1C,0xE7,0x7A,0xD6,0x96,0xB5,0xAA,0x52,0xC3,0x18,0x00,0x00,0x00,0x00,0x20,0x00,0xC3,0x18,0xA6,0x31,0xA6,0x31,0xA6,0x31,0xA6,0x31,0xA6,0x31,0xA6,0x31,0xA6,0x31,0xA6,0x31,0xA6,0x31,0xA6,0x31,0xA6,0x31,0xA6,0x31,0xA6,0x31,0xA6,0x31,0xA6,0x31,0xA6,0x31,0xA6,0x31,0xA6,0x31,0xA6,0x31,0xA6,0x31,0xA6,0x31,
	0xA6,0x31,0xA6,0x31,0xA6,0x31,0xA6,0x31,0xC3,0x18,0xAE,0x73,0x96,0xB5,0xAE,0x73,0xC3,0x18,0x00,0x00,0x00,0x00,0x00,0x00,0x00,0x00,0x00,0x00,0x00,0x00,0x00,0x00,0x00,0x00,0x00,0x00,0x00,0x00,0x00,0x00,0x00,0x00,0xA6,0x31,0x71,0x8C,0x96,0xB5,0x96,0xB5,0x71,0x8C,0xAE,0x73,0xAA,0x52,0xC3,0x18,0x00,0x00,0x00,0x00,0x00,0x00,
	0x00,0x00,0x00,0x00,0x00,0x00,0x00,0x00,0x00,0x00,0x00,0x00,0x00,0x00,0x00,0x00,0x00,0x00,0x00,0x00,0x00,0x00,0x00,0x00,0x00,0x00,0x00,0x00,0x00,0x00,0x00,0x00,0x00,0x00,0x00,0x00,0x00,0x00,0x00,0x00,0x00,0x00,0x00,0x00,0x00,0x00,0x00,0x00,0x00,0x00,0x00,0x00,0x00,0x00,

	// Alpha Channel 
	0xFF,0xFF,0xFF,0xFF,0x00,0x00,0x00,0x00,0x00,0x00,0x00,0x00,0x00,0x00,0x00,0x00,0x00,0x00,0xFF,0xFF,0xFF,0xFF,0xFF,0xFF,0x00,0x00,0x00,0x00,0x00,0x00,0x00,0x00,0x00,0x00,0x00,0x00,0x00,0x00,0x00,0x00,0x00,0x00,0x00,0x00,0x00,0x00,0x00,0x00,0x00,0x00,0x00,0x00,0x00,0x00,0x00,0x00,0x00,0x00,0xFF,0xFF,0xFF,0xFF,0xFF,0xFF,
	0xFF,0xFF,0xFF,0xFF,0xFF,0xFF,0xFF,0xFF,0xFF,0xFF,0xFF,0xFF,0xFF,0xFF,0xFF,0xFF,0xFF,0x00,0x00,0x00,0x00,0x00,0x00,0x00,0x00,0x00,0x00,0x00,0x00,0x00,0x00,0x00,0x00,0x00,0x00,0x00,0x00,0x00,0x00,0x00,0x00,0x00,0x00,0x00,0x00,0x00,0x00,0xFF,0xFF,0xFF,0xFF,0xFF,0xFF,0xFF,0xFF,0xFF,0xFF,0xFF,0xFF,0xFF,0xFF,0xFF,0xFF,0xFF,
	0xFF,0xFF,0xFF,0xFF,0xFF,0xFF,0xFF,0xFF,0xFF,0x00,0x00,0x00,0x00,0x00,0x00,0x00,0x00,0x00,0x00,0x00,0x00,0x00,0x00,0x00,0x00,0x00,0x00,0x00,0x00,0x00,0x00,0x00,0x00,0x00,0x00,0x00,0x00,0x00,0xFF,0xFF,0xFF,0xFF,0xFF,0xFF,0xFF,0xFF,0xFF,0xFF,0xFF,0xFF,0xFF,0xFF,0xFF,0xFF,0xFF,0xFF,0xFF,0xFF,0xFF,0xFF,0xFF,0xFF,0xFF,0xFF,
	0x00,0x00,0x00,0xFF,0xFF,0xFF,0xFF,0xFF,0xFF,0xFF,0xFF,0xFF,0xFF,0xFF,0xFF,0xFF,0xFF,0xFF,0xFF,0xFF,0xFF,0xFF,0xFF,0xFF,0xFF,0xFF,0xFF,0x00,0x00,0xFF,0xFF,0xFF,0xFF,0xFF,0xFF,0xFF,0xFF,0xFF,0xFF,0xFF,0xFF,0xFF,0xFF,0xFF,0xFF,0xFF,0xFF,0xFF,0xFF,0xFF,0xFF,0xFF,0xFF,0xFF,0xFF,0x00,0x00,0x00,0xFF,0xFF,0xFF,0xFF,0xFF,0xFF,
	0xFF,0xFF,0xFF,0xFF,0xFF,0xFF,0xFF,0xFF,0xFF,0xFF,0xFF,0xFF,0xFF,0xFF,0xFF,0xFF,0xFF,0xFF,0x00,0x00,0xFF,0xFF,0xFF,0xFF,0xFF,0xFF,0xFF,0xFF,0xFF,0xFF,0xFF,0xFF,0xFF,0xFF,0xFF,0xFF,0xFF,0xFF,0xFF,0xFF,0xFF,0xFF,0xFF,0xFF,0xFF,0xFF,0x00,0x00,0x00,0xFF,0xFF,0xFF,0xFF,0xFF,0xFF,0xFF,0xFF,0xFF,0xFF,0xFF,0xFF,0xFF,0xFF,0xFF,
	0xFF,0xFF,0xFF,0xFF,0xFF,0xFF,0xFF,0xFF,0xFF,0x00,0x00,0xFF,0xFF,0xFF,0xFF,0xFF,0xFF,0xFF,0xFF,0xFF,0xFF,0xFF,0xFF,0xFF,0xFF,0xFF,0xFF,0xFF,0xFF,0xFF,0xFF,0xFF,0xFF,0xFF,0xFF,0xFF,0xFF,0x00,0x00,0x00,0xFF,0xFF,0xFF,0xFF,0xFF,0xFF,0xFF,0xFF,0xFF,0xFF,0xFF,0xFF,0xFF,0xFF,0xFF,0xFF,0xFF,0xFF,0xFF,0xFF,0xFF,0xFF,0xFF,0xFF,
	0x00,0x00,0xFF,0xFF,0xFF,0xFF,0xFF,0xFF,0xFF,0xFF,0xFF,0xFF,0xFF,0xFF,0xFF,0xFF,0xFF,0xFF,0xFF,0xFF,0xFF,0xFF,0xFF,0xFF,0xFF,0xFF,0xFF,0xFF,0x00,0x00,0x00,0xFF,0xFF,0xFF,0xFF,0xFF,0xFF,0xFF,0xFF,0xFF,0xFF,0xFF,0xFF,0xFF,0xFF,0xFF,0xFF,0xFF,0xFF,0xFF,0xFF,0xFF,0xFF,0xFF,0xFF,0x00,0x00,0xFF,0xFF,0xFF,0xFF,0xFF,0xFF,0xFF,
	0xFF,0xFF,0xFF,0xFF,0xFF,0xFF,0xFF,0xFF,0xFF,0xFF,0xFF,0xFF,0xFF,0xFF,0xFF,0xFF,0xFF,0xFF,0xFF,0x00,0x00,0x00,0xFF,0xFF,0xFF,0xFF,0xFF,0xFF,0xFF,0xFF,0xFF,0xFF,0xFF,0xFF,0xFF,0xFF,0xFF,0xFF,0xFF,0xFF,0xFF,0xFF,0xFF,0xFF,0xFF,0xFF,0x00,0x00,0xFF,0xFF,0xFF,0xFF,0xFF,0xFF,0xFF,0xFF,0xFF,0xFF,0xFF,0xFF,0xFF,0xFF,0xFF,0xFF,
	0xFF,0xFF,0xFF,0xFF,0xFF,0xFF,0xFF,0xFF,0xFF,0xFF,0x00,0x00,0x00,0x00,0x00,0x00,0x00,0x00,0x00,0x00,0x00,0x00,0x00,0x00,0x00,0x00,0x00,0x00,0x00,0x00,0x00,0x00,0x00,0x00,0x00,0x00,0x00,0x00,0x00,0xFF,0xFF,0xFF,0xFF,0xFF,0xFF,0xFF,0xFF,0xFF,0xFF,0xFF,0xFF,0xFF,0xFF,0xFF,0xFF,0xFF,0xFF,0xFF,0xFF,0xFF,0xFF,0xFF,0xFF,0xFF,
	0xFF,0x00,0x00,0x00,0x00,0x00,0x00,0x00,0x00,0x00,0x00,0x00,0x00,0x00,0x00,0x00,0x00,0x00,0x00,0x00,0x00,0x00,0x00,0x00,0x00,0x00,0x00,0x00,0x00,0x00,0xFF,0xFF,0xFF,0xFF,0xFF,0xFF,0xFF,0xFF,0xFF,0xFF,0xFF,0xFF,0xFF,0xFF,0xFF,0xFF,0xFF,0xFF,0xFF,0xFF,0xFF,0xFF,0xFF,0xFF,0xFF,0xFF,0x00,0x00,0x00,0x00,0x00,0x00,0x00,0x00,
	0x00,0x00,0x00,0x00,0x00,0x00,0x00,0x00,0x00,0x00,0x00,0x00,0x00,0x00,0x00,0x00,0x00,0x00,0x00,0x00,0x00,0xFF,0xFF,0xFF,0xFF,0xFF,0xFF,0xFF,0xFF,0xFF,0xFF,0xFF,0xFF,0xFF,0xFF,0xFF,0xFF,0xFF,0xFF,0xFF,0xFF,0xFF,0xFF,0xFF,0xFF,0xFF,0xFF,0x00,0x00,0x00,0x00,0x00,0x00,0x00,0x00,0x00,0x00,0x00,0x00,0x00,0x00,0x00,0x00,0x00,
	0x00,0x00,0x00,0x00,0x00,0x00,0x00,0x00,0x00,0x00,0x00,0x00,0xFF,0xFF,0xFF,0xFF,0xFF,0xFF,0xFF,0xFF,0xFF,0xFF,0xFF,0xFF,0xFF,0xFF,0xFF,0xFF,0xFF,0xFF,0xFF,0xFF,0xFF,0xFF,0xFF,0xFF,0xFF,0xFF,0x00,0x00,0x00,0x00,0x00,0x00,0x00,0x00,0x00,0x00,0x00,0x00,0x00,0x00,0x00,0x00,0x00,0x00,0x00,0x00,0x00,0x00,0x00,0x00,0x00,0x00,
	0x00,0x00,0x00,0xFF,0xFF,0xFF,0xFF,0xFF,0xFF,0xFF,0xFF,0xFF,0xFF,0xFF,0xFF,0xFF,0xFF,0xFF,0xFF,0xFF,0xFF,0xFF,0xFF,0xFF,0xFF,0xFF,0xFF,0xFF,0xFF,0x00,0x00,0x00,0x00,0x00,0x00,0x00,0x00,0x00,0x00,0x00,0x00,0x00,0x00,0x00,0x00,0x00,0x00,0x00,0x00,0x00,0x00,0x00,0x00,0x00,0x00,0x00,0x00,0x00,0xFF,0xFF,0xFF,0xFF,0xFF,0xFF,
	0xFF,0xFF,0xFF,0xFF,0xFF,0xFF,0xFF,0xFF,0xFF,0xFF,0xFF,0xFF,0xFF,0xFF,0xFF,0xFF,0xFF,0xFF,0xFF,0xFF,0x00,0x00,0x00,0x00,0x00,0x00,0x00,0x00,0x00,0x00,0x00,0x00,0x00,0x00,0x00,0x00,0x00,0x00,0x00,0x00,0x00,0x00,0x00,0x00,0x00,0x00,0x00,0x00,0x00,0xFF,0xFF,0xFF,0xFF,0xFF,0xFF,0xFF,0xFF,0xFF,0xFF,0xFF,0xFF,0xFF,0xFF,0xFF,
	0xFF,0xFF,0xFF,0xFF,0xFF,0xFF,0xFF,0xFF,0xFF,0xFF,0xFF,0x00,0x00,0x00,0x00,0x00,0x00,0x00,0x00,0x00,0x00,0x00,0x00,0x00,0x00,0x00,0x00,0x00,0x00,0x00,0x00,0x00,0x00,0x00,0x00,0x00,0x00,0x00,0x00,0x00,0xFF,0xFF,0xFF,0xFF,0xFF,0xFF,0x00,0xFF,0xFF,0xFF,0xFF,0xFF,0xFF,0xFF,0xFF,0xFF,0xFF,0xFF,0xFF,0xFF,0xFF,0xFF,0xFF,0xFF,
	0xFF,0xFF,0x00,0x00,0x00,0x00,0x00,0x00,0x00,0x00,0x00,0x00,0x00,0x00,0x00,0x00,0x00,0x00,0x00,0x00,0x00,0x00,0x00,0x00,0x00,0x00,0x00,0x00,0x00,0x00,0x00,0xFF,0xFF,0xFF,0xFF,0xFF,0xFF,0xFF,0xFF,0xFF,0xFF,0xFF,0xFF,0xFF,0xFF,0xFF,0xFF,0xFF,0xFF,0xFF,0xFF,0xFF,0xFF,0xFF,0xFF,0xFF,0xFF,0x00,0x00,0x00,0x00,0x00,0x00,0x00,
	0x00,0x00,0x00,0x00,0x00,0x00,0x00,0x00,0x00,0x00,0x00,0x00,0x00,0x00,0x00,0x00,0x00,0x00,0x00,0x00,0x00,0x00,0xFF,0xFF,0xFF,0xFF,0xFF,0xFF,0xFF,0xFF,0xFF,0xFF,0xFF,0xFF,0xFF,0xFF,0xFF,0xFF,0xFF,0xFF,0xFF,0xFF,0xFF,0xFF,0xFF,0xFF,0xFF,0xFF,0x00,0x00,0x00,0x00,0x00,0x00,0x00,0x00,0x00,0x00,0x00,0x00,0x00,0x00,0x00,0x00,
	0x00,0x00,0x00,0x00,0x00,0x00,0x00,0x00,0x00,0x00,0x00,0x00,0x00,0xFF,0xFF,0xFF,0xFF,0xFF,0xFF,0xFF,0xFF,0xFF,0xFF,0xFF,0xFF,0xFF,0xFF,0xFF,0xFF,0xFF,0xFF,0xFF,0xFF,0xFF,0xFF,0xFF,0xFF,0xFF,0xFF,0x00,0x00,0x00,0x00,0x00,0x00,0x00,0x00,0x00,0x00,0x00,0x00,0x00,0x00,0x00,0x00,0x00,0x00,0x00,0x00,0x00,0x00,0x00,0x00,0x00,
	0x00,0x00,0x00,0x00,0xFF,0xFF,0xFF,0xFF,0xFF,0xFF,0xFF,0xFF,0xFF,0xFF,0xFF,0xFF,0xFF,0xFF,0xFF,0xFF,0xFF,0xFF,0xFF,0xFF,0xFF,0xFF,0xFF,0xFF,0xFF,0xFF,0x00,0x00,0x00,0x00,0x00,0x00,0x00,0x00,0x00,0x00,0x00,0x00,0x00,0x00,0x00,0x00,0x00,0x00,0x00,0x00,0x00,0x00,0x00,0x00,0x00,0x00,0x00,0x00,0x00,0xFF,0xFF,0xFF,0xFF,0xFF,
	0xFF,0xFF,0xFF,0xFF,0xFF,0xFF,0xFF,0xFF,0xFF,0xFF,0xFF,0xFF,0xFF,0xFF,0xFF,0xFF,0xFF,0xFF,0xFF,0xFF,0xFF,0x00,0xFF,0xFF,0xFF,0xFF,0xFF,0xFF,0xFF,0xFF,0xFF,0xFF,0xFF,0xFF,0xFF,0xFF,0xFF,0xFF,0xFF,0xFF,0xFF,0xFF,0xFF,0xFF,0xFF,0xFF,0xFF,0xFF,0xFF,0xFF,0xFF,0xFF,0xFF,0xFF,0xFF,0xFF,0xFF,0xFF,0xFF,0xFF,0xFF,0xFF,0xFF,0xFF,
	0xFF,0xFF,0xFF,0xFF,0xFF,0xFF,0xFF,0xFF,0xFF,0xFF,0xFF,0xFF,0x00,0xFF,0xFF,0xFF,0xFF,0xFF,0xFF,0xFF,0xFF,0xFF,0xFF,0xFF,0xFF,0xFF,0xFF,0xFF,0xFF,0xFF,0xFF,0xFF,0xFF,0xFF,0xFF,0xFF,0xFF,0xFF,0xFF,0xFF,0xFF,0xFF,0xFF,0xFF,0xFF,0xFF,0xFF,0xFF,0xFF,0xFF,0xFF,0xFF,0xFF,0xFF,0xFF,0xFF,0xFF,0xFF,0xFF,0xFF,0xFF,0xFF,0xFF,0xFF,
	0xFF,0xFF,0xFF,0x00,0xFF,0xFF,0xFF,0xFF,0xFF,0xFF,0xFF,0xFF,0xFF,0xFF,0xFF,0xFF,0xFF,0xFF,0xFF,0xFF,0xFF,0xFF,0xFF,0xFF,0xFF,0xFF,0xFF,0xFF,0xFF,0xFF,0xFF,0xFF,0xFF,0xFF,0xFF,0xFF,0xFF,0x00,0xFF,0xFF,0xFF,0xFF,0xFF,0xFF,0xFF,0xFF,0xFF,0xFF,0xFF,0xFF,0xFF,0xFF,0xFF,0xFF,0xFF,0xFF,0xFF,0xFF,0x00,0xFF,0xFF,0xFF,0xFF,0xFF,
	0xFF,0xFF,0xFF,0xFF,0xFF,0xFF,0xFF,0xFF,0xFF,0xFF,0xFF,0xFF,0xFF,0xFF,0xFF,0xFF,0xFF,0xFF,0xFF,0xFF,0xFF,0xFF,0xFF,0xFF,0xFF,0xFF,0xFF,0xFF,0x00,0x00,0xFF,0xFF,0xFF,0xFF,0xFF,0xFF,0xFF,0xFF,0xFF,0xFF,0xFF,0xFF,0xFF,0xFF,0xFF,0xFF,0xFF,0xFF,0xFF,0x00,0xFF,0xFF,0xFF,0xFF,0xFF,0xFF,0xFF,0xFF,0xFF,0xFF,0xFF,0xFF,0xFF,0xFF,
	0xFF,0xFF,0xFF,0xFF,0xFF,0xFF,0xFF,0xFF,0xFF,0xFF,0xFF,0xFF,0xFF,0xFF,0xFF,0xFF,0xFF,0xFF,0xFF,0x00,0x00,0x00,0x00,0x00,0x00,0x00,0x00,0x00,0x00,0x00,0xFF,0xFF,0xFF,0xFF,0xFF,0xFF,0xFF,0xFF,0xFF,0x00,0x00,0xFF,0xFF,0xFF,0xFF,0xFF,0xFF,0xFF,0xFF,0xFF,0xFF,0xFF,0xFF,0xFF,0xFF,0xFF,0xFF,0xFF,0xFF,0xFF,0xFF,0xFF,0xFF,0xFF,
	0xFF,0xFF,0xFF,0xFF,0xFF,0xFF,0xFF,0xFF,0xFF,0x00,0x00,0x00,0x00,0x00,0x00,0x00,0x00,0x00,0x00,0x00,0x00,0xFF,0xFF,0xFF,0xFF,0xFF,0xFF,0xFF,0xFF,0x00,0x00,0x00,0x00,0x00,0x00,0x00,0x00,0x00,0x00,0x00,0x00,0x00,0x00,0x00,0x00,0x00,0x00,0x00,0x00,0x00,0x00,0x00,0x00,0x00,0x00,0x00,0x00,0x00,0x00,
    };
        


const lv_img_dsc_t face_1891_2_390_dial_img_11_45662_1 = {
    .header.magic = LV_IMAGE_HEADER_MAGIC,
    .header.w = 55,
    .header.h = 29,
    .data_size = sizeof(face_1891_2_390_dial_img_11_45662_data_1),
    .header.cf = LV_COLOR_FORMAT_RGB565A8,
    .data = face_1891_2_390_dial_img_11_45662_data_1};

    
// LVGL 9 format (RGB565) // LVGL_9 compatible 
const LV_ATTRIBUTE_MEM_ALIGN uint8_t face_1891_2_390_dial_img_11_45662_data_2[] = {
	//RGB565 data 
	0x20,0x00,0xC3,0x18,0xC3,0x18,0x20,0x00,0x00,0x00,0x00,0x00,0x00,0x00,0x00,0x00,0x00,0x00,0x00,0x00,0x00,0x00,0x00,0x00,0x00,0x00,0x00,0x00,0x00,0x00,0x00,0x00,0x00,0x00,0x00,0x00,0xC3,0x18,0xC3,0x18,0xC3,0x18,0xC3,0x18,0x20,0x00,0x20,0x00,0x00,0x00,0x00,0x00,0x00,0x00,0x00,0x00,0x00,0x00,0x00,0x00,0x00,0x00,0x00,0x00,
	0x00,0x00,0x00,0x00,0x00,0x00,0x00,0x00,0x00,0x00,0x00,0x00,0x00,0x00,0x00,0x00,0x00,0x00,0x00,0x00,0x00,0x00,0x00,0x00,0x00,0x00,0x00,0x00,0x00,0x00,0x00,0x00,0x00,0x00,0x00,0x00,0x00,0x00,0x00,0x00,0x00,0x00,0x00,0x00,0x00,0x00,0x00,0x00,0x00,0x00,0x00,0x00,0xC3,0x18,0xA6,0x31,0xA6,0x31,0xA6,0x31,0xA6,0x31,0xA6,0x31,
	0xA6,0x31,0xA6,0x31,0xA6,0x31,0xA6,0x31,0xA6,0x31,0xA6,0x31,0xA6,0x31,0xA6,0x31,0xA6,0x31,0xC3,0x18,0xC3,0x18,0xC3,0x18,0xC3,0x18,0xC3,0x18,0xC3,0x18,0xC3,0x18,0xC3,0x18,0x00,0x00,0x00,0x00,0x00,0x00,0x00,0x00,0x00,0x00,0x00,0x00,0x00,0x00,0x00,0x00,0x00,0x00,0x00,0x00,0x00,0x00,0x00,0x00,0x00,0x00,0x00,0x00,0x00,0x00,
	0x00,0x00,0x00,0x00,0x00,0x00,0x00,0x00,0x00,0x00,0x00,0x00,0x00,0x00,0x00,0x00,0x00,0x00,0x00,0x00,0x00,0x00,0x00,0x00,0x00,0x00,0x00,0x00,0x00,0x00,0x20,0x00,0xC3,0x18,0xAE,0x73,0x71,0x8C,0x71,0x8C,0x71,0x8C,0x71,0x8C,0x71,0x8C,0x71,0x8C,0x71,0x8C,0x71,0x8C,0x71,0x8C,0x71,0x8C,0x71,0x8C,0x71,0x8C,0x71,0x8C,0x71,0x8C,
	0x71,0x8C,0x71,0x8C,0x71,0x8C,0x71,0x8C,0x71,0x8C,0x71,0x8C,0xAA,0x52,0xA6,0x31,0x20,0x00,0x00,0x00,0x00,0x00,0x00,0x00,0x00,0x00,0x20,0x00,0x20,0x00,0x20,0x00,0x20,0x00,0x20,0x00,0x20,0x00,0x20,0x00,0x20,0x00,0x20,0x00,0x20,0x00,0x20,0x00,0x20,0x00,0x20,0x00,0x20,0x00,0x20,0x00,0x20,0x00,0x20,0x00,0x20,0x00,0x20,0x00,
	0x20,0x00,0x20,0x00,0x20,0x00,0x00,0x00,0x00,0x00,0x00,0x00,0x20,0x00,0xA6,0x31,0x96,0xB5,0x1C,0xE7,0x1C,0xE7,0x1C,0xE7,0x7D,0xEF,0x1C,0xE7,0x1C,0xE7,0x1C,0xE7,0x1C,0xE7,0x1C,0xE7,0x1C,0xE7,0x1C,0xE7,0x1C,0xE7,0x1C,0xE7,0x7D,0xEF,0x1C,0xE7,0x7D,0xEF,0x1C,0xE7,0x1C,0xE7,0x1C,0xE7,0x1C,0xE7,0x71,0x8C,0xAA,0x52,0x20,0x00,
	0x00,0x00,0x00,0x00,0x00,0x00,0xA6,0x31,0x71,0x8C,0x96,0xB5,0x96,0xB5,0x96,0xB5,0x96,0xB5,0x96,0xB5,0x96,0xB5,0x96,0xB5,0x96,0xB5,0x96,0xB5,0x96,0xB5,0x96,0xB5,0x96,0xB5,0x96,0xB5,0x96,0xB5,0x96,0xB5,0x96,0xB5,0x96,0xB5,0x96,0xB5,0x96,0xB5,0x96,0xB5,0x96,0xB5,0xAA,0x52,0x00,0x00,0x00,0x00,0xC3,0x18,0xAA,0x52,0x7A,0xD6,
	0xFF,0xFF,0xFF,0xFF,0xDF,0xFF,0x7D,0xEF,0x7D,0xEF,0x7D,0xEF,0x7D,0xEF,0x7D,0xEF,0xFF,0xFF,0xFF,0xFF,0xFF,0xFF,0xFF,0xFF,0x7D,0xEF,0x7D,0xEF,0x7D,0xEF,0x7D,0xEF,0x7D,0xEF,0xDF,0xFF,0xFF,0xFF,0xFF,0xFF,0x96,0xB5,0xAA,0x52,0x20,0x00,0x00,0x00,0x00,0x00,0x00,0x00,0xA6,0x31,0x7A,0xD6,0xFF,0xFF,0xFF,0xFF,0xFF,0xFF,0xFF,0xFF,
	0xFF,0xFF,0xFF,0xFF,0xFF,0xFF,0xFF,0xFF,0xFF,0xFF,0xFF,0xFF,0xFF,0xFF,0xFF,0xFF,0xFF,0xFF,0xFF,0xFF,0xFF,0xFF,0xFF,0xFF,0xFF,0xFF,0xFF,0xFF,0xFF,0xFF,0xFF,0xFF,0xFF,0xFF,0xAE,0x73,0x00,0x00,0x00,0x00,0xC3,0x18,0xAA,0x52,0x38,0xC6,0xFF,0xFF,0xFF,0xFF,0x38,0xC6,0x71,0x8C,0x71,0x8C,0x71,0x8C,0x71,0x8C,0x96,0xB5,0x7A,0xD6,
	0xFF,0xFF,0xFF,0xFF,0x1C,0xE7,0x96,0xB5,0x71,0x8C,0x71,0x8C,0x71,0x8C,0x71,0x8C,0x38,0xC6,0x7D,0xEF,0xFF,0xFF,0x96,0xB5,0xAA,0x52,0x20,0x00,0x00,0x00,0x00,0x00,0x00,0x00,0xA6,0x31,0x38,0xC6,0xDF,0xFF,0xFF,0xFF,0xFF,0xFF,0xFF,0xFF,0xFF,0xFF,0xFF,0xFF,0xFF,0xFF,0xFF,0xFF,0xFF,0xFF,0xFF,0xFF,0xFF,0xFF,0xFF,0xFF,0xFF,0xFF,
	0xFF,0xFF,0xFF,0xFF,0xFF,0xFF,0xFF,0xFF,0xFF,0xFF,0xFF,0xFF,0xFF,0xFF,0xFF,0xFF,0xAA,0x52,0x00,0x00,0x00,0x00,0xC3,0x18,0xAA,0x52,0x38,0xC6,0xFF,0xFF,0xFF,0xFF,0x71,0x8C,0xA6,0x31,0xA6,0x31,0xAA,0x52,0xAA,0x52,0xAE,0x73,0x38,0xC6,0xDF,0xFF,0xDF,0xFF,0x7A,0xD6,0xAE,0x73,0xA6,0x31,0xAA,0x52,0xA6,0x31,0xAA,0x52,0x71,0x8C,
	0x7A,0xD6,0xFF,0xFF,0x96,0xB5,0xAA,0x52,0x20,0x00,0x00,0x00,0x00,0x00,0x00,0x00,0xA6,0x31,0x71,0x8C,0x96,0xB5,0x38,0xC6,0x38,0xC6,0x38,0xC6,0x38,0xC6,0x38,0xC6,0x38,0xC6,0x38,0xC6,0x38,0xC6,0x38,0xC6,0x38,0xC6,0x38,0xC6,0x38,0xC6,0x38,0xC6,0x38,0xC6,0x38,0xC6,0x38,0xC6,0x38,0xC6,0x38,0xC6,0x38,0xC6,0x38,0xC6,0xAA,0x52,
	0x00,0x00,0x00,0x00,0xC3,0x18,0xAA,0x52,0x38,0xC6,0xFF,0xFF,0xFF,0xFF,0xAE,0x73,0x20,0x00,0xA6,0x31,0xAA,0x52,0xAA,0x52,0x71,0x8C,0x38,0xC6,0xDF,0xFF,0xDF,0xFF,0x7A,0xD6,0xAE,0x73,0xAA,0x52,0xAA,0x52,0xA6,0x31,0xA6,0x31,0xAE,0x73,0x38,0xC6,0xFF,0xFF,0x96,0xB5,0xAA,0x52,0x20,0x00,0x00,0x00,0x00,0x00,0x00,0x00,0xC3,0x18,
	0xAA,0x52,0xAE,0x73,0xAE,0x73,0xAE,0x73,0xAE,0x73,0xAE,0x73,0xAE,0x73,0xAE,0x73,0xAE,0x73,0xAE,0x73,0xAE,0x73,0xAE,0x73,0xAE,0x73,0xAE,0x73,0xAE,0x73,0xAE,0x73,0xAE,0x73,0xAE,0x73,0xAE,0x73,0xAE,0x73,0xAE,0x73,0xAE,0x73,0xA6,0x31,0x00,0x00,0x00,0x00,0xC3,0x18,0xAA,0x52,0x38,0xC6,0xFF,0xFF,0xFF,0xFF,0x71,0x8C,0xA6,0x31,
	0x38,0xC6,0x1C,0xE7,0x1C,0xE7,0x7D,0xEF,0xDF,0xFF,0xFF,0xFF,0xFF,0xFF,0xDF,0xFF,0x7D,0xEF,0x1C,0xE7,0x1C,0xE7,0x96,0xB5,0xAE,0x73,0xAE,0x73,0x96,0xB5,0xFF,0xFF,0x96,0xB5,0xAA,0x52,0x20,0x00,0x00,0x00,0x00,0x00,0x00,0x00,0x20,0x00,0x20,0x00,0xC3,0x18,0xC3,0x18,0xC3,0x18,0xC3,0x18,0xC3,0x18,0xC3,0x18,0xC3,0x18,0xC3,0x18,
	0xC3,0x18,0xC3,0x18,0xC3,0x18,0xC3,0x18,0xC3,0x18,0xC3,0x18,0xC3,0x18,0xC3,0x18,0xC3,0x18,0xC3,0x18,0xC3,0x18,0xC3,0x18,0xC3,0x18,0x20,0x00,0x00,0x00,0x00,0x00,0xC3,0x18,0xAA,0x52,0x38,0xC6,0xFF,0xFF,0xFF,0xFF,0x71,0x8C,0xA6,0x31,0x96,0xB5,0x1C,0xE7,0x1C,0xE7,0x7D,0xEF,0xDF,0xFF,0xFF,0xFF,0xFF,0xFF,0xDF,0xFF,0x1C,0xE7,
	0x1C,0xE7,0x1C,0xE7,0x96,0xB5,0xAE,0x73,0xAE,0x73,0x96,0xB5,0xFF,0xFF,0x96,0xB5,0xAA,0x52,0x20,0x00,0x00,0x00,0x00,0x00,0x00,0x00,0x00,0x00,0x00,0x00,0x00,0x00,0x00,0x00,0x00,0x00,0x00,0x00,0x00,0x00,0x00,0x00,0x00,0x00,0x00,0x00,0x00,0x00,0x00,0x00,0x00,0x00,0x00,0x00,0x00,0x00,0x00,0x00,0x00,0x00,0x00,0x00,0x00,0x00,
	0x00,0x00,0x00,0x00,0x00,0x00,0x00,0x00,0x00,0x00,0x00,0x00,0x00,0x00,0xC3,0x18,0xAA,0x52,0x38,0xC6,0xFF,0xFF,0xFF,0xFF,0x71,0x8C,0xC3,0x18,0xAE,0x73,0x71,0x8C,0xAE,0x73,0x96,0xB5,0x7A,0xD6,0xDF,0xFF,0xFF,0xFF,0x1C,0xE7,0x71,0x8C,0xAE,0x73,0x71,0x8C,0xAA,0x52,0xA6,0x31,0xAE,0x73,0x38,0xC6,0xFF,0xFF,0x96,0xB5,0xAA,0x52,
	0x20,0x00,0x00,0x00,0x00,0x00,0x00,0x00,0x00,0x00,0x00,0x00,0x00,0x00,0x00,0x00,0x00,0x00,0x00,0x00,0x00,0x00,0x00,0x00,0x00,0x00,0x00,0x00,0x00,0x00,0x00,0x00,0x00,0x00,0x00,0x00,0x00,0x00,0x00,0x00,0x00,0x00,0x00,0x00,0x00,0x00,0x00,0x00,0x00,0x00,0x00,0x00,0x00,0x00,0x00,0x00,0x00,0x00,0x00,0x00,0xC3,0x18,0xAA,0x52,
	0x38,0xC6,0xFF,0xFF,0xFF,0xFF,0x71,0x8C,0xC3,0x18,0xA6,0x31,0xA6,0x31,0xA6,0x31,0xAE,0x73,0x38,0xC6,0xDF,0xFF,0xDF,0xFF,0x7A,0xD6,0xAE,0x73,0xA6,0x31,0xA6,0x31,0xA6,0x31,0xA6,0x31,0xAE,0x73,0x38,0xC6,0xFF,0xFF,0x96,0xB5,0xAA,0x52,0x20,0x00,0x00,0x00,0x00,0x00,0x00,0x00,0x00,0x00,0x00,0x00,0xC3,0x18,0xC3,0x18,0xC3,0x18,
	0xC3,0x18,0xC3,0x18,0xC3,0x18,0xC3,0x18,0xC3,0x18,0xC3,0x18,0xC3,0x18,0xC3,0x18,0xC3,0x18,0xC3,0x18,0xC3,0x18,0xC3,0x18,0xC3,0x18,0xC3,0x18,0xC3,0x18,0xC3,0x18,0xC3,0x18,0x20,0x00,0x00,0x00,0x00,0x00,0x00,0x00,0xC3,0x18,0xAA,0x52,0x38,0xC6,0xFF,0xFF,0xFF,0xFF,0x96,0xB5,0xAA,0x52,0xAA,0x52,0xAE,0x73,0xAE,0x73,0x71,0x8C,
	0x7A,0xD6,0xFF,0xFF,0xFF,0xFF,0x7A,0xD6,0x71,0x8C,0xAA,0x52,0xAE,0x73,0xAE,0x73,0xAE,0x73,0x71,0x8C,0x7A,0xD6,0xFF,0xFF,0x96,0xB5,0xAA,0x52,0x20,0x00,0x00,0x00,0x00,0x00,0x00,0x00,0x00,0x00,0x00,0x00,0xA6,0x31,0xAE,0x73,0xAE,0x73,0xAE,0x73,0xAE,0x73,0xAE,0x73,0xAE,0x73,0xAE,0x73,0xAE,0x73,0xAE,0x73,0xAE,0x73,0xAE,0x73,
	0xAE,0x73,0xAE,0x73,0xAE,0x73,0xAE,0x73,0xAE,0x73,0xAE,0x73,0xAE,0x73,0xAA,0x52,0xC3,0x18,0x20,0x00,0x00,0x00,0x00,0x00,0xC3,0x18,0xAA,0x52,0x38,0xC6,0xFF,0xFF,0xFF,0xFF,0x7A,0xD6,0x38,0xC6,0x1C,0xE7,0xDF,0xFF,0xDF,0xFF,0xDF,0xFF,0xFF,0xFF,0xFF,0xFF,0xFF,0xFF,0xFF,0xFF,0xDF,0xFF,0x7D,0xEF,0xDF,0xFF,0xDF,0xFF,0x7D,0xEF,
	0x38,0xC6,0x1C,0xE7,0xFF,0xFF,0x96,0xB5,0xAA,0x52,0x20,0x00,0x00,0x00,0x00,0x00,0x00,0x00,0x00,0x00,0x00,0x00,0x71,0x8C,0x7D,0xEF,0x7D,0xEF,0x7D,0xEF,0x7D,0xEF,0x7D,0xEF,0x7D,0xEF,0x7D,0xEF,0x7D,0xEF,0x7D,0xEF,0x7D,0xEF,0x7D,0xEF,0x7D,0xEF,0x7D,0xEF,0x7D,0xEF,0x7D,0xEF,0x7D,0xEF,0x7D,0xEF,0x7D,0xEF,0x38,0xC6,0xA6,0x31,
	0x20,0x00,0x00,0x00,0x00,0x00,0xC3,0x18,0xAA,0x52,0x38,0xC6,0xFF,0xFF,0xFF,0xFF,0x7A,0xD6,0x96,0xB5,0x38,0xC6,0x38,0xC6,0x38,0xC6,0x38,0xC6,0x38,0xC6,0x38,0xC6,0x38,0xC6,0x38,0xC6,0x38,0xC6,0x38,0xC6,0x38,0xC6,0x7A,0xD6,0x7A,0xD6,0x96,0xB5,0x7A,0xD6,0xFF,0xFF,0x96,0xB5,0xAA,0x52,0x20,0x00,0x00,0x00,0x00,0x00,0x00,0x00,
	0x00,0x00,0x00,0x00,0x96,0xB5,0xFF,0xFF,0xFF,0xFF,0xFF,0xFF,0xFF,0xFF,0xFF,0xFF,0xFF,0xFF,0xFF,0xFF,0xFF,0xFF,0xFF,0xFF,0xFF,0xFF,0xFF,0xFF,0xFF,0xFF,0xFF,0xFF,0xFF,0xFF,0xFF,0xFF,0xFF,0xFF,0xFF,0xFF,0xFF,0xFF,0x1C,0xE7,0xAA,0x52,0xC3,0x18,0x00,0x00,0x00,0x00,0xC3,0x18,0xAA,0x52,0x38,0xC6,0xFF,0xFF,0xFF,0xFF,0x96,0xB5,
	0xAA,0x52,0xAE,0x73,0x71,0x8C,0xAE,0x73,0xAE,0x73,0xAE,0x73,0xAE,0x73,0xAE,0x73,0xAE,0x73,0xAE,0x73,0x71,0x8C,0x71,0x8C,0xAE,0x73,0xAE,0x73,0x71,0x8C,0x7A,0xD6,0xFF,0xFF,0x96,0xB5,0xAA,0x52,0x20,0x00,0x00,0x00,0x00,0x00,0x00,0x00,0x00,0x00,0x00,0x00,0x71,0x8C,0x7D,0xEF,0x7D,0xEF,0x7D,0xEF,0x7D,0xEF,0x7D,0xEF,0x7D,0xEF,
	0x7D,0xEF,0x7D,0xEF,0x7D,0xEF,0x7D,0xEF,0x7D,0xEF,0x7D,0xEF,0x7D,0xEF,0x7D,0xEF,0x7D,0xEF,0x7D,0xEF,0x7D,0xEF,0x7D,0xEF,0x38,0xC6,0xA6,0x31,0x20,0x00,0x00,0x00,0x00,0x00,0xC3,0x18,0xAA,0x52,0x38,0xC6,0xFF,0xFF,0xFF,0xFF,0xAE,0x73,0xC3,0x18,0x71,0x8C,0x38,0xC6,0x96,0xB5,0x96,0xB5,0x96,0xB5,0x96,0xB5,0x96,0xB5,0x96,0xB5,
	0x96,0xB5,0x96,0xB5,0x96,0xB5,0xAE,0x73,0xA6,0x31,0xAE,0x73,0x38,0xC6,0xFF,0xFF,0x96,0xB5,0xAA,0x52,0x20,0x00,0x00,0x00,0x00,0x00,0x00,0x00,0x00,0x00,0x00,0x00,0xA6,0x31,0xAE,0x73,0xAE,0x73,0xAE,0x73,0xAE,0x73,0xAE,0x73,0xAE,0x73,0xAE,0x73,0xAE,0x73,0xAE,0x73,0xAE,0x73,0xAE,0x73,0xAE,0x73,0xAE,0x73,0xAE,0x73,0xAE,0x73,
	0xAE,0x73,0xAE,0x73,0xAE,0x73,0xAA,0x52,0xC3,0x18,0x20,0x00,0x00,0x00,0x00,0x00,0xC3,0x18,0xAA,0x52,0x7A,0xD6,0xFF,0xFF,0xDF,0xFF,0xAA,0x52,0x00,0x00,0x96,0xB5,0x1C,0xE7,0x1C,0xE7,0x1C,0xE7,0x1C,0xE7,0x1C,0xE7,0x1C,0xE7,0x1C,0xE7,0x1C,0xE7,0x1C,0xE7,0x1C,0xE7,0xAE,0x73,0xA6,0x31,0xAE,0x73,0x38,0xC6,0xFF,0xFF,0x96,0xB5,
	0xAA,0x52,0x20,0x00,0x00,0x00,0x00,0x00,0x00,0x00,0x00,0x00,0x00,0x00,0xC3,0x18,0xC3,0x18,0xC3,0x18,0xC3,0x18,0xC3,0x18,0xC3,0x18,0xC3,0x18,0xC3,0x18,0xC3,0x18,0xC3,0x18,0xC3,0x18,0xC3,0x18,0xC3,0x18,0xC3,0x18,0xC3,0x18,0xC3,0x18,0xC3,0x18,0xC3,0x18,0xC3,0x18,0xC3,0x18,0x20,0x00,0x00,0x00,0x00,0x00,0x00,0x00,0xC3,0x18,
	0xAA,0x52,0x7A,0xD6,0xFF,0xFF,0x1C,0xE7,0xAA,0x52,0x20,0x00,0x38,0xC6,0xFF,0xFF,0xFF,0xFF,0xFF,0xFF,0xFF,0xFF,0xFF,0xFF,0xFF,0xFF,0xFF,0xFF,0xFF,0xFF,0xFF,0xFF,0xFF,0xFF,0x71,0x8C,0xA6,0x31,0xAE,0x73,0x38,0xC6,0xFF,0xFF,0x96,0xB5,0xAA,0x52,0x20,0x00,0x00,0x00,0x00,0x00,0x00,0x00,0x00,0x00,0x00,0x00,0x00,0x00,0x00,0x00,
	0x00,0x00,0x00,0x00,0x00,0x00,0x00,0x00,0x00,0x00,0x00,0x00,0x00,0x00,0x00,0x00,0x00,0x00,0x00,0x00,0x00,0x00,0x00,0x00,0x00,0x00,0x00,0x00,0x00,0x00,0x00,0x00,0x00,0x00,0x00,0x00,0x00,0x00,0x00,0x00,0x00,0x00,0x00,0x00,0xC3,0x18,0xAE,0x73,0x1C,0xE7,0xFF,0xFF,0x7A,0xD6,0xAA,0x52,0x20,0x00,0x38,0xC6,0xFF,0xFF,0xFF,0xFF,
	0x7A,0xD6,0x96,0xB5,0x96,0xB5,0x96,0xB5,0x96,0xB5,0x1C,0xE7,0xFF,0xFF,0xFF,0xFF,0x71,0x8C,0xA6,0x31,0xAE,0x73,0x38,0xC6,0xFF,0xFF,0x96,0xB5,0xAA,0x52,0x20,0x00,0x00,0x00,0x00,0x00,0x00,0x00,0x00,0x00,0x00,0x00,0x00,0x00,0x00,0x00,0x00,0x00,0x00,0x00,0x00,0x00,0x00,0x00,0x00,0x00,0x00,0x00,0x00,0x00,0x00,0x00,0x00,0x00,
	0x00,0x00,0x00,0x00,0x00,0x00,0x00,0x00,0x00,0x00,0x00,0x00,0x00,0x00,0x00,0x00,0x00,0x00,0x00,0x00,0x00,0x00,0x00,0x00,0x00,0x00,0xA6,0x31,0x71,0x8C,0x1C,0xE7,0xFF,0xFF,0x7A,0xD6,0xAA,0x52,0x20,0x00,0x38,0xC6,0xFF,0xFF,0xFF,0xFF,0x96,0xB5,0xAA,0x52,0xAE,0x73,0xAA,0x52,0xAE,0x73,0x38,0xC6,0xDF,0xFF,0xFF,0xFF,0x71,0x8C,
	0xA6,0x31,0xAE,0x73,0x38,0xC6,0xFF,0xFF,0x96,0xB5,0xAA,0x52,0x20,0x00,0x00,0x00,0x00,0x00,0x00,0x00,0x00,0x00,0x00,0x00,0x00,0x00,0x00,0x00,0x00,0x00,0x00,0x00,0x00,0x00,0x00,0x00,0x00,0x00,0x00,0x00,0x00,0x00,0x00,0x00,0x00,0x00,0x00,0x00,0x00,0x00,0x00,0x00,0x00,0x00,0x00,0x00,0x00,0x00,0x00,0x00,0x00,0x00,0x00,0x00,
	0x00,0x00,0x00,0x00,0x00,0x00,0x00,0x00,0xA6,0x31,0x96,0xB5,0x7D,0xEF,0xDF,0xFF,0x38,0xC6,0xA6,0x31,0x20,0x00,0x38,0xC6,0xFF,0xFF,0xFF,0xFF,0x71,0x8C,0xA6,0x31,0xA6,0x31,0xA6,0x31,0xA6,0x31,0x96,0xB5,0x7D,0xEF,0xFF,0xFF,0x71,0x8C,0xA6,0x31,0xAE,0x73,0x38,0xC6,0xFF,0xFF,0x96,0xB5,0xAA,0x52,0x20,0x00,0x00,0x00,0x00,0x00,
	0x00,0x00,0x00,0x00,0x00,0x00,0x00,0x00,0x00,0x00,0x00,0x00,0x00,0x00,0x00,0x00,0x00,0x00,0x00,0x00,0x00,0x00,0x00,0x00,0x00,0x00,0x00,0x00,0x00,0x00,0x00,0x00,0x00,0x00,0x00,0x00,0x00,0x00,0x00,0x00,0x00,0x00,0x00,0x00,0x00,0x00,0x00,0x00,0x00,0x00,0x00,0x00,0x00,0x00,0xAA,0x52,0x7A,0xD6,0xDF,0xFF,0x7D,0xEF,0x96,0xB5,
	0xA6,0x31,0xC3,0x18,0x7A,0xD6,0xFF,0xFF,0xFF,0xFF,0x38,0xC6,0x71,0x8C,0x71,0x8C,0x71,0x8C,0x71,0x8C,0x7A,0xD6,0xDF,0xFF,0xFF,0xFF,0x71,0x8C,0xA6,0x31,0xAE,0x73,0x38,0xC6,0xFF,0xFF,0x96,0xB5,0xAA,0x52,0x20,0x00,0x00,0x00,0x00,0x00,0xC3,0x18,0xA6,0x31,0xA6,0x31,0xA6,0x31,0xA6,0x31,0xA6,0x31,0xA6,0x31,0xA6,0x31,0xA6,0x31,
	0xA6,0x31,0xA6,0x31,0xA6,0x31,0xA6,0x31,0xA6,0x31,0xA6,0x31,0xA6,0x31,0xA6,0x31,0xA6,0x31,0xA6,0x31,0xA6,0x31,0xA6,0x31,0xA6,0x31,0xA6,0x31,0xA6,0x31,0xA6,0x31,0xA6,0x31,0x20,0x00,0xAA,0x52,0xFF,0xFF,0xFF,0xFF,0x1C,0xE7,0xAE,0x73,0xC3,0x18,0xC3,0x18,0x38,0xC6,0xFF,0xFF,0xFF,0xFF,0xFF,0xFF,0xFF,0xFF,0xFF,0xFF,0xFF,0xFF,
	0xFF,0xFF,0xFF,0xFF,0xFF,0xFF,0xFF,0xFF,0x71,0x8C,0xA6,0x31,0xAE,0x73,0x7A,0xD6,0xFF,0xFF,0x96,0xB5,0xAA,0x52,0x20,0x00,0x00,0x00,0x20,0x00,0xAA,0x52,0xAE,0x73,0x71,0x8C,0x71,0x8C,0x71,0x8C,0x71,0x8C,0x71,0x8C,0x71,0x8C,0x71,0x8C,0x71,0x8C,0x71,0x8C,0x71,0x8C,0x71,0x8C,0x71,0x8C,0x71,0x8C,0x71,0x8C,0x71,0x8C,0x71,0x8C,
	0x71,0x8C,0x71,0x8C,0x71,0x8C,0x71,0x8C,0x71,0x8C,0x71,0x8C,0x71,0x8C,0x71,0x8C,0xA6,0x31,0x71,0x8C,0xFF,0xFF,0xFF,0xFF,0x7A,0xD6,0xA6,0x31,0x20,0x00,0xC3,0x18,0x96,0xB5,0x7D,0xEF,0x1C,0xE7,0x1C,0xE7,0x1C,0xE7,0x1C,0xE7,0x1C,0xE7,0x1C,0xE7,0x7D,0xEF,0xDF,0xFF,0xFF,0xFF,0x71,0x8C,0xAA,0x52,0x96,0xB5,0x7D,0xEF,0xFF,0xFF,
	0x96,0xB5,0xAA,0x52,0x20,0x00,0x00,0x00,0x20,0x00,0x71,0x8C,0x7A,0xD6,0x1C,0xE7,0x1C,0xE7,0x1C,0xE7,0x1C,0xE7,0x1C,0xE7,0x1C,0xE7,0x1C,0xE7,0x1C,0xE7,0x1C,0xE7,0x1C,0xE7,0x1C,0xE7,0x1C,0xE7,0x1C,0xE7,0x1C,0xE7,0x1C,0xE7,0x1C,0xE7,0x1C,0xE7,0x1C,0xE7,0x1C,0xE7,0x1C,0xE7,0x1C,0xE7,0x1C,0xE7,0x1C,0xE7,0x1C,0xE7,0x71,0x8C,
	0x38,0xC6,0xFF,0xFF,0xDF,0xFF,0x96,0xB5,0xC3,0x18,0x00,0x00,0x20,0x00,0xAE,0x73,0x71,0x8C,0x71,0x8C,0x71,0x8C,0x71,0x8C,0x71,0x8C,0x71,0x8C,0x71,0x8C,0x71,0x8C,0x38,0xC6,0xFF,0xFF,0x38,0xC6,0x96,0xB5,0x1C,0xE7,0xFF,0xFF,0xFF,0xFF,0x96,0xB5,0xAA,0x52,0x20,0x00,0x00,0x00,0x20,0x00,0x71,0x8C,0x1C,0xE7,0xFF,0xFF,0xFF,0xFF,
	0xFF,0xFF,0xFF,0xFF,0xFF,0xFF,0xFF,0xFF,0xFF,0xFF,0xFF,0xFF,0xFF,0xFF,0xFF,0xFF,0xFF,0xFF,0xFF,0xFF,0xFF,0xFF,0xFF,0xFF,0xFF,0xFF,0xFF,0xFF,0xFF,0xFF,0xFF,0xFF,0xFF,0xFF,0xFF,0xFF,0xFF,0xFF,0xFF,0xFF,0xFF,0xFF,0xFF,0xFF,0x1C,0xE7,0x7D,0xEF,0xFF,0xFF,0x1C,0xE7,0x71,0x8C,0x20,0x00,0x00,0x00,0x00,0x00,0x20,0x00,0x20,0x00,
	0x20,0x00,0x20,0x00,0x20,0x00,0x20,0x00,0x20,0x00,0x20,0x00,0xC3,0x18,0xAE,0x73,0xDF,0xFF,0xFF,0xFF,0xFF,0xFF,0xFF,0xFF,0xFF,0xFF,0xFF,0xFF,0x71,0x8C,0xA6,0x31,0x20,0x00,0x00,0x00,0x20,0x00,0xAE,0x73,0x96,0xB5,0x7A,0xD6,0x7A,0xD6,0x7A,0xD6,0x7A,0xD6,0x7A,0xD6,0x7A,0xD6,0x7A,0xD6,0x7A,0xD6,0x7A,0xD6,0x7A,0xD6,0x7A,0xD6,
	0x7A,0xD6,0x7A,0xD6,0x7A,0xD6,0x7A,0xD6,0x7A,0xD6,0x7A,0xD6,0x7A,0xD6,0x7A,0xD6,0x7A,0xD6,0x7A,0xD6,0x7A,0xD6,0x7A,0xD6,0x7A,0xD6,0x71,0x8C,0x38,0xC6,0xDF,0xFF,0x96,0xB5,0xAA,0x52,0x20,0x00,0x00,0x00,0x00,0x00,0x00,0x00,0x00,0x00,0x00,0x00,0x00,0x00,0x00,0x00,0x00,0x00,0x00,0x00,0x00,0x00,0x00,0x00,0xAA,0x52,0x1C,0xE7,
	0xDF,0xFF,0x7D,0xEF,0x1C,0xE7,0x7A,0xD6,0x96,0xB5,0xAA,0x52,0xC3,0x18,0x00,0x00,0x00,0x00,0x20,0x00,0xA6,0x31,0xA6,0x31,0xAA,0x52,0xAA,0x52,0xAA,0x52,0xAA,0x52,0xAA,0x52,0xAA,0x52,0xAA,0x52,0xAA,0x52,0xAA,0x52,0xAA,0x52,0xAA,0x52,0xAA,0x52,0xAA,0x52,0xAA,0x52,0xAA,0x52,0xAA,0x52,0xAA,0x52,0xAA,0x52,0xAA,0x52,0xAA,0x52,
	0xAA,0x52,0xAA,0x52,0xAA,0x52,0xAA,0x52,0xC3,0x18,0xAE,0x73,0x96,0xB5,0xAE,0x73,0xC3,0x18,0x00,0x00,0x00,0x00,0x00,0x00,0x00,0x00,0x00,0x00,0x00,0x00,0x00,0x00,0x00,0x00,0x00,0x00,0x00,0x00,0x00,0x00,0x00,0x00,0xA6,0x31,0x71,0x8C,0x96,0xB5,0x96,0xB5,0x71,0x8C,0xAE,0x73,0xAA,0x52,0xC3,0x18,0x00,0x00,0x00,0x00,0x00,0x00,
	0x00,0x00,0x00,0x00,0x00,0x00,0x00,0x00,0x00,0x00,0x00,0x00,0x00,0x00,0x00,0x00,0x00,0x00,0x00,0x00,0x00,0x00,0x00,0x00,0x00,0x00,0x00,0x00,0x00,0x00,0x00,0x00,0x00,0x00,0x00,0x00,0x00,0x00,0x00,0x00,0x00,0x00,0x00,0x00,0x00,0x00,0x00,0x00,0x00,0x00,0x00,0x00,0x00,0x00,

	// Alpha Channel 
	0xFF,0xFF,0xFF,0xFF,0x00,0x00,0x00,0x00,0x00,0x00,0x00,0x00,0x00,0x00,0x00,0x00,0x00,0x00,0xFF,0xFF,0xFF,0xFF,0xFF,0xFF,0x00,0x00,0x00,0x00,0x00,0x00,0x00,0x00,0x00,0x00,0x00,0x00,0x00,0x00,0x00,0x00,0x00,0x00,0x00,0x00,0x00,0x00,0x00,0x00,0x00,0x00,0x00,0x00,0x00,0x00,0x00,0x00,0x00,0x00,0xFF,0xFF,0xFF,0xFF,0xFF,0xFF,
	0xFF,0xFF,0xFF,0xFF,0xFF,0xFF,0xFF,0xFF,0xFF,0xFF,0xFF,0xFF,0xFF,0xFF,0xFF,0xFF,0xFF,0x00,0x00,0x00,0x00,0x00,0x00,0x00,0x00,0x00,0x00,0x00,0x00,0x00,0x00,0x00,0x00,0x00,0x00,0x00,0x00,0x00,0x00,0x00,0x00,0x00,0x00,0x00,0x00,0x00,0x00,0xFF,0xFF,0xFF,0xFF,0xFF,0xFF,0xFF,0xFF,0xFF,0xFF,0xFF,0xFF,0xFF,0xFF,0xFF,0xFF,0xFF,
	0xFF,0xFF,0xFF,0xFF,0xFF,0xFF,0xFF,0xFF,0xFF,0x00,0x00,0x00,0x00,0xFF,0xFF,0xFF,0xFF,0xFF,0xFF,0xFF,0xFF,0xFF,0xFF,0xFF,0xFF,0xFF,0xFF,0xFF,0xFF,0xFF,0xFF,0xFF,0xFF,0xFF,0xFF,0x00,0x00,0x00,0xFF,0xFF,0xFF,0xFF,0xFF,0xFF,0xFF,0xFF,0xFF,0xFF,0xFF,0xFF,0xFF,0xFF,0xFF,0xFF,0xFF,0xFF,0xFF,0xFF,0xFF,0xFF,0xFF,0xFF,0xFF,0xFF,
	0x00,0x00,0x00,0xFF,0xFF,0xFF,0xFF,0xFF,0xFF,0xFF,0xFF,0xFF,0xFF,0xFF,0xFF,0xFF,0xFF,0xFF,0xFF,0xFF,0xFF,0xFF,0xFF,0xFF,0xFF,0xFF,0xFF,0x00,0x00,0xFF,0xFF,0xFF,0xFF,0xFF,0xFF,0xFF,0xFF,0xFF,0xFF,0xFF,0xFF,0xFF,0xFF,0xFF,0xFF,0xFF,0xFF,0xFF,0xFF,0xFF,0xFF,0xFF,0xFF,0xFF,0xFF,0x00,0x00,0x00,0xFF,0xFF,0xFF,0xFF,0xFF,0xFF,
	0xFF,0xFF,0xFF,0xFF,0xFF,0xFF,0xFF,0xFF,0xFF,0xFF,0xFF,0xFF,0xFF,0xFF,0xFF,0xFF,0xFF,0xFF,0x00,0x00,0xFF,0xFF,0xFF,0xFF,0xFF,0xFF,0xFF,0xFF,0xFF,0xFF,0xFF,0xFF,0xFF,0xFF,0xFF,0xFF,0xFF,0xFF,0xFF,0xFF,0xFF,0xFF,0xFF,0xFF,0xFF,0xFF,0x00,0x00,0x00,0xFF,0xFF,0xFF,0xFF,0xFF,0xFF,0xFF,0xFF,0xFF,0xFF,0xFF,0xFF,0xFF,0xFF,0xFF,
	0xFF,0xFF,0xFF,0xFF,0xFF,0xFF,0xFF,0xFF,0xFF,0x00,0x00,0xFF,0xFF,0xFF,0xFF,0xFF,0xFF,0xFF,0xFF,0xFF,0xFF,0xFF,0xFF,0xFF,0xFF,0xFF,0xFF,0xFF,0xFF,0xFF,0xFF,0xFF,0xFF,0xFF,0xFF,0xFF,0xFF,0x00,0x00,0x00,0xFF,0xFF,0xFF,0xFF,0xFF,0xFF,0xFF,0xFF,0xFF,0xFF,0xFF,0xFF,0xFF,0xFF,0xFF,0xFF,0xFF,0xFF,0xFF,0xFF,0xFF,0xFF,0xFF,0xFF,
	0x00,0x00,0xFF,0xFF,0xFF,0xFF,0xFF,0xFF,0xFF,0xFF,0xFF,0xFF,0xFF,0xFF,0xFF,0xFF,0xFF,0xFF,0xFF,0xFF,0xFF,0xFF,0xFF,0xFF,0xFF,0xFF,0xFF,0xFF,0x00,0x00,0x00,0xFF,0xFF,0xFF,0xFF,0xFF,0xFF,0xFF,0xFF,0xFF,0xFF,0xFF,0xFF,0xFF,0xFF,0xFF,0xFF,0xFF,0xFF,0xFF,0xFF,0xFF,0xFF,0xFF,0xFF,0x00,0x00,0xFF,0xFF,0xFF,0xFF,0xFF,0xFF,0xFF,
	0xFF,0xFF,0xFF,0xFF,0xFF,0xFF,0xFF,0xFF,0xFF,0xFF,0xFF,0xFF,0xFF,0xFF,0xFF,0xFF,0xFF,0xFF,0xFF,0x00,0x00,0x00,0xFF,0xFF,0xFF,0xFF,0xFF,0xFF,0xFF,0xFF,0xFF,0xFF,0xFF,0xFF,0xFF,0xFF,0xFF,0xFF,0xFF,0xFF,0xFF,0xFF,0xFF,0xFF,0xFF,0xFF,0x00,0x00,0xFF,0xFF,0xFF,0xFF,0xFF,0xFF,0xFF,0xFF,0xFF,0xFF,0xFF,0xFF,0xFF,0xFF,0xFF,0xFF,
	0xFF,0xFF,0xFF,0xFF,0xFF,0xFF,0xFF,0xFF,0xFF,0xFF,0x00,0x00,0x00,0x00,0x00,0x00,0x00,0x00,0x00,0x00,0x00,0x00,0x00,0x00,0x00,0x00,0x00,0x00,0x00,0x00,0x00,0x00,0x00,0x00,0x00,0x00,0x00,0x00,0x00,0xFF,0xFF,0xFF,0xFF,0xFF,0xFF,0xFF,0xFF,0xFF,0xFF,0xFF,0xFF,0xFF,0xFF,0xFF,0xFF,0xFF,0xFF,0xFF,0xFF,0xFF,0xFF,0xFF,0xFF,0xFF,
	0xFF,0x00,0x00,0x00,0x00,0x00,0x00,0x00,0x00,0x00,0x00,0x00,0x00,0x00,0x00,0x00,0x00,0x00,0x00,0x00,0x00,0x00,0x00,0x00,0x00,0x00,0x00,0x00,0x00,0x00,0xFF,0xFF,0xFF,0xFF,0xFF,0xFF,0xFF,0xFF,0xFF,0xFF,0xFF,0xFF,0xFF,0xFF,0xFF,0xFF,0xFF,0xFF,0xFF,0xFF,0xFF,0xFF,0xFF,0xFF,0xFF,0xFF,0x00,0x00,0x00,0x00,0x00,0xFF,0xFF,0xFF,
	0xFF,0xFF,0xFF,0xFF,0xFF,0xFF,0xFF,0xFF,0xFF,0xFF,0xFF,0xFF,0xFF,0xFF,0xFF,0xFF,0xFF,0xFF,0x00,0x00,0x00,0xFF,0xFF,0xFF,0xFF,0xFF,0xFF,0xFF,0xFF,0xFF,0xFF,0xFF,0xFF,0xFF,0xFF,0xFF,0xFF,0xFF,0xFF,0xFF,0xFF,0xFF,0xFF,0xFF,0xFF,0xFF,0xFF,0x00,0x00,0x00,0x00,0x00,0xFF,0xFF,0xFF,0xFF,0xFF,0xFF,0xFF,0xFF,0xFF,0xFF,0xFF,0xFF,
	0xFF,0xFF,0xFF,0xFF,0xFF,0xFF,0xFF,0xFF,0xFF,0xFF,0x00,0x00,0xFF,0xFF,0xFF,0xFF,0xFF,0xFF,0xFF,0xFF,0xFF,0xFF,0xFF,0xFF,0xFF,0xFF,0xFF,0xFF,0xFF,0xFF,0xFF,0xFF,0xFF,0xFF,0xFF,0xFF,0xFF,0xFF,0x00,0x00,0x00,0x00,0x00,0xFF,0xFF,0xFF,0xFF,0xFF,0xFF,0xFF,0xFF,0xFF,0xFF,0xFF,0xFF,0xFF,0xFF,0xFF,0xFF,0xFF,0xFF,0xFF,0xFF,0xFF,
	0xFF,0x00,0x00,0xFF,0xFF,0xFF,0xFF,0xFF,0xFF,0xFF,0xFF,0xFF,0xFF,0xFF,0xFF,0xFF,0xFF,0xFF,0xFF,0xFF,0xFF,0xFF,0xFF,0xFF,0xFF,0xFF,0xFF,0xFF,0xFF,0x00,0x00,0x00,0x00,0x00,0xFF,0xFF,0xFF,0xFF,0xFF,0xFF,0xFF,0xFF,0xFF,0xFF,0xFF,0xFF,0xFF,0xFF,0xFF,0xFF,0xFF,0xFF,0xFF,0xFF,0xFF,0xFF,0x00,0x00,0xFF,0xFF,0xFF,0xFF,0xFF,0xFF,
	0xFF,0xFF,0xFF,0xFF,0xFF,0xFF,0xFF,0xFF,0xFF,0xFF,0xFF,0xFF,0xFF,0xFF,0xFF,0xFF,0xFF,0xFF,0xFF,0xFF,0x00,0x00,0x00,0x00,0x00,0xFF,0xFF,0xFF,0xFF,0xFF,0xFF,0xFF,0xFF,0xFF,0xFF,0xFF,0xFF,0xFF,0xFF,0xFF,0xFF,0xFF,0xFF,0xFF,0xFF,0xFF,0xFF,0x00,0x00,0xFF,0xFF,0xFF,0xFF,0xFF,0xFF,0xFF,0xFF,0xFF,0xFF,0xFF,0xFF,0xFF,0xFF,0xFF,
	0xFF,0xFF,0xFF,0xFF,0xFF,0xFF,0xFF,0xFF,0xFF,0xFF,0xFF,0x00,0x00,0x00,0x00,0x00,0xFF,0xFF,0xFF,0xFF,0xFF,0xFF,0xFF,0xFF,0xFF,0xFF,0xFF,0xFF,0xFF,0xFF,0xFF,0xFF,0xFF,0xFF,0xFF,0xFF,0xFF,0xFF,0x00,0x00,0xFF,0xFF,0xFF,0xFF,0xFF,0xFF,0x00,0xFF,0xFF,0xFF,0xFF,0xFF,0xFF,0xFF,0xFF,0xFF,0xFF,0xFF,0xFF,0xFF,0xFF,0xFF,0xFF,0xFF,
	0xFF,0xFF,0x00,0x00,0x00,0x00,0x00,0xFF,0xFF,0xFF,0xFF,0xFF,0xFF,0xFF,0xFF,0xFF,0xFF,0xFF,0xFF,0xFF,0xFF,0xFF,0xFF,0xFF,0xFF,0xFF,0xFF,0xFF,0x00,0x00,0x00,0xFF,0xFF,0xFF,0xFF,0xFF,0xFF,0xFF,0xFF,0xFF,0xFF,0xFF,0xFF,0xFF,0xFF,0xFF,0xFF,0xFF,0xFF,0xFF,0xFF,0xFF,0xFF,0xFF,0xFF,0xFF,0xFF,0x00,0x00,0x00,0x00,0x00,0x00,0x00,
	0x00,0x00,0x00,0x00,0x00,0x00,0x00,0x00,0x00,0x00,0x00,0x00,0x00,0x00,0x00,0x00,0x00,0x00,0x00,0x00,0x00,0x00,0xFF,0xFF,0xFF,0xFF,0xFF,0xFF,0xFF,0xFF,0xFF,0xFF,0xFF,0xFF,0xFF,0xFF,0xFF,0xFF,0xFF,0xFF,0xFF,0xFF,0xFF,0xFF,0xFF,0xFF,0xFF,0xFF,0x00,0x00,0x00,0x00,0x00,0x00,0x00,0x00,0x00,0x00,0x00,0x00,0x00,0x00,0x00,0x00,
	0x00,0x00,0x00,0x00,0x00,0x00,0x00,0x00,0x00,0x00,0x00,0x00,0x00,0xFF,0xFF,0xFF,0xFF,0xFF,0xFF,0xFF,0xFF,0xFF,0xFF,0xFF,0xFF,0xFF,0xFF,0xFF,0xFF,0xFF,0xFF,0xFF,0xFF,0xFF,0xFF,0xFF,0xFF,0xFF,0xFF,0x00,0x00,0x00,0x00,0x00,0x00,0x00,0x00,0x00,0x00,0x00,0x00,0x00,0x00,0x00,0x00,0x00,0x00,0x00,0x00,0x00,0x00,0x00,0x00,0x00,
	0x00,0x00,0x00,0x00,0xFF,0xFF,0xFF,0xFF,0xFF,0xFF,0xFF,0xFF,0xFF,0xFF,0xFF,0xFF,0xFF,0xFF,0xFF,0xFF,0xFF,0xFF,0xFF,0xFF,0xFF,0xFF,0xFF,0xFF,0xFF,0xFF,0x00,0x00,0x00,0x00,0x00,0x00,0x00,0x00,0x00,0x00,0x00,0x00,0x00,0x00,0x00,0x00,0x00,0x00,0x00,0x00,0x00,0x00,0x00,0x00,0x00,0x00,0x00,0x00,0x00,0xFF,0xFF,0xFF,0xFF,0xFF,
	0xFF,0xFF,0xFF,0xFF,0xFF,0xFF,0xFF,0xFF,0xFF,0xFF,0xFF,0xFF,0xFF,0xFF,0xFF,0xFF,0xFF,0xFF,0xFF,0xFF,0xFF,0x00,0x00,0xFF,0xFF,0xFF,0xFF,0xFF,0xFF,0xFF,0xFF,0xFF,0xFF,0xFF,0xFF,0xFF,0xFF,0xFF,0xFF,0xFF,0xFF,0xFF,0xFF,0xFF,0xFF,0xFF,0xFF,0xFF,0xFF,0xFF,0xFF,0xFF,0xFF,0xFF,0xFF,0xFF,0xFF,0xFF,0xFF,0xFF,0xFF,0xFF,0xFF,0xFF,
	0xFF,0xFF,0xFF,0xFF,0xFF,0xFF,0xFF,0xFF,0xFF,0xFF,0xFF,0xFF,0x00,0xFF,0xFF,0xFF,0xFF,0xFF,0xFF,0xFF,0xFF,0xFF,0xFF,0xFF,0xFF,0xFF,0xFF,0xFF,0xFF,0xFF,0xFF,0xFF,0xFF,0xFF,0xFF,0xFF,0xFF,0xFF,0xFF,0xFF,0xFF,0xFF,0xFF,0xFF,0xFF,0xFF,0xFF,0xFF,0xFF,0xFF,0xFF,0xFF,0xFF,0xFF,0xFF,0xFF,0xFF,0xFF,0xFF,0xFF,0xFF,0xFF,0xFF,0xFF,
	0xFF,0xFF,0xFF,0x00,0xFF,0xFF,0xFF,0xFF,0xFF,0xFF,0xFF,0xFF,0xFF,0xFF,0xFF,0xFF,0xFF,0xFF,0xFF,0xFF,0xFF,0xFF,0xFF,0xFF,0xFF,0xFF,0xFF,0xFF,0xFF,0xFF,0xFF,0xFF,0xFF,0xFF,0xFF,0xFF,0xFF,0x00,0xFF,0xFF,0xFF,0xFF,0xFF,0xFF,0xFF,0xFF,0xFF,0xFF,0xFF,0xFF,0xFF,0xFF,0xFF,0xFF,0xFF,0xFF,0xFF,0xFF,0x00,0xFF,0xFF,0xFF,0xFF,0xFF,
	0xFF,0xFF,0xFF,0xFF,0xFF,0xFF,0xFF,0xFF,0xFF,0xFF,0xFF,0xFF,0xFF,0xFF,0xFF,0xFF,0xFF,0xFF,0xFF,0xFF,0xFF,0xFF,0xFF,0xFF,0xFF,0xFF,0xFF,0xFF,0x00,0x00,0xFF,0xFF,0xFF,0xFF,0xFF,0xFF,0xFF,0xFF,0xFF,0xFF,0xFF,0xFF,0xFF,0xFF,0xFF,0xFF,0xFF,0xFF,0xFF,0x00,0xFF,0xFF,0xFF,0xFF,0xFF,0xFF,0xFF,0xFF,0xFF,0xFF,0xFF,0xFF,0xFF,0xFF,
	0xFF,0xFF,0xFF,0xFF,0xFF,0xFF,0xFF,0xFF,0xFF,0xFF,0xFF,0xFF,0xFF,0xFF,0xFF,0xFF,0xFF,0xFF,0xFF,0x00,0x00,0x00,0x00,0x00,0x00,0x00,0x00,0x00,0x00,0x00,0xFF,0xFF,0xFF,0xFF,0xFF,0xFF,0xFF,0xFF,0xFF,0x00,0x00,0xFF,0xFF,0xFF,0xFF,0xFF,0xFF,0xFF,0xFF,0xFF,0xFF,0xFF,0xFF,0xFF,0xFF,0xFF,0xFF,0xFF,0xFF,0xFF,0xFF,0xFF,0xFF,0xFF,
	0xFF,0xFF,0xFF,0xFF,0xFF,0xFF,0xFF,0xFF,0xFF,0x00,0x00,0x00,0x00,0x00,0x00,0x00,0x00,0x00,0x00,0x00,0x00,0xFF,0xFF,0xFF,0xFF,0xFF,0xFF,0xFF,0xFF,0x00,0x00,0x00,0x00,0x00,0x00,0x00,0x00,0x00,0x00,0x00,0x00,0x00,0x00,0x00,0x00,0x00,0x00,0x00,0x00,0x00,0x00,0x00,0x00,0x00,0x00,0x00,0x00,0x00,0x00,
    };
        


const lv_img_dsc_t face_1891_2_390_dial_img_11_45662_2 = {
    .header.magic = LV_IMAGE_HEADER_MAGIC,
    .header.w = 55,
    .header.h = 29,
    .data_size = sizeof(face_1891_2_390_dial_img_11_45662_data_2),
    .header.cf = LV_COLOR_FORMAT_RGB565A8,
    .data = face_1891_2_390_dial_img_11_45662_data_2};

    
// LVGL 9 format (RGB565) // LVGL_9 compatible 
const LV_ATTRIBUTE_MEM_ALIGN uint8_t face_1891_2_390_dial_img_11_45662_data_3[] = {
	//RGB565 data 
	0x20,0x00,0xC3,0x18,0xC3,0x18,0x20,0x00,0x00,0x00,0x00,0x00,0x00,0x00,0x00,0x00,0x00,0x00,0x00,0x00,0x00,0x00,0x00,0x00,0x00,0x00,0x00,0x00,0x00,0x00,0x00,0x00,0x00,0x00,0x00,0x00,0xC3,0x18,0xC3,0x18,0xC3,0x18,0xC3,0x18,0x20,0x00,0x20,0x00,0x00,0x00,0x00,0x00,0x00,0x00,0x00,0x00,0x00,0x00,0x00,0x00,0x00,0x00,0x00,0x00,
	0x00,0x00,0x00,0x00,0x00,0x00,0x00,0x00,0x00,0x00,0x00,0x00,0x00,0x00,0x00,0x00,0x00,0x00,0x00,0x00,0x00,0x00,0x00,0x00,0x00,0x00,0x00,0x00,0x00,0x00,0x00,0x00,0x00,0x00,0x00,0x00,0x00,0x00,0x00,0x00,0x00,0x00,0x00,0x00,0x00,0x00,0x00,0x00,0x00,0x00,0x00,0x00,0xC3,0x18,0xA6,0x31,0xA6,0x31,0xA6,0x31,0xA6,0x31,0xA6,0x31,
	0xA6,0x31,0xA6,0x31,0xA6,0x31,0xA6,0x31,0xA6,0x31,0xA6,0x31,0xA6,0x31,0xA6,0x31,0xA6,0x31,0xC3,0x18,0xC3,0x18,0xC3,0x18,0xC3,0x18,0xC3,0x18,0xC3,0x18,0xC3,0x18,0xC3,0x18,0x00,0x00,0x00,0x00,0x00,0x00,0x00,0x00,0x00,0x00,0x00,0x00,0x00,0x00,0x00,0x00,0x00,0x00,0x00,0x00,0x00,0x00,0x00,0x00,0x00,0x00,0x00,0x00,0x00,0x00,
	0x00,0x00,0x00,0x00,0x00,0x00,0x00,0x00,0x00,0x00,0x00,0x00,0x00,0x00,0x00,0x00,0x00,0x00,0x00,0x00,0x00,0x00,0x00,0x00,0x00,0x00,0x00,0x00,0x00,0x00,0x20,0x00,0xC3,0x18,0xAE,0x73,0x71,0x8C,0x71,0x8C,0x71,0x8C,0x71,0x8C,0x71,0x8C,0x71,0x8C,0x71,0x8C,0x71,0x8C,0x71,0x8C,0x71,0x8C,0x71,0x8C,0x71,0x8C,0x71,0x8C,0x71,0x8C,
	0x71,0x8C,0x71,0x8C,0x71,0x8C,0x71,0x8C,0x71,0x8C,0x71,0x8C,0xAA,0x52,0xA6,0x31,0x20,0x00,0x00,0x00,0x00,0x00,0x00,0x00,0x20,0x00,0x20,0x00,0x20,0x00,0x20,0x00,0x20,0x00,0x20,0x00,0x20,0x00,0x20,0x00,0x20,0x00,0x20,0x00,0x20,0x00,0x20,0x00,0x20,0x00,0x20,0x00,0x20,0x00,0x20,0x00,0x20,0x00,0x20,0x00,0x20,0x00,0x20,0x00,
	0x20,0x00,0x20,0x00,0x20,0x00,0x20,0x00,0x00,0x00,0x00,0x00,0x20,0x00,0xA6,0x31,0x96,0xB5,0x1C,0xE7,0x1C,0xE7,0x1C,0xE7,0x7D,0xEF,0x1C,0xE7,0x1C,0xE7,0x1C,0xE7,0x1C,0xE7,0x1C,0xE7,0x1C,0xE7,0x1C,0xE7,0x1C,0xE7,0x1C,0xE7,0x7D,0xEF,0x1C,0xE7,0x7D,0xEF,0x1C,0xE7,0x1C,0xE7,0x1C,0xE7,0x1C,0xE7,0x71,0x8C,0xAA,0x52,0x20,0x00,
	0x00,0x00,0x00,0x00,0xC3,0x18,0xAA,0x52,0x96,0xB5,0x96,0xB5,0x96,0xB5,0x96,0xB5,0x96,0xB5,0x96,0xB5,0x96,0xB5,0x96,0xB5,0x96,0xB5,0x96,0xB5,0x96,0xB5,0x96,0xB5,0x96,0xB5,0x96,0xB5,0x96,0xB5,0x96,0xB5,0x96,0xB5,0x96,0xB5,0x96,0xB5,0x96,0xB5,0x96,0xB5,0x96,0xB5,0xAA,0x52,0xC3,0x18,0x00,0x00,0xC3,0x18,0xAA,0x52,0x7A,0xD6,
	0xFF,0xFF,0xFF,0xFF,0xDF,0xFF,0x7D,0xEF,0x7D,0xEF,0x7D,0xEF,0x7D,0xEF,0x7D,0xEF,0xFF,0xFF,0xFF,0xFF,0xFF,0xFF,0xFF,0xFF,0x7D,0xEF,0x7D,0xEF,0x7D,0xEF,0x7D,0xEF,0x7D,0xEF,0xDF,0xFF,0xFF,0xFF,0xFF,0xFF,0x96,0xB5,0xAA,0x52,0x20,0x00,0x00,0x00,0x20,0x00,0xA6,0x31,0x71,0x8C,0xFF,0xFF,0xFF,0xFF,0xFF,0xFF,0xFF,0xFF,0xFF,0xFF,
	0xFF,0xFF,0xFF,0xFF,0xFF,0xFF,0xFF,0xFF,0xFF,0xFF,0xFF,0xFF,0xFF,0xFF,0xFF,0xFF,0xFF,0xFF,0xFF,0xFF,0xFF,0xFF,0xFF,0xFF,0xFF,0xFF,0xFF,0xFF,0xFF,0xFF,0xFF,0xFF,0xFF,0xFF,0x71,0x8C,0xA6,0x31,0x00,0x00,0xC3,0x18,0xAA,0x52,0x38,0xC6,0xFF,0xFF,0xFF,0xFF,0x38,0xC6,0x71,0x8C,0x71,0x8C,0x71,0x8C,0x71,0x8C,0x96,0xB5,0x7A,0xD6,
	0xFF,0xFF,0xFF,0xFF,0x1C,0xE7,0x96,0xB5,0x71,0x8C,0x71,0x8C,0x71,0x8C,0x71,0x8C,0x38,0xC6,0x7D,0xEF,0xFF,0xFF,0x96,0xB5,0xAA,0x52,0x20,0x00,0x00,0x00,0x20,0x00,0xC3,0x18,0x71,0x8C,0xFF,0xFF,0xFF,0xFF,0xFF,0xFF,0xFF,0xFF,0xFF,0xFF,0xFF,0xFF,0xFF,0xFF,0xFF,0xFF,0xFF,0xFF,0xFF,0xFF,0xFF,0xFF,0xFF,0xFF,0xFF,0xFF,0xFF,0xFF,
	0xFF,0xFF,0xFF,0xFF,0xFF,0xFF,0xFF,0xFF,0xFF,0xFF,0xFF,0xFF,0xFF,0xFF,0xFF,0xFF,0x71,0x8C,0xA6,0x31,0x00,0x00,0xC3,0x18,0xAA,0x52,0x38,0xC6,0xFF,0xFF,0xFF,0xFF,0x71,0x8C,0xA6,0x31,0xA6,0x31,0xAA,0x52,0xAA,0x52,0xAE,0x73,0x38,0xC6,0xDF,0xFF,0xDF,0xFF,0x7A,0xD6,0xAE,0x73,0xA6,0x31,0xAA,0x52,0xA6,0x31,0xAA,0x52,0x71,0x8C,
	0x7A,0xD6,0xFF,0xFF,0x96,0xB5,0xAA,0x52,0x20,0x00,0x00,0x00,0x20,0x00,0xC3,0x18,0x71,0x8C,0xFF,0xFF,0xFF,0xFF,0x7D,0xEF,0x96,0xB5,0x71,0x8C,0x71,0x8C,0x1C,0xE7,0xFF,0xFF,0xFF,0xFF,0x7A,0xD6,0x96,0xB5,0x71,0x8C,0x38,0xC6,0xFF,0xFF,0xFF,0xFF,0x7D,0xEF,0x96,0xB5,0x71,0x8C,0x96,0xB5,0x1C,0xE7,0xFF,0xFF,0xFF,0xFF,0x71,0x8C,
	0xA6,0x31,0x00,0x00,0xC3,0x18,0xAA,0x52,0x38,0xC6,0xFF,0xFF,0xFF,0xFF,0xAE,0x73,0x20,0x00,0xA6,0x31,0xAA,0x52,0xAA,0x52,0x71,0x8C,0x38,0xC6,0xDF,0xFF,0xDF,0xFF,0x7A,0xD6,0xAE,0x73,0xAA,0x52,0xAA,0x52,0xA6,0x31,0xA6,0x31,0xAE,0x73,0x38,0xC6,0xFF,0xFF,0x96,0xB5,0xAA,0x52,0x20,0x00,0x00,0x00,0x20,0x00,0xC3,0x18,0x71,0x8C,
	0xFF,0xFF,0xFF,0xFF,0x1C,0xE7,0xAA,0x52,0xC3,0x18,0xA6,0x31,0x38,0xC6,0xFF,0xFF,0xFF,0xFF,0x96,0xB5,0xAA,0x52,0xA6,0x31,0xAE,0x73,0xFF,0xFF,0xFF,0xFF,0x7A,0xD6,0xA6,0x31,0xC3,0x18,0xA6,0x31,0x7A,0xD6,0xFF,0xFF,0xFF,0xFF,0x71,0x8C,0xA6,0x31,0x00,0x00,0xC3,0x18,0xAA,0x52,0x38,0xC6,0xFF,0xFF,0xFF,0xFF,0x71,0x8C,0xA6,0x31,
	0x38,0xC6,0x1C,0xE7,0x1C,0xE7,0x7D,0xEF,0xDF,0xFF,0xFF,0xFF,0xFF,0xFF,0xDF,0xFF,0x7D,0xEF,0x1C,0xE7,0x1C,0xE7,0x96,0xB5,0xAE,0x73,0xAE,0x73,0x96,0xB5,0xFF,0xFF,0x96,0xB5,0xAA,0x52,0x20,0x00,0x00,0x00,0x20,0x00,0xC3,0x18,0x71,0x8C,0xFF,0xFF,0xFF,0xFF,0x7A,0xD6,0xC3,0x18,0x00,0x00,0xC3,0x18,0x96,0xB5,0xFF,0xFF,0xFF,0xFF,
	0x71,0x8C,0xA6,0x31,0x20,0x00,0xAA,0x52,0xFF,0xFF,0xFF,0xFF,0x7A,0xD6,0xC3,0x18,0x00,0x00,0xC3,0x18,0x38,0xC6,0xFF,0xFF,0xFF,0xFF,0x71,0x8C,0xA6,0x31,0x00,0x00,0xC3,0x18,0xAA,0x52,0x38,0xC6,0xFF,0xFF,0xFF,0xFF,0x71,0x8C,0xA6,0x31,0x96,0xB5,0x1C,0xE7,0x1C,0xE7,0x7D,0xEF,0xDF,0xFF,0xFF,0xFF,0xFF,0xFF,0xDF,0xFF,0x1C,0xE7,
	0x1C,0xE7,0x1C,0xE7,0x96,0xB5,0xAE,0x73,0xAE,0x73,0x96,0xB5,0xFF,0xFF,0x96,0xB5,0xAA,0x52,0x20,0x00,0x00,0x00,0x20,0x00,0xC3,0x18,0x71,0x8C,0xFF,0xFF,0xFF,0xFF,0x7A,0xD6,0xC3,0x18,0x00,0x00,0x20,0x00,0x96,0xB5,0xFF,0xFF,0xFF,0xFF,0x71,0x8C,0xA6,0x31,0x00,0x00,0xAA,0x52,0xFF,0xFF,0xFF,0xFF,0x7A,0xD6,0xC3,0x18,0x00,0x00,
	0x20,0x00,0x38,0xC6,0xFF,0xFF,0xFF,0xFF,0x71,0x8C,0xA6,0x31,0x00,0x00,0xC3,0x18,0xAA,0x52,0x38,0xC6,0xFF,0xFF,0xFF,0xFF,0x71,0x8C,0xC3,0x18,0xAE,0x73,0x71,0x8C,0xAE,0x73,0x96,0xB5,0x7A,0xD6,0xDF,0xFF,0xFF,0xFF,0x1C,0xE7,0x71,0x8C,0xAE,0x73,0x71,0x8C,0xAA,0x52,0xA6,0x31,0xAE,0x73,0x38,0xC6,0xFF,0xFF,0x96,0xB5,0xAA,0x52,
	0x20,0x00,0x00,0x00,0x20,0x00,0xC3,0x18,0x71,0x8C,0xFF,0xFF,0xFF,0xFF,0x7A,0xD6,0xC3,0x18,0x00,0x00,0x20,0x00,0x96,0xB5,0xFF,0xFF,0xFF,0xFF,0x71,0x8C,0xA6,0x31,0x00,0x00,0xAA,0x52,0xFF,0xFF,0xFF,0xFF,0x7A,0xD6,0xC3,0x18,0x00,0x00,0xC3,0x18,0x38,0xC6,0xFF,0xFF,0xFF,0xFF,0x71,0x8C,0xA6,0x31,0x00,0x00,0xC3,0x18,0xAA,0x52,
	0x38,0xC6,0xFF,0xFF,0xFF,0xFF,0x71,0x8C,0xC3,0x18,0xA6,0x31,0xA6,0x31,0xA6,0x31,0xAE,0x73,0x38,0xC6,0xDF,0xFF,0xDF,0xFF,0x7A,0xD6,0xAE,0x73,0xA6,0x31,0xA6,0x31,0xA6,0x31,0xA6,0x31,0xAE,0x73,0x38,0xC6,0xFF,0xFF,0x96,0xB5,0xAA,0x52,0x20,0x00,0x00,0x00,0x20,0x00,0xC3,0x18,0x71,0x8C,0xFF,0xFF,0xFF,0xFF,0x7A,0xD6,0xC3,0x18,
	0x00,0x00,0x20,0x00,0x96,0xB5,0xFF,0xFF,0xFF,0xFF,0x71,0x8C,0xA6,0x31,0x00,0x00,0xAA,0x52,0xFF,0xFF,0xFF,0xFF,0x7A,0xD6,0xC3,0x18,0x00,0x00,0xC3,0x18,0x38,0xC6,0xFF,0xFF,0xFF,0xFF,0x71,0x8C,0xA6,0x31,0x00,0x00,0xC3,0x18,0xAA,0x52,0x38,0xC6,0xFF,0xFF,0xFF,0xFF,0x96,0xB5,0xAA,0x52,0xAA,0x52,0xAE,0x73,0xAE,0x73,0x71,0x8C,
	0x7A,0xD6,0xFF,0xFF,0xFF,0xFF,0x7A,0xD6,0x71,0x8C,0xAA,0x52,0xAE,0x73,0xAE,0x73,0xAE,0x73,0x71,0x8C,0x7A,0xD6,0xFF,0xFF,0x96,0xB5,0xAA,0x52,0x20,0x00,0x00,0x00,0x20,0x00,0xC3,0x18,0x71,0x8C,0xFF,0xFF,0xFF,0xFF,0x7A,0xD6,0xC3,0x18,0x00,0x00,0xC3,0x18,0x96,0xB5,0xFF,0xFF,0xFF,0xFF,0x71,0x8C,0xC3,0x18,0x00,0x00,0xAA,0x52,
	0xFF,0xFF,0xFF,0xFF,0x7A,0xD6,0xC3,0x18,0x00,0x00,0x20,0x00,0x38,0xC6,0xFF,0xFF,0xFF,0xFF,0x71,0x8C,0xA6,0x31,0x00,0x00,0xC3,0x18,0xAA,0x52,0x38,0xC6,0xFF,0xFF,0xFF,0xFF,0x7A,0xD6,0x38,0xC6,0x1C,0xE7,0xDF,0xFF,0xDF,0xFF,0xDF,0xFF,0xFF,0xFF,0xFF,0xFF,0xFF,0xFF,0xFF,0xFF,0xDF,0xFF,0x7D,0xEF,0xDF,0xFF,0xDF,0xFF,0x7D,0xEF,
	0x38,0xC6,0x1C,0xE7,0xFF,0xFF,0x96,0xB5,0xAA,0x52,0x20,0x00,0x00,0x00,0x20,0x00,0xC3,0x18,0x71,0x8C,0xFF,0xFF,0xFF,0xFF,0x7A,0xD6,0xC3,0x18,0x00,0x00,0xA6,0x31,0x38,0xC6,0xFF,0xFF,0xFF,0xFF,0xAE,0x73,0x20,0x00,0x00,0x00,0xAA,0x52,0xFF,0xFF,0xFF,0xFF,0x7A,0xD6,0xC3,0x18,0x00,0x00,0x20,0x00,0x38,0xC6,0xFF,0xFF,0xFF,0xFF,
	0x71,0x8C,0xA6,0x31,0x00,0x00,0xC3,0x18,0xAA,0x52,0x38,0xC6,0xFF,0xFF,0xFF,0xFF,0x7A,0xD6,0x96,0xB5,0x38,0xC6,0x38,0xC6,0x38,0xC6,0x38,0xC6,0x38,0xC6,0x38,0xC6,0x38,0xC6,0x38,0xC6,0x38,0xC6,0x38,0xC6,0x38,0xC6,0x7A,0xD6,0x7A,0xD6,0x96,0xB5,0x7A,0xD6,0xFF,0xFF,0x96,0xB5,0xAA,0x52,0x20,0x00,0x00,0x00,0x20,0x00,0xC3,0x18,
	0x71,0x8C,0xFF,0xFF,0xFF,0xFF,0x7A,0xD6,0xC3,0x18,0xC3,0x18,0xAE,0x73,0x1C,0xE7,0xFF,0xFF,0xFF,0xFF,0xAE,0x73,0x00,0x00,0x00,0x00,0xAA,0x52,0xFF,0xFF,0xFF,0xFF,0x7A,0xD6,0xA6,0x31,0x00,0x00,0xC3,0x18,0x38,0xC6,0xFF,0xFF,0xFF,0xFF,0x71,0x8C,0xA6,0x31,0x00,0x00,0xC3,0x18,0xAA,0x52,0x38,0xC6,0xFF,0xFF,0xFF,0xFF,0x96,0xB5,
	0xAA,0x52,0xAE,0x73,0x71,0x8C,0xAE,0x73,0xAE,0x73,0xAE,0x73,0xAE,0x73,0xAE,0x73,0xAE,0x73,0xAE,0x73,0x71,0x8C,0x71,0x8C,0xAE,0x73,0xAE,0x73,0x71,0x8C,0x7A,0xD6,0xFF,0xFF,0x96,0xB5,0xAA,0x52,0x20,0x00,0x00,0x00,0x20,0x00,0xC3,0x18,0x71,0x8C,0xFF,0xFF,0xFF,0xFF,0x7A,0xD6,0xC3,0x18,0xA6,0x31,0x38,0xC6,0xDF,0xFF,0xFF,0xFF,
	0x1C,0xE7,0xAA,0x52,0x00,0x00,0x00,0x00,0xAA,0x52,0xFF,0xFF,0xFF,0xFF,0x1C,0xE7,0xAE,0x73,0xA6,0x31,0xA6,0x31,0x7A,0xD6,0xFF,0xFF,0xFF,0xFF,0x71,0x8C,0xA6,0x31,0x00,0x00,0xC3,0x18,0xAA,0x52,0x38,0xC6,0xFF,0xFF,0xFF,0xFF,0xAE,0x73,0xC3,0x18,0x71,0x8C,0x38,0xC6,0x96,0xB5,0x96,0xB5,0x96,0xB5,0x96,0xB5,0x96,0xB5,0x96,0xB5,
	0x96,0xB5,0x96,0xB5,0x96,0xB5,0xAE,0x73,0xA6,0x31,0xAE,0x73,0x38,0xC6,0xFF,0xFF,0x96,0xB5,0xAA,0x52,0x20,0x00,0x00,0x00,0x20,0x00,0xC3,0x18,0x71,0x8C,0xFF,0xFF,0xFF,0xFF,0x1C,0xE7,0xAE,0x73,0x71,0x8C,0x7D,0xEF,0xFF,0xFF,0x7D,0xEF,0x96,0xB5,0xA6,0x31,0x00,0x00,0x00,0x00,0xAA,0x52,0xFF,0xFF,0xFF,0xFF,0xDF,0xFF,0x1C,0xE7,
	0x7A,0xD6,0x7A,0xD6,0x7D,0xEF,0xFF,0xFF,0xFF,0xFF,0x71,0x8C,0xA6,0x31,0x00,0x00,0xC3,0x18,0xAA,0x52,0x7A,0xD6,0xFF,0xFF,0xDF,0xFF,0xAA,0x52,0x00,0x00,0x96,0xB5,0x1C,0xE7,0x1C,0xE7,0x1C,0xE7,0x1C,0xE7,0x1C,0xE7,0x1C,0xE7,0x1C,0xE7,0x1C,0xE7,0x1C,0xE7,0x1C,0xE7,0xAE,0x73,0xA6,0x31,0xAE,0x73,0x38,0xC6,0xFF,0xFF,0x96,0xB5,
	0xAA,0x52,0x20,0x00,0x00,0x00,0x20,0x00,0xC3,0x18,0x71,0x8C,0xFF,0xFF,0xFF,0xFF,0x7D,0xEF,0x96,0xB5,0x7A,0xD6,0xFF,0xFF,0xFF,0xFF,0x7A,0xD6,0xAA,0x52,0xC3,0x18,0x00,0x00,0x00,0x00,0xAA,0x52,0xDF,0xFF,0xFF,0xFF,0xFF,0xFF,0xFF,0xFF,0xFF,0xFF,0xFF,0xFF,0xFF,0xFF,0xFF,0xFF,0xFF,0xFF,0x71,0x8C,0xA6,0x31,0x00,0x00,0xC3,0x18,
	0xAA,0x52,0x7A,0xD6,0xFF,0xFF,0x1C,0xE7,0xAA,0x52,0x20,0x00,0x38,0xC6,0xFF,0xFF,0xFF,0xFF,0xFF,0xFF,0xFF,0xFF,0xFF,0xFF,0xFF,0xFF,0xFF,0xFF,0xFF,0xFF,0xFF,0xFF,0xFF,0xFF,0x71,0x8C,0xA6,0x31,0xAE,0x73,0x38,0xC6,0xFF,0xFF,0x96,0xB5,0xAA,0x52,0x20,0x00,0x00,0x00,0x20,0x00,0xC3,0x18,0x71,0x8C,0xFF,0xFF,0xFF,0xFF,0xFF,0xFF,
	0xFF,0xFF,0xFF,0xFF,0xFF,0xFF,0x7D,0xEF,0x71,0x8C,0x20,0x00,0x00,0x00,0x00,0x00,0x00,0x00,0xAA,0x52,0x38,0xC6,0xDF,0xFF,0xFF,0xFF,0xFF,0xFF,0xFF,0xFF,0xFF,0xFF,0xFF,0xFF,0xFF,0xFF,0xFF,0xFF,0x71,0x8C,0xA6,0x31,0x00,0x00,0xC3,0x18,0xAE,0x73,0x1C,0xE7,0xFF,0xFF,0x7A,0xD6,0xAA,0x52,0x20,0x00,0x38,0xC6,0xFF,0xFF,0xFF,0xFF,
	0x7A,0xD6,0x96,0xB5,0x96,0xB5,0x96,0xB5,0x96,0xB5,0x1C,0xE7,0xFF,0xFF,0xFF,0xFF,0x71,0x8C,0xA6,0x31,0xAE,0x73,0x38,0xC6,0xFF,0xFF,0x96,0xB5,0xAA,0x52,0x20,0x00,0x00,0x00,0x20,0x00,0xC3,0x18,0x71,0x8C,0xFF,0xFF,0xFF,0xFF,0xFF,0xFF,0xDF,0xFF,0xFF,0xFF,0x7D,0xEF,0x71,0x8C,0xA6,0x31,0x00,0x00,0x00,0x00,0x00,0x00,0x00,0x00,
	0xC3,0x18,0xAA,0x52,0xAE,0x73,0x71,0x8C,0x71,0x8C,0x71,0x8C,0x71,0x8C,0x1C,0xE7,0xFF,0xFF,0xFF,0xFF,0x71,0x8C,0xA6,0x31,0x00,0x00,0xA6,0x31,0x71,0x8C,0x1C,0xE7,0xFF,0xFF,0x7A,0xD6,0xAA,0x52,0x20,0x00,0x38,0xC6,0xFF,0xFF,0xFF,0xFF,0x96,0xB5,0xAA,0x52,0xAE,0x73,0xAA,0x52,0xAE,0x73,0x38,0xC6,0xDF,0xFF,0xFF,0xFF,0x71,0x8C,
	0xA6,0x31,0xAE,0x73,0x38,0xC6,0xFF,0xFF,0x96,0xB5,0xAA,0x52,0x20,0x00,0x00,0x00,0x20,0x00,0xC3,0x18,0x71,0x8C,0xFF,0xFF,0xFF,0xFF,0x7D,0xEF,0x96,0xB5,0x96,0xB5,0x96,0xB5,0xA6,0x31,0x00,0x00,0x00,0x00,0x00,0x00,0x00,0x00,0x00,0x00,0x00,0x00,0x00,0x00,0xC3,0x18,0xA6,0x31,0xA6,0x31,0xC3,0x18,0xA6,0x31,0x7A,0xD6,0xFF,0xFF,
	0xFF,0xFF,0x71,0x8C,0xA6,0x31,0x00,0x00,0xA6,0x31,0x96,0xB5,0x7D,0xEF,0xDF,0xFF,0x38,0xC6,0xA6,0x31,0x20,0x00,0x38,0xC6,0xFF,0xFF,0xFF,0xFF,0x71,0x8C,0xA6,0x31,0xA6,0x31,0xA6,0x31,0xA6,0x31,0x96,0xB5,0x7D,0xEF,0xFF,0xFF,0x71,0x8C,0xA6,0x31,0xAE,0x73,0x38,0xC6,0xFF,0xFF,0x96,0xB5,0xAA,0x52,0x20,0x00,0x00,0x00,0x20,0x00,
	0xC3,0x18,0x71,0x8C,0xFF,0xFF,0xFF,0xFF,0x1C,0xE7,0xA6,0x31,0xC3,0x18,0xC3,0x18,0x20,0x00,0x00,0x00,0x00,0x00,0x00,0x00,0x00,0x00,0x00,0x00,0x00,0x00,0x00,0x00,0x00,0x00,0x00,0x00,0x00,0x00,0x00,0x00,0xC3,0x18,0x38,0xC6,0xFF,0xFF,0xFF,0xFF,0x71,0x8C,0xA6,0x31,0x00,0x00,0xAA,0x52,0x7A,0xD6,0xDF,0xFF,0x7D,0xEF,0x96,0xB5,
	0xA6,0x31,0xC3,0x18,0x7A,0xD6,0xFF,0xFF,0xFF,0xFF,0x38,0xC6,0x71,0x8C,0x71,0x8C,0x71,0x8C,0x71,0x8C,0x7A,0xD6,0xDF,0xFF,0xFF,0xFF,0x71,0x8C,0xA6,0x31,0xAE,0x73,0x38,0xC6,0xFF,0xFF,0x96,0xB5,0xAA,0x52,0x20,0x00,0x00,0x00,0x20,0x00,0xC3,0x18,0x71,0x8C,0xFF,0xFF,0xFF,0xFF,0x7A,0xD6,0xA6,0x31,0x00,0x00,0x20,0x00,0xC3,0x18,
	0xC3,0x18,0xC3,0x18,0xC3,0x18,0xC3,0x18,0xC3,0x18,0xC3,0x18,0xC3,0x18,0xC3,0x18,0x20,0x00,0x20,0x00,0x20,0x00,0xC3,0x18,0x38,0xC6,0xFF,0xFF,0xFF,0xFF,0x71,0x8C,0xA6,0x31,0x20,0x00,0xAA,0x52,0xFF,0xFF,0xFF,0xFF,0x1C,0xE7,0xAE,0x73,0xC3,0x18,0xC3,0x18,0x38,0xC6,0xFF,0xFF,0xFF,0xFF,0xFF,0xFF,0xFF,0xFF,0xFF,0xFF,0xFF,0xFF,
	0xFF,0xFF,0xFF,0xFF,0xFF,0xFF,0xFF,0xFF,0x71,0x8C,0xA6,0x31,0xAE,0x73,0x7A,0xD6,0xFF,0xFF,0x96,0xB5,0xAA,0x52,0x20,0x00,0x00,0x00,0x20,0x00,0xC3,0x18,0x71,0x8C,0xFF,0xFF,0xFF,0xFF,0x1C,0xE7,0xAA,0x52,0xA6,0x31,0xAA,0x52,0xAA,0x52,0xAA,0x52,0xAA,0x52,0xAA,0x52,0xAA,0x52,0xAA,0x52,0xAA,0x52,0xAA,0x52,0xAA,0x52,0xAA,0x52,
	0xAA,0x52,0xA6,0x31,0xAA,0x52,0x7A,0xD6,0xFF,0xFF,0xFF,0xFF,0x71,0x8C,0xA6,0x31,0xA6,0x31,0x71,0x8C,0xFF,0xFF,0xFF,0xFF,0x7A,0xD6,0xA6,0x31,0x20,0x00,0xC3,0x18,0x96,0xB5,0x7D,0xEF,0x1C,0xE7,0x1C,0xE7,0x1C,0xE7,0x1C,0xE7,0x1C,0xE7,0x1C,0xE7,0x7D,0xEF,0xDF,0xFF,0xFF,0xFF,0x71,0x8C,0xAA,0x52,0x96,0xB5,0x7D,0xEF,0xFF,0xFF,
	0x96,0xB5,0xAA,0x52,0x20,0x00,0x00,0x00,0x20,0x00,0xC3,0x18,0x71,0x8C,0xFF,0xFF,0xFF,0xFF,0xDF,0xFF,0x7A,0xD6,0x7A,0xD6,0x7A,0xD6,0x7A,0xD6,0x7A,0xD6,0x7A,0xD6,0x7A,0xD6,0x7A,0xD6,0x7A,0xD6,0x7A,0xD6,0x7A,0xD6,0x7A,0xD6,0x7A,0xD6,0x7A,0xD6,0x7A,0xD6,0x7A,0xD6,0x7D,0xEF,0xFF,0xFF,0xFF,0xFF,0x71,0x8C,0xA6,0x31,0x71,0x8C,
	0x38,0xC6,0xFF,0xFF,0xDF,0xFF,0x96,0xB5,0xC3,0x18,0x00,0x00,0x20,0x00,0xAE,0x73,0x71,0x8C,0x71,0x8C,0x71,0x8C,0x71,0x8C,0x71,0x8C,0x71,0x8C,0x71,0x8C,0x71,0x8C,0x38,0xC6,0xFF,0xFF,0x38,0xC6,0x96,0xB5,0x1C,0xE7,0xFF,0xFF,0xFF,0xFF,0x96,0xB5,0xAA,0x52,0x20,0x00,0x00,0x00,0x20,0x00,0xC3,0x18,0x71,0x8C,0xFF,0xFF,0xFF,0xFF,
	0xFF,0xFF,0xFF,0xFF,0xFF,0xFF,0xFF,0xFF,0xFF,0xFF,0xFF,0xFF,0xFF,0xFF,0xFF,0xFF,0xFF,0xFF,0xFF,0xFF,0xFF,0xFF,0xFF,0xFF,0xFF,0xFF,0xFF,0xFF,0xFF,0xFF,0xFF,0xFF,0xFF,0xFF,0xFF,0xFF,0xFF,0xFF,0xFF,0xFF,0x71,0x8C,0xA6,0x31,0x1C,0xE7,0x7D,0xEF,0xFF,0xFF,0x1C,0xE7,0x71,0x8C,0x20,0x00,0x00,0x00,0x00,0x00,0x20,0x00,0x20,0x00,
	0x20,0x00,0x20,0x00,0x20,0x00,0x20,0x00,0x20,0x00,0x20,0x00,0xC3,0x18,0xAE,0x73,0xDF,0xFF,0xFF,0xFF,0xFF,0xFF,0xFF,0xFF,0xFF,0xFF,0xFF,0xFF,0x71,0x8C,0xA6,0x31,0x20,0x00,0x00,0x00,0x20,0x00,0xC3,0x18,0x71,0x8C,0xFF,0xFF,0xFF,0xFF,0xFF,0xFF,0xFF,0xFF,0xFF,0xFF,0xFF,0xFF,0xFF,0xFF,0xFF,0xFF,0xFF,0xFF,0xFF,0xFF,0xFF,0xFF,
	0xFF,0xFF,0xFF,0xFF,0xFF,0xFF,0xFF,0xFF,0xFF,0xFF,0xFF,0xFF,0xFF,0xFF,0xFF,0xFF,0xFF,0xFF,0xFF,0xFF,0xFF,0xFF,0x71,0x8C,0xA6,0x31,0x71,0x8C,0x38,0xC6,0xDF,0xFF,0x96,0xB5,0xAA,0x52,0x20,0x00,0x00,0x00,0x00,0x00,0x00,0x00,0x00,0x00,0x00,0x00,0x00,0x00,0x00,0x00,0x00,0x00,0x00,0x00,0x00,0x00,0x00,0x00,0xAA,0x52,0x1C,0xE7,
	0xDF,0xFF,0x7D,0xEF,0x1C,0xE7,0x7A,0xD6,0x96,0xB5,0xAA,0x52,0xC3,0x18,0x00,0x00,0x00,0x00,0x00,0x00,0xC3,0x18,0xA6,0x31,0xAE,0x73,0xAE,0x73,0xAE,0x73,0xAE,0x73,0xAE,0x73,0xAE,0x73,0xAE,0x73,0xAE,0x73,0xAE,0x73,0xAE,0x73,0xAE,0x73,0xAE,0x73,0xAE,0x73,0xAE,0x73,0xAE,0x73,0xAE,0x73,0xAE,0x73,0xAE,0x73,0xAE,0x73,0xAE,0x73,
	0xAE,0x73,0xAE,0x73,0xA6,0x31,0xC3,0x18,0xC3,0x18,0xAE,0x73,0x96,0xB5,0xAE,0x73,0xC3,0x18,0x00,0x00,0x00,0x00,0x00,0x00,0x00,0x00,0x00,0x00,0x00,0x00,0x00,0x00,0x00,0x00,0x00,0x00,0x00,0x00,0x00,0x00,0x00,0x00,0xA6,0x31,0x71,0x8C,0x96,0xB5,0x96,0xB5,0x71,0x8C,0xAE,0x73,0xAA,0x52,0xC3,0x18,0x00,0x00,0x00,0x00,0x00,0x00,
	0x00,0x00,0x00,0x00,0x00,0x00,0x00,0x00,0x00,0x00,0x00,0x00,0x00,0x00,0x00,0x00,0x00,0x00,0x00,0x00,0x00,0x00,0x00,0x00,0x00,0x00,0x00,0x00,0x00,0x00,0x00,0x00,0x00,0x00,0x00,0x00,0x00,0x00,0x00,0x00,0x00,0x00,0x00,0x00,0x00,0x00,0x00,0x00,0x00,0x00,0x00,0x00,0x00,0x00,

	// Alpha Channel 
	0xFF,0xFF,0xFF,0xFF,0x00,0x00,0x00,0x00,0x00,0x00,0x00,0x00,0x00,0x00,0x00,0x00,0x00,0x00,0xFF,0xFF,0xFF,0xFF,0xFF,0xFF,0x00,0x00,0x00,0x00,0x00,0x00,0x00,0x00,0x00,0x00,0x00,0x00,0x00,0x00,0x00,0x00,0x00,0x00,0x00,0x00,0x00,0x00,0x00,0x00,0x00,0x00,0x00,0x00,0x00,0x00,0x00,0x00,0x00,0x00,0xFF,0xFF,0xFF,0xFF,0xFF,0xFF,
	0xFF,0xFF,0xFF,0xFF,0xFF,0xFF,0xFF,0xFF,0xFF,0xFF,0xFF,0xFF,0xFF,0xFF,0xFF,0xFF,0xFF,0x00,0x00,0x00,0x00,0x00,0x00,0x00,0x00,0x00,0x00,0x00,0x00,0x00,0x00,0x00,0x00,0x00,0x00,0x00,0x00,0x00,0x00,0x00,0x00,0x00,0x00,0x00,0x00,0x00,0x00,0xFF,0xFF,0xFF,0xFF,0xFF,0xFF,0xFF,0xFF,0xFF,0xFF,0xFF,0xFF,0xFF,0xFF,0xFF,0xFF,0xFF,
	0xFF,0xFF,0xFF,0xFF,0xFF,0xFF,0xFF,0xFF,0xFF,0x00,0x00,0x00,0xFF,0xFF,0xFF,0xFF,0xFF,0xFF,0xFF,0xFF,0xFF,0xFF,0xFF,0xFF,0xFF,0xFF,0xFF,0xFF,0xFF,0xFF,0xFF,0xFF,0xFF,0xFF,0xFF,0xFF,0x00,0x00,0xFF,0xFF,0xFF,0xFF,0xFF,0xFF,0xFF,0xFF,0xFF,0xFF,0xFF,0xFF,0xFF,0xFF,0xFF,0xFF,0xFF,0xFF,0xFF,0xFF,0xFF,0xFF,0xFF,0xFF,0xFF,0xFF,
	0x00,0x00,0xFF,0xFF,0xFF,0xFF,0xFF,0xFF,0xFF,0xFF,0xFF,0xFF,0xFF,0xFF,0xFF,0xFF,0xFF,0xFF,0xFF,0xFF,0xFF,0xFF,0xFF,0xFF,0xFF,0xFF,0xFF,0xFF,0x00,0xFF,0xFF,0xFF,0xFF,0xFF,0xFF,0xFF,0xFF,0xFF,0xFF,0xFF,0xFF,0xFF,0xFF,0xFF,0xFF,0xFF,0xFF,0xFF,0xFF,0xFF,0xFF,0xFF,0xFF,0xFF,0xFF,0x00,0xFF,0xFF,0xFF,0xFF,0xFF,0xFF,0xFF,0xFF,
	0xFF,0xFF,0xFF,0xFF,0xFF,0xFF,0xFF,0xFF,0xFF,0xFF,0xFF,0xFF,0xFF,0xFF,0xFF,0xFF,0xFF,0xFF,0xFF,0x00,0xFF,0xFF,0xFF,0xFF,0xFF,0xFF,0xFF,0xFF,0xFF,0xFF,0xFF,0xFF,0xFF,0xFF,0xFF,0xFF,0xFF,0xFF,0xFF,0xFF,0xFF,0xFF,0xFF,0xFF,0xFF,0xFF,0x00,0xFF,0xFF,0xFF,0xFF,0xFF,0xFF,0xFF,0xFF,0xFF,0xFF,0xFF,0xFF,0xFF,0xFF,0xFF,0xFF,0xFF,
	0xFF,0xFF,0xFF,0xFF,0xFF,0xFF,0xFF,0xFF,0xFF,0xFF,0x00,0xFF,0xFF,0xFF,0xFF,0xFF,0xFF,0xFF,0xFF,0xFF,0xFF,0xFF,0xFF,0xFF,0xFF,0xFF,0xFF,0xFF,0xFF,0xFF,0xFF,0xFF,0xFF,0xFF,0xFF,0xFF,0xFF,0x00,0xFF,0xFF,0xFF,0xFF,0xFF,0xFF,0xFF,0xFF,0xFF,0xFF,0xFF,0xFF,0xFF,0xFF,0xFF,0xFF,0xFF,0xFF,0xFF,0xFF,0xFF,0xFF,0xFF,0xFF,0xFF,0xFF,
	0xFF,0x00,0xFF,0xFF,0xFF,0xFF,0xFF,0xFF,0xFF,0xFF,0xFF,0xFF,0xFF,0xFF,0xFF,0xFF,0xFF,0xFF,0xFF,0xFF,0xFF,0xFF,0xFF,0xFF,0xFF,0xFF,0xFF,0xFF,0x00,0xFF,0xFF,0xFF,0xFF,0xFF,0xFF,0xFF,0xFF,0xFF,0xFF,0xFF,0xFF,0xFF,0xFF,0xFF,0xFF,0xFF,0xFF,0xFF,0xFF,0xFF,0xFF,0xFF,0xFF,0xFF,0xFF,0xFF,0x00,0xFF,0xFF,0xFF,0xFF,0xFF,0xFF,0xFF,
	0xFF,0xFF,0xFF,0xFF,0xFF,0xFF,0xFF,0xFF,0xFF,0xFF,0xFF,0xFF,0xFF,0xFF,0xFF,0xFF,0xFF,0xFF,0xFF,0x00,0xFF,0xFF,0xFF,0xFF,0xFF,0xFF,0xFF,0x00,0xFF,0xFF,0xFF,0xFF,0xFF,0xFF,0xFF,0xFF,0xFF,0xFF,0xFF,0xFF,0x00,0xFF,0xFF,0xFF,0xFF,0xFF,0xFF,0x00,0xFF,0xFF,0xFF,0xFF,0xFF,0xFF,0xFF,0xFF,0xFF,0xFF,0xFF,0xFF,0xFF,0xFF,0xFF,0xFF,
	0xFF,0xFF,0xFF,0xFF,0xFF,0xFF,0xFF,0xFF,0xFF,0xFF,0x00,0xFF,0xFF,0xFF,0xFF,0xFF,0xFF,0xFF,0x00,0xFF,0xFF,0xFF,0xFF,0xFF,0xFF,0x00,0xFF,0xFF,0xFF,0xFF,0xFF,0x00,0xFF,0xFF,0xFF,0xFF,0xFF,0xFF,0x00,0xFF,0xFF,0xFF,0xFF,0xFF,0xFF,0xFF,0xFF,0xFF,0xFF,0xFF,0xFF,0xFF,0xFF,0xFF,0xFF,0xFF,0xFF,0xFF,0xFF,0xFF,0xFF,0xFF,0xFF,0xFF,
	0xFF,0x00,0xFF,0xFF,0xFF,0xFF,0xFF,0xFF,0xFF,0x00,0xFF,0xFF,0xFF,0xFF,0xFF,0xFF,0x00,0xFF,0xFF,0xFF,0xFF,0xFF,0x00,0xFF,0xFF,0xFF,0xFF,0xFF,0xFF,0x00,0xFF,0xFF,0xFF,0xFF,0xFF,0xFF,0xFF,0xFF,0xFF,0xFF,0xFF,0xFF,0xFF,0xFF,0xFF,0xFF,0xFF,0xFF,0xFF,0xFF,0xFF,0xFF,0xFF,0xFF,0xFF,0xFF,0x00,0xFF,0xFF,0xFF,0xFF,0xFF,0xFF,0xFF,
	0x00,0xFF,0xFF,0xFF,0xFF,0xFF,0xFF,0x00,0xFF,0xFF,0xFF,0xFF,0xFF,0x00,0xFF,0xFF,0xFF,0xFF,0xFF,0xFF,0x00,0xFF,0xFF,0xFF,0xFF,0xFF,0xFF,0xFF,0xFF,0xFF,0xFF,0xFF,0xFF,0xFF,0xFF,0xFF,0xFF,0xFF,0xFF,0xFF,0xFF,0xFF,0xFF,0xFF,0xFF,0xFF,0xFF,0x00,0xFF,0xFF,0xFF,0xFF,0xFF,0xFF,0xFF,0x00,0xFF,0xFF,0xFF,0xFF,0xFF,0xFF,0x00,0xFF,
	0xFF,0xFF,0xFF,0xFF,0x00,0xFF,0xFF,0xFF,0xFF,0xFF,0xFF,0x00,0xFF,0xFF,0xFF,0xFF,0xFF,0xFF,0xFF,0xFF,0xFF,0xFF,0xFF,0xFF,0xFF,0xFF,0xFF,0xFF,0xFF,0xFF,0xFF,0xFF,0xFF,0xFF,0xFF,0xFF,0xFF,0xFF,0x00,0xFF,0xFF,0xFF,0xFF,0xFF,0xFF,0xFF,0x00,0xFF,0xFF,0xFF,0xFF,0xFF,0xFF,0x00,0xFF,0xFF,0xFF,0xFF,0xFF,0x00,0xFF,0xFF,0xFF,0xFF,
	0xFF,0xFF,0x00,0xFF,0xFF,0xFF,0xFF,0xFF,0xFF,0xFF,0xFF,0xFF,0xFF,0xFF,0xFF,0xFF,0xFF,0xFF,0xFF,0xFF,0xFF,0xFF,0xFF,0xFF,0xFF,0xFF,0xFF,0xFF,0xFF,0x00,0xFF,0xFF,0xFF,0xFF,0xFF,0xFF,0xFF,0xFF,0xFF,0xFF,0xFF,0xFF,0xFF,0x00,0x00,0xFF,0xFF,0xFF,0xFF,0xFF,0x00,0xFF,0xFF,0xFF,0xFF,0xFF,0xFF,0x00,0xFF,0xFF,0xFF,0xFF,0xFF,0xFF,
	0xFF,0xFF,0xFF,0xFF,0xFF,0xFF,0xFF,0xFF,0xFF,0xFF,0xFF,0xFF,0xFF,0xFF,0xFF,0xFF,0xFF,0xFF,0xFF,0xFF,0x00,0xFF,0xFF,0xFF,0xFF,0xFF,0xFF,0xFF,0xFF,0xFF,0xFF,0xFF,0xFF,0xFF,0x00,0x00,0xFF,0xFF,0xFF,0xFF,0xFF,0xFF,0xFF,0xFF,0xFF,0xFF,0xFF,0xFF,0x00,0xFF,0xFF,0xFF,0xFF,0xFF,0xFF,0xFF,0xFF,0xFF,0xFF,0xFF,0xFF,0xFF,0xFF,0xFF,
	0xFF,0xFF,0xFF,0xFF,0xFF,0xFF,0xFF,0xFF,0xFF,0xFF,0xFF,0x00,0xFF,0xFF,0xFF,0xFF,0xFF,0xFF,0xFF,0xFF,0xFF,0xFF,0xFF,0xFF,0xFF,0x00,0x00,0xFF,0xFF,0xFF,0xFF,0xFF,0xFF,0xFF,0xFF,0xFF,0xFF,0xFF,0xFF,0x00,0xFF,0xFF,0xFF,0xFF,0xFF,0xFF,0x00,0xFF,0xFF,0xFF,0xFF,0xFF,0xFF,0xFF,0xFF,0xFF,0xFF,0xFF,0xFF,0xFF,0xFF,0xFF,0xFF,0xFF,
	0xFF,0xFF,0x00,0xFF,0xFF,0xFF,0xFF,0xFF,0xFF,0xFF,0xFF,0xFF,0xFF,0xFF,0xFF,0xFF,0x00,0x00,0xFF,0xFF,0xFF,0xFF,0xFF,0xFF,0xFF,0xFF,0xFF,0xFF,0xFF,0xFF,0x00,0xFF,0xFF,0xFF,0xFF,0xFF,0xFF,0xFF,0xFF,0xFF,0xFF,0xFF,0xFF,0xFF,0xFF,0xFF,0xFF,0xFF,0xFF,0xFF,0xFF,0xFF,0xFF,0xFF,0xFF,0xFF,0xFF,0x00,0xFF,0xFF,0xFF,0xFF,0xFF,0xFF,
	0xFF,0xFF,0xFF,0xFF,0xFF,0xFF,0x00,0x00,0x00,0xFF,0xFF,0xFF,0xFF,0xFF,0xFF,0xFF,0xFF,0xFF,0xFF,0xFF,0xFF,0x00,0xFF,0xFF,0xFF,0xFF,0xFF,0xFF,0xFF,0xFF,0xFF,0xFF,0xFF,0xFF,0xFF,0xFF,0xFF,0xFF,0xFF,0xFF,0xFF,0xFF,0xFF,0xFF,0xFF,0xFF,0xFF,0xFF,0x00,0xFF,0xFF,0xFF,0xFF,0xFF,0xFF,0xFF,0xFF,0xFF,0xFF,0xFF,0x00,0x00,0x00,0x00,
	0xFF,0xFF,0xFF,0xFF,0xFF,0xFF,0xFF,0xFF,0xFF,0xFF,0xFF,0xFF,0x00,0xFF,0xFF,0xFF,0xFF,0xFF,0xFF,0xFF,0xFF,0xFF,0xFF,0xFF,0xFF,0xFF,0xFF,0xFF,0xFF,0xFF,0xFF,0xFF,0xFF,0xFF,0xFF,0xFF,0xFF,0xFF,0xFF,0x00,0xFF,0xFF,0xFF,0xFF,0xFF,0xFF,0xFF,0xFF,0xFF,0xFF,0x00,0x00,0x00,0x00,0x00,0x00,0x00,0xFF,0xFF,0xFF,0xFF,0xFF,0xFF,0xFF,
	0xFF,0xFF,0xFF,0x00,0xFF,0xFF,0xFF,0xFF,0xFF,0xFF,0xFF,0xFF,0xFF,0xFF,0xFF,0xFF,0xFF,0xFF,0xFF,0xFF,0xFF,0xFF,0xFF,0xFF,0xFF,0xFF,0xFF,0xFF,0xFF,0xFF,0x00,0xFF,0xFF,0xFF,0xFF,0xFF,0xFF,0xFF,0xFF,0xFF,0xFF,0x00,0x00,0x00,0x00,0x00,0x00,0x00,0x00,0x00,0x00,0x00,0xFF,0xFF,0xFF,0xFF,0xFF,0xFF,0x00,0xFF,0xFF,0xFF,0xFF,0xFF,
	0xFF,0xFF,0xFF,0xFF,0xFF,0xFF,0xFF,0xFF,0xFF,0xFF,0xFF,0xFF,0xFF,0xFF,0xFF,0xFF,0xFF,0xFF,0xFF,0xFF,0xFF,0x00,0xFF,0xFF,0xFF,0xFF,0xFF,0xFF,0xFF,0x00,0xFF,0xFF,0xFF,0xFF,0xFF,0xFF,0xFF,0xFF,0xFF,0xFF,0xFF,0xFF,0xFF,0xFF,0xFF,0xFF,0xFF,0xFF,0xFF,0xFF,0xFF,0xFF,0xFF,0xFF,0xFF,0xFF,0xFF,0xFF,0xFF,0xFF,0xFF,0xFF,0xFF,0xFF,
	0xFF,0xFF,0xFF,0xFF,0xFF,0xFF,0xFF,0xFF,0xFF,0xFF,0xFF,0xFF,0x00,0xFF,0xFF,0xFF,0xFF,0xFF,0xFF,0xFF,0xFF,0xFF,0xFF,0xFF,0xFF,0xFF,0xFF,0xFF,0xFF,0xFF,0xFF,0xFF,0xFF,0xFF,0xFF,0xFF,0xFF,0xFF,0xFF,0xFF,0xFF,0xFF,0xFF,0xFF,0xFF,0xFF,0xFF,0xFF,0xFF,0xFF,0xFF,0xFF,0xFF,0xFF,0xFF,0xFF,0xFF,0xFF,0xFF,0xFF,0xFF,0xFF,0xFF,0xFF,
	0xFF,0xFF,0xFF,0x00,0xFF,0xFF,0xFF,0xFF,0xFF,0xFF,0xFF,0xFF,0xFF,0xFF,0xFF,0xFF,0xFF,0xFF,0xFF,0xFF,0xFF,0xFF,0xFF,0xFF,0xFF,0xFF,0xFF,0xFF,0xFF,0xFF,0xFF,0xFF,0xFF,0xFF,0xFF,0xFF,0xFF,0x00,0xFF,0xFF,0xFF,0xFF,0xFF,0xFF,0xFF,0xFF,0xFF,0xFF,0xFF,0xFF,0xFF,0xFF,0xFF,0xFF,0xFF,0xFF,0xFF,0xFF,0x00,0xFF,0xFF,0xFF,0xFF,0xFF,
	0xFF,0xFF,0xFF,0xFF,0xFF,0xFF,0xFF,0xFF,0xFF,0xFF,0xFF,0xFF,0xFF,0xFF,0xFF,0xFF,0xFF,0xFF,0xFF,0xFF,0xFF,0xFF,0xFF,0xFF,0xFF,0xFF,0xFF,0xFF,0x00,0x00,0xFF,0xFF,0xFF,0xFF,0xFF,0xFF,0xFF,0xFF,0xFF,0xFF,0xFF,0xFF,0xFF,0xFF,0xFF,0xFF,0xFF,0xFF,0xFF,0x00,0xFF,0xFF,0xFF,0xFF,0xFF,0xFF,0xFF,0xFF,0xFF,0xFF,0xFF,0xFF,0xFF,0xFF,
	0xFF,0xFF,0xFF,0xFF,0xFF,0xFF,0xFF,0xFF,0xFF,0xFF,0xFF,0xFF,0xFF,0xFF,0xFF,0xFF,0xFF,0xFF,0xFF,0x00,0x00,0x00,0x00,0x00,0x00,0x00,0x00,0x00,0x00,0x00,0xFF,0xFF,0xFF,0xFF,0xFF,0xFF,0xFF,0xFF,0xFF,0x00,0x00,0x00,0xFF,0xFF,0xFF,0xFF,0xFF,0xFF,0xFF,0xFF,0xFF,0xFF,0xFF,0xFF,0xFF,0xFF,0xFF,0xFF,0xFF,0xFF,0xFF,0xFF,0xFF,0xFF,
	0xFF,0xFF,0xFF,0xFF,0xFF,0xFF,0xFF,0xFF,0xFF,0x00,0x00,0x00,0x00,0x00,0x00,0x00,0x00,0x00,0x00,0x00,0x00,0xFF,0xFF,0xFF,0xFF,0xFF,0xFF,0xFF,0xFF,0x00,0x00,0x00,0x00,0x00,0x00,0x00,0x00,0x00,0x00,0x00,0x00,0x00,0x00,0x00,0x00,0x00,0x00,0x00,0x00,0x00,0x00,0x00,0x00,0x00,0x00,0x00,0x00,0x00,0x00,
    };
        


const lv_img_dsc_t face_1891_2_390_dial_img_11_45662_3 = {
    .header.magic = LV_IMAGE_HEADER_MAGIC,
    .header.w = 55,
    .header.h = 29,
    .data_size = sizeof(face_1891_2_390_dial_img_11_45662_data_3),
    .header.cf = LV_COLOR_FORMAT_RGB565A8,
    .data = face_1891_2_390_dial_img_11_45662_data_3};

    
// LVGL 9 format (RGB565) // LVGL_9 compatible 
const LV_ATTRIBUTE_MEM_ALIGN uint8_t face_1891_2_390_dial_img_11_45662_data_4[] = {
	//RGB565 data 
	0x20,0x00,0xC3,0x18,0xC3,0x18,0x20,0x00,0x00,0x00,0x00,0x00,0x00,0x00,0x00,0x00,0x00,0x00,0x00,0x00,0x00,0x00,0x00,0x00,0x00,0x00,0x00,0x00,0x00,0x00,0x00,0x00,0x00,0x00,0x00,0x00,0xC3,0x18,0xC3,0x18,0xC3,0x18,0xC3,0x18,0x20,0x00,0x20,0x00,0x00,0x00,0x00,0x00,0x00,0x00,0x00,0x00,0x00,0x00,0x00,0x00,0x00,0x00,0x00,0x00,
	0x00,0x00,0x00,0x00,0x00,0x00,0x00,0x00,0x00,0x00,0x00,0x00,0x00,0x00,0x00,0x00,0x00,0x00,0x00,0x00,0x00,0x00,0x00,0x00,0x00,0x00,0x00,0x00,0x00,0x00,0x00,0x00,0x00,0x00,0x00,0x00,0x00,0x00,0x00,0x00,0x00,0x00,0x00,0x00,0x00,0x00,0x00,0x00,0x00,0x00,0x00,0x00,0xC3,0x18,0xA6,0x31,0xA6,0x31,0xA6,0x31,0xA6,0x31,0xA6,0x31,
	0xA6,0x31,0xA6,0x31,0xA6,0x31,0xA6,0x31,0xA6,0x31,0xA6,0x31,0xA6,0x31,0xA6,0x31,0xA6,0x31,0xC3,0x18,0xC3,0x18,0xC3,0x18,0xC3,0x18,0xC3,0x18,0xC3,0x18,0xC3,0x18,0xC3,0x18,0x00,0x00,0x00,0x00,0x00,0x00,0x00,0x00,0x20,0x00,0xC3,0x18,0xC3,0x18,0xC3,0x18,0xC3,0x18,0xC3,0x18,0xC3,0x18,0xC3,0x18,0xC3,0x18,0xC3,0x18,0xC3,0x18,
	0xC3,0x18,0xC3,0x18,0xC3,0x18,0xC3,0x18,0xC3,0x18,0xC3,0x18,0xC3,0x18,0xC3,0x18,0xC3,0x18,0xC3,0x18,0xC3,0x18,0xC3,0x18,0x20,0x00,0x20,0x00,0x00,0x00,0x20,0x00,0xC3,0x18,0xAE,0x73,0x71,0x8C,0x71,0x8C,0x71,0x8C,0x71,0x8C,0x71,0x8C,0x71,0x8C,0x71,0x8C,0x71,0x8C,0x71,0x8C,0x71,0x8C,0x71,0x8C,0x71,0x8C,0x71,0x8C,0x71,0x8C,
	0x71,0x8C,0x71,0x8C,0x71,0x8C,0x71,0x8C,0x71,0x8C,0x71,0x8C,0xAA,0x52,0xA6,0x31,0x20,0x00,0x00,0x00,0x00,0x00,0x20,0x00,0xC3,0x18,0xAA,0x52,0xAA,0x52,0xAA,0x52,0xAA,0x52,0xAA,0x52,0xAA,0x52,0xAA,0x52,0xAA,0x52,0xAA,0x52,0xAA,0x52,0xAA,0x52,0xAA,0x52,0xAA,0x52,0xAA,0x52,0xAA,0x52,0xAA,0x52,0xAA,0x52,0xAA,0x52,0xAA,0x52,
	0xAA,0x52,0xAA,0x52,0xAA,0x52,0xA6,0x31,0xC3,0x18,0x00,0x00,0x20,0x00,0xA6,0x31,0x96,0xB5,0x1C,0xE7,0x1C,0xE7,0x1C,0xE7,0x7D,0xEF,0x1C,0xE7,0x1C,0xE7,0x1C,0xE7,0x1C,0xE7,0x1C,0xE7,0x1C,0xE7,0x1C,0xE7,0x1C,0xE7,0x1C,0xE7,0x7D,0xEF,0x1C,0xE7,0x7D,0xEF,0x1C,0xE7,0x1C,0xE7,0x1C,0xE7,0x1C,0xE7,0x71,0x8C,0xAA,0x52,0x20,0x00,
	0x00,0x00,0x00,0x00,0xC3,0x18,0xAE,0x73,0x38,0xC6,0x7A,0xD6,0x7A,0xD6,0x7A,0xD6,0x7A,0xD6,0x7A,0xD6,0x7A,0xD6,0x7A,0xD6,0x7A,0xD6,0x7A,0xD6,0x7A,0xD6,0x7A,0xD6,0x7A,0xD6,0x7A,0xD6,0x7A,0xD6,0x7A,0xD6,0x7A,0xD6,0x7A,0xD6,0x7A,0xD6,0x7A,0xD6,0x7A,0xD6,0x7A,0xD6,0x71,0x8C,0xAA,0x52,0x00,0x00,0xC3,0x18,0xAA,0x52,0x7A,0xD6,
	0xFF,0xFF,0xFF,0xFF,0xDF,0xFF,0x7D,0xEF,0x7D,0xEF,0x7D,0xEF,0x7D,0xEF,0x7D,0xEF,0xFF,0xFF,0xFF,0xFF,0xFF,0xFF,0xFF,0xFF,0x7D,0xEF,0x7D,0xEF,0x7D,0xEF,0x7D,0xEF,0x7D,0xEF,0xDF,0xFF,0xFF,0xFF,0xFF,0xFF,0x96,0xB5,0xAA,0x52,0x20,0x00,0x00,0x00,0x20,0x00,0xA6,0x31,0x71,0x8C,0xFF,0xFF,0xFF,0xFF,0xFF,0xFF,0xFF,0xFF,0xFF,0xFF,
	0xFF,0xFF,0xFF,0xFF,0xFF,0xFF,0xFF,0xFF,0xFF,0xFF,0xFF,0xFF,0xFF,0xFF,0xFF,0xFF,0xFF,0xFF,0xFF,0xFF,0xFF,0xFF,0xFF,0xFF,0xFF,0xFF,0xFF,0xFF,0xFF,0xFF,0xFF,0xFF,0xFF,0xFF,0x38,0xC6,0x71,0x8C,0x00,0x00,0xC3,0x18,0xAA,0x52,0x38,0xC6,0xFF,0xFF,0xFF,0xFF,0x38,0xC6,0x71,0x8C,0x71,0x8C,0x71,0x8C,0x71,0x8C,0x96,0xB5,0x7A,0xD6,
	0xFF,0xFF,0xFF,0xFF,0x1C,0xE7,0x96,0xB5,0x71,0x8C,0x71,0x8C,0x71,0x8C,0x71,0x8C,0x38,0xC6,0x7D,0xEF,0xFF,0xFF,0x96,0xB5,0xAA,0x52,0x20,0x00,0x00,0x00,0x20,0x00,0xC3,0x18,0x71,0x8C,0xFF,0xFF,0xFF,0xFF,0xFF,0xFF,0xFF,0xFF,0xFF,0xFF,0xFF,0xFF,0xFF,0xFF,0xFF,0xFF,0xFF,0xFF,0xFF,0xFF,0xFF,0xFF,0xFF,0xFF,0xFF,0xFF,0xFF,0xFF,
	0xFF,0xFF,0xFF,0xFF,0xFF,0xFF,0xFF,0xFF,0xFF,0xFF,0xFF,0xFF,0xFF,0xFF,0xFF,0xFF,0x96,0xB5,0xAE,0x73,0x00,0x00,0xC3,0x18,0xAA,0x52,0x38,0xC6,0xFF,0xFF,0xFF,0xFF,0x71,0x8C,0xA6,0x31,0xA6,0x31,0xAA,0x52,0xAA,0x52,0xAE,0x73,0x38,0xC6,0xDF,0xFF,0xDF,0xFF,0x7A,0xD6,0xAE,0x73,0xA6,0x31,0xAA,0x52,0xA6,0x31,0xAA,0x52,0x71,0x8C,
	0x7A,0xD6,0xFF,0xFF,0x96,0xB5,0xAA,0x52,0x20,0x00,0x00,0x00,0x00,0x00,0xC3,0x18,0xA6,0x31,0xAE,0x73,0xAE,0x73,0xAE,0x73,0xAE,0x73,0xAE,0x73,0xAE,0x73,0x38,0xC6,0x7D,0xEF,0xFF,0xFF,0x7D,0xEF,0x38,0xC6,0x71,0x8C,0xAE,0x73,0xAE,0x73,0xAE,0x73,0xAE,0x73,0xAE,0x73,0xAE,0x73,0xAE,0x73,0xAE,0x73,0xAE,0x73,0xAE,0x73,0xAA,0x52,
	0xA6,0x31,0x00,0x00,0xC3,0x18,0xAA,0x52,0x38,0xC6,0xFF,0xFF,0xFF,0xFF,0xAE,0x73,0x20,0x00,0xA6,0x31,0xAA,0x52,0xAA,0x52,0x71,0x8C,0x38,0xC6,0xDF,0xFF,0xDF,0xFF,0x7A,0xD6,0xAE,0x73,0xAA,0x52,0xAA,0x52,0xA6,0x31,0xA6,0x31,0xAE,0x73,0x38,0xC6,0xFF,0xFF,0x96,0xB5,0xAA,0x52,0x20,0x00,0x00,0x00,0x00,0x00,0x00,0x00,0x00,0x00,
	0x00,0x00,0x00,0x00,0x00,0x00,0x00,0x00,0x00,0x00,0x00,0x00,0x71,0x8C,0x1C,0xE7,0xFF,0xFF,0x7A,0xD6,0xAE,0x73,0x20,0x00,0x00,0x00,0x00,0x00,0x00,0x00,0x00,0x00,0x00,0x00,0x00,0x00,0x00,0x00,0x00,0x00,0x00,0x00,0x00,0x00,0x00,0x00,0x00,0x00,0x00,0x00,0xC3,0x18,0xAA,0x52,0x38,0xC6,0xFF,0xFF,0xFF,0xFF,0x71,0x8C,0xA6,0x31,
	0x38,0xC6,0x1C,0xE7,0x1C,0xE7,0x7D,0xEF,0xDF,0xFF,0xFF,0xFF,0xFF,0xFF,0xDF,0xFF,0x7D,0xEF,0x1C,0xE7,0x1C,0xE7,0x96,0xB5,0xAE,0x73,0xAE,0x73,0x96,0xB5,0xFF,0xFF,0x96,0xB5,0xAA,0x52,0x20,0x00,0x00,0x00,0x00,0x00,0x00,0x00,0x00,0x00,0x00,0x00,0x00,0x00,0x00,0x00,0x00,0x00,0x00,0x00,0x00,0x00,0x96,0xB5,0xDF,0xFF,0xFF,0xFF,
	0x38,0xC6,0xAE,0x73,0xC3,0x18,0x00,0x00,0x00,0x00,0x00,0x00,0x00,0x00,0x00,0x00,0x00,0x00,0x00,0x00,0x00,0x00,0x00,0x00,0x00,0x00,0x00,0x00,0x00,0x00,0x00,0x00,0xC3,0x18,0xAA,0x52,0x38,0xC6,0xFF,0xFF,0xFF,0xFF,0x71,0x8C,0xA6,0x31,0x96,0xB5,0x1C,0xE7,0x1C,0xE7,0x7D,0xEF,0xDF,0xFF,0xFF,0xFF,0xFF,0xFF,0xDF,0xFF,0x1C,0xE7,
	0x1C,0xE7,0x1C,0xE7,0x96,0xB5,0xAE,0x73,0xAE,0x73,0x96,0xB5,0xFF,0xFF,0x96,0xB5,0xAA,0x52,0x20,0x00,0x00,0x00,0x00,0x00,0x00,0x00,0x00,0x00,0x00,0x00,0x00,0x00,0x00,0x00,0x00,0x00,0x00,0x00,0x20,0x00,0x38,0xC6,0xFF,0xFF,0xFF,0xFF,0x96,0xB5,0xA6,0x31,0x20,0x00,0x00,0x00,0x00,0x00,0x00,0x00,0x00,0x00,0x00,0x00,0x00,0x00,
	0x00,0x00,0x00,0x00,0x00,0x00,0x00,0x00,0x00,0x00,0x00,0x00,0x00,0x00,0xC3,0x18,0xAA,0x52,0x38,0xC6,0xFF,0xFF,0xFF,0xFF,0x71,0x8C,0xC3,0x18,0xAE,0x73,0x71,0x8C,0xAE,0x73,0x96,0xB5,0x7A,0xD6,0xDF,0xFF,0xFF,0xFF,0x1C,0xE7,0x71,0x8C,0xAE,0x73,0x71,0x8C,0xAA,0x52,0xA6,0x31,0xAE,0x73,0x38,0xC6,0xFF,0xFF,0x96,0xB5,0xAA,0x52,
	0x20,0x00,0x00,0x00,0x00,0x00,0x00,0x00,0x00,0x00,0x00,0x00,0x00,0x00,0x00,0x00,0x00,0x00,0x20,0x00,0xA6,0x31,0x38,0xC6,0xFF,0xFF,0xFF,0xFF,0x71,0x8C,0xA6,0x31,0x20,0x00,0x00,0x00,0x00,0x00,0x00,0x00,0x00,0x00,0x00,0x00,0x00,0x00,0x00,0x00,0x00,0x00,0x00,0x00,0x00,0x00,0x00,0x00,0x00,0x00,0x00,0x00,0xC3,0x18,0xAA,0x52,
	0x38,0xC6,0xFF,0xFF,0xFF,0xFF,0x71,0x8C,0xC3,0x18,0xA6,0x31,0xA6,0x31,0xA6,0x31,0xAE,0x73,0x38,0xC6,0xDF,0xFF,0xDF,0xFF,0x7A,0xD6,0xAE,0x73,0xA6,0x31,0xA6,0x31,0xA6,0x31,0xA6,0x31,0xAE,0x73,0x38,0xC6,0xFF,0xFF,0x96,0xB5,0xAA,0x52,0x20,0x00,0x00,0x00,0x00,0x00,0x00,0x00,0xC3,0x18,0xAA,0x52,0xAE,0x73,0xAE,0x73,0xAE,0x73,
	0x71,0x8C,0x71,0x8C,0x1C,0xE7,0xFF,0xFF,0xFF,0xFF,0x7A,0xD6,0x71,0x8C,0x71,0x8C,0xAE,0x73,0xAE,0x73,0xAE,0x73,0xAE,0x73,0xAE,0x73,0xAE,0x73,0xAE,0x73,0xAE,0x73,0xA6,0x31,0x00,0x00,0x00,0x00,0x00,0x00,0x00,0x00,0xC3,0x18,0xAA,0x52,0x38,0xC6,0xFF,0xFF,0xFF,0xFF,0x96,0xB5,0xAA,0x52,0xAA,0x52,0xAE,0x73,0xAE,0x73,0x71,0x8C,
	0x7A,0xD6,0xFF,0xFF,0xFF,0xFF,0x7A,0xD6,0x71,0x8C,0xAA,0x52,0xAE,0x73,0xAE,0x73,0xAE,0x73,0x71,0x8C,0x7A,0xD6,0xFF,0xFF,0x96,0xB5,0xAA,0x52,0x20,0x00,0x00,0x00,0x00,0x00,0x00,0x00,0xA6,0x31,0x96,0xB5,0x7A,0xD6,0x1C,0xE7,0x1C,0xE7,0x1C,0xE7,0x7D,0xEF,0xDF,0xFF,0xFF,0xFF,0xFF,0xFF,0xDF,0xFF,0x7D,0xEF,0x1C,0xE7,0x1C,0xE7,
	0x1C,0xE7,0x1C,0xE7,0x1C,0xE7,0x1C,0xE7,0x1C,0xE7,0x1C,0xE7,0x38,0xC6,0xAE,0x73,0x20,0x00,0x00,0x00,0x00,0x00,0x00,0x00,0xC3,0x18,0xAA,0x52,0x38,0xC6,0xFF,0xFF,0xFF,0xFF,0x7A,0xD6,0x38,0xC6,0x1C,0xE7,0xDF,0xFF,0xDF,0xFF,0xDF,0xFF,0xFF,0xFF,0xFF,0xFF,0xFF,0xFF,0xFF,0xFF,0xDF,0xFF,0x7D,0xEF,0xDF,0xFF,0xDF,0xFF,0x7D,0xEF,
	0x38,0xC6,0x1C,0xE7,0xFF,0xFF,0x96,0xB5,0xAA,0x52,0x20,0x00,0x00,0x00,0x00,0x00,0x00,0x00,0xA6,0x31,0x38,0xC6,0xDF,0xFF,0xFF,0xFF,0xFF,0xFF,0xFF,0xFF,0xFF,0xFF,0xFF,0xFF,0xFF,0xFF,0xFF,0xFF,0xFF,0xFF,0xFF,0xFF,0xFF,0xFF,0xFF,0xFF,0xFF,0xFF,0xFF,0xFF,0xFF,0xFF,0xFF,0xFF,0xFF,0xFF,0xDF,0xFF,0x1C,0xE7,0x71,0x8C,0x20,0x00,
	0x00,0x00,0x00,0x00,0x00,0x00,0xC3,0x18,0xAA,0x52,0x38,0xC6,0xFF,0xFF,0xFF,0xFF,0x7A,0xD6,0x96,0xB5,0x38,0xC6,0x38,0xC6,0x38,0xC6,0x38,0xC6,0x38,0xC6,0x38,0xC6,0x38,0xC6,0x38,0xC6,0x38,0xC6,0x38,0xC6,0x38,0xC6,0x7A,0xD6,0x7A,0xD6,0x96,0xB5,0x7A,0xD6,0xFF,0xFF,0x96,0xB5,0xAA,0x52,0x20,0x00,0x00,0x00,0x00,0x00,0x00,0x00,
	0xA6,0x31,0x71,0x8C,0x38,0xC6,0x7A,0xD6,0x7A,0xD6,0x1C,0xE7,0xDF,0xFF,0xFF,0xFF,0xFF,0xFF,0xDF,0xFF,0x1C,0xE7,0x38,0xC6,0x7A,0xD6,0x7A,0xD6,0x7A,0xD6,0x38,0xC6,0x7A,0xD6,0x7D,0xEF,0xFF,0xFF,0xFF,0xFF,0x1C,0xE7,0x71,0x8C,0x20,0x00,0x00,0x00,0x00,0x00,0x00,0x00,0xC3,0x18,0xAA,0x52,0x38,0xC6,0xFF,0xFF,0xFF,0xFF,0x96,0xB5,
	0xAA,0x52,0xAE,0x73,0x71,0x8C,0xAE,0x73,0xAE,0x73,0xAE,0x73,0xAE,0x73,0xAE,0x73,0xAE,0x73,0xAE,0x73,0x71,0x8C,0x71,0x8C,0xAE,0x73,0xAE,0x73,0x71,0x8C,0x7A,0xD6,0xFF,0xFF,0x96,0xB5,0xAA,0x52,0x20,0x00,0x00,0x00,0x00,0x00,0x00,0x00,0xC3,0x18,0xAA,0x52,0xAE,0x73,0xAE,0x73,0xAE,0x73,0x71,0x8C,0x1C,0xE7,0xFF,0xFF,0xFF,0xFF,
	0x1C,0xE7,0x96,0xB5,0xAE,0x73,0xAE,0x73,0xAE,0x73,0xAE,0x73,0xAE,0x73,0x71,0x8C,0x7A,0xD6,0xDF,0xFF,0xFF,0xFF,0x1C,0xE7,0x71,0x8C,0x20,0x00,0x00,0x00,0x00,0x00,0x00,0x00,0xC3,0x18,0xAA,0x52,0x38,0xC6,0xFF,0xFF,0xFF,0xFF,0xAE,0x73,0xC3,0x18,0x71,0x8C,0x38,0xC6,0x96,0xB5,0x96,0xB5,0x96,0xB5,0x96,0xB5,0x96,0xB5,0x96,0xB5,
	0x96,0xB5,0x96,0xB5,0x96,0xB5,0xAE,0x73,0xA6,0x31,0xAE,0x73,0x38,0xC6,0xFF,0xFF,0x96,0xB5,0xAA,0x52,0x20,0x00,0x00,0x00,0x00,0x00,0x00,0x00,0x20,0x00,0xC3,0x18,0xC3,0x18,0xC3,0x18,0xC3,0x18,0xAA,0x52,0x7A,0xD6,0xFF,0xFF,0x7D,0xEF,0x96,0xB5,0xAA,0x52,0xC3,0x18,0xC3,0x18,0xC3,0x18,0xC3,0x18,0xC3,0x18,0xA6,0x31,0x96,0xB5,
	0xDF,0xFF,0xFF,0xFF,0x7A,0xD6,0xAE,0x73,0x20,0x00,0x00,0x00,0x00,0x00,0x00,0x00,0xC3,0x18,0xAA,0x52,0x7A,0xD6,0xFF,0xFF,0xDF,0xFF,0xAA,0x52,0x00,0x00,0x96,0xB5,0x1C,0xE7,0x1C,0xE7,0x1C,0xE7,0x1C,0xE7,0x1C,0xE7,0x1C,0xE7,0x1C,0xE7,0x1C,0xE7,0x1C,0xE7,0x1C,0xE7,0xAE,0x73,0xA6,0x31,0xAE,0x73,0x38,0xC6,0xFF,0xFF,0x96,0xB5,
	0xAA,0x52,0x20,0x00,0x00,0x00,0x00,0x00,0x00,0x00,0x00,0x00,0x00,0x00,0x00,0x00,0x00,0x00,0x00,0x00,0xAA,0x52,0x1C,0xE7,0xFF,0xFF,0x1C,0xE7,0x71,0x8C,0xA6,0x31,0x00,0x00,0x00,0x00,0x00,0x00,0x00,0x00,0x00,0x00,0xC3,0x18,0x96,0xB5,0x7D,0xEF,0xDF,0xFF,0x38,0xC6,0xAA,0x52,0x20,0x00,0x00,0x00,0x00,0x00,0x00,0x00,0xC3,0x18,
	0xAA,0x52,0x7A,0xD6,0xFF,0xFF,0x1C,0xE7,0xAA,0x52,0x20,0x00,0x38,0xC6,0xFF,0xFF,0xFF,0xFF,0xFF,0xFF,0xFF,0xFF,0xFF,0xFF,0xFF,0xFF,0xFF,0xFF,0xFF,0xFF,0xFF,0xFF,0xFF,0xFF,0x71,0x8C,0xA6,0x31,0xAE,0x73,0x38,0xC6,0xFF,0xFF,0x96,0xB5,0xAA,0x52,0x20,0x00,0x00,0x00,0x00,0x00,0x00,0x00,0x00,0x00,0x00,0x00,0x00,0x00,0x00,0x00,
	0x00,0x00,0xAE,0x73,0xFF,0xFF,0xFF,0xFF,0x1C,0xE7,0xAE,0x73,0xA6,0x31,0x00,0x00,0x00,0x00,0x00,0x00,0x00,0x00,0x00,0x00,0xC3,0x18,0x96,0xB5,0xDF,0xFF,0xDF,0xFF,0x96,0xB5,0xAA,0x52,0x00,0x00,0x00,0x00,0x00,0x00,0x00,0x00,0xC3,0x18,0xAE,0x73,0x1C,0xE7,0xFF,0xFF,0x7A,0xD6,0xAA,0x52,0x20,0x00,0x38,0xC6,0xFF,0xFF,0xFF,0xFF,
	0x7A,0xD6,0x96,0xB5,0x96,0xB5,0x96,0xB5,0x96,0xB5,0x1C,0xE7,0xFF,0xFF,0xFF,0xFF,0x71,0x8C,0xA6,0x31,0xAE,0x73,0x38,0xC6,0xFF,0xFF,0x96,0xB5,0xAA,0x52,0x20,0x00,0x00,0x00,0x00,0x00,0x00,0x00,0x00,0x00,0x00,0x00,0x00,0x00,0x00,0x00,0x20,0x00,0xAE,0x73,0xFF,0xFF,0xFF,0xFF,0x7A,0xD6,0xAA,0x52,0xC3,0x18,0x00,0x00,0x00,0x00,
	0x00,0x00,0x00,0x00,0x00,0x00,0xC3,0x18,0x96,0xB5,0xDF,0xFF,0xDF,0xFF,0x96,0xB5,0xAA,0x52,0x00,0x00,0x00,0x00,0x00,0x00,0x00,0x00,0xA6,0x31,0x71,0x8C,0x1C,0xE7,0xFF,0xFF,0x7A,0xD6,0xAA,0x52,0x20,0x00,0x38,0xC6,0xFF,0xFF,0xFF,0xFF,0x96,0xB5,0xAA,0x52,0xAE,0x73,0xAA,0x52,0xAE,0x73,0x38,0xC6,0xDF,0xFF,0xFF,0xFF,0x71,0x8C,
	0xA6,0x31,0xAE,0x73,0x38,0xC6,0xFF,0xFF,0x96,0xB5,0xAA,0x52,0x20,0x00,0x00,0x00,0x00,0x00,0x00,0x00,0x00,0x00,0x00,0x00,0x00,0x00,0x00,0x00,0xC3,0x18,0x71,0x8C,0xFF,0xFF,0xFF,0xFF,0x7A,0xD6,0xA6,0x31,0x20,0x00,0x00,0x00,0x00,0x00,0x00,0x00,0x00,0x00,0x00,0x00,0xC3,0x18,0x96,0xB5,0xDF,0xFF,0xDF,0xFF,0x96,0xB5,0xAA,0x52,
	0x00,0x00,0x00,0x00,0x00,0x00,0x00,0x00,0xA6,0x31,0x96,0xB5,0x7D,0xEF,0xDF,0xFF,0x38,0xC6,0xA6,0x31,0x20,0x00,0x38,0xC6,0xFF,0xFF,0xFF,0xFF,0x71,0x8C,0xA6,0x31,0xA6,0x31,0xA6,0x31,0xA6,0x31,0x96,0xB5,0x7D,0xEF,0xFF,0xFF,0x71,0x8C,0xA6,0x31,0xAE,0x73,0x38,0xC6,0xFF,0xFF,0x96,0xB5,0xAA,0x52,0x20,0x00,0x00,0x00,0x00,0x00,
	0x00,0x00,0x00,0x00,0x00,0x00,0x00,0x00,0x00,0x00,0xC3,0x18,0x71,0x8C,0xFF,0xFF,0xFF,0xFF,0x38,0xC6,0xC3,0x18,0x00,0x00,0x00,0x00,0x00,0x00,0x00,0x00,0x00,0x00,0x00,0x00,0xC3,0x18,0x96,0xB5,0xDF,0xFF,0xDF,0xFF,0x96,0xB5,0xAA,0x52,0x00,0x00,0x00,0x00,0x00,0x00,0x00,0x00,0xAA,0x52,0x7A,0xD6,0xDF,0xFF,0x7D,0xEF,0x96,0xB5,
	0xA6,0x31,0xC3,0x18,0x7A,0xD6,0xFF,0xFF,0xFF,0xFF,0x38,0xC6,0x71,0x8C,0x71,0x8C,0x71,0x8C,0x71,0x8C,0x7A,0xD6,0xDF,0xFF,0xFF,0xFF,0x71,0x8C,0xA6,0x31,0xAE,0x73,0x38,0xC6,0xFF,0xFF,0x96,0xB5,0xAA,0x52,0x20,0x00,0x00,0x00,0x20,0x00,0xA6,0x31,0xA6,0x31,0xA6,0x31,0xA6,0x31,0xA6,0x31,0xAE,0x73,0x96,0xB5,0xFF,0xFF,0xFF,0xFF,
	0x7A,0xD6,0xA6,0x31,0xA6,0x31,0xA6,0x31,0xA6,0x31,0xA6,0x31,0xA6,0x31,0xA6,0x31,0xAA,0x52,0x38,0xC6,0xDF,0xFF,0xDF,0xFF,0x38,0xC6,0xAE,0x73,0xA6,0x31,0xA6,0x31,0xA6,0x31,0x20,0x00,0xAA,0x52,0xFF,0xFF,0xFF,0xFF,0x1C,0xE7,0xAE,0x73,0xC3,0x18,0xC3,0x18,0x38,0xC6,0xFF,0xFF,0xFF,0xFF,0xFF,0xFF,0xFF,0xFF,0xFF,0xFF,0xFF,0xFF,
	0xFF,0xFF,0xFF,0xFF,0xFF,0xFF,0xFF,0xFF,0x71,0x8C,0xA6,0x31,0xAE,0x73,0x7A,0xD6,0xFF,0xFF,0x96,0xB5,0xAA,0x52,0x20,0x00,0x00,0x00,0x20,0x00,0xAE,0x73,0x71,0x8C,0x71,0x8C,0x71,0x8C,0x71,0x8C,0x38,0xC6,0x1C,0xE7,0xFF,0xFF,0xFF,0xFF,0x1C,0xE7,0x71,0x8C,0x71,0x8C,0x71,0x8C,0x71,0x8C,0x71,0x8C,0x71,0x8C,0x71,0x8C,0x71,0x8C,
	0x1C,0xE7,0xFF,0xFF,0xFF,0xFF,0x1C,0xE7,0x96,0xB5,0x71,0x8C,0x71,0x8C,0x71,0x8C,0xA6,0x31,0x71,0x8C,0xFF,0xFF,0xFF,0xFF,0x7A,0xD6,0xA6,0x31,0x20,0x00,0xC3,0x18,0x96,0xB5,0x7D,0xEF,0x1C,0xE7,0x1C,0xE7,0x1C,0xE7,0x1C,0xE7,0x1C,0xE7,0x1C,0xE7,0x7D,0xEF,0xDF,0xFF,0xFF,0xFF,0x71,0x8C,0xAA,0x52,0x96,0xB5,0x7D,0xEF,0xFF,0xFF,
	0x96,0xB5,0xAA,0x52,0x20,0x00,0x00,0x00,0xC3,0x18,0x96,0xB5,0x7D,0xEF,0x1C,0xE7,0x1C,0xE7,0x7D,0xEF,0xDF,0xFF,0xFF,0xFF,0xFF,0xFF,0xFF,0xFF,0xFF,0xFF,0x1C,0xE7,0x1C,0xE7,0x1C,0xE7,0x1C,0xE7,0x1C,0xE7,0x1C,0xE7,0x1C,0xE7,0x7D,0xEF,0xDF,0xFF,0xFF,0xFF,0xFF,0xFF,0xDF,0xFF,0x7D,0xEF,0x1C,0xE7,0x1C,0xE7,0x1C,0xE7,0x71,0x8C,
	0x38,0xC6,0xFF,0xFF,0xDF,0xFF,0x96,0xB5,0xC3,0x18,0x00,0x00,0x20,0x00,0xAE,0x73,0x71,0x8C,0x71,0x8C,0x71,0x8C,0x71,0x8C,0x71,0x8C,0x71,0x8C,0x71,0x8C,0x71,0x8C,0x38,0xC6,0xFF,0xFF,0x38,0xC6,0x96,0xB5,0x1C,0xE7,0xFF,0xFF,0xFF,0xFF,0x96,0xB5,0xAA,0x52,0x20,0x00,0x00,0x00,0xC3,0x18,0x38,0xC6,0xFF,0xFF,0xFF,0xFF,0xFF,0xFF,
	0xFF,0xFF,0xDF,0xFF,0xDF,0xFF,0xDF,0xFF,0xDF,0xFF,0xDF,0xFF,0xFF,0xFF,0xFF,0xFF,0xFF,0xFF,0xFF,0xFF,0xFF,0xFF,0xFF,0xFF,0xFF,0xFF,0xFF,0xFF,0xDF,0xFF,0xDF,0xFF,0xDF,0xFF,0xDF,0xFF,0xDF,0xFF,0xFF,0xFF,0xFF,0xFF,0xFF,0xFF,0x1C,0xE7,0x7D,0xEF,0xFF,0xFF,0x1C,0xE7,0x71,0x8C,0x20,0x00,0x00,0x00,0x00,0x00,0x20,0x00,0x20,0x00,
	0x20,0x00,0x20,0x00,0x20,0x00,0x20,0x00,0x20,0x00,0x20,0x00,0xC3,0x18,0xAE,0x73,0xDF,0xFF,0xFF,0xFF,0xFF,0xFF,0xFF,0xFF,0xFF,0xFF,0xFF,0xFF,0x71,0x8C,0xA6,0x31,0x20,0x00,0x00,0x00,0xC3,0x18,0x71,0x8C,0x1C,0xE7,0x7A,0xD6,0x7A,0xD6,0x7A,0xD6,0x7A,0xD6,0x7A,0xD6,0x7A,0xD6,0x7A,0xD6,0x7A,0xD6,0x7A,0xD6,0x7A,0xD6,0x7A,0xD6,
	0x7A,0xD6,0x7A,0xD6,0x7A,0xD6,0x7A,0xD6,0x7A,0xD6,0x7A,0xD6,0x7A,0xD6,0x7A,0xD6,0x7A,0xD6,0x7A,0xD6,0x7A,0xD6,0x7A,0xD6,0x7A,0xD6,0x71,0x8C,0x38,0xC6,0xDF,0xFF,0x96,0xB5,0xAA,0x52,0x20,0x00,0x00,0x00,0x00,0x00,0x00,0x00,0x00,0x00,0x00,0x00,0x00,0x00,0x00,0x00,0x00,0x00,0x00,0x00,0x00,0x00,0x00,0x00,0xAA,0x52,0x1C,0xE7,
	0xDF,0xFF,0x7D,0xEF,0x1C,0xE7,0x7A,0xD6,0x96,0xB5,0xAA,0x52,0xC3,0x18,0x00,0x00,0x00,0x00,0x20,0x00,0xA6,0x31,0xAA,0x52,0xAA,0x52,0xAA,0x52,0xAA,0x52,0xAA,0x52,0xAA,0x52,0xAA,0x52,0xAA,0x52,0xAA,0x52,0xAA,0x52,0xAA,0x52,0xAA,0x52,0xAA,0x52,0xAA,0x52,0xAA,0x52,0xAA,0x52,0xAA,0x52,0xAA,0x52,0xAA,0x52,0xAA,0x52,0xAA,0x52,
	0xAA,0x52,0xAA,0x52,0xAA,0x52,0xAA,0x52,0xC3,0x18,0xAE,0x73,0x96,0xB5,0xAE,0x73,0xC3,0x18,0x00,0x00,0x00,0x00,0x00,0x00,0x00,0x00,0x00,0x00,0x00,0x00,0x00,0x00,0x00,0x00,0x00,0x00,0x00,0x00,0x00,0x00,0x00,0x00,0xA6,0x31,0x71,0x8C,0x96,0xB5,0x96,0xB5,0x71,0x8C,0xAE,0x73,0xAA,0x52,0xC3,0x18,0x00,0x00,0x00,0x00,0x00,0x00,
	0x00,0x00,0x00,0x00,0x00,0x00,0x00,0x00,0x00,0x00,0x00,0x00,0x00,0x00,0x00,0x00,0x00,0x00,0x00,0x00,0x00,0x00,0x00,0x00,0x00,0x00,0x00,0x00,0x00,0x00,0x00,0x00,0x00,0x00,0x00,0x00,0x00,0x00,0x00,0x00,0x00,0x00,0x00,0x00,0x00,0x00,0x00,0x00,0x00,0x00,0x00,0x00,0x00,0x00,

	// Alpha Channel 
	0xFF,0xFF,0xFF,0xFF,0x00,0x00,0x00,0x00,0x00,0x00,0x00,0x00,0x00,0x00,0x00,0x00,0x00,0x00,0xFF,0xFF,0xFF,0xFF,0xFF,0xFF,0x00,0x00,0x00,0x00,0x00,0x00,0x00,0x00,0x00,0x00,0x00,0x00,0x00,0x00,0x00,0x00,0x00,0x00,0x00,0x00,0x00,0x00,0x00,0x00,0x00,0x00,0x00,0x00,0x00,0x00,0x00,0x00,0x00,0x00,0xFF,0xFF,0xFF,0xFF,0xFF,0xFF,
	0xFF,0xFF,0xFF,0xFF,0xFF,0xFF,0xFF,0xFF,0xFF,0xFF,0xFF,0xFF,0xFF,0xFF,0xFF,0xFF,0xFF,0x00,0x00,0x00,0x00,0xFF,0xFF,0xFF,0xFF,0xFF,0xFF,0xFF,0xFF,0xFF,0xFF,0xFF,0xFF,0xFF,0xFF,0xFF,0xFF,0xFF,0xFF,0xFF,0xFF,0xFF,0xFF,0xFF,0xFF,0xFF,0x00,0xFF,0xFF,0xFF,0xFF,0xFF,0xFF,0xFF,0xFF,0xFF,0xFF,0xFF,0xFF,0xFF,0xFF,0xFF,0xFF,0xFF,
	0xFF,0xFF,0xFF,0xFF,0xFF,0xFF,0xFF,0xFF,0xFF,0x00,0x00,0xFF,0xFF,0xFF,0xFF,0xFF,0xFF,0xFF,0xFF,0xFF,0xFF,0xFF,0xFF,0xFF,0xFF,0xFF,0xFF,0xFF,0xFF,0xFF,0xFF,0xFF,0xFF,0xFF,0xFF,0xFF,0xFF,0x00,0xFF,0xFF,0xFF,0xFF,0xFF,0xFF,0xFF,0xFF,0xFF,0xFF,0xFF,0xFF,0xFF,0xFF,0xFF,0xFF,0xFF,0xFF,0xFF,0xFF,0xFF,0xFF,0xFF,0xFF,0xFF,0xFF,
	0x00,0x00,0xFF,0xFF,0xFF,0xFF,0xFF,0xFF,0xFF,0xFF,0xFF,0xFF,0xFF,0xFF,0xFF,0xFF,0xFF,0xFF,0xFF,0xFF,0xFF,0xFF,0xFF,0xFF,0xFF,0xFF,0xFF,0xFF,0x00,0xFF,0xFF,0xFF,0xFF,0xFF,0xFF,0xFF,0xFF,0xFF,0xFF,0xFF,0xFF,0xFF,0xFF,0xFF,0xFF,0xFF,0xFF,0xFF,0xFF,0xFF,0xFF,0xFF,0xFF,0xFF,0xFF,0x00,0xFF,0xFF,0xFF,0xFF,0xFF,0xFF,0xFF,0xFF,
	0xFF,0xFF,0xFF,0xFF,0xFF,0xFF,0xFF,0xFF,0xFF,0xFF,0xFF,0xFF,0xFF,0xFF,0xFF,0xFF,0xFF,0xFF,0xFF,0x00,0xFF,0xFF,0xFF,0xFF,0xFF,0xFF,0xFF,0xFF,0xFF,0xFF,0xFF,0xFF,0xFF,0xFF,0xFF,0xFF,0xFF,0xFF,0xFF,0xFF,0xFF,0xFF,0xFF,0xFF,0xFF,0xFF,0x00,0xFF,0xFF,0xFF,0xFF,0xFF,0xFF,0xFF,0xFF,0xFF,0xFF,0xFF,0xFF,0xFF,0xFF,0xFF,0xFF,0xFF,
	0xFF,0xFF,0xFF,0xFF,0xFF,0xFF,0xFF,0xFF,0xFF,0xFF,0x00,0xFF,0xFF,0xFF,0xFF,0xFF,0xFF,0xFF,0xFF,0xFF,0xFF,0xFF,0xFF,0xFF,0xFF,0xFF,0xFF,0xFF,0xFF,0xFF,0xFF,0xFF,0xFF,0xFF,0xFF,0xFF,0xFF,0x00,0x00,0xFF,0xFF,0xFF,0xFF,0xFF,0xFF,0xFF,0xFF,0xFF,0xFF,0xFF,0xFF,0xFF,0xFF,0xFF,0xFF,0xFF,0xFF,0xFF,0xFF,0xFF,0xFF,0xFF,0xFF,0xFF,
	0xFF,0x00,0xFF,0xFF,0xFF,0xFF,0xFF,0xFF,0xFF,0xFF,0xFF,0xFF,0xFF,0xFF,0xFF,0xFF,0xFF,0xFF,0xFF,0xFF,0xFF,0xFF,0xFF,0xFF,0xFF,0xFF,0xFF,0xFF,0x00,0x00,0x00,0x00,0x00,0x00,0x00,0x00,0x00,0x00,0xFF,0xFF,0xFF,0xFF,0xFF,0xFF,0x00,0x00,0x00,0x00,0x00,0x00,0x00,0x00,0x00,0x00,0x00,0x00,0x00,0xFF,0xFF,0xFF,0xFF,0xFF,0xFF,0xFF,
	0xFF,0xFF,0xFF,0xFF,0xFF,0xFF,0xFF,0xFF,0xFF,0xFF,0xFF,0xFF,0xFF,0xFF,0xFF,0xFF,0xFF,0xFF,0xFF,0x00,0x00,0x00,0x00,0x00,0x00,0x00,0x00,0x00,0x00,0xFF,0xFF,0xFF,0xFF,0xFF,0xFF,0x00,0x00,0x00,0x00,0x00,0x00,0x00,0x00,0x00,0x00,0x00,0x00,0x00,0xFF,0xFF,0xFF,0xFF,0xFF,0xFF,0xFF,0xFF,0xFF,0xFF,0xFF,0xFF,0xFF,0xFF,0xFF,0xFF,
	0xFF,0xFF,0xFF,0xFF,0xFF,0xFF,0xFF,0xFF,0xFF,0xFF,0x00,0x00,0x00,0x00,0x00,0x00,0x00,0x00,0x00,0xFF,0xFF,0xFF,0xFF,0xFF,0xFF,0xFF,0x00,0x00,0x00,0x00,0x00,0x00,0x00,0x00,0x00,0x00,0x00,0x00,0x00,0xFF,0xFF,0xFF,0xFF,0xFF,0xFF,0xFF,0xFF,0xFF,0xFF,0xFF,0xFF,0xFF,0xFF,0xFF,0xFF,0xFF,0xFF,0xFF,0xFF,0xFF,0xFF,0xFF,0xFF,0xFF,
	0xFF,0x00,0x00,0x00,0x00,0x00,0x00,0x00,0x00,0xFF,0xFF,0xFF,0xFF,0xFF,0xFF,0xFF,0xFF,0x00,0x00,0x00,0x00,0x00,0x00,0x00,0x00,0x00,0x00,0x00,0x00,0x00,0xFF,0xFF,0xFF,0xFF,0xFF,0xFF,0xFF,0xFF,0xFF,0xFF,0xFF,0xFF,0xFF,0xFF,0xFF,0xFF,0xFF,0xFF,0xFF,0xFF,0xFF,0xFF,0xFF,0xFF,0xFF,0xFF,0x00,0x00,0x00,0xFF,0xFF,0xFF,0xFF,0xFF,
	0xFF,0xFF,0xFF,0xFF,0xFF,0xFF,0xFF,0xFF,0xFF,0xFF,0xFF,0xFF,0xFF,0xFF,0xFF,0xFF,0xFF,0x00,0x00,0x00,0x00,0xFF,0xFF,0xFF,0xFF,0xFF,0xFF,0xFF,0xFF,0xFF,0xFF,0xFF,0xFF,0xFF,0xFF,0xFF,0xFF,0xFF,0xFF,0xFF,0xFF,0xFF,0xFF,0xFF,0xFF,0xFF,0xFF,0x00,0x00,0x00,0xFF,0xFF,0xFF,0xFF,0xFF,0xFF,0xFF,0xFF,0xFF,0xFF,0xFF,0xFF,0xFF,0xFF,
	0xFF,0xFF,0xFF,0xFF,0xFF,0xFF,0xFF,0xFF,0xFF,0x00,0x00,0x00,0xFF,0xFF,0xFF,0xFF,0xFF,0xFF,0xFF,0xFF,0xFF,0xFF,0xFF,0xFF,0xFF,0xFF,0xFF,0xFF,0xFF,0xFF,0xFF,0xFF,0xFF,0xFF,0xFF,0xFF,0xFF,0xFF,0x00,0x00,0x00,0xFF,0xFF,0xFF,0xFF,0xFF,0xFF,0xFF,0xFF,0xFF,0xFF,0xFF,0xFF,0xFF,0xFF,0xFF,0xFF,0xFF,0xFF,0xFF,0xFF,0xFF,0xFF,0xFF,
	0x00,0x00,0x00,0xFF,0xFF,0xFF,0xFF,0xFF,0xFF,0xFF,0xFF,0xFF,0xFF,0xFF,0xFF,0xFF,0xFF,0xFF,0xFF,0xFF,0xFF,0xFF,0xFF,0xFF,0xFF,0xFF,0xFF,0xFF,0xFF,0x00,0x00,0x00,0xFF,0xFF,0xFF,0xFF,0xFF,0xFF,0xFF,0xFF,0xFF,0xFF,0xFF,0xFF,0xFF,0xFF,0xFF,0xFF,0xFF,0xFF,0xFF,0xFF,0xFF,0xFF,0xFF,0x00,0x00,0x00,0xFF,0xFF,0xFF,0xFF,0xFF,0xFF,
	0xFF,0xFF,0xFF,0xFF,0xFF,0xFF,0xFF,0xFF,0xFF,0xFF,0xFF,0xFF,0xFF,0xFF,0xFF,0xFF,0xFF,0xFF,0xFF,0xFF,0x00,0x00,0x00,0xFF,0xFF,0xFF,0xFF,0xFF,0xFF,0xFF,0xFF,0xFF,0xFF,0xFF,0xFF,0xFF,0xFF,0xFF,0xFF,0xFF,0xFF,0xFF,0xFF,0xFF,0xFF,0xFF,0x00,0x00,0x00,0xFF,0xFF,0xFF,0xFF,0xFF,0xFF,0xFF,0xFF,0xFF,0xFF,0xFF,0xFF,0xFF,0xFF,0xFF,
	0xFF,0xFF,0xFF,0xFF,0xFF,0xFF,0xFF,0xFF,0xFF,0xFF,0xFF,0x00,0x00,0x00,0xFF,0xFF,0xFF,0xFF,0xFF,0xFF,0xFF,0xFF,0xFF,0xFF,0xFF,0xFF,0xFF,0xFF,0xFF,0xFF,0xFF,0xFF,0xFF,0xFF,0xFF,0xFF,0xFF,0x00,0x00,0x00,0xFF,0xFF,0xFF,0xFF,0xFF,0xFF,0x00,0xFF,0xFF,0xFF,0xFF,0xFF,0xFF,0xFF,0xFF,0xFF,0xFF,0xFF,0xFF,0xFF,0xFF,0xFF,0xFF,0xFF,
	0xFF,0xFF,0x00,0x00,0x00,0x00,0x00,0x00,0x00,0x00,0xFF,0xFF,0xFF,0xFF,0xFF,0xFF,0x00,0x00,0x00,0x00,0x00,0xFF,0xFF,0xFF,0xFF,0xFF,0xFF,0xFF,0x00,0x00,0x00,0xFF,0xFF,0xFF,0xFF,0xFF,0xFF,0xFF,0xFF,0xFF,0xFF,0xFF,0xFF,0xFF,0xFF,0xFF,0xFF,0xFF,0xFF,0xFF,0xFF,0xFF,0xFF,0xFF,0xFF,0xFF,0xFF,0x00,0x00,0x00,0x00,0x00,0x00,0x00,
	0x00,0xFF,0xFF,0xFF,0xFF,0xFF,0xFF,0x00,0x00,0x00,0x00,0x00,0xFF,0xFF,0xFF,0xFF,0xFF,0xFF,0x00,0x00,0x00,0x00,0xFF,0xFF,0xFF,0xFF,0xFF,0xFF,0xFF,0xFF,0xFF,0xFF,0xFF,0xFF,0xFF,0xFF,0xFF,0xFF,0xFF,0xFF,0xFF,0xFF,0xFF,0xFF,0xFF,0xFF,0xFF,0xFF,0x00,0x00,0x00,0x00,0x00,0x00,0x00,0xFF,0xFF,0xFF,0xFF,0xFF,0xFF,0xFF,0x00,0x00,
	0x00,0x00,0x00,0xFF,0xFF,0xFF,0xFF,0xFF,0xFF,0x00,0x00,0x00,0x00,0xFF,0xFF,0xFF,0xFF,0xFF,0xFF,0xFF,0xFF,0xFF,0xFF,0xFF,0xFF,0xFF,0xFF,0xFF,0xFF,0xFF,0xFF,0xFF,0xFF,0xFF,0xFF,0xFF,0xFF,0xFF,0xFF,0x00,0x00,0x00,0x00,0x00,0x00,0x00,0xFF,0xFF,0xFF,0xFF,0xFF,0xFF,0xFF,0x00,0x00,0x00,0x00,0x00,0xFF,0xFF,0xFF,0xFF,0xFF,0xFF,
	0x00,0x00,0x00,0x00,0xFF,0xFF,0xFF,0xFF,0xFF,0xFF,0xFF,0xFF,0xFF,0xFF,0xFF,0xFF,0xFF,0xFF,0xFF,0xFF,0xFF,0xFF,0xFF,0xFF,0xFF,0xFF,0xFF,0xFF,0xFF,0xFF,0x00,0x00,0x00,0x00,0x00,0x00,0x00,0xFF,0xFF,0xFF,0xFF,0xFF,0xFF,0x00,0x00,0x00,0x00,0x00,0x00,0xFF,0xFF,0xFF,0xFF,0xFF,0xFF,0x00,0x00,0x00,0x00,0xFF,0xFF,0xFF,0xFF,0xFF,
	0xFF,0xFF,0xFF,0xFF,0xFF,0xFF,0xFF,0xFF,0xFF,0xFF,0xFF,0xFF,0xFF,0xFF,0xFF,0xFF,0xFF,0xFF,0xFF,0xFF,0xFF,0x00,0xFF,0xFF,0xFF,0xFF,0xFF,0xFF,0xFF,0xFF,0xFF,0xFF,0xFF,0xFF,0xFF,0xFF,0xFF,0xFF,0xFF,0xFF,0xFF,0xFF,0xFF,0xFF,0xFF,0xFF,0xFF,0xFF,0xFF,0xFF,0xFF,0xFF,0xFF,0xFF,0xFF,0xFF,0xFF,0xFF,0xFF,0xFF,0xFF,0xFF,0xFF,0xFF,
	0xFF,0xFF,0xFF,0xFF,0xFF,0xFF,0xFF,0xFF,0xFF,0xFF,0xFF,0xFF,0x00,0xFF,0xFF,0xFF,0xFF,0xFF,0xFF,0xFF,0xFF,0xFF,0xFF,0xFF,0xFF,0xFF,0xFF,0xFF,0xFF,0xFF,0xFF,0xFF,0xFF,0xFF,0xFF,0xFF,0xFF,0xFF,0xFF,0xFF,0xFF,0xFF,0xFF,0xFF,0xFF,0xFF,0xFF,0xFF,0xFF,0xFF,0xFF,0xFF,0xFF,0xFF,0xFF,0xFF,0xFF,0xFF,0xFF,0xFF,0xFF,0xFF,0xFF,0xFF,
	0xFF,0xFF,0xFF,0x00,0xFF,0xFF,0xFF,0xFF,0xFF,0xFF,0xFF,0xFF,0xFF,0xFF,0xFF,0xFF,0xFF,0xFF,0xFF,0xFF,0xFF,0xFF,0xFF,0xFF,0xFF,0xFF,0xFF,0xFF,0xFF,0xFF,0xFF,0xFF,0xFF,0xFF,0xFF,0xFF,0xFF,0x00,0xFF,0xFF,0xFF,0xFF,0xFF,0xFF,0xFF,0xFF,0xFF,0xFF,0xFF,0xFF,0xFF,0xFF,0xFF,0xFF,0xFF,0xFF,0xFF,0xFF,0x00,0xFF,0xFF,0xFF,0xFF,0xFF,
	0xFF,0xFF,0xFF,0xFF,0xFF,0xFF,0xFF,0xFF,0xFF,0xFF,0xFF,0xFF,0xFF,0xFF,0xFF,0xFF,0xFF,0xFF,0xFF,0xFF,0xFF,0xFF,0xFF,0xFF,0xFF,0xFF,0xFF,0xFF,0x00,0x00,0xFF,0xFF,0xFF,0xFF,0xFF,0xFF,0xFF,0xFF,0xFF,0xFF,0xFF,0xFF,0xFF,0xFF,0xFF,0xFF,0xFF,0xFF,0xFF,0x00,0xFF,0xFF,0xFF,0xFF,0xFF,0xFF,0xFF,0xFF,0xFF,0xFF,0xFF,0xFF,0xFF,0xFF,
	0xFF,0xFF,0xFF,0xFF,0xFF,0xFF,0xFF,0xFF,0xFF,0xFF,0xFF,0xFF,0xFF,0xFF,0xFF,0xFF,0xFF,0xFF,0xFF,0x00,0x00,0x00,0x00,0x00,0x00,0x00,0x00,0x00,0x00,0x00,0xFF,0xFF,0xFF,0xFF,0xFF,0xFF,0xFF,0xFF,0xFF,0x00,0x00,0xFF,0xFF,0xFF,0xFF,0xFF,0xFF,0xFF,0xFF,0xFF,0xFF,0xFF,0xFF,0xFF,0xFF,0xFF,0xFF,0xFF,0xFF,0xFF,0xFF,0xFF,0xFF,0xFF,
	0xFF,0xFF,0xFF,0xFF,0xFF,0xFF,0xFF,0xFF,0xFF,0x00,0x00,0x00,0x00,0x00,0x00,0x00,0x00,0x00,0x00,0x00,0x00,0xFF,0xFF,0xFF,0xFF,0xFF,0xFF,0xFF,0xFF,0x00,0x00,0x00,0x00,0x00,0x00,0x00,0x00,0x00,0x00,0x00,0x00,0x00,0x00,0x00,0x00,0x00,0x00,0x00,0x00,0x00,0x00,0x00,0x00,0x00,0x00,0x00,0x00,0x00,0x00,
    };
        


const lv_img_dsc_t face_1891_2_390_dial_img_11_45662_4 = {
    .header.magic = LV_IMAGE_HEADER_MAGIC,
    .header.w = 55,
    .header.h = 29,
    .data_size = sizeof(face_1891_2_390_dial_img_11_45662_data_4),
    .header.cf = LV_COLOR_FORMAT_RGB565A8,
    .data = face_1891_2_390_dial_img_11_45662_data_4};

    
// LVGL 9 format (RGB565) // LVGL_9 compatible 
const LV_ATTRIBUTE_MEM_ALIGN uint8_t face_1891_2_390_dial_img_11_45662_data_5[] = {
	//RGB565 data 
	0x20,0x00,0xC3,0x18,0xC3,0x18,0x20,0x00,0x00,0x00,0x00,0x00,0x00,0x00,0x00,0x00,0x00,0x00,0x00,0x00,0x00,0x00,0x00,0x00,0x00,0x00,0x00,0x00,0x00,0x00,0x00,0x00,0x00,0x00,0x00,0x00,0xC3,0x18,0xC3,0x18,0xC3,0x18,0xC3,0x18,0x20,0x00,0x20,0x00,0x00,0x00,0x00,0x00,0x00,0x00,0x00,0x00,0x00,0x00,0x00,0x00,0x00,0x00,0x00,0x00,
	0x00,0x00,0x00,0x00,0x00,0x00,0x00,0x00,0x00,0x00,0x00,0x00,0x00,0x00,0x00,0x00,0x00,0x00,0x00,0x00,0x00,0x00,0x00,0x00,0x00,0x00,0x00,0x00,0x00,0x00,0x00,0x00,0x00,0x00,0x00,0x00,0x00,0x00,0x00,0x00,0x00,0x00,0x00,0x00,0x00,0x00,0x00,0x00,0x00,0x00,0x00,0x00,0xC3,0x18,0xA6,0x31,0xA6,0x31,0xA6,0x31,0xA6,0x31,0xA6,0x31,
	0xA6,0x31,0xA6,0x31,0xA6,0x31,0xA6,0x31,0xA6,0x31,0xA6,0x31,0xA6,0x31,0xA6,0x31,0xA6,0x31,0xC3,0x18,0xC3,0x18,0xC3,0x18,0xC3,0x18,0xC3,0x18,0xC3,0x18,0xC3,0x18,0xC3,0x18,0x00,0x00,0x00,0x00,0x00,0x00,0x00,0x00,0x00,0x00,0x00,0x00,0x00,0x00,0x00,0x00,0x00,0x00,0x00,0x00,0x00,0x00,0x00,0x00,0x20,0x00,0xA6,0x31,0xAA,0x52,
	0xAA,0x52,0xAA,0x52,0xA6,0x31,0x00,0x00,0x00,0x00,0x00,0x00,0x00,0x00,0x00,0x00,0x00,0x00,0x00,0x00,0x00,0x00,0x00,0x00,0x00,0x00,0x00,0x00,0x00,0x00,0x20,0x00,0xC3,0x18,0xAE,0x73,0x71,0x8C,0x71,0x8C,0x71,0x8C,0x71,0x8C,0x71,0x8C,0x71,0x8C,0x71,0x8C,0x71,0x8C,0x71,0x8C,0x71,0x8C,0x71,0x8C,0x71,0x8C,0x71,0x8C,0x71,0x8C,
	0x71,0x8C,0x71,0x8C,0x71,0x8C,0x71,0x8C,0x71,0x8C,0x71,0x8C,0xAA,0x52,0xA6,0x31,0x20,0x00,0x00,0x00,0x00,0x00,0x00,0x00,0x00,0x00,0x00,0x00,0x00,0x00,0x00,0x00,0x00,0x00,0x00,0x00,0x00,0x00,0x00,0x00,0xC3,0x18,0x71,0x8C,0x7A,0xD6,0x7D,0xEF,0x7D,0xEF,0x71,0x8C,0x00,0x00,0x00,0x00,0x00,0x00,0x00,0x00,0x00,0x00,0x00,0x00,
	0x00,0x00,0x00,0x00,0x00,0x00,0x00,0x00,0x00,0x00,0x00,0x00,0x20,0x00,0xA6,0x31,0x96,0xB5,0x1C,0xE7,0x1C,0xE7,0x1C,0xE7,0x7D,0xEF,0x1C,0xE7,0x1C,0xE7,0x1C,0xE7,0x1C,0xE7,0x1C,0xE7,0x1C,0xE7,0x1C,0xE7,0x1C,0xE7,0x1C,0xE7,0x7D,0xEF,0x1C,0xE7,0x7D,0xEF,0x1C,0xE7,0x1C,0xE7,0x1C,0xE7,0x1C,0xE7,0x71,0x8C,0xAA,0x52,0x20,0x00,
	0x00,0x00,0x00,0x00,0x00,0x00,0x00,0x00,0x00,0x00,0x00,0x00,0x00,0x00,0x00,0x00,0x00,0x00,0x00,0x00,0x00,0x00,0xC3,0x18,0xAE,0x73,0x7A,0xD6,0xFF,0xFF,0xFF,0xFF,0x96,0xB5,0xC3,0x18,0x00,0x00,0x00,0x00,0x00,0x00,0x00,0x00,0x00,0x00,0x00,0x00,0x00,0x00,0x00,0x00,0x00,0x00,0x00,0x00,0x00,0x00,0xC3,0x18,0xAA,0x52,0x7A,0xD6,
	0xFF,0xFF,0xFF,0xFF,0xDF,0xFF,0x7D,0xEF,0x7D,0xEF,0x7D,0xEF,0x7D,0xEF,0x7D,0xEF,0xFF,0xFF,0xFF,0xFF,0xFF,0xFF,0xFF,0xFF,0x7D,0xEF,0x7D,0xEF,0x7D,0xEF,0x7D,0xEF,0x7D,0xEF,0xDF,0xFF,0xFF,0xFF,0xFF,0xFF,0x96,0xB5,0xAA,0x52,0x20,0x00,0x00,0x00,0x00,0x00,0x00,0x00,0x00,0x00,0x00,0x00,0x00,0x00,0x00,0x00,0x00,0x00,0x00,0x00,
	0x00,0x00,0x00,0x00,0x20,0x00,0xAA,0x52,0x96,0xB5,0xFF,0xFF,0xFF,0xFF,0x96,0xB5,0xA6,0x31,0x20,0x00,0x00,0x00,0x00,0x00,0x00,0x00,0x00,0x00,0x00,0x00,0x00,0x00,0x00,0x00,0x00,0x00,0x00,0x00,0x00,0x00,0xC3,0x18,0xAA,0x52,0x38,0xC6,0xFF,0xFF,0xFF,0xFF,0x38,0xC6,0x71,0x8C,0x71,0x8C,0x71,0x8C,0x71,0x8C,0x96,0xB5,0x7A,0xD6,
	0xFF,0xFF,0xFF,0xFF,0x1C,0xE7,0x96,0xB5,0x71,0x8C,0x71,0x8C,0x71,0x8C,0x71,0x8C,0x38,0xC6,0x7D,0xEF,0xFF,0xFF,0x96,0xB5,0xAA,0x52,0x20,0x00,0x00,0x00,0x00,0x00,0x00,0x00,0x00,0x00,0x00,0x00,0x00,0x00,0x00,0x00,0x00,0x00,0x00,0x00,0x00,0x00,0x00,0x00,0x00,0x00,0xC3,0x18,0x71,0x8C,0xFF,0xFF,0xFF,0xFF,0x7A,0xD6,0xAE,0x73,
	0xC3,0x18,0x00,0x00,0x00,0x00,0x00,0x00,0x00,0x00,0x00,0x00,0x00,0x00,0x00,0x00,0x00,0x00,0x00,0x00,0x00,0x00,0xC3,0x18,0xAA,0x52,0x38,0xC6,0xFF,0xFF,0xFF,0xFF,0x71,0x8C,0xA6,0x31,0xA6,0x31,0xAA,0x52,0xAA,0x52,0xAE,0x73,0x38,0xC6,0xDF,0xFF,0xDF,0xFF,0x7A,0xD6,0xAE,0x73,0xA6,0x31,0xAA,0x52,0xA6,0x31,0xAA,0x52,0x71,0x8C,
	0x7A,0xD6,0xFF,0xFF,0x96,0xB5,0xAA,0x52,0x20,0x00,0x00,0x00,0x20,0x00,0xC3,0x18,0xA6,0x31,0xA6,0x31,0xA6,0x31,0xA6,0x31,0xA6,0x31,0xA6,0x31,0xA6,0x31,0xA6,0x31,0xA6,0x31,0xA6,0x31,0x96,0xB5,0xFF,0xFF,0xFF,0xFF,0x1C,0xE7,0x96,0xB5,0xAA,0x52,0xA6,0x31,0xA6,0x31,0xA6,0x31,0xA6,0x31,0xA6,0x31,0xA6,0x31,0xA6,0x31,0xA6,0x31,
	0xA6,0x31,0x00,0x00,0xC3,0x18,0xAA,0x52,0x38,0xC6,0xFF,0xFF,0xFF,0xFF,0xAE,0x73,0x20,0x00,0xA6,0x31,0xAA,0x52,0xAA,0x52,0x71,0x8C,0x38,0xC6,0xDF,0xFF,0xDF,0xFF,0x7A,0xD6,0xAE,0x73,0xAA,0x52,0xAA,0x52,0xA6,0x31,0xA6,0x31,0xAE,0x73,0x38,0xC6,0xFF,0xFF,0x96,0xB5,0xAA,0x52,0x20,0x00,0x00,0x00,0x20,0x00,0xAA,0x52,0x71,0x8C,
	0x71,0x8C,0x71,0x8C,0x71,0x8C,0x71,0x8C,0x71,0x8C,0x71,0x8C,0x71,0x8C,0x71,0x8C,0x71,0x8C,0x7A,0xD6,0xFF,0xFF,0xFF,0xFF,0xDF,0xFF,0x1C,0xE7,0x96,0xB5,0x71,0x8C,0x71,0x8C,0x71,0x8C,0x71,0x8C,0x71,0x8C,0x71,0x8C,0x71,0x8C,0x71,0x8C,0x71,0x8C,0x00,0x00,0xC3,0x18,0xAA,0x52,0x38,0xC6,0xFF,0xFF,0xFF,0xFF,0x71,0x8C,0xA6,0x31,
	0x38,0xC6,0x1C,0xE7,0x1C,0xE7,0x7D,0xEF,0xDF,0xFF,0xFF,0xFF,0xFF,0xFF,0xDF,0xFF,0x7D,0xEF,0x1C,0xE7,0x1C,0xE7,0x96,0xB5,0xAE,0x73,0xAE,0x73,0x96,0xB5,0xFF,0xFF,0x96,0xB5,0xAA,0x52,0x20,0x00,0x00,0x00,0x20,0x00,0x71,0x8C,0x7A,0xD6,0x7D,0xEF,0x7D,0xEF,0x7D,0xEF,0x7D,0xEF,0x7D,0xEF,0x7D,0xEF,0x7D,0xEF,0x7D,0xEF,0x7D,0xEF,
	0xDF,0xFF,0xFF,0xFF,0xFF,0xFF,0xFF,0xFF,0xFF,0xFF,0x7D,0xEF,0x7D,0xEF,0x7D,0xEF,0x7D,0xEF,0x7D,0xEF,0x7D,0xEF,0x7D,0xEF,0x7D,0xEF,0x7D,0xEF,0x7D,0xEF,0x00,0x00,0xC3,0x18,0xAA,0x52,0x38,0xC6,0xFF,0xFF,0xFF,0xFF,0x71,0x8C,0xA6,0x31,0x96,0xB5,0x1C,0xE7,0x1C,0xE7,0x7D,0xEF,0xDF,0xFF,0xFF,0xFF,0xFF,0xFF,0xDF,0xFF,0x1C,0xE7,
	0x1C,0xE7,0x1C,0xE7,0x96,0xB5,0xAE,0x73,0xAE,0x73,0x96,0xB5,0xFF,0xFF,0x96,0xB5,0xAA,0x52,0x20,0x00,0x00,0x00,0x20,0x00,0x71,0x8C,0x1C,0xE7,0xDF,0xFF,0xFF,0xFF,0xDF,0xFF,0xDF,0xFF,0xDF,0xFF,0xDF,0xFF,0xDF,0xFF,0xDF,0xFF,0xDF,0xFF,0xDF,0xFF,0x7D,0xEF,0x7D,0xEF,0x7D,0xEF,0xDF,0xFF,0xDF,0xFF,0xFF,0xFF,0xDF,0xFF,0xDF,0xFF,
	0xDF,0xFF,0xDF,0xFF,0xDF,0xFF,0xDF,0xFF,0xDF,0xFF,0xDF,0xFF,0x00,0x00,0xC3,0x18,0xAA,0x52,0x38,0xC6,0xFF,0xFF,0xFF,0xFF,0x71,0x8C,0xC3,0x18,0xAE,0x73,0x71,0x8C,0xAE,0x73,0x96,0xB5,0x7A,0xD6,0xDF,0xFF,0xFF,0xFF,0x1C,0xE7,0x71,0x8C,0xAE,0x73,0x71,0x8C,0xAA,0x52,0xA6,0x31,0xAE,0x73,0x38,0xC6,0xFF,0xFF,0x96,0xB5,0xAA,0x52,
	0x20,0x00,0x00,0x00,0x20,0x00,0xAE,0x73,0x96,0xB5,0x38,0xC6,0x38,0xC6,0x38,0xC6,0x38,0xC6,0x38,0xC6,0x38,0xC6,0x38,0xC6,0x38,0xC6,0x38,0xC6,0x38,0xC6,0x38,0xC6,0x38,0xC6,0x38,0xC6,0x38,0xC6,0x38,0xC6,0x38,0xC6,0x38,0xC6,0x38,0xC6,0x38,0xC6,0x38,0xC6,0x38,0xC6,0x38,0xC6,0x38,0xC6,0x38,0xC6,0x00,0x00,0xC3,0x18,0xAA,0x52,
	0x38,0xC6,0xFF,0xFF,0xFF,0xFF,0x71,0x8C,0xC3,0x18,0xA6,0x31,0xA6,0x31,0xA6,0x31,0xAE,0x73,0x38,0xC6,0xDF,0xFF,0xDF,0xFF,0x7A,0xD6,0xAE,0x73,0xA6,0x31,0xA6,0x31,0xA6,0x31,0xA6,0x31,0xAE,0x73,0x38,0xC6,0xFF,0xFF,0x96,0xB5,0xAA,0x52,0x20,0x00,0x00,0x00,0x00,0x00,0xC3,0x18,0xA6,0x31,0xA6,0x31,0xA6,0x31,0xA6,0x31,0xA6,0x31,
	0xA6,0x31,0xA6,0x31,0xA6,0x31,0xA6,0x31,0xA6,0x31,0xA6,0x31,0xA6,0x31,0xA6,0x31,0xA6,0x31,0xA6,0x31,0xA6,0x31,0xA6,0x31,0xA6,0x31,0xA6,0x31,0xA6,0x31,0xA6,0x31,0xA6,0x31,0xA6,0x31,0xA6,0x31,0xA6,0x31,0x00,0x00,0xC3,0x18,0xAA,0x52,0x38,0xC6,0xFF,0xFF,0xFF,0xFF,0x96,0xB5,0xAA,0x52,0xAA,0x52,0xAE,0x73,0xAE,0x73,0x71,0x8C,
	0x7A,0xD6,0xFF,0xFF,0xFF,0xFF,0x7A,0xD6,0x71,0x8C,0xAA,0x52,0xAE,0x73,0xAE,0x73,0xAE,0x73,0x71,0x8C,0x7A,0xD6,0xFF,0xFF,0x96,0xB5,0xAA,0x52,0x20,0x00,0x00,0x00,0x00,0x00,0x00,0x00,0x00,0x00,0x00,0x00,0x00,0x00,0x00,0x00,0x00,0x00,0x00,0x00,0x20,0x00,0xC3,0x18,0xC3,0x18,0x20,0x00,0x00,0x00,0x00,0x00,0x00,0x00,0x00,0x00,
	0x00,0x00,0x20,0x00,0xC3,0x18,0xC3,0x18,0x20,0x00,0x00,0x00,0x00,0x00,0x00,0x00,0x00,0x00,0x00,0x00,0x00,0x00,0x00,0x00,0xC3,0x18,0xAA,0x52,0x38,0xC6,0xFF,0xFF,0xFF,0xFF,0x7A,0xD6,0x38,0xC6,0x1C,0xE7,0xDF,0xFF,0xDF,0xFF,0xDF,0xFF,0xFF,0xFF,0xFF,0xFF,0xFF,0xFF,0xFF,0xFF,0xDF,0xFF,0x7D,0xEF,0xDF,0xFF,0xDF,0xFF,0x7D,0xEF,
	0x38,0xC6,0x1C,0xE7,0xFF,0xFF,0x96,0xB5,0xAA,0x52,0x20,0x00,0x00,0x00,0x00,0x00,0x00,0x00,0x00,0x00,0x00,0x00,0x00,0x00,0x00,0x00,0x00,0x00,0xA6,0x31,0xAE,0x73,0x71,0x8C,0x71,0x8C,0xAA,0x52,0xC3,0x18,0x00,0x00,0x00,0x00,0x00,0x00,0xC3,0x18,0xAE,0x73,0x38,0xC6,0x96,0xB5,0xAA,0x52,0x00,0x00,0x00,0x00,0x00,0x00,0x00,0x00,
	0x00,0x00,0x00,0x00,0x00,0x00,0xC3,0x18,0xAA,0x52,0x38,0xC6,0xFF,0xFF,0xFF,0xFF,0x7A,0xD6,0x96,0xB5,0x38,0xC6,0x38,0xC6,0x38,0xC6,0x38,0xC6,0x38,0xC6,0x38,0xC6,0x38,0xC6,0x38,0xC6,0x38,0xC6,0x38,0xC6,0x38,0xC6,0x7A,0xD6,0x7A,0xD6,0x96,0xB5,0x7A,0xD6,0xFF,0xFF,0x96,0xB5,0xAA,0x52,0x20,0x00,0x00,0x00,0x00,0x00,0x00,0x00,
	0x00,0x00,0x00,0x00,0x00,0x00,0x00,0x00,0x00,0x00,0xAA,0x52,0x38,0xC6,0x1C,0xE7,0x1C,0xE7,0x96,0xB5,0xAA,0x52,0x00,0x00,0x00,0x00,0xC3,0x18,0xAA,0x52,0x38,0xC6,0xDF,0xFF,0xDF,0xFF,0x71,0x8C,0xA6,0x31,0x20,0x00,0x00,0x00,0x00,0x00,0x00,0x00,0x00,0x00,0x00,0x00,0xC3,0x18,0xAA,0x52,0x38,0xC6,0xFF,0xFF,0xFF,0xFF,0x96,0xB5,
	0xAA,0x52,0xAE,0x73,0x71,0x8C,0xAE,0x73,0xAE,0x73,0xAE,0x73,0xAE,0x73,0xAE,0x73,0xAE,0x73,0xAE,0x73,0x71,0x8C,0x71,0x8C,0xAE,0x73,0xAE,0x73,0x71,0x8C,0x7A,0xD6,0xFF,0xFF,0x96,0xB5,0xAA,0x52,0x20,0x00,0x00,0x00,0x00,0x00,0x00,0x00,0x00,0x00,0x00,0x00,0x00,0x00,0x00,0x00,0x20,0x00,0xAE,0x73,0x7D,0xEF,0xFF,0xFF,0xFF,0xFF,
	0x7D,0xEF,0xAA,0x52,0x00,0x00,0x00,0x00,0xA6,0x31,0x71,0x8C,0x1C,0xE7,0xFF,0xFF,0xFF,0xFF,0x7A,0xD6,0xAE,0x73,0xC3,0x18,0x00,0x00,0x00,0x00,0x00,0x00,0x00,0x00,0x00,0x00,0xC3,0x18,0xAA,0x52,0x38,0xC6,0xFF,0xFF,0xFF,0xFF,0xAE,0x73,0xC3,0x18,0x71,0x8C,0x38,0xC6,0x96,0xB5,0x96,0xB5,0x96,0xB5,0x96,0xB5,0x96,0xB5,0x96,0xB5,
	0x96,0xB5,0x96,0xB5,0x96,0xB5,0xAE,0x73,0xA6,0x31,0xAE,0x73,0x38,0xC6,0xFF,0xFF,0x96,0xB5,0xAA,0x52,0x20,0x00,0x00,0x00,0x00,0x00,0x00,0x00,0x00,0x00,0x00,0x00,0x00,0x00,0x20,0x00,0xA6,0x31,0x71,0x8C,0xFF,0xFF,0xFF,0xFF,0x7D,0xEF,0x71,0x8C,0xA6,0x31,0x00,0x00,0x00,0x00,0x20,0x00,0xA6,0x31,0x38,0xC6,0xFF,0xFF,0xFF,0xFF,
	0xDF,0xFF,0x7A,0xD6,0xA6,0x31,0x00,0x00,0x00,0x00,0x00,0x00,0x00,0x00,0x00,0x00,0xC3,0x18,0xAA,0x52,0x7A,0xD6,0xFF,0xFF,0xDF,0xFF,0xAA,0x52,0x00,0x00,0x96,0xB5,0x1C,0xE7,0x1C,0xE7,0x1C,0xE7,0x1C,0xE7,0x1C,0xE7,0x1C,0xE7,0x1C,0xE7,0x1C,0xE7,0x1C,0xE7,0x1C,0xE7,0xAE,0x73,0xA6,0x31,0xAE,0x73,0x38,0xC6,0xFF,0xFF,0x96,0xB5,
	0xAA,0x52,0x20,0x00,0x00,0x00,0x00,0x00,0x00,0x00,0x00,0x00,0x00,0x00,0x00,0x00,0xC3,0x18,0xAE,0x73,0x7A,0xD6,0xFF,0xFF,0xFF,0xFF,0x7A,0xD6,0xAA,0x52,0xC3,0x18,0x00,0x00,0x00,0x00,0x00,0x00,0x00,0x00,0xAE,0x73,0x7A,0xD6,0xFF,0xFF,0xFF,0xFF,0xDF,0xFF,0xAE,0x73,0xC3,0x18,0x00,0x00,0x00,0x00,0x00,0x00,0x00,0x00,0xC3,0x18,
	0xAA,0x52,0x7A,0xD6,0xFF,0xFF,0x1C,0xE7,0xAA,0x52,0x20,0x00,0x38,0xC6,0xFF,0xFF,0xFF,0xFF,0xFF,0xFF,0xFF,0xFF,0xFF,0xFF,0xFF,0xFF,0xFF,0xFF,0xFF,0xFF,0xFF,0xFF,0xFF,0xFF,0x71,0x8C,0xA6,0x31,0xAE,0x73,0x38,0xC6,0xFF,0xFF,0x96,0xB5,0xAA,0x52,0x20,0x00,0x00,0x00,0x00,0x00,0x00,0x00,0x00,0x00,0x00,0x00,0x00,0x00,0xC3,0x18,
	0x38,0xC6,0xFF,0xFF,0xFF,0xFF,0xFF,0xFF,0x96,0xB5,0xC3,0x18,0x00,0x00,0x00,0x00,0x00,0x00,0x00,0x00,0x00,0x00,0xA6,0x31,0xAE,0x73,0x7D,0xEF,0xFF,0xFF,0xDF,0xFF,0x38,0xC6,0xAE,0x73,0x00,0x00,0x00,0x00,0x00,0x00,0x00,0x00,0xC3,0x18,0xAE,0x73,0x1C,0xE7,0xFF,0xFF,0x7A,0xD6,0xAA,0x52,0x20,0x00,0x38,0xC6,0xFF,0xFF,0xFF,0xFF,
	0x7A,0xD6,0x96,0xB5,0x96,0xB5,0x96,0xB5,0x96,0xB5,0x1C,0xE7,0xFF,0xFF,0xFF,0xFF,0x71,0x8C,0xA6,0x31,0xAE,0x73,0x38,0xC6,0xFF,0xFF,0x96,0xB5,0xAA,0x52,0x20,0x00,0x00,0x00,0x00,0x00,0x00,0x00,0x00,0x00,0x00,0x00,0xC3,0x18,0xAA,0x52,0x1C,0xE7,0xFF,0xFF,0xFF,0xFF,0x7A,0xD6,0xAE,0x73,0x20,0x00,0x00,0x00,0x00,0x00,0x00,0x00,
	0x00,0x00,0x00,0x00,0x20,0x00,0xA6,0x31,0x7A,0xD6,0xDF,0xFF,0xFF,0xFF,0x7D,0xEF,0x96,0xB5,0xC3,0x18,0x20,0x00,0x00,0x00,0x00,0x00,0xA6,0x31,0x71,0x8C,0x1C,0xE7,0xFF,0xFF,0x7A,0xD6,0xAA,0x52,0x20,0x00,0x38,0xC6,0xFF,0xFF,0xFF,0xFF,0x96,0xB5,0xAA,0x52,0xAE,0x73,0xAA,0x52,0xAE,0x73,0x38,0xC6,0xDF,0xFF,0xFF,0xFF,0x71,0x8C,
	0xA6,0x31,0xAE,0x73,0x38,0xC6,0xFF,0xFF,0x96,0xB5,0xAA,0x52,0x20,0x00,0x00,0x00,0x00,0x00,0x00,0x00,0x00,0x00,0x00,0x00,0xAA,0x52,0x71,0x8C,0x7D,0xEF,0xFF,0xFF,0xDF,0xFF,0x71,0x8C,0xA6,0x31,0x00,0x00,0x00,0x00,0x00,0x00,0x00,0x00,0x00,0x00,0x00,0x00,0x00,0x00,0xC3,0x18,0x71,0x8C,0x1C,0xE7,0xFF,0xFF,0xFF,0xFF,0x7A,0xD6,
	0xAA,0x52,0xC3,0x18,0x00,0x00,0x00,0x00,0xA6,0x31,0x96,0xB5,0x7D,0xEF,0xDF,0xFF,0x38,0xC6,0xA6,0x31,0x20,0x00,0x38,0xC6,0xFF,0xFF,0xFF,0xFF,0x71,0x8C,0xA6,0x31,0xA6,0x31,0xA6,0x31,0xA6,0x31,0x96,0xB5,0x7D,0xEF,0xFF,0xFF,0x71,0x8C,0xA6,0x31,0xAE,0x73,0x38,0xC6,0xFF,0xFF,0x96,0xB5,0xAA,0x52,0x20,0x00,0x00,0x00,0x00,0x00,
	0x00,0x00,0x00,0x00,0x20,0x00,0x71,0x8C,0x7D,0xEF,0xFF,0xFF,0xFF,0xFF,0xDF,0xFF,0xAA,0x52,0x20,0x00,0x00,0x00,0x00,0x00,0x00,0x00,0x00,0x00,0x00,0x00,0x00,0x00,0x00,0x00,0x20,0x00,0xA6,0x31,0x96,0xB5,0xFF,0xFF,0xFF,0xFF,0x7D,0xEF,0x96,0xB5,0xA6,0x31,0x00,0x00,0x00,0x00,0xAA,0x52,0x7A,0xD6,0xDF,0xFF,0x7D,0xEF,0x96,0xB5,
	0xA6,0x31,0xC3,0x18,0x7A,0xD6,0xFF,0xFF,0xFF,0xFF,0x38,0xC6,0x71,0x8C,0x71,0x8C,0x71,0x8C,0x71,0x8C,0x7A,0xD6,0xDF,0xFF,0xFF,0xFF,0x71,0x8C,0xA6,0x31,0xAE,0x73,0x38,0xC6,0xFF,0xFF,0x96,0xB5,0xAA,0x52,0x20,0x00,0x00,0x00,0x00,0x00,0x00,0x00,0x20,0x00,0xA6,0x31,0x38,0xC6,0xFF,0xFF,0xFF,0xFF,0x1C,0xE7,0x96,0xB5,0xA6,0x31,
	0x00,0x00,0x00,0x00,0x00,0x00,0x00,0x00,0x00,0x00,0x00,0x00,0x00,0x00,0x00,0x00,0x00,0x00,0xC3,0x18,0xAE,0x73,0x7D,0xEF,0xDF,0xFF,0xFF,0xFF,0x7D,0xEF,0xAE,0x73,0xC3,0x18,0x20,0x00,0xAA,0x52,0xFF,0xFF,0xFF,0xFF,0x1C,0xE7,0xAE,0x73,0xC3,0x18,0xC3,0x18,0x38,0xC6,0xFF,0xFF,0xFF,0xFF,0xFF,0xFF,0xFF,0xFF,0xFF,0xFF,0xFF,0xFF,
	0xFF,0xFF,0xFF,0xFF,0xFF,0xFF,0xFF,0xFF,0x71,0x8C,0xA6,0x31,0xAE,0x73,0x7A,0xD6,0xFF,0xFF,0x96,0xB5,0xAA,0x52,0x20,0x00,0x00,0x00,0x00,0x00,0x00,0x00,0xA6,0x31,0x71,0x8C,0x1C,0xE7,0xFF,0xFF,0xFF,0xFF,0x96,0xB5,0xAA,0x52,0xC3,0x18,0x00,0x00,0x00,0x00,0x00,0x00,0x00,0x00,0x00,0x00,0x00,0x00,0x00,0x00,0x00,0x00,0x00,0x00,
	0x00,0x00,0xAA,0x52,0x96,0xB5,0x7D,0xEF,0xFF,0xFF,0xFF,0xFF,0x71,0x8C,0xA6,0x31,0xA6,0x31,0x71,0x8C,0xFF,0xFF,0xFF,0xFF,0x7A,0xD6,0xA6,0x31,0x20,0x00,0xC3,0x18,0x96,0xB5,0x7D,0xEF,0x1C,0xE7,0x1C,0xE7,0x1C,0xE7,0x1C,0xE7,0x1C,0xE7,0x1C,0xE7,0x7D,0xEF,0xDF,0xFF,0xFF,0xFF,0x71,0x8C,0xAA,0x52,0x96,0xB5,0x7D,0xEF,0xFF,0xFF,
	0x96,0xB5,0xAA,0x52,0x20,0x00,0x00,0x00,0x00,0x00,0xC3,0x18,0xAE,0x73,0x1C,0xE7,0xDF,0xFF,0xFF,0xFF,0x7D,0xEF,0x71,0x8C,0xC3,0x18,0x20,0x00,0x00,0x00,0x00,0x00,0x00,0x00,0x00,0x00,0x00,0x00,0x00,0x00,0x00,0x00,0x00,0x00,0x00,0x00,0x00,0x00,0xC3,0x18,0xAA,0x52,0x1C,0xE7,0xFF,0xFF,0xFF,0xFF,0x38,0xC6,0x71,0x8C,0x71,0x8C,
	0x38,0xC6,0xFF,0xFF,0xDF,0xFF,0x96,0xB5,0xC3,0x18,0x00,0x00,0x20,0x00,0xAE,0x73,0x71,0x8C,0x71,0x8C,0x71,0x8C,0x71,0x8C,0x71,0x8C,0x71,0x8C,0x71,0x8C,0x71,0x8C,0x38,0xC6,0xFF,0xFF,0x38,0xC6,0x96,0xB5,0x1C,0xE7,0xFF,0xFF,0xFF,0xFF,0x96,0xB5,0xAA,0x52,0x20,0x00,0x00,0x00,0x20,0x00,0xAA,0x52,0x96,0xB5,0xFF,0xFF,0xFF,0xFF,
	0xDF,0xFF,0x96,0xB5,0xAA,0x52,0x00,0x00,0x00,0x00,0x00,0x00,0x00,0x00,0x00,0x00,0x00,0x00,0x00,0x00,0x00,0x00,0x00,0x00,0x00,0x00,0x00,0x00,0x00,0x00,0x00,0x00,0xC3,0x18,0x96,0xB5,0x7D,0xEF,0xFF,0xFF,0x7D,0xEF,0x1C,0xE7,0x1C,0xE7,0x7D,0xEF,0xFF,0xFF,0x1C,0xE7,0x71,0x8C,0x20,0x00,0x00,0x00,0x00,0x00,0x20,0x00,0x20,0x00,
	0x20,0x00,0x20,0x00,0x20,0x00,0x20,0x00,0x20,0x00,0x20,0x00,0xC3,0x18,0xAE,0x73,0xDF,0xFF,0xFF,0xFF,0xFF,0xFF,0xFF,0xFF,0xFF,0xFF,0xFF,0xFF,0x71,0x8C,0xA6,0x31,0x20,0x00,0x00,0x00,0x20,0x00,0x71,0x8C,0x1C,0xE7,0xFF,0xFF,0xFF,0xFF,0x1C,0xE7,0xAA,0x52,0xC3,0x18,0x00,0x00,0x00,0x00,0x00,0x00,0x00,0x00,0x00,0x00,0x00,0x00,
	0x00,0x00,0x00,0x00,0x00,0x00,0x00,0x00,0x00,0x00,0x00,0x00,0x00,0x00,0x20,0x00,0xAE,0x73,0x7A,0xD6,0xFF,0xFF,0xFF,0xFF,0xDF,0xFF,0x71,0x8C,0x38,0xC6,0xDF,0xFF,0x96,0xB5,0xAA,0x52,0x20,0x00,0x00,0x00,0x00,0x00,0x00,0x00,0x00,0x00,0x00,0x00,0x00,0x00,0x00,0x00,0x00,0x00,0x00,0x00,0x00,0x00,0x00,0x00,0xAA,0x52,0x1C,0xE7,
	0xDF,0xFF,0x7D,0xEF,0x1C,0xE7,0x7A,0xD6,0x96,0xB5,0xAA,0x52,0xC3,0x18,0x00,0x00,0x00,0x00,0x20,0x00,0xA6,0x31,0xAE,0x73,0x38,0xC6,0x38,0xC6,0x71,0x8C,0xC3,0x18,0x00,0x00,0x00,0x00,0x00,0x00,0x00,0x00,0x00,0x00,0x00,0x00,0x00,0x00,0x00,0x00,0x00,0x00,0x00,0x00,0x00,0x00,0x00,0x00,0x00,0x00,0x00,0x00,0x20,0x00,0xAA,0x52,
	0x71,0x8C,0x38,0xC6,0x71,0x8C,0xAE,0x73,0xC3,0x18,0xAE,0x73,0x96,0xB5,0xAE,0x73,0xC3,0x18,0x00,0x00,0x00,0x00,0x00,0x00,0x00,0x00,0x00,0x00,0x00,0x00,0x00,0x00,0x00,0x00,0x00,0x00,0x00,0x00,0x00,0x00,0x00,0x00,0xA6,0x31,0x71,0x8C,0x96,0xB5,0x96,0xB5,0x71,0x8C,0xAE,0x73,0xAA,0x52,0xC3,0x18,0x00,0x00,0x00,0x00,0x00,0x00,
	0x00,0x00,0x00,0x00,0xC3,0x18,0xAE,0x73,0xAE,0x73,0xAA,0x52,0x20,0x00,0x00,0x00,0x00,0x00,0x00,0x00,0x00,0x00,0x00,0x00,0x00,0x00,0x00,0x00,0x00,0x00,0x00,0x00,0x00,0x00,0x00,0x00,0x00,0x00,0x00,0x00,0x00,0x00,0x00,0x00,0xC3,0x18,0xAA,0x52,0xAE,0x73,0xA6,0x31,0x00,0x00,

	// Alpha Channel 
	0xFF,0xFF,0xFF,0xFF,0x00,0x00,0x00,0x00,0x00,0x00,0x00,0x00,0x00,0x00,0x00,0x00,0x00,0x00,0xFF,0xFF,0xFF,0xFF,0xFF,0xFF,0x00,0x00,0x00,0x00,0x00,0x00,0x00,0x00,0x00,0x00,0x00,0x00,0x00,0x00,0x00,0x00,0x00,0x00,0x00,0x00,0x00,0x00,0x00,0x00,0x00,0x00,0x00,0x00,0x00,0x00,0x00,0x00,0x00,0x00,0xFF,0xFF,0xFF,0xFF,0xFF,0xFF,
	0xFF,0xFF,0xFF,0xFF,0xFF,0xFF,0xFF,0xFF,0xFF,0xFF,0xFF,0xFF,0xFF,0xFF,0xFF,0xFF,0xFF,0x00,0x00,0x00,0x00,0x00,0x00,0x00,0x00,0x00,0x00,0x00,0x00,0xFF,0xFF,0xFF,0xFF,0xFF,0xFF,0x00,0x00,0x00,0x00,0x00,0x00,0x00,0x00,0x00,0x00,0x00,0x00,0xFF,0xFF,0xFF,0xFF,0xFF,0xFF,0xFF,0xFF,0xFF,0xFF,0xFF,0xFF,0xFF,0xFF,0xFF,0xFF,0xFF,
	0xFF,0xFF,0xFF,0xFF,0xFF,0xFF,0xFF,0xFF,0xFF,0x00,0x00,0x00,0x00,0x00,0x00,0x00,0x00,0x00,0x00,0x00,0xFF,0xFF,0xFF,0xFF,0xFF,0xFF,0x00,0x00,0x00,0x00,0x00,0x00,0x00,0x00,0x00,0x00,0x00,0x00,0xFF,0xFF,0xFF,0xFF,0xFF,0xFF,0xFF,0xFF,0xFF,0xFF,0xFF,0xFF,0xFF,0xFF,0xFF,0xFF,0xFF,0xFF,0xFF,0xFF,0xFF,0xFF,0xFF,0xFF,0xFF,0xFF,
	0x00,0x00,0x00,0x00,0x00,0x00,0x00,0x00,0x00,0x00,0x00,0xFF,0xFF,0xFF,0xFF,0xFF,0xFF,0xFF,0x00,0x00,0x00,0x00,0x00,0x00,0x00,0x00,0x00,0x00,0x00,0xFF,0xFF,0xFF,0xFF,0xFF,0xFF,0xFF,0xFF,0xFF,0xFF,0xFF,0xFF,0xFF,0xFF,0xFF,0xFF,0xFF,0xFF,0xFF,0xFF,0xFF,0xFF,0xFF,0xFF,0xFF,0xFF,0x00,0x00,0x00,0x00,0x00,0x00,0x00,0x00,0x00,
	0x00,0x00,0xFF,0xFF,0xFF,0xFF,0xFF,0xFF,0xFF,0xFF,0x00,0x00,0x00,0x00,0x00,0x00,0x00,0x00,0x00,0x00,0xFF,0xFF,0xFF,0xFF,0xFF,0xFF,0xFF,0xFF,0xFF,0xFF,0xFF,0xFF,0xFF,0xFF,0xFF,0xFF,0xFF,0xFF,0xFF,0xFF,0xFF,0xFF,0xFF,0xFF,0xFF,0xFF,0x00,0x00,0x00,0x00,0x00,0x00,0x00,0x00,0x00,0x00,0x00,0x00,0xFF,0xFF,0xFF,0xFF,0xFF,0xFF,
	0xFF,0x00,0x00,0x00,0x00,0x00,0x00,0x00,0x00,0x00,0x00,0xFF,0xFF,0xFF,0xFF,0xFF,0xFF,0xFF,0xFF,0xFF,0xFF,0xFF,0xFF,0xFF,0xFF,0xFF,0xFF,0xFF,0xFF,0xFF,0xFF,0xFF,0xFF,0xFF,0xFF,0xFF,0xFF,0x00,0xFF,0xFF,0xFF,0xFF,0xFF,0xFF,0xFF,0xFF,0xFF,0xFF,0xFF,0xFF,0xFF,0xFF,0xFF,0xFF,0xFF,0xFF,0xFF,0xFF,0xFF,0xFF,0xFF,0xFF,0xFF,0xFF,
	0xFF,0x00,0xFF,0xFF,0xFF,0xFF,0xFF,0xFF,0xFF,0xFF,0xFF,0xFF,0xFF,0xFF,0xFF,0xFF,0xFF,0xFF,0xFF,0xFF,0xFF,0xFF,0xFF,0xFF,0xFF,0xFF,0xFF,0xFF,0x00,0xFF,0xFF,0xFF,0xFF,0xFF,0xFF,0xFF,0xFF,0xFF,0xFF,0xFF,0xFF,0xFF,0xFF,0xFF,0xFF,0xFF,0xFF,0xFF,0xFF,0xFF,0xFF,0xFF,0xFF,0xFF,0xFF,0xFF,0x00,0xFF,0xFF,0xFF,0xFF,0xFF,0xFF,0xFF,
	0xFF,0xFF,0xFF,0xFF,0xFF,0xFF,0xFF,0xFF,0xFF,0xFF,0xFF,0xFF,0xFF,0xFF,0xFF,0xFF,0xFF,0xFF,0xFF,0x00,0xFF,0xFF,0xFF,0xFF,0xFF,0xFF,0xFF,0xFF,0xFF,0xFF,0xFF,0xFF,0xFF,0xFF,0xFF,0xFF,0xFF,0xFF,0xFF,0xFF,0xFF,0xFF,0xFF,0xFF,0xFF,0xFF,0xFF,0x00,0xFF,0xFF,0xFF,0xFF,0xFF,0xFF,0xFF,0xFF,0xFF,0xFF,0xFF,0xFF,0xFF,0xFF,0xFF,0xFF,
	0xFF,0xFF,0xFF,0xFF,0xFF,0xFF,0xFF,0xFF,0xFF,0xFF,0x00,0xFF,0xFF,0xFF,0xFF,0xFF,0xFF,0xFF,0xFF,0xFF,0xFF,0xFF,0xFF,0xFF,0xFF,0xFF,0xFF,0xFF,0xFF,0xFF,0xFF,0xFF,0xFF,0xFF,0xFF,0xFF,0xFF,0xFF,0x00,0xFF,0xFF,0xFF,0xFF,0xFF,0xFF,0xFF,0xFF,0xFF,0xFF,0xFF,0xFF,0xFF,0xFF,0xFF,0xFF,0xFF,0xFF,0xFF,0xFF,0xFF,0xFF,0xFF,0xFF,0xFF,
	0xFF,0x00,0xFF,0xFF,0xFF,0xFF,0xFF,0xFF,0xFF,0xFF,0xFF,0xFF,0xFF,0xFF,0xFF,0xFF,0xFF,0xFF,0xFF,0xFF,0xFF,0xFF,0xFF,0xFF,0xFF,0xFF,0xFF,0xFF,0xFF,0x00,0xFF,0xFF,0xFF,0xFF,0xFF,0xFF,0xFF,0xFF,0xFF,0xFF,0xFF,0xFF,0xFF,0xFF,0xFF,0xFF,0xFF,0xFF,0xFF,0xFF,0xFF,0xFF,0xFF,0xFF,0xFF,0xFF,0x00,0x00,0xFF,0xFF,0xFF,0xFF,0xFF,0xFF,
	0xFF,0xFF,0xFF,0xFF,0xFF,0xFF,0xFF,0xFF,0xFF,0xFF,0xFF,0xFF,0xFF,0xFF,0xFF,0xFF,0xFF,0xFF,0xFF,0xFF,0x00,0xFF,0xFF,0xFF,0xFF,0xFF,0xFF,0xFF,0xFF,0xFF,0xFF,0xFF,0xFF,0xFF,0xFF,0xFF,0xFF,0xFF,0xFF,0xFF,0xFF,0xFF,0xFF,0xFF,0xFF,0xFF,0xFF,0x00,0x00,0x00,0x00,0x00,0x00,0x00,0x00,0x00,0xFF,0xFF,0xFF,0xFF,0x00,0x00,0x00,0x00,
	0x00,0xFF,0xFF,0xFF,0xFF,0x00,0x00,0x00,0x00,0x00,0x00,0x00,0xFF,0xFF,0xFF,0xFF,0xFF,0xFF,0xFF,0xFF,0xFF,0xFF,0xFF,0xFF,0xFF,0xFF,0xFF,0xFF,0xFF,0xFF,0xFF,0xFF,0xFF,0xFF,0xFF,0xFF,0xFF,0xFF,0x00,0x00,0x00,0x00,0x00,0x00,0x00,0x00,0xFF,0xFF,0xFF,0xFF,0xFF,0xFF,0x00,0x00,0x00,0xFF,0xFF,0xFF,0xFF,0xFF,0x00,0x00,0x00,0x00,
	0x00,0x00,0x00,0xFF,0xFF,0xFF,0xFF,0xFF,0xFF,0xFF,0xFF,0xFF,0xFF,0xFF,0xFF,0xFF,0xFF,0xFF,0xFF,0xFF,0xFF,0xFF,0xFF,0xFF,0xFF,0xFF,0xFF,0xFF,0xFF,0x00,0x00,0x00,0x00,0x00,0x00,0x00,0x00,0xFF,0xFF,0xFF,0xFF,0xFF,0xFF,0x00,0x00,0xFF,0xFF,0xFF,0xFF,0xFF,0xFF,0xFF,0xFF,0x00,0x00,0x00,0x00,0x00,0xFF,0xFF,0xFF,0xFF,0xFF,0xFF,
	0xFF,0xFF,0xFF,0xFF,0xFF,0xFF,0xFF,0xFF,0xFF,0xFF,0xFF,0xFF,0xFF,0xFF,0xFF,0xFF,0xFF,0xFF,0xFF,0xFF,0x00,0x00,0x00,0x00,0x00,0x00,0x00,0xFF,0xFF,0xFF,0xFF,0xFF,0xFF,0xFF,0x00,0x00,0xFF,0xFF,0xFF,0xFF,0xFF,0xFF,0xFF,0xFF,0x00,0x00,0x00,0x00,0x00,0xFF,0xFF,0xFF,0xFF,0xFF,0xFF,0xFF,0xFF,0xFF,0xFF,0xFF,0xFF,0xFF,0xFF,0xFF,
	0xFF,0xFF,0xFF,0xFF,0xFF,0xFF,0xFF,0xFF,0xFF,0xFF,0xFF,0x00,0x00,0x00,0x00,0x00,0x00,0xFF,0xFF,0xFF,0xFF,0xFF,0xFF,0xFF,0xFF,0x00,0x00,0xFF,0xFF,0xFF,0xFF,0xFF,0xFF,0xFF,0xFF,0x00,0x00,0x00,0x00,0x00,0xFF,0xFF,0xFF,0xFF,0xFF,0xFF,0x00,0xFF,0xFF,0xFF,0xFF,0xFF,0xFF,0xFF,0xFF,0xFF,0xFF,0xFF,0xFF,0xFF,0xFF,0xFF,0xFF,0xFF,
	0xFF,0xFF,0x00,0x00,0x00,0x00,0x00,0x00,0xFF,0xFF,0xFF,0xFF,0xFF,0xFF,0xFF,0xFF,0x00,0x00,0x00,0x00,0xFF,0xFF,0xFF,0xFF,0xFF,0xFF,0xFF,0x00,0x00,0x00,0x00,0xFF,0xFF,0xFF,0xFF,0xFF,0xFF,0xFF,0xFF,0xFF,0xFF,0xFF,0xFF,0xFF,0xFF,0xFF,0xFF,0xFF,0xFF,0xFF,0xFF,0xFF,0xFF,0xFF,0xFF,0xFF,0xFF,0x00,0x00,0x00,0x00,0x00,0x00,0xFF,
	0xFF,0xFF,0xFF,0xFF,0xFF,0xFF,0x00,0x00,0x00,0x00,0x00,0xFF,0xFF,0xFF,0xFF,0xFF,0xFF,0xFF,0x00,0x00,0x00,0x00,0xFF,0xFF,0xFF,0xFF,0xFF,0xFF,0xFF,0xFF,0xFF,0xFF,0xFF,0xFF,0xFF,0xFF,0xFF,0xFF,0xFF,0xFF,0xFF,0xFF,0xFF,0xFF,0xFF,0xFF,0xFF,0xFF,0x00,0x00,0x00,0x00,0x00,0xFF,0xFF,0xFF,0xFF,0xFF,0xFF,0xFF,0xFF,0x00,0x00,0x00,
	0x00,0x00,0xFF,0xFF,0xFF,0xFF,0xFF,0xFF,0xFF,0xFF,0xFF,0x00,0x00,0xFF,0xFF,0xFF,0xFF,0xFF,0xFF,0xFF,0xFF,0xFF,0xFF,0xFF,0xFF,0xFF,0xFF,0xFF,0xFF,0xFF,0xFF,0xFF,0xFF,0xFF,0xFF,0xFF,0xFF,0xFF,0xFF,0x00,0x00,0x00,0x00,0x00,0xFF,0xFF,0xFF,0xFF,0xFF,0xFF,0xFF,0x00,0x00,0x00,0x00,0x00,0x00,0x00,0xFF,0xFF,0xFF,0xFF,0xFF,0xFF,
	0xFF,0xFF,0x00,0x00,0xFF,0xFF,0xFF,0xFF,0xFF,0xFF,0xFF,0xFF,0xFF,0xFF,0xFF,0xFF,0xFF,0xFF,0xFF,0xFF,0xFF,0xFF,0xFF,0xFF,0xFF,0xFF,0xFF,0xFF,0xFF,0xFF,0x00,0x00,0x00,0x00,0xFF,0xFF,0xFF,0xFF,0xFF,0xFF,0xFF,0xFF,0x00,0x00,0x00,0x00,0x00,0x00,0x00,0xFF,0xFF,0xFF,0xFF,0xFF,0xFF,0xFF,0xFF,0x00,0x00,0xFF,0xFF,0xFF,0xFF,0xFF,
	0xFF,0xFF,0xFF,0xFF,0xFF,0xFF,0xFF,0xFF,0xFF,0xFF,0xFF,0xFF,0xFF,0xFF,0xFF,0xFF,0xFF,0xFF,0xFF,0xFF,0xFF,0x00,0x00,0x00,0xFF,0xFF,0xFF,0xFF,0xFF,0xFF,0xFF,0xFF,0x00,0x00,0x00,0x00,0x00,0x00,0x00,0x00,0x00,0xFF,0xFF,0xFF,0xFF,0xFF,0xFF,0xFF,0xFF,0xFF,0xFF,0xFF,0xFF,0xFF,0xFF,0xFF,0xFF,0xFF,0xFF,0xFF,0xFF,0xFF,0xFF,0xFF,
	0xFF,0xFF,0xFF,0xFF,0xFF,0xFF,0xFF,0xFF,0xFF,0xFF,0xFF,0xFF,0x00,0x00,0x00,0xFF,0xFF,0xFF,0xFF,0xFF,0xFF,0xFF,0xFF,0x00,0x00,0x00,0x00,0x00,0x00,0x00,0x00,0x00,0x00,0xFF,0xFF,0xFF,0xFF,0xFF,0xFF,0xFF,0xFF,0xFF,0xFF,0xFF,0xFF,0xFF,0xFF,0xFF,0xFF,0xFF,0xFF,0xFF,0xFF,0xFF,0xFF,0xFF,0xFF,0xFF,0xFF,0xFF,0xFF,0xFF,0xFF,0xFF,
	0xFF,0xFF,0xFF,0x00,0x00,0xFF,0xFF,0xFF,0xFF,0xFF,0xFF,0xFF,0xFF,0xFF,0x00,0x00,0x00,0x00,0x00,0x00,0x00,0x00,0x00,0x00,0xFF,0xFF,0xFF,0xFF,0xFF,0xFF,0xFF,0xFF,0xFF,0xFF,0xFF,0xFF,0xFF,0x00,0xFF,0xFF,0xFF,0xFF,0xFF,0xFF,0xFF,0xFF,0xFF,0xFF,0xFF,0xFF,0xFF,0xFF,0xFF,0xFF,0xFF,0xFF,0xFF,0xFF,0x00,0xFF,0xFF,0xFF,0xFF,0xFF,
	0xFF,0xFF,0xFF,0x00,0x00,0x00,0x00,0x00,0x00,0x00,0x00,0x00,0x00,0x00,0x00,0x00,0xFF,0xFF,0xFF,0xFF,0xFF,0xFF,0xFF,0xFF,0xFF,0xFF,0xFF,0xFF,0x00,0x00,0xFF,0xFF,0xFF,0xFF,0xFF,0xFF,0xFF,0xFF,0xFF,0xFF,0xFF,0xFF,0xFF,0xFF,0xFF,0xFF,0xFF,0xFF,0xFF,0x00,0xFF,0xFF,0xFF,0xFF,0xFF,0xFF,0xFF,0xFF,0x00,0x00,0x00,0x00,0x00,0x00,
	0x00,0x00,0x00,0x00,0x00,0x00,0x00,0xFF,0xFF,0xFF,0xFF,0xFF,0xFF,0xFF,0xFF,0xFF,0xFF,0xFF,0xFF,0x00,0x00,0x00,0x00,0x00,0x00,0x00,0x00,0x00,0x00,0x00,0xFF,0xFF,0xFF,0xFF,0xFF,0xFF,0xFF,0xFF,0xFF,0x00,0x00,0xFF,0xFF,0xFF,0xFF,0xFF,0xFF,0xFF,0x00,0x00,0x00,0x00,0x00,0x00,0x00,0x00,0x00,0x00,0x00,0x00,0x00,0x00,0xFF,0xFF,
	0xFF,0xFF,0xFF,0xFF,0xFF,0xFF,0xFF,0xFF,0xFF,0x00,0x00,0x00,0x00,0x00,0x00,0x00,0x00,0x00,0x00,0x00,0x00,0xFF,0xFF,0xFF,0xFF,0xFF,0xFF,0xFF,0xFF,0x00,0x00,0x00,0x00,0x00,0xFF,0xFF,0xFF,0xFF,0xFF,0x00,0x00,0x00,0x00,0x00,0x00,0x00,0x00,0x00,0x00,0x00,0x00,0x00,0x00,0x00,0xFF,0xFF,0xFF,0xFF,0x00,
    };
        


const lv_img_dsc_t face_1891_2_390_dial_img_11_45662_5 = {
    .header.magic = LV_IMAGE_HEADER_MAGIC,
    .header.w = 55,
    .header.h = 29,
    .data_size = sizeof(face_1891_2_390_dial_img_11_45662_data_5),
    .header.cf = LV_COLOR_FORMAT_RGB565A8,
    .data = face_1891_2_390_dial_img_11_45662_data_5};

    
// LVGL 9 format (RGB565) // LVGL_9 compatible 
const LV_ATTRIBUTE_MEM_ALIGN uint8_t face_1891_2_390_dial_img_11_45662_data_6[] = {
	//RGB565 data 
	0x20,0x00,0xC3,0x18,0xC3,0x18,0x20,0x00,0x00,0x00,0x00,0x00,0x00,0x00,0x00,0x00,0x00,0x00,0x00,0x00,0x00,0x00,0x00,0x00,0x00,0x00,0x00,0x00,0x00,0x00,0x00,0x00,0x00,0x00,0x00,0x00,0xC3,0x18,0xC3,0x18,0xC3,0x18,0xC3,0x18,0x20,0x00,0x20,0x00,0x00,0x00,0x00,0x00,0x00,0x00,0x00,0x00,0x00,0x00,0x00,0x00,0x20,0x00,0xC3,0x18,
	0xC3,0x18,0x20,0x00,0x00,0x00,0x00,0x00,0x00,0x00,0x00,0x00,0x00,0x00,0x00,0x00,0x00,0x00,0x00,0x00,0x00,0x00,0x00,0x00,0x00,0x00,0x00,0x00,0x00,0x00,0x00,0x00,0x00,0x00,0x00,0x00,0x00,0x00,0x20,0x00,0xC3,0x18,0x20,0x00,0x00,0x00,0x00,0x00,0x00,0x00,0x00,0x00,0xC3,0x18,0xA6,0x31,0xA6,0x31,0xA6,0x31,0xA6,0x31,0xA6,0x31,
	0xA6,0x31,0xA6,0x31,0xA6,0x31,0xA6,0x31,0xA6,0x31,0xA6,0x31,0xA6,0x31,0xA6,0x31,0xA6,0x31,0xC3,0x18,0xC3,0x18,0xC3,0x18,0xC3,0x18,0xC3,0x18,0xC3,0x18,0xC3,0x18,0xC3,0x18,0x00,0x00,0x00,0x00,0x00,0x00,0x00,0x00,0x00,0x00,0x00,0x00,0x00,0x00,0x20,0x00,0xC3,0x18,0xC3,0x18,0xC3,0x18,0xC3,0x18,0xC3,0x18,0xC3,0x18,0xC3,0x18,
	0xC3,0x18,0xC3,0x18,0xC3,0x18,0xC3,0x18,0xC3,0x18,0xC3,0x18,0xC3,0x18,0xC3,0x18,0xC3,0x18,0x20,0x00,0x20,0x00,0x00,0x00,0x00,0x00,0x00,0x00,0x00,0x00,0x20,0x00,0xC3,0x18,0xAE,0x73,0x71,0x8C,0x71,0x8C,0x71,0x8C,0x71,0x8C,0x71,0x8C,0x71,0x8C,0x71,0x8C,0x71,0x8C,0x71,0x8C,0x71,0x8C,0x71,0x8C,0x71,0x8C,0x71,0x8C,0x71,0x8C,
	0x71,0x8C,0x71,0x8C,0x71,0x8C,0x71,0x8C,0x71,0x8C,0x71,0x8C,0xAA,0x52,0xA6,0x31,0x20,0x00,0x00,0x00,0x00,0x00,0x00,0x00,0x00,0x00,0x00,0x00,0xA6,0x31,0xAA,0x52,0xAA,0x52,0xAA,0x52,0xAA,0x52,0xAA,0x52,0xAA,0x52,0xAA,0x52,0xAA,0x52,0xAA,0x52,0xAA,0x52,0xAA,0x52,0xAA,0x52,0xAA,0x52,0xAA,0x52,0xAA,0x52,0xAA,0x52,0xAA,0x52,
	0xAA,0x52,0xA6,0x31,0xC3,0x18,0x20,0x00,0x00,0x00,0x00,0x00,0x20,0x00,0xA6,0x31,0x96,0xB5,0x1C,0xE7,0x1C,0xE7,0x1C,0xE7,0x7D,0xEF,0x1C,0xE7,0x1C,0xE7,0x1C,0xE7,0x1C,0xE7,0x1C,0xE7,0x1C,0xE7,0x1C,0xE7,0x1C,0xE7,0x1C,0xE7,0x7D,0xEF,0x1C,0xE7,0x7D,0xEF,0x1C,0xE7,0x1C,0xE7,0x1C,0xE7,0x1C,0xE7,0x71,0x8C,0xAA,0x52,0x20,0x00,
	0x00,0x00,0x00,0x00,0x00,0x00,0x00,0x00,0x00,0x00,0xAE,0x73,0x7A,0xD6,0x7A,0xD6,0x7A,0xD6,0x7A,0xD6,0x7A,0xD6,0x7A,0xD6,0x7A,0xD6,0x7A,0xD6,0x7A,0xD6,0x7A,0xD6,0x7A,0xD6,0x7A,0xD6,0x7A,0xD6,0x7A,0xD6,0x7A,0xD6,0x7A,0xD6,0x7A,0xD6,0x7A,0xD6,0x96,0xB5,0xAE,0x73,0xC3,0x18,0x00,0x00,0x00,0x00,0xC3,0x18,0xAA,0x52,0x7A,0xD6,
	0xFF,0xFF,0xFF,0xFF,0xDF,0xFF,0x7D,0xEF,0x7D,0xEF,0x7D,0xEF,0x7D,0xEF,0x7D,0xEF,0xFF,0xFF,0xFF,0xFF,0xFF,0xFF,0xFF,0xFF,0x7D,0xEF,0x7D,0xEF,0x7D,0xEF,0x7D,0xEF,0x7D,0xEF,0xDF,0xFF,0xFF,0xFF,0xFF,0xFF,0x96,0xB5,0xAA,0x52,0x20,0x00,0x00,0x00,0x00,0x00,0x00,0x00,0x00,0x00,0x00,0x00,0x96,0xB5,0xFF,0xFF,0xFF,0xFF,0xFF,0xFF,
	0xFF,0xFF,0xFF,0xFF,0xFF,0xFF,0xFF,0xFF,0xFF,0xFF,0xFF,0xFF,0xFF,0xFF,0xFF,0xFF,0xFF,0xFF,0xFF,0xFF,0xFF,0xFF,0xFF,0xFF,0xFF,0xFF,0xFF,0xFF,0xFF,0xFF,0x7D,0xEF,0x71,0x8C,0xA6,0x31,0x00,0x00,0x00,0x00,0xC3,0x18,0xAA,0x52,0x38,0xC6,0xFF,0xFF,0xFF,0xFF,0x38,0xC6,0x71,0x8C,0x71,0x8C,0x71,0x8C,0x71,0x8C,0x96,0xB5,0x7A,0xD6,
	0xFF,0xFF,0xFF,0xFF,0x1C,0xE7,0x96,0xB5,0x71,0x8C,0x71,0x8C,0x71,0x8C,0x71,0x8C,0x38,0xC6,0x7D,0xEF,0xFF,0xFF,0x96,0xB5,0xAA,0x52,0x20,0x00,0x00,0x00,0x00,0x00,0x00,0x00,0x00,0x00,0x00,0x00,0x71,0x8C,0xFF,0xFF,0xFF,0xFF,0xFF,0xFF,0xFF,0xFF,0xFF,0xFF,0xFF,0xFF,0xFF,0xFF,0xFF,0xFF,0xFF,0xFF,0xFF,0xFF,0xFF,0xFF,0xFF,0xFF,
	0xFF,0xFF,0xFF,0xFF,0xFF,0xFF,0xFF,0xFF,0xFF,0xFF,0xFF,0xFF,0x1C,0xE7,0x71,0x8C,0xA6,0x31,0x00,0x00,0x00,0x00,0xC3,0x18,0xAA,0x52,0x38,0xC6,0xFF,0xFF,0xFF,0xFF,0x71,0x8C,0xA6,0x31,0xA6,0x31,0xAA,0x52,0xAA,0x52,0xAE,0x73,0x38,0xC6,0xDF,0xFF,0xDF,0xFF,0x7A,0xD6,0xAE,0x73,0xA6,0x31,0xAA,0x52,0xA6,0x31,0xAA,0x52,0x71,0x8C,
	0x7A,0xD6,0xFF,0xFF,0x96,0xB5,0xAA,0x52,0x20,0x00,0x00,0x00,0x00,0x00,0x00,0x00,0x00,0x00,0x00,0x00,0x71,0x8C,0xFF,0xFF,0xFF,0xFF,0x7A,0xD6,0x71,0x8C,0xAE,0x73,0xAE,0x73,0xAE,0x73,0xAE,0x73,0xAE,0x73,0xAE,0x73,0xAE,0x73,0xAE,0x73,0xAE,0x73,0xAE,0x73,0xAE,0x73,0x96,0xB5,0xFF,0xFF,0xFF,0xFF,0x1C,0xE7,0x71,0x8C,0xA6,0x31,
	0x00,0x00,0x00,0x00,0xC3,0x18,0xAA,0x52,0x38,0xC6,0xFF,0xFF,0xFF,0xFF,0xAE,0x73,0x20,0x00,0xA6,0x31,0xAA,0x52,0xAA,0x52,0x71,0x8C,0x38,0xC6,0xDF,0xFF,0xDF,0xFF,0x7A,0xD6,0xAE,0x73,0xAA,0x52,0xAA,0x52,0xA6,0x31,0xA6,0x31,0xAE,0x73,0x38,0xC6,0xFF,0xFF,0x96,0xB5,0xAA,0x52,0x20,0x00,0x00,0x00,0x00,0x00,0x00,0x00,0x00,0x00,
	0x00,0x00,0x71,0x8C,0xFF,0xFF,0xFF,0xFF,0x96,0xB5,0xA6,0x31,0x00,0x00,0x00,0x00,0x00,0x00,0x00,0x00,0x00,0x00,0x00,0x00,0x00,0x00,0x00,0x00,0x00,0x00,0x00,0x00,0x00,0x00,0xAE,0x73,0xFF,0xFF,0xFF,0xFF,0x1C,0xE7,0x71,0x8C,0xA6,0x31,0x00,0x00,0x00,0x00,0xC3,0x18,0xAA,0x52,0x38,0xC6,0xFF,0xFF,0xFF,0xFF,0x71,0x8C,0xA6,0x31,
	0x38,0xC6,0x1C,0xE7,0x1C,0xE7,0x7D,0xEF,0xDF,0xFF,0xFF,0xFF,0xFF,0xFF,0xDF,0xFF,0x7D,0xEF,0x1C,0xE7,0x1C,0xE7,0x96,0xB5,0xAE,0x73,0xAE,0x73,0x96,0xB5,0xFF,0xFF,0x96,0xB5,0xAA,0x52,0x20,0x00,0x00,0x00,0x00,0x00,0x00,0x00,0x00,0x00,0x00,0x00,0x71,0x8C,0xFF,0xFF,0xFF,0xFF,0x96,0xB5,0xA6,0x31,0x20,0x00,0x00,0x00,0x00,0x00,
	0x00,0x00,0x00,0x00,0x00,0x00,0x00,0x00,0x00,0x00,0x00,0x00,0x00,0x00,0x00,0x00,0xAE,0x73,0xFF,0xFF,0xFF,0xFF,0x1C,0xE7,0x71,0x8C,0xA6,0x31,0x00,0x00,0x00,0x00,0xC3,0x18,0xAA,0x52,0x38,0xC6,0xFF,0xFF,0xFF,0xFF,0x71,0x8C,0xA6,0x31,0x96,0xB5,0x1C,0xE7,0x1C,0xE7,0x7D,0xEF,0xDF,0xFF,0xFF,0xFF,0xFF,0xFF,0xDF,0xFF,0x1C,0xE7,
	0x1C,0xE7,0x1C,0xE7,0x96,0xB5,0xAE,0x73,0xAE,0x73,0x96,0xB5,0xFF,0xFF,0x96,0xB5,0xAA,0x52,0x20,0x00,0x00,0x00,0x00,0x00,0x00,0x00,0x00,0x00,0x00,0x00,0x71,0x8C,0xFF,0xFF,0xFF,0xFF,0x96,0xB5,0xA6,0x31,0x20,0x00,0x00,0x00,0x00,0x00,0x00,0x00,0x00,0x00,0x00,0x00,0x00,0x00,0x00,0x00,0x00,0x00,0x00,0x00,0x00,0x00,0xAE,0x73,
	0xFF,0xFF,0xFF,0xFF,0x1C,0xE7,0x71,0x8C,0xA6,0x31,0x00,0x00,0x00,0x00,0xC3,0x18,0xAA,0x52,0x38,0xC6,0xFF,0xFF,0xFF,0xFF,0x71,0x8C,0xC3,0x18,0xAE,0x73,0x71,0x8C,0xAE,0x73,0x96,0xB5,0x7A,0xD6,0xDF,0xFF,0xFF,0xFF,0x1C,0xE7,0x71,0x8C,0xAE,0x73,0x71,0x8C,0xAA,0x52,0xA6,0x31,0xAE,0x73,0x38,0xC6,0xFF,0xFF,0x96,0xB5,0xAA,0x52,
	0x20,0x00,0x00,0x00,0x00,0x00,0x00,0x00,0x00,0x00,0x00,0x00,0x71,0x8C,0xFF,0xFF,0xFF,0xFF,0x96,0xB5,0xA6,0x31,0x20,0x00,0x00,0x00,0x00,0x00,0x00,0x00,0x00,0x00,0x00,0x00,0x00,0x00,0x00,0x00,0x00,0x00,0x00,0x00,0x00,0x00,0xAE,0x73,0xFF,0xFF,0xFF,0xFF,0x1C,0xE7,0x71,0x8C,0xA6,0x31,0x00,0x00,0x00,0x00,0xC3,0x18,0xAA,0x52,
	0x38,0xC6,0xFF,0xFF,0xFF,0xFF,0x71,0x8C,0xC3,0x18,0xA6,0x31,0xA6,0x31,0xA6,0x31,0xAE,0x73,0x38,0xC6,0xDF,0xFF,0xDF,0xFF,0x7A,0xD6,0xAE,0x73,0xA6,0x31,0xA6,0x31,0xA6,0x31,0xA6,0x31,0xAE,0x73,0x38,0xC6,0xFF,0xFF,0x96,0xB5,0xAA,0x52,0x20,0x00,0x00,0x00,0x00,0x00,0x00,0x00,0x00,0x00,0x00,0x00,0x71,0x8C,0xFF,0xFF,0xFF,0xFF,
	0x96,0xB5,0xA6,0x31,0x00,0x00,0x00,0x00,0x00,0x00,0x00,0x00,0x00,0x00,0x00,0x00,0x00,0x00,0x00,0x00,0x00,0x00,0x00,0x00,0x00,0x00,0xAE,0x73,0xFF,0xFF,0xFF,0xFF,0x1C,0xE7,0x71,0x8C,0xA6,0x31,0x00,0x00,0x00,0x00,0xC3,0x18,0xAA,0x52,0x38,0xC6,0xFF,0xFF,0xFF,0xFF,0x96,0xB5,0xAA,0x52,0xAA,0x52,0xAE,0x73,0xAE,0x73,0x71,0x8C,
	0x7A,0xD6,0xFF,0xFF,0xFF,0xFF,0x7A,0xD6,0x71,0x8C,0xAA,0x52,0xAE,0x73,0xAE,0x73,0xAE,0x73,0x71,0x8C,0x7A,0xD6,0xFF,0xFF,0x96,0xB5,0xAA,0x52,0x20,0x00,0x00,0x00,0x00,0x00,0x00,0x00,0x00,0x00,0x00,0x00,0x71,0x8C,0xFF,0xFF,0xFF,0xFF,0x38,0xC6,0xAA,0x52,0xA6,0x31,0xA6,0x31,0xA6,0x31,0xA6,0x31,0xA6,0x31,0xA6,0x31,0xA6,0x31,
	0xA6,0x31,0xA6,0x31,0xA6,0x31,0xA6,0x31,0x71,0x8C,0xFF,0xFF,0xFF,0xFF,0x1C,0xE7,0x71,0x8C,0xA6,0x31,0x00,0x00,0x00,0x00,0xC3,0x18,0xAA,0x52,0x38,0xC6,0xFF,0xFF,0xFF,0xFF,0x7A,0xD6,0x38,0xC6,0x1C,0xE7,0xDF,0xFF,0xDF,0xFF,0xDF,0xFF,0xFF,0xFF,0xFF,0xFF,0xFF,0xFF,0xFF,0xFF,0xDF,0xFF,0x7D,0xEF,0xDF,0xFF,0xDF,0xFF,0x7D,0xEF,
	0x38,0xC6,0x1C,0xE7,0xFF,0xFF,0x96,0xB5,0xAA,0x52,0x20,0x00,0x00,0x00,0x00,0x00,0x00,0x00,0x00,0x00,0x00,0x00,0x71,0x8C,0xFF,0xFF,0xFF,0xFF,0xDF,0xFF,0x7D,0xEF,0x7D,0xEF,0x7D,0xEF,0x7D,0xEF,0x7D,0xEF,0x7D,0xEF,0x7D,0xEF,0x7D,0xEF,0x7D,0xEF,0x7D,0xEF,0x7D,0xEF,0x7D,0xEF,0x7D,0xEF,0xFF,0xFF,0xFF,0xFF,0x1C,0xE7,0x71,0x8C,
	0xA6,0x31,0x00,0x00,0x00,0x00,0xC3,0x18,0xAA,0x52,0x38,0xC6,0xFF,0xFF,0xFF,0xFF,0x7A,0xD6,0x96,0xB5,0x38,0xC6,0x38,0xC6,0x38,0xC6,0x38,0xC6,0x38,0xC6,0x38,0xC6,0x38,0xC6,0x38,0xC6,0x38,0xC6,0x38,0xC6,0x38,0xC6,0x7A,0xD6,0x7A,0xD6,0x96,0xB5,0x7A,0xD6,0xFF,0xFF,0x96,0xB5,0xAA,0x52,0x20,0x00,0x00,0x00,0x00,0x00,0x00,0x00,
	0x00,0x00,0x00,0x00,0x71,0x8C,0xFF,0xFF,0xFF,0xFF,0xFF,0xFF,0xFF,0xFF,0xFF,0xFF,0xFF,0xFF,0xFF,0xFF,0xFF,0xFF,0xFF,0xFF,0xFF,0xFF,0xFF,0xFF,0xFF,0xFF,0xFF,0xFF,0xFF,0xFF,0xFF,0xFF,0xFF,0xFF,0xFF,0xFF,0xFF,0xFF,0x1C,0xE7,0x71,0x8C,0xA6,0x31,0x00,0x00,0x00,0x00,0xC3,0x18,0xAA,0x52,0x38,0xC6,0xFF,0xFF,0xFF,0xFF,0x96,0xB5,
	0xAA,0x52,0xAE,0x73,0x71,0x8C,0xAE,0x73,0xAE,0x73,0xAE,0x73,0xAE,0x73,0xAE,0x73,0xAE,0x73,0xAE,0x73,0x71,0x8C,0x71,0x8C,0xAE,0x73,0xAE,0x73,0x71,0x8C,0x7A,0xD6,0xFF,0xFF,0x96,0xB5,0xAA,0x52,0x20,0x00,0x00,0x00,0x00,0x00,0x00,0x00,0x00,0x00,0x00,0x00,0x71,0x8C,0xFF,0xFF,0xFF,0xFF,0xFF,0xFF,0xDF,0xFF,0xDF,0xFF,0xDF,0xFF,
	0xDF,0xFF,0xDF,0xFF,0xDF,0xFF,0xDF,0xFF,0xDF,0xFF,0xDF,0xFF,0xDF,0xFF,0xDF,0xFF,0xDF,0xFF,0xDF,0xFF,0xFF,0xFF,0xFF,0xFF,0x1C,0xE7,0x71,0x8C,0xA6,0x31,0x00,0x00,0x00,0x00,0xC3,0x18,0xAA,0x52,0x38,0xC6,0xFF,0xFF,0xFF,0xFF,0xAE,0x73,0xC3,0x18,0x71,0x8C,0x38,0xC6,0x96,0xB5,0x96,0xB5,0x96,0xB5,0x96,0xB5,0x96,0xB5,0x96,0xB5,
	0x96,0xB5,0x96,0xB5,0x96,0xB5,0xAE,0x73,0xA6,0x31,0xAE,0x73,0x38,0xC6,0xFF,0xFF,0x96,0xB5,0xAA,0x52,0x20,0x00,0x00,0x00,0x00,0x00,0x00,0x00,0x00,0x00,0x00,0x00,0x71,0x8C,0xFF,0xFF,0xFF,0xFF,0x1C,0xE7,0x96,0xB5,0x96,0xB5,0x96,0xB5,0x96,0xB5,0x96,0xB5,0x96,0xB5,0x96,0xB5,0x96,0xB5,0x96,0xB5,0x96,0xB5,0x96,0xB5,0x96,0xB5,
	0x7A,0xD6,0xFF,0xFF,0xFF,0xFF,0x1C,0xE7,0x71,0x8C,0xA6,0x31,0x00,0x00,0x00,0x00,0xC3,0x18,0xAA,0x52,0x7A,0xD6,0xFF,0xFF,0xDF,0xFF,0xAA,0x52,0x00,0x00,0x96,0xB5,0x1C,0xE7,0x1C,0xE7,0x1C,0xE7,0x1C,0xE7,0x1C,0xE7,0x1C,0xE7,0x1C,0xE7,0x1C,0xE7,0x1C,0xE7,0x1C,0xE7,0xAE,0x73,0xA6,0x31,0xAE,0x73,0x38,0xC6,0xFF,0xFF,0x96,0xB5,
	0xAA,0x52,0x20,0x00,0x00,0x00,0x00,0x00,0x00,0x00,0x00,0x00,0x00,0x00,0x71,0x8C,0xFF,0xFF,0xFF,0xFF,0x38,0xC6,0xAE,0x73,0xAA,0x52,0xAA,0x52,0xAA,0x52,0xAA,0x52,0xAA,0x52,0xAA,0x52,0xAA,0x52,0xAA,0x52,0xAA,0x52,0xAA,0x52,0xAA,0x52,0x96,0xB5,0xFF,0xFF,0xFF,0xFF,0x1C,0xE7,0x71,0x8C,0xA6,0x31,0x00,0x00,0x00,0x00,0xC3,0x18,
	0xAA,0x52,0x7A,0xD6,0xFF,0xFF,0x1C,0xE7,0xAA,0x52,0x20,0x00,0x38,0xC6,0xFF,0xFF,0xFF,0xFF,0xFF,0xFF,0xFF,0xFF,0xFF,0xFF,0xFF,0xFF,0xFF,0xFF,0xFF,0xFF,0xFF,0xFF,0xFF,0xFF,0x71,0x8C,0xA6,0x31,0xAE,0x73,0x38,0xC6,0xFF,0xFF,0x96,0xB5,0xAA,0x52,0x20,0x00,0x00,0x00,0x00,0x00,0x00,0x00,0x00,0x00,0x00,0x00,0x71,0x8C,0xFF,0xFF,
	0xFF,0xFF,0x96,0xB5,0xA6,0x31,0x20,0x00,0x00,0x00,0x00,0x00,0x00,0x00,0x00,0x00,0x00,0x00,0x00,0x00,0x00,0x00,0x00,0x00,0x00,0x00,0x00,0x00,0xAE,0x73,0xFF,0xFF,0xFF,0xFF,0x1C,0xE7,0x71,0x8C,0xA6,0x31,0x00,0x00,0x00,0x00,0xC3,0x18,0xAE,0x73,0x1C,0xE7,0xFF,0xFF,0x7A,0xD6,0xAA,0x52,0x20,0x00,0x38,0xC6,0xFF,0xFF,0xFF,0xFF,
	0x7A,0xD6,0x96,0xB5,0x96,0xB5,0x96,0xB5,0x96,0xB5,0x1C,0xE7,0xFF,0xFF,0xFF,0xFF,0x71,0x8C,0xA6,0x31,0xAE,0x73,0x38,0xC6,0xFF,0xFF,0x96,0xB5,0xAA,0x52,0x20,0x00,0x00,0x00,0x00,0x00,0x00,0x00,0x00,0x00,0x00,0x00,0x71,0x8C,0xFF,0xFF,0xFF,0xFF,0x96,0xB5,0xA6,0x31,0x20,0x00,0x00,0x00,0x00,0x00,0x00,0x00,0x00,0x00,0x00,0x00,
	0x00,0x00,0x00,0x00,0x00,0x00,0x00,0x00,0x00,0x00,0xAE,0x73,0xFF,0xFF,0xFF,0xFF,0x1C,0xE7,0x71,0x8C,0xA6,0x31,0x00,0x00,0x00,0x00,0xA6,0x31,0x71,0x8C,0x1C,0xE7,0xFF,0xFF,0x7A,0xD6,0xAA,0x52,0x20,0x00,0x38,0xC6,0xFF,0xFF,0xFF,0xFF,0x96,0xB5,0xAA,0x52,0xAE,0x73,0xAA,0x52,0xAE,0x73,0x38,0xC6,0xDF,0xFF,0xFF,0xFF,0x71,0x8C,
	0xA6,0x31,0xAE,0x73,0x38,0xC6,0xFF,0xFF,0x96,0xB5,0xAA,0x52,0x20,0x00,0x00,0x00,0x00,0x00,0x00,0x00,0x00,0x00,0x00,0x00,0x71,0x8C,0xFF,0xFF,0xFF,0xFF,0x96,0xB5,0xA6,0x31,0x20,0x00,0x00,0x00,0x00,0x00,0x00,0x00,0x00,0x00,0x00,0x00,0x00,0x00,0x00,0x00,0x00,0x00,0x00,0x00,0x00,0x00,0xAE,0x73,0xFF,0xFF,0xFF,0xFF,0x1C,0xE7,
	0x71,0x8C,0xA6,0x31,0x00,0x00,0x00,0x00,0xA6,0x31,0x96,0xB5,0x7D,0xEF,0xDF,0xFF,0x38,0xC6,0xA6,0x31,0x20,0x00,0x38,0xC6,0xFF,0xFF,0xFF,0xFF,0x71,0x8C,0xA6,0x31,0xA6,0x31,0xA6,0x31,0xA6,0x31,0x96,0xB5,0x7D,0xEF,0xFF,0xFF,0x71,0x8C,0xA6,0x31,0xAE,0x73,0x38,0xC6,0xFF,0xFF,0x96,0xB5,0xAA,0x52,0x20,0x00,0x00,0x00,0x00,0x00,
	0x00,0x00,0x00,0x00,0x00,0x00,0x71,0x8C,0xFF,0xFF,0xFF,0xFF,0x96,0xB5,0xA6,0x31,0x20,0x00,0x00,0x00,0x00,0x00,0x00,0x00,0x00,0x00,0x00,0x00,0x00,0x00,0x00,0x00,0x00,0x00,0x00,0x00,0x00,0x00,0xAE,0x73,0xFF,0xFF,0xFF,0xFF,0x1C,0xE7,0x71,0x8C,0xA6,0x31,0x00,0x00,0x00,0x00,0xAA,0x52,0x7A,0xD6,0xDF,0xFF,0x7D,0xEF,0x96,0xB5,
	0xA6,0x31,0xC3,0x18,0x7A,0xD6,0xFF,0xFF,0xFF,0xFF,0x38,0xC6,0x71,0x8C,0x71,0x8C,0x71,0x8C,0x71,0x8C,0x7A,0xD6,0xDF,0xFF,0xFF,0xFF,0x71,0x8C,0xA6,0x31,0xAE,0x73,0x38,0xC6,0xFF,0xFF,0x96,0xB5,0xAA,0x52,0x20,0x00,0x00,0x00,0x00,0x00,0x00,0x00,0x00,0x00,0x00,0x00,0x71,0x8C,0xFF,0xFF,0xFF,0xFF,0x96,0xB5,0xAA,0x52,0xC3,0x18,
	0xC3,0x18,0xC3,0x18,0xC3,0x18,0xC3,0x18,0xC3,0x18,0xC3,0x18,0xC3,0x18,0xC3,0x18,0xC3,0x18,0x20,0x00,0x71,0x8C,0xFF,0xFF,0xFF,0xFF,0x1C,0xE7,0x71,0x8C,0xA6,0x31,0x00,0x00,0x20,0x00,0xAA,0x52,0xFF,0xFF,0xFF,0xFF,0x1C,0xE7,0xAE,0x73,0xC3,0x18,0xC3,0x18,0x38,0xC6,0xFF,0xFF,0xFF,0xFF,0xFF,0xFF,0xFF,0xFF,0xFF,0xFF,0xFF,0xFF,
	0xFF,0xFF,0xFF,0xFF,0xFF,0xFF,0xFF,0xFF,0x71,0x8C,0xA6,0x31,0xAE,0x73,0x7A,0xD6,0xFF,0xFF,0x96,0xB5,0xAA,0x52,0x20,0x00,0x00,0x00,0x00,0x00,0x00,0x00,0x00,0x00,0x00,0x00,0x71,0x8C,0xFF,0xFF,0xFF,0xFF,0x38,0xC6,0xAE,0x73,0xAA,0x52,0xAA,0x52,0xAA,0x52,0xAA,0x52,0xAA,0x52,0xAA,0x52,0xAA,0x52,0xAA,0x52,0xAA,0x52,0xAA,0x52,
	0xA6,0x31,0x96,0xB5,0xFF,0xFF,0xFF,0xFF,0x1C,0xE7,0x71,0x8C,0xA6,0x31,0x00,0x00,0xA6,0x31,0x71,0x8C,0xFF,0xFF,0xFF,0xFF,0x7A,0xD6,0xA6,0x31,0x20,0x00,0xC3,0x18,0x96,0xB5,0x7D,0xEF,0x1C,0xE7,0x1C,0xE7,0x1C,0xE7,0x1C,0xE7,0x1C,0xE7,0x1C,0xE7,0x7D,0xEF,0xDF,0xFF,0xFF,0xFF,0x71,0x8C,0xAA,0x52,0x96,0xB5,0x7D,0xEF,0xFF,0xFF,
	0x96,0xB5,0xAA,0x52,0x20,0x00,0x00,0x00,0x00,0x00,0x00,0x00,0x00,0x00,0x00,0x00,0x71,0x8C,0xFF,0xFF,0xFF,0xFF,0x7D,0xEF,0x1C,0xE7,0x7A,0xD6,0x7A,0xD6,0x7A,0xD6,0x7A,0xD6,0x7A,0xD6,0x7A,0xD6,0x7A,0xD6,0x7A,0xD6,0x7A,0xD6,0x7A,0xD6,0x7A,0xD6,0x1C,0xE7,0xFF,0xFF,0xFF,0xFF,0x1C,0xE7,0x71,0x8C,0xA6,0x31,0x00,0x00,0x71,0x8C,
	0x38,0xC6,0xFF,0xFF,0xDF,0xFF,0x96,0xB5,0xC3,0x18,0x00,0x00,0x20,0x00,0xAE,0x73,0x71,0x8C,0x71,0x8C,0x71,0x8C,0x71,0x8C,0x71,0x8C,0x71,0x8C,0x71,0x8C,0x71,0x8C,0x38,0xC6,0xFF,0xFF,0x38,0xC6,0x96,0xB5,0x1C,0xE7,0xFF,0xFF,0xFF,0xFF,0x96,0xB5,0xAA,0x52,0x20,0x00,0x00,0x00,0x00,0x00,0x00,0x00,0x00,0x00,0x00,0x00,0x71,0x8C,
	0xFF,0xFF,0xFF,0xFF,0xFF,0xFF,0xFF,0xFF,0xFF,0xFF,0xFF,0xFF,0xFF,0xFF,0xFF,0xFF,0xFF,0xFF,0xFF,0xFF,0xFF,0xFF,0xFF,0xFF,0xFF,0xFF,0xFF,0xFF,0xFF,0xFF,0xFF,0xFF,0xFF,0xFF,0xFF,0xFF,0x1C,0xE7,0x71,0x8C,0xA6,0x31,0x00,0x00,0x1C,0xE7,0x7D,0xEF,0xFF,0xFF,0x1C,0xE7,0x71,0x8C,0x20,0x00,0x00,0x00,0x00,0x00,0x20,0x00,0x20,0x00,
	0x20,0x00,0x20,0x00,0x20,0x00,0x20,0x00,0x20,0x00,0x20,0x00,0xC3,0x18,0xAE,0x73,0xDF,0xFF,0xFF,0xFF,0xFF,0xFF,0xFF,0xFF,0xFF,0xFF,0xFF,0xFF,0x71,0x8C,0xA6,0x31,0x20,0x00,0x00,0x00,0x00,0x00,0x00,0x00,0x00,0x00,0x00,0x00,0x71,0x8C,0xFF,0xFF,0xFF,0xFF,0xFF,0xFF,0xFF,0xFF,0xFF,0xFF,0xFF,0xFF,0xFF,0xFF,0xFF,0xFF,0xFF,0xFF,
	0xFF,0xFF,0xFF,0xFF,0xFF,0xFF,0xFF,0xFF,0xFF,0xFF,0xFF,0xFF,0xFF,0xFF,0xFF,0xFF,0xFF,0xFF,0x1C,0xE7,0x71,0x8C,0xA6,0x31,0x00,0x00,0xAE,0x73,0x96,0xB5,0x1C,0xE7,0x96,0xB5,0xAA,0x52,0x20,0x00,0x00,0x00,0x00,0x00,0x00,0x00,0x00,0x00,0x00,0x00,0x00,0x00,0x00,0x00,0x00,0x00,0x00,0x00,0x00,0x00,0x00,0x00,0xA6,0x31,0x7A,0xD6,
	0x1C,0xE7,0x1C,0xE7,0x7A,0xD6,0x38,0xC6,0x96,0xB5,0xAA,0x52,0xC3,0x18,0x00,0x00,0x00,0x00,0x00,0x00,0x00,0x00,0x00,0x00,0x00,0x00,0xAA,0x52,0x71,0x8C,0x71,0x8C,0x71,0x8C,0x71,0x8C,0x71,0x8C,0x71,0x8C,0x71,0x8C,0x71,0x8C,0x71,0x8C,0x71,0x8C,0x71,0x8C,0x71,0x8C,0x71,0x8C,0x71,0x8C,0x71,0x8C,0x71,0x8C,0x71,0x8C,0x71,0x8C,
	0xAE,0x73,0xAA,0x52,0xC3,0x18,0x00,0x00,0xA6,0x31,0xAE,0x73,0x7A,0xD6,0xAE,0x73,0xA6,0x31,0x20,0x00,0x00,0x00,0x00,0x00,0x00,0x00,0x00,0x00,0x00,0x00,0x00,0x00,0x00,0x00,0x00,0x00,0x00,0x00,0x00,0x00,0x00,0x00,0xA6,0x31,0x96,0xB5,0x7A,0xD6,0x38,0xC6,0x96,0xB5,0x71,0x8C,0xAA,0x52,0xC3,0x18,0x00,0x00,0x00,0x00,0x00,0x00,
	0x00,0x00,0x00,0x00,0x00,0x00,0x00,0x00,0xC3,0x18,0xA6,0x31,0xA6,0x31,0xA6,0x31,0xA6,0x31,0xA6,0x31,0xA6,0x31,0xA6,0x31,0xA6,0x31,0xA6,0x31,0xA6,0x31,0xA6,0x31,0xA6,0x31,0xA6,0x31,0xA6,0x31,0xA6,0x31,0xA6,0x31,0xA6,0x31,0xA6,0x31,0xA6,0x31,0xC3,0x18,0x20,0x00,0x00,0x00,

	// Alpha Channel 
	0xFF,0xFF,0xFF,0xFF,0x00,0x00,0x00,0x00,0x00,0x00,0x00,0x00,0x00,0x00,0x00,0x00,0x00,0x00,0xFF,0xFF,0xFF,0xFF,0xFF,0xFF,0x00,0x00,0x00,0x00,0x00,0x00,0xFF,0xFF,0xFF,0xFF,0x00,0x00,0x00,0x00,0x00,0x00,0x00,0x00,0x00,0x00,0x00,0x00,0x00,0x00,0x00,0x00,0x00,0xFF,0xFF,0xFF,0x00,0x00,0x00,0x00,0xFF,0xFF,0xFF,0xFF,0xFF,0xFF,
	0xFF,0xFF,0xFF,0xFF,0xFF,0xFF,0xFF,0xFF,0xFF,0xFF,0xFF,0xFF,0xFF,0xFF,0xFF,0xFF,0xFF,0x00,0x00,0x00,0x00,0x00,0x00,0x00,0xFF,0xFF,0xFF,0xFF,0xFF,0xFF,0xFF,0xFF,0xFF,0xFF,0xFF,0xFF,0xFF,0xFF,0xFF,0xFF,0xFF,0xFF,0xFF,0x00,0x00,0x00,0x00,0xFF,0xFF,0xFF,0xFF,0xFF,0xFF,0xFF,0xFF,0xFF,0xFF,0xFF,0xFF,0xFF,0xFF,0xFF,0xFF,0xFF,
	0xFF,0xFF,0xFF,0xFF,0xFF,0xFF,0xFF,0xFF,0xFF,0x00,0x00,0x00,0x00,0x00,0xFF,0xFF,0xFF,0xFF,0xFF,0xFF,0xFF,0xFF,0xFF,0xFF,0xFF,0xFF,0xFF,0xFF,0xFF,0xFF,0xFF,0xFF,0xFF,0xFF,0xFF,0xFF,0x00,0x00,0xFF,0xFF,0xFF,0xFF,0xFF,0xFF,0xFF,0xFF,0xFF,0xFF,0xFF,0xFF,0xFF,0xFF,0xFF,0xFF,0xFF,0xFF,0xFF,0xFF,0xFF,0xFF,0xFF,0xFF,0xFF,0xFF,
	0x00,0x00,0x00,0x00,0x00,0xFF,0xFF,0xFF,0xFF,0xFF,0xFF,0xFF,0xFF,0xFF,0xFF,0xFF,0xFF,0xFF,0xFF,0xFF,0xFF,0xFF,0xFF,0xFF,0xFF,0xFF,0xFF,0x00,0x00,0xFF,0xFF,0xFF,0xFF,0xFF,0xFF,0xFF,0xFF,0xFF,0xFF,0xFF,0xFF,0xFF,0xFF,0xFF,0xFF,0xFF,0xFF,0xFF,0xFF,0xFF,0xFF,0xFF,0xFF,0xFF,0xFF,0x00,0x00,0x00,0x00,0x00,0xFF,0xFF,0xFF,0xFF,
	0xFF,0xFF,0xFF,0xFF,0xFF,0xFF,0xFF,0xFF,0xFF,0xFF,0xFF,0xFF,0xFF,0xFF,0xFF,0xFF,0xFF,0xFF,0x00,0x00,0xFF,0xFF,0xFF,0xFF,0xFF,0xFF,0xFF,0xFF,0xFF,0xFF,0xFF,0xFF,0xFF,0xFF,0xFF,0xFF,0xFF,0xFF,0xFF,0xFF,0xFF,0xFF,0xFF,0xFF,0xFF,0xFF,0x00,0x00,0x00,0x00,0x00,0xFF,0xFF,0xFF,0xFF,0xFF,0xFF,0xFF,0xFF,0xFF,0xFF,0xFF,0xFF,0xFF,
	0xFF,0xFF,0xFF,0xFF,0xFF,0xFF,0xFF,0xFF,0xFF,0x00,0x00,0xFF,0xFF,0xFF,0xFF,0xFF,0xFF,0xFF,0xFF,0xFF,0xFF,0xFF,0xFF,0xFF,0xFF,0xFF,0xFF,0xFF,0xFF,0xFF,0xFF,0xFF,0xFF,0xFF,0xFF,0xFF,0xFF,0x00,0x00,0x00,0x00,0x00,0xFF,0xFF,0xFF,0xFF,0xFF,0xFF,0xFF,0xFF,0xFF,0xFF,0xFF,0xFF,0xFF,0xFF,0xFF,0xFF,0xFF,0xFF,0xFF,0xFF,0xFF,0xFF,
	0x00,0x00,0xFF,0xFF,0xFF,0xFF,0xFF,0xFF,0xFF,0xFF,0xFF,0xFF,0xFF,0xFF,0xFF,0xFF,0xFF,0xFF,0xFF,0xFF,0xFF,0xFF,0xFF,0xFF,0xFF,0xFF,0xFF,0xFF,0x00,0x00,0x00,0x00,0x00,0xFF,0xFF,0xFF,0xFF,0xFF,0x00,0x00,0x00,0x00,0x00,0x00,0x00,0x00,0x00,0x00,0x00,0xFF,0xFF,0xFF,0xFF,0xFF,0xFF,0x00,0x00,0xFF,0xFF,0xFF,0xFF,0xFF,0xFF,0xFF,
	0xFF,0xFF,0xFF,0xFF,0xFF,0xFF,0xFF,0xFF,0xFF,0xFF,0xFF,0xFF,0xFF,0xFF,0xFF,0xFF,0xFF,0xFF,0xFF,0x00,0x00,0x00,0x00,0x00,0xFF,0xFF,0xFF,0xFF,0xFF,0xFF,0x00,0x00,0x00,0x00,0x00,0x00,0x00,0x00,0x00,0x00,0xFF,0xFF,0xFF,0xFF,0xFF,0xFF,0x00,0x00,0xFF,0xFF,0xFF,0xFF,0xFF,0xFF,0xFF,0xFF,0xFF,0xFF,0xFF,0xFF,0xFF,0xFF,0xFF,0xFF,
	0xFF,0xFF,0xFF,0xFF,0xFF,0xFF,0xFF,0xFF,0xFF,0xFF,0x00,0x00,0x00,0x00,0x00,0xFF,0xFF,0xFF,0xFF,0xFF,0xFF,0x00,0x00,0x00,0x00,0x00,0x00,0x00,0x00,0x00,0x00,0xFF,0xFF,0xFF,0xFF,0xFF,0xFF,0x00,0x00,0xFF,0xFF,0xFF,0xFF,0xFF,0xFF,0xFF,0xFF,0xFF,0xFF,0xFF,0xFF,0xFF,0xFF,0xFF,0xFF,0xFF,0xFF,0xFF,0xFF,0xFF,0xFF,0xFF,0xFF,0xFF,
	0xFF,0x00,0x00,0x00,0x00,0x00,0xFF,0xFF,0xFF,0xFF,0xFF,0xFF,0x00,0x00,0x00,0x00,0x00,0x00,0x00,0x00,0x00,0x00,0xFF,0xFF,0xFF,0xFF,0xFF,0xFF,0x00,0x00,0xFF,0xFF,0xFF,0xFF,0xFF,0xFF,0xFF,0xFF,0xFF,0xFF,0xFF,0xFF,0xFF,0xFF,0xFF,0xFF,0xFF,0xFF,0xFF,0xFF,0xFF,0xFF,0xFF,0xFF,0xFF,0xFF,0x00,0x00,0x00,0x00,0x00,0xFF,0xFF,0xFF,
	0xFF,0xFF,0x00,0x00,0x00,0x00,0x00,0x00,0x00,0x00,0x00,0x00,0x00,0xFF,0xFF,0xFF,0xFF,0xFF,0xFF,0x00,0x00,0xFF,0xFF,0xFF,0xFF,0xFF,0xFF,0xFF,0xFF,0xFF,0xFF,0xFF,0xFF,0xFF,0xFF,0xFF,0xFF,0xFF,0xFF,0xFF,0xFF,0xFF,0xFF,0xFF,0xFF,0xFF,0xFF,0x00,0x00,0x00,0x00,0x00,0xFF,0xFF,0xFF,0xFF,0xFF,0xFF,0xFF,0xFF,0xFF,0xFF,0xFF,0xFF,
	0xFF,0xFF,0xFF,0xFF,0xFF,0xFF,0xFF,0xFF,0xFF,0xFF,0x00,0x00,0xFF,0xFF,0xFF,0xFF,0xFF,0xFF,0xFF,0xFF,0xFF,0xFF,0xFF,0xFF,0xFF,0xFF,0xFF,0xFF,0xFF,0xFF,0xFF,0xFF,0xFF,0xFF,0xFF,0xFF,0xFF,0xFF,0x00,0x00,0x00,0x00,0x00,0xFF,0xFF,0xFF,0xFF,0xFF,0xFF,0xFF,0xFF,0xFF,0xFF,0xFF,0xFF,0xFF,0xFF,0xFF,0xFF,0xFF,0xFF,0xFF,0xFF,0xFF,
	0xFF,0x00,0x00,0xFF,0xFF,0xFF,0xFF,0xFF,0xFF,0xFF,0xFF,0xFF,0xFF,0xFF,0xFF,0xFF,0xFF,0xFF,0xFF,0xFF,0xFF,0xFF,0xFF,0xFF,0xFF,0xFF,0xFF,0xFF,0xFF,0x00,0x00,0x00,0x00,0x00,0xFF,0xFF,0xFF,0xFF,0xFF,0xFF,0xFF,0xFF,0xFF,0xFF,0xFF,0xFF,0xFF,0xFF,0xFF,0xFF,0xFF,0xFF,0xFF,0xFF,0xFF,0xFF,0x00,0x00,0xFF,0xFF,0xFF,0xFF,0xFF,0xFF,
	0xFF,0xFF,0xFF,0xFF,0xFF,0xFF,0xFF,0xFF,0xFF,0xFF,0xFF,0xFF,0xFF,0xFF,0xFF,0xFF,0xFF,0xFF,0xFF,0xFF,0x00,0x00,0x00,0x00,0x00,0xFF,0xFF,0xFF,0xFF,0xFF,0xFF,0xFF,0xFF,0xFF,0xFF,0xFF,0xFF,0xFF,0xFF,0xFF,0xFF,0xFF,0xFF,0xFF,0xFF,0xFF,0xFF,0x00,0x00,0xFF,0xFF,0xFF,0xFF,0xFF,0xFF,0xFF,0xFF,0xFF,0xFF,0xFF,0xFF,0xFF,0xFF,0xFF,
	0xFF,0xFF,0xFF,0xFF,0xFF,0xFF,0xFF,0xFF,0xFF,0xFF,0xFF,0x00,0x00,0x00,0x00,0x00,0xFF,0xFF,0xFF,0xFF,0xFF,0xFF,0xFF,0xFF,0xFF,0xFF,0xFF,0xFF,0xFF,0xFF,0xFF,0xFF,0xFF,0xFF,0xFF,0xFF,0xFF,0xFF,0x00,0x00,0xFF,0xFF,0xFF,0xFF,0xFF,0xFF,0x00,0xFF,0xFF,0xFF,0xFF,0xFF,0xFF,0xFF,0xFF,0xFF,0xFF,0xFF,0xFF,0xFF,0xFF,0xFF,0xFF,0xFF,
	0xFF,0xFF,0x00,0x00,0x00,0x00,0x00,0xFF,0xFF,0xFF,0xFF,0xFF,0xFF,0xFF,0xFF,0xFF,0xFF,0xFF,0xFF,0xFF,0xFF,0xFF,0xFF,0xFF,0xFF,0xFF,0xFF,0xFF,0xFF,0x00,0x00,0xFF,0xFF,0xFF,0xFF,0xFF,0xFF,0xFF,0xFF,0xFF,0xFF,0xFF,0xFF,0xFF,0xFF,0xFF,0xFF,0xFF,0xFF,0xFF,0xFF,0xFF,0xFF,0xFF,0xFF,0xFF,0xFF,0x00,0x00,0x00,0x00,0x00,0xFF,0xFF,
	0xFF,0xFF,0xFF,0xFF,0x00,0x00,0x00,0x00,0x00,0x00,0x00,0x00,0x00,0x00,0xFF,0xFF,0xFF,0xFF,0xFF,0xFF,0x00,0x00,0xFF,0xFF,0xFF,0xFF,0xFF,0xFF,0xFF,0xFF,0xFF,0xFF,0xFF,0xFF,0xFF,0xFF,0xFF,0xFF,0xFF,0xFF,0xFF,0xFF,0xFF,0xFF,0xFF,0xFF,0xFF,0xFF,0x00,0x00,0x00,0x00,0x00,0xFF,0xFF,0xFF,0xFF,0xFF,0xFF,0x00,0x00,0x00,0x00,0x00,
	0x00,0x00,0x00,0x00,0x00,0xFF,0xFF,0xFF,0xFF,0xFF,0xFF,0x00,0x00,0xFF,0xFF,0xFF,0xFF,0xFF,0xFF,0xFF,0xFF,0xFF,0xFF,0xFF,0xFF,0xFF,0xFF,0xFF,0xFF,0xFF,0xFF,0xFF,0xFF,0xFF,0xFF,0xFF,0xFF,0xFF,0xFF,0x00,0x00,0x00,0x00,0x00,0xFF,0xFF,0xFF,0xFF,0xFF,0xFF,0x00,0x00,0x00,0x00,0x00,0x00,0x00,0x00,0x00,0x00,0xFF,0xFF,0xFF,0xFF,
	0xFF,0xFF,0x00,0x00,0xFF,0xFF,0xFF,0xFF,0xFF,0xFF,0xFF,0xFF,0xFF,0xFF,0xFF,0xFF,0xFF,0xFF,0xFF,0xFF,0xFF,0xFF,0xFF,0xFF,0xFF,0xFF,0xFF,0xFF,0xFF,0xFF,0x00,0x00,0x00,0x00,0x00,0xFF,0xFF,0xFF,0xFF,0xFF,0xFF,0x00,0x00,0x00,0x00,0x00,0x00,0x00,0x00,0x00,0x00,0xFF,0xFF,0xFF,0xFF,0xFF,0xFF,0x00,0x00,0xFF,0xFF,0xFF,0xFF,0xFF,
	0xFF,0xFF,0xFF,0xFF,0xFF,0xFF,0xFF,0xFF,0xFF,0xFF,0xFF,0xFF,0xFF,0xFF,0xFF,0xFF,0xFF,0xFF,0xFF,0xFF,0xFF,0x00,0x00,0x00,0x00,0x00,0xFF,0xFF,0xFF,0xFF,0xFF,0xFF,0xFF,0xFF,0xFF,0xFF,0xFF,0xFF,0xFF,0xFF,0xFF,0xFF,0xFF,0xFF,0xFF,0xFF,0xFF,0xFF,0x00,0xFF,0xFF,0xFF,0xFF,0xFF,0xFF,0xFF,0xFF,0xFF,0xFF,0xFF,0xFF,0xFF,0xFF,0xFF,
	0xFF,0xFF,0xFF,0xFF,0xFF,0xFF,0xFF,0xFF,0xFF,0xFF,0xFF,0xFF,0x00,0x00,0x00,0x00,0x00,0xFF,0xFF,0xFF,0xFF,0xFF,0xFF,0xFF,0xFF,0xFF,0xFF,0xFF,0xFF,0xFF,0xFF,0xFF,0xFF,0xFF,0xFF,0xFF,0xFF,0xFF,0xFF,0x00,0xFF,0xFF,0xFF,0xFF,0xFF,0xFF,0xFF,0xFF,0xFF,0xFF,0xFF,0xFF,0xFF,0xFF,0xFF,0xFF,0xFF,0xFF,0xFF,0xFF,0xFF,0xFF,0xFF,0xFF,
	0xFF,0xFF,0xFF,0x00,0x00,0x00,0x00,0x00,0xFF,0xFF,0xFF,0xFF,0xFF,0xFF,0xFF,0xFF,0xFF,0xFF,0xFF,0xFF,0xFF,0xFF,0xFF,0xFF,0xFF,0xFF,0xFF,0xFF,0xFF,0xFF,0x00,0xFF,0xFF,0xFF,0xFF,0xFF,0xFF,0x00,0xFF,0xFF,0xFF,0xFF,0xFF,0xFF,0xFF,0xFF,0xFF,0xFF,0xFF,0xFF,0xFF,0xFF,0xFF,0xFF,0xFF,0xFF,0xFF,0xFF,0x00,0x00,0x00,0x00,0x00,0xFF,
	0xFF,0xFF,0xFF,0xFF,0xFF,0xFF,0xFF,0xFF,0xFF,0xFF,0xFF,0xFF,0xFF,0xFF,0xFF,0xFF,0xFF,0xFF,0xFF,0xFF,0xFF,0x00,0xFF,0xFF,0xFF,0xFF,0xFF,0xFF,0x00,0x00,0xFF,0xFF,0xFF,0xFF,0xFF,0xFF,0xFF,0xFF,0xFF,0xFF,0xFF,0xFF,0xFF,0xFF,0xFF,0xFF,0xFF,0xFF,0xFF,0x00,0x00,0x00,0x00,0x00,0xFF,0xFF,0xFF,0xFF,0xFF,0xFF,0xFF,0xFF,0xFF,0xFF,
	0xFF,0xFF,0xFF,0xFF,0xFF,0xFF,0xFF,0xFF,0xFF,0xFF,0xFF,0xFF,0x00,0xFF,0xFF,0xFF,0xFF,0xFF,0xFF,0x00,0x00,0x00,0x00,0x00,0x00,0x00,0x00,0x00,0x00,0x00,0xFF,0xFF,0xFF,0xFF,0xFF,0xFF,0xFF,0xFF,0xFF,0x00,0x00,0x00,0x00,0x00,0x00,0xFF,0xFF,0xFF,0xFF,0xFF,0xFF,0xFF,0xFF,0xFF,0xFF,0xFF,0xFF,0xFF,0xFF,0xFF,0xFF,0xFF,0xFF,0xFF,
	0xFF,0xFF,0xFF,0x00,0xFF,0xFF,0xFF,0xFF,0xFF,0xFF,0x00,0x00,0x00,0x00,0x00,0x00,0x00,0x00,0x00,0x00,0x00,0xFF,0xFF,0xFF,0xFF,0xFF,0xFF,0xFF,0xFF,0x00,0x00,0x00,0x00,0x00,0x00,0x00,0xFF,0xFF,0xFF,0xFF,0xFF,0xFF,0xFF,0xFF,0xFF,0xFF,0xFF,0xFF,0xFF,0xFF,0xFF,0xFF,0xFF,0xFF,0xFF,0xFF,0xFF,0xFF,0x00,
    };
        


const lv_img_dsc_t face_1891_2_390_dial_img_11_45662_6 = {
    .header.magic = LV_IMAGE_HEADER_MAGIC,
    .header.w = 55,
    .header.h = 29,
    .data_size = sizeof(face_1891_2_390_dial_img_11_45662_data_6),
    .header.cf = LV_COLOR_FORMAT_RGB565A8,
    .data = face_1891_2_390_dial_img_11_45662_data_6};

    