
// File generated by bin2lvgl
// developed by fbiego. 
// https://github.com/fbiego
// Watchface: 1891_2_390

#include "../1891_2_390.h"

#ifndef LV_ATTRIBUTE_MEM_ALIGN
#define LV_ATTRIBUTE_MEM_ALIGN
#endif


// LVGL 9 format (RGB565) // LVGL_9 compatible 
const LV_ATTRIBUTE_MEM_ALIGN uint8_t face_1891_2_390_dial_img_12_56861_data_0[] = {
	//RGB565 data 
	0x00,0x00,0x00,0x00,0x00,0x00,0x00,0x00,0x00,0x00,0x00,0x00,0x00,0x00,0x00,0x00,0x00,0x00,0x00,0x00,0x00,0x00,0x00,0x00,0x00,0x00,0x00,0x00,0x00,0x00,0x00,0x00,0x00,0x00,0x00,0x00,0x00,0x00,0x00,0x00,0x00,0x00,0x00,0x00,0x00,0x00,0x00,0x00,0x00,0x00,0x00,0x00,0x00,0x00,0x00,0x00,0x00,0x00,0x00,0x00,0x00,0x00,0x00,0x00,
	0x00,0x00,0x00,0x00,0x00,0x00,0x00,0x00,0x00,0x00,0x00,0x00,0x00,0x00,0x00,0x00,0x00,0x00,0x00,0x00,0x00,0x00,0x00,0x00,0x00,0x00,0x00,0x00,0x00,0x00,0x00,0x00,0x00,0x00,0x00,0x00,0x00,0x00,0x00,0x00,0x00,0x00,0x00,0x00,0x00,0x00,0x00,0x00,0x00,0x00,0x00,0x00,0x00,0x00,0x00,0x00,0x00,0x00,0x00,0x00,0x00,0x00,0x00,0x00,
	0x00,0x00,0x00,0x00,0x00,0x00,0x00,0x00,0x00,0x00,0x00,0x00,0x00,0x00,0x00,0x00,0x00,0x00,0x82,0x10,0x82,0x10,0x82,0x10,0x82,0x10,0x41,0x08,0x00,0x00,0x00,0x00,0x00,0x00,0x00,0x00,0x00,0x00,0x00,0x00,0x00,0x00,0x00,0x00,0x00,0x00,0x00,0x00,0x00,0x00,0x00,0x00,0x00,0x00,0x00,0x00,0x41,0x08,0x82,0x10,0x82,0x10,0x82,0x10,
	0x82,0x10,0x41,0x08,0x00,0x00,0x00,0x00,0x00,0x00,0x00,0x00,0x00,0x00,0x00,0x00,0x00,0x00,0x00,0x00,0x00,0x00,0x00,0x00,0x00,0x00,0x00,0x00,0x82,0x10,0xE3,0x18,0x65,0x29,0xE3,0x18,0x41,0x08,0x00,0x00,0x00,0x00,0x00,0x00,0x00,0x00,0x00,0x00,0x00,0x00,0x00,0x00,0x00,0x00,0x00,0x00,0x00,0x00,0x00,0x00,0x00,0x00,0x41,0x08,
	0x82,0x10,0x82,0x10,0x82,0x10,0x00,0x00,0x00,0x00,0x00,0x00,0x00,0x00,0x00,0x00,0x00,0x00,0x00,0x00,0x00,0x00,0x00,0x00,0x00,0x00,0x00,0x00,0x41,0x08,0x82,0x10,0x82,0x10,0x82,0x10,0x08,0x42,0x08,0x42,0x08,0x42,0x08,0x42,0x08,0x42,0xE3,0x18,0x41,0x08,0x00,0x00,0x00,0x00,0x00,0x00,0x00,0x00,0x00,0x00,0x00,0x00,0x00,0x00,
	0x00,0x00,0x00,0x00,0x00,0x00,0x00,0x00,0x82,0x10,0x65,0x29,0x08,0x42,0x08,0x42,0x08,0x42,0x08,0x42,0x65,0x29,0x41,0x08,0x00,0x00,0x00,0x00,0x00,0x00,0x00,0x00,0x00,0x00,0x00,0x00,0x00,0x00,0x00,0x00,0x00,0x00,0x82,0x10,0x65,0x29,0x08,0x42,0x6D,0x6B,0x92,0x94,0x6D,0x6B,0x08,0x42,0x82,0x10,0x41,0x08,0x00,0x00,0x00,0x00,
	0x00,0x00,0x00,0x00,0x00,0x00,0x00,0x00,0x00,0x00,0x00,0x00,0x00,0x00,0xE3,0x18,0x08,0x42,0x08,0x42,0x08,0x42,0x08,0x42,0xE3,0x18,0x00,0x00,0x00,0x00,0x00,0x00,0x00,0x00,0x00,0x00,0x00,0x00,0x00,0x00,0x00,0x00,0x00,0x00,0x41,0x08,0xE3,0x18,0x08,0x42,0x08,0x42,0x08,0x42,0x79,0xCE,0x79,0xCE,0x79,0xCE,0x79,0xCE,0x76,0xB5,
	0x6D,0x6B,0x65,0x29,0x00,0x00,0x00,0x00,0x00,0x00,0x00,0x00,0x00,0x00,0x00,0x00,0x00,0x00,0x00,0x00,0x00,0x00,0x00,0x00,0x82,0x10,0x08,0x42,0x92,0x94,0x79,0xCE,0x79,0xCE,0x79,0xCE,0x79,0xCE,0x6D,0x6B,0xE3,0x18,0x00,0x00,0x00,0x00,0x00,0x00,0x00,0x00,0x00,0x00,0x00,0x00,0x00,0x00,0x65,0x29,0x92,0x94,0x76,0xB5,0x79,0xCE,
	0x79,0xCE,0x3D,0xEF,0x3D,0xEF,0x79,0xCE,0x79,0xCE,0x76,0xB5,0x76,0xB5,0x6D,0x6B,0xE3,0x18,0x00,0x00,0x00,0x00,0x00,0x00,0x00,0x00,0x00,0x00,0x00,0x00,0x00,0x00,0x08,0x42,0x76,0xB5,0x79,0xCE,0x79,0xCE,0x79,0xCE,0x92,0x94,0x65,0x29,0x41,0x08,0x00,0x00,0x00,0x00,0x00,0x00,0x00,0x00,0x00,0x00,0x00,0x00,0x00,0x00,0xE3,0x18,
	0x6D,0x6B,0x79,0xCE,0x79,0xCE,0x79,0xCE,0xFF,0xFF,0xFF,0xFF,0xFF,0xFF,0xFF,0xFF,0xFF,0xFF,0x79,0xCE,0x08,0x42,0x00,0x00,0x00,0x00,0x00,0x00,0x00,0x00,0x00,0x00,0x00,0x00,0x00,0x00,0x00,0x00,0x00,0x00,0x00,0x00,0xE3,0x18,0x92,0x94,0x3D,0xEF,0xFF,0xFF,0xFF,0xFF,0xFF,0xFF,0xFF,0xFF,0x92,0x94,0x65,0x29,0x00,0x00,0x00,0x00,
	0x00,0x00,0x00,0x00,0x00,0x00,0x82,0x10,0x65,0x29,0x6D,0x6B,0x3D,0xEF,0xFF,0xFF,0xFF,0xFF,0xFF,0xFF,0xFF,0xFF,0xFF,0xFF,0xFF,0xFF,0xFF,0xFF,0xFF,0xFF,0xFF,0xFF,0x79,0xCE,0x6D,0x6B,0x65,0x29,0x41,0x08,0x00,0x00,0x00,0x00,0x00,0x00,0x00,0x00,0x00,0x00,0x6D,0x6B,0x3D,0xEF,0xFF,0xFF,0xFF,0xFF,0xFF,0xFF,0x79,0xCE,0x92,0x94,
	0xE3,0x18,0x00,0x00,0x00,0x00,0x00,0x00,0x00,0x00,0x00,0x00,0x00,0x00,0x00,0x00,0x65,0x29,0x92,0x94,0xFF,0xFF,0xFF,0xFF,0xFF,0xFF,0xFF,0xFF,0xFF,0xFF,0xFF,0xFF,0xFF,0xFF,0xFF,0xFF,0x3D,0xEF,0x6D,0x6B,0x00,0x00,0x00,0x00,0x00,0x00,0x00,0x00,0x00,0x00,0x00,0x00,0x00,0x00,0x00,0x00,0x00,0x00,0x00,0x00,0x65,0x29,0x79,0xCE,
	0xFF,0xFF,0xFF,0xFF,0xFF,0xFF,0xFF,0xFF,0xFF,0xFF,0x92,0x94,0x65,0x29,0x00,0x00,0x00,0x00,0x00,0x00,0x00,0x00,0x82,0x10,0x08,0x42,0x76,0xB5,0xBE,0xF7,0xFF,0xFF,0xFF,0xFF,0xFF,0xFF,0xFF,0xFF,0x3D,0xEF,0x3D,0xEF,0xBE,0xF7,0xFF,0xFF,0xFF,0xFF,0xFF,0xFF,0xFF,0xFF,0x3D,0xEF,0x76,0xB5,0x65,0x29,0x00,0x00,0x00,0x00,0x00,0x00,
	0x00,0x00,0x00,0x00,0x6D,0x6B,0x79,0xCE,0xBE,0xF7,0xFF,0xFF,0xFF,0xFF,0xFF,0xFF,0x79,0xCE,0x08,0x42,0x00,0x00,0x00,0x00,0x00,0x00,0x00,0x00,0x00,0x00,0x00,0x00,0x00,0x00,0xE3,0x18,0x6D,0x6B,0xFF,0xFF,0xFF,0xFF,0xFF,0xFF,0xFF,0xFF,0xFF,0xFF,0xFF,0xFF,0xFF,0xFF,0xFF,0xFF,0xFF,0xFF,0x92,0x94,0xE3,0x18,0x00,0x00,0x00,0x00,
	0x00,0x00,0x00,0x00,0x00,0x00,0x00,0x00,0x00,0x00,0x00,0x00,0x00,0x00,0x08,0x42,0x3D,0xEF,0xFF,0xFF,0xFF,0xFF,0xFF,0xFF,0xFF,0xFF,0xFF,0xFF,0x92,0x94,0x65,0x29,0x00,0x00,0x00,0x00,0x00,0x00,0x00,0x00,0x65,0x29,0x76,0xB5,0x3D,0xEF,0xFF,0xFF,0xFF,0xFF,0x3D,0xEF,0x92,0x94,0x6D,0x6B,0x6D,0x6B,0x6D,0x6B,0x6D,0x6B,0x92,0x94,
	0x76,0xB5,0x3D,0xEF,0xFF,0xFF,0xFF,0xFF,0x3D,0xEF,0x6D,0x6B,0x65,0x29,0x00,0x00,0x00,0x00,0x00,0x00,0x00,0x00,0x6D,0x6B,0x79,0xCE,0xBE,0xF7,0xFF,0xFF,0xFF,0xFF,0xFF,0xFF,0xBE,0xF7,0x92,0x94,0x65,0x29,0x00,0x00,0x00,0x00,0x00,0x00,0x00,0x00,0x00,0x00,0x00,0x00,0xE3,0x18,0x6D,0x6B,0xFF,0xFF,0xFF,0xFF,0xFF,0xFF,0xFF,0xFF,
	0xFF,0xFF,0xFF,0xFF,0xFF,0xFF,0xFF,0xFF,0xFF,0xFF,0x76,0xB5,0x08,0x42,0x82,0x10,0x00,0x00,0x00,0x00,0x00,0x00,0x00,0x00,0x00,0x00,0x00,0x00,0x00,0x00,0xE3,0x18,0x6D,0x6B,0xBE,0xF7,0xFF,0xFF,0xFF,0xFF,0xFF,0xFF,0xFF,0xFF,0xFF,0xFF,0x92,0x94,0x65,0x29,0x00,0x00,0x00,0x00,0x00,0x00,0x82,0x10,0x6D,0x6B,0xFF,0xFF,0xFF,0xFF,
	0xFF,0xFF,0x3D,0xEF,0x92,0x94,0xE3,0x18,0x00,0x00,0x00,0x00,0x00,0x00,0x00,0x00,0x41,0x08,0x6D,0x6B,0x76,0xB5,0xBE,0xF7,0xFF,0xFF,0xBE,0xF7,0x79,0xCE,0x6D,0x6B,0x00,0x00,0x00,0x00,0x00,0x00,0x00,0x00,0x6D,0x6B,0x79,0xCE,0xBE,0xF7,0xFF,0xFF,0xFF,0xFF,0xFF,0xFF,0xFF,0xFF,0x79,0xCE,0x6D,0x6B,0x41,0x08,0x00,0x00,0x00,0x00,
	0x00,0x00,0x00,0x00,0x00,0x00,0xE3,0x18,0x6D,0x6B,0xFF,0xFF,0xFF,0xFF,0xFF,0xFF,0xFF,0xFF,0xFF,0xFF,0xFF,0xFF,0xFF,0xFF,0xFF,0xFF,0xFF,0xFF,0x79,0xCE,0x6D,0x6B,0xE3,0x18,0x00,0x00,0x00,0x00,0x00,0x00,0x00,0x00,0x00,0x00,0x00,0x00,0x00,0x00,0x08,0x42,0x76,0xB5,0xBE,0xF7,0xFF,0xFF,0xFF,0xFF,0xFF,0xFF,0xFF,0xFF,0xFF,0xFF,
	0x92,0x94,0x65,0x29,0x00,0x00,0x00,0x00,0x00,0x00,0x6D,0x6B,0x76,0xB5,0xFF,0xFF,0xFF,0xFF,0xBE,0xF7,0x6D,0x6B,0x65,0x29,0x00,0x00,0x00,0x00,0x00,0x00,0x00,0x00,0x00,0x00,0x00,0x00,0x82,0x10,0x08,0x42,0x79,0xCE,0xBE,0xF7,0xFF,0xFF,0xBE,0xF7,0x92,0x94,0x82,0x10,0x00,0x00,0x00,0x00,0x00,0x00,0x6D,0x6B,0x79,0xCE,0xBE,0xF7,
	0xFF,0xFF,0xFF,0xFF,0xFF,0xFF,0xFF,0xFF,0xBE,0xF7,0x76,0xB5,0x65,0x29,0x41,0x08,0x00,0x00,0x00,0x00,0x00,0x00,0x00,0x00,0xE3,0x18,0x6D,0x6B,0xFF,0xFF,0xFF,0xFF,0xFF,0xFF,0xFF,0xFF,0xFF,0xFF,0xFF,0xFF,0xFF,0xFF,0xFF,0xFF,0xFF,0xFF,0x3D,0xEF,0x76,0xB5,0x65,0x29,0x00,0x00,0x00,0x00,0x00,0x00,0x00,0x00,0x00,0x00,0x00,0x00,
	0x00,0x00,0x6D,0x6B,0x79,0xCE,0xFF,0xFF,0xBE,0xF7,0xBE,0xF7,0xFF,0xFF,0xFF,0xFF,0xFF,0xFF,0x92,0x94,0x65,0x29,0x00,0x00,0x00,0x00,0x82,0x10,0x92,0x94,0x3D,0xEF,0xFF,0xFF,0xBE,0xF7,0x79,0xCE,0x08,0x42,0x00,0x00,0x00,0x00,0x00,0x00,0x00,0x00,0x00,0x00,0x00,0x00,0x00,0x00,0x00,0x00,0xE3,0x18,0x92,0x94,0x79,0xCE,0xFF,0xFF,
	0xFF,0xFF,0x79,0xCE,0x08,0x42,0x82,0x10,0x00,0x00,0x00,0x00,0x6D,0x6B,0x79,0xCE,0xBE,0xF7,0xBE,0xF7,0x3D,0xEF,0xBE,0xF7,0xFF,0xFF,0xFF,0xFF,0x3D,0xEF,0x92,0x94,0x65,0x29,0x00,0x00,0x00,0x00,0x00,0x00,0x00,0x00,0xE3,0x18,0x6D,0x6B,0xFF,0xFF,0xFF,0xFF,0xFF,0xFF,0xFF,0xFF,0xFF,0xFF,0xFF,0xFF,0x3D,0xEF,0x3D,0xEF,0xFF,0xFF,
	0xFF,0xFF,0x3D,0xEF,0x65,0x29,0x00,0x00,0x00,0x00,0x00,0x00,0x00,0x00,0x00,0x00,0x00,0x00,0x41,0x08,0x76,0xB5,0xFF,0xFF,0xFF,0xFF,0x3D,0xEF,0x79,0xCE,0xBE,0xF7,0xFF,0xFF,0xFF,0xFF,0x92,0x94,0x65,0x29,0x00,0x00,0x00,0x00,0x65,0x29,0x79,0xCE,0xFF,0xFF,0xFF,0xFF,0x3D,0xEF,0x92,0x94,0xE3,0x18,0x00,0x00,0x00,0x00,0x00,0x00,
	0x00,0x00,0x00,0x00,0x00,0x00,0x00,0x00,0x00,0x00,0x41,0x08,0x65,0x29,0x76,0xB5,0xFF,0xFF,0xFF,0xFF,0x3D,0xEF,0x92,0x94,0x65,0x29,0x00,0x00,0x00,0x00,0x6D,0x6B,0x79,0xCE,0xFF,0xFF,0x3D,0xEF,0x76,0xB5,0x79,0xCE,0xFF,0xFF,0xFF,0xFF,0xFF,0xFF,0xBE,0xF7,0x6D,0x6B,0x00,0x00,0x00,0x00,0x00,0x00,0x00,0x00,0xE3,0x18,0x6D,0x6B,
	0xFF,0xFF,0xFF,0xFF,0xFF,0xFF,0xFF,0xFF,0xFF,0xFF,0xFF,0xFF,0x79,0xCE,0x79,0xCE,0xFF,0xFF,0xFF,0xFF,0x3D,0xEF,0x6D,0x6B,0xE3,0x18,0x00,0x00,0x00,0x00,0x00,0x00,0x00,0x00,0x00,0x00,0xE3,0x18,0x76,0xB5,0xFF,0xFF,0xFF,0xFF,0x79,0xCE,0x92,0x94,0x3D,0xEF,0xFF,0xFF,0xFF,0xFF,0x92,0x94,0x65,0x29,0x00,0x00,0x82,0x10,0x08,0x42,
	0x79,0xCE,0xFF,0xFF,0xFF,0xFF,0x76,0xB5,0x6D,0x6B,0x82,0x10,0x00,0x00,0x00,0x00,0x00,0x00,0x00,0x00,0x00,0x00,0x00,0x00,0x00,0x00,0x00,0x00,0x00,0x00,0x41,0x08,0x92,0x94,0xFF,0xFF,0xFF,0xFF,0x3D,0xEF,0x76,0xB5,0x08,0x42,0x00,0x00,0x00,0x00,0x6D,0x6B,0x79,0xCE,0xFF,0xFF,0x3D,0xEF,0x92,0x94,0x92,0x94,0x79,0xCE,0xBE,0xF7,
	0xFF,0xFF,0xFF,0xFF,0x76,0xB5,0x08,0x42,0x00,0x00,0x00,0x00,0x00,0x00,0xE3,0x18,0x6D,0x6B,0xFF,0xFF,0xFF,0xFF,0xFF,0xFF,0xFF,0xFF,0xFF,0xFF,0xFF,0xFF,0x92,0x94,0x92,0x94,0xBE,0xF7,0xFF,0xFF,0xBE,0xF7,0x92,0x94,0x08,0x42,0x00,0x00,0x00,0x00,0x00,0x00,0x00,0x00,0x82,0x10,0x08,0x42,0x79,0xCE,0xFF,0xFF,0xFF,0xFF,0x92,0x94,
	0x6D,0x6B,0x3D,0xEF,0xFF,0xFF,0xFF,0xFF,0x92,0x94,0x65,0x29,0x00,0x00,0xE3,0x18,0x6D,0x6B,0x3D,0xEF,0xFF,0xFF,0xFF,0xFF,0x92,0x94,0x65,0x29,0x41,0x08,0x00,0x00,0x00,0x00,0x00,0x00,0x00,0x00,0x00,0x00,0x00,0x00,0x00,0x00,0x00,0x00,0x00,0x00,0x00,0x00,0x6D,0x6B,0xBE,0xF7,0xFF,0xFF,0xBE,0xF7,0x79,0xCE,0x08,0x42,0x00,0x00,
	0x00,0x00,0x6D,0x6B,0x79,0xCE,0xFF,0xFF,0x3D,0xEF,0x92,0x94,0x6D,0x6B,0x6D,0x6B,0x3D,0xEF,0xFF,0xFF,0xFF,0xFF,0x3D,0xEF,0x76,0xB5,0xE3,0x18,0x00,0x00,0x00,0x00,0xE3,0x18,0x6D,0x6B,0xFF,0xFF,0xFF,0xFF,0xFF,0xFF,0xFF,0xFF,0xFF,0xFF,0xFF,0xFF,0x6D,0x6B,0x6D,0x6B,0x3D,0xEF,0xFF,0xFF,0xBE,0xF7,0x76,0xB5,0x6D,0x6B,0x00,0x00,
	0x00,0x00,0x00,0x00,0x00,0x00,0x65,0x29,0x92,0x94,0x3D,0xEF,0xFF,0xFF,0x3D,0xEF,0x6D,0x6B,0x08,0x42,0x79,0xCE,0xFF,0xFF,0xFF,0xFF,0x92,0x94,0x65,0x29,0x00,0x00,0x65,0x29,0x92,0x94,0x3D,0xEF,0xFF,0xFF,0xFF,0xFF,0x92,0x94,0x65,0x29,0x41,0x08,0x00,0x00,0x00,0x00,0x00,0x00,0x00,0x00,0x00,0x00,0x00,0x00,0x00,0x00,0x00,0x00,
	0x00,0x00,0x00,0x00,0x6D,0x6B,0x79,0xCE,0xBE,0xF7,0xFF,0xFF,0xBE,0xF7,0x08,0x42,0x00,0x00,0x00,0x00,0x6D,0x6B,0x79,0xCE,0xFF,0xFF,0x3D,0xEF,0x92,0x94,0x65,0x29,0xE3,0x18,0x76,0xB5,0xFF,0xFF,0xFF,0xFF,0xFF,0xFF,0x79,0xCE,0x08,0x42,0x82,0x10,0x00,0x00,0xE3,0x18,0x6D,0x6B,0xFF,0xFF,0xFF,0xFF,0xFF,0xFF,0xFF,0xFF,0xFF,0xFF,
	0xFF,0xFF,0x6D,0x6B,0x08,0x42,0x76,0xB5,0x3D,0xEF,0xFF,0xFF,0x3D,0xEF,0x92,0x94,0x00,0x00,0x00,0x00,0x00,0x00,0x00,0x00,0x08,0x42,0x79,0xCE,0xBE,0xF7,0xBE,0xF7,0x76,0xB5,0x6D,0x6B,0x08,0x42,0x79,0xCE,0xFF,0xFF,0xFF,0xFF,0x92,0x94,0x65,0x29,0x00,0x00,0x65,0x29,0x92,0x94,0x3D,0xEF,0xFF,0xFF,0xFF,0xFF,0x92,0x94,0x82,0x10,
	0x00,0x00,0x00,0x00,0x00,0x00,0x00,0x00,0x00,0x00,0x00,0x00,0x00,0x00,0x00,0x00,0x00,0x00,0x00,0x00,0x00,0x00,0x6D,0x6B,0x79,0xCE,0xBE,0xF7,0xFF,0xFF,0xFF,0xFF,0x08,0x42,0x00,0x00,0x00,0x00,0x6D,0x6B,0x79,0xCE,0xFF,0xFF,0x3D,0xEF,0x92,0x94,0xE3,0x18,0x00,0x00,0x6D,0x6B,0x79,0xCE,0xFF,0xFF,0xFF,0xFF,0xBE,0xF7,0x76,0xB5,
	0x08,0x42,0x00,0x00,0xE3,0x18,0x6D,0x6B,0xFF,0xFF,0xFF,0xFF,0xFF,0xFF,0xFF,0xFF,0xFF,0xFF,0xFF,0xFF,0x6D,0x6B,0x08,0x42,0x6D,0x6B,0x79,0xCE,0xFF,0xFF,0xFF,0xFF,0x76,0xB5,0xE3,0x18,0x00,0x00,0x00,0x00,0x00,0x00,0x6D,0x6B,0xBE,0xF7,0xFF,0xFF,0x3D,0xEF,0x6D,0x6B,0x08,0x42,0x08,0x42,0x79,0xCE,0xFF,0xFF,0xFF,0xFF,0x92,0x94,
	0x65,0x29,0x00,0x00,0x65,0x29,0x92,0x94,0x3D,0xEF,0xFF,0xFF,0xFF,0xFF,0x6D,0x6B,0x00,0x00,0x00,0x00,0x00,0x00,0x00,0x00,0x00,0x00,0x00,0x00,0x00,0x00,0x00,0x00,0x00,0x00,0x00,0x00,0x00,0x00,0x00,0x00,0x6D,0x6B,0x79,0xCE,0xBE,0xF7,0xFF,0xFF,0xFF,0xFF,0x08,0x42,0x00,0x00,0x00,0x00,0x6D,0x6B,0x79,0xCE,0xFF,0xFF,0x3D,0xEF,
	0x92,0x94,0x65,0x29,0x00,0x00,0x82,0x10,0x6D,0x6B,0xBE,0xF7,0xFF,0xFF,0xFF,0xFF,0xFF,0xFF,0x92,0x94,0x82,0x10,0xE3,0x18,0x6D,0x6B,0xFF,0xFF,0xFF,0xFF,0xFF,0xFF,0xFF,0xFF,0xFF,0xFF,0xFF,0xFF,0x6D,0x6B,0x65,0x29,0x08,0x42,0x76,0xB5,0xFF,0xFF,0xFF,0xFF,0x79,0xCE,0x08,0x42,0x82,0x10,0x00,0x00,0x65,0x29,0x92,0x94,0xFF,0xFF,
	0xFF,0xFF,0x79,0xCE,0x08,0x42,0xE3,0x18,0x08,0x42,0x79,0xCE,0xFF,0xFF,0xFF,0xFF,0x92,0x94,0x65,0x29,0x00,0x00,0x65,0x29,0x92,0x94,0x3D,0xEF,0xFF,0xFF,0xFF,0xFF,0x92,0x94,0xE3,0x18,0x00,0x00,0x00,0x00,0x00,0x00,0x00,0x00,0x00,0x00,0x00,0x00,0x00,0x00,0x00,0x00,0x00,0x00,0x00,0x00,0x00,0x00,0x6D,0x6B,0x79,0xCE,0xBE,0xF7,
	0xFF,0xFF,0xFF,0xFF,0x6D,0x6B,0x00,0x00,0x00,0x00,0x6D,0x6B,0x79,0xCE,0xFF,0xFF,0x3D,0xEF,0x92,0x94,0x65,0x29,0x00,0x00,0x00,0x00,0x08,0x42,0x76,0xB5,0x3D,0xEF,0xFF,0xFF,0xFF,0xFF,0x76,0xB5,0x6D,0x6B,0x65,0x29,0x6D,0x6B,0xFF,0xFF,0xFF,0xFF,0xFF,0xFF,0xFF,0xFF,0xFF,0xFF,0xFF,0xFF,0x6D,0x6B,0xE3,0x18,0x82,0x10,0x92,0x94,
	0xFF,0xFF,0xFF,0xFF,0x3D,0xEF,0x92,0x94,0xE3,0x18,0x00,0x00,0x08,0x42,0x76,0xB5,0xFF,0xFF,0xFF,0xFF,0x76,0xB5,0xE3,0x18,0x82,0x10,0x08,0x42,0x79,0xCE,0xFF,0xFF,0xFF,0xFF,0x92,0x94,0x65,0x29,0x00,0x00,0x65,0x29,0x92,0x94,0x3D,0xEF,0xFF,0xFF,0xFF,0xFF,0x92,0x94,0x65,0x29,0x41,0x08,0x00,0x00,0x00,0x00,0x00,0x00,0x00,0x00,
	0x00,0x00,0x00,0x00,0x00,0x00,0x00,0x00,0x00,0x00,0x00,0x00,0x6D,0x6B,0x3D,0xEF,0xFF,0xFF,0xFF,0xFF,0x3D,0xEF,0x08,0x42,0x00,0x00,0x00,0x00,0x6D,0x6B,0x79,0xCE,0xFF,0xFF,0x3D,0xEF,0x92,0x94,0x65,0x29,0x00,0x00,0x00,0x00,0xE3,0x18,0x08,0x42,0x79,0xCE,0xFF,0xFF,0xFF,0xFF,0x3D,0xEF,0x76,0xB5,0x6D,0x6B,0x6D,0x6B,0xFF,0xFF,
	0xFF,0xFF,0xFF,0xFF,0xFF,0xFF,0xFF,0xFF,0xFF,0xFF,0x6D,0x6B,0xE3,0x18,0x00,0x00,0x6D,0x6B,0xBE,0xF7,0xFF,0xFF,0xBE,0xF7,0x76,0xB5,0x65,0x29,0x41,0x08,0x92,0x94,0x79,0xCE,0xFF,0xFF,0xBE,0xF7,0x92,0x94,0x41,0x08,0x41,0x08,0x08,0x42,0x3D,0xEF,0xFF,0xFF,0xFF,0xFF,0x92,0x94,0x65,0x29,0x00,0x00,0xE3,0x18,0x6D,0x6B,0x79,0xCE,
	0xFF,0xFF,0xFF,0xFF,0x76,0xB5,0x08,0x42,0x41,0x08,0x00,0x00,0x00,0x00,0x00,0x00,0x00,0x00,0x00,0x00,0x00,0x00,0x00,0x00,0x00,0x00,0x00,0x00,0x00,0x00,0x92,0x94,0xFF,0xFF,0xFF,0xFF,0xBE,0xF7,0x79,0xCE,0x08,0x42,0x00,0x00,0x00,0x00,0x6D,0x6B,0x79,0xCE,0xFF,0xFF,0x3D,0xEF,0x92,0x94,0x65,0x29,0x00,0x00,0x00,0x00,0x00,0x00,
	0x00,0x00,0x92,0x94,0xFF,0xFF,0xFF,0xFF,0xFF,0xFF,0xBE,0xF7,0x92,0x94,0x92,0x94,0xFF,0xFF,0xFF,0xFF,0xFF,0xFF,0xFF,0xFF,0xFF,0xFF,0xFF,0xFF,0x6D,0x6B,0xE3,0x18,0x00,0x00,0x08,0x42,0x79,0xCE,0xBE,0xF7,0xFF,0xFF,0x3D,0xEF,0x08,0x42,0x82,0x10,0x76,0xB5,0xBE,0xF7,0xFF,0xFF,0x79,0xCE,0x6D,0x6B,0x00,0x00,0x41,0x08,0x08,0x42,
	0x3D,0xEF,0xFF,0xFF,0xFF,0xFF,0x92,0x94,0x65,0x29,0x00,0x00,0x41,0x08,0x08,0x42,0x79,0xCE,0xFF,0xFF,0xFF,0xFF,0x79,0xCE,0x6D,0x6B,0x82,0x10,0x00,0x00,0x00,0x00,0x00,0x00,0x00,0x00,0x00,0x00,0x00,0x00,0x00,0x00,0x00,0x00,0x00,0x00,0xE3,0x18,0x92,0x94,0xFF,0xFF,0xFF,0xFF,0x3D,0xEF,0x76,0xB5,0x65,0x29,0x00,0x00,0x00,0x00,
	0x6D,0x6B,0x79,0xCE,0xFF,0xFF,0x3D,0xEF,0x92,0x94,0x65,0x29,0x00,0x00,0x00,0x00,0x00,0x00,0x00,0x00,0x08,0x42,0x76,0xB5,0xFF,0xFF,0xFF,0xFF,0xFF,0xFF,0x3D,0xEF,0x3D,0xEF,0xFF,0xFF,0xFF,0xFF,0xFF,0xFF,0xFF,0xFF,0xFF,0xFF,0xFF,0xFF,0x6D,0x6B,0xE3,0x18,0x00,0x00,0x65,0x29,0x92,0x94,0x3D,0xEF,0xFF,0xFF,0xFF,0xFF,0x6D,0x6B,
	0x08,0x42,0x3D,0xEF,0xFF,0xFF,0xFF,0xFF,0x92,0x94,0x65,0x29,0x00,0x00,0x82,0x10,0x08,0x42,0x3D,0xEF,0xFF,0xFF,0xFF,0xFF,0x92,0x94,0x65,0x29,0x00,0x00,0x00,0x00,0xE3,0x18,0x76,0xB5,0xBE,0xF7,0xFF,0xFF,0xBE,0xF7,0x79,0xCE,0x65,0x29,0x00,0x00,0x00,0x00,0x00,0x00,0x00,0x00,0x00,0x00,0x00,0x00,0x00,0x00,0x00,0x00,0x82,0x10,
	0x08,0x42,0x76,0xB5,0xFF,0xFF,0xFF,0xFF,0x79,0xCE,0x6D,0x6B,0xE3,0x18,0x00,0x00,0x00,0x00,0x6D,0x6B,0x79,0xCE,0xFF,0xFF,0x3D,0xEF,0x92,0x94,0x65,0x29,0x00,0x00,0x00,0x00,0x00,0x00,0x00,0x00,0x82,0x10,0x08,0x42,0x3D,0xEF,0xBE,0xF7,0xFF,0xFF,0xFF,0xFF,0xFF,0xFF,0xFF,0xFF,0xFF,0xFF,0xFF,0xFF,0xFF,0xFF,0xFF,0xFF,0xFF,0xFF,
	0x6D,0x6B,0xE3,0x18,0x00,0x00,0x41,0x08,0x08,0x42,0x79,0xCE,0xFF,0xFF,0xFF,0xFF,0x76,0xB5,0x76,0xB5,0xBE,0xF7,0xFF,0xFF,0xFF,0xFF,0x6D,0x6B,0x41,0x08,0x00,0x00,0x82,0x10,0x08,0x42,0x3D,0xEF,0xFF,0xFF,0xFF,0xFF,0x92,0x94,0x65,0x29,0x00,0x00,0x00,0x00,0x41,0x08,0x6D,0x6B,0x79,0xCE,0xFF,0xFF,0xFF,0xFF,0x3D,0xEF,0x08,0x42,
	0x00,0x00,0x00,0x00,0x00,0x00,0x00,0x00,0x00,0x00,0x00,0x00,0x00,0x00,0x00,0x00,0x65,0x29,0x76,0xB5,0x3D,0xEF,0xFF,0xFF,0xFF,0xFF,0x76,0xB5,0x65,0x29,0x41,0x08,0x00,0x00,0x00,0x00,0x6D,0x6B,0x79,0xCE,0xFF,0xFF,0x3D,0xEF,0x92,0x94,0x65,0x29,0x00,0x00,0x00,0x00,0x00,0x00,0x00,0x00,0x00,0x00,0x65,0x29,0x92,0x94,0x3D,0xEF,
	0xFF,0xFF,0xFF,0xFF,0xFF,0xFF,0xFF,0xFF,0xFF,0xFF,0xFF,0xFF,0xFF,0xFF,0xFF,0xFF,0xFF,0xFF,0x6D,0x6B,0xE3,0x18,0x00,0x00,0x00,0x00,0x65,0x29,0x79,0xCE,0xFF,0xFF,0xFF,0xFF,0x3D,0xEF,0x3D,0xEF,0xFF,0xFF,0xBE,0xF7,0x79,0xCE,0x08,0x42,0x00,0x00,0x00,0x00,0x82,0x10,0x08,0x42,0x3D,0xEF,0xFF,0xFF,0xFF,0xFF,0x92,0x94,0x65,0x29,
	0x00,0x00,0x00,0x00,0x00,0x00,0x08,0x42,0x92,0x94,0xFF,0xFF,0xFF,0xFF,0xBE,0xF7,0x76,0xB5,0x6D,0x6B,0x82,0x10,0x00,0x00,0x00,0x00,0x00,0x00,0x00,0x00,0x00,0x00,0x08,0x42,0x92,0x94,0x3D,0xEF,0xFF,0xFF,0xFF,0xFF,0x3D,0xEF,0x6D,0x6B,0x41,0x08,0x00,0x00,0x00,0x00,0x00,0x00,0x6D,0x6B,0x79,0xCE,0xFF,0xFF,0x3D,0xEF,0x92,0x94,
	0x65,0x29,0x00,0x00,0x00,0x00,0x00,0x00,0x00,0x00,0x00,0x00,0x41,0x08,0x08,0x42,0x76,0xB5,0xFF,0xFF,0xFF,0xFF,0xFF,0xFF,0xFF,0xFF,0xFF,0xFF,0xFF,0xFF,0xFF,0xFF,0xFF,0xFF,0xFF,0xFF,0x6D,0x6B,0xE3,0x18,0x00,0x00,0x00,0x00,0x82,0x10,0x92,0x94,0x3D,0xEF,0xFF,0xFF,0xFF,0xFF,0xFF,0xFF,0xFF,0xFF,0x3D,0xEF,0x76,0xB5,0x65,0x29,
	0x00,0x00,0x00,0x00,0x82,0x10,0x08,0x42,0x3D,0xEF,0xFF,0xFF,0xFF,0xFF,0x92,0x94,0x65,0x29,0x00,0x00,0x00,0x00,0x00,0x00,0x00,0x00,0x08,0x42,0x3D,0xEF,0xFF,0xFF,0xFF,0xFF,0xFF,0xFF,0x79,0xCE,0x08,0x42,0xE3,0x18,0x41,0x08,0x41,0x08,0x41,0x08,0x65,0x29,0x92,0x94,0x3D,0xEF,0xFF,0xFF,0xFF,0xFF,0x3D,0xEF,0x92,0x94,0x08,0x42,
	0x00,0x00,0x00,0x00,0x00,0x00,0x00,0x00,0x6D,0x6B,0x79,0xCE,0xFF,0xFF,0x3D,0xEF,0x92,0x94,0x65,0x29,0x00,0x00,0x00,0x00,0x00,0x00,0x00,0x00,0x00,0x00,0x00,0x00,0x00,0x00,0x6D,0x6B,0x3D,0xEF,0xFF,0xFF,0xFF,0xFF,0xFF,0xFF,0xFF,0xFF,0xFF,0xFF,0xFF,0xFF,0xFF,0xFF,0xFF,0xFF,0x6D,0x6B,0xE3,0x18,0x00,0x00,0x00,0x00,0x41,0x08,
	0x6D,0x6B,0x79,0xCE,0xFF,0xFF,0xFF,0xFF,0xFF,0xFF,0xFF,0xFF,0x79,0xCE,0x6D,0x6B,0xE3,0x18,0x00,0x00,0x00,0x00,0x82,0x10,0x08,0x42,0x3D,0xEF,0xFF,0xFF,0xFF,0xFF,0x92,0x94,0x65,0x29,0x00,0x00,0x00,0x00,0x00,0x00,0x00,0x00,0xE3,0x18,0x92,0x94,0x79,0xCE,0xFF,0xFF,0xFF,0xFF,0xBE,0xF7,0x79,0xCE,0x79,0xCE,0x76,0xB5,0x92,0x94,
	0x76,0xB5,0x79,0xCE,0x3D,0xEF,0xFF,0xFF,0xFF,0xFF,0xFF,0xFF,0x79,0xCE,0x08,0x42,0x82,0x10,0x00,0x00,0x00,0x00,0x00,0x00,0x00,0x00,0x6D,0x6B,0x79,0xCE,0xFF,0xFF,0x3D,0xEF,0x92,0x94,0x65,0x29,0x00,0x00,0x00,0x00,0x00,0x00,0x00,0x00,0x00,0x00,0x00,0x00,0x00,0x00,0x65,0x29,0x6D,0x6B,0x3D,0xEF,0xFF,0xFF,0xFF,0xFF,0xFF,0xFF,
	0xFF,0xFF,0xFF,0xFF,0xFF,0xFF,0xFF,0xFF,0x92,0x94,0x65,0x29,0x00,0x00,0x00,0x00,0x00,0x00,0x65,0x29,0x92,0x94,0xFF,0xFF,0xFF,0xFF,0xFF,0xFF,0xFF,0xFF,0x76,0xB5,0x08,0x42,0x82,0x10,0x00,0x00,0x00,0x00,0x82,0x10,0x6D,0x6B,0x3D,0xEF,0xFF,0xFF,0xFF,0xFF,0x92,0x94,0x65,0x29,0x00,0x00,0x00,0x00,0x00,0x00,0x00,0x00,0x41,0x08,
	0x65,0x29,0x92,0x94,0x79,0xCE,0xBE,0xF7,0xFF,0xFF,0xFF,0xFF,0xFF,0xFF,0xFF,0xFF,0xBE,0xF7,0xFF,0xFF,0xFF,0xFF,0xFF,0xFF,0xFF,0xFF,0x3D,0xEF,0x76,0xB5,0x6D,0x6B,0xE3,0x18,0x00,0x00,0x00,0x00,0x00,0x00,0x00,0x00,0x00,0x00,0x6D,0x6B,0x79,0xCE,0xFF,0xFF,0x3D,0xEF,0x92,0x94,0x65,0x29,0x00,0x00,0x00,0x00,0x00,0x00,0x00,0x00,
	0x00,0x00,0x00,0x00,0x00,0x00,0x41,0x08,0x65,0x29,0x76,0xB5,0xBE,0xF7,0xFF,0xFF,0xFF,0xFF,0xFF,0xFF,0xFF,0xFF,0xFF,0xFF,0xFF,0xFF,0x92,0x94,0x65,0x29,0x00,0x00,0x00,0x00,0x00,0x00,0x41,0x08,0x6D,0x6B,0xFF,0xFF,0xFF,0xFF,0xFF,0xFF,0xFF,0xFF,0x92,0x94,0x41,0x08,0x00,0x00,0x00,0x00,0x00,0x00,0x82,0x10,0x6D,0x6B,0x3D,0xEF,
	0xFF,0xFF,0xFF,0xFF,0x92,0x94,0x65,0x29,0x00,0x00,0x00,0x00,0x00,0x00,0x00,0x00,0x00,0x00,0x00,0x00,0x82,0x10,0x08,0x42,0x79,0xCE,0xFF,0xFF,0xFF,0xFF,0xFF,0xFF,0xFF,0xFF,0xFF,0xFF,0xFF,0xFF,0xFF,0xFF,0xFF,0xFF,0x3D,0xEF,0x92,0x94,0x08,0x42,0x00,0x00,0x00,0x00,0x00,0x00,0x00,0x00,0x00,0x00,0x00,0x00,0x00,0x00,0x6D,0x6B,
	0x79,0xCE,0xFF,0xFF,0x3D,0xEF,0x92,0x94,0x65,0x29,0x00,0x00,0x00,0x00,0x00,0x00,0x00,0x00,0x00,0x00,0x00,0x00,0x00,0x00,0x00,0x00,0x41,0x08,0x6D,0x6B,0x79,0xCE,0xFF,0xFF,0xFF,0xFF,0xFF,0xFF,0x92,0x94,0x92,0x94,0x92,0x94,0x08,0x42,0x82,0x10,0x00,0x00,0x00,0x00,0x00,0x00,0x00,0x00,0x65,0x29,0x92,0x94,0x92,0x94,0x92,0x94,
	0x92,0x94,0x08,0x42,0x00,0x00,0x00,0x00,0x00,0x00,0x00,0x00,0x41,0x08,0x65,0x29,0x6D,0x6B,0x92,0x94,0x92,0x94,0x08,0x42,0xE3,0x18,0x00,0x00,0x00,0x00,0x00,0x00,0x00,0x00,0x00,0x00,0x00,0x00,0x00,0x00,0x82,0x10,0x08,0x42,0x6D,0x6B,0x6D,0x6B,0x92,0x94,0x76,0xB5,0x76,0xB5,0x76,0xB5,0x92,0x94,0x6D,0x6B,0x6D,0x6B,0x65,0x29,
	0x41,0x08,0x00,0x00,0x00,0x00,0x00,0x00,0x00,0x00,0x00,0x00,0x00,0x00,0x00,0x00,0x65,0x29,0x6D,0x6B,0x92,0x94,0x92,0x94,0x08,0x42,0xE3,0x18,0x00,0x00,0x00,0x00,0x00,0x00,0x00,0x00,0x00,0x00,0x00,0x00,0x00,0x00,0x00,0x00,0x00,0x00,0x65,0x29,0x6D,0x6B,0x92,0x94,0x92,0x94,0x92,0x94,0x65,0x29,0x65,0x29,0x65,0x29,0x82,0x10,
	0x00,0x00,0x00,0x00,0x00,0x00,0x00,0x00,0x00,0x00,0x41,0x08,0x65,0x29,0x65,0x29,0x65,0x29,0xE3,0x18,0x82,0x10,0x00,0x00,0x00,0x00,0x00,0x00,0x00,0x00,0x00,0x00,0x41,0x08,0xE3,0x18,0x65,0x29,0x65,0x29,0xE3,0x18,0x41,0x08,0x00,0x00,0x00,0x00,0x00,0x00,0x00,0x00,0x00,0x00,0x00,0x00,0x00,0x00,0x00,0x00,0x00,0x00,0x00,0x00,
	0x82,0x10,0x65,0x29,0x08,0x42,0x6D,0x6B,0x08,0x42,0x65,0x29,0x00,0x00,0x00,0x00,0x00,0x00,0x00,0x00,0x00,0x00,0x00,0x00,0x00,0x00,0x00,0x00,0x00,0x00,0x00,0x00,0x00,0x00,0x82,0x10,0xE3,0x18,0x65,0x29,0x65,0x29,0x82,0x10,0x41,0x08,0x00,0x00,0x00,0x00,0x00,0x00,0x00,0x00,0x00,0x00,0x00,0x00,0x00,0x00,0x00,0x00,0x00,0x00,
	0x00,0x00,0x82,0x10,0x65,0x29,0x65,0x29,0x65,0x29,

	// Alpha Channel 
	0x00,0x00,0x00,0x00,0x00,0x00,0x00,0x00,0x00,0x00,0x00,0x00,0x00,0x00,0x00,0x00,0x00,0x00,0x00,0x00,0x00,0x00,0x00,0x00,0x00,0x00,0x00,0x00,0x00,0x00,0x00,0x00,0x00,0x00,0x00,0x00,0x00,0x00,0x00,0x00,0x00,0x00,0x00,0x00,0x00,0x00,0x00,0x00,0x00,0x00,0x00,0x00,0x00,0x00,0x00,0x00,0x00,0x00,0x00,0x00,0x00,0x00,0x00,0x00,
	0x00,0x00,0x00,0x00,0x00,0x00,0x00,0x00,0x00,0xFF,0xFF,0xFF,0xFF,0xFF,0x00,0x00,0x00,0x00,0x00,0x00,0x00,0x00,0x00,0x00,0x00,0x00,0x00,0x00,0xFF,0xFF,0xFF,0xFF,0xFF,0xFF,0x00,0x00,0x00,0x00,0x00,0x00,0x00,0x00,0x00,0x00,0x00,0x00,0xFF,0xFF,0xFF,0xFF,0xFF,0x00,0x00,0x00,0x00,0x00,0x00,0x00,0x00,0x00,0x00,0x00,0x00,0xFF,
	0xFF,0xFF,0xFF,0x00,0x00,0x00,0x00,0x00,0x00,0x00,0x00,0x00,0x00,0x00,0xFF,0xFF,0xFF,0xFF,0xFF,0xFF,0xFF,0xFF,0xFF,0xFF,0xFF,0x00,0x00,0x00,0x00,0x00,0x00,0x00,0x00,0x00,0x00,0x00,0xFF,0xFF,0xFF,0xFF,0xFF,0xFF,0xFF,0xFF,0x00,0x00,0x00,0x00,0x00,0x00,0x00,0x00,0x00,0xFF,0xFF,0xFF,0xFF,0xFF,0xFF,0xFF,0xFF,0xFF,0x00,0x00,
	0x00,0x00,0x00,0x00,0x00,0x00,0x00,0xFF,0xFF,0xFF,0xFF,0xFF,0xFF,0x00,0x00,0x00,0x00,0x00,0x00,0x00,0x00,0x00,0xFF,0xFF,0xFF,0xFF,0xFF,0xFF,0xFF,0xFF,0xFF,0xFF,0xFF,0xFF,0x00,0x00,0x00,0x00,0x00,0x00,0x00,0x00,0x00,0x00,0xFF,0xFF,0xFF,0xFF,0xFF,0xFF,0xFF,0xFF,0xFF,0x00,0x00,0x00,0x00,0x00,0x00,0x00,0xFF,0xFF,0xFF,0xFF,
	0xFF,0xFF,0xFF,0xFF,0xFF,0xFF,0xFF,0xFF,0xFF,0x00,0x00,0x00,0x00,0x00,0x00,0x00,0xFF,0xFF,0xFF,0xFF,0xFF,0xFF,0xFF,0xFF,0x00,0x00,0x00,0x00,0x00,0x00,0x00,0xFF,0xFF,0xFF,0xFF,0xFF,0xFF,0xFF,0xFF,0xFF,0xFF,0xFF,0xFF,0x00,0x00,0x00,0x00,0x00,0x00,0x00,0x00,0x00,0x00,0xFF,0xFF,0xFF,0xFF,0xFF,0xFF,0xFF,0xFF,0xFF,0x00,0x00,
	0x00,0x00,0x00,0xFF,0xFF,0xFF,0xFF,0xFF,0xFF,0xFF,0xFF,0xFF,0xFF,0xFF,0xFF,0xFF,0xFF,0xFF,0xFF,0xFF,0x00,0x00,0x00,0x00,0x00,0xFF,0xFF,0xFF,0xFF,0xFF,0xFF,0xFF,0xFF,0x00,0x00,0x00,0x00,0x00,0x00,0x00,0xFF,0xFF,0xFF,0xFF,0xFF,0xFF,0xFF,0xFF,0xFF,0xFF,0xFF,0xFF,0x00,0x00,0x00,0x00,0x00,0x00,0x00,0x00,0x00,0x00,0xFF,0xFF,
	0xFF,0xFF,0xFF,0xFF,0xFF,0xFF,0xFF,0x00,0x00,0x00,0x00,0xFF,0xFF,0xFF,0xFF,0xFF,0xFF,0xFF,0xFF,0xFF,0xFF,0xFF,0xFF,0xFF,0xFF,0xFF,0xFF,0xFF,0xFF,0x00,0x00,0x00,0x00,0x00,0xFF,0xFF,0xFF,0xFF,0xFF,0xFF,0xFF,0xFF,0x00,0x00,0x00,0x00,0x00,0x00,0x00,0xFF,0xFF,0xFF,0xFF,0xFF,0xFF,0xFF,0xFF,0xFF,0xFF,0xFF,0xFF,0xFF,0x00,0x00,
	0x00,0x00,0x00,0x00,0x00,0x00,0x00,0xFF,0xFF,0xFF,0xFF,0xFF,0xFF,0xFF,0xFF,0xFF,0x00,0x00,0x00,0x00,0xFF,0xFF,0xFF,0xFF,0xFF,0xFF,0xFF,0xFF,0xFF,0xFF,0xFF,0xFF,0xFF,0xFF,0xFF,0xFF,0xFF,0xFF,0xFF,0x00,0x00,0x00,0x00,0xFF,0xFF,0xFF,0xFF,0xFF,0xFF,0xFF,0xFF,0xFF,0x00,0x00,0x00,0x00,0x00,0x00,0xFF,0xFF,0xFF,0xFF,0xFF,0xFF,
	0xFF,0xFF,0xFF,0xFF,0xFF,0xFF,0xFF,0xFF,0x00,0x00,0x00,0x00,0x00,0x00,0x00,0xFF,0xFF,0xFF,0xFF,0xFF,0xFF,0xFF,0xFF,0xFF,0xFF,0x00,0x00,0x00,0xFF,0xFF,0xFF,0xFF,0xFF,0xFF,0xFF,0xFF,0x00,0x00,0x00,0x00,0xFF,0xFF,0xFF,0xFF,0xFF,0xFF,0xFF,0xFF,0x00,0x00,0x00,0x00,0xFF,0xFF,0xFF,0xFF,0xFF,0xFF,0xFF,0xFF,0xFF,0xFF,0x00,0x00,
	0x00,0x00,0x00,0xFF,0xFF,0xFF,0xFF,0xFF,0xFF,0xFF,0xFF,0xFF,0xFF,0xFF,0xFF,0xFF,0xFF,0x00,0x00,0x00,0x00,0x00,0x00,0x00,0xFF,0xFF,0xFF,0xFF,0xFF,0xFF,0xFF,0xFF,0xFF,0xFF,0x00,0x00,0x00,0xFF,0xFF,0xFF,0xFF,0xFF,0xFF,0xFF,0x00,0x00,0x00,0x00,0x00,0x00,0xFF,0xFF,0xFF,0xFF,0xFF,0xFF,0xFF,0xFF,0x00,0x00,0x00,0xFF,0xFF,0xFF,
	0xFF,0xFF,0xFF,0xFF,0xFF,0xFF,0xFF,0xFF,0x00,0x00,0x00,0x00,0xFF,0xFF,0xFF,0xFF,0xFF,0xFF,0xFF,0xFF,0xFF,0xFF,0xFF,0xFF,0xFF,0xFF,0x00,0x00,0x00,0x00,0x00,0x00,0x00,0xFF,0xFF,0xFF,0xFF,0xFF,0xFF,0xFF,0xFF,0xFF,0xFF,0x00,0x00,0xFF,0xFF,0xFF,0xFF,0xFF,0xFF,0xFF,0x00,0x00,0x00,0x00,0x00,0x00,0x00,0x00,0xFF,0xFF,0xFF,0xFF,
	0xFF,0xFF,0xFF,0xFF,0x00,0x00,0xFF,0xFF,0xFF,0xFF,0xFF,0xFF,0xFF,0xFF,0xFF,0xFF,0xFF,0x00,0x00,0x00,0x00,0xFF,0xFF,0xFF,0xFF,0xFF,0xFF,0xFF,0xFF,0xFF,0xFF,0xFF,0xFF,0xFF,0xFF,0x00,0x00,0x00,0x00,0x00,0x00,0xFF,0xFF,0xFF,0xFF,0xFF,0xFF,0xFF,0xFF,0xFF,0xFF,0xFF,0x00,0x00,0xFF,0xFF,0xFF,0xFF,0xFF,0xFF,0xFF,0x00,0x00,0x00,
	0x00,0x00,0x00,0x00,0x00,0xFF,0xFF,0xFF,0xFF,0xFF,0xFF,0xFF,0xFF,0x00,0x00,0xFF,0xFF,0xFF,0xFF,0xFF,0xFF,0xFF,0xFF,0xFF,0xFF,0xFF,0x00,0x00,0x00,0x00,0xFF,0xFF,0xFF,0xFF,0xFF,0xFF,0xFF,0xFF,0xFF,0xFF,0xFF,0xFF,0xFF,0xFF,0xFF,0x00,0x00,0x00,0x00,0x00,0xFF,0xFF,0xFF,0xFF,0xFF,0xFF,0xFF,0xFF,0xFF,0xFF,0xFF,0x00,0xFF,0xFF,
	0xFF,0xFF,0xFF,0xFF,0xFF,0xFF,0x00,0x00,0x00,0x00,0x00,0x00,0x00,0x00,0x00,0xFF,0xFF,0xFF,0xFF,0xFF,0xFF,0xFF,0x00,0x00,0xFF,0xFF,0xFF,0xFF,0xFF,0xFF,0xFF,0xFF,0xFF,0xFF,0xFF,0xFF,0x00,0x00,0x00,0xFF,0xFF,0xFF,0xFF,0xFF,0xFF,0xFF,0xFF,0xFF,0xFF,0xFF,0xFF,0xFF,0xFF,0xFF,0x00,0x00,0x00,0x00,0xFF,0xFF,0xFF,0xFF,0xFF,0xFF,
	0xFF,0xFF,0xFF,0xFF,0xFF,0xFF,0x00,0xFF,0xFF,0xFF,0xFF,0xFF,0xFF,0xFF,0xFF,0x00,0x00,0x00,0x00,0x00,0x00,0x00,0x00,0x00,0x00,0xFF,0xFF,0xFF,0xFF,0xFF,0xFF,0x00,0x00,0xFF,0xFF,0xFF,0xFF,0xFF,0xFF,0xFF,0xFF,0xFF,0xFF,0xFF,0xFF,0xFF,0x00,0x00,0xFF,0xFF,0xFF,0xFF,0xFF,0xFF,0xFF,0xFF,0xFF,0xFF,0xFF,0xFF,0xFF,0xFF,0xFF,0x00,
	0x00,0x00,0x00,0xFF,0xFF,0xFF,0xFF,0xFF,0xFF,0xFF,0xFF,0xFF,0xFF,0xFF,0xFF,0x00,0xFF,0xFF,0xFF,0xFF,0xFF,0xFF,0xFF,0xFF,0x00,0x00,0x00,0x00,0x00,0x00,0x00,0x00,0x00,0x00,0xFF,0xFF,0xFF,0xFF,0xFF,0xFF,0x00,0x00,0xFF,0xFF,0xFF,0xFF,0xFF,0xFF,0xFF,0xFF,0xFF,0xFF,0xFF,0xFF,0xFF,0xFF,0x00,0xFF,0xFF,0xFF,0xFF,0xFF,0xFF,0xFF,
	0xFF,0xFF,0xFF,0xFF,0xFF,0xFF,0xFF,0xFF,0x00,0x00,0x00,0x00,0xFF,0xFF,0xFF,0xFF,0xFF,0xFF,0xFF,0xFF,0xFF,0xFF,0xFF,0xFF,0x00,0xFF,0xFF,0xFF,0xFF,0xFF,0xFF,0xFF,0x00,0x00,0x00,0x00,0x00,0x00,0x00,0x00,0x00,0x00,0x00,0xFF,0xFF,0xFF,0xFF,0xFF,0xFF,0x00,0x00,0xFF,0xFF,0xFF,0xFF,0xFF,0xFF,0x00,0xFF,0xFF,0xFF,0xFF,0xFF,0xFF,
	0xFF,0x00,0xFF,0xFF,0xFF,0xFF,0xFF,0xFF,0xFF,0xFF,0xFF,0xFF,0xFF,0xFF,0xFF,0xFF,0xFF,0xFF,0x00,0x00,0x00,0xFF,0xFF,0xFF,0xFF,0xFF,0xFF,0xFF,0xFF,0xFF,0xFF,0xFF,0xFF,0x00,0xFF,0xFF,0xFF,0xFF,0xFF,0xFF,0x00,0x00,0x00,0x00,0x00,0x00,0x00,0x00,0x00,0x00,0x00,0x00,0xFF,0xFF,0xFF,0xFF,0xFF,0xFF,0x00,0x00,0xFF,0xFF,0xFF,0xFF,
	0xFF,0xFF,0x00,0xFF,0xFF,0xFF,0xFF,0xFF,0xFF,0xFF,0xFF,0xFF,0xFF,0xFF,0xFF,0xFF,0xFF,0xFF,0xFF,0xFF,0xFF,0xFF,0xFF,0xFF,0xFF,0xFF,0xFF,0xFF,0x00,0xFF,0xFF,0xFF,0xFF,0xFF,0xFF,0xFF,0xFF,0xFF,0xFF,0xFF,0xFF,0xFF,0x00,0xFF,0xFF,0xFF,0xFF,0xFF,0xFF,0xFF,0x00,0x00,0x00,0x00,0x00,0x00,0x00,0x00,0x00,0x00,0x00,0xFF,0xFF,0xFF,
	0xFF,0xFF,0xFF,0x00,0x00,0xFF,0xFF,0xFF,0xFF,0xFF,0xFF,0x00,0x00,0xFF,0xFF,0xFF,0xFF,0xFF,0xFF,0xFF,0xFF,0xFF,0xFF,0xFF,0xFF,0xFF,0xFF,0xFF,0xFF,0xFF,0xFF,0xFF,0xFF,0xFF,0xFF,0xFF,0xFF,0x00,0xFF,0xFF,0xFF,0xFF,0xFF,0xFF,0xFF,0xFF,0xFF,0xFF,0xFF,0xFF,0xFF,0x00,0xFF,0xFF,0xFF,0xFF,0xFF,0xFF,0xFF,0xFF,0x00,0x00,0x00,0x00,
	0x00,0x00,0x00,0x00,0x00,0x00,0xFF,0xFF,0xFF,0xFF,0xFF,0xFF,0x00,0x00,0xFF,0xFF,0xFF,0xFF,0xFF,0xFF,0x00,0x00,0xFF,0xFF,0xFF,0xFF,0xFF,0xFF,0xFF,0xFF,0xFF,0xFF,0xFF,0xFF,0xFF,0xFF,0xFF,0xFF,0xFF,0x00,0xFF,0xFF,0xFF,0xFF,0xFF,0xFF,0xFF,0xFF,0xFF,0xFF,0xFF,0xFF,0xFF,0xFF,0xFF,0xFF,0xFF,0xFF,0xFF,0xFF,0x00,0xFF,0xFF,0xFF,
	0xFF,0xFF,0xFF,0xFF,0xFF,0x00,0x00,0x00,0x00,0x00,0x00,0x00,0x00,0x00,0x00,0xFF,0xFF,0xFF,0xFF,0xFF,0xFF,0x00,0x00,0xFF,0xFF,0xFF,0xFF,0xFF,0xFF,0x00,0x00,0x00,0x00,0xFF,0xFF,0xFF,0xFF,0xFF,0xFF,0xFF,0xFF,0xFF,0xFF,0xFF,0xFF,0xFF,0xFF,0xFF,0x00,0xFF,0xFF,0xFF,0xFF,0xFF,0xFF,0xFF,0xFF,0xFF,0xFF,0xFF,0xFF,0x00,0xFF,0xFF,
	0xFF,0xFF,0xFF,0xFF,0xFF,0x00,0xFF,0xFF,0xFF,0xFF,0xFF,0xFF,0xFF,0xFF,0x00,0x00,0x00,0x00,0x00,0x00,0x00,0x00,0x00,0xFF,0xFF,0xFF,0xFF,0xFF,0xFF,0xFF,0x00,0x00,0xFF,0xFF,0xFF,0xFF,0xFF,0xFF,0x00,0x00,0x00,0x00,0xFF,0xFF,0xFF,0xFF,0xFF,0xFF,0xFF,0xFF,0xFF,0xFF,0xFF,0xFF,0xFF,0xFF,0xFF,0x00,0xFF,0xFF,0xFF,0xFF,0xFF,0xFF,
	0xFF,0xFF,0xFF,0xFF,0xFF,0xFF,0x00,0xFF,0xFF,0xFF,0xFF,0xFF,0xFF,0xFF,0x00,0x00,0xFF,0xFF,0xFF,0xFF,0xFF,0xFF,0xFF,0x00,0x00,0x00,0x00,0x00,0x00,0x00,0x00,0xFF,0xFF,0xFF,0xFF,0xFF,0xFF,0xFF,0xFF,0x00,0x00,0xFF,0xFF,0xFF,0xFF,0xFF,0xFF,0x00,0x00,0x00,0x00,0xFF,0xFF,0xFF,0xFF,0xFF,0xFF,0xFF,0xFF,0xFF,0xFF,0xFF,0xFF,0xFF,
	0xFF,0xFF,0x00,0xFF,0xFF,0xFF,0xFF,0xFF,0xFF,0xFF,0xFF,0xFF,0xFF,0xFF,0xFF,0x00,0xFF,0xFF,0xFF,0xFF,0xFF,0xFF,0xFF,0x00,0x00,0xFF,0xFF,0xFF,0xFF,0xFF,0xFF,0xFF,0x00,0x00,0x00,0x00,0x00,0x00,0x00,0x00,0xFF,0xFF,0xFF,0xFF,0xFF,0xFF,0xFF,0xFF,0x00,0x00,0xFF,0xFF,0xFF,0xFF,0xFF,0xFF,0x00,0x00,0x00,0x00,0x00,0xFF,0xFF,0xFF,
	0xFF,0xFF,0xFF,0xFF,0xFF,0xFF,0xFF,0xFF,0xFF,0xFF,0xFF,0x00,0x00,0xFF,0xFF,0xFF,0xFF,0xFF,0xFF,0xFF,0xFF,0xFF,0xFF,0x00,0x00,0xFF,0xFF,0xFF,0xFF,0xFF,0xFF,0xFF,0x00,0x00,0x00,0xFF,0xFF,0xFF,0xFF,0xFF,0xFF,0xFF,0xFF,0x00,0x00,0x00,0x00,0x00,0xFF,0xFF,0xFF,0xFF,0xFF,0xFF,0xFF,0xFF,0x00,0x00,0x00,0xFF,0xFF,0xFF,0xFF,0xFF,
	0xFF,0x00,0x00,0x00,0x00,0x00,0xFF,0xFF,0xFF,0xFF,0xFF,0xFF,0xFF,0xFF,0xFF,0xFF,0xFF,0xFF,0xFF,0xFF,0x00,0x00,0xFF,0xFF,0xFF,0xFF,0xFF,0xFF,0xFF,0xFF,0xFF,0xFF,0x00,0x00,0xFF,0xFF,0xFF,0xFF,0xFF,0xFF,0xFF,0x00,0x00,0x00,0x00,0xFF,0xFF,0xFF,0xFF,0xFF,0xFF,0xFF,0xFF,0xFF,0xFF,0xFF,0xFF,0xFF,0xFF,0xFF,0xFF,0xFF,0xFF,0xFF,
	0x00,0x00,0x00,0x00,0xFF,0xFF,0xFF,0xFF,0xFF,0xFF,0x00,0x00,0x00,0x00,0x00,0x00,0x00,0xFF,0xFF,0xFF,0xFF,0xFF,0xFF,0xFF,0xFF,0xFF,0xFF,0xFF,0xFF,0x00,0x00,0xFF,0xFF,0xFF,0xFF,0xFF,0xFF,0xFF,0xFF,0xFF,0xFF,0x00,0x00,0xFF,0xFF,0xFF,0xFF,0xFF,0xFF,0xFF,0x00,0x00,0x00,0x00,0xFF,0xFF,0xFF,0xFF,0xFF,0xFF,0xFF,0xFF,0xFF,0xFF,
	0xFF,0xFF,0xFF,0xFF,0xFF,0xFF,0xFF,0xFF,0xFF,0x00,0x00,0x00,0x00,0xFF,0xFF,0xFF,0xFF,0xFF,0xFF,0x00,0x00,0x00,0x00,0x00,0x00,0x00,0xFF,0xFF,0xFF,0xFF,0xFF,0xFF,0xFF,0xFF,0xFF,0xFF,0xFF,0xFF,0x00,0x00,0x00,0xFF,0xFF,0xFF,0xFF,0xFF,0xFF,0xFF,0xFF,0xFF,0x00,0x00,0xFF,0xFF,0xFF,0xFF,0xFF,0xFF,0xFF,0x00,0x00,0x00,0x00,0xFF,
	0xFF,0xFF,0xFF,0xFF,0xFF,0xFF,0xFF,0xFF,0xFF,0xFF,0xFF,0xFF,0xFF,0xFF,0xFF,0xFF,0xFF,0x00,0x00,0x00,0x00,0x00,0xFF,0xFF,0xFF,0xFF,0xFF,0xFF,0x00,0x00,0x00,0x00,0x00,0x00,0x00,0xFF,0xFF,0xFF,0xFF,0xFF,0xFF,0xFF,0xFF,0xFF,0xFF,0xFF,0xFF,0x00,0x00,0x00,0xFF,0xFF,0xFF,0xFF,0xFF,0xFF,0xFF,0xFF,0x00,0x00,0x00,0xFF,0xFF,0xFF,
	0xFF,0xFF,0xFF,0xFF,0x00,0x00,0x00,0x00,0x00,0x00,0xFF,0xFF,0xFF,0xFF,0xFF,0xFF,0xFF,0xFF,0xFF,0xFF,0xFF,0xFF,0xFF,0xFF,0x00,0x00,0x00,0x00,0x00,0x00,0x00,0xFF,0xFF,0xFF,0xFF,0xFF,0xFF,0x00,0x00,0x00,0x00,0x00,0x00,0x00,0x00,0xFF,0xFF,0xFF,0xFF,0xFF,0xFF,0xFF,0xFF,0xFF,0xFF,0xFF,0x00,0x00,0x00,0x00,0xFF,0xFF,0xFF,0xFF,
	0xFF,0xFF,0x00,0x00,0x00,0x00,0xFF,0xFF,0xFF,0xFF,0xFF,0xFF,0xFF,0x00,0x00,0x00,0x00,0x00,0x00,0x00,0xFF,0xFF,0xFF,0xFF,0xFF,0xFF,0xFF,0xFF,0xFF,0xFF,0xFF,0xFF,0xFF,0x00,0x00,0x00,0x00,0x00,0x00,0x00,0xFF,0xFF,0xFF,0xFF,0xFF,0xFF,0x00,0x00,0x00,0x00,0x00,0x00,0x00,0x00,0x00,0xFF,0xFF,0xFF,0xFF,0xFF,0xFF,0xFF,0xFF,0xFF,
	0x00,0x00,0x00,0x00,0x00,0xFF,0xFF,0xFF,0xFF,0xFF,0xFF,0x00,0x00,0x00,0x00,0x00,0xFF,0xFF,0xFF,0xFF,0xFF,0xFF,0x00,0x00,0x00,0x00,0x00,0x00,0x00,0x00,0x00,0x00,0xFF,0xFF,0xFF,0xFF,0xFF,0xFF,0x00,0x00,0x00,0x00,0x00,0x00,0x00,0x00,0x00,0x00,0x00,0xFF,0xFF,0xFF,0xFF,0xFF,0xFF,0x00,0x00,0x00,0x00,0x00,0x00,0x00,0x00,0x00,
	0x00,0xFF,0xFF,0xFF,0xFF,
    };
        


const lv_img_dsc_t face_1891_2_390_dial_img_12_56861_0 = {
    .header.magic = LV_IMAGE_HEADER_MAGIC,
    .header.w = 73,
    .header.h = 29,
    .data_size = sizeof(face_1891_2_390_dial_img_12_56861_data_0),
    .header.cf = LV_COLOR_FORMAT_RGB565A8,
    .data = face_1891_2_390_dial_img_12_56861_data_0};

    
// LVGL 9 format (RGB565) // LVGL_9 compatible 
const LV_ATTRIBUTE_MEM_ALIGN uint8_t face_1891_2_390_dial_img_12_56861_data_1[] = {
	//RGB565 data 
	0x41,0x08,0x41,0x08,0x41,0x08,0x00,0x00,0x00,0x00,0x00,0x00,0x00,0x00,0x00,0x00,0x00,0x00,0x00,0x00,0x00,0x00,0x00,0x00,0x00,0x00,0x00,0x00,0x00,0x00,0x00,0x00,0x00,0x00,0x00,0x00,0x00,0x00,0x00,0x00,0x00,0x00,0x00,0x00,0x00,0x00,0x00,0x00,0x00,0x00,0x00,0x00,0x00,0x00,0x00,0x00,0x00,0x00,0x00,0x00,0x00,0x00,0x00,0x00,
	0x00,0x00,0x00,0x00,0x00,0x00,0x00,0x00,0x00,0x00,0x00,0x00,0x41,0x08,0x82,0x10,0x41,0x08,0x00,0x00,0x00,0x00,0x00,0x00,0x00,0x00,0x00,0x00,0x00,0x00,0x00,0x00,0x00,0x00,0x00,0x00,0x00,0x00,0x00,0x00,0x00,0x00,0x00,0x00,0x00,0x00,0x00,0x00,0x00,0x00,0x00,0x00,0x00,0x00,0x00,0x00,0x00,0x00,0x00,0x00,0x00,0x00,0x00,0x00,
	0x00,0x00,0x00,0x00,0x00,0x00,0x00,0x00,0x00,0x00,0x00,0x00,0x00,0x00,0x41,0x08,0x41,0x08,0x00,0x00,0x00,0x00,0x00,0x00,0x00,0x00,0x00,0x00,0x00,0x00,0x00,0x00,0x41,0x08,0x82,0x10,0x82,0x10,0x41,0x08,0x41,0x08,0x41,0x08,0x41,0x08,0x82,0x10,0x82,0x10,0x82,0x10,0x82,0x10,0x82,0x10,0x82,0x10,0x82,0x10,0x41,0x08,0x41,0x08,
	0x41,0x08,0x00,0x00,0x00,0x00,0x41,0x08,0x41,0x08,0x82,0x10,0x82,0x10,0x41,0x08,0x00,0x00,0x00,0x00,0x00,0x00,0x00,0x00,0x00,0x00,0x00,0x00,0x00,0x00,0x00,0x00,0x00,0x00,0x00,0x00,0x00,0x00,0x41,0x08,0x82,0x10,0x82,0x10,0x41,0x08,0x41,0x08,0x00,0x00,0x00,0x00,0x00,0x00,0x41,0x08,0x82,0x10,0x82,0x10,0x82,0x10,0x41,0x08,
	0x41,0x08,0x41,0x08,0x82,0x10,0x82,0x10,0x82,0x10,0x82,0x10,0x82,0x10,0x82,0x10,0x82,0x10,0x82,0x10,0x00,0x00,0x00,0x00,0x00,0x00,0x00,0x00,0x00,0x00,0x00,0x00,0x00,0x00,0x00,0x00,0x00,0x00,0x00,0x00,0x00,0x00,0x00,0x00,0x00,0x00,0x00,0x00,0xE3,0x18,0x08,0x42,0x08,0x42,0x08,0x42,0x08,0x42,0x08,0x42,0x08,0x42,0x08,0x42,
	0x08,0x42,0x08,0x42,0x08,0x42,0x08,0x42,0x08,0x42,0x08,0x42,0x08,0x42,0x08,0x42,0x08,0x42,0x65,0x29,0x82,0x10,0x00,0x00,0xE3,0x18,0x65,0x29,0x08,0x42,0x08,0x42,0x65,0x29,0x00,0x00,0x00,0x00,0x00,0x00,0x00,0x00,0x00,0x00,0x00,0x00,0x00,0x00,0x00,0x00,0x00,0x00,0x00,0x00,0x00,0x00,0x65,0x29,0x08,0x42,0x08,0x42,0x65,0x29,
	0xE3,0x18,0x00,0x00,0x00,0x00,0x00,0x00,0xE3,0x18,0x08,0x42,0x08,0x42,0x08,0x42,0x08,0x42,0x08,0x42,0x08,0x42,0x08,0x42,0x08,0x42,0x08,0x42,0x08,0x42,0x08,0x42,0x08,0x42,0x08,0x42,0x08,0x42,0x82,0x10,0x00,0x00,0x00,0x00,0x00,0x00,0x00,0x00,0x00,0x00,0x00,0x00,0x00,0x00,0x00,0x00,0x00,0x00,0x00,0x00,0x00,0x00,0x00,0x00,
	0x00,0x00,0x08,0x42,0x76,0xB5,0x79,0xCE,0x79,0xCE,0x79,0xCE,0x79,0xCE,0x79,0xCE,0x79,0xCE,0x79,0xCE,0x79,0xCE,0x79,0xCE,0x79,0xCE,0x79,0xCE,0x79,0xCE,0x79,0xCE,0x79,0xCE,0x79,0xCE,0x92,0x94,0x65,0x29,0x00,0x00,0x08,0x42,0x92,0x94,0x79,0xCE,0x79,0xCE,0x92,0x94,0x41,0x08,0x00,0x00,0x00,0x00,0x00,0x00,0x00,0x00,0x00,0x00,
	0x00,0x00,0x00,0x00,0x00,0x00,0x00,0x00,0x41,0x08,0x92,0x94,0x79,0xCE,0x79,0xCE,0x92,0x94,0x08,0x42,0x82,0x10,0x00,0x00,0x00,0x00,0x6D,0x6B,0x76,0xB5,0x79,0xCE,0x79,0xCE,0x79,0xCE,0x79,0xCE,0x79,0xCE,0x79,0xCE,0x79,0xCE,0x79,0xCE,0x79,0xCE,0x79,0xCE,0x79,0xCE,0x79,0xCE,0x76,0xB5,0x08,0x42,0x82,0x10,0x00,0x00,0x00,0x00,
	0x00,0x00,0x00,0x00,0x00,0x00,0x00,0x00,0x00,0x00,0x00,0x00,0x00,0x00,0x00,0x00,0x00,0x00,0x00,0x00,0x6D,0x6B,0x3D,0xEF,0xFF,0xFF,0xFF,0xFF,0xFF,0xFF,0xFF,0xFF,0xFF,0xFF,0xFF,0xFF,0xFF,0xFF,0xFF,0xFF,0xFF,0xFF,0xFF,0xFF,0xFF,0xFF,0xFF,0xFF,0xFF,0xFF,0xFF,0xFF,0xFF,0xFF,0x79,0xCE,0x08,0x42,0x41,0x08,0x6D,0x6B,0x79,0xCE,
	0xFF,0xFF,0xFF,0xFF,0x79,0xCE,0x82,0x10,0x00,0x00,0x00,0x00,0x00,0x00,0x00,0x00,0x00,0x00,0x00,0x00,0x00,0x00,0x00,0x00,0x00,0x00,0x82,0x10,0x79,0xCE,0xFF,0xFF,0xFF,0xFF,0x79,0xCE,0x6D,0x6B,0x82,0x10,0x00,0x00,0x00,0x00,0x92,0x94,0x3D,0xEF,0xFF,0xFF,0xFF,0xFF,0xFF,0xFF,0xFF,0xFF,0xFF,0xFF,0xFF,0xFF,0xFF,0xFF,0xFF,0xFF,
	0xFF,0xFF,0xFF,0xFF,0xFF,0xFF,0xFF,0xFF,0x3D,0xEF,0x6D,0x6B,0xE3,0x18,0x00,0x00,0x00,0x00,0x00,0x00,0x00,0x00,0x00,0x00,0x00,0x00,0x00,0x00,0x00,0x00,0x00,0x00,0x00,0x00,0x00,0x00,0x00,0x00,0x6D,0x6B,0x3D,0xEF,0xFF,0xFF,0xFF,0xFF,0xFF,0xFF,0xFF,0xFF,0xFF,0xFF,0xFF,0xFF,0xFF,0xFF,0xFF,0xFF,0xFF,0xFF,0xFF,0xFF,0xFF,0xFF,
	0xFF,0xFF,0xFF,0xFF,0xFF,0xFF,0xFF,0xFF,0x79,0xCE,0x08,0x42,0x41,0x08,0x6D,0x6B,0x79,0xCE,0xFF,0xFF,0xFF,0xFF,0x76,0xB5,0x41,0x08,0x00,0x00,0x00,0x00,0x00,0x00,0x00,0x00,0x00,0x00,0x00,0x00,0x00,0x00,0x00,0x00,0x00,0x00,0x41,0x08,0x76,0xB5,0xFF,0xFF,0xFF,0xFF,0x79,0xCE,0x6D,0x6B,0x82,0x10,0x00,0x00,0x00,0x00,0x6D,0x6B,
	0x3D,0xEF,0xFF,0xFF,0xFF,0xFF,0xFF,0xFF,0xFF,0xFF,0xFF,0xFF,0xFF,0xFF,0xFF,0xFF,0xFF,0xFF,0xFF,0xFF,0xFF,0xFF,0xFF,0xFF,0xFF,0xFF,0x3D,0xEF,0x08,0x42,0x82,0x10,0x00,0x00,0x00,0x00,0x00,0x00,0x00,0x00,0x00,0x00,0x00,0x00,0x00,0x00,0x00,0x00,0x00,0x00,0x00,0x00,0x00,0x00,0x00,0x00,0x65,0x29,0x6D,0x6B,0x6D,0x6B,0x6D,0x6B,
	0x6D,0x6B,0x6D,0x6B,0x92,0x94,0x79,0xCE,0xBE,0xF7,0xFF,0xFF,0xBE,0xF7,0x79,0xCE,0x6D,0x6B,0x6D,0x6B,0x6D,0x6B,0x6D,0x6B,0x6D,0x6B,0x6D,0x6B,0xE3,0x18,0x82,0x10,0x6D,0x6B,0x79,0xCE,0xFF,0xFF,0xFF,0xFF,0x76,0xB5,0x41,0x08,0x00,0x00,0x00,0x00,0x00,0x00,0x00,0x00,0x00,0x00,0x00,0x00,0x00,0x00,0x00,0x00,0x00,0x00,0x41,0x08,
	0x76,0xB5,0xFF,0xFF,0xFF,0xFF,0x79,0xCE,0x6D,0x6B,0x82,0x10,0x00,0x00,0x00,0x00,0x6D,0x6B,0x3D,0xEF,0xFF,0xFF,0xBE,0xF7,0x79,0xCE,0x92,0x94,0x6D,0x6B,0x6D,0x6B,0x6D,0x6B,0x6D,0x6B,0x6D,0x6B,0x6D,0x6B,0x6D,0x6B,0x6D,0x6B,0x6D,0x6B,0x65,0x29,0x41,0x08,0x00,0x00,0x00,0x00,0x00,0x00,0x00,0x00,0x00,0x00,0x00,0x00,0x00,0x00,
	0x00,0x00,0x00,0x00,0x00,0x00,0x00,0x00,0x00,0x00,0x00,0x00,0x00,0x00,0x00,0x00,0x00,0x00,0x00,0x00,0x00,0x00,0x82,0x10,0x76,0xB5,0x3D,0xEF,0xFF,0xFF,0x3D,0xEF,0x92,0x94,0x00,0x00,0x00,0x00,0x00,0x00,0x00,0x00,0x00,0x00,0x00,0x00,0x00,0x00,0x82,0x10,0x6D,0x6B,0x79,0xCE,0xFF,0xFF,0xFF,0xFF,0x76,0xB5,0x41,0x08,0x00,0x00,
	0x00,0x00,0x00,0x00,0x00,0x00,0x00,0x00,0x00,0x00,0x00,0x00,0x00,0x00,0x00,0x00,0x41,0x08,0x76,0xB5,0xFF,0xFF,0xFF,0xFF,0x79,0xCE,0x6D,0x6B,0x82,0x10,0x00,0x00,0x00,0x00,0x6D,0x6B,0x3D,0xEF,0xFF,0xFF,0xBE,0xF7,0x76,0xB5,0xE3,0x18,0x00,0x00,0x00,0x00,0x00,0x00,0x00,0x00,0x00,0x00,0x00,0x00,0x00,0x00,0x00,0x00,0x00,0x00,
	0x00,0x00,0x00,0x00,0x00,0x00,0x00,0x00,0x00,0x00,0x00,0x00,0x00,0x00,0x00,0x00,0x00,0x00,0x00,0x00,0x00,0x00,0x00,0x00,0x00,0x00,0x00,0x00,0x00,0x00,0x00,0x00,0x00,0x00,0x00,0x00,0x00,0x00,0x00,0x00,0xE3,0x18,0x76,0xB5,0x3D,0xEF,0xFF,0xFF,0x3D,0xEF,0x92,0x94,0x41,0x08,0x00,0x00,0x00,0x00,0x00,0x00,0x00,0x00,0x00,0x00,
	0x00,0x00,0x82,0x10,0x6D,0x6B,0x79,0xCE,0xFF,0xFF,0xFF,0xFF,0x76,0xB5,0x41,0x08,0x00,0x00,0x00,0x00,0x00,0x00,0x00,0x00,0x00,0x00,0x00,0x00,0x00,0x00,0x00,0x00,0x00,0x00,0x41,0x08,0x76,0xB5,0xFF,0xFF,0xFF,0xFF,0x79,0xCE,0x6D,0x6B,0x82,0x10,0x00,0x00,0x00,0x00,0x6D,0x6B,0x3D,0xEF,0xFF,0xFF,0xBE,0xF7,0x76,0xB5,0x65,0x29,
	0x00,0x00,0x00,0x00,0x00,0x00,0x00,0x00,0x00,0x00,0x00,0x00,0x00,0x00,0x00,0x00,0x00,0x00,0x00,0x00,0x00,0x00,0x00,0x00,0x00,0x00,0x00,0x00,0x00,0x00,0x00,0x00,0x00,0x00,0x00,0x00,0x00,0x00,0x00,0x00,0x00,0x00,0x00,0x00,0x00,0x00,0x00,0x00,0x00,0x00,0x00,0x00,0x00,0x00,0x00,0x00,0x00,0x00,0xE3,0x18,0x76,0xB5,0x3D,0xEF,
	0xFF,0xFF,0x3D,0xEF,0x92,0x94,0x41,0x08,0x00,0x00,0x00,0x00,0x00,0x00,0x00,0x00,0x00,0x00,0x00,0x00,0x82,0x10,0x6D,0x6B,0x79,0xCE,0xFF,0xFF,0xFF,0xFF,0x76,0xB5,0x41,0x08,0x00,0x00,0x00,0x00,0x00,0x00,0x00,0x00,0x00,0x00,0x00,0x00,0x00,0x00,0x00,0x00,0x00,0x00,0x41,0x08,0x76,0xB5,0xFF,0xFF,0xFF,0xFF,0x79,0xCE,0x6D,0x6B,
	0x82,0x10,0x00,0x00,0x00,0x00,0x6D,0x6B,0x3D,0xEF,0xFF,0xFF,0xBE,0xF7,0x76,0xB5,0x65,0x29,0x00,0x00,0x00,0x00,0x00,0x00,0x00,0x00,0x00,0x00,0x00,0x00,0x00,0x00,0x00,0x00,0x00,0x00,0x00,0x00,0x00,0x00,0x00,0x00,0x00,0x00,0x00,0x00,0x00,0x00,0x00,0x00,0x00,0x00,0x00,0x00,0x00,0x00,0x00,0x00,0x00,0x00,0x00,0x00,0x00,0x00,
	0x00,0x00,0x00,0x00,0x00,0x00,0x00,0x00,0x00,0x00,0x00,0x00,0xE3,0x18,0x76,0xB5,0x3D,0xEF,0xFF,0xFF,0x3D,0xEF,0x92,0x94,0x41,0x08,0x00,0x00,0x00,0x00,0x00,0x00,0x00,0x00,0x00,0x00,0x00,0x00,0x82,0x10,0x6D,0x6B,0x79,0xCE,0xFF,0xFF,0xFF,0xFF,0x76,0xB5,0x41,0x08,0x00,0x00,0x00,0x00,0x00,0x00,0x00,0x00,0x00,0x00,0x00,0x00,
	0x00,0x00,0x00,0x00,0x00,0x00,0x41,0x08,0x76,0xB5,0xFF,0xFF,0xFF,0xFF,0x79,0xCE,0x6D,0x6B,0x82,0x10,0x00,0x00,0x00,0x00,0x6D,0x6B,0x3D,0xEF,0xFF,0xFF,0xBE,0xF7,0x76,0xB5,0x65,0x29,0x00,0x00,0x00,0x00,0x00,0x00,0x00,0x00,0x00,0x00,0x00,0x00,0x00,0x00,0x00,0x00,0x00,0x00,0x00,0x00,0x00,0x00,0x00,0x00,0x00,0x00,0x00,0x00,
	0x00,0x00,0x00,0x00,0x00,0x00,0x00,0x00,0x00,0x00,0x00,0x00,0x00,0x00,0x00,0x00,0x00,0x00,0x00,0x00,0x00,0x00,0x00,0x00,0x00,0x00,0x00,0x00,0x00,0x00,0xE3,0x18,0x76,0xB5,0x3D,0xEF,0xFF,0xFF,0x3D,0xEF,0x92,0x94,0x41,0x08,0x00,0x00,0x00,0x00,0x00,0x00,0x00,0x00,0x00,0x00,0x00,0x00,0x82,0x10,0x6D,0x6B,0x79,0xCE,0xFF,0xFF,
	0xFF,0xFF,0x76,0xB5,0x41,0x08,0x00,0x00,0x00,0x00,0x00,0x00,0x00,0x00,0x00,0x00,0x00,0x00,0x00,0x00,0x00,0x00,0x00,0x00,0x41,0x08,0x76,0xB5,0xFF,0xFF,0xFF,0xFF,0x79,0xCE,0x6D,0x6B,0x82,0x10,0x00,0x00,0x00,0x00,0x6D,0x6B,0x3D,0xEF,0xFF,0xFF,0xBE,0xF7,0x76,0xB5,0xE3,0x18,0x00,0x00,0x00,0x00,0x00,0x00,0x00,0x00,0x00,0x00,
	0x00,0x00,0x00,0x00,0x00,0x00,0x00,0x00,0x00,0x00,0x00,0x00,0x00,0x00,0x00,0x00,0x00,0x00,0x00,0x00,0x00,0x00,0x00,0x00,0x00,0x00,0x00,0x00,0x00,0x00,0x00,0x00,0x00,0x00,0x00,0x00,0x00,0x00,0x00,0x00,0x00,0x00,0x00,0x00,0x00,0x00,0x00,0x00,0xE3,0x18,0x76,0xB5,0x3D,0xEF,0xFF,0xFF,0x3D,0xEF,0x92,0x94,0x41,0x08,0x00,0x00,
	0x00,0x00,0x00,0x00,0x00,0x00,0x00,0x00,0x00,0x00,0x82,0x10,0x6D,0x6B,0x79,0xCE,0xFF,0xFF,0xFF,0xFF,0x76,0xB5,0x41,0x08,0x00,0x00,0x00,0x00,0x00,0x00,0x00,0x00,0x00,0x00,0x00,0x00,0x00,0x00,0x00,0x00,0x00,0x00,0x41,0x08,0x76,0xB5,0xFF,0xFF,0xFF,0xFF,0x79,0xCE,0x6D,0x6B,0x82,0x10,0x00,0x00,0x00,0x00,0x6D,0x6B,0x3D,0xEF,
	0xFF,0xFF,0xBE,0xF7,0x79,0xCE,0x6D,0x6B,0x65,0x29,0x65,0x29,0x65,0x29,0x65,0x29,0x65,0x29,0x65,0x29,0x65,0x29,0x65,0x29,0x65,0x29,0x00,0x00,0x00,0x00,0x00,0x00,0x00,0x00,0x00,0x00,0x00,0x00,0x00,0x00,0x00,0x00,0x00,0x00,0x00,0x00,0x00,0x00,0x00,0x00,0x00,0x00,0x00,0x00,0x00,0x00,0x00,0x00,0x00,0x00,0x00,0x00,0x00,0x00,
	0x00,0x00,0xE3,0x18,0x76,0xB5,0x3D,0xEF,0xFF,0xFF,0x3D,0xEF,0x92,0x94,0x41,0x08,0x00,0x00,0x00,0x00,0x00,0x00,0x00,0x00,0x00,0x00,0x00,0x00,0x82,0x10,0x6D,0x6B,0x79,0xCE,0xFF,0xFF,0xFF,0xFF,0x76,0xB5,0x41,0x08,0x00,0x00,0x00,0x00,0x00,0x00,0x00,0x00,0x00,0x00,0x00,0x00,0x00,0x00,0x00,0x00,0x00,0x00,0x41,0x08,0x76,0xB5,
	0xFF,0xFF,0xFF,0xFF,0x79,0xCE,0x6D,0x6B,0x82,0x10,0x00,0x00,0x00,0x00,0x6D,0x6B,0x3D,0xEF,0xFF,0xFF,0xFF,0xFF,0xBE,0xF7,0x3D,0xEF,0x3D,0xEF,0x3D,0xEF,0x3D,0xEF,0x3D,0xEF,0x3D,0xEF,0x3D,0xEF,0x3D,0xEF,0x3D,0xEF,0x76,0xB5,0x82,0x10,0x00,0x00,0x00,0x00,0x00,0x00,0x00,0x00,0x00,0x00,0x00,0x00,0x00,0x00,0x00,0x00,0x00,0x00,
	0x00,0x00,0x00,0x00,0x00,0x00,0x00,0x00,0x00,0x00,0x00,0x00,0x00,0x00,0x00,0x00,0x00,0x00,0x00,0x00,0xE3,0x18,0x76,0xB5,0x3D,0xEF,0xFF,0xFF,0x3D,0xEF,0x92,0x94,0x41,0x08,0x00,0x00,0x00,0x00,0x00,0x00,0x00,0x00,0x00,0x00,0x00,0x00,0x82,0x10,0x6D,0x6B,0x79,0xCE,0xFF,0xFF,0xFF,0xFF,0x76,0xB5,0x41,0x08,0x00,0x00,0x00,0x00,
	0x00,0x00,0x00,0x00,0x00,0x00,0x00,0x00,0x00,0x00,0x00,0x00,0x00,0x00,0x41,0x08,0x76,0xB5,0xFF,0xFF,0xFF,0xFF,0x79,0xCE,0x6D,0x6B,0x82,0x10,0x00,0x00,0x00,0x00,0x6D,0x6B,0x3D,0xEF,0xFF,0xFF,0xFF,0xFF,0xFF,0xFF,0xFF,0xFF,0xFF,0xFF,0xFF,0xFF,0xFF,0xFF,0xFF,0xFF,0xFF,0xFF,0xFF,0xFF,0xFF,0xFF,0xFF,0xFF,0x3D,0xEF,0x82,0x10,
	0x00,0x00,0x00,0x00,0x00,0x00,0x00,0x00,0x00,0x00,0x00,0x00,0x00,0x00,0x00,0x00,0x00,0x00,0x00,0x00,0x00,0x00,0x00,0x00,0x00,0x00,0x00,0x00,0x00,0x00,0x00,0x00,0x00,0x00,0x00,0x00,0x00,0x00,0xE3,0x18,0x76,0xB5,0x3D,0xEF,0xFF,0xFF,0x3D,0xEF,0x92,0x94,0x41,0x08,0x00,0x00,0x00,0x00,0x00,0x00,0x00,0x00,0x00,0x00,0x00,0x00,
	0x82,0x10,0x6D,0x6B,0x79,0xCE,0xFF,0xFF,0xFF,0xFF,0x76,0xB5,0x41,0x08,0x00,0x00,0x00,0x00,0x00,0x00,0x00,0x00,0x00,0x00,0x00,0x00,0x00,0x00,0x00,0x00,0x00,0x00,0x41,0x08,0x76,0xB5,0xFF,0xFF,0xFF,0xFF,0x79,0xCE,0x6D,0x6B,0x82,0x10,0x00,0x00,0x00,0x00,0x6D,0x6B,0x3D,0xEF,0xFF,0xFF,0xFF,0xFF,0xFF,0xFF,0xBE,0xF7,0x3D,0xEF,
	0xBE,0xF7,0xBE,0xF7,0xBE,0xF7,0xBE,0xF7,0xBE,0xF7,0xBE,0xF7,0xBE,0xF7,0x76,0xB5,0x82,0x10,0x00,0x00,0x00,0x00,0x00,0x00,0x00,0x00,0x00,0x00,0x00,0x00,0x00,0x00,0x00,0x00,0x00,0x00,0x00,0x00,0x00,0x00,0x00,0x00,0x00,0x00,0x00,0x00,0x00,0x00,0x00,0x00,0x00,0x00,0x00,0x00,0x00,0x00,0xE3,0x18,0x76,0xB5,0x3D,0xEF,0xFF,0xFF,
	0x3D,0xEF,0x92,0x94,0x41,0x08,0x00,0x00,0x00,0x00,0x00,0x00,0x00,0x00,0x00,0x00,0x00,0x00,0x82,0x10,0x6D,0x6B,0x79,0xCE,0xFF,0xFF,0xFF,0xFF,0x76,0xB5,0x41,0x08,0x00,0x00,0x00,0x00,0x00,0x00,0x00,0x00,0x00,0x00,0x00,0x00,0x00,0x00,0x00,0x00,0x00,0x00,0x41,0x08,0x76,0xB5,0xFF,0xFF,0xFF,0xFF,0x79,0xCE,0x6D,0x6B,0x82,0x10,
	0x00,0x00,0x00,0x00,0x6D,0x6B,0x3D,0xEF,0xFF,0xFF,0xBE,0xF7,0x79,0xCE,0x92,0x94,0x6D,0x6B,0x6D,0x6B,0x6D,0x6B,0x6D,0x6B,0x6D,0x6B,0x6D,0x6B,0x6D,0x6B,0x6D,0x6B,0x08,0x42,0x41,0x08,0x00,0x00,0x00,0x00,0x00,0x00,0x00,0x00,0x00,0x00,0x00,0x00,0x00,0x00,0x00,0x00,0x00,0x00,0x00,0x00,0x00,0x00,0x00,0x00,0x00,0x00,0x00,0x00,
	0x00,0x00,0x00,0x00,0x00,0x00,0x00,0x00,0x00,0x00,0xE3,0x18,0x76,0xB5,0x3D,0xEF,0xFF,0xFF,0x3D,0xEF,0x92,0x94,0x41,0x08,0x00,0x00,0x00,0x00,0x00,0x00,0x00,0x00,0x00,0x00,0x00,0x00,0x82,0x10,0x6D,0x6B,0x79,0xCE,0xFF,0xFF,0xFF,0xFF,0x76,0xB5,0x41,0x08,0x00,0x00,0x00,0x00,0x00,0x00,0x00,0x00,0x00,0x00,0x00,0x00,0x00,0x00,
	0x00,0x00,0x00,0x00,0x41,0x08,0x76,0xB5,0xFF,0xFF,0xFF,0xFF,0x79,0xCE,0x6D,0x6B,0x82,0x10,0x00,0x00,0x00,0x00,0x6D,0x6B,0x3D,0xEF,0xFF,0xFF,0xBE,0xF7,0x79,0xCE,0x08,0x42,0x82,0x10,0xE3,0x18,0xE3,0x18,0xE3,0x18,0xE3,0x18,0xE3,0x18,0xE3,0x18,0xE3,0x18,0xE3,0x18,0x00,0x00,0x00,0x00,0x00,0x00,0x00,0x00,0x00,0x00,0x00,0x00,
	0x00,0x00,0x00,0x00,0x00,0x00,0x00,0x00,0x00,0x00,0x00,0x00,0x00,0x00,0x00,0x00,0x00,0x00,0x00,0x00,0x00,0x00,0x00,0x00,0x00,0x00,0x00,0x00,0xE3,0x18,0x76,0xB5,0x3D,0xEF,0xFF,0xFF,0x3D,0xEF,0x92,0x94,0x41,0x08,0x00,0x00,0x00,0x00,0x00,0x00,0x00,0x00,0x00,0x00,0x00,0x00,0x82,0x10,0x6D,0x6B,0x79,0xCE,0xFF,0xFF,0xFF,0xFF,
	0x76,0xB5,0x41,0x08,0x00,0x00,0x00,0x00,0x00,0x00,0x00,0x00,0x00,0x00,0x00,0x00,0x00,0x00,0x00,0x00,0x00,0x00,0x41,0x08,0x76,0xB5,0xFF,0xFF,0xFF,0xFF,0x79,0xCE,0x6D,0x6B,0x82,0x10,0x00,0x00,0x00,0x00,0x6D,0x6B,0x3D,0xEF,0xFF,0xFF,0xBE,0xF7,0x76,0xB5,0x65,0x29,0x00,0x00,0x00,0x00,0x00,0x00,0x00,0x00,0x00,0x00,0x00,0x00,
	0x00,0x00,0x00,0x00,0x00,0x00,0x00,0x00,0x00,0x00,0x00,0x00,0x00,0x00,0x00,0x00,0x00,0x00,0x00,0x00,0x00,0x00,0x00,0x00,0x00,0x00,0x00,0x00,0x00,0x00,0x00,0x00,0x00,0x00,0x00,0x00,0x00,0x00,0x00,0x00,0x00,0x00,0x00,0x00,0x00,0x00,0xE3,0x18,0x76,0xB5,0x3D,0xEF,0xFF,0xFF,0x3D,0xEF,0x92,0x94,0x41,0x08,0x00,0x00,0x00,0x00,
	0x00,0x00,0x00,0x00,0x00,0x00,0x00,0x00,0x82,0x10,0x08,0x42,0x76,0xB5,0xFF,0xFF,0xFF,0xFF,0x76,0xB5,0x82,0x10,0x00,0x00,0x00,0x00,0x00,0x00,0x00,0x00,0x00,0x00,0x00,0x00,0x00,0x00,0x00,0x00,0x00,0x00,0xE3,0x18,0x79,0xCE,0xFF,0xFF,0xFF,0xFF,0x76,0xB5,0x6D,0x6B,0x82,0x10,0x00,0x00,0x00,0x00,0x6D,0x6B,0x3D,0xEF,0xFF,0xFF,
	0xBE,0xF7,0x76,0xB5,0x65,0x29,0x00,0x00,0x00,0x00,0x00,0x00,0x00,0x00,0x00,0x00,0x00,0x00,0x00,0x00,0x00,0x00,0x00,0x00,0x00,0x00,0x00,0x00,0x00,0x00,0x00,0x00,0x00,0x00,0x00,0x00,0x00,0x00,0x00,0x00,0x00,0x00,0x00,0x00,0x00,0x00,0x00,0x00,0x00,0x00,0x00,0x00,0x00,0x00,0x00,0x00,0x00,0x00,0x00,0x00,0x00,0x00,0x00,0x00,
	0xE3,0x18,0x76,0xB5,0x3D,0xEF,0xFF,0xFF,0x3D,0xEF,0x92,0x94,0x41,0x08,0x00,0x00,0x00,0x00,0x00,0x00,0x00,0x00,0x00,0x00,0x00,0x00,0x41,0x08,0x65,0x29,0x92,0x94,0xFF,0xFF,0xFF,0xFF,0x79,0xCE,0x65,0x29,0x00,0x00,0x00,0x00,0x00,0x00,0x00,0x00,0x00,0x00,0x00,0x00,0x00,0x00,0x00,0x00,0x41,0x08,0x08,0x42,0x79,0xCE,0xFF,0xFF,
	0xFF,0xFF,0x76,0xB5,0x08,0x42,0x82,0x10,0x00,0x00,0x00,0x00,0x6D,0x6B,0x3D,0xEF,0xFF,0xFF,0xBE,0xF7,0x76,0xB5,0x65,0x29,0x00,0x00,0x00,0x00,0x00,0x00,0x00,0x00,0x00,0x00,0x00,0x00,0x00,0x00,0x00,0x00,0x00,0x00,0x00,0x00,0x00,0x00,0x00,0x00,0x00,0x00,0x00,0x00,0x00,0x00,0x00,0x00,0x00,0x00,0x00,0x00,0x00,0x00,0x00,0x00,
	0x00,0x00,0x00,0x00,0x00,0x00,0x00,0x00,0x00,0x00,0x00,0x00,0x00,0x00,0x00,0x00,0x00,0x00,0xE3,0x18,0x76,0xB5,0x3D,0xEF,0xFF,0xFF,0x3D,0xEF,0x92,0x94,0x41,0x08,0x00,0x00,0x00,0x00,0x00,0x00,0x00,0x00,0x00,0x00,0x00,0x00,0x00,0x00,0x82,0x10,0x92,0x94,0xFF,0xFF,0xFF,0xFF,0x79,0xCE,0x6D,0x6B,0xE3,0x18,0x00,0x00,0x00,0x00,
	0x00,0x00,0x00,0x00,0x00,0x00,0x00,0x00,0x00,0x00,0xE3,0x18,0x6D,0x6B,0x79,0xCE,0xFF,0xFF,0xFF,0xFF,0x92,0x94,0x65,0x29,0x41,0x08,0x00,0x00,0x00,0x00,0x6D,0x6B,0x3D,0xEF,0xFF,0xFF,0xBE,0xF7,0x76,0xB5,0x65,0x29,0x00,0x00,0x00,0x00,0x00,0x00,0x00,0x00,0x00,0x00,0x00,0x00,0x00,0x00,0x00,0x00,0x00,0x00,0x00,0x00,0x00,0x00,
	0x00,0x00,0x00,0x00,0x00,0x00,0x00,0x00,0x00,0x00,0x00,0x00,0x00,0x00,0x00,0x00,0x00,0x00,0x00,0x00,0x00,0x00,0x00,0x00,0x00,0x00,0x00,0x00,0x00,0x00,0x00,0x00,0x00,0x00,0x00,0x00,0xE3,0x18,0x76,0xB5,0x3D,0xEF,0xFF,0xFF,0x3D,0xEF,0x92,0x94,0x41,0x08,0x00,0x00,0x00,0x00,0x00,0x00,0x00,0x00,0x00,0x00,0x00,0x00,0x00,0x00,
	0x00,0x00,0x6D,0x6B,0xBE,0xF7,0xFF,0xFF,0x3D,0xEF,0x76,0xB5,0x6D,0x6B,0x41,0x08,0x00,0x00,0x00,0x00,0x00,0x00,0x00,0x00,0x00,0x00,0x41,0x08,0x6D,0x6B,0x76,0xB5,0x3D,0xEF,0xFF,0xFF,0xFF,0xFF,0x92,0x94,0x82,0x10,0x00,0x00,0x00,0x00,0x00,0x00,0x6D,0x6B,0x3D,0xEF,0xFF,0xFF,0xBE,0xF7,0x76,0xB5,0xE3,0x18,0x00,0x00,0x00,0x00,
	0x00,0x00,0x00,0x00,0x00,0x00,0x00,0x00,0x00,0x00,0x00,0x00,0x00,0x00,0x00,0x00,0x00,0x00,0x00,0x00,0x00,0x00,0x00,0x00,0x00,0x00,0x00,0x00,0x00,0x00,0x00,0x00,0x00,0x00,0x00,0x00,0x00,0x00,0x00,0x00,0x00,0x00,0x00,0x00,0x00,0x00,0x00,0x00,0x00,0x00,0x00,0x00,0x00,0x00,0xE3,0x18,0x76,0xB5,0x3D,0xEF,0xFF,0xFF,0x3D,0xEF,
	0x92,0x94,0x41,0x08,0x00,0x00,0x00,0x00,0x00,0x00,0x00,0x00,0x00,0x00,0x00,0x00,0x00,0x00,0x00,0x00,0x08,0x42,0x79,0xCE,0xBE,0xF7,0xFF,0xFF,0xFF,0xFF,0x92,0x94,0x08,0x42,0x82,0x10,0x41,0x08,0x41,0x08,0x41,0x08,0x82,0x10,0x08,0x42,0x92,0x94,0xFF,0xFF,0xFF,0xFF,0xFF,0xFF,0x3D,0xEF,0x6D,0x6B,0x00,0x00,0x00,0x00,0x00,0x00,
	0x00,0x00,0x6D,0x6B,0x3D,0xEF,0xFF,0xFF,0xBE,0xF7,0x76,0xB5,0x08,0x42,0x82,0x10,0x82,0x10,0x82,0x10,0x82,0x10,0x82,0x10,0x82,0x10,0x82,0x10,0x82,0x10,0x41,0x08,0x00,0x00,0x00,0x00,0x00,0x00,0x00,0x00,0x00,0x00,0x00,0x00,0x00,0x00,0x00,0x00,0x00,0x00,0x00,0x00,0x00,0x00,0x00,0x00,0x00,0x00,0x00,0x00,0x00,0x00,0x00,0x00,
	0x00,0x00,0x00,0x00,0x00,0x00,0x00,0x00,0xE3,0x18,0x76,0xB5,0x3D,0xEF,0xFF,0xFF,0x3D,0xEF,0x92,0x94,0x41,0x08,0x00,0x00,0x00,0x00,0x00,0x00,0x00,0x00,0x00,0x00,0x00,0x00,0x00,0x00,0x00,0x00,0x82,0x10,0x08,0x42,0x3D,0xEF,0xFF,0xFF,0xFF,0xFF,0x3D,0xEF,0x79,0xCE,0x76,0xB5,0x92,0x94,0x92,0x94,0x92,0x94,0x76,0xB5,0x79,0xCE,
	0x3D,0xEF,0xFF,0xFF,0xFF,0xFF,0x3D,0xEF,0x6D,0x6B,0x65,0x29,0x00,0x00,0x00,0x00,0x00,0x00,0x00,0x00,0x6D,0x6B,0x3D,0xEF,0xFF,0xFF,0xFF,0xFF,0x3D,0xEF,0x79,0xCE,0x79,0xCE,0x79,0xCE,0x79,0xCE,0x79,0xCE,0x79,0xCE,0x79,0xCE,0x79,0xCE,0x79,0xCE,0x76,0xB5,0x08,0x42,0x82,0x10,0x00,0x00,0x00,0x00,0x00,0x00,0x00,0x00,0x00,0x00,
	0x00,0x00,0x00,0x00,0x00,0x00,0x00,0x00,0x00,0x00,0x00,0x00,0x00,0x00,0x00,0x00,0x00,0x00,0x00,0x00,0x00,0x00,0x00,0x00,0x00,0x00,0xE3,0x18,0x76,0xB5,0xBE,0xF7,0xFF,0xFF,0x3D,0xEF,0x92,0x94,0x41,0x08,0x00,0x00,0x00,0x00,0x00,0x00,0x00,0x00,0x00,0x00,0x00,0x00,0x00,0x00,0x00,0x00,0x00,0x00,0x82,0x10,0x92,0x94,0x79,0xCE,
	0xBE,0xF7,0xFF,0xFF,0xFF,0xFF,0xFF,0xFF,0xBE,0xF7,0x3D,0xEF,0xBE,0xF7,0xFF,0xFF,0xFF,0xFF,0xFF,0xFF,0xBE,0xF7,0x79,0xCE,0x92,0x94,0x65,0x29,0x00,0x00,0x00,0x00,0x00,0x00,0x00,0x00,0x00,0x00,0x92,0x94,0x3D,0xEF,0xFF,0xFF,0xFF,0xFF,0xFF,0xFF,0xFF,0xFF,0xFF,0xFF,0xFF,0xFF,0xFF,0xFF,0xFF,0xFF,0xFF,0xFF,0xFF,0xFF,0xFF,0xFF,
	0xFF,0xFF,0x3D,0xEF,0x6D,0x6B,0xE3,0x18,0x00,0x00,0x00,0x00,0x00,0x00,0x00,0x00,0x00,0x00,0x00,0x00,0x00,0x00,0x00,0x00,0x00,0x00,0x00,0x00,0x00,0x00,0x00,0x00,0x00,0x00,0x00,0x00,0x00,0x00,0x00,0x00,0x00,0x00,0x00,0x00,0xE3,0x18,0x76,0xB5,0xBE,0xF7,0xFF,0xFF,0x3D,0xEF,0x92,0x94,0x41,0x08,0x00,0x00,0x00,0x00,0x00,0x00,
	0x00,0x00,0x00,0x00,0x00,0x00,0x00,0x00,0x00,0x00,0x00,0x00,0x00,0x00,0x82,0x10,0x08,0x42,0x79,0xCE,0xBE,0xF7,0xFF,0xFF,0xFF,0xFF,0xFF,0xFF,0xFF,0xFF,0xFF,0xFF,0xFF,0xFF,0xFF,0xFF,0xFF,0xFF,0x79,0xCE,0x6D,0x6B,0xE3,0x18,0x00,0x00,0x00,0x00,0x00,0x00,0x00,0x00,0x00,0x00,0x00,0x00,0x6D,0x6B,0x3D,0xEF,0xFF,0xFF,0xFF,0xFF,
	0xFF,0xFF,0xFF,0xFF,0xFF,0xFF,0xFF,0xFF,0xFF,0xFF,0xFF,0xFF,0xFF,0xFF,0xFF,0xFF,0xFF,0xFF,0xFF,0xFF,0x3D,0xEF,0x08,0x42,0x82,0x10,0x00,0x00,0x00,0x00,0x00,0x00,0x00,0x00,0x00,0x00,0x00,0x00,0x00,0x00,0x00,0x00,0x00,0x00,0x00,0x00,0x00,0x00,0x00,0x00,0x00,0x00,0x00,0x00,0x00,0x00,0x00,0x00,0x00,0x00,0x00,0x00,0x82,0x10,
	0x6D,0x6B,0x92,0x94,0x92,0x94,0x92,0x94,0x08,0x42,0x41,0x08,0x00,0x00,0x00,0x00,0x00,0x00,0x00,0x00,0x00,0x00,0x00,0x00,0x00,0x00,0x00,0x00,0x00,0x00,0x00,0x00,0x00,0x00,0x82,0x10,0x08,0x42,0x6D,0x6B,0x92,0x94,0x92,0x94,0x76,0xB5,0x79,0xCE,0x76,0xB5,0x92,0x94,0x92,0x94,0x6D,0x6B,0x08,0x42,0xE3,0x18,0x00,0x00,0x00,0x00,
	0x00,0x00,0x00,0x00,0x00,0x00,0x00,0x00,0x00,0x00,0x08,0x42,0x6D,0x6B,0x92,0x94,0x92,0x94,0x92,0x94,0x92,0x94,0x92,0x94,0x92,0x94,0x92,0x94,0x92,0x94,0x92,0x94,0x92,0x94,0x92,0x94,0x92,0x94,0x6D,0x6B,0x65,0x29,0x41,0x08,0x00,0x00,0x00,0x00,0x00,0x00,0x00,0x00,0x00,0x00,0x00,0x00,0x00,0x00,0x00,0x00,0x00,0x00,0x00,0x00,
	0x00,0x00,0x00,0x00,0x00,0x00,0x00,0x00,0x00,0x00,0x00,0x00,0x00,0x00,0x00,0x00,0x00,0x00,0xE3,0x18,0x65,0x29,0x65,0x29,0x65,0x29,0xE3,0x18,0x00,0x00,0x00,0x00,0x00,0x00,0x00,0x00,0x00,0x00,0x00,0x00,0x00,0x00,0x00,0x00,0x00,0x00,0x00,0x00,0x00,0x00,0x00,0x00,0x00,0x00,0x00,0x00,0x00,0x00,0x82,0x10,0xE3,0x18,0x08,0x42,
	0x6D,0x6B,0x08,0x42,0x65,0x29,0xE3,0x18,0x00,0x00,0x00,0x00,0x00,0x00,0x00,0x00,0x00,0x00,0x00,0x00,0x00,0x00,0x00,0x00,0x00,0x00,0x00,0x00,0x82,0x10,0x65,0x29,0x65,0x29,0x65,0x29,0x65,0x29,0x65,0x29,0x65,0x29,0x65,0x29,0x65,0x29,0x65,0x29,0x65,0x29,0x65,0x29,0x65,0x29,0x65,0x29,0x65,0x29,0x82,0x10,0x00,0x00,0x00,0x00,
	0x00,0x00,0x00,0x00,0x00,0x00,0x00,0x00,0x00,0x00,

	// Alpha Channel 
	0xFF,0xFF,0xFF,0x00,0x00,0x00,0x00,0x00,0x00,0x00,0x00,0x00,0x00,0x00,0x00,0x00,0x00,0x00,0x00,0x00,0x00,0x00,0x00,0x00,0x00,0x00,0x00,0x00,0x00,0x00,0x00,0x00,0x00,0x00,0x00,0x00,0x00,0x00,0xFF,0xFF,0xFF,0x00,0x00,0x00,0x00,0x00,0x00,0x00,0x00,0x00,0x00,0x00,0x00,0x00,0x00,0x00,0x00,0x00,0x00,0x00,0x00,0x00,0x00,0x00,
	0x00,0x00,0x00,0x00,0x00,0x00,0x00,0xFF,0xFF,0x00,0x00,0x00,0x00,0x00,0x00,0x00,0xFF,0xFF,0xFF,0xFF,0xFF,0xFF,0xFF,0xFF,0xFF,0xFF,0xFF,0xFF,0xFF,0xFF,0xFF,0xFF,0xFF,0x00,0x00,0xFF,0xFF,0xFF,0xFF,0xFF,0x00,0x00,0x00,0x00,0x00,0x00,0x00,0x00,0x00,0x00,0x00,0xFF,0xFF,0xFF,0xFF,0xFF,0x00,0x00,0x00,0xFF,0xFF,0xFF,0xFF,0xFF,
	0xFF,0xFF,0xFF,0xFF,0xFF,0xFF,0xFF,0xFF,0xFF,0xFF,0x00,0x00,0x00,0x00,0x00,0x00,0x00,0x00,0x00,0x00,0x00,0x00,0x00,0x00,0xFF,0xFF,0xFF,0xFF,0xFF,0xFF,0xFF,0xFF,0xFF,0xFF,0xFF,0xFF,0xFF,0xFF,0xFF,0xFF,0xFF,0xFF,0xFF,0x00,0xFF,0xFF,0xFF,0xFF,0xFF,0x00,0x00,0x00,0x00,0x00,0x00,0x00,0x00,0x00,0x00,0x00,0xFF,0xFF,0xFF,0xFF,
	0xFF,0x00,0x00,0x00,0xFF,0xFF,0xFF,0xFF,0xFF,0xFF,0xFF,0xFF,0xFF,0xFF,0xFF,0xFF,0xFF,0xFF,0xFF,0xFF,0x00,0x00,0x00,0x00,0x00,0x00,0x00,0x00,0x00,0x00,0x00,0x00,0x00,0xFF,0xFF,0xFF,0xFF,0xFF,0xFF,0xFF,0xFF,0xFF,0xFF,0xFF,0xFF,0xFF,0xFF,0xFF,0xFF,0xFF,0xFF,0xFF,0x00,0xFF,0xFF,0xFF,0xFF,0xFF,0xFF,0x00,0x00,0x00,0x00,0x00,
	0x00,0x00,0x00,0x00,0xFF,0xFF,0xFF,0xFF,0xFF,0xFF,0xFF,0x00,0x00,0xFF,0xFF,0xFF,0xFF,0xFF,0xFF,0xFF,0xFF,0xFF,0xFF,0xFF,0xFF,0xFF,0xFF,0xFF,0xFF,0xFF,0x00,0x00,0x00,0x00,0x00,0x00,0x00,0x00,0x00,0x00,0x00,0x00,0xFF,0xFF,0xFF,0xFF,0xFF,0xFF,0xFF,0xFF,0xFF,0xFF,0xFF,0xFF,0xFF,0xFF,0xFF,0xFF,0xFF,0xFF,0xFF,0xFF,0xFF,0xFF,
	0xFF,0xFF,0xFF,0xFF,0x00,0x00,0x00,0x00,0x00,0x00,0x00,0x00,0x00,0xFF,0xFF,0xFF,0xFF,0xFF,0xFF,0xFF,0x00,0x00,0xFF,0xFF,0xFF,0xFF,0xFF,0xFF,0xFF,0xFF,0xFF,0xFF,0xFF,0xFF,0xFF,0xFF,0xFF,0xFF,0xFF,0x00,0x00,0x00,0x00,0x00,0x00,0x00,0x00,0x00,0x00,0x00,0x00,0xFF,0xFF,0xFF,0xFF,0xFF,0xFF,0xFF,0xFF,0xFF,0xFF,0xFF,0xFF,0xFF,
	0xFF,0xFF,0xFF,0xFF,0xFF,0xFF,0xFF,0xFF,0xFF,0xFF,0xFF,0xFF,0xFF,0x00,0x00,0x00,0x00,0x00,0x00,0x00,0x00,0x00,0xFF,0xFF,0xFF,0xFF,0xFF,0xFF,0xFF,0x00,0x00,0xFF,0xFF,0xFF,0xFF,0xFF,0xFF,0xFF,0xFF,0xFF,0xFF,0xFF,0xFF,0xFF,0xFF,0xFF,0xFF,0xFF,0x00,0x00,0x00,0x00,0x00,0x00,0x00,0x00,0x00,0x00,0x00,0x00,0xFF,0xFF,0xFF,0xFF,
	0xFF,0xFF,0xFF,0xFF,0xFF,0xFF,0xFF,0xFF,0xFF,0xFF,0xFF,0xFF,0xFF,0xFF,0xFF,0xFF,0xFF,0xFF,0xFF,0xFF,0xFF,0xFF,0x00,0x00,0x00,0x00,0x00,0x00,0x00,0x00,0x00,0xFF,0xFF,0xFF,0xFF,0xFF,0xFF,0xFF,0x00,0x00,0xFF,0xFF,0xFF,0xFF,0xFF,0xFF,0xFF,0xFF,0xFF,0xFF,0xFF,0xFF,0xFF,0xFF,0xFF,0xFF,0xFF,0x00,0x00,0x00,0x00,0x00,0x00,0x00,
	0x00,0x00,0x00,0x00,0x00,0x00,0x00,0x00,0x00,0x00,0x00,0xFF,0xFF,0xFF,0xFF,0xFF,0xFF,0x00,0x00,0x00,0x00,0x00,0x00,0x00,0xFF,0xFF,0xFF,0xFF,0xFF,0xFF,0xFF,0x00,0x00,0x00,0x00,0x00,0x00,0x00,0x00,0x00,0xFF,0xFF,0xFF,0xFF,0xFF,0xFF,0xFF,0x00,0x00,0xFF,0xFF,0xFF,0xFF,0xFF,0xFF,0x00,0x00,0x00,0x00,0x00,0x00,0x00,0x00,0x00,
	0x00,0x00,0x00,0x00,0x00,0x00,0x00,0x00,0x00,0x00,0x00,0x00,0x00,0x00,0x00,0x00,0x00,0x00,0x00,0x00,0xFF,0xFF,0xFF,0xFF,0xFF,0xFF,0xFF,0x00,0x00,0x00,0x00,0x00,0x00,0xFF,0xFF,0xFF,0xFF,0xFF,0xFF,0xFF,0x00,0x00,0x00,0x00,0x00,0x00,0x00,0x00,0x00,0xFF,0xFF,0xFF,0xFF,0xFF,0xFF,0xFF,0x00,0x00,0xFF,0xFF,0xFF,0xFF,0xFF,0xFF,
	0x00,0x00,0x00,0x00,0x00,0x00,0x00,0x00,0x00,0x00,0x00,0x00,0x00,0x00,0x00,0x00,0x00,0x00,0x00,0x00,0x00,0x00,0x00,0x00,0x00,0x00,0x00,0x00,0x00,0xFF,0xFF,0xFF,0xFF,0xFF,0xFF,0xFF,0x00,0x00,0x00,0x00,0x00,0x00,0xFF,0xFF,0xFF,0xFF,0xFF,0xFF,0xFF,0x00,0x00,0x00,0x00,0x00,0x00,0x00,0x00,0x00,0xFF,0xFF,0xFF,0xFF,0xFF,0xFF,
	0xFF,0x00,0x00,0xFF,0xFF,0xFF,0xFF,0xFF,0xFF,0x00,0x00,0x00,0x00,0x00,0x00,0x00,0x00,0x00,0x00,0x00,0x00,0x00,0x00,0x00,0x00,0x00,0x00,0x00,0x00,0x00,0x00,0x00,0x00,0x00,0x00,0x00,0x00,0x00,0xFF,0xFF,0xFF,0xFF,0xFF,0xFF,0xFF,0x00,0x00,0x00,0x00,0x00,0x00,0xFF,0xFF,0xFF,0xFF,0xFF,0xFF,0xFF,0x00,0x00,0x00,0x00,0x00,0x00,
	0x00,0x00,0x00,0xFF,0xFF,0xFF,0xFF,0xFF,0xFF,0xFF,0x00,0x00,0xFF,0xFF,0xFF,0xFF,0xFF,0xFF,0x00,0x00,0x00,0x00,0x00,0x00,0x00,0x00,0x00,0x00,0x00,0x00,0x00,0x00,0x00,0x00,0x00,0x00,0x00,0x00,0x00,0x00,0x00,0x00,0x00,0x00,0x00,0x00,0x00,0xFF,0xFF,0xFF,0xFF,0xFF,0xFF,0xFF,0x00,0x00,0x00,0x00,0x00,0x00,0xFF,0xFF,0xFF,0xFF,
	0xFF,0xFF,0xFF,0x00,0x00,0x00,0x00,0x00,0x00,0x00,0x00,0x00,0xFF,0xFF,0xFF,0xFF,0xFF,0xFF,0xFF,0x00,0x00,0xFF,0xFF,0xFF,0xFF,0xFF,0xFF,0x00,0x00,0x00,0x00,0x00,0x00,0x00,0x00,0x00,0x00,0x00,0x00,0x00,0x00,0x00,0x00,0x00,0x00,0x00,0x00,0x00,0x00,0x00,0x00,0x00,0x00,0x00,0x00,0x00,0xFF,0xFF,0xFF,0xFF,0xFF,0xFF,0xFF,0x00,
	0x00,0x00,0x00,0x00,0x00,0xFF,0xFF,0xFF,0xFF,0xFF,0xFF,0xFF,0x00,0x00,0x00,0x00,0x00,0x00,0x00,0x00,0x00,0xFF,0xFF,0xFF,0xFF,0xFF,0xFF,0xFF,0x00,0x00,0xFF,0xFF,0xFF,0xFF,0xFF,0xFF,0xFF,0xFF,0xFF,0xFF,0xFF,0xFF,0xFF,0xFF,0xFF,0x00,0x00,0x00,0x00,0x00,0x00,0x00,0x00,0x00,0x00,0x00,0x00,0x00,0x00,0x00,0x00,0x00,0x00,0x00,
	0x00,0xFF,0xFF,0xFF,0xFF,0xFF,0xFF,0xFF,0x00,0x00,0x00,0x00,0x00,0x00,0xFF,0xFF,0xFF,0xFF,0xFF,0xFF,0xFF,0x00,0x00,0x00,0x00,0x00,0x00,0x00,0x00,0x00,0xFF,0xFF,0xFF,0xFF,0xFF,0xFF,0xFF,0x00,0x00,0xFF,0xFF,0xFF,0xFF,0xFF,0xFF,0xFF,0xFF,0xFF,0xFF,0xFF,0xFF,0xFF,0xFF,0xFF,0xFF,0x00,0x00,0x00,0x00,0x00,0x00,0x00,0x00,0x00,
	0x00,0x00,0x00,0x00,0x00,0x00,0x00,0x00,0x00,0x00,0xFF,0xFF,0xFF,0xFF,0xFF,0xFF,0xFF,0x00,0x00,0x00,0x00,0x00,0x00,0xFF,0xFF,0xFF,0xFF,0xFF,0xFF,0xFF,0x00,0x00,0x00,0x00,0x00,0x00,0x00,0x00,0x00,0xFF,0xFF,0xFF,0xFF,0xFF,0xFF,0xFF,0x00,0x00,0xFF,0xFF,0xFF,0xFF,0xFF,0xFF,0xFF,0xFF,0xFF,0xFF,0xFF,0xFF,0xFF,0xFF,0xFF,0xFF,
	0x00,0x00,0x00,0x00,0x00,0x00,0x00,0x00,0x00,0x00,0x00,0x00,0x00,0x00,0x00,0x00,0x00,0x00,0x00,0xFF,0xFF,0xFF,0xFF,0xFF,0xFF,0xFF,0x00,0x00,0x00,0x00,0x00,0x00,0xFF,0xFF,0xFF,0xFF,0xFF,0xFF,0xFF,0x00,0x00,0x00,0x00,0x00,0x00,0x00,0x00,0x00,0xFF,0xFF,0xFF,0xFF,0xFF,0xFF,0xFF,0x00,0x00,0xFF,0xFF,0xFF,0xFF,0xFF,0xFF,0xFF,
	0xFF,0xFF,0xFF,0xFF,0xFF,0xFF,0xFF,0xFF,0xFF,0x00,0x00,0x00,0x00,0x00,0x00,0x00,0x00,0x00,0x00,0x00,0x00,0x00,0x00,0x00,0x00,0x00,0x00,0x00,0xFF,0xFF,0xFF,0xFF,0xFF,0xFF,0xFF,0x00,0x00,0x00,0x00,0x00,0x00,0xFF,0xFF,0xFF,0xFF,0xFF,0xFF,0xFF,0x00,0x00,0x00,0x00,0x00,0x00,0x00,0x00,0x00,0xFF,0xFF,0xFF,0xFF,0xFF,0xFF,0xFF,
	0x00,0x00,0xFF,0xFF,0xFF,0xFF,0xFF,0xFF,0xFF,0xFF,0xFF,0xFF,0xFF,0xFF,0xFF,0xFF,0xFF,0xFF,0x00,0x00,0x00,0x00,0x00,0x00,0x00,0x00,0x00,0x00,0x00,0x00,0x00,0x00,0x00,0x00,0x00,0x00,0x00,0xFF,0xFF,0xFF,0xFF,0xFF,0xFF,0xFF,0x00,0x00,0x00,0x00,0x00,0x00,0xFF,0xFF,0xFF,0xFF,0xFF,0xFF,0xFF,0x00,0x00,0x00,0x00,0x00,0x00,0x00,
	0x00,0x00,0xFF,0xFF,0xFF,0xFF,0xFF,0xFF,0xFF,0x00,0x00,0xFF,0xFF,0xFF,0xFF,0xFF,0xFF,0xFF,0xFF,0xFF,0xFF,0xFF,0xFF,0xFF,0xFF,0xFF,0x00,0x00,0x00,0x00,0x00,0x00,0x00,0x00,0x00,0x00,0x00,0x00,0x00,0x00,0x00,0x00,0x00,0x00,0x00,0x00,0xFF,0xFF,0xFF,0xFF,0xFF,0xFF,0xFF,0x00,0x00,0x00,0x00,0x00,0x00,0xFF,0xFF,0xFF,0xFF,0xFF,
	0xFF,0xFF,0x00,0x00,0x00,0x00,0x00,0x00,0x00,0x00,0x00,0xFF,0xFF,0xFF,0xFF,0xFF,0xFF,0xFF,0x00,0x00,0xFF,0xFF,0xFF,0xFF,0xFF,0xFF,0x00,0x00,0x00,0x00,0x00,0x00,0x00,0x00,0x00,0x00,0x00,0x00,0x00,0x00,0x00,0x00,0x00,0x00,0x00,0x00,0x00,0x00,0x00,0x00,0x00,0x00,0x00,0x00,0x00,0xFF,0xFF,0xFF,0xFF,0xFF,0xFF,0xFF,0x00,0x00,
	0x00,0x00,0x00,0x00,0xFF,0xFF,0xFF,0xFF,0xFF,0xFF,0xFF,0x00,0x00,0x00,0x00,0x00,0x00,0x00,0x00,0x00,0xFF,0xFF,0xFF,0xFF,0xFF,0xFF,0xFF,0x00,0x00,0xFF,0xFF,0xFF,0xFF,0xFF,0xFF,0x00,0x00,0x00,0x00,0x00,0x00,0x00,0x00,0x00,0x00,0x00,0x00,0x00,0x00,0x00,0x00,0x00,0x00,0x00,0x00,0x00,0x00,0x00,0x00,0x00,0x00,0x00,0x00,0x00,
	0xFF,0xFF,0xFF,0xFF,0xFF,0xFF,0xFF,0x00,0x00,0x00,0x00,0x00,0x00,0xFF,0xFF,0xFF,0xFF,0xFF,0xFF,0xFF,0x00,0x00,0x00,0x00,0x00,0x00,0x00,0x00,0xFF,0xFF,0xFF,0xFF,0xFF,0xFF,0xFF,0xFF,0x00,0x00,0xFF,0xFF,0xFF,0xFF,0xFF,0xFF,0x00,0x00,0x00,0x00,0x00,0x00,0x00,0x00,0x00,0x00,0x00,0x00,0x00,0x00,0x00,0x00,0x00,0x00,0x00,0x00,
	0x00,0x00,0x00,0x00,0x00,0x00,0x00,0x00,0x00,0xFF,0xFF,0xFF,0xFF,0xFF,0xFF,0xFF,0x00,0x00,0x00,0x00,0x00,0x00,0x00,0xFF,0xFF,0xFF,0xFF,0xFF,0xFF,0xFF,0x00,0x00,0x00,0x00,0x00,0x00,0x00,0xFF,0xFF,0xFF,0xFF,0xFF,0xFF,0xFF,0xFF,0x00,0x00,0xFF,0xFF,0xFF,0xFF,0xFF,0xFF,0x00,0x00,0x00,0x00,0x00,0x00,0x00,0x00,0x00,0x00,0x00,
	0x00,0x00,0x00,0x00,0x00,0x00,0x00,0x00,0x00,0x00,0x00,0x00,0x00,0x00,0x00,0x00,0x00,0x00,0xFF,0xFF,0xFF,0xFF,0xFF,0xFF,0xFF,0x00,0x00,0x00,0x00,0x00,0x00,0x00,0x00,0xFF,0xFF,0xFF,0xFF,0xFF,0xFF,0xFF,0x00,0x00,0x00,0x00,0x00,0xFF,0xFF,0xFF,0xFF,0xFF,0xFF,0xFF,0xFF,0x00,0x00,0x00,0xFF,0xFF,0xFF,0xFF,0xFF,0xFF,0x00,0x00,
	0x00,0x00,0x00,0x00,0x00,0x00,0x00,0x00,0x00,0x00,0x00,0x00,0x00,0x00,0x00,0x00,0x00,0x00,0x00,0x00,0x00,0x00,0x00,0x00,0x00,0x00,0x00,0xFF,0xFF,0xFF,0xFF,0xFF,0xFF,0xFF,0x00,0x00,0x00,0x00,0x00,0x00,0x00,0x00,0xFF,0xFF,0xFF,0xFF,0xFF,0xFF,0xFF,0xFF,0xFF,0xFF,0xFF,0xFF,0xFF,0xFF,0xFF,0xFF,0xFF,0xFF,0xFF,0x00,0x00,0x00,
	0x00,0xFF,0xFF,0xFF,0xFF,0xFF,0xFF,0xFF,0xFF,0xFF,0xFF,0xFF,0xFF,0xFF,0xFF,0xFF,0x00,0x00,0x00,0x00,0x00,0x00,0x00,0x00,0x00,0x00,0x00,0x00,0x00,0x00,0x00,0x00,0x00,0x00,0x00,0x00,0xFF,0xFF,0xFF,0xFF,0xFF,0xFF,0xFF,0x00,0x00,0x00,0x00,0x00,0x00,0x00,0x00,0xFF,0xFF,0xFF,0xFF,0xFF,0xFF,0xFF,0xFF,0xFF,0xFF,0xFF,0xFF,0xFF,
	0xFF,0xFF,0xFF,0xFF,0xFF,0xFF,0x00,0x00,0x00,0x00,0xFF,0xFF,0xFF,0xFF,0xFF,0xFF,0xFF,0xFF,0xFF,0xFF,0xFF,0xFF,0xFF,0xFF,0xFF,0xFF,0xFF,0x00,0x00,0x00,0x00,0x00,0x00,0x00,0x00,0x00,0x00,0x00,0x00,0x00,0x00,0x00,0x00,0x00,0x00,0xFF,0xFF,0xFF,0xFF,0xFF,0xFF,0xFF,0x00,0x00,0x00,0x00,0x00,0x00,0x00,0x00,0x00,0xFF,0xFF,0xFF,
	0xFF,0xFF,0xFF,0xFF,0xFF,0xFF,0xFF,0xFF,0xFF,0xFF,0xFF,0xFF,0xFF,0xFF,0x00,0x00,0x00,0x00,0x00,0xFF,0xFF,0xFF,0xFF,0xFF,0xFF,0xFF,0xFF,0xFF,0xFF,0xFF,0xFF,0xFF,0xFF,0xFF,0xFF,0xFF,0x00,0x00,0x00,0x00,0x00,0x00,0x00,0x00,0x00,0x00,0x00,0x00,0x00,0x00,0x00,0x00,0x00,0x00,0xFF,0xFF,0xFF,0xFF,0xFF,0xFF,0xFF,0x00,0x00,0x00,
	0x00,0x00,0x00,0x00,0x00,0x00,0x00,0xFF,0xFF,0xFF,0xFF,0xFF,0xFF,0xFF,0xFF,0xFF,0xFF,0xFF,0xFF,0xFF,0xFF,0xFF,0x00,0x00,0x00,0x00,0x00,0x00,0xFF,0xFF,0xFF,0xFF,0xFF,0xFF,0xFF,0xFF,0xFF,0xFF,0xFF,0xFF,0xFF,0xFF,0xFF,0xFF,0xFF,0x00,0x00,0x00,0x00,0x00,0x00,0x00,0x00,0x00,0x00,0x00,0x00,0x00,0x00,0x00,0x00,0x00,0x00,0xFF,
	0xFF,0xFF,0xFF,0xFF,0xFF,0xFF,0x00,0x00,0x00,0x00,0x00,0x00,0x00,0x00,0x00,0x00,0x00,0xFF,0xFF,0xFF,0xFF,0xFF,0xFF,0xFF,0xFF,0xFF,0xFF,0xFF,0xFF,0xFF,0x00,0x00,0x00,0x00,0x00,0x00,0x00,0xFF,0xFF,0xFF,0xFF,0xFF,0xFF,0xFF,0xFF,0xFF,0xFF,0xFF,0xFF,0xFF,0xFF,0xFF,0xFF,0xFF,0x00,0x00,0x00,0x00,0x00,0x00,0x00,0x00,0x00,0x00,
	0x00,0x00,0x00,0x00,0x00,0x00,0x00,0x00,0x00,0xFF,0xFF,0xFF,0xFF,0xFF,0x00,0x00,0x00,0x00,0x00,0x00,0x00,0x00,0x00,0x00,0x00,0x00,0x00,0x00,0x00,0xFF,0xFF,0xFF,0xFF,0xFF,0xFF,0xFF,0x00,0x00,0x00,0x00,0x00,0x00,0x00,0x00,0x00,0x00,0xFF,0xFF,0xFF,0xFF,0xFF,0xFF,0xFF,0xFF,0xFF,0xFF,0xFF,0xFF,0xFF,0xFF,0xFF,0xFF,0x00,0x00,
	0x00,0x00,0x00,0x00,0x00,
    };
        


const lv_img_dsc_t face_1891_2_390_dial_img_12_56861_1 = {
    .header.magic = LV_IMAGE_HEADER_MAGIC,
    .header.w = 73,
    .header.h = 29,
    .data_size = sizeof(face_1891_2_390_dial_img_12_56861_data_1),
    .header.cf = LV_COLOR_FORMAT_RGB565A8,
    .data = face_1891_2_390_dial_img_12_56861_data_1};

    
// LVGL 9 format (RGB565) // LVGL_9 compatible 
const LV_ATTRIBUTE_MEM_ALIGN uint8_t face_1891_2_390_dial_img_12_56861_data_2[] = {
	//RGB565 data 
	0x00,0x00,0x00,0x00,0x00,0x00,0x00,0x00,0x00,0x00,0x00,0x00,0x00,0x00,0x00,0x00,0x00,0x00,0x00,0x00,0x00,0x00,0x00,0x00,0x00,0x00,0x00,0x00,0x00,0x00,0x00,0x00,0x00,0x00,0x00,0x00,0x00,0x00,0x00,0x00,0x00,0x00,0x00,0x00,0x00,0x00,0x00,0x00,0x00,0x00,0x00,0x00,0x00,0x00,0x00,0x00,0x00,0x00,0x00,0x00,0x00,0x00,0x00,0x00,
	0x00,0x00,0x00,0x00,0x00,0x00,0x41,0x08,0x41,0x08,0x41,0x08,0x00,0x00,0x00,0x00,0x00,0x00,0x00,0x00,0x00,0x00,0x00,0x00,0x00,0x00,0x00,0x00,0x00,0x00,0x00,0x00,0x00,0x00,0x00,0x00,0x00,0x00,0x00,0x00,0x00,0x00,0x00,0x00,0x00,0x00,0x00,0x00,0x00,0x00,0x00,0x00,0x00,0x00,0x00,0x00,0x00,0x00,0x00,0x00,0x00,0x00,0x00,0x00,
	0x00,0x00,0x00,0x00,0x00,0x00,0x00,0x00,0x00,0x00,0x00,0x00,0x00,0x00,0x00,0x00,0x00,0x00,0x82,0x10,0x82,0x10,0x82,0x10,0x41,0x08,0x00,0x00,0x00,0x00,0x00,0x00,0x00,0x00,0x00,0x00,0x00,0x00,0x00,0x00,0x00,0x00,0x00,0x00,0x00,0x00,0x41,0x08,0x41,0x08,0x41,0x08,0x00,0x00,0x00,0x00,0x00,0x00,0x00,0x00,0x00,0x00,0x00,0x00,
	0x00,0x00,0x00,0x00,0x00,0x00,0x00,0x00,0x41,0x08,0x82,0x10,0x82,0x10,0x41,0x08,0x00,0x00,0x00,0x00,0x00,0x00,0x41,0x08,0x41,0x08,0x41,0x08,0x41,0x08,0x41,0x08,0x41,0x08,0x82,0x10,0x82,0x10,0x82,0x10,0x82,0x10,0x82,0x10,0x82,0x10,0x82,0x10,0x82,0x10,0x41,0x08,0x00,0x00,0x00,0x00,0x00,0x00,0x41,0x08,0x41,0x08,0x41,0x08,
	0x41,0x08,0x41,0x08,0x41,0x08,0x41,0x08,0x41,0x08,0x41,0x08,0x41,0x08,0x41,0x08,0x00,0x00,0x00,0x00,0x00,0x00,0x00,0x00,0x00,0x00,0x00,0x00,0x00,0x00,0x00,0x00,0x00,0x00,0x00,0x00,0x08,0x42,0x08,0x42,0x08,0x42,0x65,0x29,0xE3,0x18,0x00,0x00,0x00,0x00,0x00,0x00,0x00,0x00,0x00,0x00,0x00,0x00,0x00,0x00,0x41,0x08,0x65,0x29,
	0x08,0x42,0x08,0x42,0x08,0x42,0x65,0x29,0x00,0x00,0x00,0x00,0x00,0x00,0x00,0x00,0x00,0x00,0x00,0x00,0x00,0x00,0x00,0x00,0xE3,0x18,0x65,0x29,0x08,0x42,0x08,0x42,0x65,0x29,0x00,0x00,0x00,0x00,0xE3,0x18,0x08,0x42,0x08,0x42,0x08,0x42,0x08,0x42,0x08,0x42,0x08,0x42,0x08,0x42,0x08,0x42,0x08,0x42,0x08,0x42,0x08,0x42,0x08,0x42,
	0x08,0x42,0x08,0x42,0x65,0x29,0x00,0x00,0x00,0x00,0x41,0x08,0x65,0x29,0x08,0x42,0x08,0x42,0x08,0x42,0x08,0x42,0x08,0x42,0x08,0x42,0x08,0x42,0x08,0x42,0x08,0x42,0x08,0x42,0x65,0x29,0xE3,0x18,0x41,0x08,0x00,0x00,0x00,0x00,0x00,0x00,0x00,0x00,0x00,0x00,0x00,0x00,0x00,0x00,0x79,0xCE,0x79,0xCE,0x79,0xCE,0x76,0xB5,0x6D,0x6B,
	0x41,0x08,0x00,0x00,0x00,0x00,0x00,0x00,0x00,0x00,0x00,0x00,0x00,0x00,0xE3,0x18,0x76,0xB5,0x79,0xCE,0x79,0xCE,0x79,0xCE,0x92,0x94,0x41,0x08,0x00,0x00,0x00,0x00,0x00,0x00,0x00,0x00,0x00,0x00,0x00,0x00,0x82,0x10,0x6D,0x6B,0x76,0xB5,0x79,0xCE,0x79,0xCE,0x92,0x94,0x41,0x08,0x41,0x08,0x08,0x42,0x76,0xB5,0x79,0xCE,0x79,0xCE,
	0x79,0xCE,0x79,0xCE,0x79,0xCE,0x79,0xCE,0x79,0xCE,0x79,0xCE,0x79,0xCE,0x79,0xCE,0x79,0xCE,0x79,0xCE,0x79,0xCE,0x6D,0x6B,0x00,0x00,0x00,0x00,0xE3,0x18,0x92,0x94,0x76,0xB5,0x79,0xCE,0x79,0xCE,0x79,0xCE,0x79,0xCE,0x79,0xCE,0x79,0xCE,0x79,0xCE,0x79,0xCE,0x79,0xCE,0x79,0xCE,0x76,0xB5,0x92,0x94,0x08,0x42,0x41,0x08,0x00,0x00,
	0x00,0x00,0x00,0x00,0x00,0x00,0x00,0x00,0xFF,0xFF,0xFF,0xFF,0xFF,0xFF,0x3D,0xEF,0x92,0x94,0x41,0x08,0x00,0x00,0x00,0x00,0x00,0x00,0x00,0x00,0x00,0x00,0x00,0x00,0x65,0x29,0x3D,0xEF,0xFF,0xFF,0xFF,0xFF,0xFF,0xFF,0x79,0xCE,0xE3,0x18,0x00,0x00,0x00,0x00,0x00,0x00,0x00,0x00,0x00,0x00,0x00,0x00,0xE3,0x18,0x76,0xB5,0xBE,0xF7,
	0xFF,0xFF,0xFF,0xFF,0x76,0xB5,0x41,0x08,0x41,0x08,0x6D,0x6B,0x3D,0xEF,0xFF,0xFF,0xFF,0xFF,0xFF,0xFF,0xFF,0xFF,0xFF,0xFF,0xFF,0xFF,0xFF,0xFF,0xFF,0xFF,0xFF,0xFF,0xFF,0xFF,0xFF,0xFF,0xFF,0xFF,0xFF,0xFF,0x76,0xB5,0x00,0x00,0x00,0x00,0x65,0x29,0x76,0xB5,0xFF,0xFF,0xFF,0xFF,0xFF,0xFF,0xFF,0xFF,0xFF,0xFF,0xFF,0xFF,0xFF,0xFF,
	0xFF,0xFF,0xFF,0xFF,0xFF,0xFF,0xFF,0xFF,0xFF,0xFF,0xBE,0xF7,0x76,0xB5,0x6D,0x6B,0x65,0x29,0x41,0x08,0x00,0x00,0x00,0x00,0x00,0x00,0x79,0xCE,0x3D,0xEF,0xFF,0xFF,0xFF,0xFF,0x76,0xB5,0x82,0x10,0x00,0x00,0x00,0x00,0x00,0x00,0x00,0x00,0x00,0x00,0xE3,0x18,0x6D,0x6B,0x3D,0xEF,0xFF,0xFF,0xFF,0xFF,0xFF,0xFF,0x79,0xCE,0x08,0x42,
	0x82,0x10,0x00,0x00,0x00,0x00,0x00,0x00,0x00,0x00,0x00,0x00,0xE3,0x18,0x79,0xCE,0xFF,0xFF,0xFF,0xFF,0x3D,0xEF,0x92,0x94,0x41,0x08,0x41,0x08,0x6D,0x6B,0x3D,0xEF,0xFF,0xFF,0xFF,0xFF,0xFF,0xFF,0xFF,0xFF,0xFF,0xFF,0xFF,0xFF,0xFF,0xFF,0xFF,0xFF,0xFF,0xFF,0xFF,0xFF,0xFF,0xFF,0xFF,0xFF,0xFF,0xFF,0x76,0xB5,0x00,0x00,0x00,0x00,
	0x65,0x29,0x76,0xB5,0x3D,0xEF,0xFF,0xFF,0xFF,0xFF,0xFF,0xFF,0xFF,0xFF,0xFF,0xFF,0xFF,0xFF,0xFF,0xFF,0xFF,0xFF,0xFF,0xFF,0xFF,0xFF,0xFF,0xFF,0xFF,0xFF,0xBE,0xF7,0x3D,0xEF,0x92,0x94,0x65,0x29,0x00,0x00,0x00,0x00,0x00,0x00,0x92,0x94,0x79,0xCE,0xFF,0xFF,0xFF,0xFF,0x79,0xCE,0xE3,0x18,0x00,0x00,0x00,0x00,0x00,0x00,0x00,0x00,
	0x00,0x00,0x65,0x29,0x92,0x94,0x3D,0xEF,0xFF,0xFF,0xFF,0xFF,0xFF,0xFF,0x3D,0xEF,0x6D,0x6B,0x65,0x29,0x00,0x00,0x00,0x00,0x00,0x00,0x00,0x00,0x00,0x00,0x65,0x29,0x79,0xCE,0xFF,0xFF,0xFF,0xFF,0x76,0xB5,0x6D,0x6B,0x00,0x00,0x82,0x10,0x6D,0x6B,0x3D,0xEF,0xFF,0xFF,0xFF,0xFF,0x79,0xCE,0x92,0x94,0x6D,0x6B,0x6D,0x6B,0x6D,0x6B,
	0x6D,0x6B,0x6D,0x6B,0x6D,0x6B,0x6D,0x6B,0x6D,0x6B,0x6D,0x6B,0x08,0x42,0x00,0x00,0x00,0x00,0x65,0x29,0x76,0xB5,0x3D,0xEF,0xFF,0xFF,0xFF,0xFF,0x79,0xCE,0x6D,0x6B,0x6D,0x6B,0x6D,0x6B,0x6D,0x6B,0x92,0x94,0x92,0x94,0x76,0xB5,0x79,0xCE,0xFF,0xFF,0xFF,0xFF,0xFF,0xFF,0x79,0xCE,0x92,0x94,0x82,0x10,0x00,0x00,0x00,0x00,0x6D,0x6B,
	0x76,0xB5,0xFF,0xFF,0xFF,0xFF,0x79,0xCE,0x08,0x42,0x41,0x08,0x00,0x00,0x00,0x00,0x00,0x00,0x00,0x00,0x08,0x42,0x76,0xB5,0xBE,0xF7,0xFF,0xFF,0xFF,0xFF,0xFF,0xFF,0x3D,0xEF,0x92,0x94,0x08,0x42,0x00,0x00,0x00,0x00,0x00,0x00,0x00,0x00,0x41,0x08,0x08,0x42,0x3D,0xEF,0xFF,0xFF,0xBE,0xF7,0x92,0x94,0x08,0x42,0x00,0x00,0x82,0x10,
	0x6D,0x6B,0x3D,0xEF,0xFF,0xFF,0xFF,0xFF,0x92,0x94,0xE3,0x18,0x00,0x00,0x00,0x00,0x00,0x00,0x00,0x00,0x00,0x00,0x00,0x00,0x00,0x00,0x00,0x00,0x00,0x00,0x00,0x00,0x00,0x00,0x00,0x00,0x65,0x29,0x76,0xB5,0x3D,0xEF,0xFF,0xFF,0xFF,0xFF,0x76,0xB5,0x00,0x00,0x00,0x00,0x00,0x00,0x00,0x00,0x41,0x08,0x65,0x29,0x08,0x42,0x92,0x94,
	0x3D,0xEF,0xBE,0xF7,0xFF,0xFF,0xFF,0xFF,0x79,0xCE,0x08,0x42,0x82,0x10,0x00,0x00,0x08,0x42,0x92,0x94,0xFF,0xFF,0xFF,0xFF,0x79,0xCE,0x6D,0x6B,0xE3,0x18,0x00,0x00,0x00,0x00,0x00,0x00,0x00,0x00,0x6D,0x6B,0x79,0xCE,0xBE,0xF7,0xFF,0xFF,0xFF,0xFF,0xFF,0xFF,0xBE,0xF7,0x79,0xCE,0x08,0x42,0x00,0x00,0x00,0x00,0x00,0x00,0x00,0x00,
	0x65,0x29,0x6D,0x6B,0x3D,0xEF,0xFF,0xFF,0xBE,0xF7,0x6D,0x6B,0x82,0x10,0x00,0x00,0x82,0x10,0x6D,0x6B,0x3D,0xEF,0xFF,0xFF,0xFF,0xFF,0x92,0x94,0xE3,0x18,0x00,0x00,0x00,0x00,0x00,0x00,0x00,0x00,0x00,0x00,0x00,0x00,0x00,0x00,0x00,0x00,0x00,0x00,0x00,0x00,0x00,0x00,0x00,0x00,0x65,0x29,0x76,0xB5,0x3D,0xEF,0xFF,0xFF,0xFF,0xFF,
	0x76,0xB5,0x00,0x00,0x00,0x00,0x00,0x00,0x00,0x00,0x00,0x00,0x41,0x08,0x82,0x10,0x65,0x29,0x6D,0x6B,0x79,0xCE,0xFF,0xFF,0xFF,0xFF,0x3D,0xEF,0x76,0xB5,0x08,0x42,0x00,0x00,0xE3,0x18,0x6D,0x6B,0xFF,0xFF,0xFF,0xFF,0x3D,0xEF,0x92,0x94,0x65,0x29,0x00,0x00,0x00,0x00,0x00,0x00,0x00,0x00,0x92,0x94,0x3D,0xEF,0xFF,0xFF,0x3D,0xEF,
	0x79,0xCE,0xBE,0xF7,0xFF,0xFF,0x3D,0xEF,0x6D,0x6B,0x00,0x00,0x00,0x00,0x00,0x00,0x00,0x00,0x08,0x42,0x92,0x94,0xBE,0xF7,0xFF,0xFF,0xBE,0xF7,0x08,0x42,0x00,0x00,0x00,0x00,0x82,0x10,0x6D,0x6B,0x3D,0xEF,0xFF,0xFF,0xFF,0xFF,0x92,0x94,0x65,0x29,0x00,0x00,0x00,0x00,0x00,0x00,0x00,0x00,0x00,0x00,0x00,0x00,0x00,0x00,0x00,0x00,
	0x00,0x00,0x00,0x00,0x00,0x00,0x00,0x00,0x65,0x29,0x76,0xB5,0x3D,0xEF,0xFF,0xFF,0xFF,0xFF,0x76,0xB5,0x41,0x08,0x00,0x00,0x00,0x00,0x00,0x00,0x00,0x00,0x00,0x00,0x00,0x00,0x00,0x00,0x65,0x29,0x92,0x94,0xBE,0xF7,0xFF,0xFF,0xFF,0xFF,0x3D,0xEF,0x6D,0x6B,0x41,0x08,0x00,0x00,0x6D,0x6B,0xFF,0xFF,0xFF,0xFF,0x3D,0xEF,0x76,0xB5,
	0x08,0x42,0x00,0x00,0x00,0x00,0x00,0x00,0x00,0x00,0x92,0x94,0xFF,0xFF,0xFF,0xFF,0x76,0xB5,0x6D,0x6B,0x79,0xCE,0xFF,0xFF,0xFF,0xFF,0x6D,0x6B,0x00,0x00,0x00,0x00,0x00,0x00,0x00,0x00,0x08,0x42,0x76,0xB5,0xBE,0xF7,0xFF,0xFF,0x3D,0xEF,0x08,0x42,0x00,0x00,0x00,0x00,0x82,0x10,0x6D,0x6B,0x3D,0xEF,0xFF,0xFF,0xFF,0xFF,0x92,0x94,
	0x65,0x29,0x00,0x00,0x00,0x00,0x00,0x00,0x00,0x00,0x00,0x00,0x00,0x00,0x00,0x00,0x00,0x00,0x00,0x00,0x00,0x00,0x00,0x00,0x00,0x00,0x65,0x29,0x76,0xB5,0x3D,0xEF,0xFF,0xFF,0xFF,0xFF,0x76,0xB5,0x41,0x08,0x00,0x00,0x00,0x00,0x00,0x00,0x00,0x00,0x00,0x00,0x00,0x00,0x00,0x00,0x00,0x00,0x6D,0x6B,0x79,0xCE,0xBE,0xF7,0xFF,0xFF,
	0xFF,0xFF,0x6D,0x6B,0xE3,0x18,0x00,0x00,0x08,0x42,0x3D,0xEF,0xFF,0xFF,0xBE,0xF7,0x79,0xCE,0x6D,0x6B,0x00,0x00,0x00,0x00,0x41,0x08,0xE3,0x18,0x76,0xB5,0xFF,0xFF,0xFF,0xFF,0x92,0x94,0xE3,0x18,0x76,0xB5,0xFF,0xFF,0xFF,0xFF,0x92,0x94,0xE3,0x18,0x00,0x00,0x00,0x00,0x00,0x00,0x6D,0x6B,0x79,0xCE,0xFF,0xFF,0x3D,0xEF,0x76,0xB5,
	0x65,0x29,0x00,0x00,0x00,0x00,0x82,0x10,0x6D,0x6B,0x3D,0xEF,0xFF,0xFF,0xFF,0xFF,0x6D,0x6B,0xE3,0x18,0x00,0x00,0x00,0x00,0x00,0x00,0x00,0x00,0x00,0x00,0x00,0x00,0x00,0x00,0x00,0x00,0x00,0x00,0x00,0x00,0x00,0x00,0x00,0x00,0x65,0x29,0x76,0xB5,0x3D,0xEF,0xFF,0xFF,0xFF,0xFF,0x76,0xB5,0x41,0x08,0x00,0x00,0x00,0x00,0x00,0x00,
	0x00,0x00,0x00,0x00,0x00,0x00,0x00,0x00,0x00,0x00,0x65,0x29,0x92,0x94,0x3D,0xEF,0xFF,0xFF,0xFF,0xFF,0x92,0x94,0x08,0x42,0x00,0x00,0x08,0x42,0x76,0xB5,0xBE,0xF7,0xFF,0xFF,0x3D,0xEF,0x6D,0x6B,0x00,0x00,0x00,0x00,0x82,0x10,0x08,0x42,0x79,0xCE,0xFF,0xFF,0xBE,0xF7,0x6D,0x6B,0x00,0x00,0x76,0xB5,0xFF,0xFF,0xFF,0xFF,0x76,0xB5,
	0x08,0x42,0x41,0x08,0x00,0x00,0x00,0x00,0x92,0x94,0xBE,0xF7,0xFF,0xFF,0x79,0xCE,0x92,0x94,0xE3,0x18,0x00,0x00,0x00,0x00,0x82,0x10,0x6D,0x6B,0x3D,0xEF,0xFF,0xFF,0xFF,0xFF,0x76,0xB5,0x08,0x42,0x08,0x42,0x65,0x29,0x65,0x29,0x65,0x29,0x65,0x29,0x65,0x29,0x65,0x29,0x65,0x29,0xE3,0x18,0x82,0x10,0x00,0x00,0x00,0x00,0x65,0x29,
	0x76,0xB5,0x3D,0xEF,0xFF,0xFF,0xFF,0xFF,0x76,0xB5,0x41,0x08,0x00,0x00,0x00,0x00,0x00,0x00,0x00,0x00,0x00,0x00,0x00,0x00,0x00,0x00,0x00,0x00,0x82,0x10,0x08,0x42,0x79,0xCE,0xFF,0xFF,0xFF,0xFF,0x76,0xB5,0x6D,0x6B,0x00,0x00,0x65,0x29,0x6D,0x6B,0x3D,0xEF,0xFF,0xFF,0xFF,0xFF,0x6D,0x6B,0x00,0x00,0x00,0x00,0xE3,0x18,0x6D,0x6B,
	0x79,0xCE,0xFF,0xFF,0x79,0xCE,0x6D,0x6B,0x00,0x00,0x92,0x94,0x3D,0xEF,0xFF,0xFF,0x79,0xCE,0x6D,0x6B,0x82,0x10,0x00,0x00,0x00,0x00,0x92,0x94,0xFF,0xFF,0xFF,0xFF,0x79,0xCE,0x6D,0x6B,0xE3,0x18,0x00,0x00,0x00,0x00,0x82,0x10,0x6D,0x6B,0x3D,0xEF,0xFF,0xFF,0xFF,0xFF,0xBE,0xF7,0x3D,0xEF,0x3D,0xEF,0x3D,0xEF,0x3D,0xEF,0x3D,0xEF,
	0x3D,0xEF,0x3D,0xEF,0x3D,0xEF,0x3D,0xEF,0x92,0x94,0x08,0x42,0x00,0x00,0x00,0x00,0x65,0x29,0x76,0xB5,0x3D,0xEF,0xFF,0xFF,0xFF,0xFF,0x76,0xB5,0x41,0x08,0x00,0x00,0x00,0x00,0x00,0x00,0x00,0x00,0x00,0x00,0x00,0x00,0x00,0x00,0x00,0x00,0x00,0x00,0x65,0x29,0x79,0xCE,0xFF,0xFF,0xFF,0xFF,0x76,0xB5,0x6D,0x6B,0x00,0x00,0x82,0x10,
	0x08,0x42,0x79,0xCE,0xFF,0xFF,0xFF,0xFF,0x92,0x94,0x82,0x10,0x00,0x00,0x65,0x29,0x92,0x94,0x3D,0xEF,0xBE,0xF7,0x76,0xB5,0x08,0x42,0x00,0x00,0x6D,0x6B,0x79,0xCE,0xFF,0xFF,0x3D,0xEF,0x92,0x94,0xE3,0x18,0x00,0x00,0xE3,0x18,0x76,0xB5,0xFF,0xFF,0xFF,0xFF,0x76,0xB5,0x65,0x29,0x41,0x08,0x00,0x00,0x00,0x00,0x82,0x10,0x6D,0x6B,
	0x3D,0xEF,0xFF,0xFF,0xFF,0xFF,0xFF,0xFF,0xFF,0xFF,0xFF,0xFF,0xFF,0xFF,0xFF,0xFF,0xFF,0xFF,0xFF,0xFF,0xFF,0xFF,0xFF,0xFF,0xFF,0xFF,0x76,0xB5,0x08,0x42,0x00,0x00,0x00,0x00,0x65,0x29,0x76,0xB5,0x3D,0xEF,0xFF,0xFF,0xFF,0xFF,0x76,0xB5,0x41,0x08,0x00,0x00,0x00,0x00,0x00,0x00,0x00,0x00,0x00,0x00,0x00,0x00,0x00,0x00,0x00,0x00,
	0x00,0x00,0xE3,0x18,0x79,0xCE,0xFF,0xFF,0xFF,0xFF,0x76,0xB5,0x6D,0x6B,0x00,0x00,0x41,0x08,0x65,0x29,0x79,0xCE,0xFF,0xFF,0xFF,0xFF,0x76,0xB5,0x08,0x42,0x00,0x00,0x08,0x42,0x79,0xCE,0xFF,0xFF,0x3D,0xEF,0x6D,0x6B,0xE3,0x18,0x00,0x00,0x08,0x42,0x76,0xB5,0xBE,0xF7,0xBE,0xF7,0x76,0xB5,0xE3,0x18,0x00,0x00,0x08,0x42,0x79,0xCE,
	0xFF,0xFF,0xFF,0xFF,0x92,0x94,0x82,0x10,0x00,0x00,0x00,0x00,0x00,0x00,0x82,0x10,0x6D,0x6B,0x3D,0xEF,0xFF,0xFF,0xFF,0xFF,0xBE,0xF7,0xBE,0xF7,0xBE,0xF7,0xBE,0xF7,0xBE,0xF7,0xBE,0xF7,0xBE,0xF7,0xBE,0xF7,0xBE,0xF7,0x3D,0xEF,0x92,0x94,0x08,0x42,0x00,0x00,0x00,0x00,0x65,0x29,0x76,0xB5,0x3D,0xEF,0xFF,0xFF,0xFF,0xFF,0x76,0xB5,
	0x41,0x08,0x00,0x00,0x00,0x00,0x00,0x00,0x00,0x00,0x00,0x00,0x00,0x00,0x00,0x00,0x00,0x00,0x00,0x00,0x82,0x10,0x79,0xCE,0xFF,0xFF,0xFF,0xFF,0x76,0xB5,0x6D,0x6B,0x00,0x00,0x00,0x00,0x82,0x10,0x76,0xB5,0xFF,0xFF,0xFF,0xFF,0x79,0xCE,0x6D,0x6B,0x00,0x00,0x08,0x42,0xBE,0xF7,0xFF,0xFF,0x3D,0xEF,0x08,0x42,0x41,0x08,0x00,0x00,
	0xE3,0x18,0x6D,0x6B,0xBE,0xF7,0xFF,0xFF,0x3D,0xEF,0xE3,0x18,0x41,0x08,0x6D,0x6B,0x79,0xCE,0xFF,0xFF,0xFF,0xFF,0x92,0x94,0x00,0x00,0x00,0x00,0x00,0x00,0x00,0x00,0x82,0x10,0x6D,0x6B,0x3D,0xEF,0xFF,0xFF,0xFF,0xFF,0x76,0xB5,0x92,0x94,0x6D,0x6B,0x6D,0x6B,0x6D,0x6B,0x6D,0x6B,0x6D,0x6B,0x6D,0x6B,0x6D,0x6B,0x6D,0x6B,0x08,0x42,
	0xE3,0x18,0x00,0x00,0x00,0x00,0x65,0x29,0x76,0xB5,0x3D,0xEF,0xFF,0xFF,0xFF,0xFF,0x76,0xB5,0x41,0x08,0x00,0x00,0x00,0x00,0x00,0x00,0x00,0x00,0x00,0x00,0x00,0x00,0x00,0x00,0x00,0x00,0x41,0x08,0x65,0x29,0x79,0xCE,0xFF,0xFF,0xFF,0xFF,0x76,0xB5,0x6D,0x6B,0x00,0x00,0x00,0x00,0x00,0x00,0x92,0x94,0xBE,0xF7,0xFF,0xFF,0x79,0xCE,
	0x92,0x94,0xE3,0x18,0x08,0x42,0xFF,0xFF,0xFF,0xFF,0x79,0xCE,0x65,0x29,0x00,0x00,0x00,0x00,0x41,0x08,0x08,0x42,0xBE,0xF7,0xFF,0xFF,0x3D,0xEF,0x08,0x42,0x65,0x29,0x92,0x94,0x3D,0xEF,0xFF,0xFF,0x3D,0xEF,0x6D,0x6B,0x00,0x00,0x00,0x00,0x00,0x00,0x00,0x00,0x82,0x10,0x6D,0x6B,0x3D,0xEF,0xFF,0xFF,0xFF,0xFF,0x92,0x94,0x08,0x42,
	0xE3,0x18,0xE3,0x18,0xE3,0x18,0xE3,0x18,0xE3,0x18,0xE3,0x18,0xE3,0x18,0xE3,0x18,0x82,0x10,0x41,0x08,0x00,0x00,0x00,0x00,0x65,0x29,0x76,0xB5,0x3D,0xEF,0xFF,0xFF,0xFF,0xFF,0x76,0xB5,0x41,0x08,0x00,0x00,0x00,0x00,0x00,0x00,0x00,0x00,0x00,0x00,0x00,0x00,0x00,0x00,0x00,0x00,0x82,0x10,0x08,0x42,0x79,0xCE,0xFF,0xFF,0xFF,0xFF,
	0x76,0xB5,0x6D,0x6B,0x00,0x00,0x00,0x00,0x00,0x00,0x6D,0x6B,0x79,0xCE,0xFF,0xFF,0x3D,0xEF,0x76,0xB5,0x08,0x42,0x6D,0x6B,0xFF,0xFF,0xFF,0xFF,0x79,0xCE,0xE3,0x18,0x00,0x00,0x00,0x00,0x00,0x00,0x08,0x42,0x3D,0xEF,0xFF,0xFF,0x3D,0xEF,0x6D,0x6B,0x08,0x42,0x76,0xB5,0x3D,0xEF,0xBE,0xF7,0x76,0xB5,0x08,0x42,0x00,0x00,0x00,0x00,
	0x00,0x00,0x00,0x00,0x82,0x10,0x6D,0x6B,0x3D,0xEF,0xFF,0xFF,0xFF,0xFF,0x92,0x94,0x65,0x29,0x00,0x00,0x00,0x00,0x00,0x00,0x00,0x00,0x00,0x00,0x00,0x00,0x00,0x00,0x00,0x00,0x00,0x00,0x00,0x00,0x00,0x00,0x00,0x00,0x65,0x29,0x76,0xB5,0x3D,0xEF,0xFF,0xFF,0xFF,0xFF,0x76,0xB5,0x41,0x08,0x00,0x00,0x00,0x00,0x00,0x00,0x00,0x00,
	0x00,0x00,0x00,0x00,0x00,0x00,0x00,0x00,0xE3,0x18,0x6D,0x6B,0x79,0xCE,0xFF,0xFF,0xFF,0xFF,0x76,0xB5,0x6D,0x6B,0x00,0x00,0x00,0x00,0x00,0x00,0x6D,0x6B,0x76,0xB5,0xBE,0xF7,0xFF,0xFF,0x79,0xCE,0x6D,0x6B,0x92,0x94,0xFF,0xFF,0x3D,0xEF,0x92,0x94,0x82,0x10,0x00,0x00,0x00,0x00,0x00,0x00,0x65,0x29,0x79,0xCE,0xBE,0xF7,0xBE,0xF7,
	0x6D,0x6B,0x92,0x94,0x3D,0xEF,0xFF,0xFF,0x3D,0xEF,0x92,0x94,0x08,0x42,0x00,0x00,0x00,0x00,0x00,0x00,0x00,0x00,0x82,0x10,0x6D,0x6B,0x3D,0xEF,0xFF,0xFF,0xFF,0xFF,0x92,0x94,0x65,0x29,0x00,0x00,0x00,0x00,0x00,0x00,0x00,0x00,0x00,0x00,0x00,0x00,0x00,0x00,0x00,0x00,0x00,0x00,0x00,0x00,0x00,0x00,0x00,0x00,0x65,0x29,0x76,0xB5,
	0x3D,0xEF,0xFF,0xFF,0xFF,0xFF,0x76,0xB5,0x41,0x08,0x00,0x00,0x00,0x00,0x00,0x00,0x00,0x00,0x00,0x00,0x00,0x00,0x00,0x00,0x00,0x00,0x08,0x42,0x76,0xB5,0x3D,0xEF,0xFF,0xFF,0xFF,0xFF,0x92,0x94,0x08,0x42,0x00,0x00,0x00,0x00,0x00,0x00,0x08,0x42,0x92,0x94,0xBE,0xF7,0xFF,0xFF,0xBE,0xF7,0x76,0xB5,0x76,0xB5,0xFF,0xFF,0x79,0xCE,
	0x6D,0x6B,0x82,0x10,0x00,0x00,0x00,0x00,0x00,0x00,0x65,0x29,0x92,0x94,0x3D,0xEF,0xBE,0xF7,0x76,0xB5,0x76,0xB5,0xFF,0xFF,0xFF,0xFF,0x3D,0xEF,0x6D,0x6B,0xE3,0x18,0x00,0x00,0x00,0x00,0x00,0x00,0x00,0x00,0x82,0x10,0x6D,0x6B,0x3D,0xEF,0xFF,0xFF,0xFF,0xFF,0x92,0x94,0x65,0x29,0x00,0x00,0x00,0x00,0x00,0x00,0x00,0x00,0x00,0x00,
	0x00,0x00,0x00,0x00,0x00,0x00,0x00,0x00,0x00,0x00,0x00,0x00,0x00,0x00,0x65,0x29,0x76,0xB5,0x3D,0xEF,0xFF,0xFF,0xFF,0xFF,0x76,0xB5,0x41,0x08,0x00,0x00,0x00,0x00,0x00,0x00,0x00,0x00,0x00,0x00,0x00,0x00,0x00,0x00,0x41,0x08,0x6D,0x6B,0x3D,0xEF,0xFF,0xFF,0xFF,0xFF,0xBE,0xF7,0x6D,0x6B,0x82,0x10,0x00,0x00,0x00,0x00,0x00,0x00,
	0xE3,0x18,0x6D,0x6B,0xBE,0xF7,0xFF,0xFF,0xFF,0xFF,0x3D,0xEF,0xBE,0xF7,0xFF,0xFF,0x76,0xB5,0x08,0x42,0x41,0x08,0x00,0x00,0x00,0x00,0x00,0x00,0xE3,0x18,0x6D,0x6B,0x79,0xCE,0xFF,0xFF,0x3D,0xEF,0x3D,0xEF,0xFF,0xFF,0xFF,0xFF,0x3D,0xEF,0x08,0x42,0x41,0x08,0x00,0x00,0x00,0x00,0x00,0x00,0x00,0x00,0x82,0x10,0x6D,0x6B,0x3D,0xEF,
	0xFF,0xFF,0xFF,0xFF,0x92,0x94,0x65,0x29,0x00,0x00,0x00,0x00,0x00,0x00,0x00,0x00,0x00,0x00,0x00,0x00,0x00,0x00,0x00,0x00,0x00,0x00,0x00,0x00,0x00,0x00,0x00,0x00,0x65,0x29,0x76,0xB5,0x3D,0xEF,0xFF,0xFF,0xFF,0xFF,0x76,0xB5,0x41,0x08,0x00,0x00,0x00,0x00,0x00,0x00,0x00,0x00,0x00,0x00,0x00,0x00,0x00,0x00,0x08,0x42,0x76,0xB5,
	0xFF,0xFF,0xFF,0xFF,0xBE,0xF7,0x79,0xCE,0x08,0x42,0x00,0x00,0x00,0x00,0x00,0x00,0x00,0x00,0x41,0x08,0x08,0x42,0x3D,0xEF,0xFF,0xFF,0xFF,0xFF,0xFF,0xFF,0xFF,0xFF,0xFF,0xFF,0x92,0x94,0x65,0x29,0x00,0x00,0x00,0x00,0x00,0x00,0x00,0x00,0x82,0x10,0x08,0x42,0x76,0xB5,0xFF,0xFF,0xFF,0xFF,0xFF,0xFF,0xFF,0xFF,0xFF,0xFF,0x79,0xCE,
	0x65,0x29,0x00,0x00,0x00,0x00,0x00,0x00,0x00,0x00,0x00,0x00,0x82,0x10,0x6D,0x6B,0x3D,0xEF,0xFF,0xFF,0xFF,0xFF,0x92,0x94,0xE3,0x18,0x00,0x00,0x00,0x00,0x00,0x00,0x00,0x00,0x00,0x00,0x00,0x00,0x00,0x00,0x00,0x00,0x00,0x00,0x00,0x00,0x00,0x00,0x00,0x00,0x65,0x29,0x76,0xB5,0x3D,0xEF,0xFF,0xFF,0xFF,0xFF,0x76,0xB5,0x00,0x00,
	0x00,0x00,0x00,0x00,0x00,0x00,0x00,0x00,0x82,0x10,0x65,0x29,0x6D,0x6B,0x76,0xB5,0x3D,0xEF,0xFF,0xFF,0xFF,0xFF,0x3D,0xEF,0x6D,0x6B,0xE3,0x18,0x00,0x00,0x00,0x00,0x00,0x00,0x00,0x00,0x00,0x00,0x65,0x29,0x3D,0xEF,0xFF,0xFF,0xFF,0xFF,0xFF,0xFF,0xFF,0xFF,0xFF,0xFF,0x6D,0x6B,0x41,0x08,0x00,0x00,0x00,0x00,0x00,0x00,0x00,0x00,
	0x00,0x00,0xE3,0x18,0x92,0x94,0xFF,0xFF,0xFF,0xFF,0xFF,0xFF,0xFF,0xFF,0xBE,0xF7,0x76,0xB5,0x82,0x10,0x00,0x00,0x00,0x00,0x00,0x00,0x00,0x00,0x00,0x00,0x82,0x10,0x6D,0x6B,0x3D,0xEF,0xFF,0xFF,0xFF,0xFF,0x92,0x94,0x65,0x29,0x82,0x10,0x82,0x10,0x82,0x10,0x82,0x10,0x82,0x10,0x82,0x10,0x82,0x10,0x82,0x10,0x82,0x10,0x41,0x08,
	0x00,0x00,0x00,0x00,0x65,0x29,0x76,0xB5,0x3D,0xEF,0xFF,0xFF,0xFF,0xFF,0x76,0xB5,0x82,0x10,0x82,0x10,0x82,0x10,0x82,0x10,0x65,0x29,0x08,0x42,0x92,0x94,0x79,0xCE,0xFF,0xFF,0xFF,0xFF,0xFF,0xFF,0xBE,0xF7,0x76,0xB5,0xE3,0x18,0x00,0x00,0x00,0x00,0x00,0x00,0x00,0x00,0x00,0x00,0x00,0x00,0x65,0x29,0x76,0xB5,0x3D,0xEF,0xFF,0xFF,
	0xFF,0xFF,0xFF,0xFF,0xBE,0xF7,0x6D,0x6B,0x00,0x00,0x00,0x00,0x00,0x00,0x00,0x00,0x00,0x00,0x00,0x00,0x41,0x08,0x92,0x94,0xFF,0xFF,0xFF,0xFF,0xFF,0xFF,0xFF,0xFF,0x79,0xCE,0x92,0x94,0x82,0x10,0x00,0x00,0x00,0x00,0x00,0x00,0x00,0x00,0x00,0x00,0x82,0x10,0x6D,0x6B,0x3D,0xEF,0xFF,0xFF,0xFF,0xFF,0x3D,0xEF,0x79,0xCE,0x79,0xCE,
	0x79,0xCE,0x79,0xCE,0x79,0xCE,0x79,0xCE,0x79,0xCE,0x79,0xCE,0x79,0xCE,0x79,0xCE,0x6D,0x6B,0x00,0x00,0x00,0x00,0x65,0x29,0x76,0xB5,0x3D,0xEF,0xFF,0xFF,0xFF,0xFF,0x3D,0xEF,0x79,0xCE,0x79,0xCE,0x79,0xCE,0x79,0xCE,0x79,0xCE,0x79,0xCE,0x3D,0xEF,0xBE,0xF7,0xFF,0xFF,0xFF,0xFF,0xFF,0xFF,0x76,0xB5,0x6D,0x6B,0x00,0x00,0x00,0x00,
	0x00,0x00,0x00,0x00,0x00,0x00,0x00,0x00,0x00,0x00,0xE3,0x18,0x92,0x94,0x3D,0xEF,0xFF,0xFF,0xFF,0xFF,0xFF,0xFF,0x79,0xCE,0x08,0x42,0x00,0x00,0x00,0x00,0x00,0x00,0x00,0x00,0x00,0x00,0x00,0x00,0x00,0x00,0x6D,0x6B,0xBE,0xF7,0xFF,0xFF,0xFF,0xFF,0xFF,0xFF,0x76,0xB5,0x6D,0x6B,0x41,0x08,0x00,0x00,0x00,0x00,0x00,0x00,0x00,0x00,
	0x00,0x00,0xE3,0x18,0x6D,0x6B,0x3D,0xEF,0xFF,0xFF,0xFF,0xFF,0xFF,0xFF,0xFF,0xFF,0xFF,0xFF,0xFF,0xFF,0xFF,0xFF,0xFF,0xFF,0xFF,0xFF,0xFF,0xFF,0xFF,0xFF,0xFF,0xFF,0xFF,0xFF,0x76,0xB5,0x00,0x00,0x00,0x00,0x65,0x29,0x76,0xB5,0xBE,0xF7,0xFF,0xFF,0xFF,0xFF,0xFF,0xFF,0xFF,0xFF,0xFF,0xFF,0xFF,0xFF,0xFF,0xFF,0xFF,0xFF,0xFF,0xFF,
	0xFF,0xFF,0xFF,0xFF,0xBE,0xF7,0x3D,0xEF,0x76,0xB5,0x6D,0x6B,0xE3,0x18,0x00,0x00,0x00,0x00,0x00,0x00,0x00,0x00,0x00,0x00,0x00,0x00,0x00,0x00,0xE3,0x18,0x6D,0x6B,0x79,0xCE,0xFF,0xFF,0xFF,0xFF,0x3D,0xEF,0x92,0x94,0x65,0x29,0x00,0x00,0x00,0x00,0x00,0x00,0x00,0x00,0x00,0x00,0x00,0x00,0x00,0x00,0x6D,0x6B,0x79,0xCE,0xBE,0xF7,
	0xFF,0xFF,0xFF,0xFF,0x92,0x94,0x08,0x42,0x41,0x08,0x00,0x00,0x00,0x00,0x00,0x00,0x00,0x00,0x00,0x00,0x82,0x10,0x6D,0x6B,0x3D,0xEF,0xFF,0xFF,0xFF,0xFF,0xFF,0xFF,0xFF,0xFF,0xFF,0xFF,0xFF,0xFF,0xFF,0xFF,0xFF,0xFF,0xFF,0xFF,0xFF,0xFF,0xFF,0xFF,0xFF,0xFF,0xFF,0xFF,0x76,0xB5,0x00,0x00,0x00,0x00,0x65,0x29,0x76,0xB5,0xBE,0xF7,
	0xFF,0xFF,0xFF,0xFF,0xFF,0xFF,0xFF,0xFF,0xFF,0xFF,0xFF,0xFF,0xFF,0xFF,0xFF,0xFF,0xFF,0xFF,0xFF,0xFF,0xFF,0xFF,0x79,0xCE,0x92,0x94,0x65,0x29,0x41,0x08,0x00,0x00,0x00,0x00,0x00,0x00,0x00,0x00,0x00,0x00,0x00,0x00,0x00,0x00,0x00,0x00,0x41,0x08,0x65,0x29,0x6D,0x6B,0x92,0x94,0x92,0x94,0x92,0x94,0x08,0x42,0xE3,0x18,0x00,0x00,
	0x00,0x00,0x00,0x00,0x00,0x00,0x00,0x00,0x00,0x00,0x00,0x00,0x65,0x29,0x6D,0x6B,0x92,0x94,0x92,0x94,0x92,0x94,0x08,0x42,0xE3,0x18,0x00,0x00,0x00,0x00,0x00,0x00,0x00,0x00,0x00,0x00,0x00,0x00,0x41,0x08,0x65,0x29,0x6D,0x6B,0x92,0x94,0x92,0x94,0x92,0x94,0x92,0x94,0x92,0x94,0x92,0x94,0x92,0x94,0x92,0x94,0x92,0x94,0x92,0x94,
	0x92,0x94,0x92,0x94,0x92,0x94,0x6D,0x6B,0x00,0x00,0x00,0x00,0x82,0x10,0x6D,0x6B,0x92,0x94,0x92,0x94,0x92,0x94,0x92,0x94,0x92,0x94,0x92,0x94,0x92,0x94,0x92,0x94,0x92,0x94,0x92,0x94,0x6D,0x6B,0x6D,0x6B,0x08,0x42,0x65,0x29,0x00,0x00,0x00,0x00,0x00,0x00,0x00,0x00,0x00,0x00,0x00,0x00,0x00,0x00,0x00,0x00,0x00,0x00,0x00,0x00,
	0x00,0x00,0x00,0x00,0xE3,0x18,0x65,0x29,0x65,0x29,0xE3,0x18,0x82,0x10,0x00,0x00,0x00,0x00,0x00,0x00,0x00,0x00,0x00,0x00,0x00,0x00,0x00,0x00,0x00,0x00,0x41,0x08,0x82,0x10,0x65,0x29,0x65,0x29,0x65,0x29,0x82,0x10,0x00,0x00,0x00,0x00,0x00,0x00,0x00,0x00,0x00,0x00,0x00,0x00,0x00,0x00,0x00,0x00,0x82,0x10,0x65,0x29,0x65,0x29,
	0x65,0x29,0x65,0x29,0x65,0x29,0x65,0x29,0x65,0x29,0x65,0x29,0x65,0x29,0x65,0x29,0x65,0x29,0x65,0x29,0x65,0x29,0x65,0x29,0xE3,0x18,0x00,0x00,0x00,0x00,0x00,0x00,0xE3,0x18,0x65,0x29,0x65,0x29,0x65,0x29,0x65,0x29,0x65,0x29,0x65,0x29,0x65,0x29,0x65,0x29,0x65,0x29,0x65,0x29,0x82,0x10,0x00,0x00,0x00,0x00,0x00,0x00,0x00,0x00,
	0x00,0x00,0x00,0x00,0x00,0x00,0x00,0x00,0x00,0x00,

	// Alpha Channel 
	0x00,0x00,0x00,0x00,0x00,0x00,0x00,0x00,0x00,0x00,0x00,0x00,0x00,0x00,0x00,0x00,0x00,0x00,0x00,0x00,0x00,0x00,0x00,0x00,0x00,0x00,0x00,0x00,0x00,0x00,0x00,0x00,0x00,0x00,0x00,0xFF,0xFF,0xFF,0x00,0x00,0x00,0x00,0x00,0x00,0x00,0x00,0x00,0x00,0x00,0x00,0x00,0x00,0x00,0x00,0x00,0x00,0x00,0x00,0x00,0x00,0x00,0x00,0x00,0x00,
	0x00,0x00,0x00,0x00,0x00,0x00,0x00,0x00,0x00,0xFF,0xFF,0xFF,0xFF,0x00,0x00,0x00,0x00,0x00,0x00,0x00,0x00,0x00,0x00,0xFF,0xFF,0xFF,0x00,0x00,0x00,0x00,0x00,0x00,0x00,0x00,0x00,0x00,0xFF,0xFF,0xFF,0xFF,0x00,0x00,0x00,0xFF,0xFF,0xFF,0xFF,0xFF,0xFF,0xFF,0xFF,0xFF,0xFF,0xFF,0xFF,0xFF,0xFF,0xFF,0x00,0x00,0x00,0xFF,0xFF,0xFF,
	0xFF,0xFF,0xFF,0xFF,0xFF,0xFF,0xFF,0xFF,0x00,0x00,0x00,0x00,0x00,0x00,0x00,0x00,0x00,0x00,0xFF,0xFF,0xFF,0xFF,0xFF,0x00,0x00,0x00,0x00,0x00,0x00,0x00,0xFF,0xFF,0xFF,0xFF,0xFF,0xFF,0x00,0x00,0x00,0x00,0x00,0x00,0x00,0x00,0xFF,0xFF,0xFF,0xFF,0xFF,0x00,0x00,0xFF,0xFF,0xFF,0xFF,0xFF,0xFF,0xFF,0xFF,0xFF,0xFF,0xFF,0xFF,0xFF,
	0xFF,0xFF,0xFF,0x00,0x00,0xFF,0xFF,0xFF,0xFF,0xFF,0xFF,0xFF,0xFF,0xFF,0xFF,0xFF,0xFF,0xFF,0xFF,0xFF,0x00,0x00,0x00,0x00,0x00,0x00,0x00,0xFF,0xFF,0xFF,0xFF,0xFF,0xFF,0x00,0x00,0x00,0x00,0x00,0x00,0xFF,0xFF,0xFF,0xFF,0xFF,0xFF,0xFF,0x00,0x00,0x00,0x00,0x00,0x00,0xFF,0xFF,0xFF,0xFF,0xFF,0xFF,0xFF,0xFF,0xFF,0xFF,0xFF,0xFF,
	0xFF,0xFF,0xFF,0xFF,0xFF,0xFF,0xFF,0xFF,0xFF,0xFF,0xFF,0xFF,0x00,0x00,0xFF,0xFF,0xFF,0xFF,0xFF,0xFF,0xFF,0xFF,0xFF,0xFF,0xFF,0xFF,0xFF,0xFF,0xFF,0xFF,0xFF,0x00,0x00,0x00,0x00,0x00,0xFF,0xFF,0xFF,0xFF,0xFF,0xFF,0x00,0x00,0x00,0x00,0x00,0x00,0xFF,0xFF,0xFF,0xFF,0xFF,0xFF,0xFF,0x00,0x00,0x00,0x00,0x00,0x00,0xFF,0xFF,0xFF,
	0xFF,0xFF,0xFF,0xFF,0xFF,0xFF,0xFF,0xFF,0xFF,0xFF,0xFF,0xFF,0xFF,0xFF,0xFF,0xFF,0xFF,0xFF,0xFF,0xFF,0xFF,0x00,0x00,0xFF,0xFF,0xFF,0xFF,0xFF,0xFF,0xFF,0xFF,0xFF,0xFF,0xFF,0xFF,0xFF,0xFF,0xFF,0xFF,0xFF,0xFF,0xFF,0x00,0x00,0x00,0xFF,0xFF,0xFF,0xFF,0xFF,0xFF,0x00,0x00,0x00,0x00,0x00,0xFF,0xFF,0xFF,0xFF,0xFF,0xFF,0xFF,0xFF,
	0xFF,0x00,0x00,0x00,0x00,0x00,0xFF,0xFF,0xFF,0xFF,0xFF,0xFF,0xFF,0xFF,0xFF,0xFF,0xFF,0xFF,0xFF,0xFF,0xFF,0xFF,0xFF,0xFF,0xFF,0xFF,0xFF,0xFF,0xFF,0xFF,0x00,0x00,0xFF,0xFF,0xFF,0xFF,0xFF,0xFF,0xFF,0xFF,0xFF,0xFF,0xFF,0xFF,0xFF,0xFF,0xFF,0xFF,0xFF,0xFF,0xFF,0x00,0x00,0x00,0xFF,0xFF,0xFF,0xFF,0xFF,0xFF,0x00,0x00,0x00,0x00,
	0x00,0xFF,0xFF,0xFF,0xFF,0xFF,0xFF,0xFF,0xFF,0xFF,0x00,0x00,0x00,0x00,0x00,0xFF,0xFF,0xFF,0xFF,0xFF,0xFF,0x00,0xFF,0xFF,0xFF,0xFF,0xFF,0xFF,0xFF,0xFF,0xFF,0xFF,0xFF,0xFF,0xFF,0xFF,0xFF,0xFF,0xFF,0x00,0x00,0xFF,0xFF,0xFF,0xFF,0xFF,0xFF,0xFF,0xFF,0xFF,0xFF,0xFF,0xFF,0xFF,0xFF,0xFF,0xFF,0xFF,0xFF,0xFF,0xFF,0x00,0x00,0xFF,
	0xFF,0xFF,0xFF,0xFF,0xFF,0xFF,0x00,0x00,0x00,0x00,0xFF,0xFF,0xFF,0xFF,0xFF,0xFF,0xFF,0xFF,0xFF,0x00,0x00,0x00,0x00,0xFF,0xFF,0xFF,0xFF,0xFF,0xFF,0xFF,0x00,0xFF,0xFF,0xFF,0xFF,0xFF,0xFF,0xFF,0x00,0x00,0x00,0x00,0x00,0x00,0x00,0x00,0x00,0x00,0x00,0x00,0xFF,0xFF,0xFF,0xFF,0xFF,0xFF,0x00,0x00,0x00,0x00,0xFF,0xFF,0xFF,0xFF,
	0xFF,0xFF,0xFF,0xFF,0xFF,0xFF,0xFF,0x00,0xFF,0xFF,0xFF,0xFF,0xFF,0xFF,0xFF,0x00,0x00,0x00,0x00,0xFF,0xFF,0xFF,0xFF,0xFF,0xFF,0xFF,0xFF,0xFF,0x00,0x00,0x00,0x00,0xFF,0xFF,0xFF,0xFF,0xFF,0xFF,0xFF,0x00,0xFF,0xFF,0xFF,0xFF,0xFF,0xFF,0xFF,0x00,0x00,0x00,0x00,0x00,0x00,0x00,0x00,0x00,0x00,0x00,0x00,0xFF,0xFF,0xFF,0xFF,0xFF,
	0xFF,0x00,0x00,0x00,0x00,0x00,0xFF,0xFF,0xFF,0xFF,0xFF,0xFF,0xFF,0xFF,0xFF,0xFF,0x00,0xFF,0xFF,0xFF,0xFF,0xFF,0xFF,0xFF,0x00,0x00,0x00,0x00,0xFF,0xFF,0xFF,0xFF,0xFF,0xFF,0xFF,0xFF,0xFF,0x00,0x00,0x00,0x00,0xFF,0xFF,0xFF,0xFF,0xFF,0xFF,0x00,0x00,0xFF,0xFF,0xFF,0xFF,0xFF,0xFF,0xFF,0x00,0x00,0x00,0x00,0x00,0x00,0x00,0x00,
	0x00,0x00,0x00,0x00,0xFF,0xFF,0xFF,0xFF,0xFF,0xFF,0xFF,0x00,0x00,0x00,0x00,0x00,0x00,0x00,0xFF,0xFF,0xFF,0xFF,0xFF,0xFF,0xFF,0xFF,0x00,0xFF,0xFF,0xFF,0xFF,0xFF,0xFF,0x00,0x00,0x00,0x00,0xFF,0xFF,0xFF,0xFF,0xFF,0xFF,0xFF,0xFF,0xFF,0x00,0x00,0x00,0x00,0xFF,0xFF,0xFF,0xFF,0xFF,0xFF,0x00,0x00,0xFF,0xFF,0xFF,0xFF,0xFF,0xFF,
	0xFF,0x00,0x00,0x00,0x00,0x00,0x00,0x00,0x00,0x00,0x00,0x00,0x00,0xFF,0xFF,0xFF,0xFF,0xFF,0xFF,0xFF,0x00,0x00,0x00,0x00,0x00,0x00,0x00,0x00,0xFF,0xFF,0xFF,0xFF,0xFF,0xFF,0xFF,0x00,0xFF,0xFF,0xFF,0xFF,0xFF,0xFF,0x00,0x00,0xFF,0xFF,0xFF,0xFF,0xFF,0xFF,0xFF,0xFF,0xFF,0xFF,0xFF,0xFF,0x00,0x00,0x00,0xFF,0xFF,0xFF,0xFF,0xFF,
	0xFF,0x00,0x00,0xFF,0xFF,0xFF,0xFF,0xFF,0xFF,0xFF,0x00,0x00,0x00,0x00,0x00,0x00,0x00,0x00,0x00,0x00,0x00,0x00,0xFF,0xFF,0xFF,0xFF,0xFF,0xFF,0xFF,0x00,0x00,0x00,0x00,0x00,0x00,0x00,0x00,0xFF,0xFF,0xFF,0xFF,0xFF,0xFF,0xFF,0x00,0xFF,0xFF,0xFF,0xFF,0xFF,0xFF,0x00,0x00,0xFF,0xFF,0xFF,0xFF,0xFF,0xFF,0x00,0xFF,0xFF,0xFF,0xFF,
	0xFF,0xFF,0x00,0x00,0xFF,0xFF,0xFF,0xFF,0xFF,0xFF,0x00,0x00,0xFF,0xFF,0xFF,0xFF,0xFF,0xFF,0xFF,0xFF,0xFF,0xFF,0xFF,0xFF,0xFF,0xFF,0xFF,0xFF,0xFF,0x00,0x00,0xFF,0xFF,0xFF,0xFF,0xFF,0xFF,0xFF,0x00,0x00,0x00,0x00,0x00,0x00,0x00,0x00,0xFF,0xFF,0xFF,0xFF,0xFF,0xFF,0xFF,0x00,0xFF,0xFF,0xFF,0xFF,0xFF,0xFF,0x00,0x00,0xFF,0xFF,
	0xFF,0xFF,0xFF,0xFF,0x00,0xFF,0xFF,0xFF,0xFF,0xFF,0xFF,0x00,0x00,0xFF,0xFF,0xFF,0xFF,0xFF,0xFF,0x00,0x00,0xFF,0xFF,0xFF,0xFF,0xFF,0xFF,0xFF,0xFF,0xFF,0xFF,0xFF,0xFF,0xFF,0xFF,0xFF,0xFF,0xFF,0x00,0x00,0xFF,0xFF,0xFF,0xFF,0xFF,0xFF,0xFF,0x00,0x00,0x00,0x00,0x00,0x00,0x00,0x00,0x00,0xFF,0xFF,0xFF,0xFF,0xFF,0xFF,0x00,0xFF,
	0xFF,0xFF,0xFF,0xFF,0xFF,0xFF,0x00,0xFF,0xFF,0xFF,0xFF,0xFF,0xFF,0x00,0xFF,0xFF,0xFF,0xFF,0xFF,0xFF,0x00,0xFF,0xFF,0xFF,0xFF,0xFF,0xFF,0xFF,0x00,0x00,0xFF,0xFF,0xFF,0xFF,0xFF,0xFF,0xFF,0xFF,0xFF,0xFF,0xFF,0xFF,0xFF,0xFF,0xFF,0xFF,0xFF,0x00,0x00,0xFF,0xFF,0xFF,0xFF,0xFF,0xFF,0xFF,0x00,0x00,0x00,0x00,0x00,0x00,0x00,0x00,
	0x00,0xFF,0xFF,0xFF,0xFF,0xFF,0xFF,0x00,0xFF,0xFF,0xFF,0xFF,0xFF,0xFF,0xFF,0x00,0xFF,0xFF,0xFF,0xFF,0xFF,0xFF,0x00,0xFF,0xFF,0xFF,0xFF,0xFF,0xFF,0x00,0xFF,0xFF,0xFF,0xFF,0xFF,0xFF,0x00,0x00,0x00,0xFF,0xFF,0xFF,0xFF,0xFF,0xFF,0xFF,0xFF,0xFF,0xFF,0xFF,0xFF,0xFF,0xFF,0xFF,0xFF,0xFF,0x00,0x00,0xFF,0xFF,0xFF,0xFF,0xFF,0xFF,
	0xFF,0x00,0x00,0x00,0x00,0x00,0x00,0x00,0x00,0x00,0xFF,0xFF,0xFF,0xFF,0xFF,0xFF,0x00,0x00,0xFF,0xFF,0xFF,0xFF,0xFF,0xFF,0x00,0xFF,0xFF,0xFF,0xFF,0xFF,0xFF,0x00,0xFF,0xFF,0xFF,0xFF,0xFF,0xFF,0xFF,0xFF,0xFF,0xFF,0xFF,0xFF,0x00,0x00,0x00,0x00,0xFF,0xFF,0xFF,0xFF,0xFF,0xFF,0xFF,0xFF,0xFF,0xFF,0xFF,0xFF,0xFF,0xFF,0xFF,0xFF,
	0xFF,0x00,0x00,0xFF,0xFF,0xFF,0xFF,0xFF,0xFF,0xFF,0x00,0x00,0x00,0x00,0x00,0x00,0x00,0x00,0xFF,0xFF,0xFF,0xFF,0xFF,0xFF,0xFF,0x00,0x00,0x00,0xFF,0xFF,0xFF,0xFF,0xFF,0xFF,0xFF,0xFF,0xFF,0xFF,0xFF,0x00,0x00,0xFF,0xFF,0xFF,0xFF,0xFF,0xFF,0xFF,0xFF,0xFF,0xFF,0xFF,0xFF,0x00,0x00,0x00,0x00,0xFF,0xFF,0xFF,0xFF,0xFF,0xFF,0xFF,
	0xFF,0xFF,0xFF,0xFF,0xFF,0xFF,0xFF,0xFF,0xFF,0xFF,0x00,0x00,0xFF,0xFF,0xFF,0xFF,0xFF,0xFF,0xFF,0x00,0x00,0x00,0x00,0x00,0x00,0x00,0x00,0xFF,0xFF,0xFF,0xFF,0xFF,0xFF,0xFF,0x00,0x00,0x00,0xFF,0xFF,0xFF,0xFF,0xFF,0xFF,0xFF,0xFF,0xFF,0xFF,0xFF,0x00,0x00,0x00,0xFF,0xFF,0xFF,0xFF,0xFF,0xFF,0xFF,0xFF,0xFF,0xFF,0xFF,0x00,0x00,
	0x00,0x00,0xFF,0xFF,0xFF,0xFF,0xFF,0xFF,0xFF,0x00,0x00,0x00,0x00,0x00,0x00,0x00,0x00,0x00,0x00,0x00,0x00,0xFF,0xFF,0xFF,0xFF,0xFF,0xFF,0xFF,0x00,0x00,0x00,0x00,0x00,0x00,0x00,0x00,0xFF,0xFF,0xFF,0xFF,0xFF,0xFF,0xFF,0x00,0x00,0x00,0xFF,0xFF,0xFF,0xFF,0xFF,0xFF,0xFF,0xFF,0xFF,0xFF,0xFF,0x00,0x00,0x00,0xFF,0xFF,0xFF,0xFF,
	0xFF,0xFF,0xFF,0xFF,0xFF,0xFF,0xFF,0x00,0x00,0x00,0x00,0xFF,0xFF,0xFF,0xFF,0xFF,0xFF,0xFF,0x00,0x00,0x00,0x00,0x00,0x00,0x00,0x00,0x00,0x00,0x00,0x00,0xFF,0xFF,0xFF,0xFF,0xFF,0xFF,0xFF,0x00,0x00,0x00,0x00,0x00,0x00,0x00,0x00,0xFF,0xFF,0xFF,0xFF,0xFF,0xFF,0xFF,0x00,0x00,0x00,0xFF,0xFF,0xFF,0xFF,0xFF,0xFF,0xFF,0xFF,0xFF,
	0xFF,0xFF,0x00,0x00,0x00,0xFF,0xFF,0xFF,0xFF,0xFF,0xFF,0xFF,0xFF,0xFF,0xFF,0xFF,0x00,0x00,0x00,0x00,0xFF,0xFF,0xFF,0xFF,0xFF,0xFF,0xFF,0x00,0x00,0x00,0x00,0x00,0x00,0x00,0x00,0x00,0x00,0x00,0x00,0xFF,0xFF,0xFF,0xFF,0xFF,0xFF,0xFF,0x00,0x00,0x00,0x00,0x00,0x00,0x00,0xFF,0xFF,0xFF,0xFF,0xFF,0xFF,0xFF,0xFF,0x00,0x00,0x00,
	0xFF,0xFF,0xFF,0xFF,0xFF,0xFF,0xFF,0xFF,0xFF,0xFF,0xFF,0x00,0x00,0x00,0xFF,0xFF,0xFF,0xFF,0xFF,0xFF,0xFF,0xFF,0xFF,0xFF,0xFF,0x00,0x00,0x00,0x00,0xFF,0xFF,0xFF,0xFF,0xFF,0xFF,0xFF,0x00,0x00,0x00,0x00,0x00,0x00,0x00,0x00,0x00,0x00,0x00,0x00,0xFF,0xFF,0xFF,0xFF,0xFF,0xFF,0xFF,0x00,0x00,0x00,0x00,0x00,0x00,0x00,0xFF,0xFF,
	0xFF,0xFF,0xFF,0xFF,0xFF,0x00,0x00,0x00,0x00,0xFF,0xFF,0xFF,0xFF,0xFF,0xFF,0xFF,0xFF,0xFF,0xFF,0x00,0x00,0x00,0x00,0xFF,0xFF,0xFF,0xFF,0xFF,0xFF,0xFF,0xFF,0xFF,0xFF,0x00,0x00,0x00,0x00,0x00,0xFF,0xFF,0xFF,0xFF,0xFF,0xFF,0xFF,0x00,0x00,0x00,0x00,0x00,0x00,0x00,0x00,0x00,0x00,0x00,0x00,0xFF,0xFF,0xFF,0xFF,0xFF,0xFF,0x00,
	0x00,0x00,0x00,0x00,0xFF,0xFF,0xFF,0xFF,0xFF,0xFF,0xFF,0xFF,0xFF,0xFF,0x00,0x00,0x00,0x00,0x00,0xFF,0xFF,0xFF,0xFF,0xFF,0xFF,0xFF,0xFF,0xFF,0x00,0x00,0x00,0x00,0x00,0xFF,0xFF,0xFF,0xFF,0xFF,0xFF,0xFF,0xFF,0xFF,0x00,0x00,0x00,0x00,0x00,0xFF,0xFF,0xFF,0xFF,0xFF,0xFF,0xFF,0xFF,0xFF,0xFF,0xFF,0xFF,0xFF,0xFF,0xFF,0xFF,0xFF,
	0x00,0x00,0xFF,0xFF,0xFF,0xFF,0xFF,0xFF,0xFF,0xFF,0xFF,0xFF,0xFF,0xFF,0xFF,0xFF,0xFF,0xFF,0xFF,0xFF,0xFF,0xFF,0x00,0x00,0x00,0x00,0x00,0x00,0xFF,0xFF,0xFF,0xFF,0xFF,0xFF,0xFF,0xFF,0x00,0x00,0x00,0x00,0x00,0x00,0xFF,0xFF,0xFF,0xFF,0xFF,0xFF,0xFF,0xFF,0xFF,0x00,0x00,0x00,0x00,0x00,0xFF,0xFF,0xFF,0xFF,0xFF,0xFF,0xFF,0xFF,
	0xFF,0xFF,0xFF,0xFF,0xFF,0xFF,0xFF,0xFF,0xFF,0x00,0x00,0xFF,0xFF,0xFF,0xFF,0xFF,0xFF,0xFF,0xFF,0xFF,0xFF,0xFF,0xFF,0xFF,0xFF,0xFF,0xFF,0xFF,0xFF,0xFF,0x00,0x00,0x00,0x00,0x00,0x00,0x00,0xFF,0xFF,0xFF,0xFF,0xFF,0xFF,0xFF,0xFF,0x00,0x00,0x00,0x00,0x00,0x00,0x00,0xFF,0xFF,0xFF,0xFF,0xFF,0xFF,0xFF,0xFF,0x00,0x00,0x00,0x00,
	0x00,0xFF,0xFF,0xFF,0xFF,0xFF,0xFF,0xFF,0xFF,0xFF,0xFF,0xFF,0xFF,0xFF,0xFF,0xFF,0xFF,0xFF,0x00,0x00,0xFF,0xFF,0xFF,0xFF,0xFF,0xFF,0xFF,0xFF,0xFF,0xFF,0xFF,0xFF,0xFF,0xFF,0xFF,0xFF,0xFF,0xFF,0xFF,0x00,0x00,0x00,0x00,0x00,0x00,0x00,0xFF,0xFF,0xFF,0xFF,0xFF,0xFF,0xFF,0xFF,0x00,0x00,0x00,0x00,0x00,0x00,0x00,0xFF,0xFF,0xFF,
	0xFF,0xFF,0xFF,0xFF,0xFF,0x00,0x00,0x00,0x00,0x00,0xFF,0xFF,0xFF,0xFF,0xFF,0xFF,0xFF,0xFF,0xFF,0xFF,0xFF,0xFF,0xFF,0xFF,0xFF,0xFF,0xFF,0x00,0x00,0xFF,0xFF,0xFF,0xFF,0xFF,0xFF,0xFF,0xFF,0xFF,0xFF,0xFF,0xFF,0xFF,0xFF,0xFF,0xFF,0xFF,0xFF,0x00,0x00,0x00,0x00,0x00,0x00,0x00,0x00,0xFF,0xFF,0xFF,0xFF,0xFF,0xFF,0xFF,0xFF,0x00,
	0x00,0x00,0x00,0x00,0x00,0x00,0xFF,0xFF,0xFF,0xFF,0xFF,0xFF,0xFF,0x00,0x00,0x00,0x00,0x00,0x00,0xFF,0xFF,0xFF,0xFF,0xFF,0xFF,0xFF,0xFF,0xFF,0xFF,0xFF,0xFF,0xFF,0xFF,0xFF,0xFF,0xFF,0x00,0x00,0xFF,0xFF,0xFF,0xFF,0xFF,0xFF,0xFF,0xFF,0xFF,0xFF,0xFF,0xFF,0xFF,0xFF,0xFF,0xFF,0x00,0x00,0x00,0x00,0x00,0x00,0x00,0x00,0x00,0x00,
	0x00,0x00,0xFF,0xFF,0xFF,0xFF,0xFF,0x00,0x00,0x00,0x00,0x00,0x00,0x00,0x00,0xFF,0xFF,0xFF,0xFF,0xFF,0xFF,0x00,0x00,0x00,0x00,0x00,0x00,0x00,0x00,0xFF,0xFF,0xFF,0xFF,0xFF,0xFF,0xFF,0xFF,0xFF,0xFF,0xFF,0xFF,0xFF,0xFF,0xFF,0xFF,0x00,0x00,0x00,0xFF,0xFF,0xFF,0xFF,0xFF,0xFF,0xFF,0xFF,0xFF,0xFF,0xFF,0xFF,0x00,0x00,0x00,0x00,
	0x00,0x00,0x00,0x00,0x00,
    };
        


const lv_img_dsc_t face_1891_2_390_dial_img_12_56861_2 = {
    .header.magic = LV_IMAGE_HEADER_MAGIC,
    .header.w = 73,
    .header.h = 29,
    .data_size = sizeof(face_1891_2_390_dial_img_12_56861_data_2),
    .header.cf = LV_COLOR_FORMAT_RGB565A8,
    .data = face_1891_2_390_dial_img_12_56861_data_2};

    
// LVGL 9 format (RGB565) // LVGL_9 compatible 
const LV_ATTRIBUTE_MEM_ALIGN uint8_t face_1891_2_390_dial_img_12_56861_data_3[] = {
	//RGB565 data 
	0x00,0x00,0x00,0x00,0x00,0x00,0x00,0x00,0x00,0x00,0x00,0x00,0x00,0x00,0x00,0x00,0x00,0x00,0x00,0x00,0x00,0x00,0x00,0x00,0x00,0x00,0x00,0x00,0x00,0x00,0x00,0x00,0x00,0x00,0x00,0x00,0x00,0x00,0x00,0x00,0x00,0x00,0x00,0x00,0x41,0x08,0x00,0x00,0x00,0x00,0x00,0x00,0x00,0x00,0x00,0x00,0x00,0x00,0x00,0x00,0x00,0x00,0x00,0x00,
	0x00,0x00,0x00,0x00,0x00,0x00,0x41,0x08,0x41,0x08,0x41,0x08,0x00,0x00,0x00,0x00,0x00,0x00,0x00,0x00,0x00,0x00,0x00,0x00,0x00,0x00,0x41,0x08,0x00,0x00,0x00,0x00,0x00,0x00,0x00,0x00,0x00,0x00,0x00,0x00,0x00,0x00,0x00,0x00,0x41,0x08,0x41,0x08,0x41,0x08,0x41,0x08,0x41,0x08,0x41,0x08,0x41,0x08,0x41,0x08,0x00,0x00,0x00,0x00,
	0x00,0x00,0x00,0x00,0x00,0x00,0x00,0x00,0x00,0x00,0x00,0x00,0x00,0x00,0x00,0x00,0x00,0x00,0x00,0x00,0x00,0x00,0x00,0x00,0x41,0x08,0x82,0x10,0x82,0x10,0x82,0x10,0x41,0x08,0x41,0x08,0x41,0x08,0x82,0x10,0x82,0x10,0x82,0x10,0x82,0x10,0x82,0x10,0x82,0x10,0x82,0x10,0x82,0x10,0x82,0x10,0x82,0x10,0x41,0x08,0x00,0x00,0x00,0x00,
	0x00,0x00,0x41,0x08,0x82,0x10,0x82,0x10,0x41,0x08,0x00,0x00,0x00,0x00,0x00,0x00,0x00,0x00,0x00,0x00,0x00,0x00,0x00,0x00,0x00,0x00,0x00,0x00,0x00,0x00,0x00,0x00,0x41,0x08,0x82,0x10,0x41,0x08,0x41,0x08,0x00,0x00,0x00,0x00,0x00,0x00,0x00,0x00,0x00,0x00,0x41,0x08,0x82,0x10,0x82,0x10,0x41,0x08,0x00,0x00,0x00,0x00,0x00,0x00,
	0x00,0x00,0x00,0x00,0x00,0x00,0x00,0x00,0x00,0x00,0x00,0x00,0x00,0x00,0x00,0x00,0x41,0x08,0x82,0x10,0x82,0x10,0x41,0x08,0x00,0x00,0x00,0x00,0x00,0x00,0x00,0x00,0x00,0x00,0x00,0x00,0x00,0x00,0x00,0x00,0x00,0x00,0xE3,0x18,0x08,0x42,0x08,0x42,0x08,0x42,0x08,0x42,0x08,0x42,0x08,0x42,0x08,0x42,0x08,0x42,0x08,0x42,0x08,0x42,
	0x08,0x42,0x08,0x42,0x08,0x42,0x08,0x42,0x08,0x42,0x08,0x42,0x65,0x29,0x41,0x08,0x00,0x00,0x82,0x10,0x65,0x29,0x08,0x42,0x08,0x42,0x65,0x29,0x82,0x10,0x00,0x00,0x00,0x00,0x00,0x00,0x00,0x00,0x00,0x00,0x00,0x00,0x00,0x00,0x00,0x00,0x00,0x00,0x41,0x08,0x08,0x42,0x08,0x42,0x08,0x42,0x08,0x42,0x65,0x29,0x00,0x00,0x00,0x00,
	0x41,0x08,0x65,0x29,0x08,0x42,0x08,0x42,0x08,0x42,0x65,0x29,0x00,0x00,0x00,0x00,0x00,0x00,0x00,0x00,0x00,0x00,0x00,0x00,0x00,0x00,0x00,0x00,0x00,0x00,0x00,0x00,0x82,0x10,0x65,0x29,0x08,0x42,0x08,0x42,0x65,0x29,0x82,0x10,0x00,0x00,0x00,0x00,0x00,0x00,0x00,0x00,0x00,0x00,0x00,0x00,0x00,0x00,0x00,0x00,0x6D,0x6B,0x76,0xB5,
	0x79,0xCE,0x79,0xCE,0x79,0xCE,0x79,0xCE,0x79,0xCE,0x79,0xCE,0x79,0xCE,0x79,0xCE,0x79,0xCE,0x79,0xCE,0x79,0xCE,0x79,0xCE,0x79,0xCE,0x79,0xCE,0x76,0xB5,0x92,0x94,0xE3,0x18,0x00,0x00,0x65,0x29,0x92,0x94,0x79,0xCE,0x79,0xCE,0x92,0x94,0x65,0x29,0x41,0x08,0x00,0x00,0x00,0x00,0x00,0x00,0x00,0x00,0x00,0x00,0x00,0x00,0x00,0x00,
	0x00,0x00,0xE3,0x18,0x76,0xB5,0x79,0xCE,0x79,0xCE,0x76,0xB5,0x6D,0x6B,0x00,0x00,0x00,0x00,0x82,0x10,0x6D,0x6B,0x76,0xB5,0x79,0xCE,0x76,0xB5,0x6D,0x6B,0x82,0x10,0x00,0x00,0x00,0x00,0x00,0x00,0x00,0x00,0x00,0x00,0x00,0x00,0x00,0x00,0x00,0x00,0x41,0x08,0x65,0x29,0x92,0x94,0x79,0xCE,0x79,0xCE,0x92,0x94,0x65,0x29,0x41,0x08,
	0x00,0x00,0x00,0x00,0x00,0x00,0x00,0x00,0x00,0x00,0x00,0x00,0x00,0x00,0x92,0x94,0xBE,0xF7,0xFF,0xFF,0xFF,0xFF,0xFF,0xFF,0xFF,0xFF,0xFF,0xFF,0xFF,0xFF,0xFF,0xFF,0xFF,0xFF,0xFF,0xFF,0xFF,0xFF,0xFF,0xFF,0xFF,0xFF,0xFF,0xFF,0xFF,0xFF,0xFF,0xFF,0x76,0xB5,0xE3,0x18,0x00,0x00,0x08,0x42,0x79,0xCE,0xFF,0xFF,0xFF,0xFF,0x76,0xB5,
	0x08,0x42,0x41,0x08,0x00,0x00,0x00,0x00,0x00,0x00,0x00,0x00,0x00,0x00,0x00,0x00,0x00,0x00,0x00,0x00,0x65,0x29,0xBE,0xF7,0xFF,0xFF,0xFF,0xFF,0x3D,0xEF,0x92,0x94,0x41,0x08,0x00,0x00,0xE3,0x18,0x76,0xB5,0xBE,0xF7,0xFF,0xFF,0xBE,0xF7,0x76,0xB5,0x82,0x10,0x00,0x00,0x00,0x00,0x00,0x00,0x00,0x00,0x00,0x00,0x00,0x00,0x00,0x00,
	0x00,0x00,0x82,0x10,0x08,0x42,0x79,0xCE,0xFF,0xFF,0xFF,0xFF,0x76,0xB5,0x65,0x29,0x41,0x08,0x00,0x00,0x00,0x00,0x00,0x00,0x00,0x00,0x00,0x00,0x00,0x00,0x00,0x00,0x92,0x94,0x3D,0xEF,0xFF,0xFF,0xFF,0xFF,0xFF,0xFF,0xFF,0xFF,0xFF,0xFF,0xFF,0xFF,0xFF,0xFF,0xFF,0xFF,0xFF,0xFF,0xFF,0xFF,0xFF,0xFF,0xFF,0xFF,0xFF,0xFF,0xFF,0xFF,
	0xBE,0xF7,0x76,0xB5,0xE3,0x18,0x00,0x00,0x08,0x42,0x76,0xB5,0xFF,0xFF,0xFF,0xFF,0x76,0xB5,0x08,0x42,0x41,0x08,0x00,0x00,0x00,0x00,0x00,0x00,0x00,0x00,0x00,0x00,0x00,0x00,0x00,0x00,0x00,0x00,0x65,0x29,0x3D,0xEF,0xFF,0xFF,0xFF,0xFF,0x3D,0xEF,0x92,0x94,0x41,0x08,0x00,0x00,0x82,0x10,0x92,0x94,0x3D,0xEF,0xFF,0xFF,0x3D,0xEF,
	0x92,0x94,0x82,0x10,0x00,0x00,0x00,0x00,0x00,0x00,0x00,0x00,0x00,0x00,0x00,0x00,0x00,0x00,0x00,0x00,0x82,0x10,0x08,0x42,0x79,0xCE,0xFF,0xFF,0xFF,0xFF,0x76,0xB5,0x65,0x29,0x41,0x08,0x00,0x00,0x00,0x00,0x00,0x00,0x00,0x00,0x00,0x00,0x00,0x00,0x00,0x00,0x08,0x42,0x6D,0x6B,0x6D,0x6B,0x6D,0x6B,0x6D,0x6B,0x6D,0x6B,0x92,0x94,
	0x3D,0xEF,0xFF,0xFF,0xFF,0xFF,0x3D,0xEF,0x76,0xB5,0x6D,0x6B,0x6D,0x6B,0x6D,0x6B,0x6D,0x6B,0x6D,0x6B,0x08,0x42,0x82,0x10,0x41,0x08,0x08,0x42,0x76,0xB5,0xFF,0xFF,0xFF,0xFF,0x76,0xB5,0x08,0x42,0x41,0x08,0x00,0x00,0x00,0x00,0x00,0x00,0x00,0x00,0x00,0x00,0x00,0x00,0x00,0x00,0x00,0x00,0x65,0x29,0x3D,0xEF,0xFF,0xFF,0xFF,0xFF,
	0x3D,0xEF,0x92,0x94,0x41,0x08,0x00,0x00,0x82,0x10,0x92,0x94,0x3D,0xEF,0xFF,0xFF,0x3D,0xEF,0x92,0x94,0x82,0x10,0x00,0x00,0x00,0x00,0x00,0x00,0x00,0x00,0x00,0x00,0x00,0x00,0x00,0x00,0x00,0x00,0x82,0x10,0x08,0x42,0x79,0xCE,0xFF,0xFF,0xFF,0xFF,0x76,0xB5,0x65,0x29,0x41,0x08,0x00,0x00,0x00,0x00,0x00,0x00,0x00,0x00,0x00,0x00,
	0x00,0x00,0x00,0x00,0x00,0x00,0x00,0x00,0x00,0x00,0x00,0x00,0x00,0x00,0x00,0x00,0x65,0x29,0x76,0xB5,0xBE,0xF7,0xFF,0xFF,0x79,0xCE,0x6D,0x6B,0x00,0x00,0x00,0x00,0x00,0x00,0x00,0x00,0x00,0x00,0x00,0x00,0x00,0x00,0x82,0x10,0x08,0x42,0x76,0xB5,0xFF,0xFF,0xFF,0xFF,0x76,0xB5,0x08,0x42,0x41,0x08,0x00,0x00,0x00,0x00,0x00,0x00,
	0x00,0x00,0x00,0x00,0x00,0x00,0x00,0x00,0x00,0x00,0x65,0x29,0x3D,0xEF,0xFF,0xFF,0xFF,0xFF,0x3D,0xEF,0x92,0x94,0x41,0x08,0x00,0x00,0x82,0x10,0x92,0x94,0x3D,0xEF,0xFF,0xFF,0x3D,0xEF,0x92,0x94,0x82,0x10,0x00,0x00,0x00,0x00,0x00,0x00,0x00,0x00,0x00,0x00,0x00,0x00,0x00,0x00,0x00,0x00,0x82,0x10,0x08,0x42,0x79,0xCE,0xFF,0xFF,
	0xFF,0xFF,0x76,0xB5,0x65,0x29,0x41,0x08,0x00,0x00,0x00,0x00,0x00,0x00,0x00,0x00,0x00,0x00,0x00,0x00,0x00,0x00,0x00,0x00,0x00,0x00,0x00,0x00,0x00,0x00,0x00,0x00,0x00,0x00,0x08,0x42,0x79,0xCE,0xBE,0xF7,0xFF,0xFF,0x79,0xCE,0x6D,0x6B,0x00,0x00,0x00,0x00,0x00,0x00,0x00,0x00,0x00,0x00,0x00,0x00,0x00,0x00,0x82,0x10,0x08,0x42,
	0x76,0xB5,0xFF,0xFF,0xFF,0xFF,0x76,0xB5,0x08,0x42,0x41,0x08,0x00,0x00,0x00,0x00,0x00,0x00,0x00,0x00,0x00,0x00,0x00,0x00,0x00,0x00,0x00,0x00,0x65,0x29,0x3D,0xEF,0xFF,0xFF,0xFF,0xFF,0x3D,0xEF,0x92,0x94,0x41,0x08,0x00,0x00,0x82,0x10,0x92,0x94,0x3D,0xEF,0xFF,0xFF,0x3D,0xEF,0x92,0x94,0x82,0x10,0x00,0x00,0x00,0x00,0x00,0x00,
	0x00,0x00,0x00,0x00,0x00,0x00,0x00,0x00,0x00,0x00,0x82,0x10,0x08,0x42,0x79,0xCE,0xFF,0xFF,0xFF,0xFF,0x76,0xB5,0x65,0x29,0x41,0x08,0x00,0x00,0x00,0x00,0x00,0x00,0x00,0x00,0x00,0x00,0x00,0x00,0x00,0x00,0x00,0x00,0x00,0x00,0x00,0x00,0x00,0x00,0x00,0x00,0x00,0x00,0x08,0x42,0x79,0xCE,0xBE,0xF7,0xFF,0xFF,0x79,0xCE,0x6D,0x6B,
	0x00,0x00,0x00,0x00,0x00,0x00,0x00,0x00,0x00,0x00,0x00,0x00,0x00,0x00,0x82,0x10,0x08,0x42,0x76,0xB5,0xFF,0xFF,0xFF,0xFF,0x76,0xB5,0x08,0x42,0x41,0x08,0x00,0x00,0x00,0x00,0x00,0x00,0x00,0x00,0x00,0x00,0x00,0x00,0x00,0x00,0x00,0x00,0x65,0x29,0x3D,0xEF,0xFF,0xFF,0xFF,0xFF,0x3D,0xEF,0x92,0x94,0x41,0x08,0x00,0x00,0x82,0x10,
	0x92,0x94,0x3D,0xEF,0xFF,0xFF,0x3D,0xEF,0x92,0x94,0x82,0x10,0x00,0x00,0x00,0x00,0x00,0x00,0x00,0x00,0x00,0x00,0x00,0x00,0x00,0x00,0x00,0x00,0x82,0x10,0x08,0x42,0x79,0xCE,0xFF,0xFF,0xFF,0xFF,0x76,0xB5,0x65,0x29,0x41,0x08,0x00,0x00,0x00,0x00,0x00,0x00,0x00,0x00,0x00,0x00,0x00,0x00,0x00,0x00,0x00,0x00,0x00,0x00,0x00,0x00,
	0x00,0x00,0x00,0x00,0x00,0x00,0x08,0x42,0x79,0xCE,0xBE,0xF7,0xFF,0xFF,0x79,0xCE,0x6D,0x6B,0x00,0x00,0x00,0x00,0x00,0x00,0x00,0x00,0x00,0x00,0x00,0x00,0x00,0x00,0x82,0x10,0x08,0x42,0x76,0xB5,0xFF,0xFF,0xFF,0xFF,0x76,0xB5,0x08,0x42,0x41,0x08,0x00,0x00,0x00,0x00,0x00,0x00,0x00,0x00,0x00,0x00,0x00,0x00,0x00,0x00,0x00,0x00,
	0x65,0x29,0x3D,0xEF,0xFF,0xFF,0xFF,0xFF,0x3D,0xEF,0x92,0x94,0x41,0x08,0x00,0x00,0x82,0x10,0x92,0x94,0x3D,0xEF,0xFF,0xFF,0x3D,0xEF,0x92,0x94,0x82,0x10,0x00,0x00,0x00,0x00,0x00,0x00,0x00,0x00,0x00,0x00,0x00,0x00,0x00,0x00,0x00,0x00,0x82,0x10,0x08,0x42,0x79,0xCE,0xFF,0xFF,0xFF,0xFF,0x76,0xB5,0x65,0x29,0x41,0x08,0x00,0x00,
	0x00,0x00,0x00,0x00,0x00,0x00,0x00,0x00,0x00,0x00,0x00,0x00,0x00,0x00,0x00,0x00,0x00,0x00,0x00,0x00,0x00,0x00,0x00,0x00,0x08,0x42,0x79,0xCE,0xBE,0xF7,0xFF,0xFF,0x79,0xCE,0x6D,0x6B,0x00,0x00,0x00,0x00,0x00,0x00,0x00,0x00,0x00,0x00,0x00,0x00,0x00,0x00,0x82,0x10,0x08,0x42,0x76,0xB5,0xFF,0xFF,0xFF,0xFF,0x76,0xB5,0x65,0x29,
	0x00,0x00,0x00,0x00,0x00,0x00,0x00,0x00,0x00,0x00,0x00,0x00,0x00,0x00,0x00,0x00,0x00,0x00,0xE3,0x18,0x3D,0xEF,0xFF,0xFF,0xFF,0xFF,0x3D,0xEF,0x92,0x94,0x41,0x08,0x00,0x00,0x82,0x10,0x92,0x94,0x3D,0xEF,0xFF,0xFF,0x3D,0xEF,0x92,0x94,0x82,0x10,0x00,0x00,0x00,0x00,0x00,0x00,0x00,0x00,0x00,0x00,0x00,0x00,0x00,0x00,0x00,0x00,
	0x82,0x10,0x08,0x42,0x79,0xCE,0xFF,0xFF,0xFF,0xFF,0x76,0xB5,0x65,0x29,0x41,0x08,0x00,0x00,0x00,0x00,0x00,0x00,0x00,0x00,0x00,0x00,0x00,0x00,0x00,0x00,0x00,0x00,0x00,0x00,0x00,0x00,0x00,0x00,0x00,0x00,0x00,0x00,0x08,0x42,0x79,0xCE,0xBE,0xF7,0xFF,0xFF,0x79,0xCE,0x6D,0x6B,0x00,0x00,0x00,0x00,0x00,0x00,0x00,0x00,0x00,0x00,
	0x00,0x00,0x00,0x00,0x82,0x10,0x08,0x42,0x76,0xB5,0xFF,0xFF,0xFF,0xFF,0x79,0xCE,0x6D,0x6B,0x08,0x42,0x65,0x29,0x65,0x29,0x65,0x29,0x65,0x29,0x65,0x29,0x65,0x29,0x65,0x29,0x65,0x29,0x6D,0x6B,0x3D,0xEF,0xFF,0xFF,0xFF,0xFF,0x3D,0xEF,0x92,0x94,0x41,0x08,0x00,0x00,0x82,0x10,0x92,0x94,0x3D,0xEF,0xFF,0xFF,0x3D,0xEF,0x92,0x94,
	0x82,0x10,0x00,0x00,0x00,0x00,0x00,0x00,0x00,0x00,0x00,0x00,0x00,0x00,0x00,0x00,0x00,0x00,0x82,0x10,0x08,0x42,0x79,0xCE,0xFF,0xFF,0xFF,0xFF,0x76,0xB5,0x65,0x29,0x41,0x08,0x00,0x00,0x00,0x00,0x00,0x00,0x00,0x00,0x00,0x00,0x00,0x00,0x00,0x00,0x00,0x00,0x00,0x00,0x00,0x00,0x00,0x00,0x00,0x00,0x00,0x00,0x08,0x42,0x79,0xCE,
	0xBE,0xF7,0xFF,0xFF,0x79,0xCE,0x6D,0x6B,0x00,0x00,0x00,0x00,0x00,0x00,0x00,0x00,0x00,0x00,0x00,0x00,0x00,0x00,0x82,0x10,0x08,0x42,0x76,0xB5,0xFF,0xFF,0xFF,0xFF,0xBE,0xF7,0x3D,0xEF,0x3D,0xEF,0x3D,0xEF,0x3D,0xEF,0x3D,0xEF,0x3D,0xEF,0x3D,0xEF,0x3D,0xEF,0x3D,0xEF,0x3D,0xEF,0x3D,0xEF,0xFF,0xFF,0xFF,0xFF,0xFF,0xFF,0x3D,0xEF,
	0x92,0x94,0x41,0x08,0x00,0x00,0x82,0x10,0x92,0x94,0x3D,0xEF,0xFF,0xFF,0x3D,0xEF,0x92,0x94,0x82,0x10,0x00,0x00,0x00,0x00,0x00,0x00,0x00,0x00,0x00,0x00,0x00,0x00,0x00,0x00,0x00,0x00,0x82,0x10,0x08,0x42,0x79,0xCE,0xFF,0xFF,0xFF,0xFF,0x76,0xB5,0x65,0x29,0x41,0x08,0x00,0x00,0x00,0x00,0x00,0x00,0x00,0x00,0x00,0x00,0x00,0x00,
	0x00,0x00,0x00,0x00,0x00,0x00,0x00,0x00,0x00,0x00,0x00,0x00,0x00,0x00,0x08,0x42,0x79,0xCE,0xBE,0xF7,0xFF,0xFF,0x79,0xCE,0x6D,0x6B,0x00,0x00,0x00,0x00,0x00,0x00,0x00,0x00,0x00,0x00,0x00,0x00,0x00,0x00,0x82,0x10,0x08,0x42,0x76,0xB5,0xFF,0xFF,0xFF,0xFF,0xFF,0xFF,0xFF,0xFF,0xFF,0xFF,0xFF,0xFF,0xFF,0xFF,0xFF,0xFF,0xFF,0xFF,
	0xFF,0xFF,0xFF,0xFF,0xFF,0xFF,0xFF,0xFF,0xFF,0xFF,0xFF,0xFF,0xFF,0xFF,0xFF,0xFF,0x3D,0xEF,0x92,0x94,0x41,0x08,0x00,0x00,0x82,0x10,0x92,0x94,0x3D,0xEF,0xFF,0xFF,0x3D,0xEF,0x92,0x94,0x82,0x10,0x00,0x00,0x00,0x00,0x00,0x00,0x00,0x00,0x00,0x00,0x00,0x00,0x00,0x00,0x00,0x00,0x82,0x10,0x08,0x42,0x79,0xCE,0xFF,0xFF,0xFF,0xFF,
	0x76,0xB5,0x65,0x29,0x41,0x08,0x00,0x00,0x00,0x00,0x00,0x00,0x00,0x00,0x00,0x00,0x00,0x00,0x00,0x00,0x00,0x00,0x00,0x00,0x00,0x00,0x00,0x00,0x00,0x00,0x00,0x00,0x08,0x42,0x79,0xCE,0xBE,0xF7,0xFF,0xFF,0x79,0xCE,0x6D,0x6B,0x00,0x00,0x00,0x00,0x00,0x00,0x00,0x00,0x00,0x00,0x00,0x00,0x00,0x00,0x82,0x10,0x08,0x42,0x76,0xB5,
	0xFF,0xFF,0xFF,0xFF,0xFF,0xFF,0xBE,0xF7,0xBE,0xF7,0xBE,0xF7,0xBE,0xF7,0xBE,0xF7,0xBE,0xF7,0xBE,0xF7,0xBE,0xF7,0xBE,0xF7,0x3D,0xEF,0xBE,0xF7,0xFF,0xFF,0xFF,0xFF,0xFF,0xFF,0x3D,0xEF,0x92,0x94,0x41,0x08,0x00,0x00,0x82,0x10,0x92,0x94,0x3D,0xEF,0xFF,0xFF,0x3D,0xEF,0x92,0x94,0x82,0x10,0x00,0x00,0x00,0x00,0x00,0x00,0x00,0x00,
	0x00,0x00,0x00,0x00,0x00,0x00,0x00,0x00,0x82,0x10,0x08,0x42,0x79,0xCE,0xFF,0xFF,0xFF,0xFF,0x76,0xB5,0x65,0x29,0x41,0x08,0x00,0x00,0x00,0x00,0x00,0x00,0x00,0x00,0x00,0x00,0x00,0x00,0x00,0x00,0x00,0x00,0x00,0x00,0x00,0x00,0x00,0x00,0x00,0x00,0x00,0x00,0x08,0x42,0x79,0xCE,0xBE,0xF7,0xFF,0xFF,0x79,0xCE,0x6D,0x6B,0x00,0x00,
	0x00,0x00,0x00,0x00,0x00,0x00,0x00,0x00,0x00,0x00,0x00,0x00,0x82,0x10,0x08,0x42,0x76,0xB5,0xFF,0xFF,0xFF,0xFF,0x79,0xCE,0x92,0x94,0x6D,0x6B,0x6D,0x6B,0x6D,0x6B,0x6D,0x6B,0x6D,0x6B,0x6D,0x6B,0x6D,0x6B,0x6D,0x6B,0x6D,0x6B,0x92,0x94,0xBE,0xF7,0xFF,0xFF,0xFF,0xFF,0x3D,0xEF,0x92,0x94,0x41,0x08,0x00,0x00,0x82,0x10,0x92,0x94,
	0x3D,0xEF,0xFF,0xFF,0x3D,0xEF,0x92,0x94,0x82,0x10,0x00,0x00,0x00,0x00,0x00,0x00,0x00,0x00,0x00,0x00,0x00,0x00,0x00,0x00,0x00,0x00,0x82,0x10,0x08,0x42,0x79,0xCE,0xFF,0xFF,0xFF,0xFF,0x76,0xB5,0x65,0x29,0x41,0x08,0x00,0x00,0x00,0x00,0x00,0x00,0x00,0x00,0x00,0x00,0x00,0x00,0x00,0x00,0x00,0x00,0x00,0x00,0x00,0x00,0x00,0x00,
	0x00,0x00,0x00,0x00,0x08,0x42,0x79,0xCE,0xBE,0xF7,0xFF,0xFF,0x79,0xCE,0x6D,0x6B,0x00,0x00,0x00,0x00,0x00,0x00,0x00,0x00,0x00,0x00,0x00,0x00,0x00,0x00,0x82,0x10,0x08,0x42,0x76,0xB5,0xFF,0xFF,0xFF,0xFF,0x76,0xB5,0x08,0x42,0x65,0x29,0xE3,0x18,0xE3,0x18,0xE3,0x18,0xE3,0x18,0xE3,0x18,0xE3,0x18,0xE3,0x18,0x82,0x10,0x08,0x42,
	0x3D,0xEF,0xFF,0xFF,0xFF,0xFF,0x3D,0xEF,0x92,0x94,0x41,0x08,0x00,0x00,0x82,0x10,0x92,0x94,0x3D,0xEF,0xFF,0xFF,0x3D,0xEF,0x92,0x94,0x82,0x10,0x00,0x00,0x00,0x00,0x00,0x00,0x00,0x00,0x00,0x00,0x00,0x00,0x00,0x00,0x00,0x00,0x82,0x10,0x08,0x42,0x79,0xCE,0xFF,0xFF,0xFF,0xFF,0x76,0xB5,0x65,0x29,0x41,0x08,0x00,0x00,0x00,0x00,
	0x00,0x00,0x00,0x00,0x00,0x00,0x00,0x00,0x00,0x00,0x00,0x00,0x00,0x00,0x00,0x00,0x00,0x00,0x00,0x00,0x00,0x00,0x08,0x42,0x79,0xCE,0xBE,0xF7,0xFF,0xFF,0x79,0xCE,0x6D,0x6B,0x00,0x00,0x00,0x00,0x00,0x00,0x00,0x00,0x00,0x00,0x00,0x00,0x00,0x00,0x82,0x10,0x08,0x42,0x76,0xB5,0xFF,0xFF,0xFF,0xFF,0x76,0xB5,0x08,0x42,0x41,0x08,
	0x00,0x00,0x00,0x00,0x00,0x00,0x00,0x00,0x00,0x00,0x00,0x00,0x00,0x00,0x00,0x00,0x65,0x29,0x3D,0xEF,0xFF,0xFF,0xFF,0xFF,0x3D,0xEF,0x92,0x94,0x41,0x08,0x00,0x00,0x82,0x10,0x92,0x94,0x3D,0xEF,0xFF,0xFF,0x3D,0xEF,0x92,0x94,0x82,0x10,0x00,0x00,0x00,0x00,0x00,0x00,0x00,0x00,0x00,0x00,0x00,0x00,0x00,0x00,0x00,0x00,0x82,0x10,
	0x08,0x42,0x79,0xCE,0xFF,0xFF,0xFF,0xFF,0x76,0xB5,0x65,0x29,0x41,0x08,0x00,0x00,0x00,0x00,0x00,0x00,0x00,0x00,0x00,0x00,0x00,0x00,0x00,0x00,0x00,0x00,0x00,0x00,0x00,0x00,0x00,0x00,0x00,0x00,0x00,0x00,0x08,0x42,0x79,0xCE,0xBE,0xF7,0xFF,0xFF,0x79,0xCE,0x6D,0x6B,0x00,0x00,0x00,0x00,0x00,0x00,0x00,0x00,0x00,0x00,0x00,0x00,
	0x00,0x00,0x82,0x10,0x08,0x42,0x76,0xB5,0xFF,0xFF,0xFF,0xFF,0x76,0xB5,0x65,0x29,0x41,0x08,0x00,0x00,0x00,0x00,0x00,0x00,0x00,0x00,0x00,0x00,0x00,0x00,0x00,0x00,0x00,0x00,0x65,0x29,0x3D,0xEF,0xFF,0xFF,0xFF,0xFF,0x3D,0xEF,0x92,0x94,0x41,0x08,0x00,0x00,0x82,0x10,0x6D,0x6B,0x79,0xCE,0xFF,0xFF,0xBE,0xF7,0x76,0xB5,0x82,0x10,
	0x00,0x00,0x00,0x00,0x00,0x00,0x00,0x00,0x00,0x00,0x00,0x00,0x00,0x00,0x00,0x00,0x82,0x10,0x08,0x42,0x79,0xCE,0xFF,0xFF,0xFF,0xFF,0x76,0xB5,0x08,0x42,0x41,0x08,0x00,0x00,0x00,0x00,0x00,0x00,0x00,0x00,0x00,0x00,0x00,0x00,0x00,0x00,0x00,0x00,0x00,0x00,0x00,0x00,0x00,0x00,0x00,0x00,0x00,0x00,0x08,0x42,0x79,0xCE,0xBE,0xF7,
	0xFF,0xFF,0x79,0xCE,0x6D,0x6B,0x00,0x00,0x00,0x00,0x00,0x00,0x00,0x00,0x00,0x00,0x00,0x00,0x00,0x00,0x82,0x10,0x08,0x42,0x76,0xB5,0xFF,0xFF,0xFF,0xFF,0x76,0xB5,0x08,0x42,0x41,0x08,0x00,0x00,0x00,0x00,0x00,0x00,0x00,0x00,0x00,0x00,0x00,0x00,0x00,0x00,0x00,0x00,0x65,0x29,0x3D,0xEF,0xFF,0xFF,0xFF,0xFF,0x3D,0xEF,0x92,0x94,
	0x41,0x08,0x00,0x00,0x41,0x08,0x6D,0x6B,0x76,0xB5,0xFF,0xFF,0xFF,0xFF,0x76,0xB5,0xE3,0x18,0x00,0x00,0x00,0x00,0x00,0x00,0x00,0x00,0x00,0x00,0x00,0x00,0x00,0x00,0x00,0x00,0xE3,0x18,0x6D,0x6B,0x79,0xCE,0xFF,0xFF,0xFF,0xFF,0x92,0x94,0x65,0x29,0x41,0x08,0x00,0x00,0x00,0x00,0x00,0x00,0x00,0x00,0x00,0x00,0x00,0x00,0x00,0x00,
	0x00,0x00,0x00,0x00,0x00,0x00,0x00,0x00,0x00,0x00,0x00,0x00,0x08,0x42,0x79,0xCE,0xBE,0xF7,0xFF,0xFF,0x79,0xCE,0x6D,0x6B,0x00,0x00,0x00,0x00,0x00,0x00,0x00,0x00,0x00,0x00,0x00,0x00,0x00,0x00,0x82,0x10,0x08,0x42,0x76,0xB5,0xFF,0xFF,0xFF,0xFF,0x76,0xB5,0x08,0x42,0x41,0x08,0x00,0x00,0x00,0x00,0x00,0x00,0x00,0x00,0x00,0x00,
	0x00,0x00,0x00,0x00,0x00,0x00,0x65,0x29,0x3D,0xEF,0xFF,0xFF,0xFF,0xFF,0x3D,0xEF,0x92,0x94,0x41,0x08,0x00,0x00,0x41,0x08,0x08,0x42,0x92,0x94,0xFF,0xFF,0xFF,0xFF,0x79,0xCE,0x08,0x42,0x41,0x08,0x00,0x00,0x00,0x00,0x00,0x00,0x00,0x00,0x00,0x00,0x00,0x00,0x00,0x00,0x65,0x29,0x92,0x94,0x3D,0xEF,0xFF,0xFF,0xFF,0xFF,0x92,0x94,
	0x00,0x00,0x00,0x00,0x00,0x00,0x00,0x00,0x00,0x00,0x00,0x00,0x00,0x00,0x00,0x00,0x00,0x00,0x00,0x00,0x00,0x00,0x00,0x00,0x00,0x00,0x00,0x00,0x00,0x00,0x08,0x42,0x79,0xCE,0xBE,0xF7,0xFF,0xFF,0x79,0xCE,0x6D,0x6B,0x00,0x00,0x00,0x00,0x00,0x00,0x00,0x00,0x00,0x00,0x00,0x00,0x00,0x00,0x82,0x10,0x08,0x42,0x76,0xB5,0xFF,0xFF,
	0xFF,0xFF,0x76,0xB5,0x08,0x42,0x41,0x08,0x00,0x00,0x00,0x00,0x00,0x00,0x00,0x00,0x00,0x00,0x00,0x00,0x00,0x00,0x00,0x00,0x65,0x29,0x3D,0xEF,0xFF,0xFF,0xFF,0xFF,0x3D,0xEF,0x92,0x94,0x41,0x08,0x00,0x00,0x00,0x00,0xE3,0x18,0x92,0x94,0xFF,0xFF,0xFF,0xFF,0x3D,0xEF,0x92,0x94,0x08,0x42,0x00,0x00,0x00,0x00,0x00,0x00,0x00,0x00,
	0x00,0x00,0x00,0x00,0xE3,0x18,0x6D,0x6B,0x79,0xCE,0xBE,0xF7,0xFF,0xFF,0x3D,0xEF,0x6D,0x6B,0x00,0x00,0x00,0x00,0x00,0x00,0x00,0x00,0x00,0x00,0x00,0x00,0x00,0x00,0x00,0x00,0x00,0x00,0x00,0x00,0x00,0x00,0x00,0x00,0x00,0x00,0x00,0x00,0x00,0x00,0x08,0x42,0x79,0xCE,0xBE,0xF7,0xFF,0xFF,0x79,0xCE,0x6D,0x6B,0x00,0x00,0x00,0x00,
	0x00,0x00,0x00,0x00,0x00,0x00,0x00,0x00,0x00,0x00,0x82,0x10,0x08,0x42,0x76,0xB5,0xFF,0xFF,0xFF,0xFF,0x76,0xB5,0x08,0x42,0x41,0x08,0x00,0x00,0x00,0x00,0x00,0x00,0x00,0x00,0x00,0x00,0x00,0x00,0x00,0x00,0x00,0x00,0x65,0x29,0x3D,0xEF,0xFF,0xFF,0xFF,0xFF,0x3D,0xEF,0x92,0x94,0x41,0x08,0x00,0x00,0x00,0x00,0x00,0x00,0x6D,0x6B,
	0x3D,0xEF,0xFF,0xFF,0xFF,0xFF,0xBE,0xF7,0x92,0x94,0x65,0x29,0x82,0x10,0x41,0x08,0x41,0x08,0x41,0x08,0xE3,0x18,0x6D,0x6B,0x76,0xB5,0xFF,0xFF,0xFF,0xFF,0xBE,0xF7,0x76,0xB5,0x08,0x42,0x00,0x00,0x00,0x00,0x00,0x00,0x00,0x00,0x00,0x00,0x00,0x00,0x00,0x00,0x00,0x00,0x00,0x00,0x00,0x00,0x00,0x00,0x00,0x00,0x00,0x00,0x00,0x00,
	0x00,0x00,0x08,0x42,0x79,0xCE,0xBE,0xF7,0xFF,0xFF,0x79,0xCE,0x6D,0x6B,0x00,0x00,0x00,0x00,0x00,0x00,0x00,0x00,0x00,0x00,0x00,0x00,0x00,0x00,0x82,0x10,0x08,0x42,0x76,0xB5,0xFF,0xFF,0xFF,0xFF,0x76,0xB5,0x08,0x42,0x41,0x08,0x00,0x00,0x00,0x00,0x00,0x00,0x00,0x00,0x00,0x00,0x00,0x00,0x00,0x00,0x00,0x00,0x65,0x29,0x3D,0xEF,
	0xFF,0xFF,0xFF,0xFF,0x3D,0xEF,0x92,0x94,0x41,0x08,0x00,0x00,0x00,0x00,0x00,0x00,0x65,0x29,0x92,0x94,0x3D,0xEF,0xFF,0xFF,0xFF,0xFF,0x3D,0xEF,0x79,0xCE,0x76,0xB5,0x92,0x94,0x92,0x94,0x76,0xB5,0x79,0xCE,0x79,0xCE,0xBE,0xF7,0xFF,0xFF,0xFF,0xFF,0x3D,0xEF,0x08,0x42,0x82,0x10,0x00,0x00,0x00,0x00,0x00,0x00,0x00,0x00,0x00,0x00,
	0x00,0x00,0x00,0x00,0x00,0x00,0x00,0x00,0x00,0x00,0x00,0x00,0x00,0x00,0x00,0x00,0x00,0x00,0x00,0x00,0x08,0x42,0x79,0xCE,0xFF,0xFF,0xFF,0xFF,0x3D,0xEF,0x6D,0x6B,0x00,0x00,0x00,0x00,0x00,0x00,0x00,0x00,0x00,0x00,0x00,0x00,0x00,0x00,0x82,0x10,0x08,0x42,0x79,0xCE,0xFF,0xFF,0xFF,0xFF,0x76,0xB5,0x08,0x42,0x41,0x08,0x00,0x00,
	0x00,0x00,0x00,0x00,0x00,0x00,0x00,0x00,0x00,0x00,0x00,0x00,0x00,0x00,0x65,0x29,0x3D,0xEF,0xFF,0xFF,0xFF,0xFF,0x3D,0xEF,0x92,0x94,0x41,0x08,0x00,0x00,0x00,0x00,0x00,0x00,0x41,0x08,0x65,0x29,0x92,0x94,0x79,0xCE,0xFF,0xFF,0xFF,0xFF,0xFF,0xFF,0xFF,0xFF,0x3D,0xEF,0x3D,0xEF,0xFF,0xFF,0xFF,0xFF,0xFF,0xFF,0xFF,0xFF,0x3D,0xEF,
	0x79,0xCE,0x92,0x94,0x82,0x10,0x00,0x00,0x00,0x00,0x00,0x00,0x00,0x00,0x00,0x00,0x00,0x00,0x00,0x00,0x00,0x00,0x00,0x00,0x00,0x00,0x00,0x00,0x00,0x00,0x00,0x00,0x00,0x00,0x00,0x00,0x00,0x00,0x08,0x42,0x79,0xCE,0xFF,0xFF,0xFF,0xFF,0x3D,0xEF,0x6D,0x6B,0x00,0x00,0x00,0x00,0x00,0x00,0x00,0x00,0x00,0x00,0x00,0x00,0x00,0x00,
	0x82,0x10,0x08,0x42,0x79,0xCE,0xFF,0xFF,0xFF,0xFF,0x76,0xB5,0x08,0x42,0x41,0x08,0x00,0x00,0x00,0x00,0x00,0x00,0x00,0x00,0x00,0x00,0x00,0x00,0x00,0x00,0x00,0x00,0x65,0x29,0x3D,0xEF,0xFF,0xFF,0xFF,0xFF,0x3D,0xEF,0x92,0x94,0x41,0x08,0x00,0x00,0x00,0x00,0x00,0x00,0x00,0x00,0x00,0x00,0xE3,0x18,0x6D,0x6B,0x3D,0xEF,0xFF,0xFF,
	0xFF,0xFF,0xFF,0xFF,0xFF,0xFF,0xFF,0xFF,0xFF,0xFF,0xFF,0xFF,0xFF,0xFF,0xBE,0xF7,0x76,0xB5,0x08,0x42,0x82,0x10,0x00,0x00,0x00,0x00,0x00,0x00,0x00,0x00,0x00,0x00,0x00,0x00,0x00,0x00,0x00,0x00,0x00,0x00,0x00,0x00,0x00,0x00,0x00,0x00,0x00,0x00,0x00,0x00,0x00,0x00,0x00,0x00,0x00,0x00,0xE3,0x18,0x6D,0x6B,0x92,0x94,0x92,0x94,
	0x6D,0x6B,0x08,0x42,0x00,0x00,0x00,0x00,0x00,0x00,0x00,0x00,0x00,0x00,0x00,0x00,0x00,0x00,0x41,0x08,0xE3,0x18,0x6D,0x6B,0x92,0x94,0x92,0x94,0x6D,0x6B,0xE3,0x18,0x41,0x08,0x00,0x00,0x00,0x00,0x00,0x00,0x00,0x00,0x00,0x00,0x00,0x00,0x00,0x00,0x00,0x00,0xE3,0x18,0x92,0x94,0x92,0x94,0x92,0x94,0x92,0x94,0x08,0x42,0x00,0x00,
	0x00,0x00,0x00,0x00,0x00,0x00,0x00,0x00,0x00,0x00,0x00,0x00,0xE3,0x18,0x08,0x42,0x6D,0x6B,0x92,0x94,0x92,0x94,0x76,0xB5,0x79,0xCE,0x76,0xB5,0x92,0x94,0x92,0x94,0x6D,0x6B,0x08,0x42,0xE3,0x18,0x00,0x00,0x00,0x00,0x00,0x00,0x00,0x00,0x00,0x00,0x00,0x00,0x00,0x00,0x00,0x00,0x00,0x00,0x00,0x00,0x00,0x00,0x00,0x00,0x00,0x00,
	0x00,0x00,0x00,0x00,0x00,0x00,0x00,0x00,0x00,0x00,0x41,0x08,0xE3,0x18,0x65,0x29,0x65,0x29,0xE3,0x18,0x82,0x10,0x00,0x00,0x00,0x00,0x00,0x00,0x00,0x00,0x00,0x00,0x00,0x00,0x00,0x00,0x00,0x00,0x41,0x08,0xE3,0x18,0x65,0x29,0x65,0x29,0xE3,0x18,0x41,0x08,0x00,0x00,0x00,0x00,0x00,0x00,0x00,0x00,0x00,0x00,0x00,0x00,0x00,0x00,
	0x00,0x00,0x00,0x00,0x41,0x08,0x65,0x29,0x65,0x29,0x65,0x29,0x65,0x29,0x82,0x10,0x00,0x00,0x00,0x00,0x00,0x00,0x00,0x00,0x00,0x00,0x00,0x00,0x00,0x00,0x00,0x00,0x00,0x00,0x00,0x00,0xE3,0x18,0x65,0x29,0x08,0x42,0x6D,0x6B,0x08,0x42,0xE3,0x18,0x82,0x10,0x00,0x00,0x00,0x00,0x00,0x00,0x00,0x00,0x00,0x00,0x00,0x00,0x00,0x00,
	0x00,0x00,0x00,0x00,0x00,0x00,0x00,0x00,0x00,0x00,

	// Alpha Channel 
	0x00,0x00,0x00,0x00,0x00,0x00,0x00,0x00,0x00,0x00,0x00,0x00,0x00,0x00,0x00,0x00,0x00,0x00,0x00,0x00,0x00,0x00,0xFF,0x00,0x00,0x00,0x00,0x00,0x00,0x00,0x00,0x00,0x00,0x00,0x00,0xFF,0xFF,0xFF,0x00,0x00,0x00,0x00,0x00,0x00,0x00,0xFF,0x00,0x00,0x00,0x00,0x00,0x00,0x00,0x00,0xFF,0xFF,0xFF,0xFF,0xFF,0xFF,0xFF,0xFF,0x00,0x00,
	0x00,0x00,0x00,0x00,0x00,0x00,0x00,0x00,0x00,0x00,0x00,0x00,0xFF,0xFF,0xFF,0xFF,0xFF,0xFF,0xFF,0xFF,0xFF,0xFF,0xFF,0xFF,0xFF,0xFF,0xFF,0xFF,0xFF,0xFF,0x00,0x00,0x00,0xFF,0xFF,0xFF,0xFF,0x00,0x00,0x00,0x00,0x00,0x00,0x00,0x00,0x00,0x00,0x00,0xFF,0xFF,0xFF,0xFF,0x00,0x00,0x00,0x00,0x00,0xFF,0xFF,0xFF,0xFF,0x00,0x00,0x00,
	0x00,0x00,0x00,0x00,0x00,0x00,0x00,0x00,0xFF,0xFF,0xFF,0xFF,0x00,0x00,0x00,0x00,0x00,0x00,0x00,0x00,0x00,0xFF,0xFF,0xFF,0xFF,0xFF,0xFF,0xFF,0xFF,0xFF,0xFF,0xFF,0xFF,0xFF,0xFF,0xFF,0xFF,0xFF,0xFF,0xFF,0x00,0xFF,0xFF,0xFF,0xFF,0xFF,0xFF,0x00,0x00,0x00,0x00,0x00,0x00,0x00,0x00,0x00,0xFF,0xFF,0xFF,0xFF,0xFF,0xFF,0x00,0x00,
	0xFF,0xFF,0xFF,0xFF,0xFF,0xFF,0x00,0x00,0x00,0x00,0x00,0x00,0x00,0x00,0x00,0x00,0xFF,0xFF,0xFF,0xFF,0xFF,0xFF,0x00,0x00,0x00,0x00,0x00,0x00,0x00,0x00,0xFF,0xFF,0xFF,0xFF,0xFF,0xFF,0xFF,0xFF,0xFF,0xFF,0xFF,0xFF,0xFF,0xFF,0xFF,0xFF,0xFF,0xFF,0xFF,0x00,0xFF,0xFF,0xFF,0xFF,0xFF,0xFF,0xFF,0x00,0x00,0x00,0x00,0x00,0x00,0x00,
	0x00,0xFF,0xFF,0xFF,0xFF,0xFF,0xFF,0x00,0x00,0xFF,0xFF,0xFF,0xFF,0xFF,0xFF,0xFF,0x00,0x00,0x00,0x00,0x00,0x00,0x00,0x00,0xFF,0xFF,0xFF,0xFF,0xFF,0xFF,0xFF,0xFF,0x00,0x00,0x00,0x00,0x00,0x00,0x00,0xFF,0xFF,0xFF,0xFF,0xFF,0xFF,0xFF,0xFF,0xFF,0xFF,0xFF,0xFF,0xFF,0xFF,0xFF,0xFF,0xFF,0xFF,0xFF,0x00,0xFF,0xFF,0xFF,0xFF,0xFF,
	0xFF,0xFF,0x00,0x00,0x00,0x00,0x00,0x00,0x00,0x00,0xFF,0xFF,0xFF,0xFF,0xFF,0xFF,0xFF,0x00,0xFF,0xFF,0xFF,0xFF,0xFF,0xFF,0xFF,0x00,0x00,0x00,0x00,0x00,0x00,0x00,0x00,0xFF,0xFF,0xFF,0xFF,0xFF,0xFF,0xFF,0xFF,0x00,0x00,0x00,0x00,0x00,0x00,0x00,0xFF,0xFF,0xFF,0xFF,0xFF,0xFF,0xFF,0xFF,0xFF,0xFF,0xFF,0xFF,0xFF,0xFF,0xFF,0xFF,
	0xFF,0xFF,0xFF,0x00,0xFF,0xFF,0xFF,0xFF,0xFF,0xFF,0xFF,0x00,0x00,0x00,0x00,0x00,0x00,0x00,0x00,0xFF,0xFF,0xFF,0xFF,0xFF,0xFF,0xFF,0x00,0xFF,0xFF,0xFF,0xFF,0xFF,0xFF,0xFF,0x00,0x00,0x00,0x00,0x00,0x00,0x00,0x00,0xFF,0xFF,0xFF,0xFF,0xFF,0xFF,0xFF,0xFF,0x00,0x00,0x00,0x00,0x00,0x00,0x00,0xFF,0xFF,0xFF,0xFF,0xFF,0xFF,0xFF,
	0xFF,0xFF,0xFF,0xFF,0xFF,0xFF,0xFF,0xFF,0xFF,0xFF,0xFF,0xFF,0xFF,0xFF,0xFF,0xFF,0xFF,0xFF,0xFF,0xFF,0x00,0x00,0x00,0x00,0x00,0x00,0x00,0x00,0xFF,0xFF,0xFF,0xFF,0xFF,0xFF,0xFF,0x00,0xFF,0xFF,0xFF,0xFF,0xFF,0xFF,0xFF,0x00,0x00,0x00,0x00,0x00,0x00,0x00,0x00,0xFF,0xFF,0xFF,0xFF,0xFF,0xFF,0xFF,0xFF,0x00,0x00,0x00,0x00,0x00,
	0x00,0x00,0x00,0x00,0x00,0x00,0x00,0x00,0xFF,0xFF,0xFF,0xFF,0xFF,0xFF,0x00,0x00,0x00,0x00,0x00,0x00,0x00,0xFF,0xFF,0xFF,0xFF,0xFF,0xFF,0xFF,0xFF,0x00,0x00,0x00,0x00,0x00,0x00,0x00,0x00,0xFF,0xFF,0xFF,0xFF,0xFF,0xFF,0xFF,0x00,0xFF,0xFF,0xFF,0xFF,0xFF,0xFF,0xFF,0x00,0x00,0x00,0x00,0x00,0x00,0x00,0x00,0xFF,0xFF,0xFF,0xFF,
	0xFF,0xFF,0xFF,0xFF,0x00,0x00,0x00,0x00,0x00,0x00,0x00,0x00,0x00,0x00,0x00,0x00,0x00,0xFF,0xFF,0xFF,0xFF,0xFF,0xFF,0x00,0x00,0x00,0x00,0x00,0x00,0x00,0xFF,0xFF,0xFF,0xFF,0xFF,0xFF,0xFF,0xFF,0x00,0x00,0x00,0x00,0x00,0x00,0x00,0x00,0xFF,0xFF,0xFF,0xFF,0xFF,0xFF,0xFF,0x00,0xFF,0xFF,0xFF,0xFF,0xFF,0xFF,0xFF,0x00,0x00,0x00,
	0x00,0x00,0x00,0x00,0x00,0xFF,0xFF,0xFF,0xFF,0xFF,0xFF,0xFF,0xFF,0x00,0x00,0x00,0x00,0x00,0x00,0x00,0x00,0x00,0x00,0x00,0x00,0x00,0xFF,0xFF,0xFF,0xFF,0xFF,0xFF,0x00,0x00,0x00,0x00,0x00,0x00,0x00,0xFF,0xFF,0xFF,0xFF,0xFF,0xFF,0xFF,0xFF,0x00,0x00,0x00,0x00,0x00,0x00,0x00,0x00,0xFF,0xFF,0xFF,0xFF,0xFF,0xFF,0xFF,0x00,0xFF,
	0xFF,0xFF,0xFF,0xFF,0xFF,0xFF,0x00,0x00,0x00,0x00,0x00,0x00,0x00,0x00,0xFF,0xFF,0xFF,0xFF,0xFF,0xFF,0xFF,0xFF,0x00,0x00,0x00,0x00,0x00,0x00,0x00,0x00,0x00,0x00,0x00,0x00,0x00,0xFF,0xFF,0xFF,0xFF,0xFF,0xFF,0x00,0x00,0x00,0x00,0x00,0x00,0x00,0xFF,0xFF,0xFF,0xFF,0xFF,0xFF,0xFF,0xFF,0x00,0x00,0x00,0x00,0x00,0x00,0x00,0x00,
	0xFF,0xFF,0xFF,0xFF,0xFF,0xFF,0xFF,0x00,0xFF,0xFF,0xFF,0xFF,0xFF,0xFF,0xFF,0x00,0x00,0x00,0x00,0x00,0x00,0x00,0x00,0xFF,0xFF,0xFF,0xFF,0xFF,0xFF,0xFF,0xFF,0x00,0x00,0x00,0x00,0x00,0x00,0x00,0x00,0x00,0x00,0x00,0x00,0x00,0xFF,0xFF,0xFF,0xFF,0xFF,0xFF,0x00,0x00,0x00,0x00,0x00,0x00,0x00,0xFF,0xFF,0xFF,0xFF,0xFF,0xFF,0xFF,
	0x00,0x00,0x00,0x00,0x00,0x00,0x00,0x00,0x00,0xFF,0xFF,0xFF,0xFF,0xFF,0xFF,0xFF,0x00,0xFF,0xFF,0xFF,0xFF,0xFF,0xFF,0xFF,0x00,0x00,0x00,0x00,0x00,0x00,0x00,0x00,0xFF,0xFF,0xFF,0xFF,0xFF,0xFF,0xFF,0xFF,0x00,0x00,0x00,0x00,0x00,0x00,0x00,0x00,0x00,0x00,0x00,0x00,0x00,0xFF,0xFF,0xFF,0xFF,0xFF,0xFF,0x00,0x00,0x00,0x00,0x00,
	0x00,0x00,0xFF,0xFF,0xFF,0xFF,0xFF,0xFF,0xFF,0xFF,0xFF,0xFF,0xFF,0xFF,0xFF,0xFF,0xFF,0xFF,0xFF,0xFF,0xFF,0xFF,0xFF,0xFF,0xFF,0x00,0xFF,0xFF,0xFF,0xFF,0xFF,0xFF,0xFF,0x00,0x00,0x00,0x00,0x00,0x00,0x00,0x00,0xFF,0xFF,0xFF,0xFF,0xFF,0xFF,0xFF,0xFF,0x00,0x00,0x00,0x00,0x00,0x00,0x00,0x00,0x00,0x00,0x00,0x00,0x00,0xFF,0xFF,
	0xFF,0xFF,0xFF,0xFF,0x00,0x00,0x00,0x00,0x00,0x00,0x00,0xFF,0xFF,0xFF,0xFF,0xFF,0xFF,0xFF,0xFF,0xFF,0xFF,0xFF,0xFF,0xFF,0xFF,0xFF,0xFF,0xFF,0xFF,0xFF,0xFF,0xFF,0xFF,0xFF,0x00,0xFF,0xFF,0xFF,0xFF,0xFF,0xFF,0xFF,0x00,0x00,0x00,0x00,0x00,0x00,0x00,0x00,0xFF,0xFF,0xFF,0xFF,0xFF,0xFF,0xFF,0xFF,0x00,0x00,0x00,0x00,0x00,0x00,
	0x00,0x00,0x00,0x00,0x00,0x00,0x00,0xFF,0xFF,0xFF,0xFF,0xFF,0xFF,0x00,0x00,0x00,0x00,0x00,0x00,0x00,0xFF,0xFF,0xFF,0xFF,0xFF,0xFF,0xFF,0xFF,0xFF,0xFF,0xFF,0xFF,0xFF,0xFF,0xFF,0xFF,0xFF,0xFF,0xFF,0xFF,0xFF,0xFF,0xFF,0x00,0xFF,0xFF,0xFF,0xFF,0xFF,0xFF,0xFF,0x00,0x00,0x00,0x00,0x00,0x00,0x00,0x00,0xFF,0xFF,0xFF,0xFF,0xFF,
	0xFF,0xFF,0xFF,0x00,0x00,0x00,0x00,0x00,0x00,0x00,0x00,0x00,0x00,0x00,0x00,0x00,0xFF,0xFF,0xFF,0xFF,0xFF,0xFF,0x00,0x00,0x00,0x00,0x00,0x00,0x00,0xFF,0xFF,0xFF,0xFF,0xFF,0xFF,0xFF,0xFF,0xFF,0xFF,0xFF,0xFF,0xFF,0xFF,0xFF,0xFF,0xFF,0xFF,0xFF,0xFF,0xFF,0xFF,0xFF,0x00,0xFF,0xFF,0xFF,0xFF,0xFF,0xFF,0xFF,0x00,0x00,0x00,0x00,
	0x00,0x00,0x00,0x00,0xFF,0xFF,0xFF,0xFF,0xFF,0xFF,0xFF,0xFF,0x00,0x00,0x00,0x00,0x00,0x00,0x00,0x00,0x00,0x00,0x00,0x00,0x00,0xFF,0xFF,0xFF,0xFF,0xFF,0xFF,0x00,0x00,0x00,0x00,0x00,0x00,0x00,0xFF,0xFF,0xFF,0xFF,0xFF,0xFF,0xFF,0xFF,0xFF,0xFF,0xFF,0xFF,0xFF,0xFF,0xFF,0xFF,0xFF,0xFF,0xFF,0xFF,0xFF,0xFF,0xFF,0x00,0xFF,0xFF,
	0xFF,0xFF,0xFF,0xFF,0xFF,0x00,0x00,0x00,0x00,0x00,0x00,0x00,0x00,0xFF,0xFF,0xFF,0xFF,0xFF,0xFF,0xFF,0xFF,0x00,0x00,0x00,0x00,0x00,0x00,0x00,0x00,0x00,0x00,0x00,0x00,0x00,0xFF,0xFF,0xFF,0xFF,0xFF,0xFF,0x00,0x00,0x00,0x00,0x00,0x00,0x00,0xFF,0xFF,0xFF,0xFF,0xFF,0xFF,0xFF,0xFF,0xFF,0xFF,0xFF,0xFF,0xFF,0xFF,0xFF,0xFF,0xFF,
	0xFF,0xFF,0xFF,0xFF,0xFF,0xFF,0x00,0xFF,0xFF,0xFF,0xFF,0xFF,0xFF,0xFF,0x00,0x00,0x00,0x00,0x00,0x00,0x00,0x00,0xFF,0xFF,0xFF,0xFF,0xFF,0xFF,0xFF,0xFF,0x00,0x00,0x00,0x00,0x00,0x00,0x00,0x00,0x00,0x00,0x00,0x00,0x00,0xFF,0xFF,0xFF,0xFF,0xFF,0xFF,0x00,0x00,0x00,0x00,0x00,0x00,0x00,0xFF,0xFF,0xFF,0xFF,0xFF,0xFF,0xFF,0xFF,
	0x00,0x00,0x00,0x00,0x00,0x00,0x00,0x00,0xFF,0xFF,0xFF,0xFF,0xFF,0xFF,0xFF,0x00,0xFF,0xFF,0xFF,0xFF,0xFF,0xFF,0xFF,0x00,0x00,0x00,0x00,0x00,0x00,0x00,0x00,0xFF,0xFF,0xFF,0xFF,0xFF,0xFF,0xFF,0xFF,0x00,0x00,0x00,0x00,0x00,0x00,0x00,0x00,0x00,0x00,0x00,0x00,0x00,0xFF,0xFF,0xFF,0xFF,0xFF,0xFF,0x00,0x00,0x00,0x00,0x00,0x00,
	0x00,0xFF,0xFF,0xFF,0xFF,0xFF,0xFF,0xFF,0xFF,0x00,0x00,0x00,0x00,0x00,0x00,0x00,0x00,0xFF,0xFF,0xFF,0xFF,0xFF,0xFF,0xFF,0x00,0xFF,0xFF,0xFF,0xFF,0xFF,0xFF,0xFF,0x00,0x00,0x00,0x00,0x00,0x00,0x00,0x00,0xFF,0xFF,0xFF,0xFF,0xFF,0xFF,0xFF,0xFF,0x00,0x00,0x00,0x00,0x00,0x00,0x00,0x00,0x00,0x00,0x00,0x00,0x00,0xFF,0xFF,0xFF,
	0xFF,0xFF,0xFF,0x00,0x00,0x00,0x00,0x00,0x00,0x00,0xFF,0xFF,0xFF,0xFF,0xFF,0xFF,0xFF,0xFF,0x00,0x00,0x00,0x00,0x00,0x00,0x00,0x00,0xFF,0xFF,0xFF,0xFF,0xFF,0xFF,0xFF,0x00,0xFF,0xFF,0xFF,0xFF,0xFF,0xFF,0xFF,0x00,0x00,0x00,0x00,0x00,0x00,0x00,0x00,0xFF,0xFF,0xFF,0xFF,0xFF,0xFF,0xFF,0xFF,0x00,0x00,0x00,0x00,0x00,0x00,0x00,
	0x00,0x00,0x00,0x00,0x00,0x00,0xFF,0xFF,0xFF,0xFF,0xFF,0xFF,0x00,0x00,0x00,0x00,0x00,0x00,0x00,0xFF,0xFF,0xFF,0xFF,0xFF,0xFF,0xFF,0xFF,0x00,0x00,0x00,0x00,0x00,0x00,0x00,0x00,0xFF,0xFF,0xFF,0xFF,0xFF,0xFF,0xFF,0x00,0xFF,0xFF,0xFF,0xFF,0xFF,0xFF,0xFF,0xFF,0x00,0x00,0x00,0x00,0x00,0x00,0x00,0xFF,0xFF,0xFF,0xFF,0xFF,0xFF,
	0x00,0x00,0x00,0x00,0x00,0x00,0x00,0x00,0x00,0x00,0x00,0x00,0x00,0x00,0x00,0xFF,0xFF,0xFF,0xFF,0xFF,0xFF,0x00,0x00,0x00,0x00,0x00,0x00,0x00,0xFF,0xFF,0xFF,0xFF,0xFF,0xFF,0xFF,0xFF,0x00,0x00,0x00,0x00,0x00,0x00,0x00,0x00,0xFF,0xFF,0xFF,0xFF,0xFF,0xFF,0xFF,0x00,0x00,0xFF,0xFF,0xFF,0xFF,0xFF,0xFF,0xFF,0x00,0x00,0x00,0x00,
	0x00,0x00,0xFF,0xFF,0xFF,0xFF,0xFF,0xFF,0xFF,0x00,0x00,0x00,0x00,0x00,0x00,0x00,0x00,0x00,0x00,0x00,0x00,0x00,0x00,0x00,0xFF,0xFF,0xFF,0xFF,0xFF,0xFF,0x00,0x00,0x00,0x00,0x00,0x00,0x00,0xFF,0xFF,0xFF,0xFF,0xFF,0xFF,0xFF,0xFF,0x00,0x00,0x00,0x00,0x00,0x00,0x00,0x00,0xFF,0xFF,0xFF,0xFF,0xFF,0xFF,0xFF,0x00,0x00,0x00,0xFF,
	0xFF,0xFF,0xFF,0xFF,0xFF,0xFF,0xFF,0xFF,0xFF,0xFF,0xFF,0xFF,0xFF,0xFF,0xFF,0xFF,0xFF,0xFF,0x00,0x00,0x00,0x00,0x00,0x00,0x00,0x00,0x00,0x00,0x00,0x00,0x00,0x00,0x00,0xFF,0xFF,0xFF,0xFF,0xFF,0xFF,0x00,0x00,0x00,0x00,0x00,0x00,0x00,0xFF,0xFF,0xFF,0xFF,0xFF,0xFF,0xFF,0xFF,0x00,0x00,0x00,0x00,0x00,0x00,0x00,0x00,0xFF,0xFF,
	0xFF,0xFF,0xFF,0xFF,0xFF,0x00,0x00,0x00,0xFF,0xFF,0xFF,0xFF,0xFF,0xFF,0xFF,0xFF,0xFF,0xFF,0xFF,0xFF,0xFF,0xFF,0xFF,0xFF,0xFF,0xFF,0xFF,0x00,0x00,0x00,0x00,0x00,0x00,0x00,0x00,0x00,0x00,0x00,0x00,0x00,0x00,0x00,0xFF,0xFF,0xFF,0xFF,0xFF,0xFF,0x00,0x00,0x00,0x00,0x00,0x00,0x00,0xFF,0xFF,0xFF,0xFF,0xFF,0xFF,0xFF,0xFF,0x00,
	0x00,0x00,0x00,0x00,0x00,0x00,0x00,0xFF,0xFF,0xFF,0xFF,0xFF,0xFF,0xFF,0x00,0x00,0x00,0xFF,0xFF,0xFF,0xFF,0xFF,0xFF,0xFF,0xFF,0xFF,0xFF,0xFF,0xFF,0xFF,0xFF,0xFF,0xFF,0xFF,0xFF,0x00,0x00,0x00,0x00,0x00,0x00,0x00,0x00,0x00,0x00,0x00,0x00,0x00,0x00,0x00,0x00,0xFF,0xFF,0xFF,0xFF,0xFF,0xFF,0x00,0x00,0x00,0x00,0x00,0x00,0x00,
	0xFF,0xFF,0xFF,0xFF,0xFF,0xFF,0xFF,0xFF,0x00,0x00,0x00,0x00,0x00,0x00,0x00,0x00,0xFF,0xFF,0xFF,0xFF,0xFF,0xFF,0xFF,0x00,0x00,0x00,0x00,0x00,0xFF,0xFF,0xFF,0xFF,0xFF,0xFF,0xFF,0xFF,0xFF,0xFF,0xFF,0xFF,0xFF,0xFF,0xFF,0x00,0x00,0x00,0x00,0x00,0x00,0x00,0x00,0x00,0x00,0x00,0x00,0x00,0x00,0x00,0x00,0x00,0xFF,0xFF,0xFF,0xFF,
	0xFF,0xFF,0x00,0x00,0x00,0x00,0x00,0x00,0x00,0xFF,0xFF,0xFF,0xFF,0xFF,0xFF,0xFF,0xFF,0x00,0x00,0x00,0x00,0x00,0x00,0x00,0x00,0xFF,0xFF,0xFF,0xFF,0xFF,0xFF,0x00,0x00,0x00,0x00,0x00,0x00,0x00,0xFF,0xFF,0xFF,0xFF,0xFF,0xFF,0xFF,0xFF,0xFF,0xFF,0xFF,0xFF,0xFF,0x00,0x00,0x00,0x00,0x00,0x00,0x00,0x00,0x00,0x00,0x00,0x00,0x00,
	0x00,0x00,0x00,0x00,0x00,0xFF,0xFF,0xFF,0xFF,0xFF,0xFF,0x00,0x00,0x00,0x00,0x00,0x00,0x00,0x00,0xFF,0xFF,0xFF,0xFF,0xFF,0xFF,0x00,0x00,0x00,0x00,0x00,0x00,0x00,0x00,0x00,0xFF,0xFF,0xFF,0xFF,0xFF,0xFF,0x00,0x00,0x00,0x00,0x00,0x00,0x00,0x00,0x00,0x00,0xFF,0xFF,0xFF,0xFF,0xFF,0xFF,0xFF,0x00,0x00,0x00,0x00,0x00,0x00,0x00,
	0x00,0x00,0x00,0x00,0x00,
    };
        


const lv_img_dsc_t face_1891_2_390_dial_img_12_56861_3 = {
    .header.magic = LV_IMAGE_HEADER_MAGIC,
    .header.w = 73,
    .header.h = 29,
    .data_size = sizeof(face_1891_2_390_dial_img_12_56861_data_3),
    .header.cf = LV_COLOR_FORMAT_RGB565A8,
    .data = face_1891_2_390_dial_img_12_56861_data_3};

    
// LVGL 9 format (RGB565) // LVGL_9 compatible 
const LV_ATTRIBUTE_MEM_ALIGN uint8_t face_1891_2_390_dial_img_12_56861_data_4[] = {
	//RGB565 data 
	0x00,0x00,0x00,0x00,0x00,0x00,0x00,0x00,0x00,0x00,0x00,0x00,0x00,0x00,0x00,0x00,0x00,0x00,0x00,0x00,0x00,0x00,0x00,0x00,0x00,0x00,0x00,0x00,0x00,0x00,0x00,0x00,0x00,0x00,0x00,0x00,0x00,0x00,0x00,0x00,0x00,0x00,0x00,0x00,0x00,0x00,0x00,0x00,0x00,0x00,0x00,0x00,0x41,0x08,0x00,0x00,0x00,0x00,0x00,0x00,0x00,0x00,0x00,0x00,
	0x00,0x00,0x00,0x00,0x00,0x00,0x00,0x00,0x00,0x00,0x00,0x00,0x00,0x00,0x00,0x00,0x00,0x00,0x00,0x00,0x00,0x00,0x00,0x00,0x00,0x00,0x00,0x00,0x00,0x00,0x00,0x00,0x00,0x00,0x00,0x00,0x00,0x00,0x00,0x00,0x00,0x00,0x00,0x00,0x00,0x00,0x41,0x08,0x41,0x08,0x82,0x10,0x41,0x08,0x00,0x00,0x00,0x00,0x00,0x00,0x00,0x00,0x00,0x00,
	0x00,0x00,0x00,0x00,0x00,0x00,0x00,0x00,0x00,0x00,0x00,0x00,0x00,0x00,0x00,0x00,0x00,0x00,0x00,0x00,0x00,0x00,0x00,0x00,0x00,0x00,0x00,0x00,0x00,0x00,0x00,0x00,0x00,0x00,0x00,0x00,0x00,0x00,0x00,0x00,0x00,0x00,0x82,0x10,0x82,0x10,0x82,0x10,0x82,0x10,0x82,0x10,0x82,0x10,0x82,0x10,0x82,0x10,0x82,0x10,0x82,0x10,0x82,0x10,
	0x82,0x10,0x41,0x08,0x00,0x00,0x00,0x00,0x00,0x00,0x00,0x00,0x41,0x08,0x82,0x10,0x82,0x10,0x82,0x10,0x82,0x10,0x82,0x10,0x82,0x10,0x82,0x10,0x82,0x10,0x82,0x10,0x41,0x08,0x00,0x00,0x00,0x00,0x00,0x00,0x00,0x00,0x00,0x00,0x00,0x00,0x00,0x00,0x00,0x00,0x00,0x00,0x00,0x00,0x41,0x08,0x82,0x10,0x82,0x10,0x82,0x10,0x41,0x08,
	0x00,0x00,0x00,0x00,0x00,0x00,0x00,0x00,0x00,0x00,0x00,0x00,0x00,0x00,0x00,0x00,0x00,0x00,0x00,0x00,0x00,0x00,0x00,0x00,0x00,0x00,0x00,0x00,0x00,0x00,0x00,0x00,0x00,0x00,0x00,0x00,0x00,0x00,0x00,0x00,0x00,0x00,0x00,0x00,0x00,0x00,0x00,0x00,0x00,0x00,0x00,0x00,0x00,0x00,0x00,0x00,0x00,0x00,0x65,0x29,0x08,0x42,0x08,0x42,
	0x08,0x42,0x08,0x42,0x08,0x42,0x08,0x42,0x08,0x42,0x08,0x42,0x08,0x42,0x08,0x42,0x08,0x42,0x08,0x42,0x08,0x42,0x65,0x29,0x41,0x08,0x00,0x00,0x00,0x00,0x65,0x29,0x08,0x42,0x08,0x42,0x08,0x42,0x08,0x42,0x08,0x42,0x08,0x42,0x08,0x42,0x08,0x42,0x08,0x42,0x08,0x42,0xE3,0x18,0x41,0x08,0x00,0x00,0x00,0x00,0x00,0x00,0x00,0x00,
	0x00,0x00,0x00,0x00,0x00,0x00,0x00,0x00,0x65,0x29,0x08,0x42,0x08,0x42,0x08,0x42,0x65,0x29,0x41,0x08,0x00,0x00,0x00,0x00,0x00,0x00,0x00,0x00,0x00,0x00,0x00,0x00,0x00,0x00,0x00,0x00,0x00,0x00,0x00,0x00,0x00,0x00,0x00,0x00,0x00,0x00,0x00,0x00,0x00,0x00,0x00,0x00,0x00,0x00,0x00,0x00,0x00,0x00,0x00,0x00,0x00,0x00,0x00,0x00,
	0x00,0x00,0x00,0x00,0x00,0x00,0x00,0x00,0x00,0x00,0x00,0x00,0x6D,0x6B,0x79,0xCE,0x79,0xCE,0x79,0xCE,0x79,0xCE,0x79,0xCE,0x79,0xCE,0x79,0xCE,0x79,0xCE,0x79,0xCE,0x79,0xCE,0x79,0xCE,0x79,0xCE,0x76,0xB5,0x6D,0x6B,0x82,0x10,0x00,0x00,0x41,0x08,0x92,0x94,0x79,0xCE,0x79,0xCE,0x79,0xCE,0x79,0xCE,0x79,0xCE,0x79,0xCE,0x79,0xCE,
	0x79,0xCE,0x79,0xCE,0x79,0xCE,0x76,0xB5,0x76,0xB5,0x6D,0x6B,0x65,0x29,0x00,0x00,0x00,0x00,0x00,0x00,0x00,0x00,0x00,0x00,0x00,0x00,0x92,0x94,0x79,0xCE,0x79,0xCE,0x76,0xB5,0x92,0x94,0xE3,0x18,0x00,0x00,0x00,0x00,0x00,0x00,0x00,0x00,0x00,0x00,0x00,0x00,0x00,0x00,0x00,0x00,0x00,0x00,0x00,0x00,0x00,0x00,0x00,0x00,0x00,0x00,
	0x00,0x00,0x00,0x00,0x00,0x00,0x00,0x00,0x00,0x00,0x00,0x00,0x00,0x00,0x00,0x00,0x00,0x00,0x00,0x00,0x00,0x00,0x00,0x00,0x00,0x00,0x00,0x00,0x00,0x00,0x76,0xB5,0xFF,0xFF,0xFF,0xFF,0xFF,0xFF,0xFF,0xFF,0xFF,0xFF,0xFF,0xFF,0xFF,0xFF,0xFF,0xFF,0xFF,0xFF,0xFF,0xFF,0xFF,0xFF,0xFF,0xFF,0xFF,0xFF,0x76,0xB5,0xE3,0x18,0x00,0x00,
	0x41,0x08,0x79,0xCE,0xFF,0xFF,0xFF,0xFF,0xFF,0xFF,0xFF,0xFF,0xFF,0xFF,0xFF,0xFF,0xFF,0xFF,0xFF,0xFF,0xFF,0xFF,0xFF,0xFF,0xFF,0xFF,0xFF,0xFF,0x79,0xCE,0x6D,0x6B,0xE3,0x18,0x41,0x08,0x00,0x00,0x00,0x00,0x00,0x00,0x00,0x00,0x76,0xB5,0xFF,0xFF,0xFF,0xFF,0xFF,0xFF,0x79,0xCE,0x65,0x29,0x00,0x00,0x00,0x00,0x00,0x00,0x00,0x00,
	0x00,0x00,0x00,0x00,0x00,0x00,0x00,0x00,0x00,0x00,0x00,0x00,0x00,0x00,0x00,0x00,0x00,0x00,0x00,0x00,0x00,0x00,0x00,0x00,0x00,0x00,0x00,0x00,0x00,0x00,0x00,0x00,0x00,0x00,0x00,0x00,0x00,0x00,0x00,0x00,0x00,0x00,0x00,0x00,0x00,0x00,0x00,0x00,0x92,0x94,0xFF,0xFF,0xFF,0xFF,0xFF,0xFF,0xFF,0xFF,0xFF,0xFF,0xFF,0xFF,0xFF,0xFF,
	0xFF,0xFF,0xFF,0xFF,0xFF,0xFF,0xFF,0xFF,0xFF,0xFF,0xBE,0xF7,0x76,0xB5,0xE3,0x18,0x00,0x00,0x41,0x08,0x76,0xB5,0xFF,0xFF,0xFF,0xFF,0xFF,0xFF,0xFF,0xFF,0xFF,0xFF,0xFF,0xFF,0xFF,0xFF,0xFF,0xFF,0xFF,0xFF,0xFF,0xFF,0xFF,0xFF,0xFF,0xFF,0xFF,0xFF,0x79,0xCE,0x92,0x94,0x65,0x29,0x00,0x00,0x00,0x00,0x00,0x00,0x00,0x00,0x76,0xB5,
	0xFF,0xFF,0xFF,0xFF,0xBE,0xF7,0x76,0xB5,0x65,0x29,0x00,0x00,0x00,0x00,0x00,0x00,0x00,0x00,0x00,0x00,0x00,0x00,0x00,0x00,0x00,0x00,0x00,0x00,0x00,0x00,0x00,0x00,0x00,0x00,0x00,0x00,0x00,0x00,0x00,0x00,0x00,0x00,0x00,0x00,0x00,0x00,0x00,0x00,0x00,0x00,0x00,0x00,0x00,0x00,0x00,0x00,0x00,0x00,0x00,0x00,0x00,0x00,0x00,0x00,
	0x00,0x00,0x92,0x94,0xFF,0xFF,0xFF,0xFF,0x3D,0xEF,0x76,0xB5,0x92,0x94,0x6D,0x6B,0x6D,0x6B,0x6D,0x6B,0x6D,0x6B,0x6D,0x6B,0x6D,0x6B,0x6D,0x6B,0x6D,0x6B,0x08,0x42,0x41,0x08,0x00,0x00,0x41,0x08,0x76,0xB5,0xFF,0xFF,0xFF,0xFF,0x3D,0xEF,0x76,0xB5,0x6D,0x6B,0x6D,0x6B,0x6D,0x6B,0x6D,0x6B,0x6D,0x6B,0x76,0xB5,0x79,0xCE,0xFF,0xFF,
	0xFF,0xFF,0xBE,0xF7,0x79,0xCE,0x6D,0x6B,0x00,0x00,0x00,0x00,0x00,0x00,0x00,0x00,0x76,0xB5,0xFF,0xFF,0xFF,0xFF,0xBE,0xF7,0x76,0xB5,0x65,0x29,0x00,0x00,0x00,0x00,0x00,0x00,0x00,0x00,0x00,0x00,0x00,0x00,0x00,0x00,0x00,0x00,0x00,0x00,0x00,0x00,0x00,0x00,0x00,0x00,0x00,0x00,0x00,0x00,0x00,0x00,0x00,0x00,0x00,0x00,0x00,0x00,
	0x00,0x00,0x00,0x00,0x00,0x00,0x00,0x00,0x00,0x00,0x00,0x00,0x00,0x00,0x00,0x00,0x00,0x00,0x00,0x00,0x92,0x94,0xFF,0xFF,0xFF,0xFF,0x79,0xCE,0x6D,0x6B,0x82,0x10,0x00,0x00,0x00,0x00,0x00,0x00,0x00,0x00,0x00,0x00,0x00,0x00,0x00,0x00,0x00,0x00,0x00,0x00,0x00,0x00,0x00,0x00,0x41,0x08,0x76,0xB5,0xFF,0xFF,0xFF,0xFF,0x79,0xCE,
	0x6D,0x6B,0x41,0x08,0x00,0x00,0x00,0x00,0x00,0x00,0x00,0x00,0x08,0x42,0x92,0x94,0x3D,0xEF,0xFF,0xFF,0xFF,0xFF,0xFF,0xFF,0x92,0x94,0x00,0x00,0x00,0x00,0x00,0x00,0x00,0x00,0x76,0xB5,0xFF,0xFF,0xFF,0xFF,0xBE,0xF7,0x76,0xB5,0x65,0x29,0x00,0x00,0x00,0x00,0x00,0x00,0x00,0x00,0x00,0x00,0x00,0x00,0x00,0x00,0x00,0x00,0x00,0x00,
	0x00,0x00,0x00,0x00,0x00,0x00,0x00,0x00,0x00,0x00,0x00,0x00,0x00,0x00,0x00,0x00,0x00,0x00,0x00,0x00,0x00,0x00,0x00,0x00,0x00,0x00,0x00,0x00,0x00,0x00,0x00,0x00,0x00,0x00,0x00,0x00,0x00,0x00,0x92,0x94,0xFF,0xFF,0xFF,0xFF,0x79,0xCE,0x6D,0x6B,0xE3,0x18,0x00,0x00,0x00,0x00,0x00,0x00,0x00,0x00,0x00,0x00,0x00,0x00,0x00,0x00,
	0x00,0x00,0x00,0x00,0x00,0x00,0x00,0x00,0x41,0x08,0x76,0xB5,0xFF,0xFF,0xFF,0xFF,0x79,0xCE,0x6D,0x6B,0x82,0x10,0x00,0x00,0x00,0x00,0x00,0x00,0x00,0x00,0x41,0x08,0x08,0x42,0x76,0xB5,0x3D,0xEF,0xFF,0xFF,0xFF,0xFF,0x92,0x94,0xE3,0x18,0x00,0x00,0x00,0x00,0x00,0x00,0x76,0xB5,0xFF,0xFF,0xFF,0xFF,0xBE,0xF7,0x76,0xB5,0x65,0x29,
	0x00,0x00,0x00,0x00,0x00,0x00,0x00,0x00,0x00,0x00,0x00,0x00,0x00,0x00,0x00,0x00,0x00,0x00,0x00,0x00,0x00,0x00,0x00,0x00,0x00,0x00,0x00,0x00,0x00,0x00,0x00,0x00,0x00,0x00,0x00,0x00,0x00,0x00,0x00,0x00,0x00,0x00,0x00,0x00,0x00,0x00,0x00,0x00,0x00,0x00,0x00,0x00,0x00,0x00,0x00,0x00,0x92,0x94,0xFF,0xFF,0xFF,0xFF,0x79,0xCE,
	0x6D,0x6B,0xE3,0x18,0x00,0x00,0x00,0x00,0x00,0x00,0x00,0x00,0x00,0x00,0x00,0x00,0x00,0x00,0x00,0x00,0x00,0x00,0x00,0x00,0x00,0x00,0x41,0x08,0x76,0xB5,0xFF,0xFF,0xFF,0xFF,0x79,0xCE,0x6D,0x6B,0x82,0x10,0x00,0x00,0x00,0x00,0x00,0x00,0x00,0x00,0x00,0x00,0xE3,0x18,0x6D,0x6B,0x3D,0xEF,0xFF,0xFF,0xFF,0xFF,0x76,0xB5,0x08,0x42,
	0x41,0x08,0x00,0x00,0x00,0x00,0x76,0xB5,0xFF,0xFF,0xFF,0xFF,0xBE,0xF7,0x76,0xB5,0x65,0x29,0x00,0x00,0x00,0x00,0x00,0x00,0x00,0x00,0x00,0x00,0x00,0x00,0x00,0x00,0x00,0x00,0x00,0x00,0x00,0x00,0x00,0x00,0x00,0x00,0x00,0x00,0x00,0x00,0x00,0x00,0x00,0x00,0x00,0x00,0x00,0x00,0x00,0x00,0x00,0x00,0x00,0x00,0x00,0x00,0x00,0x00,
	0x00,0x00,0x00,0x00,0x00,0x00,0x00,0x00,0x00,0x00,0x92,0x94,0xFF,0xFF,0xFF,0xFF,0x79,0xCE,0x6D,0x6B,0xE3,0x18,0x00,0x00,0x00,0x00,0x00,0x00,0x00,0x00,0x00,0x00,0x00,0x00,0x00,0x00,0x00,0x00,0x00,0x00,0x00,0x00,0x00,0x00,0x41,0x08,0x76,0xB5,0xFF,0xFF,0xFF,0xFF,0x79,0xCE,0x6D,0x6B,0x82,0x10,0x00,0x00,0x00,0x00,0x00,0x00,
	0x00,0x00,0x00,0x00,0x82,0x10,0x08,0x42,0x79,0xCE,0xFF,0xFF,0xFF,0xFF,0x76,0xB5,0x6D,0x6B,0x82,0x10,0x00,0x00,0x00,0x00,0x76,0xB5,0xFF,0xFF,0xFF,0xFF,0xBE,0xF7,0x76,0xB5,0x65,0x29,0x00,0x00,0x00,0x00,0x00,0x00,0x00,0x00,0x00,0x00,0x00,0x00,0x00,0x00,0x00,0x00,0x00,0x00,0x00,0x00,0x00,0x00,0x00,0x00,0x00,0x00,0x00,0x00,
	0x00,0x00,0x00,0x00,0x00,0x00,0x00,0x00,0x00,0x00,0x00,0x00,0x00,0x00,0x00,0x00,0x00,0x00,0x00,0x00,0x00,0x00,0x00,0x00,0x00,0x00,0x00,0x00,0x92,0x94,0xFF,0xFF,0xFF,0xFF,0x79,0xCE,0x6D,0x6B,0x82,0x10,0x00,0x00,0x00,0x00,0x00,0x00,0x00,0x00,0x00,0x00,0x00,0x00,0x00,0x00,0x00,0x00,0x00,0x00,0x00,0x00,0x00,0x00,0x41,0x08,
	0x76,0xB5,0xFF,0xFF,0xFF,0xFF,0x79,0xCE,0x6D,0x6B,0x82,0x10,0x00,0x00,0x00,0x00,0x00,0x00,0x00,0x00,0x00,0x00,0xE3,0x18,0x6D,0x6B,0x3D,0xEF,0xFF,0xFF,0xFF,0xFF,0x76,0xB5,0x08,0x42,0x41,0x08,0x00,0x00,0x00,0x00,0x76,0xB5,0xFF,0xFF,0xFF,0xFF,0xBE,0xF7,0x76,0xB5,0x65,0x29,0x00,0x00,0x00,0x00,0x00,0x00,0x00,0x00,0x00,0x00,
	0x00,0x00,0x00,0x00,0x00,0x00,0x00,0x00,0x00,0x00,0x00,0x00,0x00,0x00,0x00,0x00,0x00,0x00,0x00,0x00,0x00,0x00,0x00,0x00,0x00,0x00,0x00,0x00,0x00,0x00,0x00,0x00,0x00,0x00,0x00,0x00,0x00,0x00,0x00,0x00,0x00,0x00,0x00,0x00,0x00,0x00,0x92,0x94,0xFF,0xFF,0xFF,0xFF,0x79,0xCE,0x92,0x94,0x08,0x42,0x65,0x29,0x65,0x29,0x65,0x29,
	0x65,0x29,0x65,0x29,0x65,0x29,0x65,0x29,0xE3,0x18,0x82,0x10,0x00,0x00,0x00,0x00,0x41,0x08,0x76,0xB5,0xFF,0xFF,0xFF,0xFF,0x79,0xCE,0x6D,0x6B,0x82,0x10,0x00,0x00,0x00,0x00,0x00,0x00,0x00,0x00,0x82,0x10,0x6D,0x6B,0x76,0xB5,0x3D,0xEF,0xFF,0xFF,0xFF,0xFF,0x92,0x94,0xE3,0x18,0x00,0x00,0x00,0x00,0x00,0x00,0x76,0xB5,0xFF,0xFF,
	0xFF,0xFF,0xBE,0xF7,0x76,0xB5,0x65,0x29,0x00,0x00,0x00,0x00,0x00,0x00,0x00,0x00,0x00,0x00,0x00,0x00,0x00,0x00,0x00,0x00,0x00,0x00,0x00,0x00,0x00,0x00,0x00,0x00,0x00,0x00,0x00,0x00,0x00,0x00,0x00,0x00,0x00,0x00,0x00,0x00,0x00,0x00,0x00,0x00,0x00,0x00,0x00,0x00,0x00,0x00,0x00,0x00,0x00,0x00,0x00,0x00,0x00,0x00,0x00,0x00,
	0x92,0x94,0xFF,0xFF,0xFF,0xFF,0xBE,0xF7,0x79,0xCE,0x76,0xB5,0x76,0xB5,0x76,0xB5,0x76,0xB5,0x76,0xB5,0x76,0xB5,0x76,0xB5,0x76,0xB5,0x6D,0x6B,0x08,0x42,0x41,0x08,0x00,0x00,0x41,0x08,0x76,0xB5,0xFF,0xFF,0xFF,0xFF,0x79,0xCE,0x6D,0x6B,0x41,0x08,0x00,0x00,0x00,0x00,0x00,0x00,0xE3,0x18,0x6D,0x6B,0x76,0xB5,0xBE,0xF7,0xFF,0xFF,
	0xFF,0xFF,0xFF,0xFF,0x6D,0x6B,0x00,0x00,0x00,0x00,0x00,0x00,0x00,0x00,0x76,0xB5,0xFF,0xFF,0xFF,0xFF,0xBE,0xF7,0x76,0xB5,0x65,0x29,0x00,0x00,0x00,0x00,0x00,0x00,0x00,0x00,0x00,0x00,0x00,0x00,0x00,0x00,0x00,0x00,0x00,0x00,0x00,0x00,0x00,0x00,0x00,0x00,0x00,0x00,0x00,0x00,0x00,0x00,0x00,0x00,0x00,0x00,0x00,0x00,0x00,0x00,
	0x00,0x00,0x00,0x00,0x00,0x00,0x00,0x00,0x00,0x00,0x00,0x00,0x00,0x00,0x00,0x00,0x00,0x00,0x92,0x94,0xFF,0xFF,0xFF,0xFF,0xFF,0xFF,0xFF,0xFF,0xBE,0xF7,0xBE,0xF7,0xBE,0xF7,0xBE,0xF7,0xBE,0xF7,0xBE,0xF7,0xBE,0xF7,0xBE,0xF7,0x76,0xB5,0x6D,0x6B,0x41,0x08,0x00,0x00,0x41,0x08,0x76,0xB5,0xFF,0xFF,0xFF,0xFF,0x3D,0xEF,0x76,0xB5,
	0x92,0x94,0x6D,0x6B,0x6D,0x6B,0x92,0x94,0x92,0x94,0x79,0xCE,0x3D,0xEF,0xFF,0xFF,0xFF,0xFF,0xFF,0xFF,0x79,0xCE,0x08,0x42,0x00,0x00,0x00,0x00,0x00,0x00,0x00,0x00,0x76,0xB5,0xFF,0xFF,0xFF,0xFF,0xBE,0xF7,0x76,0xB5,0x65,0x29,0x00,0x00,0x00,0x00,0x00,0x00,0x00,0x00,0x00,0x00,0x00,0x00,0x00,0x00,0x00,0x00,0x00,0x00,0x00,0x00,
	0x00,0x00,0x00,0x00,0x00,0x00,0x00,0x00,0x00,0x00,0x00,0x00,0x00,0x00,0x00,0x00,0x00,0x00,0x00,0x00,0x00,0x00,0x00,0x00,0x00,0x00,0x00,0x00,0x00,0x00,0x00,0x00,0x00,0x00,0x00,0x00,0x92,0x94,0xFF,0xFF,0xFF,0xFF,0xFF,0xFF,0xFF,0xFF,0xBE,0xF7,0xBE,0xF7,0xBE,0xF7,0xBE,0xF7,0xBE,0xF7,0xBE,0xF7,0xBE,0xF7,0xBE,0xF7,0x76,0xB5,
	0x6D,0x6B,0x82,0x10,0x00,0x00,0x41,0x08,0x76,0xB5,0xFF,0xFF,0xFF,0xFF,0xFF,0xFF,0xFF,0xFF,0xFF,0xFF,0xFF,0xFF,0xFF,0xFF,0xFF,0xFF,0xFF,0xFF,0xFF,0xFF,0xFF,0xFF,0xFF,0xFF,0xBE,0xF7,0x79,0xCE,0x6D,0x6B,0x65,0x29,0x00,0x00,0x00,0x00,0x00,0x00,0x00,0x00,0x76,0xB5,0xFF,0xFF,0xFF,0xFF,0xBE,0xF7,0x76,0xB5,0x65,0x29,0x00,0x00,
	0x00,0x00,0x00,0x00,0x00,0x00,0x00,0x00,0x00,0x00,0x00,0x00,0x00,0x00,0x00,0x00,0x00,0x00,0x00,0x00,0x00,0x00,0x00,0x00,0x00,0x00,0x00,0x00,0x00,0x00,0x00,0x00,0x00,0x00,0x00,0x00,0x00,0x00,0x00,0x00,0x00,0x00,0x00,0x00,0x00,0x00,0x00,0x00,0x00,0x00,0x00,0x00,0x00,0x00,0x92,0x94,0xFF,0xFF,0xFF,0xFF,0xBE,0xF7,0x79,0xCE,
	0x76,0xB5,0x76,0xB5,0x76,0xB5,0x76,0xB5,0x76,0xB5,0x76,0xB5,0x76,0xB5,0x76,0xB5,0x6D,0x6B,0x08,0x42,0x41,0x08,0x00,0x00,0x41,0x08,0x76,0xB5,0xFF,0xFF,0xFF,0xFF,0xFF,0xFF,0xFF,0xFF,0xFF,0xFF,0xFF,0xFF,0xFF,0xFF,0xFF,0xFF,0xFF,0xFF,0xFF,0xFF,0xFF,0xFF,0x3D,0xEF,0x76,0xB5,0x6D,0x6B,0xE3,0x18,0x41,0x08,0x00,0x00,0x00,0x00,
	0x00,0x00,0x00,0x00,0x76,0xB5,0xFF,0xFF,0xFF,0xFF,0xBE,0xF7,0x76,0xB5,0x65,0x29,0x00,0x00,0x00,0x00,0x00,0x00,0x00,0x00,0x00,0x00,0x00,0x00,0x00,0x00,0x00,0x00,0x00,0x00,0x00,0x00,0x00,0x00,0x00,0x00,0x00,0x00,0x00,0x00,0x00,0x00,0x00,0x00,0x00,0x00,0x00,0x00,0x00,0x00,0x00,0x00,0x00,0x00,0x00,0x00,0x00,0x00,0x00,0x00,
	0x00,0x00,0x00,0x00,0x00,0x00,0x00,0x00,0x92,0x94,0xFF,0xFF,0xFF,0xFF,0x3D,0xEF,0x76,0xB5,0x6D,0x6B,0x08,0x42,0x08,0x42,0x08,0x42,0x08,0x42,0x08,0x42,0x08,0x42,0x08,0x42,0x08,0x42,0xE3,0x18,0x00,0x00,0x00,0x00,0x41,0x08,0x76,0xB5,0xFF,0xFF,0xFF,0xFF,0x3D,0xEF,0x79,0xCE,0x76,0xB5,0x76,0xB5,0x3D,0xEF,0xBE,0xF7,0xFF,0xFF,
	0xFF,0xFF,0x3D,0xEF,0x76,0xB5,0x6D,0x6B,0x65,0x29,0x00,0x00,0x00,0x00,0x00,0x00,0x00,0x00,0x00,0x00,0x00,0x00,0x76,0xB5,0xFF,0xFF,0xFF,0xFF,0xBE,0xF7,0x76,0xB5,0x65,0x29,0x00,0x00,0x00,0x00,0x00,0x00,0x00,0x00,0x00,0x00,0x00,0x00,0x00,0x00,0x00,0x00,0x00,0x00,0x00,0x00,0x00,0x00,0x00,0x00,0x00,0x00,0x00,0x00,0x00,0x00,
	0x00,0x00,0x00,0x00,0x00,0x00,0x00,0x00,0x00,0x00,0x00,0x00,0x00,0x00,0x00,0x00,0x00,0x00,0x00,0x00,0x00,0x00,0x00,0x00,0x00,0x00,0x92,0x94,0xFF,0xFF,0xFF,0xFF,0x79,0xCE,0x6D,0x6B,0xE3,0x18,0x00,0x00,0x00,0x00,0x00,0x00,0x00,0x00,0x00,0x00,0x00,0x00,0x00,0x00,0x00,0x00,0x00,0x00,0x00,0x00,0x00,0x00,0x41,0x08,0x76,0xB5,
	0xFF,0xFF,0xFF,0xFF,0x79,0xCE,0x6D,0x6B,0x41,0x08,0x65,0x29,0x92,0x94,0x3D,0xEF,0xFF,0xFF,0xFF,0xFF,0x79,0xCE,0x6D,0x6B,0xE3,0x18,0x00,0x00,0x00,0x00,0x00,0x00,0x00,0x00,0x00,0x00,0x00,0x00,0x00,0x00,0x76,0xB5,0xFF,0xFF,0xFF,0xFF,0xBE,0xF7,0x76,0xB5,0x65,0x29,0x00,0x00,0x00,0x00,0x00,0x00,0x00,0x00,0x00,0x00,0x00,0x00,
	0x00,0x00,0x00,0x00,0x00,0x00,0x00,0x00,0x00,0x00,0x00,0x00,0x00,0x00,0x00,0x00,0x00,0x00,0x00,0x00,0x00,0x00,0x00,0x00,0x00,0x00,0x00,0x00,0x00,0x00,0x00,0x00,0x00,0x00,0x00,0x00,0x00,0x00,0x00,0x00,0x00,0x00,0x00,0x00,0x92,0x94,0xFF,0xFF,0xFF,0xFF,0x79,0xCE,0x6D,0x6B,0xE3,0x18,0x00,0x00,0x00,0x00,0x00,0x00,0x00,0x00,
	0x00,0x00,0x00,0x00,0x00,0x00,0x00,0x00,0x00,0x00,0x00,0x00,0x00,0x00,0x41,0x08,0x76,0xB5,0xFF,0xFF,0xFF,0xFF,0x79,0xCE,0x6D,0x6B,0x00,0x00,0x00,0x00,0x08,0x42,0x76,0xB5,0xFF,0xFF,0xFF,0xFF,0x3D,0xEF,0x76,0xB5,0x08,0x42,0x00,0x00,0x00,0x00,0x00,0x00,0x00,0x00,0x00,0x00,0x00,0x00,0x00,0x00,0x76,0xB5,0xFF,0xFF,0xFF,0xFF,
	0xBE,0xF7,0x76,0xB5,0x65,0x29,0x00,0x00,0x00,0x00,0x00,0x00,0x00,0x00,0x00,0x00,0x00,0x00,0x00,0x00,0x00,0x00,0x00,0x00,0x00,0x00,0x00,0x00,0x00,0x00,0x00,0x00,0x00,0x00,0x00,0x00,0x00,0x00,0x00,0x00,0x00,0x00,0x00,0x00,0x00,0x00,0x00,0x00,0x00,0x00,0x00,0x00,0x00,0x00,0x00,0x00,0x00,0x00,0x00,0x00,0x00,0x00,0x92,0x94,
	0xFF,0xFF,0xFF,0xFF,0x79,0xCE,0x6D,0x6B,0xE3,0x18,0x00,0x00,0x00,0x00,0x00,0x00,0x00,0x00,0x00,0x00,0x00,0x00,0x00,0x00,0x00,0x00,0x00,0x00,0x00,0x00,0x00,0x00,0x41,0x08,0x76,0xB5,0xFF,0xFF,0xFF,0xFF,0x79,0xCE,0x6D,0x6B,0x82,0x10,0x00,0x00,0x00,0x00,0x6D,0x6B,0x3D,0xEF,0xFF,0xFF,0xFF,0xFF,0xFF,0xFF,0x92,0x94,0x65,0x29,
	0x00,0x00,0x00,0x00,0x00,0x00,0x00,0x00,0x00,0x00,0x00,0x00,0x76,0xB5,0xFF,0xFF,0xFF,0xFF,0xBE,0xF7,0x76,0xB5,0x65,0x29,0x00,0x00,0x00,0x00,0x00,0x00,0x00,0x00,0x00,0x00,0x00,0x00,0x00,0x00,0x00,0x00,0x00,0x00,0x00,0x00,0x00,0x00,0x00,0x00,0x00,0x00,0x00,0x00,0x00,0x00,0x00,0x00,0x00,0x00,0x00,0x00,0x00,0x00,0x00,0x00,
	0x00,0x00,0x00,0x00,0x00,0x00,0x00,0x00,0x00,0x00,0x00,0x00,0x00,0x00,0x00,0x00,0x92,0x94,0xFF,0xFF,0xFF,0xFF,0x79,0xCE,0x6D,0x6B,0xE3,0x18,0x00,0x00,0x00,0x00,0x00,0x00,0x00,0x00,0x00,0x00,0x00,0x00,0x00,0x00,0x00,0x00,0x00,0x00,0x00,0x00,0x00,0x00,0x41,0x08,0x76,0xB5,0xFF,0xFF,0xFF,0xFF,0x79,0xCE,0x6D,0x6B,0x82,0x10,
	0x00,0x00,0x00,0x00,0x65,0x29,0x6D,0x6B,0xBE,0xF7,0xFF,0xFF,0xFF,0xFF,0x3D,0xEF,0x92,0x94,0x82,0x10,0x00,0x00,0x00,0x00,0x00,0x00,0x00,0x00,0x00,0x00,0x76,0xB5,0xFF,0xFF,0xFF,0xFF,0xBE,0xF7,0x76,0xB5,0x65,0x29,0x00,0x00,0x00,0x00,0x00,0x00,0x00,0x00,0x00,0x00,0x00,0x00,0x00,0x00,0x00,0x00,0x00,0x00,0x00,0x00,0x00,0x00,
	0x00,0x00,0x00,0x00,0x00,0x00,0x00,0x00,0x00,0x00,0x00,0x00,0x00,0x00,0x00,0x00,0x00,0x00,0x00,0x00,0x00,0x00,0x00,0x00,0x00,0x00,0x00,0x00,0x00,0x00,0x00,0x00,0x00,0x00,0x92,0x94,0xFF,0xFF,0xFF,0xFF,0x79,0xCE,0x6D,0x6B,0xE3,0x18,0x00,0x00,0x00,0x00,0x00,0x00,0x00,0x00,0x00,0x00,0x00,0x00,0x00,0x00,0x00,0x00,0x00,0x00,
	0x00,0x00,0x00,0x00,0x41,0x08,0x76,0xB5,0xFF,0xFF,0xFF,0xFF,0x79,0xCE,0x6D,0x6B,0x82,0x10,0x00,0x00,0x00,0x00,0x41,0x08,0x08,0x42,0x79,0xCE,0x3D,0xEF,0xFF,0xFF,0xFF,0xFF,0x79,0xCE,0x08,0x42,0x82,0x10,0x00,0x00,0x00,0x00,0x00,0x00,0x00,0x00,0x76,0xB5,0xFF,0xFF,0xFF,0xFF,0xBE,0xF7,0x76,0xB5,0x65,0x29,0x00,0x00,0x00,0x00,
	0x00,0x00,0x00,0x00,0x00,0x00,0x00,0x00,0x00,0x00,0x00,0x00,0x00,0x00,0x00,0x00,0x00,0x00,0x00,0x00,0x00,0x00,0x00,0x00,0x00,0x00,0x00,0x00,0x00,0x00,0x00,0x00,0x00,0x00,0x00,0x00,0x00,0x00,0x00,0x00,0x00,0x00,0x00,0x00,0x00,0x00,0x00,0x00,0x00,0x00,0x00,0x00,0x92,0x94,0xFF,0xFF,0xFF,0xFF,0x79,0xCE,0x6D,0x6B,0xE3,0x18,
	0x00,0x00,0x00,0x00,0x00,0x00,0x00,0x00,0x00,0x00,0x00,0x00,0x00,0x00,0x00,0x00,0x00,0x00,0x00,0x00,0x00,0x00,0x41,0x08,0x76,0xB5,0xFF,0xFF,0xFF,0xFF,0x79,0xCE,0x6D,0x6B,0x82,0x10,0x00,0x00,0x00,0x00,0x00,0x00,0x82,0x10,0x6D,0x6B,0x79,0xCE,0xFF,0xFF,0xFF,0xFF,0x3D,0xEF,0x76,0xB5,0x08,0x42,0x00,0x00,0x00,0x00,0x00,0x00,
	0x00,0x00,0x76,0xB5,0xFF,0xFF,0xFF,0xFF,0xBE,0xF7,0x76,0xB5,0x65,0x29,0x00,0x00,0x00,0x00,0x00,0x00,0x00,0x00,0x00,0x00,0x00,0x00,0x00,0x00,0x00,0x00,0x00,0x00,0x00,0x00,0x00,0x00,0x00,0x00,0x00,0x00,0x00,0x00,0x00,0x00,0x00,0x00,0x00,0x00,0x00,0x00,0x00,0x00,0x00,0x00,0x00,0x00,0x00,0x00,0x00,0x00,0x00,0x00,0x00,0x00,
	0x00,0x00,0x00,0x00,0x00,0x00,0x92,0x94,0xFF,0xFF,0xFF,0xFF,0x79,0xCE,0x6D,0x6B,0xE3,0x18,0x00,0x00,0x00,0x00,0x00,0x00,0x00,0x00,0x00,0x00,0x00,0x00,0x00,0x00,0x00,0x00,0x00,0x00,0x00,0x00,0x00,0x00,0x41,0x08,0x76,0xB5,0xFF,0xFF,0xFF,0xFF,0x79,0xCE,0x6D,0x6B,0x82,0x10,0x00,0x00,0x00,0x00,0x00,0x00,0x00,0x00,0xE3,0x18,
	0x92,0x94,0xFF,0xFF,0xFF,0xFF,0xFF,0xFF,0x3D,0xEF,0x92,0x94,0xE3,0x18,0x00,0x00,0x00,0x00,0x00,0x00,0x76,0xB5,0xFF,0xFF,0xFF,0xFF,0xBE,0xF7,0x76,0xB5,0x65,0x29,0x00,0x00,0x00,0x00,0x00,0x00,0x00,0x00,0x00,0x00,0x00,0x00,0x00,0x00,0x00,0x00,0x00,0x00,0x00,0x00,0x00,0x00,0x00,0x00,0x00,0x00,0x00,0x00,0x00,0x00,0x00,0x00,
	0x00,0x00,0x00,0x00,0x00,0x00,0x00,0x00,0x00,0x00,0x00,0x00,0x00,0x00,0x00,0x00,0x00,0x00,0x00,0x00,0x00,0x00,0x00,0x00,0x92,0x94,0xFF,0xFF,0xFF,0xFF,0x79,0xCE,0x6D,0x6B,0xE3,0x18,0x00,0x00,0x00,0x00,0x00,0x00,0x00,0x00,0x00,0x00,0x00,0x00,0x00,0x00,0x00,0x00,0x00,0x00,0x00,0x00,0x00,0x00,0x41,0x08,0x79,0xCE,0xFF,0xFF,
	0xFF,0xFF,0x79,0xCE,0x6D,0x6B,0x82,0x10,0x00,0x00,0x00,0x00,0x00,0x00,0x00,0x00,0x00,0x00,0x08,0x42,0x79,0xCE,0xBE,0xF7,0xFF,0xFF,0xFF,0xFF,0x79,0xCE,0x6D,0x6B,0xE3,0x18,0x00,0x00,0x00,0x00,0x76,0xB5,0xFF,0xFF,0xFF,0xFF,0xBE,0xF7,0x76,0xB5,0x65,0x29,0x00,0x00,0x00,0x00,0x00,0x00,0x00,0x00,0x00,0x00,0x00,0x00,0x00,0x00,
	0x00,0x00,0x00,0x00,0x00,0x00,0x00,0x00,0x00,0x00,0x00,0x00,0x00,0x00,0x00,0x00,0x00,0x00,0x00,0x00,0x00,0x00,0x00,0x00,0x00,0x00,0x00,0x00,0x00,0x00,0x00,0x00,0x00,0x00,0x00,0x00,0x00,0x00,0x00,0x00,0x00,0x00,0x92,0x94,0xFF,0xFF,0xFF,0xFF,0x79,0xCE,0x6D,0x6B,0xE3,0x18,0x00,0x00,0x00,0x00,0x00,0x00,0x00,0x00,0x00,0x00,
	0x00,0x00,0x00,0x00,0x00,0x00,0x00,0x00,0x00,0x00,0x00,0x00,0x41,0x08,0x76,0xB5,0xFF,0xFF,0xFF,0xFF,0x79,0xCE,0x6D,0x6B,0x82,0x10,0x00,0x00,0x00,0x00,0x00,0x00,0x00,0x00,0x00,0x00,0x82,0x10,0x08,0x42,0x79,0xCE,0xFF,0xFF,0xFF,0xFF,0xFF,0xFF,0x79,0xCE,0x65,0x29,0x00,0x00,0x00,0x00,0x76,0xB5,0xFF,0xFF,0xFF,0xFF,0xBE,0xF7,
	0x76,0xB5,0x65,0x29,0x00,0x00,0x00,0x00,0x00,0x00,0x00,0x00,0x00,0x00,0x00,0x00,0x00,0x00,0x00,0x00,0x00,0x00,0x00,0x00,0x00,0x00,0x00,0x00,0x00,0x00,0x00,0x00,0x00,0x00,0x00,0x00,0x00,0x00,0x00,0x00,0x00,0x00,0x00,0x00,0x00,0x00,0x00,0x00,0x00,0x00,0x00,0x00,0x00,0x00,0x00,0x00,0x00,0x00,0x00,0x00,0x6D,0x6B,0x92,0x94,
	0x92,0x94,0x6D,0x6B,0x08,0x42,0x82,0x10,0x00,0x00,0x00,0x00,0x00,0x00,0x00,0x00,0x00,0x00,0x00,0x00,0x00,0x00,0x00,0x00,0x00,0x00,0x00,0x00,0x00,0x00,0x00,0x00,0x6D,0x6B,0x92,0x94,0x92,0x94,0x6D,0x6B,0x08,0x42,0x41,0x08,0x00,0x00,0x00,0x00,0x00,0x00,0x00,0x00,0x00,0x00,0x00,0x00,0xE3,0x18,0x6D,0x6B,0x92,0x94,0x92,0x94,
	0x92,0x94,0x92,0x94,0x65,0x29,0x00,0x00,0x00,0x00,0x6D,0x6B,0x92,0x94,0x92,0x94,0x92,0x94,0x6D,0x6B,0xE3,0x18,0x00,0x00,0x00,0x00,0x00,0x00,0x00,0x00,0x00,0x00,0x00,0x00,0x00,0x00,0x00,0x00,0x00,0x00,0x00,0x00,0x00,0x00,0x00,0x00,0x00,0x00,0x00,0x00,0x00,0x00,0x00,0x00,0x00,0x00,0x00,0x00,0x00,0x00,0x00,0x00,0x00,0x00,
	0x00,0x00,0x00,0x00,0x00,0x00,0x00,0x00,0x00,0x00,0x00,0x00,0x00,0x00,0xE3,0x18,0x65,0x29,0x65,0x29,0xE3,0x18,0x82,0x10,0x00,0x00,0x00,0x00,0x00,0x00,0x00,0x00,0x00,0x00,0x00,0x00,0x00,0x00,0x00,0x00,0x00,0x00,0x00,0x00,0x00,0x00,0x00,0x00,0x00,0x00,0xE3,0x18,0x65,0x29,0x65,0x29,0xE3,0x18,0x82,0x10,0x00,0x00,0x00,0x00,
	0x00,0x00,0x00,0x00,0x00,0x00,0x00,0x00,0x00,0x00,0x00,0x00,0x82,0x10,0xE3,0x18,0x65,0x29,0x65,0x29,0x65,0x29,0x82,0x10,0x00,0x00,0x00,0x00,0xE3,0x18,0x65,0x29,0x65,0x29,0x65,0x29,0xE3,0x18,0x00,0x00,0x00,0x00,0x00,0x00,0x00,0x00,0x00,0x00,0x00,0x00,0x00,0x00,0x00,0x00,0x00,0x00,0x00,0x00,0x00,0x00,0x00,0x00,0x00,0x00,
	0x00,0x00,0x00,0x00,0x00,0x00,0x00,0x00,0x00,0x00,

	// Alpha Channel 
	0x00,0x00,0x00,0x00,0x00,0x00,0x00,0x00,0x00,0x00,0x00,0x00,0x00,0x00,0x00,0x00,0x00,0x00,0x00,0x00,0x00,0x00,0x00,0x00,0x00,0x00,0xFF,0x00,0x00,0x00,0x00,0x00,0x00,0x00,0x00,0x00,0x00,0x00,0x00,0x00,0x00,0x00,0x00,0x00,0x00,0x00,0x00,0x00,0x00,0x00,0x00,0x00,0x00,0x00,0x00,0xFF,0xFF,0xFF,0xFF,0x00,0x00,0x00,0x00,0x00,
	0x00,0x00,0x00,0x00,0x00,0x00,0x00,0x00,0x00,0x00,0x00,0x00,0x00,0x00,0x00,0x00,0x00,0x00,0x00,0x00,0x00,0xFF,0xFF,0xFF,0xFF,0xFF,0xFF,0xFF,0xFF,0xFF,0xFF,0xFF,0xFF,0xFF,0x00,0x00,0x00,0x00,0xFF,0xFF,0xFF,0xFF,0xFF,0xFF,0xFF,0xFF,0xFF,0xFF,0xFF,0x00,0x00,0x00,0x00,0x00,0x00,0x00,0x00,0x00,0x00,0xFF,0xFF,0xFF,0xFF,0xFF,
	0x00,0x00,0x00,0x00,0x00,0x00,0x00,0x00,0x00,0x00,0x00,0x00,0x00,0x00,0x00,0x00,0x00,0x00,0x00,0x00,0x00,0x00,0x00,0x00,0x00,0x00,0x00,0x00,0x00,0xFF,0xFF,0xFF,0xFF,0xFF,0xFF,0xFF,0xFF,0xFF,0xFF,0xFF,0xFF,0xFF,0xFF,0xFF,0xFF,0x00,0x00,0xFF,0xFF,0xFF,0xFF,0xFF,0xFF,0xFF,0xFF,0xFF,0xFF,0xFF,0xFF,0xFF,0x00,0x00,0x00,0x00,
	0x00,0x00,0x00,0x00,0xFF,0xFF,0xFF,0xFF,0xFF,0xFF,0x00,0x00,0x00,0x00,0x00,0x00,0x00,0x00,0x00,0x00,0x00,0x00,0x00,0x00,0x00,0x00,0x00,0x00,0x00,0x00,0x00,0x00,0x00,0x00,0x00,0x00,0x00,0x00,0xFF,0xFF,0xFF,0xFF,0xFF,0xFF,0xFF,0xFF,0xFF,0xFF,0xFF,0xFF,0xFF,0xFF,0xFF,0xFF,0x00,0xFF,0xFF,0xFF,0xFF,0xFF,0xFF,0xFF,0xFF,0xFF,
	0xFF,0xFF,0xFF,0xFF,0xFF,0xFF,0xFF,0x00,0x00,0x00,0x00,0x00,0x00,0xFF,0xFF,0xFF,0xFF,0xFF,0xFF,0x00,0x00,0x00,0x00,0x00,0x00,0x00,0x00,0x00,0x00,0x00,0x00,0x00,0x00,0x00,0x00,0x00,0x00,0x00,0x00,0x00,0x00,0x00,0x00,0x00,0x00,0x00,0x00,0xFF,0xFF,0xFF,0xFF,0xFF,0xFF,0xFF,0xFF,0xFF,0xFF,0xFF,0xFF,0xFF,0xFF,0xFF,0xFF,0x00,
	0xFF,0xFF,0xFF,0xFF,0xFF,0xFF,0xFF,0xFF,0xFF,0xFF,0xFF,0xFF,0xFF,0xFF,0xFF,0xFF,0xFF,0xFF,0x00,0x00,0x00,0x00,0xFF,0xFF,0xFF,0xFF,0xFF,0xFF,0x00,0x00,0x00,0x00,0x00,0x00,0x00,0x00,0x00,0x00,0x00,0x00,0x00,0x00,0x00,0x00,0x00,0x00,0x00,0x00,0x00,0x00,0x00,0x00,0x00,0x00,0x00,0x00,0xFF,0xFF,0xFF,0xFF,0xFF,0xFF,0xFF,0xFF,
	0xFF,0xFF,0xFF,0xFF,0xFF,0xFF,0xFF,0xFF,0x00,0xFF,0xFF,0xFF,0xFF,0xFF,0xFF,0xFF,0xFF,0xFF,0xFF,0xFF,0xFF,0xFF,0xFF,0xFF,0xFF,0xFF,0xFF,0x00,0x00,0x00,0x00,0xFF,0xFF,0xFF,0xFF,0xFF,0xFF,0x00,0x00,0x00,0x00,0x00,0x00,0x00,0x00,0x00,0x00,0x00,0x00,0x00,0x00,0x00,0x00,0x00,0x00,0x00,0x00,0x00,0x00,0x00,0x00,0x00,0x00,0x00,
	0x00,0xFF,0xFF,0xFF,0xFF,0xFF,0xFF,0xFF,0xFF,0xFF,0xFF,0xFF,0xFF,0xFF,0xFF,0xFF,0xFF,0x00,0xFF,0xFF,0xFF,0xFF,0xFF,0xFF,0xFF,0xFF,0xFF,0xFF,0xFF,0xFF,0xFF,0xFF,0xFF,0xFF,0xFF,0xFF,0x00,0x00,0x00,0x00,0xFF,0xFF,0xFF,0xFF,0xFF,0xFF,0x00,0x00,0x00,0x00,0x00,0x00,0x00,0x00,0x00,0x00,0x00,0x00,0x00,0x00,0x00,0x00,0x00,0x00,
	0x00,0x00,0x00,0x00,0x00,0x00,0x00,0x00,0x00,0x00,0xFF,0xFF,0xFF,0xFF,0xFF,0xFF,0x00,0x00,0x00,0x00,0x00,0x00,0x00,0x00,0x00,0x00,0x00,0xFF,0xFF,0xFF,0xFF,0xFF,0xFF,0xFF,0x00,0x00,0x00,0x00,0xFF,0xFF,0xFF,0xFF,0xFF,0xFF,0xFF,0x00,0x00,0x00,0x00,0xFF,0xFF,0xFF,0xFF,0xFF,0xFF,0x00,0x00,0x00,0x00,0x00,0x00,0x00,0x00,0x00,
	0x00,0x00,0x00,0x00,0x00,0x00,0x00,0x00,0x00,0x00,0x00,0x00,0x00,0x00,0x00,0x00,0x00,0x00,0x00,0xFF,0xFF,0xFF,0xFF,0xFF,0xFF,0x00,0x00,0x00,0x00,0x00,0x00,0x00,0x00,0x00,0x00,0x00,0xFF,0xFF,0xFF,0xFF,0xFF,0xFF,0xFF,0x00,0x00,0x00,0x00,0xFF,0xFF,0xFF,0xFF,0xFF,0xFF,0xFF,0xFF,0x00,0x00,0x00,0xFF,0xFF,0xFF,0xFF,0xFF,0xFF,
	0x00,0x00,0x00,0x00,0x00,0x00,0x00,0x00,0x00,0x00,0x00,0x00,0x00,0x00,0x00,0x00,0x00,0x00,0x00,0x00,0x00,0x00,0x00,0x00,0x00,0x00,0x00,0x00,0xFF,0xFF,0xFF,0xFF,0xFF,0xFF,0x00,0x00,0x00,0x00,0x00,0x00,0x00,0x00,0x00,0x00,0x00,0xFF,0xFF,0xFF,0xFF,0xFF,0xFF,0xFF,0x00,0x00,0x00,0x00,0x00,0xFF,0xFF,0xFF,0xFF,0xFF,0xFF,0xFF,
	0xFF,0x00,0x00,0xFF,0xFF,0xFF,0xFF,0xFF,0xFF,0x00,0x00,0x00,0x00,0x00,0x00,0x00,0x00,0x00,0x00,0x00,0x00,0x00,0x00,0x00,0x00,0x00,0x00,0x00,0x00,0x00,0x00,0x00,0x00,0x00,0x00,0x00,0x00,0xFF,0xFF,0xFF,0xFF,0xFF,0xFF,0x00,0x00,0x00,0x00,0x00,0x00,0x00,0x00,0x00,0x00,0x00,0xFF,0xFF,0xFF,0xFF,0xFF,0xFF,0xFF,0x00,0x00,0x00,
	0x00,0x00,0xFF,0xFF,0xFF,0xFF,0xFF,0xFF,0xFF,0xFF,0x00,0x00,0xFF,0xFF,0xFF,0xFF,0xFF,0xFF,0x00,0x00,0x00,0x00,0x00,0x00,0x00,0x00,0x00,0x00,0x00,0x00,0x00,0x00,0x00,0x00,0x00,0x00,0x00,0x00,0x00,0x00,0x00,0x00,0x00,0x00,0x00,0x00,0xFF,0xFF,0xFF,0xFF,0xFF,0xFF,0x00,0x00,0x00,0x00,0x00,0x00,0x00,0x00,0x00,0x00,0x00,0xFF,
	0xFF,0xFF,0xFF,0xFF,0xFF,0xFF,0x00,0x00,0x00,0x00,0x00,0xFF,0xFF,0xFF,0xFF,0xFF,0xFF,0xFF,0xFF,0x00,0x00,0xFF,0xFF,0xFF,0xFF,0xFF,0xFF,0x00,0x00,0x00,0x00,0x00,0x00,0x00,0x00,0x00,0x00,0x00,0x00,0x00,0x00,0x00,0x00,0x00,0x00,0x00,0x00,0x00,0x00,0x00,0x00,0x00,0x00,0x00,0x00,0xFF,0xFF,0xFF,0xFF,0xFF,0xFF,0xFF,0xFF,0xFF,
	0xFF,0xFF,0xFF,0xFF,0xFF,0xFF,0x00,0x00,0xFF,0xFF,0xFF,0xFF,0xFF,0xFF,0xFF,0x00,0x00,0x00,0x00,0xFF,0xFF,0xFF,0xFF,0xFF,0xFF,0xFF,0xFF,0x00,0x00,0x00,0xFF,0xFF,0xFF,0xFF,0xFF,0xFF,0x00,0x00,0x00,0x00,0x00,0x00,0x00,0x00,0x00,0x00,0x00,0x00,0x00,0x00,0x00,0x00,0x00,0x00,0x00,0x00,0x00,0x00,0x00,0x00,0x00,0x00,0x00,0x00,
	0xFF,0xFF,0xFF,0xFF,0xFF,0xFF,0xFF,0xFF,0xFF,0xFF,0xFF,0xFF,0xFF,0xFF,0xFF,0xFF,0x00,0xFF,0xFF,0xFF,0xFF,0xFF,0xFF,0xFF,0x00,0x00,0x00,0xFF,0xFF,0xFF,0xFF,0xFF,0xFF,0xFF,0xFF,0x00,0x00,0x00,0x00,0xFF,0xFF,0xFF,0xFF,0xFF,0xFF,0x00,0x00,0x00,0x00,0x00,0x00,0x00,0x00,0x00,0x00,0x00,0x00,0x00,0x00,0x00,0x00,0x00,0x00,0x00,
	0x00,0x00,0x00,0x00,0x00,0x00,0x00,0x00,0x00,0xFF,0xFF,0xFF,0xFF,0xFF,0xFF,0xFF,0xFF,0xFF,0xFF,0xFF,0xFF,0xFF,0xFF,0xFF,0xFF,0x00,0xFF,0xFF,0xFF,0xFF,0xFF,0xFF,0xFF,0xFF,0xFF,0xFF,0xFF,0xFF,0xFF,0xFF,0xFF,0xFF,0xFF,0xFF,0x00,0x00,0x00,0x00,0xFF,0xFF,0xFF,0xFF,0xFF,0xFF,0x00,0x00,0x00,0x00,0x00,0x00,0x00,0x00,0x00,0x00,
	0x00,0x00,0x00,0x00,0x00,0x00,0x00,0x00,0x00,0x00,0x00,0x00,0x00,0x00,0x00,0x00,0x00,0x00,0xFF,0xFF,0xFF,0xFF,0xFF,0xFF,0xFF,0xFF,0xFF,0xFF,0xFF,0xFF,0xFF,0xFF,0xFF,0xFF,0x00,0xFF,0xFF,0xFF,0xFF,0xFF,0xFF,0xFF,0xFF,0xFF,0xFF,0xFF,0xFF,0xFF,0xFF,0xFF,0xFF,0xFF,0xFF,0x00,0x00,0x00,0x00,0xFF,0xFF,0xFF,0xFF,0xFF,0xFF,0x00,
	0x00,0x00,0x00,0x00,0x00,0x00,0x00,0x00,0x00,0x00,0x00,0x00,0x00,0x00,0x00,0x00,0x00,0x00,0x00,0x00,0x00,0x00,0x00,0x00,0x00,0x00,0x00,0xFF,0xFF,0xFF,0xFF,0xFF,0xFF,0xFF,0xFF,0xFF,0xFF,0xFF,0xFF,0xFF,0xFF,0xFF,0xFF,0x00,0xFF,0xFF,0xFF,0xFF,0xFF,0xFF,0xFF,0xFF,0xFF,0xFF,0xFF,0xFF,0xFF,0xFF,0xFF,0xFF,0xFF,0xFF,0x00,0x00,
	0x00,0x00,0xFF,0xFF,0xFF,0xFF,0xFF,0xFF,0x00,0x00,0x00,0x00,0x00,0x00,0x00,0x00,0x00,0x00,0x00,0x00,0x00,0x00,0x00,0x00,0x00,0x00,0x00,0x00,0x00,0x00,0x00,0x00,0x00,0x00,0x00,0x00,0xFF,0xFF,0xFF,0xFF,0xFF,0xFF,0xFF,0xFF,0xFF,0xFF,0xFF,0xFF,0xFF,0xFF,0xFF,0x00,0x00,0xFF,0xFF,0xFF,0xFF,0xFF,0xFF,0xFF,0xFF,0xFF,0xFF,0xFF,
	0xFF,0xFF,0xFF,0xFF,0xFF,0x00,0x00,0x00,0x00,0x00,0x00,0xFF,0xFF,0xFF,0xFF,0xFF,0xFF,0x00,0x00,0x00,0x00,0x00,0x00,0x00,0x00,0x00,0x00,0x00,0x00,0x00,0x00,0x00,0x00,0x00,0x00,0x00,0x00,0x00,0x00,0x00,0x00,0x00,0x00,0x00,0x00,0xFF,0xFF,0xFF,0xFF,0xFF,0xFF,0x00,0x00,0x00,0x00,0x00,0x00,0x00,0x00,0x00,0x00,0x00,0xFF,0xFF,
	0xFF,0xFF,0xFF,0xFF,0xFF,0xFF,0xFF,0xFF,0xFF,0xFF,0xFF,0xFF,0xFF,0x00,0x00,0x00,0x00,0x00,0x00,0x00,0xFF,0xFF,0xFF,0xFF,0xFF,0xFF,0x00,0x00,0x00,0x00,0x00,0x00,0x00,0x00,0x00,0x00,0x00,0x00,0x00,0x00,0x00,0x00,0x00,0x00,0x00,0x00,0x00,0x00,0x00,0x00,0x00,0x00,0x00,0x00,0xFF,0xFF,0xFF,0xFF,0xFF,0xFF,0x00,0x00,0x00,0x00,
	0x00,0x00,0x00,0x00,0x00,0x00,0x00,0xFF,0xFF,0xFF,0xFF,0xFF,0xFF,0x00,0x00,0xFF,0xFF,0xFF,0xFF,0xFF,0xFF,0xFF,0x00,0x00,0x00,0x00,0x00,0x00,0x00,0xFF,0xFF,0xFF,0xFF,0xFF,0xFF,0x00,0x00,0x00,0x00,0x00,0x00,0x00,0x00,0x00,0x00,0x00,0x00,0x00,0x00,0x00,0x00,0x00,0x00,0x00,0x00,0x00,0x00,0x00,0x00,0x00,0x00,0x00,0x00,0xFF,
	0xFF,0xFF,0xFF,0xFF,0xFF,0x00,0x00,0x00,0x00,0x00,0x00,0x00,0x00,0x00,0x00,0x00,0xFF,0xFF,0xFF,0xFF,0xFF,0xFF,0xFF,0x00,0x00,0xFF,0xFF,0xFF,0xFF,0xFF,0xFF,0xFF,0x00,0x00,0x00,0x00,0x00,0x00,0xFF,0xFF,0xFF,0xFF,0xFF,0xFF,0x00,0x00,0x00,0x00,0x00,0x00,0x00,0x00,0x00,0x00,0x00,0x00,0x00,0x00,0x00,0x00,0x00,0x00,0x00,0x00,
	0x00,0x00,0x00,0x00,0x00,0x00,0x00,0x00,0xFF,0xFF,0xFF,0xFF,0xFF,0xFF,0x00,0x00,0x00,0x00,0x00,0x00,0x00,0x00,0x00,0x00,0x00,0xFF,0xFF,0xFF,0xFF,0xFF,0xFF,0xFF,0x00,0x00,0xFF,0xFF,0xFF,0xFF,0xFF,0xFF,0xFF,0xFF,0x00,0x00,0x00,0x00,0x00,0xFF,0xFF,0xFF,0xFF,0xFF,0xFF,0x00,0x00,0x00,0x00,0x00,0x00,0x00,0x00,0x00,0x00,0x00,
	0x00,0x00,0x00,0x00,0x00,0x00,0x00,0x00,0x00,0x00,0x00,0x00,0x00,0x00,0x00,0x00,0x00,0xFF,0xFF,0xFF,0xFF,0xFF,0xFF,0x00,0x00,0x00,0x00,0x00,0x00,0x00,0x00,0x00,0x00,0x00,0xFF,0xFF,0xFF,0xFF,0xFF,0xFF,0xFF,0x00,0x00,0xFF,0xFF,0xFF,0xFF,0xFF,0xFF,0xFF,0xFF,0xFF,0x00,0x00,0x00,0x00,0xFF,0xFF,0xFF,0xFF,0xFF,0xFF,0x00,0x00,
	0x00,0x00,0x00,0x00,0x00,0x00,0x00,0x00,0x00,0x00,0x00,0x00,0x00,0x00,0x00,0x00,0x00,0x00,0x00,0x00,0x00,0x00,0x00,0x00,0x00,0x00,0xFF,0xFF,0xFF,0xFF,0xFF,0xFF,0x00,0x00,0x00,0x00,0x00,0x00,0x00,0x00,0x00,0x00,0x00,0xFF,0xFF,0xFF,0xFF,0xFF,0xFF,0xFF,0x00,0x00,0x00,0xFF,0xFF,0xFF,0xFF,0xFF,0xFF,0xFF,0xFF,0x00,0x00,0x00,
	0x00,0xFF,0xFF,0xFF,0xFF,0xFF,0xFF,0x00,0x00,0x00,0x00,0x00,0x00,0x00,0x00,0x00,0x00,0x00,0x00,0x00,0x00,0x00,0x00,0x00,0x00,0x00,0x00,0x00,0x00,0x00,0x00,0x00,0x00,0x00,0x00,0xFF,0xFF,0xFF,0xFF,0xFF,0xFF,0x00,0x00,0x00,0x00,0x00,0x00,0x00,0x00,0x00,0x00,0x00,0xFF,0xFF,0xFF,0xFF,0xFF,0xFF,0xFF,0x00,0x00,0x00,0x00,0xFF,
	0xFF,0xFF,0xFF,0xFF,0xFF,0xFF,0xFF,0x00,0x00,0x00,0xFF,0xFF,0xFF,0xFF,0xFF,0xFF,0x00,0x00,0x00,0x00,0x00,0x00,0x00,0x00,0x00,0x00,0x00,0x00,0x00,0x00,0x00,0x00,0x00,0x00,0x00,0x00,0x00,0x00,0x00,0x00,0x00,0x00,0x00,0x00,0xFF,0xFF,0xFF,0xFF,0xFF,0xFF,0x00,0x00,0x00,0x00,0x00,0x00,0x00,0x00,0x00,0x00,0x00,0xFF,0xFF,0xFF,
	0xFF,0xFF,0xFF,0xFF,0x00,0x00,0x00,0x00,0x00,0xFF,0xFF,0xFF,0xFF,0xFF,0xFF,0xFF,0xFF,0x00,0x00,0xFF,0xFF,0xFF,0xFF,0xFF,0xFF,0x00,0x00,0x00,0x00,0x00,0x00,0x00,0x00,0x00,0x00,0x00,0x00,0x00,0x00,0x00,0x00,0x00,0x00,0x00,0x00,0x00,0x00,0x00,0x00,0x00,0x00,0x00,0x00,0xFF,0xFF,0xFF,0xFF,0xFF,0xFF,0x00,0x00,0x00,0x00,0x00,
	0x00,0x00,0x00,0x00,0x00,0x00,0xFF,0xFF,0xFF,0xFF,0xFF,0xFF,0xFF,0x00,0x00,0x00,0x00,0x00,0xFF,0xFF,0xFF,0xFF,0xFF,0xFF,0xFF,0xFF,0x00,0x00,0xFF,0xFF,0xFF,0xFF,0xFF,0xFF,0x00,0x00,0x00,0x00,0x00,0x00,0x00,0x00,0x00,0x00,0x00,0x00,0x00,0x00,0x00,0x00,0x00,0x00,0x00,0x00,0x00,0x00,0x00,0x00,0x00,0x00,0x00,0x00,0xFF,0xFF,
	0xFF,0xFF,0xFF,0xFF,0x00,0x00,0x00,0x00,0x00,0x00,0x00,0x00,0x00,0x00,0x00,0x00,0xFF,0xFF,0xFF,0xFF,0xFF,0xFF,0x00,0x00,0x00,0x00,0x00,0x00,0xFF,0xFF,0xFF,0xFF,0xFF,0xFF,0xFF,0x00,0x00,0xFF,0xFF,0xFF,0xFF,0xFF,0xFF,0x00,0x00,0x00,0x00,0x00,0x00,0x00,0x00,0x00,0x00,0x00,0x00,0x00,0x00,0x00,0x00,0x00,0x00,0x00,0x00,0x00,
	0x00,0x00,0x00,0x00,0x00,0x00,0x00,0xFF,0xFF,0xFF,0xFF,0xFF,0x00,0x00,0x00,0x00,0x00,0x00,0x00,0x00,0x00,0x00,0x00,0x00,0x00,0xFF,0xFF,0xFF,0xFF,0xFF,0x00,0x00,0x00,0x00,0x00,0x00,0x00,0x00,0xFF,0xFF,0xFF,0xFF,0xFF,0xFF,0x00,0x00,0xFF,0xFF,0xFF,0xFF,0xFF,0x00,0x00,0x00,0x00,0x00,0x00,0x00,0x00,0x00,0x00,0x00,0x00,0x00,
	0x00,0x00,0x00,0x00,0x00,
    };
        


const lv_img_dsc_t face_1891_2_390_dial_img_12_56861_4 = {
    .header.magic = LV_IMAGE_HEADER_MAGIC,
    .header.w = 73,
    .header.h = 29,
    .data_size = sizeof(face_1891_2_390_dial_img_12_56861_data_4),
    .header.cf = LV_COLOR_FORMAT_RGB565A8,
    .data = face_1891_2_390_dial_img_12_56861_data_4};

    
// LVGL 9 format (RGB565) // LVGL_9 compatible 
const LV_ATTRIBUTE_MEM_ALIGN uint8_t face_1891_2_390_dial_img_12_56861_data_5[] = {
	//RGB565 data 
	0x00,0x00,0x00,0x00,0x00,0x00,0x00,0x00,0x00,0x00,0x00,0x00,0x00,0x00,0x00,0x00,0x00,0x00,0x00,0x00,0x00,0x00,0x00,0x00,0x00,0x00,0x00,0x00,0x00,0x00,0x00,0x00,0x00,0x00,0x00,0x00,0x00,0x00,0x00,0x00,0x00,0x00,0x00,0x00,0x00,0x00,0x00,0x00,0x00,0x00,0x00,0x00,0x00,0x00,0x00,0x00,0x00,0x00,0x00,0x00,0x41,0x08,0x41,0x08,
	0x00,0x00,0x00,0x00,0x00,0x00,0x00,0x00,0x00,0x00,0x00,0x00,0x00,0x00,0x00,0x00,0x00,0x00,0x00,0x00,0x00,0x00,0x00,0x00,0x00,0x00,0x41,0x08,0x00,0x00,0x00,0x00,0x00,0x00,0x00,0x00,0x00,0x00,0x00,0x00,0x00,0x00,0x00,0x00,0x00,0x00,0x00,0x00,0x00,0x00,0x00,0x00,0x00,0x00,0x00,0x00,0x00,0x00,0x00,0x00,0x00,0x00,0x00,0x00,
	0x00,0x00,0x00,0x00,0x00,0x00,0x00,0x00,0x00,0x00,0x00,0x00,0x00,0x00,0x00,0x00,0x00,0x00,0x00,0x00,0x00,0x00,0x00,0x00,0x00,0x00,0x00,0x00,0x00,0x00,0x00,0x00,0x00,0x00,0x00,0x00,0x00,0x00,0x00,0x00,0x00,0x00,0x00,0x00,0x82,0x10,0xE3,0x18,0x65,0x29,0x65,0x29,0x65,0x29,0xE3,0x18,0x41,0x08,0x00,0x00,0x00,0x00,0x00,0x00,
	0x00,0x00,0x00,0x00,0x00,0x00,0x00,0x00,0x00,0x00,0x00,0x00,0x00,0x00,0x00,0x00,0x00,0x00,0x00,0x00,0x00,0x00,0x41,0x08,0x82,0x10,0x82,0x10,0x82,0x10,0x82,0x10,0x00,0x00,0x00,0x00,0x00,0x00,0x00,0x00,0x00,0x00,0x00,0x00,0x00,0x00,0x00,0x00,0x00,0x00,0x00,0x00,0x41,0x08,0x41,0x08,0x41,0x08,0x41,0x08,0x41,0x08,0x82,0x10,
	0x82,0x10,0x82,0x10,0x82,0x10,0x82,0x10,0x82,0x10,0x82,0x10,0x82,0x10,0x82,0x10,0x82,0x10,0x82,0x10,0x41,0x08,0x00,0x00,0x00,0x00,0x00,0x00,0x00,0x00,0x00,0x00,0x00,0x00,0x00,0x00,0x00,0x00,0x00,0x00,0x00,0x00,0x00,0x00,0x00,0x00,0x00,0x00,0x00,0x00,0x00,0x00,0x00,0x00,0x00,0x00,0x00,0x00,0xE3,0x18,0x65,0x29,0x08,0x42,
	0x6D,0x6B,0x92,0x94,0x92,0x94,0x6D,0x6B,0x6D,0x6B,0x65,0x29,0x82,0x10,0x00,0x00,0x00,0x00,0x00,0x00,0x00,0x00,0x00,0x00,0x00,0x00,0x00,0x00,0x00,0x00,0x00,0x00,0x00,0x00,0x00,0x00,0x00,0x00,0x41,0x08,0x08,0x42,0x08,0x42,0x08,0x42,0x08,0x42,0x08,0x42,0xE3,0x18,0x00,0x00,0x00,0x00,0x00,0x00,0x00,0x00,0x00,0x00,0x00,0x00,
	0x00,0x00,0x00,0x00,0x82,0x10,0x65,0x29,0x08,0x42,0x08,0x42,0x08,0x42,0x08,0x42,0x08,0x42,0x08,0x42,0x08,0x42,0x08,0x42,0x08,0x42,0x08,0x42,0x08,0x42,0x08,0x42,0x08,0x42,0x08,0x42,0x08,0x42,0x08,0x42,0xE3,0x18,0x00,0x00,0x00,0x00,0x00,0x00,0x00,0x00,0x00,0x00,0x00,0x00,0x00,0x00,0x00,0x00,0x00,0x00,0x00,0x00,0x00,0x00,
	0x00,0x00,0x00,0x00,0x00,0x00,0x00,0x00,0xE3,0x18,0x6D,0x6B,0x76,0xB5,0x79,0xCE,0x79,0xCE,0x79,0xCE,0x3D,0xEF,0x3D,0xEF,0x3D,0xEF,0x79,0xCE,0x79,0xCE,0x76,0xB5,0x65,0x29,0x00,0x00,0x00,0x00,0x00,0x00,0x00,0x00,0x00,0x00,0x00,0x00,0x00,0x00,0x00,0x00,0x00,0x00,0x00,0x00,0x00,0x00,0x65,0x29,0x76,0xB5,0x79,0xCE,0x79,0xCE,
	0x79,0xCE,0x76,0xB5,0x08,0x42,0xE3,0x18,0x00,0x00,0x00,0x00,0x00,0x00,0x00,0x00,0x00,0x00,0x00,0x00,0x00,0x00,0x65,0x29,0x92,0x94,0x79,0xCE,0x79,0xCE,0x79,0xCE,0x79,0xCE,0x79,0xCE,0x79,0xCE,0x79,0xCE,0x79,0xCE,0x79,0xCE,0x79,0xCE,0x79,0xCE,0x79,0xCE,0x79,0xCE,0x79,0xCE,0x79,0xCE,0x76,0xB5,0x08,0x42,0x00,0x00,0x00,0x00,
	0x00,0x00,0x00,0x00,0x00,0x00,0x00,0x00,0x00,0x00,0x00,0x00,0x00,0x00,0x00,0x00,0x00,0x00,0x00,0x00,0x00,0x00,0x00,0x00,0xE3,0x18,0x6D,0x6B,0x79,0xCE,0xBE,0xF7,0xFF,0xFF,0xFF,0xFF,0xFF,0xFF,0xFF,0xFF,0xFF,0xFF,0xFF,0xFF,0xFF,0xFF,0xFF,0xFF,0xBE,0xF7,0x92,0x94,0x65,0x29,0x00,0x00,0x00,0x00,0x00,0x00,0x00,0x00,0x00,0x00,
	0x00,0x00,0x00,0x00,0x00,0x00,0x00,0x00,0x82,0x10,0x08,0x42,0x3D,0xEF,0xFF,0xFF,0xFF,0xFF,0xFF,0xFF,0xBE,0xF7,0x92,0x94,0x08,0x42,0x00,0x00,0x00,0x00,0x00,0x00,0x00,0x00,0x00,0x00,0x00,0x00,0x00,0x00,0x08,0x42,0x79,0xCE,0xFF,0xFF,0xFF,0xFF,0xFF,0xFF,0xFF,0xFF,0xFF,0xFF,0xFF,0xFF,0xFF,0xFF,0xFF,0xFF,0xFF,0xFF,0xFF,0xFF,
	0xFF,0xFF,0xFF,0xFF,0xFF,0xFF,0xFF,0xFF,0xFF,0xFF,0x3D,0xEF,0x6D,0x6B,0x00,0x00,0x00,0x00,0x00,0x00,0x00,0x00,0x00,0x00,0x00,0x00,0x00,0x00,0x00,0x00,0x00,0x00,0x00,0x00,0x00,0x00,0x00,0x00,0x00,0x00,0x41,0x08,0x6D,0x6B,0x76,0xB5,0xBE,0xF7,0xFF,0xFF,0xFF,0xFF,0xFF,0xFF,0xFF,0xFF,0xBE,0xF7,0xFF,0xFF,0xFF,0xFF,0xFF,0xFF,
	0xFF,0xFF,0xFF,0xFF,0x3D,0xEF,0x92,0x94,0x41,0x08,0x00,0x00,0x00,0x00,0x00,0x00,0x00,0x00,0x00,0x00,0x00,0x00,0x00,0x00,0x00,0x00,0x65,0x29,0x6D,0x6B,0x3D,0xEF,0xFF,0xFF,0xFF,0xFF,0xFF,0xFF,0xBE,0xF7,0x79,0xCE,0x08,0x42,0x00,0x00,0x00,0x00,0x00,0x00,0x00,0x00,0x00,0x00,0x00,0x00,0x00,0x00,0x08,0x42,0x79,0xCE,0xFF,0xFF,
	0xFF,0xFF,0xFF,0xFF,0xFF,0xFF,0xFF,0xFF,0xFF,0xFF,0xFF,0xFF,0xFF,0xFF,0xFF,0xFF,0xFF,0xFF,0xFF,0xFF,0xFF,0xFF,0xFF,0xFF,0xFF,0xFF,0xFF,0xFF,0x3D,0xEF,0x6D,0x6B,0x00,0x00,0x00,0x00,0x00,0x00,0x00,0x00,0x00,0x00,0x00,0x00,0x00,0x00,0x00,0x00,0x00,0x00,0x00,0x00,0x00,0x00,0x00,0x00,0x00,0x00,0x82,0x10,0x76,0xB5,0x3D,0xEF,
	0xFF,0xFF,0xFF,0xFF,0x3D,0xEF,0x92,0x94,0x6D,0x6B,0x6D,0x6B,0x6D,0x6B,0x6D,0x6B,0x76,0xB5,0x3D,0xEF,0xFF,0xFF,0xFF,0xFF,0x79,0xCE,0x6D,0x6B,0xE3,0x18,0x00,0x00,0x00,0x00,0x00,0x00,0x00,0x00,0x00,0x00,0x00,0x00,0x00,0x00,0x08,0x42,0x76,0xB5,0xBE,0xF7,0xFF,0xFF,0xFF,0xFF,0xFF,0xFF,0xFF,0xFF,0x3D,0xEF,0x6D,0x6B,0x00,0x00,
	0x00,0x00,0x00,0x00,0x00,0x00,0x00,0x00,0x00,0x00,0x00,0x00,0xE3,0x18,0x6D,0x6B,0x6D,0x6B,0x6D,0x6B,0x6D,0x6B,0x6D,0x6B,0x6D,0x6B,0x79,0xCE,0xBE,0xF7,0xFF,0xFF,0xBE,0xF7,0x79,0xCE,0x92,0x94,0x6D,0x6B,0x6D,0x6B,0x6D,0x6B,0x6D,0x6B,0x6D,0x6B,0x65,0x29,0x00,0x00,0x00,0x00,0x00,0x00,0x00,0x00,0x00,0x00,0x00,0x00,0x00,0x00,
	0x00,0x00,0x00,0x00,0x00,0x00,0x00,0x00,0x00,0x00,0x00,0x00,0x65,0x29,0x79,0xCE,0xFF,0xFF,0xFF,0xFF,0xBE,0xF7,0x76,0xB5,0x65,0x29,0x00,0x00,0x00,0x00,0x00,0x00,0x00,0x00,0x08,0x42,0x76,0xB5,0xBE,0xF7,0xBE,0xF7,0x79,0xCE,0x92,0x94,0x65,0x29,0x00,0x00,0x00,0x00,0x00,0x00,0x00,0x00,0x00,0x00,0x00,0x00,0x00,0x00,0x6D,0x6B,
	0x3D,0xEF,0xFF,0xFF,0xBE,0xF7,0x79,0xCE,0x3D,0xEF,0xFF,0xFF,0xFF,0xFF,0x92,0x94,0x82,0x10,0x00,0x00,0x00,0x00,0x00,0x00,0x00,0x00,0x00,0x00,0x00,0x00,0x00,0x00,0x00,0x00,0x00,0x00,0x00,0x00,0x00,0x00,0x00,0x00,0x00,0x00,0x92,0x94,0x3D,0xEF,0xFF,0xFF,0x3D,0xEF,0x76,0xB5,0x82,0x10,0x00,0x00,0x00,0x00,0x00,0x00,0x00,0x00,
	0x00,0x00,0x00,0x00,0x00,0x00,0x00,0x00,0x00,0x00,0x00,0x00,0x00,0x00,0x00,0x00,0x00,0x00,0x00,0x00,0x00,0x00,0x00,0x00,0x00,0x00,0x00,0x00,0x82,0x10,0x08,0x42,0x79,0xCE,0xFF,0xFF,0xFF,0xFF,0x76,0xB5,0x6D,0x6B,0x82,0x10,0x00,0x00,0x00,0x00,0x00,0x00,0x00,0x00,0x41,0x08,0x6D,0x6B,0x76,0xB5,0x92,0x94,0x6D,0x6B,0xE3,0x18,
	0x41,0x08,0x00,0x00,0x00,0x00,0x00,0x00,0x00,0x00,0x00,0x00,0x00,0x00,0x82,0x10,0x92,0x94,0xFF,0xFF,0xFF,0xFF,0x79,0xCE,0x6D,0x6B,0x79,0xCE,0xFF,0xFF,0xFF,0xFF,0x76,0xB5,0x08,0x42,0x82,0x10,0x00,0x00,0x00,0x00,0x00,0x00,0x00,0x00,0x00,0x00,0x00,0x00,0x00,0x00,0x00,0x00,0x00,0x00,0x00,0x00,0x00,0x00,0x41,0x08,0x92,0x94,
	0x3D,0xEF,0xFF,0xFF,0x3D,0xEF,0x76,0xB5,0xE3,0x18,0x00,0x00,0x00,0x00,0x00,0x00,0x00,0x00,0x00,0x00,0x00,0x00,0x00,0x00,0x00,0x00,0x00,0x00,0x00,0x00,0x00,0x00,0x00,0x00,0x00,0x00,0x00,0x00,0x00,0x00,0x00,0x00,0x00,0x00,0x00,0x00,0xE3,0x18,0x6D,0x6B,0x79,0xCE,0xFF,0xFF,0xFF,0xFF,0x92,0x94,0x08,0x42,0x00,0x00,0x00,0x00,
	0x00,0x00,0x00,0x00,0x00,0x00,0x00,0x00,0xE3,0x18,0x08,0x42,0x08,0x42,0xE3,0x18,0x00,0x00,0x00,0x00,0x00,0x00,0x00,0x00,0x00,0x00,0x00,0x00,0x00,0x00,0x41,0x08,0x65,0x29,0x76,0xB5,0xFF,0xFF,0xFF,0xFF,0x76,0xB5,0xE3,0x18,0x92,0x94,0xFF,0xFF,0xFF,0xFF,0x79,0xCE,0x92,0x94,0xE3,0x18,0x00,0x00,0x00,0x00,0x00,0x00,0x00,0x00,
	0x00,0x00,0x00,0x00,0x00,0x00,0x00,0x00,0x00,0x00,0x00,0x00,0x00,0x00,0x41,0x08,0x92,0x94,0x3D,0xEF,0xFF,0xFF,0x3D,0xEF,0x76,0xB5,0xE3,0x18,0x00,0x00,0x00,0x00,0x00,0x00,0x00,0x00,0x00,0x00,0x00,0x00,0x00,0x00,0x00,0x00,0x00,0x00,0x00,0x00,0x00,0x00,0x00,0x00,0x00,0x00,0x00,0x00,0x00,0x00,0x00,0x00,0x00,0x00,0x00,0x00,
	0x82,0x10,0x08,0x42,0x79,0xCE,0xFF,0xFF,0xFF,0xFF,0x76,0xB5,0x08,0x42,0x82,0x10,0x00,0x00,0x00,0x00,0x00,0x00,0x00,0x00,0x00,0x00,0x00,0x00,0x00,0x00,0x00,0x00,0x00,0x00,0x00,0x00,0x00,0x00,0x00,0x00,0x00,0x00,0x00,0x00,0x00,0x00,0x00,0x00,0xE3,0x18,0x6D,0x6B,0x79,0xCE,0xFF,0xFF,0xFF,0xFF,0x92,0x94,0x00,0x00,0x6D,0x6B,
	0x3D,0xEF,0xFF,0xFF,0xFF,0xFF,0x79,0xCE,0x65,0x29,0x00,0x00,0x00,0x00,0x00,0x00,0x00,0x00,0x00,0x00,0x00,0x00,0x00,0x00,0x00,0x00,0x00,0x00,0x00,0x00,0x00,0x00,0x41,0x08,0x92,0x94,0x3D,0xEF,0xFF,0xFF,0x3D,0xEF,0x76,0xB5,0xE3,0x18,0x00,0x00,0x00,0x00,0x00,0x00,0x00,0x00,0x00,0x00,0x00,0x00,0x00,0x00,0x00,0x00,0x00,0x00,
	0x00,0x00,0x00,0x00,0x00,0x00,0x00,0x00,0x00,0x00,0x00,0x00,0x00,0x00,0x00,0x00,0x00,0x00,0x41,0x08,0x08,0x42,0x3D,0xEF,0xFF,0xFF,0xFF,0xFF,0x3D,0xEF,0x76,0xB5,0x6D,0x6B,0x65,0x29,0x00,0x00,0x00,0x00,0x00,0x00,0x00,0x00,0x00,0x00,0x00,0x00,0x00,0x00,0x00,0x00,0x00,0x00,0x00,0x00,0x00,0x00,0x00,0x00,0x00,0x00,0x00,0x00,
	0x00,0x00,0x65,0x29,0x76,0xB5,0x3D,0xEF,0xFF,0xFF,0x3D,0xEF,0x6D,0x6B,0x00,0x00,0x08,0x42,0x76,0xB5,0xBE,0xF7,0xFF,0xFF,0x3D,0xEF,0x08,0x42,0x00,0x00,0x00,0x00,0x00,0x00,0x00,0x00,0x00,0x00,0x00,0x00,0x00,0x00,0x00,0x00,0x00,0x00,0x00,0x00,0x00,0x00,0x41,0x08,0x92,0x94,0x3D,0xEF,0xFF,0xFF,0x3D,0xEF,0x76,0xB5,0xE3,0x18,
	0x00,0x00,0x00,0x00,0x00,0x00,0x00,0x00,0x00,0x00,0x00,0x00,0x00,0x00,0x00,0x00,0x00,0x00,0x00,0x00,0x00,0x00,0x00,0x00,0x00,0x00,0x00,0x00,0x00,0x00,0x00,0x00,0x00,0x00,0x00,0x00,0x00,0x00,0x65,0x29,0x76,0xB5,0xBE,0xF7,0xFF,0xFF,0xFF,0xFF,0xBE,0xF7,0x76,0xB5,0x6D,0x6B,0x08,0x42,0x65,0x29,0x65,0x29,0xE3,0x18,0x82,0x10,
	0x41,0x08,0x00,0x00,0x00,0x00,0x00,0x00,0x00,0x00,0x00,0x00,0x00,0x00,0x00,0x00,0x00,0x00,0x00,0x00,0x08,0x42,0x79,0xCE,0xFF,0xFF,0xBE,0xF7,0x76,0xB5,0x08,0x42,0x00,0x00,0x65,0x29,0x6D,0x6B,0x3D,0xEF,0xFF,0xFF,0xBE,0xF7,0x6D,0x6B,0x82,0x10,0x00,0x00,0x00,0x00,0x00,0x00,0x00,0x00,0x00,0x00,0x00,0x00,0x00,0x00,0x00,0x00,
	0x00,0x00,0x00,0x00,0x41,0x08,0x92,0x94,0x3D,0xEF,0xFF,0xFF,0x3D,0xEF,0x76,0xB5,0xE3,0x18,0x00,0x00,0x00,0x00,0x00,0x00,0x00,0x00,0x00,0x00,0x00,0x00,0x00,0x00,0x00,0x00,0x00,0x00,0x00,0x00,0x00,0x00,0x00,0x00,0x00,0x00,0x00,0x00,0x00,0x00,0x00,0x00,0x00,0x00,0x00,0x00,0x00,0x00,0x82,0x10,0x6D,0x6B,0x79,0xCE,0xFF,0xFF,
	0xFF,0xFF,0xFF,0xFF,0xBE,0xF7,0xBE,0xF7,0x3D,0xEF,0x3D,0xEF,0x79,0xCE,0x92,0x94,0x6D,0x6B,0x65,0x29,0x00,0x00,0x00,0x00,0x00,0x00,0x00,0x00,0x00,0x00,0x00,0x00,0x00,0x00,0x00,0x00,0x82,0x10,0x6D,0x6B,0xBE,0xF7,0xFF,0xFF,0x3D,0xEF,0x6D,0x6B,0x65,0x29,0x00,0x00,0x00,0x00,0x08,0x42,0x3D,0xEF,0xFF,0xFF,0xBE,0xF7,0x92,0x94,
	0x08,0x42,0x00,0x00,0x00,0x00,0x00,0x00,0x00,0x00,0x00,0x00,0x00,0x00,0x00,0x00,0x00,0x00,0x00,0x00,0x00,0x00,0x41,0x08,0x92,0x94,0x3D,0xEF,0xFF,0xFF,0x3D,0xEF,0x76,0xB5,0xE3,0x18,0x00,0x00,0x00,0x00,0x00,0x00,0x00,0x00,0x00,0x00,0x00,0x00,0x00,0x00,0x00,0x00,0x00,0x00,0x00,0x00,0x00,0x00,0x00,0x00,0x00,0x00,0x00,0x00,
	0x00,0x00,0x00,0x00,0x00,0x00,0x00,0x00,0x00,0x00,0x00,0x00,0x65,0x29,0x6D,0x6B,0x76,0xB5,0x3D,0xEF,0xFF,0xFF,0xFF,0xFF,0xFF,0xFF,0xFF,0xFF,0xFF,0xFF,0xFF,0xFF,0x3D,0xEF,0x79,0xCE,0x92,0x94,0x6D,0x6B,0x65,0x29,0x00,0x00,0x00,0x00,0x00,0x00,0x00,0x00,0x00,0x00,0x00,0x00,0x08,0x42,0x92,0x94,0xFF,0xFF,0xFF,0xFF,0x3D,0xEF,
	0x08,0x42,0x41,0x08,0x00,0x00,0x00,0x00,0x65,0x29,0x3D,0xEF,0xFF,0xFF,0xFF,0xFF,0x79,0xCE,0x6D,0x6B,0x00,0x00,0x00,0x00,0x00,0x00,0x00,0x00,0x00,0x00,0x00,0x00,0x00,0x00,0x00,0x00,0x00,0x00,0x00,0x00,0x41,0x08,0x92,0x94,0x3D,0xEF,0xFF,0xFF,0x3D,0xEF,0x76,0xB5,0xE3,0x18,0x00,0x00,0x00,0x00,0x00,0x00,0x00,0x00,0x00,0x00,
	0x00,0x00,0x00,0x00,0x00,0x00,0x00,0x00,0x00,0x00,0x00,0x00,0x00,0x00,0x00,0x00,0x00,0x00,0x00,0x00,0x00,0x00,0x00,0x00,0x00,0x00,0x00,0x00,0x00,0x00,0x00,0x00,0x41,0x08,0x08,0x42,0x92,0x94,0x3D,0xEF,0x3D,0xEF,0xBE,0xF7,0xBE,0xF7,0xBE,0xF7,0xFF,0xFF,0xFF,0xFF,0xFF,0xFF,0xFF,0xFF,0x79,0xCE,0x6D,0x6B,0x41,0x08,0x00,0x00,
	0x00,0x00,0x00,0x00,0x00,0x00,0x00,0x00,0x6D,0x6B,0x79,0xCE,0xFF,0xFF,0xFF,0xFF,0x79,0xCE,0x65,0x29,0x00,0x00,0x00,0x00,0x00,0x00,0x65,0x29,0x79,0xCE,0xFF,0xFF,0xFF,0xFF,0xBE,0xF7,0x92,0x94,0x41,0x08,0x00,0x00,0x00,0x00,0x00,0x00,0x00,0x00,0x00,0x00,0x00,0x00,0x00,0x00,0x00,0x00,0x00,0x00,0x41,0x08,0x92,0x94,0x3D,0xEF,
	0xFF,0xFF,0x3D,0xEF,0x76,0xB5,0xE3,0x18,0x00,0x00,0x00,0x00,0x00,0x00,0x00,0x00,0x00,0x00,0x00,0x00,0x00,0x00,0x00,0x00,0x00,0x00,0x00,0x00,0x00,0x00,0x00,0x00,0x00,0x00,0x00,0x00,0x00,0x00,0x00,0x00,0x00,0x00,0x00,0x00,0x00,0x00,0x00,0x00,0x00,0x00,0x00,0x00,0x41,0x08,0xE3,0x18,0x08,0x42,0x08,0x42,0x6D,0x6B,0x92,0x94,
	0x76,0xB5,0x3D,0xEF,0xFF,0xFF,0xFF,0xFF,0xFF,0xFF,0xBE,0xF7,0x79,0xCE,0x6D,0x6B,0xE3,0x18,0x00,0x00,0x00,0x00,0x00,0x00,0x00,0x00,0x92,0x94,0xBE,0xF7,0xFF,0xFF,0xBE,0xF7,0x79,0xCE,0x08,0x42,0xE3,0x18,0x65,0x29,0xE3,0x18,0x08,0x42,0x76,0xB5,0x3D,0xEF,0xFF,0xFF,0xFF,0xFF,0x76,0xB5,0xE3,0x18,0x00,0x00,0x00,0x00,0x00,0x00,
	0x00,0x00,0x00,0x00,0x00,0x00,0x00,0x00,0x00,0x00,0x00,0x00,0x41,0x08,0x92,0x94,0x3D,0xEF,0xFF,0xFF,0x3D,0xEF,0x76,0xB5,0xE3,0x18,0x00,0x00,0x00,0x00,0x00,0x00,0x00,0x00,0x00,0x00,0x00,0x00,0x00,0x00,0x00,0x00,0x00,0x00,0x00,0x00,0x00,0x00,0x00,0x00,0x00,0x00,0x00,0x00,0x00,0x00,0x00,0x00,0x00,0x00,0x00,0x00,0x00,0x00,
	0x00,0x00,0x00,0x00,0x00,0x00,0x00,0x00,0x00,0x00,0x00,0x00,0x41,0x08,0x65,0x29,0x08,0x42,0x6D,0x6B,0x92,0x94,0x76,0xB5,0x3D,0xEF,0xFF,0xFF,0xFF,0xFF,0x3D,0xEF,0x76,0xB5,0x08,0x42,0x00,0x00,0x00,0x00,0x00,0x00,0x82,0x10,0x76,0xB5,0xFF,0xFF,0xFF,0xFF,0xBE,0xF7,0x79,0xCE,0x92,0x94,0x6D,0x6B,0x92,0x94,0x6D,0x6B,0x92,0x94,
	0x79,0xCE,0x3D,0xEF,0xFF,0xFF,0xFF,0xFF,0x79,0xCE,0x08,0x42,0x41,0x08,0x00,0x00,0x00,0x00,0x00,0x00,0x00,0x00,0x00,0x00,0x00,0x00,0x00,0x00,0x00,0x00,0x41,0x08,0x92,0x94,0x3D,0xEF,0xFF,0xFF,0x3D,0xEF,0x76,0xB5,0xE3,0x18,0x00,0x00,0x00,0x00,0x00,0x00,0x00,0x00,0x00,0x00,0x00,0x00,0x00,0x00,0x00,0x00,0x00,0x00,0x00,0x00,
	0x00,0x00,0x00,0x00,0x00,0x00,0x00,0x00,0x00,0x00,0x00,0x00,0x00,0x00,0x00,0x00,0x00,0x00,0x00,0x00,0x00,0x00,0x00,0x00,0x00,0x00,0x00,0x00,0x00,0x00,0x00,0x00,0x00,0x00,0x00,0x00,0x00,0x00,0x41,0x08,0x08,0x42,0x76,0xB5,0xFF,0xFF,0xFF,0xFF,0xBE,0xF7,0x79,0xCE,0x08,0x42,0x00,0x00,0x00,0x00,0x41,0x08,0x08,0x42,0x79,0xCE,
	0xFF,0xFF,0xFF,0xFF,0xFF,0xFF,0xFF,0xFF,0xFF,0xFF,0xFF,0xFF,0xFF,0xFF,0xFF,0xFF,0xFF,0xFF,0xFF,0xFF,0xFF,0xFF,0xFF,0xFF,0xFF,0xFF,0x3D,0xEF,0x6D,0x6B,0x65,0x29,0x00,0x00,0x00,0x00,0x00,0x00,0x00,0x00,0x00,0x00,0x00,0x00,0x00,0x00,0x00,0x00,0x41,0x08,0x92,0x94,0x3D,0xEF,0xFF,0xFF,0x3D,0xEF,0x76,0xB5,0xE3,0x18,0x00,0x00,
	0x00,0x00,0x00,0x00,0x00,0x00,0x00,0x00,0x00,0x00,0x00,0x00,0x00,0x00,0x00,0x00,0x00,0x00,0x00,0x00,0x00,0x00,0x00,0x00,0x00,0x00,0x00,0x00,0x00,0x00,0x00,0x00,0x00,0x00,0x00,0x00,0x00,0x00,0x00,0x00,0x00,0x00,0x00,0x00,0x00,0x00,0x00,0x00,0x00,0x00,0x00,0x00,0x00,0x00,0x00,0x00,0x00,0x00,0x41,0x08,0x6D,0x6B,0x79,0xCE,
	0xBE,0xF7,0xFF,0xFF,0xBE,0xF7,0x6D,0x6B,0x00,0x00,0x00,0x00,0x65,0x29,0x6D,0x6B,0x3D,0xEF,0xFF,0xFF,0xFF,0xFF,0xFF,0xFF,0xFF,0xFF,0xFF,0xFF,0xFF,0xFF,0xFF,0xFF,0xFF,0xFF,0xFF,0xFF,0xFF,0xFF,0xFF,0xFF,0xFF,0xFF,0xFF,0xFF,0xBE,0xF7,0x76,0xB5,0x08,0x42,0x00,0x00,0x00,0x00,0x00,0x00,0x00,0x00,0x00,0x00,0x00,0x00,0x00,0x00,
	0x00,0x00,0x41,0x08,0x92,0x94,0x3D,0xEF,0xFF,0xFF,0x3D,0xEF,0x76,0xB5,0xE3,0x18,0x00,0x00,0x00,0x00,0x00,0x00,0x00,0x00,0x00,0x00,0x00,0x00,0x00,0x00,0x00,0x00,0x00,0x00,0x00,0x00,0x00,0x00,0x00,0x00,0x00,0x00,0x00,0x00,0x00,0x00,0x00,0x00,0x00,0x00,0x00,0x00,0x00,0x00,0x82,0x10,0xE3,0x18,0xE3,0x18,0x82,0x10,0x00,0x00,
	0x00,0x00,0x00,0x00,0x00,0x00,0x00,0x00,0x00,0x00,0x00,0x00,0x00,0x00,0x08,0x42,0x79,0xCE,0xBE,0xF7,0xFF,0xFF,0xFF,0xFF,0x6D,0x6B,0x00,0x00,0x00,0x00,0x08,0x42,0x76,0xB5,0x3D,0xEF,0xFF,0xFF,0xBE,0xF7,0x3D,0xEF,0x79,0xCE,0x79,0xCE,0x79,0xCE,0x79,0xCE,0x79,0xCE,0x79,0xCE,0x79,0xCE,0x3D,0xEF,0xBE,0xF7,0xFF,0xFF,0xFF,0xFF,
	0x3D,0xEF,0x6D,0x6B,0x00,0x00,0x00,0x00,0x00,0x00,0x00,0x00,0x00,0x00,0x00,0x00,0x00,0x00,0x00,0x00,0x41,0x08,0x92,0x94,0x3D,0xEF,0xFF,0xFF,0x3D,0xEF,0x76,0xB5,0xE3,0x18,0x00,0x00,0x00,0x00,0x00,0x00,0x00,0x00,0x00,0x00,0x00,0x00,0x00,0x00,0x00,0x00,0x00,0x00,0x00,0x00,0x00,0x00,0x00,0x00,0x00,0x00,0x00,0x00,0x00,0x00,
	0x00,0x00,0x00,0x00,0x00,0x00,0xE3,0x18,0x08,0x42,0x76,0xB5,0x76,0xB5,0x6D,0x6B,0xE3,0x18,0x00,0x00,0x00,0x00,0x00,0x00,0x00,0x00,0x00,0x00,0x00,0x00,0x00,0x00,0x6D,0x6B,0x3D,0xEF,0xFF,0xFF,0xFF,0xFF,0x3D,0xEF,0x08,0x42,0x00,0x00,0x00,0x00,0x6D,0x6B,0x3D,0xEF,0xFF,0xFF,0xBE,0xF7,0x79,0xCE,0x6D,0x6B,0xE3,0x18,0xE3,0x18,
	0xE3,0x18,0xE3,0x18,0xE3,0x18,0xE3,0x18,0xE3,0x18,0x6D,0x6B,0x76,0xB5,0xBE,0xF7,0xFF,0xFF,0xFF,0xFF,0x6D,0x6B,0x41,0x08,0x00,0x00,0x00,0x00,0x00,0x00,0x00,0x00,0x00,0x00,0x00,0x00,0x00,0x00,0x41,0x08,0x92,0x94,0x3D,0xEF,0xFF,0xFF,0x3D,0xEF,0x76,0xB5,0xE3,0x18,0x00,0x00,0x00,0x00,0x00,0x00,0x00,0x00,0x00,0x00,0x00,0x00,
	0x00,0x00,0x00,0x00,0x00,0x00,0x00,0x00,0x00,0x00,0x00,0x00,0x00,0x00,0x00,0x00,0x00,0x00,0x00,0x00,0x00,0x00,0x00,0x00,0x08,0x42,0x92,0x94,0xBE,0xF7,0xBE,0xF7,0x79,0xCE,0x6D,0x6B,0xE3,0x18,0x00,0x00,0x00,0x00,0x00,0x00,0x00,0x00,0x82,0x10,0x65,0x29,0x92,0x94,0xFF,0xFF,0xFF,0xFF,0xFF,0xFF,0x79,0xCE,0x08,0x42,0x00,0x00,
	0x41,0x08,0x6D,0x6B,0xFF,0xFF,0xFF,0xFF,0x3D,0xEF,0x92,0x94,0x65,0x29,0x00,0x00,0x00,0x00,0x00,0x00,0x00,0x00,0x00,0x00,0x00,0x00,0x00,0x00,0x65,0x29,0x92,0x94,0x3D,0xEF,0xFF,0xFF,0xFF,0xFF,0x92,0x94,0x65,0x29,0x41,0x08,0x00,0x00,0x00,0x00,0x00,0x00,0x00,0x00,0x00,0x00,0x00,0x00,0x41,0x08,0x92,0x94,0x3D,0xEF,0xFF,0xFF,
	0x3D,0xEF,0x76,0xB5,0xE3,0x18,0x00,0x00,0x00,0x00,0x00,0x00,0x00,0x00,0x00,0x00,0x00,0x00,0x00,0x00,0x00,0x00,0x00,0x00,0x00,0x00,0x00,0x00,0x00,0x00,0x00,0x00,0x00,0x00,0x00,0x00,0x00,0x00,0x00,0x00,0x00,0x00,0x08,0x42,0x79,0xCE,0xBE,0xF7,0xFF,0xFF,0xFF,0xFF,0x76,0xB5,0x6D,0x6B,0xE3,0x18,0x41,0x08,0x41,0x08,0xE3,0x18,
	0x08,0x42,0x92,0x94,0x79,0xCE,0xFF,0xFF,0xFF,0xFF,0x3D,0xEF,0x76,0xB5,0x65,0x29,0x00,0x00,0xE3,0x18,0x92,0x94,0xFF,0xFF,0xFF,0xFF,0x3D,0xEF,0x6D,0x6B,0x65,0x29,0x00,0x00,0x00,0x00,0x00,0x00,0x00,0x00,0x00,0x00,0x00,0x00,0x00,0x00,0xE3,0x18,0x08,0x42,0x79,0xCE,0xFF,0xFF,0xFF,0xFF,0x76,0xB5,0x6D,0x6B,0x82,0x10,0x00,0x00,
	0x00,0x00,0x00,0x00,0x00,0x00,0x00,0x00,0x00,0x00,0x41,0x08,0x92,0x94,0x3D,0xEF,0xFF,0xFF,0x3D,0xEF,0x76,0xB5,0xE3,0x18,0x00,0x00,0x00,0x00,0x00,0x00,0x00,0x00,0x00,0x00,0x00,0x00,0x00,0x00,0x00,0x00,0x00,0x00,0x00,0x00,0x00,0x00,0x00,0x00,0x00,0x00,0x00,0x00,0x00,0x00,0x00,0x00,0x00,0x00,0x00,0x00,0xE3,0x18,0x6D,0x6B,
	0x3D,0xEF,0xFF,0xFF,0xFF,0xFF,0xBE,0xF7,0x79,0xCE,0x76,0xB5,0x76,0xB5,0x92,0x94,0x76,0xB5,0x79,0xCE,0x3D,0xEF,0xBE,0xF7,0xFF,0xFF,0xFF,0xFF,0x79,0xCE,0x08,0x42,0x82,0x10,0x82,0x10,0x6D,0x6B,0x76,0xB5,0xFF,0xFF,0xFF,0xFF,0x79,0xCE,0x08,0x42,0x41,0x08,0x00,0x00,0x00,0x00,0x00,0x00,0x00,0x00,0x00,0x00,0x00,0x00,0x00,0x00,
	0x00,0x00,0xE3,0x18,0x79,0xCE,0xFF,0xFF,0xFF,0xFF,0x3D,0xEF,0x92,0x94,0xE3,0x18,0x00,0x00,0x00,0x00,0x00,0x00,0x00,0x00,0x00,0x00,0x00,0x00,0x41,0x08,0x92,0x94,0x3D,0xEF,0xFF,0xFF,0x3D,0xEF,0x76,0xB5,0xE3,0x18,0x00,0x00,0x00,0x00,0x00,0x00,0x00,0x00,0x00,0x00,0x00,0x00,0x00,0x00,0x00,0x00,0x00,0x00,0x00,0x00,0x00,0x00,
	0x00,0x00,0x00,0x00,0x00,0x00,0x00,0x00,0x00,0x00,0x00,0x00,0x00,0x00,0x00,0x00,0x65,0x29,0x92,0x94,0x79,0xCE,0xFF,0xFF,0xFF,0xFF,0xFF,0xFF,0xFF,0xFF,0xFF,0xFF,0xBE,0xF7,0xFF,0xFF,0xFF,0xFF,0xFF,0xFF,0xFF,0xFF,0xBE,0xF7,0x79,0xCE,0x6D,0x6B,0x41,0x08,0x00,0x00,0xE3,0x18,0x92,0x94,0x3D,0xEF,0xFF,0xFF,0xFF,0xFF,0x76,0xB5,
	0xE3,0x18,0x00,0x00,0x00,0x00,0x00,0x00,0x00,0x00,0x00,0x00,0x00,0x00,0x00,0x00,0x00,0x00,0x00,0x00,0x00,0x00,0x76,0xB5,0xBE,0xF7,0xFF,0xFF,0xFF,0xFF,0x79,0xCE,0x65,0x29,0x00,0x00,0x00,0x00,0x00,0x00,0x00,0x00,0x00,0x00,0x00,0x00,0x41,0x08,0x92,0x94,0x3D,0xEF,0xFF,0xFF,0xBE,0xF7,0x76,0xB5,0xE3,0x18,0x00,0x00,0x00,0x00,
	0x00,0x00,0x00,0x00,0x00,0x00,0x00,0x00,0x00,0x00,0x00,0x00,0x00,0x00,0x00,0x00,0x00,0x00,0x00,0x00,0x00,0x00,0x00,0x00,0x00,0x00,0x00,0x00,0x00,0x00,0x00,0x00,0x00,0x00,0x00,0x00,0xE3,0x18,0x6D,0x6B,0x3D,0xEF,0xFF,0xFF,0xFF,0xFF,0xFF,0xFF,0xFF,0xFF,0xFF,0xFF,0xFF,0xFF,0xFF,0xFF,0xFF,0xFF,0xBE,0xF7,0x76,0xB5,0x08,0x42,
	0xE3,0x18,0x00,0x00,0x00,0x00,0x65,0x29,0x79,0xCE,0xFF,0xFF,0xFF,0xFF,0xBE,0xF7,0x92,0x94,0x41,0x08,0x00,0x00,0x00,0x00,0x00,0x00,0x00,0x00,0x00,0x00,0x00,0x00,0x00,0x00,0x00,0x00,0x00,0x00,0x41,0x08,0x6D,0x6B,0x79,0xCE,0xFF,0xFF,0xFF,0xFF,0x3D,0xEF,0x08,0x42,0x00,0x00,0x00,0x00,0x00,0x00,0x00,0x00,0x00,0x00,0x00,0x00,
	0x41,0x08,0x92,0x94,0x3D,0xEF,0xFF,0xFF,0xBE,0xF7,0x76,0xB5,0xE3,0x18,0x00,0x00,0x00,0x00,0x00,0x00,0x00,0x00,0x00,0x00,0x00,0x00,0x00,0x00,0x00,0x00,0x00,0x00,0x00,0x00,0x00,0x00,0x00,0x00,0x00,0x00,0x00,0x00,0x00,0x00,0x00,0x00,0x00,0x00,0x00,0x00,0x00,0x00,0x00,0x00,0x00,0x00,0x65,0x29,0x6D,0x6B,0x6D,0x6B,0x92,0x94,
	0x76,0xB5,0x79,0xCE,0x79,0xCE,0x76,0xB5,0x92,0x94,0x92,0x94,0x6D,0x6B,0x08,0x42,0xE3,0x18,0x00,0x00,0x00,0x00,0x00,0x00,0xE3,0x18,0x6D,0x6B,0x92,0x94,0x92,0x94,0x6D,0x6B,0x08,0x42,0x00,0x00,0x00,0x00,0x00,0x00,0x00,0x00,0x00,0x00,0x00,0x00,0x00,0x00,0x00,0x00,0x00,0x00,0x00,0x00,0x00,0x00,0x08,0x42,0x6D,0x6B,0x92,0x94,
	0x92,0x94,0x92,0x94,0x65,0x29,0x00,0x00,0x00,0x00,0x00,0x00,0x00,0x00,0x00,0x00,0x00,0x00,0x41,0x08,0x08,0x42,0x92,0x94,0x92,0x94,0x92,0x94,0x6D,0x6B,0x82,0x10,0x00,0x00,0x00,0x00,0x00,0x00,0x00,0x00,0x00,0x00,0x00,0x00,0x00,0x00,0x00,0x00,0x00,0x00,0x00,0x00,0x00,0x00,0x00,0x00,0x00,0x00,0x00,0x00,0x00,0x00,0x00,0x00,
	0x00,0x00,0x00,0x00,0x00,0x00,0x00,0x00,0x00,0x00,0x00,0x00,0x00,0x00,0x00,0x00,0x65,0x29,0x08,0x42,0x6D,0x6B,0x6D,0x6B,0x08,0x42,0x65,0x29,0x65,0x29,0x41,0x08,0x00,0x00,0x00,0x00,0x00,0x00,0x00,0x00,0x00,0x00,0x41,0x08,0x65,0x29,0x65,0x29,0x65,0x29,0xE3,0x18,0x41,0x08,0x00,0x00,0x00,0x00,0x00,0x00,0x00,0x00,0x00,0x00,
	0x00,0x00,0x00,0x00,0x00,0x00,0x00,0x00,0x00,0x00,0x00,0x00,0x41,0x08,0xE3,0x18,0x65,0x29,0x65,0x29,0x65,0x29,0x82,0x10,0x00,0x00,0x00,0x00,0x00,0x00,0x00,0x00,0x00,0x00,0x00,0x00,0x00,0x00,0xE3,0x18,0x65,0x29,0x65,0x29,0x65,0x29,0xE3,0x18,0x00,0x00,0x00,0x00,0x00,0x00,0x00,0x00,0x00,0x00,0x00,0x00,0x00,0x00,0x00,0x00,
	0x00,0x00,0x00,0x00,0x00,0x00,0x00,0x00,0x00,0x00,

	// Alpha Channel 
	0x00,0x00,0x00,0x00,0x00,0x00,0x00,0x00,0x00,0x00,0x00,0x00,0x00,0x00,0x00,0x00,0x00,0x00,0x00,0x00,0x00,0x00,0x00,0x00,0x00,0x00,0x00,0x00,0x00,0x00,0xFF,0xFF,0x00,0x00,0x00,0x00,0x00,0x00,0x00,0x00,0x00,0x00,0x00,0x00,0x00,0xFF,0x00,0x00,0x00,0x00,0x00,0x00,0x00,0x00,0x00,0x00,0x00,0x00,0x00,0x00,0x00,0x00,0x00,0x00,
	0x00,0x00,0x00,0x00,0x00,0x00,0x00,0x00,0x00,0x00,0x00,0x00,0x00,0x00,0x00,0x00,0x00,0x00,0x00,0x00,0x00,0x00,0xFF,0xFF,0xFF,0xFF,0xFF,0xFF,0xFF,0x00,0x00,0x00,0x00,0x00,0x00,0x00,0x00,0x00,0x00,0x00,0x00,0x00,0x00,0xFF,0xFF,0xFF,0xFF,0xFF,0x00,0x00,0x00,0x00,0x00,0x00,0x00,0x00,0x00,0x00,0xFF,0xFF,0xFF,0xFF,0xFF,0xFF,
	0xFF,0xFF,0xFF,0xFF,0xFF,0xFF,0xFF,0xFF,0xFF,0xFF,0xFF,0x00,0x00,0x00,0x00,0x00,0x00,0x00,0x00,0x00,0x00,0x00,0x00,0x00,0x00,0x00,0x00,0x00,0x00,0xFF,0xFF,0xFF,0xFF,0xFF,0xFF,0xFF,0xFF,0xFF,0xFF,0x00,0x00,0x00,0x00,0x00,0x00,0x00,0x00,0x00,0x00,0x00,0x00,0xFF,0xFF,0xFF,0xFF,0xFF,0xFF,0xFF,0x00,0x00,0x00,0x00,0x00,0x00,
	0x00,0x00,0xFF,0xFF,0xFF,0xFF,0xFF,0xFF,0xFF,0xFF,0xFF,0xFF,0xFF,0xFF,0xFF,0xFF,0xFF,0xFF,0xFF,0xFF,0xFF,0x00,0x00,0x00,0x00,0x00,0x00,0x00,0x00,0x00,0x00,0x00,0x00,0x00,0x00,0x00,0xFF,0xFF,0xFF,0xFF,0xFF,0xFF,0xFF,0xFF,0xFF,0xFF,0xFF,0xFF,0xFF,0x00,0x00,0x00,0x00,0x00,0x00,0x00,0x00,0x00,0x00,0x00,0xFF,0xFF,0xFF,0xFF,
	0xFF,0xFF,0xFF,0xFF,0x00,0x00,0x00,0x00,0x00,0x00,0x00,0xFF,0xFF,0xFF,0xFF,0xFF,0xFF,0xFF,0xFF,0xFF,0xFF,0xFF,0xFF,0xFF,0xFF,0xFF,0xFF,0xFF,0xFF,0xFF,0x00,0x00,0x00,0x00,0x00,0x00,0x00,0x00,0x00,0x00,0x00,0x00,0x00,0x00,0xFF,0xFF,0xFF,0xFF,0xFF,0xFF,0xFF,0xFF,0xFF,0xFF,0xFF,0xFF,0xFF,0xFF,0xFF,0x00,0x00,0x00,0x00,0x00,
	0x00,0x00,0x00,0x00,0xFF,0xFF,0xFF,0xFF,0xFF,0xFF,0xFF,0xFF,0xFF,0x00,0x00,0x00,0x00,0x00,0x00,0x00,0xFF,0xFF,0xFF,0xFF,0xFF,0xFF,0xFF,0xFF,0xFF,0xFF,0xFF,0xFF,0xFF,0xFF,0xFF,0xFF,0xFF,0xFF,0xFF,0x00,0x00,0x00,0x00,0x00,0x00,0x00,0x00,0x00,0x00,0x00,0x00,0x00,0xFF,0xFF,0xFF,0xFF,0xFF,0xFF,0xFF,0xFF,0xFF,0xFF,0xFF,0xFF,
	0xFF,0xFF,0xFF,0xFF,0xFF,0x00,0x00,0x00,0x00,0x00,0x00,0x00,0x00,0xFF,0xFF,0xFF,0xFF,0xFF,0xFF,0xFF,0xFF,0xFF,0x00,0x00,0x00,0x00,0x00,0x00,0x00,0xFF,0xFF,0xFF,0xFF,0xFF,0xFF,0xFF,0xFF,0xFF,0xFF,0xFF,0xFF,0xFF,0xFF,0xFF,0xFF,0xFF,0xFF,0xFF,0x00,0x00,0x00,0x00,0x00,0x00,0x00,0x00,0x00,0x00,0x00,0x00,0x00,0xFF,0xFF,0xFF,
	0xFF,0xFF,0xFF,0xFF,0xFF,0xFF,0xFF,0xFF,0xFF,0xFF,0xFF,0xFF,0xFF,0xFF,0xFF,0x00,0x00,0x00,0x00,0x00,0x00,0x00,0xFF,0xFF,0xFF,0xFF,0xFF,0xFF,0xFF,0xFF,0xFF,0x00,0x00,0x00,0x00,0x00,0x00,0x00,0xFF,0xFF,0xFF,0xFF,0xFF,0xFF,0xFF,0xFF,0xFF,0xFF,0xFF,0xFF,0xFF,0xFF,0xFF,0xFF,0xFF,0xFF,0xFF,0x00,0x00,0x00,0x00,0x00,0x00,0x00,
	0x00,0x00,0x00,0x00,0x00,0x00,0xFF,0xFF,0xFF,0xFF,0xFF,0xFF,0xFF,0x00,0x00,0x00,0x00,0xFF,0xFF,0xFF,0xFF,0xFF,0xFF,0xFF,0x00,0x00,0x00,0x00,0x00,0x00,0x00,0xFF,0xFF,0xFF,0xFF,0xFF,0xFF,0xFF,0xFF,0xFF,0xFF,0x00,0x00,0x00,0x00,0x00,0x00,0x00,0x00,0x00,0x00,0x00,0x00,0x00,0xFF,0xFF,0xFF,0xFF,0xFF,0xFF,0x00,0x00,0x00,0x00,
	0x00,0x00,0x00,0x00,0x00,0x00,0x00,0x00,0x00,0x00,0x00,0x00,0x00,0x00,0xFF,0xFF,0xFF,0xFF,0xFF,0xFF,0xFF,0xFF,0x00,0x00,0x00,0x00,0xFF,0xFF,0xFF,0xFF,0xFF,0xFF,0xFF,0x00,0x00,0x00,0x00,0x00,0x00,0xFF,0xFF,0xFF,0xFF,0xFF,0xFF,0xFF,0xFF,0xFF,0xFF,0xFF,0xFF,0x00,0x00,0x00,0x00,0x00,0x00,0x00,0x00,0x00,0x00,0x00,0xFF,0xFF,
	0xFF,0xFF,0xFF,0xFF,0xFF,0x00,0x00,0x00,0x00,0x00,0x00,0x00,0x00,0x00,0x00,0x00,0x00,0x00,0x00,0x00,0x00,0x00,0x00,0xFF,0xFF,0xFF,0xFF,0xFF,0xFF,0xFF,0x00,0x00,0x00,0x00,0x00,0x00,0xFF,0xFF,0xFF,0xFF,0x00,0x00,0x00,0x00,0x00,0x00,0x00,0xFF,0xFF,0xFF,0xFF,0xFF,0xFF,0xFF,0xFF,0xFF,0xFF,0xFF,0xFF,0xFF,0x00,0x00,0x00,0x00,
	0x00,0x00,0x00,0x00,0x00,0x00,0x00,0xFF,0xFF,0xFF,0xFF,0xFF,0xFF,0xFF,0x00,0x00,0x00,0x00,0x00,0x00,0x00,0x00,0x00,0x00,0x00,0x00,0x00,0x00,0x00,0x00,0x00,0x00,0xFF,0xFF,0xFF,0xFF,0xFF,0xFF,0xFF,0xFF,0x00,0x00,0x00,0x00,0x00,0x00,0x00,0x00,0x00,0x00,0x00,0x00,0x00,0x00,0x00,0x00,0xFF,0xFF,0xFF,0xFF,0xFF,0xFF,0x00,0xFF,
	0xFF,0xFF,0xFF,0xFF,0xFF,0x00,0x00,0x00,0x00,0x00,0x00,0x00,0x00,0x00,0x00,0x00,0xFF,0xFF,0xFF,0xFF,0xFF,0xFF,0xFF,0x00,0x00,0x00,0x00,0x00,0x00,0x00,0x00,0x00,0x00,0x00,0x00,0x00,0x00,0x00,0x00,0x00,0x00,0xFF,0xFF,0xFF,0xFF,0xFF,0xFF,0xFF,0xFF,0xFF,0x00,0x00,0x00,0x00,0x00,0x00,0x00,0x00,0x00,0x00,0x00,0x00,0x00,0x00,
	0x00,0xFF,0xFF,0xFF,0xFF,0xFF,0xFF,0x00,0xFF,0xFF,0xFF,0xFF,0xFF,0xFF,0x00,0x00,0x00,0x00,0x00,0x00,0x00,0x00,0x00,0x00,0x00,0xFF,0xFF,0xFF,0xFF,0xFF,0xFF,0xFF,0x00,0x00,0x00,0x00,0x00,0x00,0x00,0x00,0x00,0x00,0x00,0x00,0x00,0x00,0x00,0x00,0x00,0x00,0x00,0xFF,0xFF,0xFF,0xFF,0xFF,0xFF,0xFF,0xFF,0xFF,0xFF,0xFF,0xFF,0xFF,
	0xFF,0x00,0x00,0x00,0x00,0x00,0x00,0x00,0x00,0x00,0xFF,0xFF,0xFF,0xFF,0xFF,0xFF,0x00,0xFF,0xFF,0xFF,0xFF,0xFF,0xFF,0xFF,0x00,0x00,0x00,0x00,0x00,0x00,0x00,0x00,0x00,0x00,0xFF,0xFF,0xFF,0xFF,0xFF,0xFF,0xFF,0x00,0x00,0x00,0x00,0x00,0x00,0x00,0x00,0x00,0x00,0x00,0x00,0x00,0x00,0x00,0x00,0x00,0x00,0x00,0xFF,0xFF,0xFF,0xFF,
	0xFF,0xFF,0xFF,0xFF,0xFF,0xFF,0xFF,0xFF,0xFF,0xFF,0x00,0x00,0x00,0x00,0x00,0x00,0x00,0x00,0xFF,0xFF,0xFF,0xFF,0xFF,0xFF,0xFF,0x00,0x00,0xFF,0xFF,0xFF,0xFF,0xFF,0xFF,0x00,0x00,0x00,0x00,0x00,0x00,0x00,0x00,0x00,0x00,0xFF,0xFF,0xFF,0xFF,0xFF,0xFF,0xFF,0x00,0x00,0x00,0x00,0x00,0x00,0x00,0x00,0x00,0x00,0x00,0x00,0x00,0x00,
	0x00,0x00,0x00,0x00,0x00,0x00,0xFF,0xFF,0xFF,0xFF,0xFF,0xFF,0xFF,0xFF,0xFF,0xFF,0xFF,0xFF,0xFF,0xFF,0xFF,0x00,0x00,0x00,0x00,0x00,0x00,0xFF,0xFF,0xFF,0xFF,0xFF,0xFF,0xFF,0x00,0x00,0xFF,0xFF,0xFF,0xFF,0xFF,0xFF,0x00,0x00,0x00,0x00,0x00,0x00,0x00,0x00,0x00,0x00,0xFF,0xFF,0xFF,0xFF,0xFF,0xFF,0xFF,0x00,0x00,0x00,0x00,0x00,
	0x00,0x00,0x00,0x00,0x00,0x00,0x00,0x00,0x00,0x00,0x00,0x00,0x00,0x00,0x00,0x00,0xFF,0xFF,0xFF,0xFF,0xFF,0xFF,0xFF,0xFF,0xFF,0xFF,0xFF,0xFF,0xFF,0xFF,0xFF,0x00,0x00,0x00,0x00,0x00,0xFF,0xFF,0xFF,0xFF,0xFF,0xFF,0x00,0x00,0x00,0xFF,0xFF,0xFF,0xFF,0xFF,0xFF,0xFF,0x00,0x00,0x00,0x00,0x00,0x00,0x00,0x00,0x00,0xFF,0xFF,0xFF,
	0xFF,0xFF,0xFF,0xFF,0x00,0x00,0x00,0x00,0x00,0x00,0x00,0x00,0x00,0x00,0x00,0x00,0x00,0x00,0x00,0x00,0x00,0x00,0x00,0x00,0x00,0x00,0xFF,0xFF,0xFF,0xFF,0xFF,0xFF,0xFF,0xFF,0xFF,0xFF,0xFF,0xFF,0xFF,0xFF,0xFF,0x00,0x00,0x00,0x00,0xFF,0xFF,0xFF,0xFF,0xFF,0xFF,0xFF,0xFF,0xFF,0xFF,0xFF,0xFF,0xFF,0xFF,0xFF,0xFF,0x00,0x00,0x00,
	0x00,0x00,0x00,0x00,0x00,0x00,0xFF,0xFF,0xFF,0xFF,0xFF,0xFF,0xFF,0x00,0x00,0x00,0x00,0x00,0x00,0x00,0x00,0x00,0x00,0x00,0x00,0x00,0x00,0x00,0x00,0x00,0x00,0x00,0x00,0x00,0x00,0x00,0x00,0x00,0xFF,0xFF,0xFF,0xFF,0xFF,0xFF,0xFF,0xFF,0xFF,0xFF,0xFF,0xFF,0x00,0x00,0x00,0xFF,0xFF,0xFF,0xFF,0xFF,0xFF,0xFF,0xFF,0xFF,0xFF,0xFF,
	0xFF,0xFF,0xFF,0xFF,0xFF,0xFF,0xFF,0x00,0x00,0x00,0x00,0x00,0x00,0x00,0x00,0xFF,0xFF,0xFF,0xFF,0xFF,0xFF,0xFF,0x00,0x00,0x00,0x00,0x00,0x00,0x00,0x00,0x00,0x00,0x00,0x00,0x00,0x00,0x00,0x00,0x00,0x00,0x00,0x00,0x00,0x00,0x00,0x00,0x00,0x00,0x00,0x00,0x00,0xFF,0xFF,0xFF,0xFF,0xFF,0xFF,0xFF,0xFF,0x00,0x00,0xFF,0xFF,0xFF,
	0xFF,0xFF,0xFF,0xFF,0xFF,0xFF,0xFF,0xFF,0xFF,0xFF,0xFF,0xFF,0xFF,0xFF,0xFF,0xFF,0x00,0x00,0x00,0x00,0x00,0x00,0x00,0x00,0xFF,0xFF,0xFF,0xFF,0xFF,0xFF,0xFF,0x00,0x00,0x00,0x00,0x00,0x00,0x00,0x00,0x00,0x00,0x00,0x00,0x00,0x00,0x00,0x00,0x00,0x00,0x00,0x00,0x00,0x00,0x00,0x00,0x00,0x00,0x00,0x00,0x00,0x00,0xFF,0xFF,0xFF,
	0xFF,0xFF,0xFF,0xFF,0x00,0x00,0xFF,0xFF,0xFF,0xFF,0xFF,0xFF,0xFF,0xFF,0xFF,0xFF,0xFF,0xFF,0xFF,0xFF,0xFF,0xFF,0xFF,0xFF,0xFF,0x00,0x00,0x00,0x00,0x00,0x00,0x00,0x00,0xFF,0xFF,0xFF,0xFF,0xFF,0xFF,0xFF,0x00,0x00,0x00,0x00,0x00,0x00,0x00,0x00,0x00,0x00,0x00,0x00,0x00,0x00,0x00,0x00,0x00,0x00,0x00,0xFF,0xFF,0xFF,0xFF,0x00,
	0x00,0x00,0x00,0x00,0x00,0x00,0x00,0xFF,0xFF,0xFF,0xFF,0xFF,0xFF,0x00,0x00,0xFF,0xFF,0xFF,0xFF,0xFF,0xFF,0xFF,0xFF,0xFF,0xFF,0xFF,0xFF,0xFF,0xFF,0xFF,0xFF,0xFF,0xFF,0xFF,0x00,0x00,0x00,0x00,0x00,0x00,0x00,0x00,0xFF,0xFF,0xFF,0xFF,0xFF,0xFF,0xFF,0x00,0x00,0x00,0x00,0x00,0x00,0x00,0x00,0x00,0x00,0x00,0x00,0x00,0x00,0x00,
	0x00,0x00,0x00,0xFF,0xFF,0xFF,0xFF,0xFF,0xFF,0x00,0x00,0x00,0x00,0x00,0x00,0x00,0xFF,0xFF,0xFF,0xFF,0xFF,0xFF,0x00,0x00,0xFF,0xFF,0xFF,0xFF,0xFF,0xFF,0xFF,0xFF,0xFF,0xFF,0xFF,0xFF,0xFF,0xFF,0xFF,0xFF,0xFF,0xFF,0xFF,0xFF,0x00,0x00,0x00,0x00,0x00,0x00,0x00,0xFF,0xFF,0xFF,0xFF,0xFF,0xFF,0xFF,0x00,0x00,0x00,0x00,0x00,0x00,
	0x00,0x00,0x00,0x00,0x00,0x00,0x00,0x00,0x00,0x00,0x00,0x00,0xFF,0xFF,0xFF,0xFF,0xFF,0xFF,0xFF,0x00,0x00,0x00,0x00,0xFF,0xFF,0xFF,0xFF,0xFF,0xFF,0xFF,0xFF,0x00,0xFF,0xFF,0xFF,0xFF,0xFF,0xFF,0xFF,0x00,0x00,0x00,0x00,0x00,0x00,0x00,0xFF,0xFF,0xFF,0xFF,0xFF,0xFF,0xFF,0xFF,0x00,0x00,0x00,0x00,0x00,0x00,0xFF,0xFF,0xFF,0xFF,
	0xFF,0xFF,0xFF,0x00,0x00,0x00,0x00,0x00,0x00,0x00,0x00,0x00,0x00,0x00,0x00,0x00,0x00,0x00,0x00,0x00,0x00,0xFF,0xFF,0xFF,0xFF,0xFF,0xFF,0xFF,0xFF,0xFF,0xFF,0xFF,0xFF,0xFF,0xFF,0xFF,0xFF,0xFF,0xFF,0xFF,0x00,0xFF,0xFF,0xFF,0xFF,0xFF,0xFF,0xFF,0x00,0x00,0x00,0x00,0x00,0x00,0x00,0xFF,0xFF,0xFF,0xFF,0xFF,0xFF,0xFF,0xFF,0x00,
	0x00,0x00,0x00,0x00,0x00,0xFF,0xFF,0xFF,0xFF,0xFF,0xFF,0xFF,0x00,0x00,0x00,0x00,0x00,0x00,0x00,0x00,0x00,0x00,0x00,0x00,0x00,0x00,0x00,0x00,0x00,0x00,0xFF,0xFF,0xFF,0xFF,0xFF,0xFF,0xFF,0xFF,0xFF,0xFF,0xFF,0xFF,0xFF,0xFF,0xFF,0xFF,0xFF,0xFF,0xFF,0xFF,0xFF,0xFF,0xFF,0xFF,0xFF,0xFF,0xFF,0x00,0x00,0x00,0x00,0x00,0x00,0x00,
	0x00,0xFF,0xFF,0xFF,0xFF,0xFF,0xFF,0xFF,0x00,0x00,0x00,0x00,0x00,0x00,0xFF,0xFF,0xFF,0xFF,0xFF,0xFF,0xFF,0x00,0x00,0x00,0x00,0x00,0x00,0x00,0x00,0x00,0x00,0x00,0x00,0x00,0x00,0x00,0x00,0x00,0x00,0x00,0xFF,0xFF,0xFF,0xFF,0xFF,0xFF,0xFF,0xFF,0xFF,0xFF,0xFF,0xFF,0xFF,0xFF,0xFF,0xFF,0xFF,0x00,0xFF,0xFF,0xFF,0xFF,0xFF,0xFF,
	0xFF,0x00,0x00,0x00,0x00,0x00,0x00,0x00,0x00,0x00,0x00,0xFF,0xFF,0xFF,0xFF,0xFF,0xFF,0x00,0x00,0x00,0x00,0x00,0x00,0xFF,0xFF,0xFF,0xFF,0xFF,0xFF,0xFF,0x00,0x00,0x00,0x00,0x00,0x00,0x00,0x00,0x00,0x00,0x00,0x00,0x00,0x00,0x00,0x00,0x00,0x00,0x00,0x00,0xFF,0xFF,0xFF,0xFF,0xFF,0xFF,0xFF,0xFF,0xFF,0xFF,0xFF,0xFF,0xFF,0xFF,
	0xFF,0x00,0x00,0xFF,0xFF,0xFF,0xFF,0xFF,0xFF,0xFF,0x00,0x00,0x00,0x00,0x00,0x00,0x00,0x00,0x00,0xFF,0xFF,0xFF,0xFF,0xFF,0xFF,0xFF,0x00,0x00,0x00,0x00,0x00,0x00,0xFF,0xFF,0xFF,0xFF,0xFF,0xFF,0xFF,0x00,0x00,0x00,0x00,0x00,0x00,0x00,0x00,0x00,0x00,0x00,0x00,0x00,0x00,0x00,0x00,0x00,0x00,0x00,0x00,0x00,0xFF,0xFF,0xFF,0xFF,
	0xFF,0xFF,0xFF,0xFF,0xFF,0xFF,0xFF,0xFF,0xFF,0x00,0x00,0x00,0xFF,0xFF,0xFF,0xFF,0xFF,0xFF,0x00,0x00,0x00,0x00,0x00,0x00,0x00,0x00,0x00,0x00,0x00,0xFF,0xFF,0xFF,0xFF,0xFF,0xFF,0x00,0x00,0x00,0x00,0x00,0x00,0xFF,0xFF,0xFF,0xFF,0xFF,0xFF,0xFF,0x00,0x00,0x00,0x00,0x00,0x00,0x00,0x00,0x00,0x00,0x00,0x00,0x00,0x00,0x00,0x00,
	0x00,0x00,0x00,0x00,0x00,0x00,0x00,0x00,0xFF,0xFF,0xFF,0xFF,0xFF,0xFF,0xFF,0xFF,0x00,0x00,0x00,0x00,0x00,0xFF,0xFF,0xFF,0xFF,0xFF,0xFF,0x00,0x00,0x00,0x00,0x00,0x00,0x00,0x00,0x00,0x00,0x00,0xFF,0xFF,0xFF,0xFF,0xFF,0xFF,0x00,0x00,0x00,0x00,0x00,0x00,0x00,0xFF,0xFF,0xFF,0xFF,0xFF,0x00,0x00,0x00,0x00,0x00,0x00,0x00,0x00,
	0x00,0x00,0x00,0x00,0x00,
    };
        


const lv_img_dsc_t face_1891_2_390_dial_img_12_56861_5 = {
    .header.magic = LV_IMAGE_HEADER_MAGIC,
    .header.w = 73,
    .header.h = 29,
    .data_size = sizeof(face_1891_2_390_dial_img_12_56861_data_5),
    .header.cf = LV_COLOR_FORMAT_RGB565A8,
    .data = face_1891_2_390_dial_img_12_56861_data_5};

    
// LVGL 9 format (RGB565) // LVGL_9 compatible 
const LV_ATTRIBUTE_MEM_ALIGN uint8_t face_1891_2_390_dial_img_12_56861_data_6[] = {
	//RGB565 data 
	0x00,0x00,0x00,0x00,0x00,0x00,0x00,0x00,0x00,0x00,0x00,0x00,0x00,0x00,0x00,0x00,0x00,0x00,0x00,0x00,0x00,0x00,0x00,0x00,0x00,0x00,0x00,0x00,0x41,0x08,0x41,0x08,0x41,0x08,0x41,0x08,0x41,0x08,0x00,0x00,0x00,0x00,0x00,0x00,0x00,0x00,0x00,0x00,0x00,0x00,0x00,0x00,0x00,0x00,0x00,0x00,0x00,0x00,0x00,0x00,0x00,0x00,0x00,0x00,
	0x00,0x00,0x00,0x00,0x00,0x00,0x00,0x00,0x00,0x00,0x00,0x00,0x00,0x00,0x00,0x00,0x00,0x00,0x00,0x00,0x00,0x00,0x00,0x00,0x00,0x00,0x41,0x08,0x00,0x00,0x00,0x00,0x00,0x00,0x00,0x00,0x00,0x00,0x00,0x00,0x00,0x00,0x00,0x00,0x00,0x00,0x00,0x00,0x00,0x00,0x41,0x08,0x00,0x00,0x00,0x00,0x00,0x00,0x00,0x00,0x00,0x00,0x00,0x00,
	0x00,0x00,0x00,0x00,0x00,0x00,0x00,0x00,0x00,0x00,0x00,0x00,0x00,0x00,0x00,0x00,0x00,0x00,0x00,0x00,0x00,0x00,0x00,0x00,0x00,0x00,0x00,0x00,0x00,0x00,0x00,0x00,0x00,0x00,0x00,0x00,0x41,0x08,0xE3,0x18,0x65,0x29,0x65,0x29,0x65,0x29,0xE3,0x18,0x82,0x10,0x00,0x00,0x00,0x00,0x00,0x00,0x00,0x00,0x00,0x00,0x00,0x00,0x00,0x00,
	0x00,0x00,0x41,0x08,0x82,0x10,0x82,0x10,0x41,0x08,0x00,0x00,0x00,0x00,0x00,0x00,0x00,0x00,0x00,0x00,0x00,0x00,0x00,0x00,0x00,0x00,0x00,0x00,0x00,0x00,0x00,0x00,0x41,0x08,0x41,0x08,0x82,0x10,0x82,0x10,0x41,0x08,0x00,0x00,0x00,0x00,0x00,0x00,0x00,0x00,0x41,0x08,0x82,0x10,0x82,0x10,0x82,0x10,0x00,0x00,0x00,0x00,0x00,0x00,
	0x00,0x00,0x00,0x00,0x00,0x00,0x00,0x00,0x00,0x00,0x00,0x00,0x00,0x00,0x00,0x00,0x41,0x08,0x82,0x10,0x82,0x10,0x41,0x08,0x41,0x08,0x00,0x00,0x00,0x00,0x00,0x00,0x00,0x00,0x00,0x00,0x00,0x00,0x00,0x00,0x00,0x00,0x00,0x00,0x00,0x00,0x00,0x00,0x00,0x00,0x41,0x08,0xE3,0x18,0x65,0x29,0x08,0x42,0x6D,0x6B,0x92,0x94,0x92,0x94,
	0x6D,0x6B,0x08,0x42,0x65,0x29,0x41,0x08,0x00,0x00,0x00,0x00,0x00,0x00,0x00,0x00,0x00,0x00,0x00,0x00,0x65,0x29,0x08,0x42,0x08,0x42,0x08,0x42,0xE3,0x18,0x41,0x08,0x00,0x00,0x00,0x00,0x00,0x00,0x00,0x00,0x00,0x00,0x00,0x00,0x00,0x00,0x00,0x00,0x00,0x00,0xE3,0x18,0x65,0x29,0x08,0x42,0x08,0x42,0x65,0x29,0x00,0x00,0x00,0x00,
	0x00,0x00,0x41,0x08,0x65,0x29,0x08,0x42,0x08,0x42,0x08,0x42,0x65,0x29,0x82,0x10,0x00,0x00,0x00,0x00,0x00,0x00,0x00,0x00,0x00,0x00,0x00,0x00,0x00,0x00,0x00,0x00,0x00,0x00,0xE3,0x18,0x08,0x42,0x08,0x42,0x08,0x42,0xE3,0x18,0x41,0x08,0x00,0x00,0x00,0x00,0x00,0x00,0x00,0x00,0x00,0x00,0x00,0x00,0x00,0x00,0x00,0x00,0x00,0x00,
	0x00,0x00,0x65,0x29,0x6D,0x6B,0x76,0xB5,0x79,0xCE,0x79,0xCE,0x3D,0xEF,0x3D,0xEF,0x3D,0xEF,0x79,0xCE,0x79,0xCE,0x79,0xCE,0x92,0x94,0xE3,0x18,0x00,0x00,0x00,0x00,0x00,0x00,0x00,0x00,0x00,0x00,0x6D,0x6B,0x79,0xCE,0x79,0xCE,0x76,0xB5,0x6D,0x6B,0xE3,0x18,0x00,0x00,0x00,0x00,0x00,0x00,0x00,0x00,0x00,0x00,0x00,0x00,0x00,0x00,
	0x00,0x00,0x82,0x10,0x08,0x42,0x92,0x94,0x79,0xCE,0x79,0xCE,0x92,0x94,0x41,0x08,0x00,0x00,0x00,0x00,0xE3,0x18,0x6D,0x6B,0x79,0xCE,0x79,0xCE,0x79,0xCE,0x76,0xB5,0x08,0x42,0x00,0x00,0x00,0x00,0x00,0x00,0x00,0x00,0x00,0x00,0x00,0x00,0x00,0x00,0x00,0x00,0x00,0x00,0x6D,0x6B,0x76,0xB5,0x79,0xCE,0x76,0xB5,0x6D,0x6B,0x82,0x10,
	0x00,0x00,0x00,0x00,0x00,0x00,0x00,0x00,0x00,0x00,0x00,0x00,0x00,0x00,0x00,0x00,0x41,0x08,0xE3,0x18,0x6D,0x6B,0x79,0xCE,0xFF,0xFF,0xFF,0xFF,0xFF,0xFF,0xFF,0xFF,0xFF,0xFF,0xFF,0xFF,0xFF,0xFF,0xFF,0xFF,0xFF,0xFF,0x3D,0xEF,0x6D,0x6B,0xE3,0x18,0x00,0x00,0x00,0x00,0x00,0x00,0x00,0x00,0x76,0xB5,0xFF,0xFF,0xFF,0xFF,0x3D,0xEF,
	0x92,0x94,0xE3,0x18,0x00,0x00,0x00,0x00,0x00,0x00,0x00,0x00,0x00,0x00,0x00,0x00,0x00,0x00,0x00,0x00,0x82,0x10,0x6D,0x6B,0x79,0xCE,0xFF,0xFF,0xFF,0xFF,0x79,0xCE,0x41,0x08,0x00,0x00,0x00,0x00,0x65,0x29,0x92,0x94,0xFF,0xFF,0xFF,0xFF,0xFF,0xFF,0xBE,0xF7,0x92,0x94,0xE3,0x18,0x00,0x00,0x00,0x00,0x00,0x00,0x00,0x00,0x00,0x00,
	0x00,0x00,0x00,0x00,0x00,0x00,0x92,0x94,0x3D,0xEF,0xFF,0xFF,0x79,0xCE,0x6D,0x6B,0xE3,0x18,0x00,0x00,0x00,0x00,0x00,0x00,0x00,0x00,0x00,0x00,0x00,0x00,0x00,0x00,0x00,0x00,0xE3,0x18,0x6D,0x6B,0x79,0xCE,0xFF,0xFF,0xFF,0xFF,0xFF,0xFF,0xFF,0xFF,0xBE,0xF7,0xBE,0xF7,0xFF,0xFF,0xFF,0xFF,0xFF,0xFF,0xFF,0xFF,0xBE,0xF7,0x79,0xCE,
	0x6D,0x6B,0x00,0x00,0x00,0x00,0x00,0x00,0x00,0x00,0x92,0x94,0xFF,0xFF,0xFF,0xFF,0x79,0xCE,0x6D,0x6B,0xE3,0x18,0x00,0x00,0x00,0x00,0x00,0x00,0x00,0x00,0x00,0x00,0x00,0x00,0x00,0x00,0x00,0x00,0x82,0x10,0x6D,0x6B,0x79,0xCE,0xFF,0xFF,0xFF,0xFF,0x76,0xB5,0x41,0x08,0x00,0x00,0x00,0x00,0x65,0x29,0x92,0x94,0xFF,0xFF,0xFF,0xFF,
	0xFF,0xFF,0xFF,0xFF,0x79,0xCE,0x6D,0x6B,0xE3,0x18,0x00,0x00,0x00,0x00,0x00,0x00,0x00,0x00,0x00,0x00,0x00,0x00,0x00,0x00,0x92,0x94,0x3D,0xEF,0xFF,0xFF,0x79,0xCE,0x6D,0x6B,0xE3,0x18,0x00,0x00,0x00,0x00,0x00,0x00,0x00,0x00,0x00,0x00,0x00,0x00,0x00,0x00,0x00,0x00,0x65,0x29,0x79,0xCE,0xBE,0xF7,0xFF,0xFF,0xFF,0xFF,0x79,0xCE,
	0x92,0x94,0x6D,0x6B,0x6D,0x6B,0x6D,0x6B,0x92,0x94,0x76,0xB5,0xBE,0xF7,0xFF,0xFF,0xFF,0xFF,0x76,0xB5,0x08,0x42,0x82,0x10,0x00,0x00,0x00,0x00,0x92,0x94,0xFF,0xFF,0xFF,0xFF,0x79,0xCE,0x6D,0x6B,0xE3,0x18,0x00,0x00,0x00,0x00,0x00,0x00,0x00,0x00,0x00,0x00,0x00,0x00,0x00,0x00,0x00,0x00,0x82,0x10,0x6D,0x6B,0x79,0xCE,0xFF,0xFF,
	0xFF,0xFF,0x76,0xB5,0x41,0x08,0x00,0x00,0x00,0x00,0x65,0x29,0x92,0x94,0xFF,0xFF,0xFF,0xFF,0xFF,0xFF,0xFF,0xFF,0x3D,0xEF,0x79,0xCE,0x08,0x42,0x00,0x00,0x00,0x00,0x00,0x00,0x00,0x00,0x00,0x00,0x00,0x00,0x00,0x00,0x92,0x94,0x3D,0xEF,0xFF,0xFF,0x79,0xCE,0x6D,0x6B,0xE3,0x18,0x00,0x00,0x00,0x00,0x00,0x00,0x00,0x00,0x00,0x00,
	0x00,0x00,0x00,0x00,0x00,0x00,0x08,0x42,0xBE,0xF7,0xFF,0xFF,0xFF,0xFF,0x3D,0xEF,0x92,0x94,0x82,0x10,0x00,0x00,0x00,0x00,0x00,0x00,0x82,0x10,0x08,0x42,0x79,0xCE,0xBE,0xF7,0xBE,0xF7,0x79,0xCE,0x6D,0x6B,0xE3,0x18,0x00,0x00,0x00,0x00,0x92,0x94,0xFF,0xFF,0xFF,0xFF,0x79,0xCE,0x6D,0x6B,0xE3,0x18,0x00,0x00,0x00,0x00,0x00,0x00,
	0x00,0x00,0x00,0x00,0x00,0x00,0x00,0x00,0x00,0x00,0x82,0x10,0x6D,0x6B,0x79,0xCE,0xFF,0xFF,0xFF,0xFF,0x76,0xB5,0x41,0x08,0x00,0x00,0x00,0x00,0x65,0x29,0x92,0x94,0xFF,0xFF,0xFF,0xFF,0xFF,0xFF,0xFF,0xFF,0xFF,0xFF,0xFF,0xFF,0x6D,0x6B,0xE3,0x18,0x00,0x00,0x00,0x00,0x00,0x00,0x00,0x00,0x00,0x00,0x00,0x00,0x92,0x94,0x3D,0xEF,
	0xFF,0xFF,0x79,0xCE,0x6D,0x6B,0xE3,0x18,0x00,0x00,0x00,0x00,0x00,0x00,0x00,0x00,0x00,0x00,0x00,0x00,0x00,0x00,0xE3,0x18,0x6D,0x6B,0xBE,0xF7,0xFF,0xFF,0xBE,0xF7,0x92,0x94,0x08,0x42,0x00,0x00,0x00,0x00,0x00,0x00,0x00,0x00,0x00,0x00,0x82,0x10,0x6D,0x6B,0x76,0xB5,0x92,0x94,0x08,0x42,0xE3,0x18,0x00,0x00,0x00,0x00,0x00,0x00,
	0x92,0x94,0xFF,0xFF,0xFF,0xFF,0x79,0xCE,0x6D,0x6B,0xE3,0x18,0x00,0x00,0x00,0x00,0x00,0x00,0x00,0x00,0x00,0x00,0x00,0x00,0x00,0x00,0x00,0x00,0x82,0x10,0x6D,0x6B,0x79,0xCE,0xFF,0xFF,0xFF,0xFF,0x76,0xB5,0x41,0x08,0x00,0x00,0x00,0x00,0x65,0x29,0x92,0x94,0xFF,0xFF,0xFF,0xFF,0xFF,0xFF,0xFF,0xFF,0xFF,0xFF,0xFF,0xFF,0x79,0xCE,
	0x6D,0x6B,0x00,0x00,0x00,0x00,0x00,0x00,0x00,0x00,0x00,0x00,0x00,0x00,0x92,0x94,0x3D,0xEF,0xFF,0xFF,0x79,0xCE,0x6D,0x6B,0xE3,0x18,0x00,0x00,0x00,0x00,0x00,0x00,0x00,0x00,0x00,0x00,0x00,0x00,0x00,0x00,0xE3,0x18,0x6D,0x6B,0xBE,0xF7,0xFF,0xFF,0xBE,0xF7,0x92,0x94,0x65,0x29,0x00,0x00,0x00,0x00,0x00,0x00,0x00,0x00,0x00,0x00,
	0x00,0x00,0x65,0x29,0x08,0x42,0x65,0x29,0x82,0x10,0x00,0x00,0x00,0x00,0x00,0x00,0x00,0x00,0x92,0x94,0xFF,0xFF,0xFF,0xFF,0x79,0xCE,0x6D,0x6B,0xE3,0x18,0x00,0x00,0x00,0x00,0x00,0x00,0x00,0x00,0x00,0x00,0x00,0x00,0x00,0x00,0x00,0x00,0x82,0x10,0x6D,0x6B,0x79,0xCE,0xFF,0xFF,0xFF,0xFF,0x76,0xB5,0x41,0x08,0x00,0x00,0x00,0x00,
	0x65,0x29,0x92,0x94,0xFF,0xFF,0xFF,0xFF,0xFF,0xFF,0x3D,0xEF,0xBE,0xF7,0xFF,0xFF,0xFF,0xFF,0x76,0xB5,0x65,0x29,0x41,0x08,0x00,0x00,0x00,0x00,0x00,0x00,0x00,0x00,0x92,0x94,0x3D,0xEF,0xFF,0xFF,0x79,0xCE,0x6D,0x6B,0xE3,0x18,0x00,0x00,0x00,0x00,0x00,0x00,0x00,0x00,0x00,0x00,0x00,0x00,0x00,0x00,0xE3,0x18,0x6D,0x6B,0xBE,0xF7,
	0xFF,0xFF,0xBE,0xF7,0x92,0x94,0x08,0x42,0x00,0x00,0x00,0x00,0x00,0x00,0x00,0x00,0x00,0x00,0x00,0x00,0x00,0x00,0x00,0x00,0x00,0x00,0x00,0x00,0x00,0x00,0x00,0x00,0x00,0x00,0x00,0x00,0x92,0x94,0xFF,0xFF,0xFF,0xFF,0x79,0xCE,0x6D,0x6B,0xE3,0x18,0x00,0x00,0x00,0x00,0x00,0x00,0x00,0x00,0x00,0x00,0x00,0x00,0x00,0x00,0x00,0x00,
	0x82,0x10,0x6D,0x6B,0x79,0xCE,0xFF,0xFF,0xFF,0xFF,0x76,0xB5,0x41,0x08,0x00,0x00,0x00,0x00,0x65,0x29,0x92,0x94,0xFF,0xFF,0xFF,0xFF,0x3D,0xEF,0x76,0xB5,0x79,0xCE,0xFF,0xFF,0xFF,0xFF,0x3D,0xEF,0x6D,0x6B,0x65,0x29,0x00,0x00,0x00,0x00,0x00,0x00,0x00,0x00,0x92,0x94,0x3D,0xEF,0xFF,0xFF,0x79,0xCE,0x6D,0x6B,0xE3,0x18,0x00,0x00,
	0x00,0x00,0x00,0x00,0x00,0x00,0x00,0x00,0x00,0x00,0x00,0x00,0x82,0x10,0x6D,0x6B,0xBE,0xF7,0xFF,0xFF,0xFF,0xFF,0x3D,0xEF,0x92,0x94,0x08,0x42,0xE3,0x18,0x00,0x00,0x00,0x00,0x00,0x00,0x00,0x00,0x00,0x00,0x00,0x00,0x00,0x00,0x00,0x00,0x00,0x00,0x00,0x00,0x00,0x00,0x00,0x00,0x92,0x94,0xFF,0xFF,0xFF,0xFF,0x79,0xCE,0x6D,0x6B,
	0xE3,0x18,0x00,0x00,0x00,0x00,0x00,0x00,0x00,0x00,0x00,0x00,0x00,0x00,0x00,0x00,0x00,0x00,0x82,0x10,0x6D,0x6B,0x79,0xCE,0xFF,0xFF,0xFF,0xFF,0x76,0xB5,0x41,0x08,0x00,0x00,0x00,0x00,0x65,0x29,0x92,0x94,0xFF,0xFF,0xFF,0xFF,0x79,0xCE,0x08,0x42,0x92,0x94,0xFF,0xFF,0xFF,0xFF,0xBE,0xF7,0x79,0xCE,0x6D,0x6B,0x00,0x00,0x00,0x00,
	0x00,0x00,0x00,0x00,0x92,0x94,0x3D,0xEF,0xFF,0xFF,0x79,0xCE,0x6D,0x6B,0xE3,0x18,0x00,0x00,0x00,0x00,0x00,0x00,0x00,0x00,0x00,0x00,0x00,0x00,0x00,0x00,0x00,0x00,0x08,0x42,0x79,0xCE,0xBE,0xF7,0xFF,0xFF,0xFF,0xFF,0x3D,0xEF,0x76,0xB5,0x6D,0x6B,0x08,0x42,0x65,0x29,0x65,0x29,0xE3,0x18,0x82,0x10,0x00,0x00,0x00,0x00,0x00,0x00,
	0x00,0x00,0x00,0x00,0x00,0x00,0x00,0x00,0x92,0x94,0xFF,0xFF,0xFF,0xFF,0x79,0xCE,0x6D,0x6B,0xE3,0x18,0x00,0x00,0x00,0x00,0x00,0x00,0x00,0x00,0x00,0x00,0x00,0x00,0x00,0x00,0x00,0x00,0x82,0x10,0x6D,0x6B,0x79,0xCE,0xFF,0xFF,0xFF,0xFF,0x76,0xB5,0x41,0x08,0x00,0x00,0x00,0x00,0x65,0x29,0x92,0x94,0xFF,0xFF,0xFF,0xFF,0x79,0xCE,
	0x82,0x10,0x08,0x42,0x3D,0xEF,0xFF,0xFF,0xFF,0xFF,0xFF,0xFF,0x92,0x94,0x65,0x29,0x00,0x00,0x00,0x00,0x00,0x00,0x92,0x94,0x3D,0xEF,0xFF,0xFF,0x79,0xCE,0x6D,0x6B,0xE3,0x18,0x00,0x00,0x00,0x00,0x00,0x00,0x00,0x00,0x00,0x00,0x00,0x00,0x00,0x00,0x00,0x00,0xE3,0x18,0x92,0x94,0x79,0xCE,0xFF,0xFF,0xFF,0xFF,0xFF,0xFF,0xBE,0xF7,
	0xBE,0xF7,0x3D,0xEF,0x79,0xCE,0x76,0xB5,0x92,0x94,0x08,0x42,0xE3,0x18,0x00,0x00,0x00,0x00,0x00,0x00,0x00,0x00,0x00,0x00,0x00,0x00,0x92,0x94,0xFF,0xFF,0xFF,0xFF,0x79,0xCE,0x6D,0x6B,0xE3,0x18,0x00,0x00,0x00,0x00,0x00,0x00,0x00,0x00,0x00,0x00,0x00,0x00,0x00,0x00,0x00,0x00,0x82,0x10,0x6D,0x6B,0x79,0xCE,0xFF,0xFF,0xFF,0xFF,
	0x76,0xB5,0x41,0x08,0x00,0x00,0x00,0x00,0x65,0x29,0x92,0x94,0xFF,0xFF,0xFF,0xFF,0x79,0xCE,0x82,0x10,0xE3,0x18,0x92,0x94,0x3D,0xEF,0xFF,0xFF,0xFF,0xFF,0x3D,0xEF,0x92,0x94,0x82,0x10,0x00,0x00,0x00,0x00,0x92,0x94,0x3D,0xEF,0xFF,0xFF,0x79,0xCE,0x6D,0x6B,0xE3,0x18,0x00,0x00,0x00,0x00,0x00,0x00,0x00,0x00,0x00,0x00,0x00,0x00,
	0x00,0x00,0x00,0x00,0x41,0x08,0x65,0x29,0x6D,0x6B,0x76,0xB5,0x3D,0xEF,0xFF,0xFF,0xFF,0xFF,0xFF,0xFF,0xFF,0xFF,0xFF,0xFF,0xBE,0xF7,0x79,0xCE,0x76,0xB5,0x92,0x94,0x08,0x42,0xE3,0x18,0x00,0x00,0x00,0x00,0x00,0x00,0x00,0x00,0x92,0x94,0xFF,0xFF,0xFF,0xFF,0x79,0xCE,0x6D,0x6B,0xE3,0x18,0x00,0x00,0x00,0x00,0x00,0x00,0x00,0x00,
	0x00,0x00,0x00,0x00,0x00,0x00,0x00,0x00,0x82,0x10,0x6D,0x6B,0x79,0xCE,0xFF,0xFF,0xFF,0xFF,0x76,0xB5,0x41,0x08,0x00,0x00,0x00,0x00,0x65,0x29,0x92,0x94,0xFF,0xFF,0xFF,0xFF,0x79,0xCE,0x82,0x10,0x41,0x08,0x08,0x42,0x79,0xCE,0xBE,0xF7,0xFF,0xFF,0xFF,0xFF,0x79,0xCE,0x08,0x42,0x82,0x10,0x00,0x00,0x6D,0x6B,0x3D,0xEF,0xFF,0xFF,
	0x79,0xCE,0x6D,0x6B,0xE3,0x18,0x00,0x00,0x00,0x00,0x00,0x00,0x00,0x00,0x00,0x00,0x00,0x00,0x00,0x00,0x00,0x00,0x00,0x00,0x00,0x00,0x82,0x10,0x08,0x42,0x76,0xB5,0x3D,0xEF,0x3D,0xEF,0xBE,0xF7,0xBE,0xF7,0xFF,0xFF,0xFF,0xFF,0xFF,0xFF,0xFF,0xFF,0xBE,0xF7,0x76,0xB5,0x08,0x42,0x41,0x08,0x00,0x00,0x00,0x00,0x00,0x00,0x92,0x94,
	0xFF,0xFF,0xFF,0xFF,0x79,0xCE,0x6D,0x6B,0xE3,0x18,0x00,0x00,0x00,0x00,0x00,0x00,0x00,0x00,0x00,0x00,0x00,0x00,0x00,0x00,0x00,0x00,0x82,0x10,0x6D,0x6B,0x79,0xCE,0xFF,0xFF,0xFF,0xFF,0x76,0xB5,0x41,0x08,0x00,0x00,0x00,0x00,0x65,0x29,0x92,0x94,0xFF,0xFF,0xFF,0xFF,0x79,0xCE,0xE3,0x18,0x00,0x00,0x00,0x00,0x92,0x94,0x79,0xCE,
	0xFF,0xFF,0xFF,0xFF,0xBE,0xF7,0x92,0x94,0x08,0x42,0x00,0x00,0x6D,0x6B,0x3D,0xEF,0xFF,0xFF,0x79,0xCE,0x6D,0x6B,0xE3,0x18,0x00,0x00,0x00,0x00,0x00,0x00,0x00,0x00,0x00,0x00,0x00,0x00,0x00,0x00,0x00,0x00,0x00,0x00,0x00,0x00,0x00,0x00,0x82,0x10,0x65,0x29,0x08,0x42,0x6D,0x6B,0x6D,0x6B,0x76,0xB5,0x79,0xCE,0xBE,0xF7,0xFF,0xFF,
	0xFF,0xFF,0xFF,0xFF,0xBE,0xF7,0x76,0xB5,0x08,0x42,0x82,0x10,0x00,0x00,0x00,0x00,0x92,0x94,0xFF,0xFF,0xFF,0xFF,0x79,0xCE,0x6D,0x6B,0xE3,0x18,0x00,0x00,0x00,0x00,0x00,0x00,0x00,0x00,0x00,0x00,0x00,0x00,0x00,0x00,0x00,0x00,0x82,0x10,0x6D,0x6B,0x79,0xCE,0xFF,0xFF,0xFF,0xFF,0x76,0xB5,0x41,0x08,0x00,0x00,0x00,0x00,0x65,0x29,
	0x92,0x94,0xFF,0xFF,0xFF,0xFF,0x79,0xCE,0xE3,0x18,0x00,0x00,0x00,0x00,0xE3,0x18,0x6D,0x6B,0xFF,0xFF,0xFF,0xFF,0xFF,0xFF,0x3D,0xEF,0x6D,0x6B,0x82,0x10,0x6D,0x6B,0x3D,0xEF,0xFF,0xFF,0x79,0xCE,0x6D,0x6B,0xE3,0x18,0x00,0x00,0x00,0x00,0x00,0x00,0x00,0x00,0x00,0x00,0x00,0x00,0x00,0x00,0x00,0x00,0x00,0x00,0x00,0x00,0x00,0x00,
	0x00,0x00,0x00,0x00,0x00,0x00,0x82,0x10,0x65,0x29,0x08,0x42,0x6D,0x6B,0x92,0x94,0x79,0xCE,0xBE,0xF7,0xFF,0xFF,0xFF,0xFF,0x3D,0xEF,0x92,0x94,0xE3,0x18,0x00,0x00,0x00,0x00,0x92,0x94,0xFF,0xFF,0xFF,0xFF,0x79,0xCE,0x6D,0x6B,0xE3,0x18,0x00,0x00,0x00,0x00,0x00,0x00,0x00,0x00,0x00,0x00,0x00,0x00,0x00,0x00,0x00,0x00,0x82,0x10,
	0x6D,0x6B,0x79,0xCE,0xFF,0xFF,0xFF,0xFF,0x76,0xB5,0x41,0x08,0x00,0x00,0x00,0x00,0x65,0x29,0x92,0x94,0xFF,0xFF,0xFF,0xFF,0x79,0xCE,0xE3,0x18,0x00,0x00,0x00,0x00,0x00,0x00,0x08,0x42,0x79,0xCE,0xBE,0xF7,0xFF,0xFF,0xFF,0xFF,0x76,0xB5,0x08,0x42,0x92,0x94,0x79,0xCE,0xFF,0xFF,0x79,0xCE,0x6D,0x6B,0xE3,0x18,0x00,0x00,0x00,0x00,
	0x00,0x00,0x00,0x00,0x00,0x00,0x00,0x00,0x00,0x00,0x00,0x00,0x00,0x00,0x00,0x00,0x00,0x00,0x00,0x00,0x00,0x00,0x00,0x00,0x00,0x00,0x00,0x00,0x00,0x00,0x00,0x00,0x82,0x10,0x08,0x42,0x79,0xCE,0xFF,0xFF,0xFF,0xFF,0xBE,0xF7,0x76,0xB5,0x65,0x29,0x00,0x00,0x00,0x00,0x92,0x94,0xFF,0xFF,0xFF,0xFF,0x79,0xCE,0x6D,0x6B,0xE3,0x18,
	0x00,0x00,0x00,0x00,0x00,0x00,0x00,0x00,0x00,0x00,0x00,0x00,0x00,0x00,0x00,0x00,0x82,0x10,0x6D,0x6B,0x79,0xCE,0xFF,0xFF,0xFF,0xFF,0x76,0xB5,0x41,0x08,0x00,0x00,0x00,0x00,0x65,0x29,0x92,0x94,0xFF,0xFF,0xFF,0xFF,0x79,0xCE,0xE3,0x18,0x00,0x00,0x00,0x00,0x00,0x00,0xE3,0x18,0x6D,0x6B,0x79,0xCE,0xFF,0xFF,0xFF,0xFF,0x3D,0xEF,
	0x79,0xCE,0x76,0xB5,0x79,0xCE,0xFF,0xFF,0x79,0xCE,0x6D,0x6B,0xE3,0x18,0x00,0x00,0x00,0x00,0x00,0x00,0x00,0x00,0x00,0x00,0x00,0x00,0x00,0x00,0x00,0x00,0x00,0x00,0x00,0x00,0x00,0x00,0x00,0x00,0x00,0x00,0x00,0x00,0x00,0x00,0x00,0x00,0x00,0x00,0x00,0x00,0x00,0x00,0x82,0x10,0x92,0x94,0x3D,0xEF,0xFF,0xFF,0xFF,0xFF,0x3D,0xEF,
	0x65,0x29,0x00,0x00,0x00,0x00,0x92,0x94,0xFF,0xFF,0xFF,0xFF,0x79,0xCE,0x6D,0x6B,0xE3,0x18,0x00,0x00,0x00,0x00,0x00,0x00,0x00,0x00,0x00,0x00,0x00,0x00,0x00,0x00,0x00,0x00,0xE3,0x18,0x92,0x94,0x79,0xCE,0xFF,0xFF,0xFF,0xFF,0x76,0xB5,0x41,0x08,0x00,0x00,0x00,0x00,0x65,0x29,0x92,0x94,0xFF,0xFF,0xFF,0xFF,0x79,0xCE,0xE3,0x18,
	0x00,0x00,0x00,0x00,0x00,0x00,0x41,0x08,0xE3,0x18,0x92,0x94,0xBE,0xF7,0xFF,0xFF,0xFF,0xFF,0xBE,0xF7,0x3D,0xEF,0x3D,0xEF,0xFF,0xFF,0x79,0xCE,0x6D,0x6B,0xE3,0x18,0x00,0x00,0x00,0x00,0x00,0x00,0x00,0x00,0x00,0x00,0x00,0x00,0x00,0x00,0x41,0x08,0x82,0x10,0x65,0x29,0xE3,0x18,0x82,0x10,0x00,0x00,0x00,0x00,0x00,0x00,0x00,0x00,
	0x00,0x00,0x00,0x00,0x00,0x00,0x00,0x00,0x6D,0x6B,0x79,0xCE,0xFF,0xFF,0xFF,0xFF,0x3D,0xEF,0x65,0x29,0x00,0x00,0x00,0x00,0x92,0x94,0xBE,0xF7,0xFF,0xFF,0x3D,0xEF,0x92,0x94,0x65,0x29,0x00,0x00,0x00,0x00,0x00,0x00,0x00,0x00,0x00,0x00,0x00,0x00,0x00,0x00,0x00,0x00,0xE3,0x18,0x76,0xB5,0x3D,0xEF,0xFF,0xFF,0xFF,0xFF,0x92,0x94,
	0x41,0x08,0x00,0x00,0x00,0x00,0x65,0x29,0x92,0x94,0xFF,0xFF,0xFF,0xFF,0x79,0xCE,0xE3,0x18,0x00,0x00,0x00,0x00,0x00,0x00,0x00,0x00,0x00,0x00,0x08,0x42,0x76,0xB5,0xBE,0xF7,0xFF,0xFF,0xFF,0xFF,0xFF,0xFF,0xFF,0xFF,0xFF,0xFF,0x79,0xCE,0x6D,0x6B,0xE3,0x18,0x00,0x00,0x00,0x00,0x00,0x00,0x00,0x00,0x00,0x00,0x00,0x00,0x00,0x00,
	0xE3,0x18,0x6D,0x6B,0x79,0xCE,0x76,0xB5,0x6D,0x6B,0x82,0x10,0x00,0x00,0x00,0x00,0x00,0x00,0x00,0x00,0x00,0x00,0x00,0x00,0x00,0x00,0x92,0x94,0xBE,0xF7,0xFF,0xFF,0xFF,0xFF,0x79,0xCE,0x65,0x29,0x00,0x00,0x00,0x00,0x6D,0x6B,0x3D,0xEF,0xFF,0xFF,0xFF,0xFF,0x79,0xCE,0x65,0x29,0x00,0x00,0x00,0x00,0x00,0x00,0x00,0x00,0x00,0x00,
	0x00,0x00,0x00,0x00,0x00,0x00,0x65,0x29,0x79,0xCE,0xFF,0xFF,0xFF,0xFF,0x3D,0xEF,0x92,0x94,0x41,0x08,0x00,0x00,0x00,0x00,0x65,0x29,0x92,0x94,0xFF,0xFF,0xFF,0xFF,0x79,0xCE,0xE3,0x18,0x00,0x00,0x00,0x00,0x00,0x00,0x00,0x00,0x00,0x00,0x82,0x10,0x08,0x42,0x3D,0xEF,0xFF,0xFF,0xFF,0xFF,0xFF,0xFF,0xFF,0xFF,0xFF,0xFF,0x79,0xCE,
	0x6D,0x6B,0xE3,0x18,0x00,0x00,0x00,0x00,0x00,0x00,0x00,0x00,0x00,0x00,0x00,0x00,0x00,0x00,0x08,0x42,0x76,0xB5,0xFF,0xFF,0x3D,0xEF,0x76,0xB5,0x08,0x42,0x82,0x10,0x00,0x00,0x00,0x00,0x00,0x00,0x00,0x00,0x82,0x10,0x08,0x42,0x76,0xB5,0xFF,0xFF,0xFF,0xFF,0xBE,0xF7,0x79,0xCE,0x65,0x29,0x00,0x00,0x00,0x00,0x08,0x42,0x76,0xB5,
	0xBE,0xF7,0xFF,0xFF,0xBE,0xF7,0x6D,0x6B,0x65,0x29,0x00,0x00,0x00,0x00,0x00,0x00,0x00,0x00,0x00,0x00,0x00,0x00,0x65,0x29,0x92,0x94,0x3D,0xEF,0xFF,0xFF,0xFF,0xFF,0x76,0xB5,0x6D,0x6B,0x00,0x00,0x00,0x00,0x00,0x00,0x65,0x29,0x92,0x94,0xFF,0xFF,0xFF,0xFF,0x79,0xCE,0xE3,0x18,0x00,0x00,0x00,0x00,0x00,0x00,0x00,0x00,0x00,0x00,
	0x00,0x00,0xE3,0x18,0x76,0xB5,0x3D,0xEF,0xFF,0xFF,0xFF,0xFF,0xFF,0xFF,0xFF,0xFF,0x79,0xCE,0x6D,0x6B,0xE3,0x18,0x00,0x00,0x00,0x00,0x00,0x00,0x00,0x00,0x00,0x00,0x00,0x00,0x00,0x00,0x6D,0x6B,0x79,0xCE,0xFF,0xFF,0xFF,0xFF,0xBE,0xF7,0x76,0xB5,0x08,0x42,0x82,0x10,0x41,0x08,0x82,0x10,0xE3,0x18,0x08,0x42,0x92,0x94,0x3D,0xEF,
	0xFF,0xFF,0xFF,0xFF,0x3D,0xEF,0x92,0x94,0xE3,0x18,0x00,0x00,0x00,0x00,0xE3,0x18,0x6D,0x6B,0x3D,0xEF,0xFF,0xFF,0xFF,0xFF,0x79,0xCE,0x92,0x94,0xE3,0x18,0x41,0x08,0x41,0x08,0x41,0x08,0x41,0x08,0xE3,0x18,0x92,0x94,0x3D,0xEF,0xFF,0xFF,0xFF,0xFF,0xBE,0xF7,0x6D,0x6B,0x65,0x29,0x00,0x00,0x00,0x00,0x00,0x00,0x65,0x29,0x92,0x94,
	0xFF,0xFF,0xFF,0xFF,0x79,0xCE,0xE3,0x18,0x00,0x00,0x00,0x00,0x00,0x00,0x00,0x00,0x00,0x00,0x00,0x00,0x41,0x08,0x6D,0x6B,0x76,0xB5,0xFF,0xFF,0xFF,0xFF,0xFF,0xFF,0xFF,0xFF,0x79,0xCE,0x6D,0x6B,0xE3,0x18,0x00,0x00,0x00,0x00,0x00,0x00,0x00,0x00,0x00,0x00,0x00,0x00,0x00,0x00,0x65,0x29,0x92,0x94,0xFF,0xFF,0xFF,0xFF,0xFF,0xFF,
	0x3D,0xEF,0x79,0xCE,0x76,0xB5,0x76,0xB5,0x92,0x94,0x79,0xCE,0x79,0xCE,0x3D,0xEF,0xFF,0xFF,0xFF,0xFF,0xFF,0xFF,0x76,0xB5,0x65,0x29,0x41,0x08,0x00,0x00,0x00,0x00,0x41,0x08,0x65,0x29,0x76,0xB5,0xBE,0xF7,0xFF,0xFF,0xBE,0xF7,0x3D,0xEF,0x79,0xCE,0x76,0xB5,0x92,0x94,0x92,0x94,0x92,0x94,0x79,0xCE,0x3D,0xEF,0xFF,0xFF,0xFF,0xFF,
	0xBE,0xF7,0x79,0xCE,0x08,0x42,0x41,0x08,0x00,0x00,0x00,0x00,0x00,0x00,0x65,0x29,0x92,0x94,0xFF,0xFF,0xFF,0xFF,0x79,0xCE,0xE3,0x18,0x00,0x00,0x00,0x00,0x00,0x00,0x00,0x00,0x00,0x00,0x00,0x00,0x00,0x00,0x82,0x10,0x6D,0x6B,0x3D,0xEF,0xFF,0xFF,0xFF,0xFF,0xFF,0xFF,0x79,0xCE,0x6D,0x6B,0xE3,0x18,0x00,0x00,0x00,0x00,0x00,0x00,
	0x00,0x00,0x00,0x00,0x00,0x00,0x00,0x00,0x00,0x00,0x08,0x42,0x76,0xB5,0x3D,0xEF,0xFF,0xFF,0xFF,0xFF,0xFF,0xFF,0xFF,0xFF,0xFF,0xFF,0xBE,0xF7,0xFF,0xFF,0xFF,0xFF,0xFF,0xFF,0xFF,0xFF,0x3D,0xEF,0x79,0xCE,0x6D,0x6B,0x00,0x00,0x00,0x00,0x00,0x00,0x00,0x00,0x00,0x00,0x82,0x10,0x6D,0x6B,0x76,0xB5,0x3D,0xEF,0xFF,0xFF,0xFF,0xFF,
	0xFF,0xFF,0xFF,0xFF,0x3D,0xEF,0x3D,0xEF,0xFF,0xFF,0xFF,0xFF,0xFF,0xFF,0xFF,0xFF,0x3D,0xEF,0x76,0xB5,0x6D,0x6B,0xE3,0x18,0x00,0x00,0x00,0x00,0x00,0x00,0x00,0x00,0x65,0x29,0x92,0x94,0xFF,0xFF,0xFF,0xFF,0x79,0xCE,0xE3,0x18,0x00,0x00,0x00,0x00,0x00,0x00,0x00,0x00,0x00,0x00,0x00,0x00,0x00,0x00,0x00,0x00,0x65,0x29,0x76,0xB5,
	0x3D,0xEF,0xFF,0xFF,0xFF,0xFF,0x79,0xCE,0x6D,0x6B,0xE3,0x18,0x00,0x00,0x00,0x00,0x00,0x00,0x00,0x00,0x00,0x00,0x00,0x00,0x00,0x00,0x00,0x00,0x41,0x08,0x65,0x29,0x92,0x94,0xBE,0xF7,0xFF,0xFF,0xFF,0xFF,0xFF,0xFF,0xFF,0xFF,0xFF,0xFF,0xFF,0xFF,0xFF,0xFF,0xFF,0xFF,0x3D,0xEF,0x76,0xB5,0x08,0x42,0x82,0x10,0x00,0x00,0x00,0x00,
	0x00,0x00,0x00,0x00,0x00,0x00,0x00,0x00,0x00,0x00,0x08,0x42,0x92,0x94,0x3D,0xEF,0xFF,0xFF,0xFF,0xFF,0xFF,0xFF,0xFF,0xFF,0xFF,0xFF,0xFF,0xFF,0xFF,0xFF,0xFF,0xFF,0x3D,0xEF,0x92,0x94,0x08,0x42,0x00,0x00,0x00,0x00,0x00,0x00,0x00,0x00,0x00,0x00,0x00,0x00,0x65,0x29,0x92,0x94,0xFF,0xFF,0xFF,0xFF,0x79,0xCE,0xE3,0x18,0x00,0x00,
	0x00,0x00,0x00,0x00,0x00,0x00,0x00,0x00,0x00,0x00,0x00,0x00,0x00,0x00,0x41,0x08,0x08,0x42,0x79,0xCE,0xFF,0xFF,0xFF,0xFF,0x79,0xCE,0x6D,0x6B,0xE3,0x18,0x00,0x00,0x00,0x00,0x00,0x00,0x00,0x00,0x00,0x00,0x00,0x00,0x00,0x00,0x00,0x00,0x00,0x00,0x00,0x00,0x65,0x29,0x6D,0x6B,0x6D,0x6B,0x92,0x94,0x76,0xB5,0x76,0xB5,0x76,0xB5,
	0x92,0x94,0x92,0x94,0x92,0x94,0x6D,0x6B,0x08,0x42,0x41,0x08,0x00,0x00,0x00,0x00,0x00,0x00,0x00,0x00,0x00,0x00,0x00,0x00,0x00,0x00,0x00,0x00,0x41,0x08,0x65,0x29,0x08,0x42,0x6D,0x6B,0x92,0x94,0x92,0x94,0x76,0xB5,0x76,0xB5,0x92,0x94,0x92,0x94,0x6D,0x6B,0x08,0x42,0x65,0x29,0x82,0x10,0x00,0x00,0x00,0x00,0x00,0x00,0x00,0x00,
	0x00,0x00,0x00,0x00,0x82,0x10,0x08,0x42,0x92,0x94,0x92,0x94,0x6D,0x6B,0x41,0x08,0x00,0x00,0x00,0x00,0x00,0x00,0x00,0x00,0x00,0x00,0x00,0x00,0x00,0x00,0x00,0x00,0x00,0x00,0x41,0x08,0x6D,0x6B,0x92,0x94,0x92,0x94,0x6D,0x6B,0x08,0x42,0x82,0x10,0x00,0x00,0x00,0x00,0x00,0x00,0x00,0x00,0x00,0x00,0x00,0x00,0x00,0x00,0x00,0x00,
	0x00,0x00,0x00,0x00,0x00,0x00,0x00,0x00,0x82,0x10,0x08,0x42,0x6D,0x6B,0x6D,0x6B,0x6D,0x6B,0x08,0x42,0x08,0x42,0x65,0x29,0x00,0x00,0x00,0x00,0x00,0x00,0x00,0x00,0x00,0x00,0x00,0x00,0x00,0x00,0x00,0x00,0x00,0x00,0x00,0x00,0x00,0x00,0x00,0x00,0x00,0x00,0x00,0x00,0x00,0x00,0x65,0x29,0x08,0x42,0x6D,0x6B,0x6D,0x6B,0x08,0x42,
	0x65,0x29,0x00,0x00,0x00,0x00,0x00,0x00,0x00,0x00,0x00,0x00,0x00,0x00,0x00,0x00,0x00,0x00,0x00,0x00,0x00,0x00,0x41,0x08,0xE3,0x18,0x65,0x29,0x08,0x42,0x65,0x29,0x00,0x00,0x00,0x00,0x00,0x00,0x00,0x00,0x00,0x00,0x00,0x00,0x00,0x00,0x00,0x00,0x00,0x00,0x00,0x00,0x00,0x00,0x82,0x10,0x65,0x29,0x65,0x29,0x65,0x29,0x82,0x10,
	0x00,0x00,0x00,0x00,0x00,0x00,0x00,0x00,0x00,0x00,

	// Alpha Channel 
	0x00,0x00,0x00,0x00,0x00,0x00,0x00,0x00,0x00,0x00,0x00,0x00,0x00,0x00,0xFF,0xFF,0xFF,0xFF,0xFF,0x00,0x00,0x00,0x00,0x00,0x00,0x00,0x00,0x00,0x00,0x00,0x00,0x00,0x00,0x00,0x00,0x00,0x00,0x00,0x00,0x00,0x00,0x00,0x00,0x00,0x00,0xFF,0x00,0x00,0x00,0x00,0x00,0x00,0x00,0x00,0x00,0x00,0x00,0xFF,0x00,0x00,0x00,0x00,0x00,0x00,
	0x00,0x00,0x00,0x00,0x00,0x00,0x00,0x00,0x00,0x00,0x00,0x00,0x00,0x00,0x00,0x00,0x00,0x00,0xFF,0xFF,0xFF,0xFF,0xFF,0xFF,0xFF,0x00,0x00,0x00,0x00,0x00,0x00,0x00,0x00,0xFF,0xFF,0xFF,0xFF,0x00,0x00,0x00,0x00,0x00,0x00,0x00,0x00,0x00,0x00,0x00,0xFF,0xFF,0xFF,0xFF,0xFF,0x00,0x00,0x00,0x00,0xFF,0xFF,0xFF,0xFF,0x00,0x00,0x00,
	0x00,0x00,0x00,0x00,0x00,0x00,0x00,0x00,0xFF,0xFF,0xFF,0xFF,0xFF,0x00,0x00,0x00,0x00,0x00,0x00,0x00,0x00,0x00,0x00,0x00,0x00,0xFF,0xFF,0xFF,0xFF,0xFF,0xFF,0xFF,0xFF,0xFF,0xFF,0xFF,0x00,0x00,0x00,0x00,0x00,0x00,0xFF,0xFF,0xFF,0xFF,0xFF,0xFF,0x00,0x00,0x00,0x00,0x00,0x00,0x00,0x00,0x00,0xFF,0xFF,0xFF,0xFF,0xFF,0x00,0x00,
	0x00,0xFF,0xFF,0xFF,0xFF,0xFF,0xFF,0xFF,0x00,0x00,0x00,0x00,0x00,0x00,0x00,0x00,0x00,0xFF,0xFF,0xFF,0xFF,0xFF,0xFF,0x00,0x00,0x00,0x00,0x00,0x00,0x00,0x00,0x00,0x00,0xFF,0xFF,0xFF,0xFF,0xFF,0xFF,0xFF,0xFF,0xFF,0xFF,0xFF,0xFF,0xFF,0x00,0x00,0x00,0x00,0x00,0xFF,0xFF,0xFF,0xFF,0xFF,0xFF,0x00,0x00,0x00,0x00,0x00,0x00,0x00,
	0x00,0xFF,0xFF,0xFF,0xFF,0xFF,0xFF,0xFF,0x00,0x00,0xFF,0xFF,0xFF,0xFF,0xFF,0xFF,0xFF,0x00,0x00,0x00,0x00,0x00,0x00,0x00,0x00,0x00,0xFF,0xFF,0xFF,0xFF,0xFF,0xFF,0x00,0x00,0x00,0x00,0x00,0x00,0x00,0x00,0xFF,0xFF,0xFF,0xFF,0xFF,0xFF,0xFF,0xFF,0xFF,0xFF,0xFF,0xFF,0xFF,0xFF,0xFF,0xFF,0x00,0x00,0x00,0x00,0xFF,0xFF,0xFF,0xFF,
	0xFF,0xFF,0x00,0x00,0x00,0x00,0x00,0x00,0x00,0x00,0xFF,0xFF,0xFF,0xFF,0xFF,0xFF,0xFF,0x00,0x00,0xFF,0xFF,0xFF,0xFF,0xFF,0xFF,0xFF,0xFF,0x00,0x00,0x00,0x00,0x00,0x00,0x00,0x00,0xFF,0xFF,0xFF,0xFF,0xFF,0xFF,0x00,0x00,0x00,0x00,0x00,0x00,0x00,0x00,0xFF,0xFF,0xFF,0xFF,0xFF,0xFF,0xFF,0xFF,0xFF,0xFF,0xFF,0xFF,0xFF,0xFF,0xFF,
	0xFF,0x00,0x00,0x00,0x00,0xFF,0xFF,0xFF,0xFF,0xFF,0xFF,0x00,0x00,0x00,0x00,0x00,0x00,0x00,0x00,0xFF,0xFF,0xFF,0xFF,0xFF,0xFF,0xFF,0x00,0x00,0xFF,0xFF,0xFF,0xFF,0xFF,0xFF,0xFF,0xFF,0xFF,0x00,0x00,0x00,0x00,0x00,0x00,0x00,0xFF,0xFF,0xFF,0xFF,0xFF,0xFF,0x00,0x00,0x00,0x00,0x00,0x00,0x00,0x00,0xFF,0xFF,0xFF,0xFF,0xFF,0xFF,
	0xFF,0xFF,0xFF,0xFF,0xFF,0xFF,0xFF,0xFF,0xFF,0xFF,0xFF,0xFF,0x00,0x00,0xFF,0xFF,0xFF,0xFF,0xFF,0xFF,0x00,0x00,0x00,0x00,0x00,0x00,0x00,0x00,0xFF,0xFF,0xFF,0xFF,0xFF,0xFF,0xFF,0x00,0x00,0xFF,0xFF,0xFF,0xFF,0xFF,0xFF,0xFF,0xFF,0xFF,0x00,0x00,0x00,0x00,0x00,0x00,0x00,0xFF,0xFF,0xFF,0xFF,0xFF,0xFF,0x00,0x00,0x00,0x00,0x00,
	0x00,0x00,0x00,0xFF,0xFF,0xFF,0xFF,0xFF,0xFF,0xFF,0x00,0x00,0x00,0xFF,0xFF,0xFF,0xFF,0xFF,0xFF,0xFF,0xFF,0x00,0x00,0xFF,0xFF,0xFF,0xFF,0xFF,0xFF,0x00,0x00,0x00,0x00,0x00,0x00,0x00,0x00,0xFF,0xFF,0xFF,0xFF,0xFF,0xFF,0xFF,0x00,0x00,0xFF,0xFF,0xFF,0xFF,0xFF,0xFF,0xFF,0xFF,0xFF,0xFF,0x00,0x00,0x00,0x00,0x00,0x00,0xFF,0xFF,
	0xFF,0xFF,0xFF,0xFF,0x00,0x00,0x00,0x00,0x00,0x00,0x00,0xFF,0xFF,0xFF,0xFF,0xFF,0xFF,0xFF,0x00,0x00,0x00,0x00,0x00,0xFF,0xFF,0xFF,0xFF,0xFF,0xFF,0x00,0x00,0x00,0xFF,0xFF,0xFF,0xFF,0xFF,0xFF,0x00,0x00,0x00,0x00,0x00,0x00,0x00,0x00,0xFF,0xFF,0xFF,0xFF,0xFF,0xFF,0xFF,0x00,0x00,0xFF,0xFF,0xFF,0xFF,0xFF,0xFF,0xFF,0xFF,0xFF,
	0xFF,0x00,0x00,0x00,0x00,0x00,0x00,0xFF,0xFF,0xFF,0xFF,0xFF,0xFF,0x00,0x00,0x00,0x00,0x00,0x00,0x00,0xFF,0xFF,0xFF,0xFF,0xFF,0xFF,0xFF,0x00,0x00,0x00,0x00,0x00,0x00,0xFF,0xFF,0xFF,0xFF,0x00,0x00,0x00,0x00,0xFF,0xFF,0xFF,0xFF,0xFF,0xFF,0x00,0x00,0x00,0x00,0x00,0x00,0x00,0x00,0xFF,0xFF,0xFF,0xFF,0xFF,0xFF,0xFF,0x00,0x00,
	0xFF,0xFF,0xFF,0xFF,0xFF,0xFF,0xFF,0xFF,0xFF,0xFF,0xFF,0xFF,0x00,0x00,0x00,0x00,0xFF,0xFF,0xFF,0xFF,0xFF,0xFF,0x00,0x00,0x00,0x00,0x00,0x00,0x00,0xFF,0xFF,0xFF,0xFF,0xFF,0xFF,0xFF,0x00,0x00,0x00,0x00,0x00,0x00,0x00,0x00,0x00,0x00,0x00,0x00,0x00,0x00,0xFF,0xFF,0xFF,0xFF,0xFF,0xFF,0x00,0x00,0x00,0x00,0x00,0x00,0x00,0x00,
	0xFF,0xFF,0xFF,0xFF,0xFF,0xFF,0xFF,0x00,0x00,0xFF,0xFF,0xFF,0xFF,0xFF,0xFF,0xFF,0xFF,0xFF,0xFF,0xFF,0xFF,0x00,0x00,0x00,0x00,0xFF,0xFF,0xFF,0xFF,0xFF,0xFF,0x00,0x00,0x00,0x00,0x00,0x00,0x00,0xFF,0xFF,0xFF,0xFF,0xFF,0xFF,0xFF,0xFF,0xFF,0x00,0x00,0x00,0x00,0x00,0x00,0x00,0x00,0x00,0x00,0x00,0x00,0xFF,0xFF,0xFF,0xFF,0xFF,
	0xFF,0x00,0x00,0x00,0x00,0x00,0x00,0x00,0x00,0xFF,0xFF,0xFF,0xFF,0xFF,0xFF,0xFF,0x00,0x00,0xFF,0xFF,0xFF,0xFF,0xFF,0xFF,0xFF,0xFF,0xFF,0xFF,0xFF,0xFF,0x00,0x00,0x00,0x00,0xFF,0xFF,0xFF,0xFF,0xFF,0xFF,0x00,0x00,0x00,0x00,0x00,0x00,0x00,0x00,0xFF,0xFF,0xFF,0xFF,0xFF,0xFF,0xFF,0xFF,0xFF,0xFF,0xFF,0xFF,0xFF,0x00,0x00,0x00,
	0x00,0x00,0x00,0x00,0xFF,0xFF,0xFF,0xFF,0xFF,0xFF,0x00,0x00,0x00,0x00,0x00,0x00,0x00,0x00,0xFF,0xFF,0xFF,0xFF,0xFF,0xFF,0xFF,0x00,0x00,0xFF,0xFF,0xFF,0xFF,0xFF,0xFF,0xFF,0xFF,0xFF,0xFF,0xFF,0xFF,0xFF,0x00,0x00,0x00,0xFF,0xFF,0xFF,0xFF,0xFF,0xFF,0x00,0x00,0x00,0x00,0x00,0x00,0x00,0x00,0xFF,0xFF,0xFF,0xFF,0xFF,0xFF,0xFF,
	0xFF,0xFF,0xFF,0xFF,0xFF,0xFF,0xFF,0x00,0x00,0x00,0x00,0x00,0x00,0xFF,0xFF,0xFF,0xFF,0xFF,0xFF,0x00,0x00,0x00,0x00,0x00,0x00,0x00,0x00,0xFF,0xFF,0xFF,0xFF,0xFF,0xFF,0xFF,0x00,0x00,0xFF,0xFF,0xFF,0xFF,0xFF,0xFF,0xFF,0xFF,0xFF,0xFF,0xFF,0xFF,0xFF,0xFF,0x00,0x00,0xFF,0xFF,0xFF,0xFF,0xFF,0xFF,0x00,0x00,0x00,0x00,0x00,0x00,
	0x00,0x00,0xFF,0xFF,0xFF,0xFF,0xFF,0xFF,0xFF,0xFF,0xFF,0xFF,0xFF,0xFF,0xFF,0xFF,0xFF,0xFF,0x00,0x00,0x00,0x00,0xFF,0xFF,0xFF,0xFF,0xFF,0xFF,0x00,0x00,0x00,0x00,0x00,0x00,0x00,0x00,0xFF,0xFF,0xFF,0xFF,0xFF,0xFF,0xFF,0x00,0x00,0xFF,0xFF,0xFF,0xFF,0xFF,0xFF,0xFF,0xFF,0xFF,0xFF,0xFF,0xFF,0xFF,0xFF,0xFF,0x00,0xFF,0xFF,0xFF,
	0xFF,0xFF,0xFF,0x00,0x00,0x00,0x00,0x00,0x00,0x00,0x00,0x00,0x00,0xFF,0xFF,0xFF,0xFF,0xFF,0xFF,0xFF,0xFF,0xFF,0xFF,0xFF,0xFF,0xFF,0xFF,0xFF,0x00,0x00,0x00,0xFF,0xFF,0xFF,0xFF,0xFF,0xFF,0x00,0x00,0x00,0x00,0x00,0x00,0x00,0x00,0xFF,0xFF,0xFF,0xFF,0xFF,0xFF,0xFF,0x00,0x00,0xFF,0xFF,0xFF,0xFF,0xFF,0xFF,0x00,0x00,0xFF,0xFF,
	0xFF,0xFF,0xFF,0xFF,0xFF,0x00,0xFF,0xFF,0xFF,0xFF,0xFF,0xFF,0x00,0x00,0x00,0x00,0x00,0x00,0x00,0x00,0x00,0x00,0x00,0xFF,0xFF,0xFF,0xFF,0xFF,0xFF,0xFF,0xFF,0xFF,0xFF,0xFF,0xFF,0xFF,0xFF,0xFF,0x00,0x00,0xFF,0xFF,0xFF,0xFF,0xFF,0xFF,0x00,0x00,0x00,0x00,0x00,0x00,0x00,0x00,0xFF,0xFF,0xFF,0xFF,0xFF,0xFF,0xFF,0x00,0x00,0xFF,
	0xFF,0xFF,0xFF,0xFF,0xFF,0x00,0x00,0xFF,0xFF,0xFF,0xFF,0xFF,0xFF,0xFF,0xFF,0xFF,0xFF,0xFF,0xFF,0xFF,0xFF,0x00,0x00,0x00,0x00,0x00,0x00,0x00,0x00,0x00,0x00,0x00,0x00,0x00,0x00,0xFF,0xFF,0xFF,0xFF,0xFF,0xFF,0xFF,0xFF,0xFF,0xFF,0xFF,0xFF,0x00,0x00,0xFF,0xFF,0xFF,0xFF,0xFF,0xFF,0x00,0x00,0x00,0x00,0x00,0x00,0x00,0x00,0xFF,
	0xFF,0xFF,0xFF,0xFF,0xFF,0xFF,0x00,0x00,0xFF,0xFF,0xFF,0xFF,0xFF,0xFF,0x00,0x00,0x00,0xFF,0xFF,0xFF,0xFF,0xFF,0xFF,0xFF,0xFF,0xFF,0xFF,0xFF,0xFF,0xFF,0x00,0x00,0x00,0x00,0x00,0x00,0x00,0x00,0x00,0x00,0x00,0x00,0x00,0x00,0x00,0x00,0x00,0x00,0xFF,0xFF,0xFF,0xFF,0xFF,0xFF,0xFF,0xFF,0x00,0x00,0xFF,0xFF,0xFF,0xFF,0xFF,0xFF,
	0x00,0x00,0x00,0x00,0x00,0x00,0x00,0x00,0xFF,0xFF,0xFF,0xFF,0xFF,0xFF,0xFF,0x00,0x00,0xFF,0xFF,0xFF,0xFF,0xFF,0xFF,0x00,0x00,0x00,0xFF,0xFF,0xFF,0xFF,0xFF,0xFF,0xFF,0xFF,0xFF,0xFF,0xFF,0xFF,0xFF,0x00,0x00,0x00,0x00,0x00,0x00,0x00,0x00,0x00,0x00,0x00,0x00,0x00,0x00,0x00,0x00,0x00,0x00,0x00,0xFF,0xFF,0xFF,0xFF,0xFF,0xFF,
	0xFF,0x00,0x00,0xFF,0xFF,0xFF,0xFF,0xFF,0xFF,0x00,0x00,0x00,0x00,0x00,0x00,0x00,0x00,0xFF,0xFF,0xFF,0xFF,0xFF,0xFF,0xFF,0x00,0x00,0xFF,0xFF,0xFF,0xFF,0xFF,0xFF,0x00,0x00,0x00,0xFF,0xFF,0xFF,0xFF,0xFF,0xFF,0xFF,0xFF,0xFF,0xFF,0xFF,0xFF,0xFF,0x00,0x00,0x00,0x00,0x00,0x00,0x00,0xFF,0xFF,0xFF,0xFF,0xFF,0x00,0x00,0x00,0x00,
	0x00,0x00,0x00,0x00,0xFF,0xFF,0xFF,0xFF,0xFF,0xFF,0x00,0x00,0xFF,0xFF,0xFF,0xFF,0xFF,0xFF,0x00,0x00,0x00,0x00,0x00,0x00,0x00,0x00,0xFF,0xFF,0xFF,0xFF,0xFF,0xFF,0xFF,0x00,0x00,0xFF,0xFF,0xFF,0xFF,0xFF,0xFF,0x00,0x00,0x00,0x00,0x00,0xFF,0xFF,0xFF,0xFF,0xFF,0xFF,0xFF,0xFF,0xFF,0xFF,0xFF,0x00,0x00,0x00,0x00,0x00,0x00,0x00,
	0xFF,0xFF,0xFF,0xFF,0xFF,0xFF,0x00,0x00,0x00,0x00,0x00,0x00,0x00,0xFF,0xFF,0xFF,0xFF,0xFF,0xFF,0x00,0x00,0xFF,0xFF,0xFF,0xFF,0xFF,0xFF,0x00,0x00,0x00,0x00,0x00,0x00,0x00,0x00,0xFF,0xFF,0xFF,0xFF,0xFF,0xFF,0xFF,0x00,0x00,0xFF,0xFF,0xFF,0xFF,0xFF,0xFF,0x00,0x00,0x00,0x00,0x00,0xFF,0xFF,0xFF,0xFF,0xFF,0xFF,0xFF,0xFF,0xFF,
	0xFF,0xFF,0x00,0x00,0x00,0x00,0x00,0x00,0x00,0xFF,0xFF,0xFF,0xFF,0xFF,0xFF,0xFF,0x00,0x00,0x00,0x00,0xFF,0xFF,0xFF,0xFF,0xFF,0xFF,0xFF,0xFF,0x00,0x00,0xFF,0xFF,0xFF,0xFF,0xFF,0xFF,0xFF,0x00,0x00,0x00,0x00,0x00,0x00,0xFF,0xFF,0xFF,0xFF,0xFF,0xFF,0xFF,0x00,0x00,0x00,0xFF,0xFF,0xFF,0xFF,0xFF,0xFF,0x00,0x00,0x00,0x00,0x00,
	0x00,0xFF,0xFF,0xFF,0xFF,0xFF,0xFF,0xFF,0xFF,0xFF,0xFF,0x00,0x00,0x00,0x00,0x00,0x00,0x00,0xFF,0xFF,0xFF,0xFF,0xFF,0xFF,0xFF,0xFF,0xFF,0xFF,0xFF,0xFF,0xFF,0xFF,0xFF,0xFF,0xFF,0xFF,0xFF,0x00,0x00,0xFF,0xFF,0xFF,0xFF,0xFF,0xFF,0xFF,0xFF,0xFF,0xFF,0xFF,0xFF,0xFF,0xFF,0xFF,0xFF,0xFF,0xFF,0xFF,0xFF,0x00,0x00,0x00,0xFF,0xFF,
	0xFF,0xFF,0xFF,0xFF,0x00,0x00,0x00,0x00,0x00,0x00,0xFF,0xFF,0xFF,0xFF,0xFF,0xFF,0xFF,0xFF,0xFF,0xFF,0x00,0x00,0x00,0x00,0x00,0x00,0x00,0xFF,0xFF,0xFF,0xFF,0xFF,0xFF,0xFF,0xFF,0xFF,0xFF,0xFF,0xFF,0xFF,0xFF,0xFF,0xFF,0xFF,0xFF,0xFF,0x00,0x00,0xFF,0xFF,0xFF,0xFF,0xFF,0xFF,0xFF,0xFF,0xFF,0xFF,0xFF,0xFF,0xFF,0xFF,0xFF,0xFF,
	0xFF,0xFF,0xFF,0xFF,0x00,0x00,0x00,0xFF,0xFF,0xFF,0xFF,0xFF,0xFF,0x00,0x00,0x00,0x00,0x00,0x00,0x00,0xFF,0xFF,0xFF,0xFF,0xFF,0xFF,0xFF,0xFF,0xFF,0x00,0x00,0x00,0x00,0x00,0x00,0x00,0x00,0xFF,0xFF,0xFF,0xFF,0xFF,0xFF,0xFF,0xFF,0xFF,0xFF,0xFF,0xFF,0xFF,0xFF,0xFF,0xFF,0x00,0x00,0x00,0x00,0x00,0xFF,0xFF,0xFF,0xFF,0xFF,0xFF,
	0xFF,0xFF,0xFF,0xFF,0xFF,0xFF,0xFF,0xFF,0xFF,0xFF,0xFF,0xFF,0x00,0x00,0x00,0x00,0xFF,0xFF,0xFF,0xFF,0xFF,0xFF,0x00,0x00,0x00,0x00,0x00,0x00,0x00,0x00,0xFF,0xFF,0xFF,0xFF,0xFF,0xFF,0xFF,0xFF,0x00,0x00,0x00,0x00,0x00,0x00,0x00,0x00,0xFF,0xFF,0xFF,0xFF,0xFF,0xFF,0xFF,0xFF,0xFF,0xFF,0xFF,0xFF,0xFF,0xFF,0xFF,0xFF,0x00,0x00,
	0x00,0x00,0x00,0x00,0x00,0xFF,0xFF,0xFF,0xFF,0xFF,0xFF,0xFF,0xFF,0xFF,0xFF,0xFF,0xFF,0xFF,0xFF,0x00,0x00,0x00,0x00,0x00,0x00,0xFF,0xFF,0xFF,0xFF,0xFF,0xFF,0x00,0x00,0x00,0x00,0x00,0x00,0x00,0x00,0xFF,0xFF,0xFF,0xFF,0xFF,0xFF,0xFF,0xFF,0x00,0x00,0x00,0x00,0x00,0x00,0x00,0x00,0x00,0x00,0xFF,0xFF,0xFF,0xFF,0xFF,0xFF,0xFF,
	0xFF,0xFF,0xFF,0xFF,0xFF,0xFF,0x00,0x00,0x00,0x00,0x00,0x00,0x00,0x00,0xFF,0xFF,0xFF,0xFF,0xFF,0xFF,0xFF,0xFF,0xFF,0xFF,0xFF,0xFF,0xFF,0xFF,0x00,0x00,0x00,0x00,0x00,0x00,0xFF,0xFF,0xFF,0xFF,0xFF,0xFF,0x00,0x00,0x00,0x00,0x00,0x00,0x00,0x00,0x00,0xFF,0xFF,0xFF,0xFF,0xFF,0xFF,0xFF,0x00,0x00,0x00,0x00,0x00,0x00,0x00,0x00,
	0x00,0x00,0x00,0x00,0xFF,0xFF,0xFF,0xFF,0xFF,0xFF,0xFF,0xFF,0x00,0x00,0x00,0x00,0x00,0x00,0x00,0x00,0x00,0x00,0x00,0x00,0x00,0x00,0x00,0xFF,0xFF,0xFF,0xFF,0xFF,0xFF,0x00,0x00,0x00,0x00,0x00,0x00,0x00,0x00,0x00,0x00,0xFF,0xFF,0xFF,0xFF,0xFF,0x00,0x00,0x00,0x00,0x00,0x00,0x00,0x00,0x00,0x00,0x00,0xFF,0xFF,0xFF,0xFF,0xFF,
	0x00,0x00,0x00,0x00,0x00,
    };
        


const lv_img_dsc_t face_1891_2_390_dial_img_12_56861_6 = {
    .header.magic = LV_IMAGE_HEADER_MAGIC,
    .header.w = 73,
    .header.h = 29,
    .data_size = sizeof(face_1891_2_390_dial_img_12_56861_data_6),
    .header.cf = LV_COLOR_FORMAT_RGB565A8,
    .data = face_1891_2_390_dial_img_12_56861_data_6};

    