
// File generated by bin2lvgl
// developed by fbiego. 
// https://github.com/fbiego
// Watchface: 228_390

#include "../228_390.h"

#ifndef LV_ATTRIBUTE_MEM_ALIGN
#define LV_ATTRIBUTE_MEM_ALIGN
#endif


// LVGL 9 format (RGB565) // LVGL_9 compatible 
const LV_ATTRIBUTE_MEM_ALIGN uint8_t face_228_390_dial_img_7_228194_data_0[] = {
	//RGB565 data 
	0x00,0x00,0x00,0x00,0x00,0x00,0x00,0x00,0x00,0x00,0x00,0x00,0x00,0x00,0x00,0x00,0x00,0x00,0x00,0x00,0x00,0x00,0x00,0x00,0x00,0x00,0x00,0x00,0x00,0x00,0x00,0x00,0x00,0x00,0x00,0x00,0x00,0x00,0x00,0x00,0x00,0x00,0x00,0x00,0x00,0x00,0x00,0x00,0x00,0x00,0x00,0x00,0x00,0x00,0x00,0x00,0x00,0x00,0x00,0x00,0x00,0x00,0x00,0x00,
	0x00,0x00,0x00,0x00,0x00,0x00,0x00,0x00,0x00,0x00,0x00,0x00,0x00,0x00,0x00,0x00,0x00,0x00,0x00,0x00,0x00,0x00,0x00,0x00,0x00,0x00,0x00,0x00,0xA2,0x10,0x66,0x31,0xCB,0x5A,0x6D,0x6B,0x6D,0x6B,0x6D,0x6B,0x6D,0x6B,0x6D,0x6B,0x6D,0x6B,0x6D,0x6B,0x6D,0x6B,0x6D,0x6B,0x6D,0x6B,0x6D,0x6B,0x6D,0x6B,0x6D,0x6B,0x6D,0x6B,0x6D,0x6B,
	0x66,0x31,0x00,0x00,0x00,0x00,0x00,0x00,0x00,0x00,0x00,0x00,0x00,0x00,0x00,0x00,0x00,0x00,0x00,0x00,0x00,0x00,0x00,0x00,0x00,0x00,0x00,0x00,0x00,0x00,0x00,0x00,0x00,0x00,0x00,0x00,0x00,0x00,0x00,0x00,0x00,0x00,0x00,0x00,0x00,0x00,0x00,0x00,0x00,0x00,0x00,0x00,0x00,0x00,0x66,0x31,0x51,0x8C,0x1C,0xE7,0xFF,0xFF,0xFF,0xFF,
	0xFF,0xFF,0xFF,0xFF,0xFF,0xFF,0xFF,0xFF,0xFF,0xFF,0xFF,0xFF,0xFF,0xFF,0xFF,0xFF,0xFF,0xFF,0xFF,0xFF,0xFF,0xFF,0xFF,0xFF,0xFF,0xFF,0xCB,0x5A,0x00,0x00,0x00,0x00,0x00,0x00,0x00,0x00,0x00,0x00,0x00,0x00,0x00,0x00,0x00,0x00,0x00,0x00,0x00,0x00,0x00,0x00,0x00,0x00,0x00,0x00,0x00,0x00,0x00,0x00,0x00,0x00,0x00,0x00,0x00,0x00,
	0x00,0x00,0x00,0x00,0x00,0x00,0x00,0x00,0x00,0x00,0x00,0x00,0x00,0x00,0x00,0x00,0x66,0x31,0x51,0x8C,0x9E,0xF7,0x9E,0xF7,0xB6,0xB5,0x14,0xA5,0x14,0xA5,0x14,0xA5,0x9A,0xD6,0xFF,0xFF,0x1C,0xE7,0x38,0xC6,0x14,0xA5,0x14,0xA5,0xB6,0xB5,0x38,0xC6,0x9E,0xF7,0xFF,0xFF,0xCB,0x5A,0x00,0x00,0x00,0x00,0x00,0x00,0x00,0x00,0x00,0x00,
	0x00,0x00,0x00,0x00,0x00,0x00,0x00,0x00,0x00,0x00,0x00,0x00,0x00,0x00,0x00,0x00,0x00,0x00,0x00,0x00,0x00,0x00,0x00,0x00,0x00,0x00,0x00,0x00,0x00,0x00,0x00,0x00,0x00,0x00,0x00,0x00,0x00,0x00,0x00,0x00,0x00,0x00,0x66,0x31,0x51,0x8C,0x9E,0xF7,0x1C,0xE7,0xCB,0x5A,0xCB,0x5A,0xCF,0x7B,0x6D,0x6B,0xB6,0xB5,0xFF,0xFF,0x9A,0xD6,
	0x14,0xA5,0xCF,0x7B,0x6D,0x6B,0x6D,0x6B,0x51,0x8C,0x9A,0xD6,0xFF,0xFF,0xCB,0x5A,0x00,0x00,0x00,0x00,0x00,0x00,0x00,0x00,0x00,0x00,0x00,0x00,0x00,0x00,0x00,0x00,0x00,0x00,0x00,0x00,0x00,0x00,0x00,0x00,0x00,0x00,0x00,0x00,0x00,0x00,0x00,0x00,0x00,0x00,0x00,0x00,0x00,0x00,0x00,0x00,0x00,0x00,0x00,0x00,0x00,0x00,0x00,0x00,
	0x00,0x00,0x00,0x00,0x66,0x31,0x51,0x8C,0x9E,0xF7,0x9A,0xD6,0x66,0x31,0x28,0x42,0x51,0x8C,0xCF,0x7B,0xB6,0xB5,0xFF,0xFF,0x1C,0xE7,0xB6,0xB5,0x51,0x8C,0x6D,0x6B,0xCB,0x5A,0xCF,0x7B,0x38,0xC6,0xFF,0xFF,0xCB,0x5A,0x00,0x00,0x00,0x00,0x00,0x00,0x00,0x00,0x00,0x00,0x00,0x00,0x00,0x00,0x00,0x00,0x00,0x00,0x00,0x00,0x00,0x00,
	0x00,0x00,0x00,0x00,0x00,0x00,0x00,0x00,0x00,0x00,0x00,0x00,0x00,0x00,0x00,0x00,0x00,0x00,0x00,0x00,0x00,0x00,0x00,0x00,0x00,0x00,0x00,0x00,0x00,0x00,0x66,0x31,0x51,0x8C,0x9E,0xF7,0x9A,0xD6,0x28,0x42,0x51,0x8C,0x1C,0xE7,0x1C,0xE7,0x9E,0xF7,0xFF,0xFF,0x9E,0xF7,0x9E,0xF7,0x1C,0xE7,0x38,0xC6,0x14,0xA5,0xCF,0x7B,0xB6,0xB5,
	0xFF,0xFF,0xCB,0x5A,0x00,0x00,0x00,0x00,0x00,0x00,0x00,0x00,0x00,0x00,0x00,0x00,0x00,0x00,0x00,0x00,0x00,0x00,0x00,0x00,0x00,0x00,0x00,0x00,0x00,0x00,0x00,0x00,0x00,0x00,0x00,0x00,0x00,0x00,0x00,0x00,0x00,0x00,0x00,0x00,0x00,0x00,0x00,0x00,0x00,0x00,0x00,0x00,0x00,0x00,0x00,0x00,0x66,0x31,0x51,0x8C,0x9E,0xF7,0x9A,0xD6,
	0x66,0x31,0xCF,0x7B,0x38,0xC6,0x38,0xC6,0x1C,0xE7,0xFF,0xFF,0x9E,0xF7,0x1C,0xE7,0x38,0xC6,0xB6,0xB5,0x51,0x8C,0xCF,0x7B,0xB6,0xB5,0xFF,0xFF,0xCB,0x5A,0x00,0x00,0x00,0x00,0x00,0x00,0x20,0x00,0x20,0x00,0x20,0x00,0x20,0x00,0x20,0x00,0x20,0x00,0x20,0x00,0x20,0x00,0x20,0x00,0x20,0x00,0x20,0x00,0x20,0x00,0x20,0x00,0x20,0x00,
	0x20,0x00,0x20,0x00,0x20,0x00,0x20,0x00,0x20,0x00,0x20,0x00,0x20,0x00,0x00,0x00,0x00,0x00,0x66,0x31,0x51,0x8C,0x9E,0xF7,0x38,0xC6,0x20,0x00,0x00,0x00,0x20,0x00,0x20,0x00,0x6D,0x6B,0xFF,0xFF,0x38,0xC6,0xCB,0x5A,0x20,0x00,0x20,0x00,0x20,0x00,0xCB,0x5A,0x38,0xC6,0xFF,0xFF,0xCB,0x5A,0x00,0x00,0x00,0x00,0x20,0x00,0xA2,0x10,
	0x66,0x31,0x66,0x31,0x66,0x31,0x66,0x31,0x66,0x31,0x66,0x31,0x66,0x31,0x66,0x31,0x66,0x31,0x66,0x31,0x66,0x31,0x66,0x31,0x66,0x31,0x66,0x31,0x66,0x31,0x66,0x31,0x66,0x31,0x66,0x31,0x66,0x31,0xA2,0x10,0x20,0x00,0x00,0x00,0x66,0x31,0x51,0x8C,0x9E,0xF7,0x1C,0xE7,0xCF,0x7B,0xCF,0x7B,0x51,0x8C,0x51,0x8C,0x38,0xC6,0xFF,0xFF,
	0x9E,0xF7,0xB6,0xB5,0x51,0x8C,0x51,0x8C,0x51,0x8C,0x14,0xA5,0x9A,0xD6,0xFF,0xFF,0xCB,0x5A,0x00,0x00,0x00,0x00,0xA2,0x10,0x28,0x42,0x14,0xA5,0xB6,0xB5,0xB6,0xB5,0xB6,0xB5,0xB6,0xB5,0xB6,0xB5,0xB6,0xB5,0xB6,0xB5,0xB6,0xB5,0xB6,0xB5,0xB6,0xB5,0xB6,0xB5,0xB6,0xB5,0xB6,0xB5,0xB6,0xB5,0xB6,0xB5,0xB6,0xB5,0xB6,0xB5,0xB6,0xB5,
	0xCB,0x5A,0x66,0x31,0x00,0x00,0x66,0x31,0x51,0x8C,0x1C,0xE7,0x9E,0xF7,0xB6,0xB5,0x9A,0xD6,0x9E,0xF7,0x9E,0xF7,0x9E,0xF7,0x1C,0xE7,0x1C,0xE7,0x9E,0xF7,0x9E,0xF7,0x9E,0xF7,0x9E,0xF7,0x38,0xC6,0x1C,0xE7,0xFF,0xFF,0xCB,0x5A,0x00,0x00,0x00,0x00,0xA2,0x10,0xCB,0x5A,0x9A,0xD6,0xFF,0xFF,0xFF,0xFF,0xFF,0xFF,0xFF,0xFF,0xFF,0xFF,
	0xFF,0xFF,0xFF,0xFF,0xFF,0xFF,0xFF,0xFF,0xFF,0xFF,0xFF,0xFF,0xFF,0xFF,0xFF,0xFF,0xFF,0xFF,0xFF,0xFF,0xFF,0xFF,0xFF,0xFF,0xFF,0xFF,0x51,0x8C,0x66,0x31,0x00,0x00,0x28,0x42,0xB6,0xB5,0x9E,0xF7,0x9A,0xD6,0xCB,0x5A,0x28,0x42,0xCB,0x5A,0xCB,0x5A,0xCB,0x5A,0x28,0x42,0xCB,0x5A,0xCB,0x5A,0xCB,0x5A,0xCB,0x5A,0xCB,0x5A,0x51,0x8C,
	0x38,0xC6,0xFF,0xFF,0xCB,0x5A,0x00,0x00,0x00,0x00,0x20,0x00,0x66,0x31,0x51,0x8C,0x14,0xA5,0x14,0xA5,0x14,0xA5,0x14,0xA5,0x14,0xA5,0x14,0xA5,0x14,0xA5,0x14,0xA5,0x14,0xA5,0x14,0xA5,0x14,0xA5,0x14,0xA5,0x14,0xA5,0x14,0xA5,0x14,0xA5,0x14,0xA5,0x14,0xA5,0x14,0xA5,0xCB,0x5A,0xA2,0x10,0x00,0x00,0x28,0x42,0xB6,0xB5,0x1C,0xE7,
	0x14,0xA5,0xA2,0x10,0x28,0x42,0x51,0x8C,0x51,0x8C,0x51,0x8C,0x51,0x8C,0x51,0x8C,0x51,0x8C,0x51,0x8C,0x6D,0x6B,0xCB,0x5A,0x6D,0x6B,0x38,0xC6,0xFF,0xFF,0xCB,0x5A,0x00,0x00,0x00,0x00,0x20,0x00,0xA2,0x10,0x66,0x31,0x28,0x42,0x28,0x42,0x28,0x42,0x28,0x42,0x28,0x42,0x28,0x42,0x28,0x42,0x28,0x42,0x28,0x42,0x28,0x42,0x28,0x42,
	0x28,0x42,0x28,0x42,0x28,0x42,0x28,0x42,0x28,0x42,0x28,0x42,0x28,0x42,0x66,0x31,0x20,0x00,0x00,0x00,0x28,0x42,0x38,0xC6,0x9A,0xD6,0xCF,0x7B,0x00,0x00,0x51,0x8C,0xFF,0xFF,0xFF,0xFF,0xFF,0xFF,0xFF,0xFF,0xFF,0xFF,0xFF,0xFF,0xFF,0xFF,0x38,0xC6,0xCF,0x7B,0xCF,0x7B,0xB6,0xB5,0xFF,0xFF,0xCB,0x5A,0x00,0x00,0x00,0x00,0x00,0x00,
	0x00,0x00,0x00,0x00,0x00,0x00,0x00,0x00,0x00,0x00,0x00,0x00,0x00,0x00,0x00,0x00,0x00,0x00,0x00,0x00,0x00,0x00,0x00,0x00,0x00,0x00,0x00,0x00,0x00,0x00,0x00,0x00,0x00,0x00,0x00,0x00,0x00,0x00,0x00,0x00,0x00,0x00,0x00,0x00,0x00,0x00,0x28,0x42,0x38,0xC6,0x9A,0xD6,0x51,0x8C,0x00,0x00,0x51,0x8C,0xFF,0xFF,0x9A,0xD6,0xB6,0xB5,
	0x14,0xA5,0x14,0xA5,0x38,0xC6,0xFF,0xFF,0x38,0xC6,0xCF,0x7B,0xCF,0x7B,0xB6,0xB5,0xFF,0xFF,0xCB,0x5A,0x00,0x00,0x00,0x00,0x00,0x00,0x00,0x00,0x00,0x00,0x00,0x00,0x00,0x00,0x00,0x00,0x00,0x00,0x00,0x00,0x00,0x00,0x00,0x00,0x00,0x00,0x00,0x00,0x00,0x00,0x00,0x00,0x00,0x00,0x00,0x00,0x00,0x00,0x00,0x00,0x00,0x00,0x00,0x00,
	0x00,0x00,0x00,0x00,0x00,0x00,0x00,0x00,0x28,0x42,0x9A,0xD6,0x9A,0xD6,0xCF,0x7B,0x00,0x00,0x51,0x8C,0xFF,0xFF,0x14,0xA5,0x6D,0x6B,0xCB,0x5A,0x28,0x42,0x51,0x8C,0xFF,0xFF,0x38,0xC6,0xCF,0x7B,0xCF,0x7B,0xB6,0xB5,0xFF,0xFF,0xCB,0x5A,0x00,0x00,0x00,0x00,0x00,0x00,0x00,0x00,0x00,0x00,0x00,0x00,0x00,0x00,0x00,0x00,0x00,0x00,
	0x00,0x00,0x00,0x00,0x00,0x00,0x00,0x00,0x00,0x00,0x00,0x00,0x00,0x00,0x00,0x00,0x00,0x00,0x00,0x00,0x00,0x00,0x00,0x00,0x00,0x00,0x00,0x00,0x00,0x00,0x00,0x00,0x00,0x00,0xCB,0x5A,0x9E,0xF7,0x9A,0xD6,0x6D,0x6B,0x00,0x00,0x51,0x8C,0xFF,0xFF,0x51,0x8C,0xCB,0x5A,0x28,0x42,0x66,0x31,0x6D,0x6B,0x9E,0xF7,0x38,0xC6,0xCF,0x7B,
	0xCF,0x7B,0xB6,0xB5,0xFF,0xFF,0xCB,0x5A,0x00,0x00,0x00,0x00,0x00,0x00,0x00,0x00,0x00,0x00,0x00,0x00,0x00,0x00,0x00,0x00,0x00,0x00,0x00,0x00,0x00,0x00,0x00,0x00,0x00,0x00,0x00,0x00,0x00,0x00,0x00,0x00,0x00,0x00,0x00,0x00,0x00,0x00,0x00,0x00,0x00,0x00,0x00,0x00,0x00,0x00,0x00,0x00,0x00,0x00,0x66,0x31,0x51,0x8C,0xFF,0xFF,
	0xB6,0xB5,0x28,0x42,0x00,0x00,0x51,0x8C,0xFF,0xFF,0x9E,0xF7,0x9A,0xD6,0x9A,0xD6,0x38,0xC6,0x1C,0xE7,0xFF,0xFF,0x38,0xC6,0xCF,0x7B,0x6D,0x6B,0xB6,0xB5,0xFF,0xFF,0xCB,0x5A,0x00,0x00,0x00,0x00,0x00,0x00,0x00,0x00,0x00,0x00,0x00,0x00,0x00,0x00,0x00,0x00,0x00,0x00,0x00,0x00,0x00,0x00,0x00,0x00,0x00,0x00,0x00,0x00,0x00,0x00,
	0x00,0x00,0x00,0x00,0x00,0x00,0x00,0x00,0x00,0x00,0x00,0x00,0x00,0x00,0x00,0x00,0x00,0x00,0x00,0x00,0x6D,0x6B,0xB6,0xB5,0xFF,0xFF,0x51,0x8C,0x66,0x31,0x00,0x00,0x6D,0x6B,0x38,0xC6,0x9A,0xD6,0x9A,0xD6,0x9A,0xD6,0x9A,0xD6,0x9A,0xD6,0x1C,0xE7,0xB6,0xB5,0x51,0x8C,0x51,0x8C,0x9A,0xD6,0xFF,0xFF,0xCB,0x5A,0x00,0x00,0x00,0x00,
	0x00,0x00,0x00,0x00,0x00,0x00,0x00,0x00,0x00,0x00,0x00,0x00,0x00,0x00,0x00,0x00,0x00,0x00,0x00,0x00,0x00,0x00,0x00,0x00,0x00,0x00,0x00,0x00,0x00,0x00,0x00,0x00,0x00,0x00,0x00,0x00,0x00,0x00,0x00,0x00,0x00,0x00,0x00,0x00,0x00,0x00,0xB6,0xB5,0x1C,0xE7,0x9E,0xF7,0xCB,0x5A,0x20,0x00,0x00,0x00,0x20,0x00,0xA2,0x10,0xA2,0x10,
	0xA2,0x10,0xA2,0x10,0xA2,0x10,0x66,0x31,0xCB,0x5A,0x14,0xA5,0x38,0xC6,0x1C,0xE7,0xFF,0xFF,0x9E,0xF7,0xCB,0x5A,0x00,0x00,0x00,0x00,0x00,0x00,0x00,0x00,0x00,0x00,0x00,0x00,0x00,0x00,0x00,0x00,0x00,0x00,0x00,0x00,0x00,0x00,0x00,0x00,0x00,0x00,0x00,0x00,0x00,0x00,0x00,0x00,0x00,0x00,0x00,0x00,0x00,0x00,0x00,0x00,0x00,0x00,
	0x00,0x00,0x00,0x00,0x00,0x00,0x00,0x00,0xCF,0x7B,0x14,0xA5,0x14,0xA5,0x66,0x31,0x00,0x00,0x00,0x00,0x00,0x00,0x00,0x00,0x00,0x00,0x00,0x00,0x00,0x00,0x00,0x00,0x00,0x00,0x66,0x31,0xCF,0x7B,0xB6,0xB5,0x38,0xC6,0xB6,0xB5,0x51,0x8C,0x66,0x31,0x00,0x00,0x00,0x00,0x00,0x00,0x00,0x00,0x00,0x00,0x00,0x00,0x00,0x00,0x00,0x00,
	0x00,0x00,0x00,0x00,0x00,0x00,0x00,0x00,0x00,0x00,0x00,0x00,0x00,0x00,0x00,0x00,0x00,0x00,0x00,0x00,0x00,0x00,0x00,0x00,0x00,0x00,0x00,0x00,0x00,0x00,0x00,0x00,0x00,0x00,0x66,0x31,0x28,0x42,0x28,0x42,0xA2,0x10,0x00,0x00,0x00,0x00,0x00,0x00,0x00,0x00,0x00,0x00,0x00,0x00,0x00,0x00,0x00,0x00,0x00,0x00,0xA2,0x10,0x28,0x42,
	0x6D,0x6B,0x6D,0x6B,0x28,0x42,0xA2,0x10,0x20,0x00,0x00,0x00,0x00,0x00,0x00,0x00,0x00,0x00,0x00,0x00,0x00,0x00,0x00,0x00,0x00,0x00,0x00,0x00,0x00,0x00,0x00,0x00,0x00,0x00,0x00,0x00,0x00,0x00,0x00,0x00,0x00,0x00,0x00,0x00,0x00,0x00,0x00,0x00,0x00,0x00,0x00,0x00,0x00,0x00,0x00,0x00,0x00,0x00,0x00,0x00,

	// Alpha Channel 
	0x00,0x00,0x00,0x00,0x00,0x00,0x00,0x00,0x00,0x00,0x00,0x00,0x00,0x00,0x00,0x00,0x00,0x00,0x00,0x00,0x00,0x00,0x00,0x00,0x00,0x00,0x00,0x00,0x00,0x00,0x00,0x00,0x00,0x00,0x00,0x00,0x00,0x00,0x00,0x00,0x00,0x00,0x00,0x00,0x00,0x00,0xFF,0xFF,0xFF,0xFF,0xFF,0xFF,0xFF,0xFF,0xFF,0xFF,0xFF,0xFF,0xFF,0xFF,0xFF,0xFF,0xFF,0xFF,
	0xFF,0x00,0x00,0x00,0x00,0x00,0x00,0x00,0x00,0x00,0x00,0x00,0x00,0x00,0x00,0x00,0x00,0x00,0x00,0x00,0x00,0x00,0x00,0x00,0x00,0x00,0x00,0xFF,0xFF,0xFF,0xFF,0xFF,0xFF,0xFF,0xFF,0xFF,0xFF,0xFF,0xFF,0xFF,0xFF,0xFF,0xFF,0xFF,0xFF,0xFF,0x00,0x00,0x00,0x00,0x00,0x00,0x00,0x00,0x00,0x00,0x00,0x00,0x00,0x00,0x00,0x00,0x00,0x00,
	0x00,0x00,0x00,0x00,0x00,0x00,0x00,0x00,0xFF,0xFF,0xFF,0xFF,0xFF,0xFF,0xFF,0xFF,0xFF,0xFF,0xFF,0xFF,0xFF,0xFF,0xFF,0xFF,0xFF,0xFF,0xFF,0x00,0x00,0x00,0x00,0x00,0x00,0x00,0x00,0x00,0x00,0x00,0x00,0x00,0x00,0x00,0x00,0x00,0x00,0x00,0x00,0x00,0x00,0x00,0x00,0x00,0x00,0xFF,0xFF,0xFF,0xFF,0xFF,0xFF,0xFF,0xFF,0xFF,0xFF,0xFF,
	0xFF,0xFF,0xFF,0xFF,0xFF,0xFF,0xFF,0xFF,0x00,0x00,0x00,0x00,0x00,0x00,0x00,0x00,0x00,0x00,0x00,0x00,0x00,0x00,0x00,0x00,0x00,0x00,0x00,0x00,0x00,0x00,0x00,0x00,0x00,0x00,0xFF,0xFF,0xFF,0xFF,0xFF,0xFF,0xFF,0xFF,0xFF,0xFF,0xFF,0xFF,0xFF,0xFF,0xFF,0xFF,0xFF,0xFF,0xFF,0x00,0x00,0x00,0x00,0x00,0x00,0x00,0x00,0x00,0x00,0x00,
	0x00,0x00,0x00,0x00,0x00,0x00,0x00,0x00,0x00,0x00,0x00,0x00,0x00,0x00,0x00,0xFF,0xFF,0xFF,0xFF,0xFF,0xFF,0xFF,0xFF,0xFF,0xFF,0xFF,0xFF,0xFF,0xFF,0xFF,0xFF,0xFF,0xFF,0xFF,0x00,0x00,0x00,0x00,0x00,0x00,0x00,0x00,0x00,0x00,0x00,0x00,0x00,0x00,0x00,0x00,0x00,0x00,0x00,0x00,0x00,0x00,0x00,0x00,0x00,0x00,0xFF,0xFF,0xFF,0xFF,
	0xFF,0xFF,0xFF,0xFF,0xFF,0xFF,0xFF,0xFF,0xFF,0xFF,0xFF,0xFF,0xFF,0xFF,0xFF,0x00,0x00,0x00,0xFF,0xFF,0xFF,0xFF,0xFF,0xFF,0xFF,0xFF,0xFF,0xFF,0xFF,0xFF,0xFF,0xFF,0xFF,0xFF,0xFF,0xFF,0xFF,0xFF,0xFF,0x00,0x00,0xFF,0xFF,0xFF,0xFF,0xFF,0x00,0xFF,0xFF,0xFF,0xFF,0xFF,0xFF,0xFF,0xFF,0xFF,0xFF,0xFF,0xFF,0xFF,0x00,0x00,0xFF,0xFF,
	0xFF,0xFF,0xFF,0xFF,0xFF,0xFF,0xFF,0xFF,0xFF,0xFF,0xFF,0xFF,0xFF,0xFF,0xFF,0xFF,0xFF,0xFF,0xFF,0xFF,0xFF,0x00,0xFF,0xFF,0xFF,0xFF,0xFF,0xFF,0xFF,0xFF,0xFF,0xFF,0xFF,0xFF,0xFF,0xFF,0xFF,0xFF,0xFF,0xFF,0xFF,0x00,0x00,0xFF,0xFF,0xFF,0xFF,0xFF,0xFF,0xFF,0xFF,0xFF,0xFF,0xFF,0xFF,0xFF,0xFF,0xFF,0xFF,0xFF,0xFF,0xFF,0xFF,0xFF,
	0xFF,0xFF,0x00,0xFF,0xFF,0xFF,0xFF,0xFF,0xFF,0xFF,0xFF,0xFF,0xFF,0xFF,0xFF,0xFF,0xFF,0xFF,0xFF,0xFF,0xFF,0xFF,0x00,0x00,0xFF,0xFF,0xFF,0xFF,0xFF,0xFF,0xFF,0xFF,0xFF,0xFF,0xFF,0xFF,0xFF,0xFF,0xFF,0xFF,0xFF,0xFF,0xFF,0xFF,0xFF,0xFF,0xFF,0x00,0xFF,0xFF,0xFF,0xFF,0xFF,0xFF,0xFF,0xFF,0xFF,0xFF,0xFF,0xFF,0xFF,0xFF,0xFF,0xFF,
	0xFF,0xFF,0xFF,0x00,0x00,0xFF,0xFF,0xFF,0xFF,0xFF,0xFF,0xFF,0xFF,0xFF,0xFF,0xFF,0xFF,0xFF,0xFF,0xFF,0xFF,0xFF,0xFF,0xFF,0xFF,0xFF,0xFF,0xFF,0x00,0xFF,0xFF,0xFF,0xFF,0xFF,0xFF,0xFF,0xFF,0xFF,0xFF,0xFF,0xFF,0xFF,0xFF,0xFF,0xFF,0xFF,0xFF,0xFF,0x00,0x00,0xFF,0xFF,0xFF,0xFF,0xFF,0xFF,0xFF,0xFF,0xFF,0xFF,0xFF,0xFF,0xFF,0xFF,
	0xFF,0xFF,0xFF,0xFF,0xFF,0xFF,0xFF,0xFF,0xFF,0x00,0xFF,0xFF,0xFF,0xFF,0x00,0xFF,0xFF,0xFF,0xFF,0xFF,0xFF,0xFF,0xFF,0xFF,0xFF,0xFF,0xFF,0xFF,0xFF,0x00,0x00,0x00,0x00,0x00,0x00,0x00,0x00,0x00,0x00,0x00,0x00,0x00,0x00,0x00,0x00,0x00,0x00,0x00,0x00,0x00,0x00,0x00,0x00,0x00,0x00,0xFF,0xFF,0xFF,0xFF,0x00,0xFF,0xFF,0xFF,0xFF,
	0xFF,0xFF,0xFF,0xFF,0xFF,0xFF,0xFF,0xFF,0xFF,0xFF,0x00,0x00,0x00,0x00,0x00,0x00,0x00,0x00,0x00,0x00,0x00,0x00,0x00,0x00,0x00,0x00,0x00,0x00,0x00,0x00,0x00,0x00,0x00,0x00,0x00,0x00,0xFF,0xFF,0xFF,0xFF,0x00,0xFF,0xFF,0xFF,0xFF,0xFF,0xFF,0xFF,0xFF,0xFF,0xFF,0xFF,0xFF,0xFF,0xFF,0x00,0x00,0x00,0x00,0x00,0x00,0x00,0x00,0x00,
	0x00,0x00,0x00,0x00,0x00,0x00,0x00,0x00,0x00,0x00,0x00,0x00,0x00,0x00,0x00,0x00,0x00,0xFF,0xFF,0xFF,0xFF,0x00,0xFF,0xFF,0xFF,0xFF,0xFF,0xFF,0xFF,0xFF,0xFF,0xFF,0xFF,0xFF,0xFF,0xFF,0x00,0x00,0x00,0x00,0x00,0x00,0x00,0x00,0x00,0x00,0x00,0x00,0x00,0x00,0x00,0x00,0x00,0x00,0x00,0x00,0x00,0x00,0x00,0x00,0x00,0xFF,0xFF,0xFF,
	0xFF,0xFF,0x00,0xFF,0xFF,0xFF,0xFF,0xFF,0xFF,0xFF,0xFF,0xFF,0xFF,0xFF,0xFF,0xFF,0xFF,0x00,0x00,0x00,0x00,0x00,0x00,0x00,0x00,0x00,0x00,0x00,0x00,0x00,0x00,0x00,0x00,0x00,0x00,0x00,0x00,0x00,0x00,0x00,0x00,0x00,0xFF,0xFF,0xFF,0xFF,0xFF,0x00,0xFF,0xFF,0xFF,0xFF,0xFF,0xFF,0xFF,0xFF,0xFF,0xFF,0xFF,0xFF,0xFF,0xFF,0x00,0x00,
	0x00,0x00,0x00,0x00,0x00,0x00,0x00,0x00,0x00,0x00,0x00,0x00,0x00,0x00,0x00,0x00,0x00,0x00,0x00,0x00,0x00,0x00,0x00,0xFF,0xFF,0xFF,0xFF,0xFF,0x00,0xFF,0xFF,0xFF,0xFF,0xFF,0xFF,0xFF,0xFF,0xFF,0xFF,0xFF,0xFF,0xFF,0xFF,0x00,0x00,0x00,0x00,0x00,0x00,0x00,0x00,0x00,0x00,0x00,0x00,0x00,0x00,0x00,0x00,0x00,0x00,0x00,0x00,0x00,
	0x00,0x00,0x00,0x00,0xFF,0xFF,0xFF,0xFF,0x00,0x00,0x00,0x00,0x00,0x00,0x00,0x00,0x00,0xFF,0xFF,0xFF,0xFF,0xFF,0xFF,0xFF,0x00,0x00,0x00,0x00,0x00,0x00,0x00,0x00,0x00,0x00,0x00,0x00,0x00,0x00,0x00,0x00,0x00,0x00,0x00,0x00,0x00,0x00,0x00,0x00,0x00,0xFF,0xFF,0xFF,0xFF,0x00,0x00,0x00,0x00,0x00,0x00,0x00,0x00,0x00,0xFF,0xFF,
	0xFF,0xFF,0xFF,0xFF,0xFF,0x00,0x00,0x00,0x00,0x00,0x00,0x00,0x00,0x00,0x00,0x00,0x00,0x00,0x00,0x00,0x00,0x00,0x00,0x00,0x00,0x00,0x00,0x00,0x00,0x00,
    };
        


const lv_img_dsc_t face_228_390_dial_img_7_228194_0 = {
    .header.magic = LV_IMAGE_HEADER_MAGIC,
    .header.w = 45,
    .header.h = 22,
    .data_size = sizeof(face_228_390_dial_img_7_228194_data_0),
    .header.cf = LV_COLOR_FORMAT_RGB565A8,
    .data = face_228_390_dial_img_7_228194_data_0};

    
// LVGL 9 format (RGB565) // LVGL_9 compatible 
const LV_ATTRIBUTE_MEM_ALIGN uint8_t face_228_390_dial_img_7_228194_data_1[] = {
	//RGB565 data 
	0x20,0x00,0x20,0x00,0x20,0x00,0x00,0x00,0x00,0x00,0x00,0x00,0x00,0x00,0x00,0x00,0x00,0x00,0x00,0x00,0x00,0x00,0x00,0x00,0x00,0x00,0x00,0x00,0x00,0x00,0x00,0x00,0x00,0x00,0x00,0x00,0x00,0x00,0x00,0x00,0x00,0x00,0x00,0x00,0x00,0x00,0x00,0x00,0x00,0x00,0x00,0x00,0x00,0x00,0x00,0x00,0x00,0x00,0x00,0x00,0x00,0x00,0x00,0x00,
	0x00,0x00,0x00,0x00,0x00,0x00,0x00,0x00,0x00,0x00,0x00,0x00,0x00,0x00,0x00,0x00,0x00,0x00,0x00,0x00,0x00,0x00,0x00,0x00,0x00,0x00,0x00,0x00,0xA2,0x10,0x66,0x31,0xCB,0x5A,0x6D,0x6B,0xCF,0x7B,0xCF,0x7B,0xCF,0x7B,0xCF,0x7B,0xCF,0x7B,0x6D,0x6B,0x6D,0x6B,0xCF,0x7B,0xCF,0x7B,0x6D,0x6B,0x6D,0x6B,0x6D,0x6B,0x6D,0x6B,0x6D,0x6B,
	0x66,0x31,0x00,0x00,0x00,0x00,0x00,0x00,0x00,0x00,0x00,0x00,0x00,0x00,0x00,0x00,0x00,0x00,0x00,0x00,0x00,0x00,0x00,0x00,0x00,0x00,0x00,0x00,0x00,0x00,0x00,0x00,0x00,0x00,0x00,0x00,0x00,0x00,0x00,0x00,0x00,0x00,0x00,0x00,0x00,0x00,0x00,0x00,0x00,0x00,0x00,0x00,0x00,0x00,0x66,0x31,0x51,0x8C,0x1C,0xE7,0xFF,0xFF,0xFF,0xFF,
	0xFF,0xFF,0xFF,0xFF,0xFF,0xFF,0xFF,0xFF,0xFF,0xFF,0xFF,0xFF,0xFF,0xFF,0xFF,0xFF,0xFF,0xFF,0xFF,0xFF,0xFF,0xFF,0xFF,0xFF,0xFF,0xFF,0xCB,0x5A,0x00,0x00,0x00,0x00,0x00,0x00,0x00,0x00,0x00,0x00,0x20,0x00,0xA2,0x10,0xA2,0x10,0xA2,0x10,0xA2,0x10,0xA2,0x10,0xA2,0x10,0xA2,0x10,0xA2,0x10,0xA2,0x10,0xA2,0x10,0xA2,0x10,0xA2,0x10,
	0xA2,0x10,0xA2,0x10,0xA2,0x10,0x20,0x00,0x00,0x00,0x00,0x00,0x00,0x00,0x00,0x00,0x66,0x31,0x51,0x8C,0x9E,0xF7,0x9E,0xF7,0xB6,0xB5,0x14,0xA5,0x14,0xA5,0x14,0xA5,0x9A,0xD6,0xFF,0xFF,0x1C,0xE7,0x38,0xC6,0x14,0xA5,0x14,0xA5,0xB6,0xB5,0x38,0xC6,0x9E,0xF7,0xFF,0xFF,0xCB,0x5A,0x00,0x00,0x00,0x00,0x00,0x00,0x00,0x00,0x00,0x00,
	0x28,0x42,0x38,0xC6,0x38,0xC6,0x38,0xC6,0x38,0xC6,0x38,0xC6,0x38,0xC6,0x38,0xC6,0x38,0xC6,0x38,0xC6,0x38,0xC6,0x38,0xC6,0x38,0xC6,0x38,0xC6,0x38,0xC6,0x38,0xC6,0x51,0x8C,0x20,0x00,0x00,0x00,0x00,0x00,0x00,0x00,0x66,0x31,0x51,0x8C,0x9E,0xF7,0x1C,0xE7,0xCB,0x5A,0xCB,0x5A,0xCF,0x7B,0x6D,0x6B,0xB6,0xB5,0xFF,0xFF,0x9A,0xD6,
	0x14,0xA5,0xCF,0x7B,0x6D,0x6B,0x6D,0x6B,0x51,0x8C,0x9A,0xD6,0xFF,0xFF,0xCB,0x5A,0x00,0x00,0x00,0x00,0x00,0x00,0x00,0x00,0x00,0x00,0xCB,0x5A,0xFF,0xFF,0xFF,0xFF,0xFF,0xFF,0xFF,0xFF,0xFF,0xFF,0xFF,0xFF,0xFF,0xFF,0xFF,0xFF,0xFF,0xFF,0xFF,0xFF,0xFF,0xFF,0xFF,0xFF,0xFF,0xFF,0xFF,0xFF,0xFF,0xFF,0xB6,0xB5,0x20,0x00,0x00,0x00,
	0x00,0x00,0x00,0x00,0x66,0x31,0x51,0x8C,0x9E,0xF7,0x9A,0xD6,0x66,0x31,0x28,0x42,0x51,0x8C,0xCF,0x7B,0xB6,0xB5,0xFF,0xFF,0x1C,0xE7,0xB6,0xB5,0x51,0x8C,0x6D,0x6B,0xCB,0x5A,0xCF,0x7B,0x38,0xC6,0xFF,0xFF,0xCB,0x5A,0x00,0x00,0x00,0x00,0x00,0x00,0x00,0x00,0x00,0x00,0x28,0x42,0xB6,0xB5,0x38,0xC6,0xB6,0xB5,0xB6,0xB5,0xB6,0xB5,
	0xB6,0xB5,0xB6,0xB5,0xB6,0xB5,0xB6,0xB5,0xB6,0xB5,0xB6,0xB5,0xB6,0xB5,0xB6,0xB5,0x38,0xC6,0x38,0xC6,0x51,0x8C,0x20,0x00,0x00,0x00,0x00,0x00,0x00,0x00,0x66,0x31,0x51,0x8C,0x9E,0xF7,0x9A,0xD6,0x28,0x42,0x51,0x8C,0x1C,0xE7,0x1C,0xE7,0x9E,0xF7,0xFF,0xFF,0x9E,0xF7,0x9E,0xF7,0x1C,0xE7,0x38,0xC6,0x14,0xA5,0xCF,0x7B,0xB6,0xB5,
	0xFF,0xFF,0xCB,0x5A,0x00,0x00,0x00,0x00,0x00,0x00,0x00,0x00,0x00,0x00,0xA2,0x10,0x28,0x42,0x28,0x42,0x28,0x42,0x28,0x42,0x28,0x42,0x28,0x42,0x28,0x42,0x28,0x42,0x28,0x42,0x28,0x42,0x28,0x42,0x28,0x42,0x28,0x42,0x28,0x42,0x28,0x42,0x66,0x31,0x00,0x00,0x00,0x00,0x00,0x00,0x00,0x00,0x66,0x31,0x51,0x8C,0x9E,0xF7,0x9A,0xD6,
	0x66,0x31,0xCF,0x7B,0x38,0xC6,0x38,0xC6,0x1C,0xE7,0xFF,0xFF,0x9E,0xF7,0x1C,0xE7,0x38,0xC6,0xB6,0xB5,0x51,0x8C,0xCF,0x7B,0xB6,0xB5,0xFF,0xFF,0xCB,0x5A,0x00,0x00,0x00,0x00,0x00,0x00,0x00,0x00,0x00,0x00,0x00,0x00,0x00,0x00,0x00,0x00,0x00,0x00,0x00,0x00,0x00,0x00,0x00,0x00,0x00,0x00,0x00,0x00,0x00,0x00,0x00,0x00,0x00,0x00,
	0x00,0x00,0x00,0x00,0x00,0x00,0x00,0x00,0x00,0x00,0x00,0x00,0x00,0x00,0x00,0x00,0x00,0x00,0x66,0x31,0x51,0x8C,0x9E,0xF7,0x38,0xC6,0x20,0x00,0x00,0x00,0x20,0x00,0x20,0x00,0x6D,0x6B,0xFF,0xFF,0x38,0xC6,0xCB,0x5A,0x20,0x00,0x20,0x00,0x20,0x00,0xCB,0x5A,0x38,0xC6,0xFF,0xFF,0xCB,0x5A,0x00,0x00,0x00,0x00,0x00,0x00,0x00,0x00,
	0x00,0x00,0x00,0x00,0x00,0x00,0x00,0x00,0x00,0x00,0x00,0x00,0x00,0x00,0x00,0x00,0x00,0x00,0x00,0x00,0x00,0x00,0x00,0x00,0x00,0x00,0x00,0x00,0x00,0x00,0x00,0x00,0x00,0x00,0x00,0x00,0x00,0x00,0x00,0x00,0x00,0x00,0x00,0x00,0x66,0x31,0x51,0x8C,0x9E,0xF7,0x1C,0xE7,0xCF,0x7B,0xCF,0x7B,0x51,0x8C,0x51,0x8C,0x38,0xC6,0xFF,0xFF,
	0x9E,0xF7,0xB6,0xB5,0x51,0x8C,0x51,0x8C,0x51,0x8C,0x14,0xA5,0x9A,0xD6,0xFF,0xFF,0xCB,0x5A,0x00,0x00,0x00,0x00,0x00,0x00,0x00,0x00,0x00,0x00,0x00,0x00,0x00,0x00,0x00,0x00,0x00,0x00,0x00,0x00,0x00,0x00,0x00,0x00,0x00,0x00,0x00,0x00,0x00,0x00,0x00,0x00,0x00,0x00,0x00,0x00,0x00,0x00,0x00,0x00,0x00,0x00,0x00,0x00,0x00,0x00,
	0x00,0x00,0x00,0x00,0x00,0x00,0x66,0x31,0x51,0x8C,0x1C,0xE7,0x9E,0xF7,0xB6,0xB5,0x9A,0xD6,0x9E,0xF7,0x9E,0xF7,0x9E,0xF7,0x1C,0xE7,0x1C,0xE7,0x9E,0xF7,0x9E,0xF7,0x9E,0xF7,0x9E,0xF7,0x38,0xC6,0x1C,0xE7,0xFF,0xFF,0xCB,0x5A,0x00,0x00,0x00,0x00,0x00,0x00,0x00,0x00,0x00,0x00,0x00,0x00,0x00,0x00,0x00,0x00,0x00,0x00,0x00,0x00,
	0x00,0x00,0x00,0x00,0x00,0x00,0x00,0x00,0x00,0x00,0x00,0x00,0x00,0x00,0x00,0x00,0x00,0x00,0x00,0x00,0x00,0x00,0x00,0x00,0x00,0x00,0x00,0x00,0x00,0x00,0x00,0x00,0x28,0x42,0xB6,0xB5,0x9E,0xF7,0x9A,0xD6,0xCB,0x5A,0x28,0x42,0xCB,0x5A,0xCB,0x5A,0xCB,0x5A,0x28,0x42,0xCB,0x5A,0xCB,0x5A,0xCB,0x5A,0xCB,0x5A,0xCB,0x5A,0x51,0x8C,
	0x38,0xC6,0xFF,0xFF,0xCB,0x5A,0x00,0x00,0x00,0x00,0x00,0x00,0x00,0x00,0x00,0x00,0x00,0x00,0x00,0x00,0x00,0x00,0x00,0x00,0x00,0x00,0x00,0x00,0x00,0x00,0x00,0x00,0x00,0x00,0x00,0x00,0x00,0x00,0x00,0x00,0x00,0x00,0x00,0x00,0x00,0x00,0x00,0x00,0x00,0x00,0x00,0x00,0x00,0x00,0x00,0x00,0x00,0x00,0x28,0x42,0xB6,0xB5,0x1C,0xE7,
	0x14,0xA5,0xA2,0x10,0x28,0x42,0x51,0x8C,0x51,0x8C,0x51,0x8C,0x51,0x8C,0x51,0x8C,0x51,0x8C,0x51,0x8C,0x6D,0x6B,0xCB,0x5A,0x6D,0x6B,0x38,0xC6,0xFF,0xFF,0xCB,0x5A,0x00,0x00,0x00,0x00,0x00,0x00,0x00,0x00,0x00,0x00,0x00,0x00,0x00,0x00,0x00,0x00,0x00,0x00,0x00,0x00,0x00,0x00,0x00,0x00,0x00,0x00,0x00,0x00,0x00,0x00,0x00,0x00,
	0x00,0x00,0x00,0x00,0x00,0x00,0x00,0x00,0x00,0x00,0x00,0x00,0x00,0x00,0x00,0x00,0x00,0x00,0x00,0x00,0x28,0x42,0x38,0xC6,0x9A,0xD6,0xCF,0x7B,0x00,0x00,0x51,0x8C,0xFF,0xFF,0xFF,0xFF,0xFF,0xFF,0xFF,0xFF,0xFF,0xFF,0xFF,0xFF,0xFF,0xFF,0x38,0xC6,0xCF,0x7B,0xCF,0x7B,0xB6,0xB5,0xFF,0xFF,0xCB,0x5A,0x00,0x00,0x00,0x00,0x00,0x00,
	0x00,0x00,0x00,0x00,0x00,0x00,0x00,0x00,0x00,0x00,0x00,0x00,0x00,0x00,0x00,0x00,0x00,0x00,0x00,0x00,0x00,0x00,0x00,0x00,0x00,0x00,0x00,0x00,0x00,0x00,0x00,0x00,0x00,0x00,0x00,0x00,0x00,0x00,0x00,0x00,0x00,0x00,0x00,0x00,0x00,0x00,0x28,0x42,0x38,0xC6,0x9A,0xD6,0x51,0x8C,0x00,0x00,0x51,0x8C,0xFF,0xFF,0x9A,0xD6,0xB6,0xB5,
	0x14,0xA5,0x14,0xA5,0x38,0xC6,0xFF,0xFF,0x38,0xC6,0xCF,0x7B,0xCF,0x7B,0xB6,0xB5,0xFF,0xFF,0xCB,0x5A,0x00,0x00,0x00,0x00,0x00,0x00,0x00,0x00,0x00,0x00,0x00,0x00,0x00,0x00,0x00,0x00,0x00,0x00,0x00,0x00,0x00,0x00,0x00,0x00,0x00,0x00,0x00,0x00,0x00,0x00,0x00,0x00,0x00,0x00,0x00,0x00,0x00,0x00,0x00,0x00,0x00,0x00,0x00,0x00,
	0x00,0x00,0x00,0x00,0x00,0x00,0x00,0x00,0x28,0x42,0x9A,0xD6,0x9A,0xD6,0xCF,0x7B,0x00,0x00,0x51,0x8C,0xFF,0xFF,0x14,0xA5,0x6D,0x6B,0xCB,0x5A,0x28,0x42,0x51,0x8C,0xFF,0xFF,0x38,0xC6,0xCF,0x7B,0xCF,0x7B,0xB6,0xB5,0xFF,0xFF,0xCB,0x5A,0x00,0x00,0x00,0x00,0x00,0x00,0x20,0x00,0x20,0x00,0xA2,0x10,0xA2,0x10,0xA2,0x10,0xA2,0x10,
	0xA2,0x10,0xA2,0x10,0xA2,0x10,0xA2,0x10,0xA2,0x10,0xA2,0x10,0xA2,0x10,0xA2,0x10,0xA2,0x10,0xA2,0x10,0xA2,0x10,0xA2,0x10,0xA2,0x10,0xA2,0x10,0x20,0x00,0x00,0x00,0x00,0x00,0xCB,0x5A,0x9E,0xF7,0x9A,0xD6,0x6D,0x6B,0x00,0x00,0x51,0x8C,0xFF,0xFF,0x51,0x8C,0xCB,0x5A,0x28,0x42,0x66,0x31,0x6D,0x6B,0x9E,0xF7,0x38,0xC6,0xCF,0x7B,
	0xCF,0x7B,0xB6,0xB5,0xFF,0xFF,0xCB,0x5A,0x00,0x00,0x00,0x00,0x20,0x00,0xA2,0x10,0x66,0x31,0x28,0x42,0x28,0x42,0x28,0x42,0x28,0x42,0x28,0x42,0x28,0x42,0x28,0x42,0x28,0x42,0x28,0x42,0x28,0x42,0x28,0x42,0x28,0x42,0x28,0x42,0x28,0x42,0x28,0x42,0x28,0x42,0x28,0x42,0x28,0x42,0x66,0x31,0x20,0x00,0x66,0x31,0x51,0x8C,0xFF,0xFF,
	0xB6,0xB5,0x28,0x42,0x00,0x00,0x51,0x8C,0xFF,0xFF,0x9E,0xF7,0x9A,0xD6,0x9A,0xD6,0x38,0xC6,0x1C,0xE7,0xFF,0xFF,0x38,0xC6,0xCF,0x7B,0x6D,0x6B,0xB6,0xB5,0xFF,0xFF,0xCB,0x5A,0x00,0x00,0x00,0x00,0xA2,0x10,0x28,0x42,0xB6,0xB5,0x9A,0xD6,0x9A,0xD6,0x9A,0xD6,0x9A,0xD6,0x9A,0xD6,0x9A,0xD6,0x9A,0xD6,0x9A,0xD6,0x9A,0xD6,0x9A,0xD6,
	0x9A,0xD6,0x9A,0xD6,0x9A,0xD6,0x9A,0xD6,0x9A,0xD6,0x9A,0xD6,0x9A,0xD6,0x9A,0xD6,0x6D,0x6B,0x66,0x31,0x6D,0x6B,0xB6,0xB5,0xFF,0xFF,0x51,0x8C,0x66,0x31,0x00,0x00,0x6D,0x6B,0x38,0xC6,0x9A,0xD6,0x9A,0xD6,0x9A,0xD6,0x9A,0xD6,0x9A,0xD6,0x1C,0xE7,0xB6,0xB5,0x51,0x8C,0x51,0x8C,0x9A,0xD6,0xFF,0xFF,0xCB,0x5A,0x00,0x00,0x00,0x00,
	0xA2,0x10,0xCB,0x5A,0x9A,0xD6,0x9E,0xF7,0x9E,0xF7,0x9E,0xF7,0x9E,0xF7,0x9E,0xF7,0x9E,0xF7,0x9E,0xF7,0x9E,0xF7,0x9E,0xF7,0x9E,0xF7,0x9E,0xF7,0x9E,0xF7,0x9E,0xF7,0x9E,0xF7,0x9E,0xF7,0x9E,0xF7,0x9E,0xF7,0x9E,0xF7,0x51,0x8C,0x66,0x31,0xB6,0xB5,0x1C,0xE7,0x9E,0xF7,0xCB,0x5A,0x20,0x00,0x00,0x00,0x20,0x00,0xA2,0x10,0xA2,0x10,
	0xA2,0x10,0xA2,0x10,0xA2,0x10,0x66,0x31,0xCB,0x5A,0x14,0xA5,0x38,0xC6,0x1C,0xE7,0xFF,0xFF,0x9E,0xF7,0xCB,0x5A,0x00,0x00,0x00,0x00,0x20,0x00,0x66,0x31,0xCF,0x7B,0x14,0xA5,0x51,0x8C,0x51,0x8C,0x51,0x8C,0x51,0x8C,0x51,0x8C,0x51,0x8C,0x51,0x8C,0x51,0x8C,0x51,0x8C,0x51,0x8C,0x51,0x8C,0x51,0x8C,0x51,0x8C,0x51,0x8C,0x51,0x8C,
	0x51,0x8C,0x51,0x8C,0x28,0x42,0xA2,0x10,0xCF,0x7B,0x14,0xA5,0x14,0xA5,0x66,0x31,0x00,0x00,0x00,0x00,0x00,0x00,0x00,0x00,0x00,0x00,0x00,0x00,0x00,0x00,0x00,0x00,0x00,0x00,0x66,0x31,0xCF,0x7B,0xB6,0xB5,0x38,0xC6,0xB6,0xB5,0x51,0x8C,0x66,0x31,0x00,0x00,0x00,0x00,0x20,0x00,0xA2,0x10,0x66,0x31,0x66,0x31,0x66,0x31,0x66,0x31,
	0x66,0x31,0x66,0x31,0x66,0x31,0x66,0x31,0x66,0x31,0x66,0x31,0x66,0x31,0x66,0x31,0x66,0x31,0x66,0x31,0x66,0x31,0x66,0x31,0x66,0x31,0x66,0x31,0x66,0x31,0xA2,0x10,0x20,0x00,0x66,0x31,0x28,0x42,0x28,0x42,0xA2,0x10,0x00,0x00,0x00,0x00,0x00,0x00,0x00,0x00,0x00,0x00,0x00,0x00,0x00,0x00,0x00,0x00,0x00,0x00,0xA2,0x10,0x28,0x42,
	0x6D,0x6B,0x6D,0x6B,0x28,0x42,0xA2,0x10,0x20,0x00,0x00,0x00,0x00,0x00,0x00,0x00,0x00,0x00,0x00,0x00,0x00,0x00,0x00,0x00,0x00,0x00,0x00,0x00,0x00,0x00,0x00,0x00,0x00,0x00,0x00,0x00,0x00,0x00,0x00,0x00,0x00,0x00,0x00,0x00,0x00,0x00,0x00,0x00,0x00,0x00,0x00,0x00,0x00,0x00,0x00,0x00,0x00,0x00,0x00,0x00,

	// Alpha Channel 
	0xFF,0xFF,0xFF,0x00,0x00,0x00,0x00,0x00,0x00,0x00,0x00,0x00,0x00,0x00,0x00,0x00,0x00,0x00,0x00,0x00,0x00,0x00,0x00,0x00,0x00,0x00,0x00,0x00,0x00,0x00,0x00,0x00,0x00,0x00,0x00,0x00,0x00,0x00,0x00,0x00,0x00,0x00,0x00,0x00,0x00,0x00,0xFF,0xFF,0xFF,0xFF,0xFF,0xFF,0xFF,0xFF,0xFF,0xFF,0xFF,0xFF,0xFF,0xFF,0xFF,0xFF,0xFF,0xFF,
	0xFF,0x00,0x00,0x00,0x00,0x00,0x00,0x00,0x00,0x00,0x00,0x00,0x00,0x00,0x00,0x00,0x00,0x00,0x00,0x00,0x00,0x00,0x00,0x00,0x00,0x00,0x00,0xFF,0xFF,0xFF,0xFF,0xFF,0xFF,0xFF,0xFF,0xFF,0xFF,0xFF,0xFF,0xFF,0xFF,0xFF,0xFF,0xFF,0xFF,0xFF,0x00,0x00,0x00,0x00,0x00,0xFF,0xFF,0xFF,0xFF,0xFF,0xFF,0xFF,0xFF,0xFF,0xFF,0xFF,0xFF,0xFF,
	0xFF,0xFF,0xFF,0xFF,0x00,0x00,0x00,0x00,0xFF,0xFF,0xFF,0xFF,0xFF,0xFF,0xFF,0xFF,0xFF,0xFF,0xFF,0xFF,0xFF,0xFF,0xFF,0xFF,0xFF,0xFF,0xFF,0x00,0x00,0x00,0x00,0x00,0xFF,0xFF,0xFF,0xFF,0xFF,0xFF,0xFF,0xFF,0xFF,0xFF,0xFF,0xFF,0xFF,0xFF,0xFF,0xFF,0xFF,0xFF,0x00,0x00,0x00,0xFF,0xFF,0xFF,0xFF,0xFF,0xFF,0xFF,0xFF,0xFF,0xFF,0xFF,
	0xFF,0xFF,0xFF,0xFF,0xFF,0xFF,0xFF,0xFF,0x00,0x00,0x00,0x00,0x00,0xFF,0xFF,0xFF,0xFF,0xFF,0xFF,0xFF,0xFF,0xFF,0xFF,0xFF,0xFF,0xFF,0xFF,0xFF,0xFF,0xFF,0xFF,0x00,0x00,0x00,0xFF,0xFF,0xFF,0xFF,0xFF,0xFF,0xFF,0xFF,0xFF,0xFF,0xFF,0xFF,0xFF,0xFF,0xFF,0xFF,0xFF,0xFF,0xFF,0x00,0x00,0x00,0x00,0x00,0xFF,0xFF,0xFF,0xFF,0xFF,0xFF,
	0xFF,0xFF,0xFF,0xFF,0xFF,0xFF,0xFF,0xFF,0xFF,0xFF,0xFF,0xFF,0x00,0x00,0x00,0xFF,0xFF,0xFF,0xFF,0xFF,0xFF,0xFF,0xFF,0xFF,0xFF,0xFF,0xFF,0xFF,0xFF,0xFF,0xFF,0xFF,0xFF,0xFF,0x00,0x00,0x00,0x00,0x00,0xFF,0xFF,0xFF,0xFF,0xFF,0xFF,0xFF,0xFF,0xFF,0xFF,0xFF,0xFF,0xFF,0xFF,0xFF,0xFF,0xFF,0x00,0x00,0x00,0x00,0xFF,0xFF,0xFF,0xFF,
	0xFF,0xFF,0xFF,0xFF,0xFF,0xFF,0xFF,0xFF,0xFF,0xFF,0xFF,0xFF,0xFF,0xFF,0xFF,0x00,0x00,0x00,0x00,0x00,0x00,0x00,0x00,0x00,0x00,0x00,0x00,0x00,0x00,0x00,0x00,0x00,0x00,0x00,0x00,0x00,0x00,0x00,0x00,0x00,0x00,0xFF,0xFF,0xFF,0xFF,0xFF,0x00,0xFF,0xFF,0xFF,0xFF,0xFF,0xFF,0xFF,0xFF,0xFF,0xFF,0xFF,0xFF,0xFF,0x00,0x00,0x00,0x00,
	0x00,0x00,0x00,0x00,0x00,0x00,0x00,0x00,0x00,0x00,0x00,0x00,0x00,0x00,0x00,0x00,0x00,0x00,0x00,0x00,0x00,0x00,0xFF,0xFF,0xFF,0xFF,0xFF,0xFF,0xFF,0xFF,0xFF,0xFF,0xFF,0xFF,0xFF,0xFF,0xFF,0xFF,0xFF,0xFF,0xFF,0x00,0x00,0x00,0x00,0x00,0x00,0x00,0x00,0x00,0x00,0x00,0x00,0x00,0x00,0x00,0x00,0x00,0x00,0x00,0x00,0x00,0x00,0x00,
	0x00,0x00,0x00,0xFF,0xFF,0xFF,0xFF,0xFF,0xFF,0xFF,0xFF,0xFF,0xFF,0xFF,0xFF,0xFF,0xFF,0xFF,0xFF,0xFF,0xFF,0xFF,0x00,0x00,0x00,0x00,0x00,0x00,0x00,0x00,0x00,0x00,0x00,0x00,0x00,0x00,0x00,0x00,0x00,0x00,0x00,0x00,0x00,0x00,0x00,0x00,0x00,0x00,0xFF,0xFF,0xFF,0xFF,0xFF,0xFF,0xFF,0xFF,0xFF,0xFF,0xFF,0xFF,0xFF,0xFF,0xFF,0xFF,
	0xFF,0xFF,0xFF,0x00,0x00,0x00,0x00,0x00,0x00,0x00,0x00,0x00,0x00,0x00,0x00,0x00,0x00,0x00,0x00,0x00,0x00,0x00,0x00,0x00,0x00,0x00,0x00,0x00,0x00,0xFF,0xFF,0xFF,0xFF,0xFF,0xFF,0xFF,0xFF,0xFF,0xFF,0xFF,0xFF,0xFF,0xFF,0xFF,0xFF,0xFF,0xFF,0xFF,0x00,0x00,0x00,0x00,0x00,0x00,0x00,0x00,0x00,0x00,0x00,0x00,0x00,0x00,0x00,0x00,
	0x00,0x00,0x00,0x00,0x00,0x00,0x00,0x00,0x00,0x00,0xFF,0xFF,0xFF,0xFF,0x00,0xFF,0xFF,0xFF,0xFF,0xFF,0xFF,0xFF,0xFF,0xFF,0xFF,0xFF,0xFF,0xFF,0xFF,0x00,0x00,0x00,0x00,0x00,0x00,0x00,0x00,0x00,0x00,0x00,0x00,0x00,0x00,0x00,0x00,0x00,0x00,0x00,0x00,0x00,0x00,0x00,0x00,0x00,0x00,0xFF,0xFF,0xFF,0xFF,0x00,0xFF,0xFF,0xFF,0xFF,
	0xFF,0xFF,0xFF,0xFF,0xFF,0xFF,0xFF,0xFF,0xFF,0xFF,0x00,0x00,0x00,0x00,0x00,0x00,0x00,0x00,0x00,0x00,0x00,0x00,0x00,0x00,0x00,0x00,0x00,0x00,0x00,0x00,0x00,0x00,0x00,0x00,0x00,0x00,0xFF,0xFF,0xFF,0xFF,0x00,0xFF,0xFF,0xFF,0xFF,0xFF,0xFF,0xFF,0xFF,0xFF,0xFF,0xFF,0xFF,0xFF,0xFF,0x00,0x00,0x00,0xFF,0xFF,0xFF,0xFF,0xFF,0xFF,
	0xFF,0xFF,0xFF,0xFF,0xFF,0xFF,0xFF,0xFF,0xFF,0xFF,0xFF,0xFF,0xFF,0xFF,0xFF,0x00,0x00,0xFF,0xFF,0xFF,0xFF,0x00,0xFF,0xFF,0xFF,0xFF,0xFF,0xFF,0xFF,0xFF,0xFF,0xFF,0xFF,0xFF,0xFF,0xFF,0x00,0x00,0xFF,0xFF,0xFF,0xFF,0xFF,0xFF,0xFF,0xFF,0xFF,0xFF,0xFF,0xFF,0xFF,0xFF,0xFF,0xFF,0xFF,0xFF,0xFF,0xFF,0xFF,0xFF,0xFF,0xFF,0xFF,0xFF,
	0xFF,0xFF,0x00,0xFF,0xFF,0xFF,0xFF,0xFF,0xFF,0xFF,0xFF,0xFF,0xFF,0xFF,0xFF,0xFF,0xFF,0x00,0x00,0xFF,0xFF,0xFF,0xFF,0xFF,0xFF,0xFF,0xFF,0xFF,0xFF,0xFF,0xFF,0xFF,0xFF,0xFF,0xFF,0xFF,0xFF,0xFF,0xFF,0xFF,0xFF,0xFF,0xFF,0xFF,0xFF,0xFF,0xFF,0x00,0xFF,0xFF,0xFF,0xFF,0xFF,0xFF,0xFF,0xFF,0xFF,0xFF,0xFF,0xFF,0xFF,0xFF,0x00,0x00,
	0xFF,0xFF,0xFF,0xFF,0xFF,0xFF,0xFF,0xFF,0xFF,0xFF,0xFF,0xFF,0xFF,0xFF,0xFF,0xFF,0xFF,0xFF,0xFF,0xFF,0xFF,0xFF,0xFF,0xFF,0xFF,0xFF,0xFF,0xFF,0x00,0xFF,0xFF,0xFF,0xFF,0xFF,0xFF,0xFF,0xFF,0xFF,0xFF,0xFF,0xFF,0xFF,0xFF,0x00,0x00,0xFF,0xFF,0xFF,0xFF,0xFF,0xFF,0xFF,0xFF,0xFF,0xFF,0xFF,0xFF,0xFF,0xFF,0xFF,0xFF,0xFF,0xFF,0xFF,
	0xFF,0xFF,0xFF,0xFF,0xFF,0xFF,0xFF,0xFF,0x00,0x00,0x00,0x00,0x00,0x00,0x00,0x00,0x00,0xFF,0xFF,0xFF,0xFF,0xFF,0xFF,0xFF,0x00,0x00,0xFF,0xFF,0xFF,0xFF,0xFF,0xFF,0xFF,0xFF,0xFF,0xFF,0xFF,0xFF,0xFF,0xFF,0xFF,0xFF,0xFF,0xFF,0xFF,0xFF,0xFF,0xFF,0xFF,0xFF,0xFF,0xFF,0xFF,0x00,0x00,0x00,0x00,0x00,0x00,0x00,0x00,0x00,0xFF,0xFF,
	0xFF,0xFF,0xFF,0xFF,0xFF,0x00,0x00,0x00,0x00,0x00,0x00,0x00,0x00,0x00,0x00,0x00,0x00,0x00,0x00,0x00,0x00,0x00,0x00,0x00,0x00,0x00,0x00,0x00,0x00,0x00,
    };
        


const lv_img_dsc_t face_228_390_dial_img_7_228194_1 = {
    .header.magic = LV_IMAGE_HEADER_MAGIC,
    .header.w = 45,
    .header.h = 22,
    .data_size = sizeof(face_228_390_dial_img_7_228194_data_1),
    .header.cf = LV_COLOR_FORMAT_RGB565A8,
    .data = face_228_390_dial_img_7_228194_data_1};

    
// LVGL 9 format (RGB565) // LVGL_9 compatible 
const LV_ATTRIBUTE_MEM_ALIGN uint8_t face_228_390_dial_img_7_228194_data_2[] = {
	//RGB565 data 
	0x20,0x00,0x20,0x00,0x20,0x00,0x00,0x00,0x00,0x00,0x00,0x00,0x00,0x00,0x00,0x00,0x00,0x00,0x00,0x00,0x00,0x00,0x00,0x00,0x00,0x00,0x00,0x00,0x00,0x00,0x00,0x00,0x00,0x00,0x00,0x00,0x00,0x00,0x00,0x00,0x00,0x00,0x00,0x00,0x00,0x00,0x00,0x00,0x00,0x00,0x00,0x00,0x00,0x00,0x00,0x00,0x00,0x00,0x00,0x00,0x00,0x00,0x00,0x00,
	0x00,0x00,0x00,0x00,0x00,0x00,0x00,0x00,0x00,0x00,0x00,0x00,0x00,0x00,0x00,0x00,0x00,0x00,0x00,0x00,0x00,0x00,0x00,0x00,0x00,0x00,0x00,0x00,0xA2,0x10,0x66,0x31,0xCB,0x5A,0x6D,0x6B,0xCF,0x7B,0xCF,0x7B,0xCF,0x7B,0xCF,0x7B,0xCF,0x7B,0x6D,0x6B,0x6D,0x6B,0xCF,0x7B,0xCF,0x7B,0x6D,0x6B,0x6D,0x6B,0x6D,0x6B,0x6D,0x6B,0x6D,0x6B,
	0x66,0x31,0x00,0x00,0x00,0x00,0x00,0x00,0x00,0x00,0xA2,0x10,0x66,0x31,0x66,0x31,0x66,0x31,0x66,0x31,0x66,0x31,0x66,0x31,0x66,0x31,0x66,0x31,0x66,0x31,0x66,0x31,0x66,0x31,0x66,0x31,0x66,0x31,0x66,0x31,0x66,0x31,0x66,0x31,0x66,0x31,0xA2,0x10,0x20,0x00,0x00,0x00,0x00,0x00,0x66,0x31,0x51,0x8C,0x1C,0xE7,0xFF,0xFF,0xFF,0xFF,
	0xFF,0xFF,0xFF,0xFF,0xFF,0xFF,0xFF,0xFF,0xFF,0xFF,0xFF,0xFF,0xFF,0xFF,0xFF,0xFF,0xFF,0xFF,0xFF,0xFF,0xFF,0xFF,0xFF,0xFF,0xFF,0xFF,0xCB,0x5A,0x00,0x00,0x00,0x00,0x00,0x00,0x20,0x00,0x66,0x31,0x6D,0x6B,0x51,0x8C,0x51,0x8C,0x51,0x8C,0x51,0x8C,0x51,0x8C,0x51,0x8C,0x51,0x8C,0x51,0x8C,0x51,0x8C,0x51,0x8C,0x51,0x8C,0x51,0x8C,
	0x51,0x8C,0x51,0x8C,0x51,0x8C,0xCF,0x7B,0x28,0x42,0xA2,0x10,0x00,0x00,0x00,0x00,0x66,0x31,0x51,0x8C,0x9E,0xF7,0x9E,0xF7,0xB6,0xB5,0x14,0xA5,0x14,0xA5,0x14,0xA5,0x9A,0xD6,0xFF,0xFF,0x1C,0xE7,0x38,0xC6,0x14,0xA5,0x14,0xA5,0xB6,0xB5,0x38,0xC6,0x9E,0xF7,0xFF,0xFF,0xCB,0x5A,0x00,0x00,0x00,0x00,0x00,0x00,0x20,0x00,0xCB,0x5A,
	0xB6,0xB5,0x9E,0xF7,0x9E,0xF7,0x9E,0xF7,0x9E,0xF7,0x9E,0xF7,0x9E,0xF7,0x9E,0xF7,0x9E,0xF7,0x9E,0xF7,0x9E,0xF7,0x9E,0xF7,0x9E,0xF7,0x9E,0xF7,0x9E,0xF7,0x9E,0xF7,0x9A,0xD6,0x51,0x8C,0x66,0x31,0x00,0x00,0x00,0x00,0x66,0x31,0x51,0x8C,0x9E,0xF7,0x1C,0xE7,0xCB,0x5A,0xCB,0x5A,0xCF,0x7B,0x6D,0x6B,0xB6,0xB5,0xFF,0xFF,0x9A,0xD6,
	0x14,0xA5,0xCF,0x7B,0x6D,0x6B,0x6D,0x6B,0x51,0x8C,0x9A,0xD6,0xFF,0xFF,0xCB,0x5A,0x00,0x00,0x00,0x00,0x00,0x00,0x20,0x00,0x28,0x42,0x51,0x8C,0x38,0xC6,0x9A,0xD6,0x9A,0xD6,0x9A,0xD6,0x9A,0xD6,0x9A,0xD6,0x9A,0xD6,0x9A,0xD6,0x9A,0xD6,0x9A,0xD6,0x9A,0xD6,0x9A,0xD6,0x9A,0xD6,0x9A,0xD6,0x9A,0xD6,0xB6,0xB5,0x6D,0x6B,0x66,0x31,
	0x00,0x00,0x00,0x00,0x66,0x31,0x51,0x8C,0x9E,0xF7,0x9A,0xD6,0x66,0x31,0x28,0x42,0x51,0x8C,0xCF,0x7B,0xB6,0xB5,0xFF,0xFF,0x1C,0xE7,0xB6,0xB5,0x51,0x8C,0x6D,0x6B,0xCB,0x5A,0xCF,0x7B,0x38,0xC6,0xFF,0xFF,0xCB,0x5A,0x00,0x00,0x00,0x00,0x00,0x00,0x00,0x00,0xA2,0x10,0x66,0x31,0x28,0x42,0x28,0x42,0x28,0x42,0x28,0x42,0x28,0x42,
	0x28,0x42,0x28,0x42,0x28,0x42,0x28,0x42,0x28,0x42,0x28,0x42,0x28,0x42,0x28,0x42,0x28,0x42,0x28,0x42,0x66,0x31,0x66,0x31,0x20,0x00,0x00,0x00,0x00,0x00,0x66,0x31,0x51,0x8C,0x9E,0xF7,0x9A,0xD6,0x28,0x42,0x51,0x8C,0x1C,0xE7,0x1C,0xE7,0x9E,0xF7,0xFF,0xFF,0x9E,0xF7,0x9E,0xF7,0x1C,0xE7,0x38,0xC6,0x14,0xA5,0xCF,0x7B,0xB6,0xB5,
	0xFF,0xFF,0xCB,0x5A,0x00,0x00,0x00,0x00,0x00,0x00,0x00,0x00,0x20,0x00,0x20,0x00,0xA2,0x10,0xA2,0x10,0xA2,0x10,0xA2,0x10,0xA2,0x10,0xA2,0x10,0xA2,0x10,0xA2,0x10,0xA2,0x10,0xA2,0x10,0xA2,0x10,0xA2,0x10,0xA2,0x10,0xA2,0x10,0xA2,0x10,0x20,0x00,0x20,0x00,0x00,0x00,0x00,0x00,0x00,0x00,0x66,0x31,0x51,0x8C,0x9E,0xF7,0x9A,0xD6,
	0x66,0x31,0xCF,0x7B,0x38,0xC6,0x38,0xC6,0x1C,0xE7,0xFF,0xFF,0x9E,0xF7,0x1C,0xE7,0x38,0xC6,0xB6,0xB5,0x51,0x8C,0xCF,0x7B,0xB6,0xB5,0xFF,0xFF,0xCB,0x5A,0x00,0x00,0x00,0x00,0x00,0x00,0x00,0x00,0x00,0x00,0x00,0x00,0x00,0x00,0x00,0x00,0x00,0x00,0x00,0x00,0x00,0x00,0x00,0x00,0x00,0x00,0x00,0x00,0x00,0x00,0x00,0x00,0x00,0x00,
	0x00,0x00,0x00,0x00,0x00,0x00,0x00,0x00,0x00,0x00,0x00,0x00,0x00,0x00,0x00,0x00,0x00,0x00,0x66,0x31,0x51,0x8C,0x9E,0xF7,0x38,0xC6,0x20,0x00,0x00,0x00,0x20,0x00,0x20,0x00,0x6D,0x6B,0xFF,0xFF,0x38,0xC6,0xCB,0x5A,0x20,0x00,0x20,0x00,0x20,0x00,0xCB,0x5A,0x38,0xC6,0xFF,0xFF,0xCB,0x5A,0x00,0x00,0x00,0x00,0x00,0x00,0x00,0x00,
	0x00,0x00,0x00,0x00,0x00,0x00,0x00,0x00,0x00,0x00,0x00,0x00,0x00,0x00,0x00,0x00,0x00,0x00,0x00,0x00,0x00,0x00,0x00,0x00,0x00,0x00,0x00,0x00,0x00,0x00,0x00,0x00,0x00,0x00,0x00,0x00,0x00,0x00,0x00,0x00,0x00,0x00,0x00,0x00,0x66,0x31,0x51,0x8C,0x9E,0xF7,0x1C,0xE7,0xCF,0x7B,0xCF,0x7B,0x51,0x8C,0x51,0x8C,0x38,0xC6,0xFF,0xFF,
	0x9E,0xF7,0xB6,0xB5,0x51,0x8C,0x51,0x8C,0x51,0x8C,0x14,0xA5,0x9A,0xD6,0xFF,0xFF,0xCB,0x5A,0x00,0x00,0x00,0x00,0x00,0x00,0x00,0x00,0x00,0x00,0x66,0x31,0x6D,0x6B,0x51,0x8C,0x51,0x8C,0x51,0x8C,0x51,0x8C,0x51,0x8C,0x51,0x8C,0x51,0x8C,0x51,0x8C,0x51,0x8C,0x51,0x8C,0x51,0x8C,0x51,0x8C,0x51,0x8C,0xCF,0x7B,0x28,0x42,0x20,0x00,
	0x00,0x00,0x00,0x00,0x00,0x00,0x66,0x31,0x51,0x8C,0x1C,0xE7,0x9E,0xF7,0xB6,0xB5,0x9A,0xD6,0x9E,0xF7,0x9E,0xF7,0x9E,0xF7,0x1C,0xE7,0x1C,0xE7,0x9E,0xF7,0x9E,0xF7,0x9E,0xF7,0x9E,0xF7,0x38,0xC6,0x1C,0xE7,0xFF,0xFF,0xCB,0x5A,0x00,0x00,0x00,0x00,0x00,0x00,0x00,0x00,0x00,0x00,0x28,0x42,0x38,0xC6,0xFF,0xFF,0xFF,0xFF,0xFF,0xFF,
	0xFF,0xFF,0xFF,0xFF,0xFF,0xFF,0xFF,0xFF,0xFF,0xFF,0xFF,0xFF,0xFF,0xFF,0xFF,0xFF,0xFF,0xFF,0xFF,0xFF,0x1C,0xE7,0x51,0x8C,0x20,0x00,0x00,0x00,0x00,0x00,0x00,0x00,0x28,0x42,0xB6,0xB5,0x9E,0xF7,0x9A,0xD6,0xCB,0x5A,0x28,0x42,0xCB,0x5A,0xCB,0x5A,0xCB,0x5A,0x28,0x42,0xCB,0x5A,0xCB,0x5A,0xCB,0x5A,0xCB,0x5A,0xCB,0x5A,0x51,0x8C,
	0x38,0xC6,0xFF,0xFF,0xCB,0x5A,0x00,0x00,0x00,0x00,0x00,0x00,0x00,0x00,0x00,0x00,0x66,0x31,0x14,0xA5,0x38,0xC6,0x9A,0xD6,0x9A,0xD6,0x9A,0xD6,0x9A,0xD6,0x9A,0xD6,0x9A,0xD6,0x9A,0xD6,0x9A,0xD6,0x9A,0xD6,0x9A,0xD6,0x9A,0xD6,0x9A,0xD6,0xB6,0xB5,0x6D,0x6B,0x20,0x00,0x00,0x00,0x00,0x00,0x00,0x00,0x28,0x42,0xB6,0xB5,0x1C,0xE7,
	0x14,0xA5,0xA2,0x10,0x28,0x42,0x51,0x8C,0x51,0x8C,0x51,0x8C,0x51,0x8C,0x51,0x8C,0x51,0x8C,0x51,0x8C,0x6D,0x6B,0xCB,0x5A,0x6D,0x6B,0x38,0xC6,0xFF,0xFF,0xCB,0x5A,0x00,0x00,0x00,0x00,0x00,0x00,0x00,0x00,0x00,0x00,0xA2,0x10,0x28,0x42,0xCB,0x5A,0x6D,0x6B,0x6D,0x6B,0x6D,0x6B,0x6D,0x6B,0x6D,0x6B,0x6D,0x6B,0x6D,0x6B,0x6D,0x6B,
	0x6D,0x6B,0x6D,0x6B,0x6D,0x6B,0xCB,0x5A,0xCB,0x5A,0x66,0x31,0x00,0x00,0x00,0x00,0x00,0x00,0x00,0x00,0x28,0x42,0x38,0xC6,0x9A,0xD6,0xCF,0x7B,0x00,0x00,0x51,0x8C,0xFF,0xFF,0xFF,0xFF,0xFF,0xFF,0xFF,0xFF,0xFF,0xFF,0xFF,0xFF,0xFF,0xFF,0x38,0xC6,0xCF,0x7B,0xCF,0x7B,0xB6,0xB5,0xFF,0xFF,0xCB,0x5A,0x00,0x00,0x00,0x00,0x00,0x00,
	0x00,0x00,0x00,0x00,0x00,0x00,0x00,0x00,0x00,0x00,0x00,0x00,0x00,0x00,0x00,0x00,0x00,0x00,0x00,0x00,0x00,0x00,0x00,0x00,0x00,0x00,0x00,0x00,0x00,0x00,0x00,0x00,0x00,0x00,0x00,0x00,0x00,0x00,0x00,0x00,0x00,0x00,0x00,0x00,0x00,0x00,0x28,0x42,0x38,0xC6,0x9A,0xD6,0x51,0x8C,0x00,0x00,0x51,0x8C,0xFF,0xFF,0x9A,0xD6,0xB6,0xB5,
	0x14,0xA5,0x14,0xA5,0x38,0xC6,0xFF,0xFF,0x38,0xC6,0xCF,0x7B,0xCF,0x7B,0xB6,0xB5,0xFF,0xFF,0xCB,0x5A,0x00,0x00,0x00,0x00,0x00,0x00,0x00,0x00,0x00,0x00,0x00,0x00,0x00,0x00,0x00,0x00,0x00,0x00,0x00,0x00,0x00,0x00,0x00,0x00,0x00,0x00,0x00,0x00,0x00,0x00,0x00,0x00,0x00,0x00,0x00,0x00,0x00,0x00,0x00,0x00,0x00,0x00,0x00,0x00,
	0x00,0x00,0x00,0x00,0x00,0x00,0x00,0x00,0x28,0x42,0x9A,0xD6,0x9A,0xD6,0xCF,0x7B,0x00,0x00,0x51,0x8C,0xFF,0xFF,0x14,0xA5,0x6D,0x6B,0xCB,0x5A,0x28,0x42,0x51,0x8C,0xFF,0xFF,0x38,0xC6,0xCF,0x7B,0xCF,0x7B,0xB6,0xB5,0xFF,0xFF,0xCB,0x5A,0x00,0x00,0x00,0x00,0x00,0x00,0x00,0x00,0x00,0x00,0x00,0x00,0x00,0x00,0x00,0x00,0x00,0x00,
	0x00,0x00,0x00,0x00,0x00,0x00,0x00,0x00,0x00,0x00,0x00,0x00,0x00,0x00,0x00,0x00,0x00,0x00,0x00,0x00,0x00,0x00,0x00,0x00,0x00,0x00,0x00,0x00,0x00,0x00,0x00,0x00,0x00,0x00,0xCB,0x5A,0x9E,0xF7,0x9A,0xD6,0x6D,0x6B,0x00,0x00,0x51,0x8C,0xFF,0xFF,0x51,0x8C,0xCB,0x5A,0x28,0x42,0x66,0x31,0x6D,0x6B,0x9E,0xF7,0x38,0xC6,0xCF,0x7B,
	0xCF,0x7B,0xB6,0xB5,0xFF,0xFF,0xCB,0x5A,0x00,0x00,0x00,0x00,0x00,0x00,0x00,0x00,0x00,0x00,0x00,0x00,0x00,0x00,0x00,0x00,0x00,0x00,0x00,0x00,0x00,0x00,0x00,0x00,0x00,0x00,0x00,0x00,0x00,0x00,0x00,0x00,0x00,0x00,0x00,0x00,0x00,0x00,0x00,0x00,0x00,0x00,0x00,0x00,0x00,0x00,0x00,0x00,0x00,0x00,0x66,0x31,0x51,0x8C,0xFF,0xFF,
	0xB6,0xB5,0x28,0x42,0x00,0x00,0x51,0x8C,0xFF,0xFF,0x9E,0xF7,0x9A,0xD6,0x9A,0xD6,0x38,0xC6,0x1C,0xE7,0xFF,0xFF,0x38,0xC6,0xCF,0x7B,0x6D,0x6B,0xB6,0xB5,0xFF,0xFF,0xCB,0x5A,0x00,0x00,0x00,0x00,0x20,0x00,0x66,0x31,0x6D,0x6B,0x51,0x8C,0xCF,0x7B,0xCF,0x7B,0xCF,0x7B,0xCF,0x7B,0xCF,0x7B,0xCF,0x7B,0xCF,0x7B,0xCF,0x7B,0xCF,0x7B,
	0xCF,0x7B,0xCF,0x7B,0xCF,0x7B,0xCF,0x7B,0xCF,0x7B,0xCF,0x7B,0xCF,0x7B,0xCF,0x7B,0x28,0x42,0xA2,0x10,0x6D,0x6B,0xB6,0xB5,0xFF,0xFF,0x51,0x8C,0x66,0x31,0x00,0x00,0x6D,0x6B,0x38,0xC6,0x9A,0xD6,0x9A,0xD6,0x9A,0xD6,0x9A,0xD6,0x9A,0xD6,0x1C,0xE7,0xB6,0xB5,0x51,0x8C,0x51,0x8C,0x9A,0xD6,0xFF,0xFF,0xCB,0x5A,0x00,0x00,0x00,0x00,
	0xA2,0x10,0x28,0x42,0xB6,0xB5,0x1C,0xE7,0x9A,0xD6,0x9A,0xD6,0x9A,0xD6,0x9A,0xD6,0x9A,0xD6,0x9A,0xD6,0x9A,0xD6,0x9A,0xD6,0x9A,0xD6,0x9A,0xD6,0x9A,0xD6,0x9A,0xD6,0x9A,0xD6,0x9A,0xD6,0x9A,0xD6,0x9A,0xD6,0x9A,0xD6,0x6D,0x6B,0x66,0x31,0xB6,0xB5,0x1C,0xE7,0x9E,0xF7,0xCB,0x5A,0x20,0x00,0x00,0x00,0x20,0x00,0xA2,0x10,0xA2,0x10,
	0xA2,0x10,0xA2,0x10,0xA2,0x10,0x66,0x31,0xCB,0x5A,0x14,0xA5,0x38,0xC6,0x1C,0xE7,0xFF,0xFF,0x9E,0xF7,0xCB,0x5A,0x00,0x00,0x00,0x00,0xA2,0x10,0x28,0x42,0x14,0xA5,0x9A,0xD6,0x38,0xC6,0x38,0xC6,0x38,0xC6,0x38,0xC6,0x38,0xC6,0x38,0xC6,0x38,0xC6,0x38,0xC6,0x38,0xC6,0x38,0xC6,0x38,0xC6,0x38,0xC6,0x38,0xC6,0x38,0xC6,0x38,0xC6,
	0x38,0xC6,0x38,0xC6,0x6D,0x6B,0x66,0x31,0xCF,0x7B,0x14,0xA5,0x14,0xA5,0x66,0x31,0x00,0x00,0x00,0x00,0x00,0x00,0x00,0x00,0x00,0x00,0x00,0x00,0x00,0x00,0x00,0x00,0x00,0x00,0x66,0x31,0xCF,0x7B,0xB6,0xB5,0x38,0xC6,0xB6,0xB5,0x51,0x8C,0x66,0x31,0x00,0x00,0x00,0x00,0x20,0x00,0xA2,0x10,0x28,0x42,0xCB,0x5A,0xCB,0x5A,0xCB,0x5A,
	0xCB,0x5A,0xCB,0x5A,0xCB,0x5A,0xCB,0x5A,0xCB,0x5A,0xCB,0x5A,0xCB,0x5A,0xCB,0x5A,0xCB,0x5A,0xCB,0x5A,0xCB,0x5A,0xCB,0x5A,0xCB,0x5A,0xCB,0x5A,0xCB,0x5A,0x66,0x31,0xA2,0x10,0x66,0x31,0x28,0x42,0x28,0x42,0xA2,0x10,0x00,0x00,0x00,0x00,0x00,0x00,0x00,0x00,0x00,0x00,0x00,0x00,0x00,0x00,0x00,0x00,0x00,0x00,0xA2,0x10,0x28,0x42,
	0x6D,0x6B,0x6D,0x6B,0x28,0x42,0xA2,0x10,0x20,0x00,0x00,0x00,0x00,0x00,0x00,0x00,0x00,0x00,0x00,0x00,0x00,0x00,0x00,0x00,0x00,0x00,0x00,0x00,0x00,0x00,0x00,0x00,0x00,0x00,0x00,0x00,0x00,0x00,0x00,0x00,0x00,0x00,0x00,0x00,0x00,0x00,0x00,0x00,0x00,0x00,0x00,0x00,0x00,0x00,0x00,0x00,0x00,0x00,0x00,0x00,

	// Alpha Channel 
	0xFF,0xFF,0xFF,0x00,0x00,0x00,0x00,0x00,0x00,0x00,0x00,0x00,0x00,0x00,0x00,0x00,0x00,0x00,0x00,0x00,0x00,0x00,0x00,0x00,0x00,0x00,0x00,0x00,0x00,0x00,0x00,0x00,0x00,0x00,0x00,0x00,0x00,0x00,0x00,0x00,0x00,0x00,0x00,0x00,0x00,0x00,0xFF,0xFF,0xFF,0xFF,0xFF,0xFF,0xFF,0xFF,0xFF,0xFF,0xFF,0xFF,0xFF,0xFF,0xFF,0xFF,0xFF,0xFF,
	0xFF,0x00,0x00,0x00,0x00,0xFF,0xFF,0xFF,0xFF,0xFF,0xFF,0xFF,0xFF,0xFF,0xFF,0xFF,0xFF,0xFF,0xFF,0xFF,0xFF,0xFF,0xFF,0xFF,0xFF,0x00,0x00,0xFF,0xFF,0xFF,0xFF,0xFF,0xFF,0xFF,0xFF,0xFF,0xFF,0xFF,0xFF,0xFF,0xFF,0xFF,0xFF,0xFF,0xFF,0xFF,0x00,0x00,0x00,0xFF,0xFF,0xFF,0xFF,0xFF,0xFF,0xFF,0xFF,0xFF,0xFF,0xFF,0xFF,0xFF,0xFF,0xFF,
	0xFF,0xFF,0xFF,0xFF,0xFF,0xFF,0x00,0x00,0xFF,0xFF,0xFF,0xFF,0xFF,0xFF,0xFF,0xFF,0xFF,0xFF,0xFF,0xFF,0xFF,0xFF,0xFF,0xFF,0xFF,0xFF,0xFF,0x00,0x00,0x00,0xFF,0xFF,0xFF,0xFF,0xFF,0xFF,0xFF,0xFF,0xFF,0xFF,0xFF,0xFF,0xFF,0xFF,0xFF,0xFF,0xFF,0xFF,0xFF,0xFF,0xFF,0x00,0x00,0xFF,0xFF,0xFF,0xFF,0xFF,0xFF,0xFF,0xFF,0xFF,0xFF,0xFF,
	0xFF,0xFF,0xFF,0xFF,0xFF,0xFF,0xFF,0xFF,0x00,0x00,0x00,0xFF,0xFF,0xFF,0xFF,0xFF,0xFF,0xFF,0xFF,0xFF,0xFF,0xFF,0xFF,0xFF,0xFF,0xFF,0xFF,0xFF,0xFF,0xFF,0xFF,0xFF,0x00,0x00,0xFF,0xFF,0xFF,0xFF,0xFF,0xFF,0xFF,0xFF,0xFF,0xFF,0xFF,0xFF,0xFF,0xFF,0xFF,0xFF,0xFF,0xFF,0xFF,0x00,0x00,0x00,0x00,0xFF,0xFF,0xFF,0xFF,0xFF,0xFF,0xFF,
	0xFF,0xFF,0xFF,0xFF,0xFF,0xFF,0xFF,0xFF,0xFF,0xFF,0xFF,0xFF,0xFF,0x00,0x00,0xFF,0xFF,0xFF,0xFF,0xFF,0xFF,0xFF,0xFF,0xFF,0xFF,0xFF,0xFF,0xFF,0xFF,0xFF,0xFF,0xFF,0xFF,0xFF,0x00,0x00,0x00,0x00,0xFF,0xFF,0xFF,0xFF,0xFF,0xFF,0xFF,0xFF,0xFF,0xFF,0xFF,0xFF,0xFF,0xFF,0xFF,0xFF,0xFF,0xFF,0xFF,0x00,0x00,0x00,0xFF,0xFF,0xFF,0xFF,
	0xFF,0xFF,0xFF,0xFF,0xFF,0xFF,0xFF,0xFF,0xFF,0xFF,0xFF,0xFF,0xFF,0xFF,0xFF,0x00,0x00,0x00,0x00,0x00,0x00,0x00,0x00,0x00,0x00,0x00,0x00,0x00,0x00,0x00,0x00,0x00,0x00,0x00,0x00,0x00,0x00,0x00,0x00,0x00,0x00,0xFF,0xFF,0xFF,0xFF,0xFF,0x00,0xFF,0xFF,0xFF,0xFF,0xFF,0xFF,0xFF,0xFF,0xFF,0xFF,0xFF,0xFF,0xFF,0x00,0x00,0x00,0x00,
	0x00,0x00,0x00,0x00,0x00,0x00,0x00,0x00,0x00,0x00,0x00,0x00,0x00,0x00,0x00,0x00,0x00,0x00,0x00,0x00,0x00,0x00,0xFF,0xFF,0xFF,0xFF,0xFF,0xFF,0xFF,0xFF,0xFF,0xFF,0xFF,0xFF,0xFF,0xFF,0xFF,0xFF,0xFF,0xFF,0xFF,0x00,0x00,0x00,0x00,0x00,0xFF,0xFF,0xFF,0xFF,0xFF,0xFF,0xFF,0xFF,0xFF,0xFF,0xFF,0xFF,0xFF,0xFF,0xFF,0xFF,0xFF,0xFF,
	0x00,0x00,0x00,0xFF,0xFF,0xFF,0xFF,0xFF,0xFF,0xFF,0xFF,0xFF,0xFF,0xFF,0xFF,0xFF,0xFF,0xFF,0xFF,0xFF,0xFF,0xFF,0x00,0x00,0x00,0x00,0x00,0xFF,0xFF,0xFF,0xFF,0xFF,0xFF,0xFF,0xFF,0xFF,0xFF,0xFF,0xFF,0xFF,0xFF,0xFF,0xFF,0xFF,0xFF,0x00,0x00,0x00,0xFF,0xFF,0xFF,0xFF,0xFF,0xFF,0xFF,0xFF,0xFF,0xFF,0xFF,0xFF,0xFF,0xFF,0xFF,0xFF,
	0xFF,0xFF,0xFF,0x00,0x00,0x00,0x00,0x00,0xFF,0xFF,0xFF,0xFF,0xFF,0xFF,0xFF,0xFF,0xFF,0xFF,0xFF,0xFF,0xFF,0xFF,0xFF,0xFF,0xFF,0xFF,0x00,0x00,0x00,0xFF,0xFF,0xFF,0xFF,0xFF,0xFF,0xFF,0xFF,0xFF,0xFF,0xFF,0xFF,0xFF,0xFF,0xFF,0xFF,0xFF,0xFF,0xFF,0x00,0x00,0x00,0x00,0x00,0xFF,0xFF,0xFF,0xFF,0xFF,0xFF,0xFF,0xFF,0xFF,0xFF,0xFF,
	0xFF,0xFF,0xFF,0xFF,0xFF,0xFF,0x00,0x00,0x00,0x00,0xFF,0xFF,0xFF,0xFF,0x00,0xFF,0xFF,0xFF,0xFF,0xFF,0xFF,0xFF,0xFF,0xFF,0xFF,0xFF,0xFF,0xFF,0xFF,0x00,0x00,0x00,0x00,0x00,0x00,0x00,0x00,0x00,0x00,0x00,0x00,0x00,0x00,0x00,0x00,0x00,0x00,0x00,0x00,0x00,0x00,0x00,0x00,0x00,0x00,0xFF,0xFF,0xFF,0xFF,0x00,0xFF,0xFF,0xFF,0xFF,
	0xFF,0xFF,0xFF,0xFF,0xFF,0xFF,0xFF,0xFF,0xFF,0xFF,0x00,0x00,0x00,0x00,0x00,0x00,0x00,0x00,0x00,0x00,0x00,0x00,0x00,0x00,0x00,0x00,0x00,0x00,0x00,0x00,0x00,0x00,0x00,0x00,0x00,0x00,0xFF,0xFF,0xFF,0xFF,0x00,0xFF,0xFF,0xFF,0xFF,0xFF,0xFF,0xFF,0xFF,0xFF,0xFF,0xFF,0xFF,0xFF,0xFF,0x00,0x00,0x00,0x00,0x00,0x00,0x00,0x00,0x00,
	0x00,0x00,0x00,0x00,0x00,0x00,0x00,0x00,0x00,0x00,0x00,0x00,0x00,0x00,0x00,0x00,0x00,0xFF,0xFF,0xFF,0xFF,0x00,0xFF,0xFF,0xFF,0xFF,0xFF,0xFF,0xFF,0xFF,0xFF,0xFF,0xFF,0xFF,0xFF,0xFF,0x00,0x00,0x00,0x00,0x00,0x00,0x00,0x00,0x00,0x00,0x00,0x00,0x00,0x00,0x00,0x00,0x00,0x00,0x00,0x00,0x00,0x00,0x00,0x00,0x00,0xFF,0xFF,0xFF,
	0xFF,0xFF,0x00,0xFF,0xFF,0xFF,0xFF,0xFF,0xFF,0xFF,0xFF,0xFF,0xFF,0xFF,0xFF,0xFF,0xFF,0x00,0x00,0xFF,0xFF,0xFF,0xFF,0xFF,0xFF,0xFF,0xFF,0xFF,0xFF,0xFF,0xFF,0xFF,0xFF,0xFF,0xFF,0xFF,0xFF,0xFF,0xFF,0xFF,0xFF,0xFF,0xFF,0xFF,0xFF,0xFF,0xFF,0x00,0xFF,0xFF,0xFF,0xFF,0xFF,0xFF,0xFF,0xFF,0xFF,0xFF,0xFF,0xFF,0xFF,0xFF,0x00,0x00,
	0xFF,0xFF,0xFF,0xFF,0xFF,0xFF,0xFF,0xFF,0xFF,0xFF,0xFF,0xFF,0xFF,0xFF,0xFF,0xFF,0xFF,0xFF,0xFF,0xFF,0xFF,0xFF,0xFF,0xFF,0xFF,0xFF,0xFF,0xFF,0x00,0xFF,0xFF,0xFF,0xFF,0xFF,0xFF,0xFF,0xFF,0xFF,0xFF,0xFF,0xFF,0xFF,0xFF,0x00,0x00,0xFF,0xFF,0xFF,0xFF,0xFF,0xFF,0xFF,0xFF,0xFF,0xFF,0xFF,0xFF,0xFF,0xFF,0xFF,0xFF,0xFF,0xFF,0xFF,
	0xFF,0xFF,0xFF,0xFF,0xFF,0xFF,0xFF,0xFF,0x00,0x00,0x00,0x00,0x00,0x00,0x00,0x00,0x00,0xFF,0xFF,0xFF,0xFF,0xFF,0xFF,0xFF,0x00,0x00,0xFF,0xFF,0xFF,0xFF,0xFF,0xFF,0xFF,0xFF,0xFF,0xFF,0xFF,0xFF,0xFF,0xFF,0xFF,0xFF,0xFF,0xFF,0xFF,0xFF,0xFF,0xFF,0xFF,0xFF,0xFF,0xFF,0xFF,0x00,0x00,0x00,0x00,0x00,0x00,0x00,0x00,0x00,0xFF,0xFF,
	0xFF,0xFF,0xFF,0xFF,0xFF,0x00,0x00,0x00,0x00,0x00,0x00,0x00,0x00,0x00,0x00,0x00,0x00,0x00,0x00,0x00,0x00,0x00,0x00,0x00,0x00,0x00,0x00,0x00,0x00,0x00,
    };
        


const lv_img_dsc_t face_228_390_dial_img_7_228194_2 = {
    .header.magic = LV_IMAGE_HEADER_MAGIC,
    .header.w = 45,
    .header.h = 22,
    .data_size = sizeof(face_228_390_dial_img_7_228194_data_2),
    .header.cf = LV_COLOR_FORMAT_RGB565A8,
    .data = face_228_390_dial_img_7_228194_data_2};

    
// LVGL 9 format (RGB565) // LVGL_9 compatible 
const LV_ATTRIBUTE_MEM_ALIGN uint8_t face_228_390_dial_img_7_228194_data_3[] = {
	//RGB565 data 
	0x20,0x00,0x20,0x00,0x20,0x00,0x00,0x00,0x00,0x00,0x00,0x00,0x00,0x00,0x00,0x00,0x00,0x00,0x00,0x00,0x00,0x00,0x00,0x00,0x00,0x00,0x00,0x00,0x00,0x00,0x00,0x00,0x00,0x00,0x00,0x00,0x00,0x00,0x00,0x00,0x00,0x00,0x00,0x00,0x00,0x00,0x00,0x00,0x00,0x00,0x00,0x00,0x00,0x00,0x00,0x00,0x00,0x00,0x00,0x00,0x00,0x00,0x00,0x00,
	0x00,0x00,0x00,0x00,0x00,0x00,0x00,0x00,0x00,0x00,0x00,0x00,0x00,0x00,0x00,0x00,0x00,0x00,0x00,0x00,0x00,0x00,0x00,0x00,0x00,0x00,0x00,0x00,0xA2,0x10,0x66,0x31,0xCB,0x5A,0x6D,0x6B,0xCF,0x7B,0xCF,0x7B,0xCF,0x7B,0xCF,0x7B,0xCF,0x7B,0x6D,0x6B,0x6D,0x6B,0xCF,0x7B,0xCF,0x7B,0x6D,0x6B,0x6D,0x6B,0x6D,0x6B,0x6D,0x6B,0x6D,0x6B,
	0x66,0x31,0x00,0x00,0x00,0x00,0x00,0x00,0x20,0x00,0xA2,0x10,0x66,0x31,0x66,0x31,0x66,0x31,0x66,0x31,0x66,0x31,0x66,0x31,0x66,0x31,0x66,0x31,0x66,0x31,0x66,0x31,0x66,0x31,0x66,0x31,0x66,0x31,0x66,0x31,0x66,0x31,0x66,0x31,0x66,0x31,0x66,0x31,0xA2,0x10,0x00,0x00,0x00,0x00,0x66,0x31,0x51,0x8C,0x1C,0xE7,0xFF,0xFF,0xFF,0xFF,
	0xFF,0xFF,0xFF,0xFF,0xFF,0xFF,0xFF,0xFF,0xFF,0xFF,0xFF,0xFF,0xFF,0xFF,0xFF,0xFF,0xFF,0xFF,0xFF,0xFF,0xFF,0xFF,0xFF,0xFF,0xFF,0xFF,0xCB,0x5A,0x00,0x00,0x00,0x00,0x00,0x00,0x20,0x00,0xCB,0x5A,0xCF,0x7B,0x51,0x8C,0x51,0x8C,0x51,0x8C,0x51,0x8C,0x51,0x8C,0x51,0x8C,0x51,0x8C,0x51,0x8C,0x51,0x8C,0x51,0x8C,0x51,0x8C,0x51,0x8C,
	0x51,0x8C,0x51,0x8C,0x51,0x8C,0x51,0x8C,0x6D,0x6B,0x66,0x31,0x00,0x00,0x00,0x00,0x66,0x31,0x51,0x8C,0x9E,0xF7,0x9E,0xF7,0xB6,0xB5,0x14,0xA5,0x14,0xA5,0x14,0xA5,0x9A,0xD6,0xFF,0xFF,0x1C,0xE7,0x38,0xC6,0x14,0xA5,0x14,0xA5,0xB6,0xB5,0x38,0xC6,0x9E,0xF7,0xFF,0xFF,0xCB,0x5A,0x00,0x00,0x00,0x00,0x00,0x00,0xA2,0x10,0x51,0x8C,
	0x38,0xC6,0x1C,0xE7,0x9E,0xF7,0xFF,0xFF,0x9E,0xF7,0x9E,0xF7,0x1C,0xE7,0x9E,0xF7,0x9E,0xF7,0x9E,0xF7,0x9E,0xF7,0x1C,0xE7,0x9E,0xF7,0x9E,0xF7,0x9E,0xF7,0x9E,0xF7,0x1C,0xE7,0xB6,0xB5,0x28,0x42,0x00,0x00,0x00,0x00,0x66,0x31,0x51,0x8C,0x9E,0xF7,0x1C,0xE7,0xCB,0x5A,0xCB,0x5A,0xCF,0x7B,0x6D,0x6B,0xB6,0xB5,0xFF,0xFF,0x9A,0xD6,
	0x14,0xA5,0xCF,0x7B,0x6D,0x6B,0x6D,0x6B,0x51,0x8C,0x9A,0xD6,0xFF,0xFF,0xCB,0x5A,0x00,0x00,0x00,0x00,0x00,0x00,0xA2,0x10,0x14,0xA5,0x9E,0xF7,0xFF,0xFF,0x9A,0xD6,0xB6,0xB5,0x38,0xC6,0x9E,0xF7,0xFF,0xFF,0x1C,0xE7,0x38,0xC6,0x38,0xC6,0x9E,0xF7,0xFF,0xFF,0x9A,0xD6,0xB6,0xB5,0xB6,0xB5,0x9E,0xF7,0xFF,0xFF,0x38,0xC6,0x28,0x42,
	0x00,0x00,0x00,0x00,0x66,0x31,0x51,0x8C,0x9E,0xF7,0x9A,0xD6,0x66,0x31,0x28,0x42,0x51,0x8C,0xCF,0x7B,0xB6,0xB5,0xFF,0xFF,0x1C,0xE7,0xB6,0xB5,0x51,0x8C,0x6D,0x6B,0xCB,0x5A,0xCF,0x7B,0x38,0xC6,0xFF,0xFF,0xCB,0x5A,0x00,0x00,0x00,0x00,0x00,0x00,0xA2,0x10,0x51,0x8C,0x9E,0xF7,0xFF,0xFF,0xCB,0x5A,0x00,0x00,0x66,0x31,0x14,0xA5,
	0xFF,0xFF,0x6D,0x6B,0x66,0x31,0x28,0x42,0x38,0xC6,0x9E,0xF7,0xCB,0x5A,0x20,0x00,0x20,0x00,0x38,0xC6,0xFF,0xFF,0x38,0xC6,0x28,0x42,0x00,0x00,0x00,0x00,0x66,0x31,0x51,0x8C,0x9E,0xF7,0x9A,0xD6,0x28,0x42,0x51,0x8C,0x1C,0xE7,0x1C,0xE7,0x9E,0xF7,0xFF,0xFF,0x9E,0xF7,0x9E,0xF7,0x1C,0xE7,0x38,0xC6,0x14,0xA5,0xCF,0x7B,0xB6,0xB5,
	0xFF,0xFF,0xCB,0x5A,0x00,0x00,0x00,0x00,0x00,0x00,0xA2,0x10,0x51,0x8C,0x9E,0xF7,0xFF,0xFF,0xCB,0x5A,0x00,0x00,0x66,0x31,0x14,0xA5,0xFF,0xFF,0x6D,0x6B,0x66,0x31,0x66,0x31,0x38,0xC6,0x9E,0xF7,0xCB,0x5A,0x00,0x00,0x00,0x00,0xB6,0xB5,0xFF,0xFF,0x38,0xC6,0x28,0x42,0x00,0x00,0x00,0x00,0x66,0x31,0x51,0x8C,0x9E,0xF7,0x9A,0xD6,
	0x66,0x31,0xCF,0x7B,0x38,0xC6,0x38,0xC6,0x1C,0xE7,0xFF,0xFF,0x9E,0xF7,0x1C,0xE7,0x38,0xC6,0xB6,0xB5,0x51,0x8C,0xCF,0x7B,0xB6,0xB5,0xFF,0xFF,0xCB,0x5A,0x00,0x00,0x00,0x00,0x00,0x00,0xA2,0x10,0x51,0x8C,0x9E,0xF7,0xFF,0xFF,0xCB,0x5A,0x00,0x00,0x66,0x31,0xB6,0xB5,0xFF,0xFF,0x6D,0x6B,0x66,0x31,0x28,0x42,0x38,0xC6,0x9E,0xF7,
	0xCB,0x5A,0x20,0x00,0x20,0x00,0x38,0xC6,0xFF,0xFF,0x38,0xC6,0x28,0x42,0x00,0x00,0x00,0x00,0x66,0x31,0x51,0x8C,0x9E,0xF7,0x38,0xC6,0x20,0x00,0x00,0x00,0x20,0x00,0x20,0x00,0x6D,0x6B,0xFF,0xFF,0x38,0xC6,0xCB,0x5A,0x20,0x00,0x20,0x00,0x20,0x00,0xCB,0x5A,0x38,0xC6,0xFF,0xFF,0xCB,0x5A,0x00,0x00,0x00,0x00,0x00,0x00,0xA2,0x10,
	0x51,0x8C,0x9E,0xF7,0xFF,0xFF,0xCB,0x5A,0x00,0x00,0x28,0x42,0xB6,0xB5,0xFF,0xFF,0x6D,0x6B,0x66,0x31,0x28,0x42,0x38,0xC6,0x9E,0xF7,0xCB,0x5A,0x20,0x00,0x20,0x00,0x38,0xC6,0xFF,0xFF,0x38,0xC6,0x28,0x42,0x00,0x00,0x00,0x00,0x66,0x31,0x51,0x8C,0x9E,0xF7,0x1C,0xE7,0xCF,0x7B,0xCF,0x7B,0x51,0x8C,0x51,0x8C,0x38,0xC6,0xFF,0xFF,
	0x9E,0xF7,0xB6,0xB5,0x51,0x8C,0x51,0x8C,0x51,0x8C,0x14,0xA5,0x9A,0xD6,0xFF,0xFF,0xCB,0x5A,0x00,0x00,0x00,0x00,0x00,0x00,0xA2,0x10,0x51,0x8C,0x9E,0xF7,0xFF,0xFF,0xCB,0x5A,0x00,0x00,0xCB,0x5A,0x38,0xC6,0xFF,0xFF,0xCB,0x5A,0xA2,0x10,0x28,0x42,0x38,0xC6,0x9E,0xF7,0xCB,0x5A,0x20,0x00,0x20,0x00,0x38,0xC6,0xFF,0xFF,0x38,0xC6,
	0x28,0x42,0x00,0x00,0x00,0x00,0x66,0x31,0x51,0x8C,0x1C,0xE7,0x9E,0xF7,0xB6,0xB5,0x9A,0xD6,0x9E,0xF7,0x9E,0xF7,0x9E,0xF7,0x1C,0xE7,0x1C,0xE7,0x9E,0xF7,0x9E,0xF7,0x9E,0xF7,0x9E,0xF7,0x38,0xC6,0x1C,0xE7,0xFF,0xFF,0xCB,0x5A,0x00,0x00,0x00,0x00,0x00,0x00,0xA2,0x10,0x51,0x8C,0x9E,0xF7,0xFF,0xFF,0xCB,0x5A,0x20,0x00,0xCF,0x7B,
	0x1C,0xE7,0x9E,0xF7,0x28,0x42,0x20,0x00,0x28,0x42,0x38,0xC6,0x9E,0xF7,0x6D,0x6B,0xA2,0x10,0xA2,0x10,0x38,0xC6,0xFF,0xFF,0x38,0xC6,0x28,0x42,0x00,0x00,0x00,0x00,0x28,0x42,0xB6,0xB5,0x9E,0xF7,0x9A,0xD6,0xCB,0x5A,0x28,0x42,0xCB,0x5A,0xCB,0x5A,0xCB,0x5A,0x28,0x42,0xCB,0x5A,0xCB,0x5A,0xCB,0x5A,0xCB,0x5A,0xCB,0x5A,0x51,0x8C,
	0x38,0xC6,0xFF,0xFF,0xCB,0x5A,0x00,0x00,0x00,0x00,0x00,0x00,0xA2,0x10,0x51,0x8C,0x9E,0xF7,0xFF,0xFF,0xCB,0x5A,0xA2,0x10,0xB6,0xB5,0xFF,0xFF,0x1C,0xE7,0x66,0x31,0x00,0x00,0x28,0x42,0x38,0xC6,0x9E,0xF7,0x51,0x8C,0x28,0x42,0x28,0x42,0x9A,0xD6,0xFF,0xFF,0x38,0xC6,0x28,0x42,0x00,0x00,0x00,0x00,0x28,0x42,0xB6,0xB5,0x1C,0xE7,
	0x14,0xA5,0xA2,0x10,0x28,0x42,0x51,0x8C,0x51,0x8C,0x51,0x8C,0x51,0x8C,0x51,0x8C,0x51,0x8C,0x51,0x8C,0x6D,0x6B,0xCB,0x5A,0x6D,0x6B,0x38,0xC6,0xFF,0xFF,0xCB,0x5A,0x00,0x00,0x00,0x00,0x00,0x00,0xA2,0x10,0x51,0x8C,0x1C,0xE7,0xFF,0xFF,0x51,0x8C,0xCF,0x7B,0x9E,0xF7,0x1C,0xE7,0x51,0x8C,0xA2,0x10,0x00,0x00,0x66,0x31,0x38,0xC6,
	0xFF,0xFF,0x9A,0xD6,0xB6,0xB5,0xB6,0xB5,0x9E,0xF7,0xFF,0xFF,0x38,0xC6,0x28,0x42,0x00,0x00,0x00,0x00,0x28,0x42,0x38,0xC6,0x9A,0xD6,0xCF,0x7B,0x00,0x00,0x51,0x8C,0xFF,0xFF,0xFF,0xFF,0xFF,0xFF,0xFF,0xFF,0xFF,0xFF,0xFF,0xFF,0xFF,0xFF,0x38,0xC6,0xCF,0x7B,0xCF,0x7B,0xB6,0xB5,0xFF,0xFF,0xCB,0x5A,0x00,0x00,0x00,0x00,0x00,0x00,
	0xA2,0x10,0x51,0x8C,0x1C,0xE7,0xFF,0xFF,0x1C,0xE7,0x1C,0xE7,0xFF,0xFF,0x14,0xA5,0x66,0x31,0x20,0x00,0x00,0x00,0xA2,0x10,0x14,0xA5,0x9E,0xF7,0x9E,0xF7,0xFF,0xFF,0xFF,0xFF,0xFF,0xFF,0x9E,0xF7,0x38,0xC6,0x28,0x42,0x00,0x00,0x00,0x00,0x28,0x42,0x38,0xC6,0x9A,0xD6,0x51,0x8C,0x00,0x00,0x51,0x8C,0xFF,0xFF,0x9A,0xD6,0xB6,0xB5,
	0x14,0xA5,0x14,0xA5,0x38,0xC6,0xFF,0xFF,0x38,0xC6,0xCF,0x7B,0xCF,0x7B,0xB6,0xB5,0xFF,0xFF,0xCB,0x5A,0x00,0x00,0x00,0x00,0x00,0x00,0xA2,0x10,0x51,0x8C,0x1C,0xE7,0xFF,0xFF,0x9E,0xF7,0x9A,0xD6,0x14,0xA5,0x28,0x42,0x20,0x00,0x00,0x00,0x00,0x00,0x20,0x00,0x66,0x31,0xCB,0x5A,0x6D,0x6B,0x6D,0x6B,0xCF,0x7B,0x1C,0xE7,0xFF,0xFF,
	0x38,0xC6,0x28,0x42,0x00,0x00,0x00,0x00,0x28,0x42,0x9A,0xD6,0x9A,0xD6,0xCF,0x7B,0x00,0x00,0x51,0x8C,0xFF,0xFF,0x14,0xA5,0x6D,0x6B,0xCB,0x5A,0x28,0x42,0x51,0x8C,0xFF,0xFF,0x38,0xC6,0xCF,0x7B,0xCF,0x7B,0xB6,0xB5,0xFF,0xFF,0xCB,0x5A,0x00,0x00,0x00,0x00,0x00,0x00,0xA2,0x10,0x51,0x8C,0x1C,0xE7,0xFF,0xFF,0xB6,0xB5,0x6D,0x6B,
	0x28,0x42,0xA2,0x10,0x00,0x00,0x00,0x00,0x00,0x00,0x00,0x00,0x00,0x00,0x20,0x00,0xA2,0x10,0xA2,0x10,0x66,0x31,0x38,0xC6,0xFF,0xFF,0x38,0xC6,0x28,0x42,0x00,0x00,0x00,0x00,0xCB,0x5A,0x9E,0xF7,0x9A,0xD6,0x6D,0x6B,0x00,0x00,0x51,0x8C,0xFF,0xFF,0x51,0x8C,0xCB,0x5A,0x28,0x42,0x66,0x31,0x6D,0x6B,0x9E,0xF7,0x38,0xC6,0xCF,0x7B,
	0xCF,0x7B,0xB6,0xB5,0xFF,0xFF,0xCB,0x5A,0x00,0x00,0x00,0x00,0x00,0x00,0xA2,0x10,0x51,0x8C,0x9E,0xF7,0xFF,0xFF,0xCB,0x5A,0x00,0x00,0x00,0x00,0x00,0x00,0x00,0x00,0x00,0x00,0x00,0x00,0x00,0x00,0x00,0x00,0x00,0x00,0x00,0x00,0x00,0x00,0x20,0x00,0x38,0xC6,0xFF,0xFF,0x38,0xC6,0x28,0x42,0x00,0x00,0x66,0x31,0x51,0x8C,0xFF,0xFF,
	0xB6,0xB5,0x28,0x42,0x00,0x00,0x51,0x8C,0xFF,0xFF,0x9E,0xF7,0x9A,0xD6,0x9A,0xD6,0x38,0xC6,0x1C,0xE7,0xFF,0xFF,0x38,0xC6,0xCF,0x7B,0x6D,0x6B,0xB6,0xB5,0xFF,0xFF,0xCB,0x5A,0x00,0x00,0x00,0x00,0x00,0x00,0xA2,0x10,0x51,0x8C,0x1C,0xE7,0xFF,0xFF,0x51,0x8C,0x28,0x42,0x28,0x42,0x28,0x42,0x28,0x42,0x28,0x42,0x28,0x42,0x28,0x42,
	0x28,0x42,0x28,0x42,0x28,0x42,0x28,0x42,0xCB,0x5A,0x9A,0xD6,0xFF,0xFF,0x38,0xC6,0x28,0x42,0x00,0x00,0x6D,0x6B,0xB6,0xB5,0xFF,0xFF,0x51,0x8C,0x66,0x31,0x00,0x00,0x6D,0x6B,0x38,0xC6,0x9A,0xD6,0x9A,0xD6,0x9A,0xD6,0x9A,0xD6,0x9A,0xD6,0x1C,0xE7,0xB6,0xB5,0x51,0x8C,0x51,0x8C,0x9A,0xD6,0xFF,0xFF,0xCB,0x5A,0x00,0x00,0x00,0x00,
	0x00,0x00,0xA2,0x10,0x51,0x8C,0x9E,0xF7,0xFF,0xFF,0x9A,0xD6,0x14,0xA5,0xB6,0xB5,0xB6,0xB5,0xB6,0xB5,0xB6,0xB5,0xB6,0xB5,0xB6,0xB5,0xB6,0xB5,0xB6,0xB5,0xB6,0xB5,0x14,0xA5,0xB6,0xB5,0x9E,0xF7,0xFF,0xFF,0x38,0xC6,0x28,0x42,0x00,0x00,0xB6,0xB5,0x1C,0xE7,0x9E,0xF7,0xCB,0x5A,0x20,0x00,0x00,0x00,0x20,0x00,0xA2,0x10,0xA2,0x10,
	0xA2,0x10,0xA2,0x10,0xA2,0x10,0x66,0x31,0xCB,0x5A,0x14,0xA5,0x38,0xC6,0x1C,0xE7,0xFF,0xFF,0x9E,0xF7,0xCB,0x5A,0x00,0x00,0x00,0x00,0x00,0x00,0xA2,0x10,0x14,0xA5,0x9E,0xF7,0xFF,0xFF,0xFF,0xFF,0xFF,0xFF,0xFF,0xFF,0xFF,0xFF,0xFF,0xFF,0xFF,0xFF,0xFF,0xFF,0xFF,0xFF,0xFF,0xFF,0xFF,0xFF,0xFF,0xFF,0xFF,0xFF,0xFF,0xFF,0xFF,0xFF,
	0xFF,0xFF,0x38,0xC6,0x28,0x42,0x00,0x00,0xCF,0x7B,0x14,0xA5,0x14,0xA5,0x66,0x31,0x00,0x00,0x00,0x00,0x00,0x00,0x00,0x00,0x00,0x00,0x00,0x00,0x00,0x00,0x00,0x00,0x00,0x00,0x66,0x31,0xCF,0x7B,0xB6,0xB5,0x38,0xC6,0xB6,0xB5,0x51,0x8C,0x66,0x31,0x00,0x00,0x00,0x00,0x00,0x00,0x20,0x00,0x28,0x42,0xCB,0x5A,0x6D,0x6B,0xCF,0x7B,
	0xCF,0x7B,0xCF,0x7B,0xCF,0x7B,0xCF,0x7B,0xCF,0x7B,0xCF,0x7B,0xCF,0x7B,0xCF,0x7B,0xCF,0x7B,0xCF,0x7B,0xCF,0x7B,0xCF,0x7B,0x6D,0x6B,0x6D,0x6B,0xCB,0x5A,0xA2,0x10,0x00,0x00,0x66,0x31,0x28,0x42,0x28,0x42,0xA2,0x10,0x00,0x00,0x00,0x00,0x00,0x00,0x00,0x00,0x00,0x00,0x00,0x00,0x00,0x00,0x00,0x00,0x00,0x00,0xA2,0x10,0x28,0x42,
	0x6D,0x6B,0x6D,0x6B,0x28,0x42,0xA2,0x10,0x20,0x00,0x00,0x00,0x00,0x00,0x00,0x00,0x00,0x00,0x00,0x00,0x00,0x00,0x00,0x00,0x00,0x00,0x00,0x00,0x00,0x00,0x00,0x00,0x00,0x00,0x00,0x00,0x00,0x00,0x00,0x00,0x00,0x00,0x00,0x00,0x00,0x00,0x00,0x00,0x00,0x00,0x00,0x00,0x00,0x00,0x00,0x00,0x00,0x00,0x00,0x00,

	// Alpha Channel 
	0xFF,0xFF,0xFF,0x00,0x00,0x00,0x00,0x00,0x00,0x00,0x00,0x00,0x00,0x00,0x00,0x00,0x00,0x00,0x00,0x00,0x00,0x00,0x00,0x00,0x00,0x00,0x00,0x00,0x00,0x00,0x00,0x00,0x00,0x00,0x00,0x00,0x00,0x00,0x00,0x00,0x00,0x00,0x00,0x00,0x00,0x00,0xFF,0xFF,0xFF,0xFF,0xFF,0xFF,0xFF,0xFF,0xFF,0xFF,0xFF,0xFF,0xFF,0xFF,0xFF,0xFF,0xFF,0xFF,
	0xFF,0x00,0x00,0x00,0xFF,0xFF,0xFF,0xFF,0xFF,0xFF,0xFF,0xFF,0xFF,0xFF,0xFF,0xFF,0xFF,0xFF,0xFF,0xFF,0xFF,0xFF,0xFF,0xFF,0xFF,0x00,0x00,0xFF,0xFF,0xFF,0xFF,0xFF,0xFF,0xFF,0xFF,0xFF,0xFF,0xFF,0xFF,0xFF,0xFF,0xFF,0xFF,0xFF,0xFF,0xFF,0x00,0x00,0x00,0xFF,0xFF,0xFF,0xFF,0xFF,0xFF,0xFF,0xFF,0xFF,0xFF,0xFF,0xFF,0xFF,0xFF,0xFF,
	0xFF,0xFF,0xFF,0xFF,0xFF,0xFF,0x00,0x00,0xFF,0xFF,0xFF,0xFF,0xFF,0xFF,0xFF,0xFF,0xFF,0xFF,0xFF,0xFF,0xFF,0xFF,0xFF,0xFF,0xFF,0xFF,0xFF,0x00,0x00,0x00,0xFF,0xFF,0xFF,0xFF,0xFF,0xFF,0xFF,0xFF,0xFF,0xFF,0xFF,0xFF,0xFF,0xFF,0xFF,0xFF,0xFF,0xFF,0xFF,0xFF,0xFF,0x00,0x00,0xFF,0xFF,0xFF,0xFF,0xFF,0xFF,0xFF,0xFF,0xFF,0xFF,0xFF,
	0xFF,0xFF,0xFF,0xFF,0xFF,0xFF,0xFF,0xFF,0x00,0x00,0x00,0xFF,0xFF,0xFF,0xFF,0xFF,0xFF,0xFF,0xFF,0xFF,0xFF,0xFF,0xFF,0xFF,0xFF,0xFF,0xFF,0xFF,0xFF,0xFF,0xFF,0xFF,0x00,0x00,0xFF,0xFF,0xFF,0xFF,0xFF,0xFF,0xFF,0xFF,0xFF,0xFF,0xFF,0xFF,0xFF,0xFF,0xFF,0xFF,0xFF,0xFF,0xFF,0x00,0x00,0x00,0xFF,0xFF,0xFF,0xFF,0xFF,0x00,0xFF,0xFF,
	0xFF,0xFF,0xFF,0xFF,0xFF,0xFF,0xFF,0xFF,0xFF,0xFF,0xFF,0xFF,0xFF,0x00,0x00,0xFF,0xFF,0xFF,0xFF,0xFF,0xFF,0xFF,0xFF,0xFF,0xFF,0xFF,0xFF,0xFF,0xFF,0xFF,0xFF,0xFF,0xFF,0xFF,0x00,0x00,0x00,0xFF,0xFF,0xFF,0xFF,0xFF,0x00,0xFF,0xFF,0xFF,0xFF,0xFF,0xFF,0xFF,0xFF,0xFF,0x00,0x00,0xFF,0xFF,0xFF,0xFF,0x00,0x00,0xFF,0xFF,0xFF,0xFF,
	0xFF,0xFF,0xFF,0xFF,0xFF,0xFF,0xFF,0xFF,0xFF,0xFF,0xFF,0xFF,0xFF,0xFF,0xFF,0x00,0x00,0x00,0xFF,0xFF,0xFF,0xFF,0xFF,0x00,0xFF,0xFF,0xFF,0xFF,0xFF,0xFF,0xFF,0xFF,0xFF,0xFF,0xFF,0xFF,0xFF,0xFF,0xFF,0x00,0x00,0xFF,0xFF,0xFF,0xFF,0xFF,0x00,0xFF,0xFF,0xFF,0xFF,0xFF,0xFF,0xFF,0xFF,0xFF,0xFF,0xFF,0xFF,0xFF,0x00,0x00,0x00,0xFF,
	0xFF,0xFF,0xFF,0xFF,0x00,0xFF,0xFF,0xFF,0xFF,0xFF,0xFF,0xFF,0xFF,0xFF,0xFF,0xFF,0xFF,0xFF,0xFF,0xFF,0x00,0x00,0xFF,0xFF,0xFF,0xFF,0xFF,0xFF,0xFF,0xFF,0xFF,0xFF,0xFF,0xFF,0xFF,0xFF,0xFF,0xFF,0xFF,0xFF,0xFF,0x00,0x00,0x00,0xFF,0xFF,0xFF,0xFF,0xFF,0x00,0xFF,0xFF,0xFF,0xFF,0xFF,0xFF,0xFF,0xFF,0xFF,0xFF,0xFF,0xFF,0xFF,0xFF,
	0xFF,0x00,0x00,0xFF,0xFF,0xFF,0xFF,0xFF,0xFF,0xFF,0xFF,0xFF,0xFF,0xFF,0xFF,0xFF,0xFF,0xFF,0xFF,0xFF,0xFF,0xFF,0x00,0x00,0x00,0xFF,0xFF,0xFF,0xFF,0xFF,0xFF,0xFF,0xFF,0xFF,0xFF,0xFF,0xFF,0xFF,0xFF,0xFF,0xFF,0xFF,0xFF,0xFF,0xFF,0xFF,0x00,0x00,0xFF,0xFF,0xFF,0xFF,0xFF,0xFF,0xFF,0xFF,0xFF,0xFF,0xFF,0xFF,0xFF,0xFF,0xFF,0xFF,
	0xFF,0xFF,0xFF,0x00,0x00,0x00,0xFF,0xFF,0xFF,0xFF,0xFF,0xFF,0xFF,0xFF,0xFF,0xFF,0x00,0xFF,0xFF,0xFF,0xFF,0xFF,0xFF,0xFF,0xFF,0xFF,0xFF,0x00,0x00,0xFF,0xFF,0xFF,0xFF,0xFF,0xFF,0xFF,0xFF,0xFF,0xFF,0xFF,0xFF,0xFF,0xFF,0xFF,0xFF,0xFF,0xFF,0xFF,0x00,0x00,0x00,0xFF,0xFF,0xFF,0xFF,0xFF,0xFF,0xFF,0xFF,0xFF,0xFF,0x00,0xFF,0xFF,
	0xFF,0xFF,0xFF,0xFF,0xFF,0xFF,0xFF,0xFF,0x00,0x00,0xFF,0xFF,0xFF,0xFF,0x00,0xFF,0xFF,0xFF,0xFF,0xFF,0xFF,0xFF,0xFF,0xFF,0xFF,0xFF,0xFF,0xFF,0xFF,0x00,0x00,0x00,0xFF,0xFF,0xFF,0xFF,0xFF,0xFF,0xFF,0xFF,0xFF,0xFF,0x00,0xFF,0xFF,0xFF,0xFF,0xFF,0xFF,0xFF,0xFF,0xFF,0xFF,0x00,0x00,0xFF,0xFF,0xFF,0xFF,0x00,0xFF,0xFF,0xFF,0xFF,
	0xFF,0xFF,0xFF,0xFF,0xFF,0xFF,0xFF,0xFF,0xFF,0xFF,0x00,0x00,0x00,0xFF,0xFF,0xFF,0xFF,0xFF,0xFF,0xFF,0xFF,0xFF,0x00,0x00,0xFF,0xFF,0xFF,0xFF,0xFF,0xFF,0xFF,0xFF,0xFF,0xFF,0x00,0x00,0xFF,0xFF,0xFF,0xFF,0x00,0xFF,0xFF,0xFF,0xFF,0xFF,0xFF,0xFF,0xFF,0xFF,0xFF,0xFF,0xFF,0xFF,0xFF,0x00,0x00,0x00,0xFF,0xFF,0xFF,0xFF,0xFF,0xFF,
	0xFF,0xFF,0x00,0x00,0x00,0x00,0x00,0xFF,0xFF,0xFF,0xFF,0xFF,0xFF,0xFF,0xFF,0x00,0x00,0xFF,0xFF,0xFF,0xFF,0x00,0xFF,0xFF,0xFF,0xFF,0xFF,0xFF,0xFF,0xFF,0xFF,0xFF,0xFF,0xFF,0xFF,0xFF,0x00,0x00,0x00,0xFF,0xFF,0xFF,0xFF,0xFF,0x00,0x00,0x00,0x00,0x00,0x00,0x00,0x00,0x00,0x00,0x00,0xFF,0xFF,0xFF,0xFF,0xFF,0x00,0xFF,0xFF,0xFF,
	0xFF,0xFF,0x00,0xFF,0xFF,0xFF,0xFF,0xFF,0xFF,0xFF,0xFF,0xFF,0xFF,0xFF,0xFF,0xFF,0xFF,0x00,0x00,0x00,0xFF,0xFF,0xFF,0xFF,0xFF,0xFF,0xFF,0xFF,0xFF,0xFF,0xFF,0xFF,0xFF,0xFF,0xFF,0xFF,0xFF,0xFF,0xFF,0xFF,0xFF,0x00,0xFF,0xFF,0xFF,0xFF,0xFF,0x00,0xFF,0xFF,0xFF,0xFF,0xFF,0xFF,0xFF,0xFF,0xFF,0xFF,0xFF,0xFF,0xFF,0xFF,0x00,0x00,
	0x00,0xFF,0xFF,0xFF,0xFF,0xFF,0xFF,0xFF,0xFF,0xFF,0xFF,0xFF,0xFF,0xFF,0xFF,0xFF,0xFF,0xFF,0xFF,0xFF,0xFF,0xFF,0x00,0xFF,0xFF,0xFF,0xFF,0xFF,0x00,0xFF,0xFF,0xFF,0xFF,0xFF,0xFF,0xFF,0xFF,0xFF,0xFF,0xFF,0xFF,0xFF,0xFF,0x00,0x00,0x00,0xFF,0xFF,0xFF,0xFF,0xFF,0xFF,0xFF,0xFF,0xFF,0xFF,0xFF,0xFF,0xFF,0xFF,0xFF,0xFF,0xFF,0xFF,
	0xFF,0xFF,0xFF,0x00,0xFF,0xFF,0xFF,0xFF,0x00,0x00,0x00,0x00,0x00,0x00,0x00,0x00,0x00,0xFF,0xFF,0xFF,0xFF,0xFF,0xFF,0xFF,0x00,0x00,0x00,0xFF,0xFF,0xFF,0xFF,0xFF,0xFF,0xFF,0xFF,0xFF,0xFF,0xFF,0xFF,0xFF,0xFF,0xFF,0xFF,0xFF,0xFF,0xFF,0xFF,0xFF,0x00,0xFF,0xFF,0xFF,0xFF,0x00,0x00,0x00,0x00,0x00,0x00,0x00,0x00,0x00,0xFF,0xFF,
	0xFF,0xFF,0xFF,0xFF,0xFF,0x00,0x00,0x00,0x00,0x00,0x00,0x00,0x00,0x00,0x00,0x00,0x00,0x00,0x00,0x00,0x00,0x00,0x00,0x00,0x00,0x00,0x00,0x00,0x00,0x00,
    };
        


const lv_img_dsc_t face_228_390_dial_img_7_228194_3 = {
    .header.magic = LV_IMAGE_HEADER_MAGIC,
    .header.w = 45,
    .header.h = 22,
    .data_size = sizeof(face_228_390_dial_img_7_228194_data_3),
    .header.cf = LV_COLOR_FORMAT_RGB565A8,
    .data = face_228_390_dial_img_7_228194_data_3};

    
// LVGL 9 format (RGB565) // LVGL_9 compatible 
const LV_ATTRIBUTE_MEM_ALIGN uint8_t face_228_390_dial_img_7_228194_data_4[] = {
	//RGB565 data 
	0x20,0x00,0x20,0x00,0x20,0x00,0x00,0x00,0x00,0x00,0x00,0x00,0x00,0x00,0x00,0x00,0x00,0x00,0x00,0x00,0x00,0x00,0x00,0x00,0x00,0x00,0x00,0x00,0x00,0x00,0x00,0x00,0x00,0x00,0x00,0x00,0x00,0x00,0x00,0x00,0x00,0x00,0x00,0x00,0x00,0x00,0x00,0x00,0x00,0x00,0x00,0x00,0x00,0x00,0x00,0x00,0x00,0x00,0x00,0x00,0x00,0x00,0x00,0x00,
	0x00,0x00,0x00,0x00,0x00,0x00,0x00,0x00,0x00,0x00,0x00,0x00,0x00,0x00,0x00,0x00,0x00,0x00,0x00,0x00,0x00,0x00,0x00,0x00,0x00,0x00,0x00,0x00,0xA2,0x10,0x66,0x31,0xCB,0x5A,0x6D,0x6B,0xCF,0x7B,0xCF,0x7B,0xCF,0x7B,0xCF,0x7B,0xCF,0x7B,0x6D,0x6B,0x6D,0x6B,0xCF,0x7B,0xCF,0x7B,0x6D,0x6B,0x6D,0x6B,0x6D,0x6B,0x6D,0x6B,0x6D,0x6B,
	0x66,0x31,0x00,0x00,0x00,0x00,0x00,0x00,0x20,0x00,0x66,0x31,0x28,0x42,0xCB,0x5A,0xCB,0x5A,0xCB,0x5A,0xCB,0x5A,0xCB,0x5A,0xCB,0x5A,0xCB,0x5A,0xCB,0x5A,0xCB,0x5A,0xCB,0x5A,0xCB,0x5A,0xCB,0x5A,0xCB,0x5A,0xCB,0x5A,0xCB,0x5A,0x28,0x42,0x28,0x42,0xA2,0x10,0x00,0x00,0x00,0x00,0x66,0x31,0x51,0x8C,0x1C,0xE7,0xFF,0xFF,0xFF,0xFF,
	0xFF,0xFF,0xFF,0xFF,0xFF,0xFF,0xFF,0xFF,0xFF,0xFF,0xFF,0xFF,0xFF,0xFF,0xFF,0xFF,0xFF,0xFF,0xFF,0xFF,0xFF,0xFF,0xFF,0xFF,0xFF,0xFF,0xCB,0x5A,0x00,0x00,0x00,0x00,0x00,0x00,0x20,0x00,0x6D,0x6B,0xB6,0xB5,0x38,0xC6,0x38,0xC6,0x38,0xC6,0x38,0xC6,0x38,0xC6,0x38,0xC6,0x38,0xC6,0x38,0xC6,0x38,0xC6,0x38,0xC6,0x38,0xC6,0x38,0xC6,
	0x38,0xC6,0x38,0xC6,0x9A,0xD6,0x38,0xC6,0x14,0xA5,0x66,0x31,0x00,0x00,0x00,0x00,0x66,0x31,0x51,0x8C,0x9E,0xF7,0x9E,0xF7,0xB6,0xB5,0x14,0xA5,0x14,0xA5,0x14,0xA5,0x9A,0xD6,0xFF,0xFF,0x1C,0xE7,0x38,0xC6,0x14,0xA5,0x14,0xA5,0xB6,0xB5,0x38,0xC6,0x9E,0xF7,0xFF,0xFF,0xCB,0x5A,0x00,0x00,0x00,0x00,0x00,0x00,0xA2,0x10,0x14,0xA5,
	0x1C,0xE7,0xFF,0xFF,0xFF,0xFF,0xFF,0xFF,0xFF,0xFF,0xFF,0xFF,0x9E,0xF7,0xFF,0xFF,0xFF,0xFF,0xFF,0xFF,0xFF,0xFF,0xFF,0xFF,0xFF,0xFF,0xFF,0xFF,0xFF,0xFF,0xFF,0xFF,0xFF,0xFF,0x38,0xC6,0x28,0x42,0x00,0x00,0x00,0x00,0x66,0x31,0x51,0x8C,0x9E,0xF7,0x1C,0xE7,0xCB,0x5A,0xCB,0x5A,0xCF,0x7B,0x6D,0x6B,0xB6,0xB5,0xFF,0xFF,0x9A,0xD6,
	0x14,0xA5,0xCF,0x7B,0x6D,0x6B,0x6D,0x6B,0x51,0x8C,0x9A,0xD6,0xFF,0xFF,0xCB,0x5A,0x00,0x00,0x00,0x00,0x00,0x00,0x20,0x00,0xCB,0x5A,0x14,0xA5,0xB6,0xB5,0xB6,0xB5,0xB6,0xB5,0xB6,0xB5,0x1C,0xE7,0xFF,0xFF,0x9E,0xF7,0x9A,0xD6,0xB6,0xB5,0xB6,0xB5,0xB6,0xB5,0xB6,0xB5,0xB6,0xB5,0xB6,0xB5,0xB6,0xB5,0x14,0xA5,0x51,0x8C,0x66,0x31,
	0x00,0x00,0x00,0x00,0x66,0x31,0x51,0x8C,0x9E,0xF7,0x9A,0xD6,0x66,0x31,0x28,0x42,0x51,0x8C,0xCF,0x7B,0xB6,0xB5,0xFF,0xFF,0x1C,0xE7,0xB6,0xB5,0x51,0x8C,0x6D,0x6B,0xCB,0x5A,0xCF,0x7B,0x38,0xC6,0xFF,0xFF,0xCB,0x5A,0x00,0x00,0x00,0x00,0x00,0x00,0x00,0x00,0x00,0x00,0x00,0x00,0x00,0x00,0x00,0x00,0x20,0x00,0xA2,0x10,0x14,0xA5,
	0xFF,0xFF,0xB6,0xB5,0xCB,0x5A,0x00,0x00,0x00,0x00,0x00,0x00,0x00,0x00,0x00,0x00,0x00,0x00,0x00,0x00,0x00,0x00,0x00,0x00,0x00,0x00,0x00,0x00,0x00,0x00,0x66,0x31,0x51,0x8C,0x9E,0xF7,0x9A,0xD6,0x28,0x42,0x51,0x8C,0x1C,0xE7,0x1C,0xE7,0x9E,0xF7,0xFF,0xFF,0x9E,0xF7,0x9E,0xF7,0x1C,0xE7,0x38,0xC6,0x14,0xA5,0xCF,0x7B,0xB6,0xB5,
	0xFF,0xFF,0xCB,0x5A,0x00,0x00,0x00,0x00,0x00,0x00,0x00,0x00,0x00,0x00,0x00,0x00,0x00,0x00,0x00,0x00,0x00,0x00,0x66,0x31,0xB6,0xB5,0xFF,0xFF,0xCF,0x7B,0xA2,0x10,0x00,0x00,0x00,0x00,0x00,0x00,0x00,0x00,0x00,0x00,0x00,0x00,0x00,0x00,0x00,0x00,0x00,0x00,0x00,0x00,0x00,0x00,0x00,0x00,0x66,0x31,0x51,0x8C,0x9E,0xF7,0x9A,0xD6,
	0x66,0x31,0xCF,0x7B,0x38,0xC6,0x38,0xC6,0x1C,0xE7,0xFF,0xFF,0x9E,0xF7,0x1C,0xE7,0x38,0xC6,0xB6,0xB5,0x51,0x8C,0xCF,0x7B,0xB6,0xB5,0xFF,0xFF,0xCB,0x5A,0x00,0x00,0x00,0x00,0x00,0x00,0x00,0x00,0x20,0x00,0xA2,0x10,0xA2,0x10,0xA2,0x10,0x66,0x31,0x6D,0x6B,0x38,0xC6,0xFF,0xFF,0xCF,0x7B,0x66,0x31,0xA2,0x10,0xA2,0x10,0xA2,0x10,
	0xA2,0x10,0xA2,0x10,0xA2,0x10,0x20,0x00,0x20,0x00,0x00,0x00,0x00,0x00,0x00,0x00,0x00,0x00,0x66,0x31,0x51,0x8C,0x9E,0xF7,0x38,0xC6,0x20,0x00,0x00,0x00,0x20,0x00,0x20,0x00,0x6D,0x6B,0xFF,0xFF,0x38,0xC6,0xCB,0x5A,0x20,0x00,0x20,0x00,0x20,0x00,0xCB,0x5A,0x38,0xC6,0xFF,0xFF,0xCB,0x5A,0x00,0x00,0x00,0x00,0x00,0x00,0x00,0x00,
	0xA2,0x10,0x28,0x42,0xCF,0x7B,0xCF,0x7B,0xCF,0x7B,0xB6,0xB5,0x1C,0xE7,0xFF,0xFF,0xB6,0xB5,0xCF,0x7B,0xCF,0x7B,0xCF,0x7B,0xCF,0x7B,0xCF,0x7B,0xCF,0x7B,0x6D,0x6B,0x66,0x31,0xA2,0x10,0x00,0x00,0x00,0x00,0x00,0x00,0x00,0x00,0x66,0x31,0x51,0x8C,0x9E,0xF7,0x1C,0xE7,0xCF,0x7B,0xCF,0x7B,0x51,0x8C,0x51,0x8C,0x38,0xC6,0xFF,0xFF,
	0x9E,0xF7,0xB6,0xB5,0x51,0x8C,0x51,0x8C,0x51,0x8C,0x14,0xA5,0x9A,0xD6,0xFF,0xFF,0xCB,0x5A,0x00,0x00,0x00,0x00,0x00,0x00,0x20,0x00,0xA2,0x10,0xCF,0x7B,0x1C,0xE7,0x1C,0xE7,0x1C,0xE7,0x1C,0xE7,0x9E,0xF7,0xFF,0xFF,0x9E,0xF7,0x1C,0xE7,0x1C,0xE7,0x1C,0xE7,0x1C,0xE7,0x1C,0xE7,0x9A,0xD6,0x38,0xC6,0xCB,0x5A,0xA2,0x10,0x00,0x00,
	0x00,0x00,0x00,0x00,0x00,0x00,0x66,0x31,0x51,0x8C,0x1C,0xE7,0x9E,0xF7,0xB6,0xB5,0x9A,0xD6,0x9E,0xF7,0x9E,0xF7,0x9E,0xF7,0x1C,0xE7,0x1C,0xE7,0x9E,0xF7,0x9E,0xF7,0x9E,0xF7,0x9E,0xF7,0x38,0xC6,0x1C,0xE7,0xFF,0xFF,0xCB,0x5A,0x00,0x00,0x00,0x00,0x00,0x00,0x20,0x00,0x66,0x31,0xCF,0x7B,0x1C,0xE7,0x1C,0xE7,0x1C,0xE7,0xFF,0xFF,
	0xFF,0xFF,0x9E,0xF7,0x1C,0xE7,0x1C,0xE7,0x1C,0xE7,0x1C,0xE7,0x1C,0xE7,0x9E,0xF7,0xFF,0xFF,0xFF,0xFF,0xCF,0x7B,0xA2,0x10,0x00,0x00,0x00,0x00,0x00,0x00,0x00,0x00,0x28,0x42,0xB6,0xB5,0x9E,0xF7,0x9A,0xD6,0xCB,0x5A,0x28,0x42,0xCB,0x5A,0xCB,0x5A,0xCB,0x5A,0x28,0x42,0xCB,0x5A,0xCB,0x5A,0xCB,0x5A,0xCB,0x5A,0xCB,0x5A,0x51,0x8C,
	0x38,0xC6,0xFF,0xFF,0xCB,0x5A,0x00,0x00,0x00,0x00,0x00,0x00,0x00,0x00,0x20,0x00,0xA2,0x10,0x66,0x31,0x66,0x31,0x28,0x42,0x9A,0xD6,0x9E,0xF7,0x38,0xC6,0x28,0x42,0x66,0x31,0x66,0x31,0x66,0x31,0x66,0x31,0x6D,0x6B,0x38,0xC6,0xFF,0xFF,0xCF,0x7B,0xA2,0x10,0x00,0x00,0x00,0x00,0x00,0x00,0x00,0x00,0x28,0x42,0xB6,0xB5,0x1C,0xE7,
	0x14,0xA5,0xA2,0x10,0x28,0x42,0x51,0x8C,0x51,0x8C,0x51,0x8C,0x51,0x8C,0x51,0x8C,0x51,0x8C,0x51,0x8C,0x6D,0x6B,0xCB,0x5A,0x6D,0x6B,0x38,0xC6,0xFF,0xFF,0xCB,0x5A,0x00,0x00,0x00,0x00,0x00,0x00,0x00,0x00,0x00,0x00,0x00,0x00,0x00,0x00,0x00,0x00,0xA2,0x10,0x9A,0xD6,0x1C,0xE7,0x14,0xA5,0xA2,0x10,0x00,0x00,0x00,0x00,0x00,0x00,
	0x00,0x00,0x28,0x42,0x38,0xC6,0xFF,0xFF,0xCF,0x7B,0xA2,0x10,0x00,0x00,0x00,0x00,0x00,0x00,0x00,0x00,0x28,0x42,0x38,0xC6,0x9A,0xD6,0xCF,0x7B,0x00,0x00,0x51,0x8C,0xFF,0xFF,0xFF,0xFF,0xFF,0xFF,0xFF,0xFF,0xFF,0xFF,0xFF,0xFF,0xFF,0xFF,0x38,0xC6,0xCF,0x7B,0xCF,0x7B,0xB6,0xB5,0xFF,0xFF,0xCB,0x5A,0x00,0x00,0x00,0x00,0x00,0x00,
	0x00,0x00,0x00,0x00,0x00,0x00,0x00,0x00,0x00,0x00,0x66,0x31,0x9E,0xF7,0x1C,0xE7,0xCF,0x7B,0xA2,0x10,0x00,0x00,0x00,0x00,0x00,0x00,0xA2,0x10,0x6D,0x6B,0x9A,0xD6,0xFF,0xFF,0xCF,0x7B,0xA2,0x10,0x00,0x00,0x00,0x00,0x00,0x00,0x00,0x00,0x28,0x42,0x38,0xC6,0x9A,0xD6,0x51,0x8C,0x00,0x00,0x51,0x8C,0xFF,0xFF,0x9A,0xD6,0xB6,0xB5,
	0x14,0xA5,0x14,0xA5,0x38,0xC6,0xFF,0xFF,0x38,0xC6,0xCF,0x7B,0xCF,0x7B,0xB6,0xB5,0xFF,0xFF,0xCB,0x5A,0x00,0x00,0x00,0x00,0x00,0x00,0x00,0x00,0x00,0x00,0x00,0x00,0x00,0x00,0xA2,0x10,0xCB,0x5A,0x9E,0xF7,0x9A,0xD6,0x6D,0x6B,0xA2,0x10,0x00,0x00,0x00,0x00,0x00,0x00,0xA2,0x10,0x6D,0x6B,0x9A,0xD6,0xFF,0xFF,0xCF,0x7B,0xA2,0x10,
	0x00,0x00,0x00,0x00,0x00,0x00,0x00,0x00,0x28,0x42,0x9A,0xD6,0x9A,0xD6,0xCF,0x7B,0x00,0x00,0x51,0x8C,0xFF,0xFF,0x14,0xA5,0x6D,0x6B,0xCB,0x5A,0x28,0x42,0x51,0x8C,0xFF,0xFF,0x38,0xC6,0xCF,0x7B,0xCF,0x7B,0xB6,0xB5,0xFF,0xFF,0xCB,0x5A,0x00,0x00,0x00,0x00,0x00,0x00,0x00,0x00,0x00,0x00,0x00,0x00,0x00,0x00,0xA2,0x10,0xCF,0x7B,
	0x9E,0xF7,0x38,0xC6,0x28,0x42,0x20,0x00,0x00,0x00,0x00,0x00,0x00,0x00,0x20,0x00,0x6D,0x6B,0x38,0xC6,0xFF,0xFF,0xCF,0x7B,0xA2,0x10,0x00,0x00,0x00,0x00,0x00,0x00,0x00,0x00,0xCB,0x5A,0x9E,0xF7,0x9A,0xD6,0x6D,0x6B,0x00,0x00,0x51,0x8C,0xFF,0xFF,0x51,0x8C,0xCB,0x5A,0x28,0x42,0x66,0x31,0x6D,0x6B,0x9E,0xF7,0x38,0xC6,0xCF,0x7B,
	0xCF,0x7B,0xB6,0xB5,0xFF,0xFF,0xCB,0x5A,0x00,0x00,0x00,0x00,0x00,0x00,0x00,0x00,0x00,0x00,0x00,0x00,0x00,0x00,0x66,0x31,0x51,0x8C,0xFF,0xFF,0xB6,0xB5,0x66,0x31,0x20,0x00,0x00,0x00,0x00,0x00,0x00,0x00,0xA2,0x10,0x6D,0x6B,0x9A,0xD6,0xFF,0xFF,0xCF,0x7B,0xA2,0x10,0x00,0x00,0x00,0x00,0x00,0x00,0x66,0x31,0x51,0x8C,0xFF,0xFF,
	0xB6,0xB5,0x28,0x42,0x00,0x00,0x51,0x8C,0xFF,0xFF,0x9E,0xF7,0x9A,0xD6,0x9A,0xD6,0x38,0xC6,0x1C,0xE7,0xFF,0xFF,0x38,0xC6,0xCF,0x7B,0x6D,0x6B,0xB6,0xB5,0xFF,0xFF,0xCB,0x5A,0x00,0x00,0x00,0x00,0x20,0x00,0x66,0x31,0x6D,0x6B,0x51,0x8C,0xCF,0x7B,0x14,0xA5,0x9A,0xD6,0xFF,0xFF,0x1C,0xE7,0x14,0xA5,0x51,0x8C,0xCF,0x7B,0xCF,0x7B,
	0xCF,0x7B,0x51,0x8C,0xB6,0xB5,0x1C,0xE7,0xFF,0xFF,0x38,0xC6,0x51,0x8C,0xCF,0x7B,0x28,0x42,0xA2,0x10,0x6D,0x6B,0xB6,0xB5,0xFF,0xFF,0x51,0x8C,0x66,0x31,0x00,0x00,0x6D,0x6B,0x38,0xC6,0x9A,0xD6,0x9A,0xD6,0x9A,0xD6,0x9A,0xD6,0x9A,0xD6,0x1C,0xE7,0xB6,0xB5,0x51,0x8C,0x51,0x8C,0x9A,0xD6,0xFF,0xFF,0xCB,0x5A,0x00,0x00,0x00,0x00,
	0xA2,0x10,0x28,0x42,0xB6,0xB5,0x1C,0xE7,0x9A,0xD6,0x1C,0xE7,0x1C,0xE7,0x9E,0xF7,0x1C,0xE7,0x9A,0xD6,0x9A,0xD6,0x9A,0xD6,0x9A,0xD6,0x9A,0xD6,0x9A,0xD6,0x1C,0xE7,0x9E,0xF7,0x9E,0xF7,0x1C,0xE7,0x1C,0xE7,0x9A,0xD6,0x6D,0x6B,0x66,0x31,0xB6,0xB5,0x1C,0xE7,0x9E,0xF7,0xCB,0x5A,0x20,0x00,0x00,0x00,0x20,0x00,0xA2,0x10,0xA2,0x10,
	0xA2,0x10,0xA2,0x10,0xA2,0x10,0x66,0x31,0xCB,0x5A,0x14,0xA5,0x38,0xC6,0x1C,0xE7,0xFF,0xFF,0x9E,0xF7,0xCB,0x5A,0x00,0x00,0x00,0x00,0xA2,0x10,0x28,0x42,0x14,0xA5,0x9A,0xD6,0x38,0xC6,0x38,0xC6,0x38,0xC6,0x38,0xC6,0x38,0xC6,0x38,0xC6,0x38,0xC6,0x38,0xC6,0x38,0xC6,0x38,0xC6,0x38,0xC6,0x38,0xC6,0x38,0xC6,0x38,0xC6,0x38,0xC6,
	0x38,0xC6,0x38,0xC6,0x6D,0x6B,0x66,0x31,0xCF,0x7B,0x14,0xA5,0x14,0xA5,0x66,0x31,0x00,0x00,0x00,0x00,0x00,0x00,0x00,0x00,0x00,0x00,0x00,0x00,0x00,0x00,0x00,0x00,0x00,0x00,0x66,0x31,0xCF,0x7B,0xB6,0xB5,0x38,0xC6,0xB6,0xB5,0x51,0x8C,0x66,0x31,0x00,0x00,0x00,0x00,0x20,0x00,0xA2,0x10,0x28,0x42,0xCB,0x5A,0xCB,0x5A,0xCB,0x5A,
	0xCB,0x5A,0xCB,0x5A,0xCB,0x5A,0xCB,0x5A,0xCB,0x5A,0xCB,0x5A,0xCB,0x5A,0xCB,0x5A,0xCB,0x5A,0xCB,0x5A,0xCB,0x5A,0xCB,0x5A,0xCB,0x5A,0xCB,0x5A,0xCB,0x5A,0x66,0x31,0xA2,0x10,0x66,0x31,0x28,0x42,0x28,0x42,0xA2,0x10,0x00,0x00,0x00,0x00,0x00,0x00,0x00,0x00,0x00,0x00,0x00,0x00,0x00,0x00,0x00,0x00,0x00,0x00,0xA2,0x10,0x28,0x42,
	0x6D,0x6B,0x6D,0x6B,0x28,0x42,0xA2,0x10,0x20,0x00,0x00,0x00,0x00,0x00,0x00,0x00,0x00,0x00,0x00,0x00,0x00,0x00,0x00,0x00,0x00,0x00,0x00,0x00,0x00,0x00,0x00,0x00,0x00,0x00,0x00,0x00,0x00,0x00,0x00,0x00,0x00,0x00,0x00,0x00,0x00,0x00,0x00,0x00,0x00,0x00,0x00,0x00,0x00,0x00,0x00,0x00,0x00,0x00,0x00,0x00,

	// Alpha Channel 
	0xFF,0xFF,0xFF,0x00,0x00,0x00,0x00,0x00,0x00,0x00,0x00,0x00,0x00,0x00,0x00,0x00,0x00,0x00,0x00,0x00,0x00,0x00,0x00,0x00,0x00,0x00,0x00,0x00,0x00,0x00,0x00,0x00,0x00,0x00,0x00,0x00,0x00,0x00,0x00,0x00,0x00,0x00,0x00,0x00,0x00,0x00,0xFF,0xFF,0xFF,0xFF,0xFF,0xFF,0xFF,0xFF,0xFF,0xFF,0xFF,0xFF,0xFF,0xFF,0xFF,0xFF,0xFF,0xFF,
	0xFF,0x00,0x00,0x00,0xFF,0xFF,0xFF,0xFF,0xFF,0xFF,0xFF,0xFF,0xFF,0xFF,0xFF,0xFF,0xFF,0xFF,0xFF,0xFF,0xFF,0xFF,0xFF,0xFF,0xFF,0x00,0x00,0xFF,0xFF,0xFF,0xFF,0xFF,0xFF,0xFF,0xFF,0xFF,0xFF,0xFF,0xFF,0xFF,0xFF,0xFF,0xFF,0xFF,0xFF,0xFF,0x00,0x00,0x00,0xFF,0xFF,0xFF,0xFF,0xFF,0xFF,0xFF,0xFF,0xFF,0xFF,0xFF,0xFF,0xFF,0xFF,0xFF,
	0xFF,0xFF,0xFF,0xFF,0xFF,0xFF,0x00,0x00,0xFF,0xFF,0xFF,0xFF,0xFF,0xFF,0xFF,0xFF,0xFF,0xFF,0xFF,0xFF,0xFF,0xFF,0xFF,0xFF,0xFF,0xFF,0xFF,0x00,0x00,0x00,0xFF,0xFF,0xFF,0xFF,0xFF,0xFF,0xFF,0xFF,0xFF,0xFF,0xFF,0xFF,0xFF,0xFF,0xFF,0xFF,0xFF,0xFF,0xFF,0xFF,0xFF,0x00,0x00,0xFF,0xFF,0xFF,0xFF,0xFF,0xFF,0xFF,0xFF,0xFF,0xFF,0xFF,
	0xFF,0xFF,0xFF,0xFF,0xFF,0xFF,0xFF,0xFF,0x00,0x00,0x00,0xFF,0xFF,0xFF,0xFF,0xFF,0xFF,0xFF,0xFF,0xFF,0xFF,0xFF,0xFF,0xFF,0xFF,0xFF,0xFF,0xFF,0xFF,0xFF,0xFF,0xFF,0x00,0x00,0xFF,0xFF,0xFF,0xFF,0xFF,0xFF,0xFF,0xFF,0xFF,0xFF,0xFF,0xFF,0xFF,0xFF,0xFF,0xFF,0xFF,0xFF,0xFF,0x00,0x00,0x00,0x00,0x00,0x00,0x00,0x00,0xFF,0xFF,0xFF,
	0xFF,0xFF,0xFF,0x00,0x00,0x00,0x00,0x00,0x00,0x00,0x00,0x00,0x00,0x00,0x00,0xFF,0xFF,0xFF,0xFF,0xFF,0xFF,0xFF,0xFF,0xFF,0xFF,0xFF,0xFF,0xFF,0xFF,0xFF,0xFF,0xFF,0xFF,0xFF,0x00,0x00,0x00,0x00,0x00,0x00,0x00,0x00,0x00,0xFF,0xFF,0xFF,0xFF,0xFF,0x00,0x00,0x00,0x00,0x00,0x00,0x00,0x00,0x00,0x00,0x00,0x00,0xFF,0xFF,0xFF,0xFF,
	0xFF,0xFF,0xFF,0xFF,0xFF,0xFF,0xFF,0xFF,0xFF,0xFF,0xFF,0xFF,0xFF,0xFF,0xFF,0x00,0x00,0x00,0x00,0xFF,0xFF,0xFF,0xFF,0xFF,0xFF,0xFF,0xFF,0xFF,0xFF,0xFF,0xFF,0xFF,0xFF,0xFF,0xFF,0xFF,0xFF,0x00,0x00,0x00,0x00,0xFF,0xFF,0xFF,0xFF,0xFF,0x00,0xFF,0xFF,0xFF,0xFF,0xFF,0xFF,0xFF,0xFF,0xFF,0xFF,0xFF,0xFF,0xFF,0x00,0x00,0x00,0x00,
	0xFF,0xFF,0xFF,0xFF,0xFF,0xFF,0xFF,0xFF,0xFF,0xFF,0xFF,0xFF,0xFF,0xFF,0xFF,0xFF,0xFF,0xFF,0x00,0x00,0x00,0x00,0xFF,0xFF,0xFF,0xFF,0xFF,0xFF,0xFF,0xFF,0xFF,0xFF,0xFF,0xFF,0xFF,0xFF,0xFF,0xFF,0xFF,0xFF,0xFF,0x00,0x00,0x00,0xFF,0xFF,0xFF,0xFF,0xFF,0xFF,0xFF,0xFF,0xFF,0xFF,0xFF,0xFF,0xFF,0xFF,0xFF,0xFF,0xFF,0xFF,0xFF,0x00,
	0x00,0x00,0x00,0xFF,0xFF,0xFF,0xFF,0xFF,0xFF,0xFF,0xFF,0xFF,0xFF,0xFF,0xFF,0xFF,0xFF,0xFF,0xFF,0xFF,0xFF,0xFF,0x00,0x00,0x00,0xFF,0xFF,0xFF,0xFF,0xFF,0xFF,0xFF,0xFF,0xFF,0xFF,0xFF,0xFF,0xFF,0xFF,0xFF,0xFF,0xFF,0xFF,0xFF,0x00,0x00,0x00,0x00,0xFF,0xFF,0xFF,0xFF,0xFF,0xFF,0xFF,0xFF,0xFF,0xFF,0xFF,0xFF,0xFF,0xFF,0xFF,0xFF,
	0xFF,0xFF,0xFF,0x00,0x00,0x00,0x00,0xFF,0xFF,0xFF,0xFF,0xFF,0xFF,0xFF,0xFF,0xFF,0xFF,0xFF,0xFF,0xFF,0xFF,0xFF,0xFF,0xFF,0xFF,0x00,0x00,0x00,0x00,0xFF,0xFF,0xFF,0xFF,0xFF,0xFF,0xFF,0xFF,0xFF,0xFF,0xFF,0xFF,0xFF,0xFF,0xFF,0xFF,0xFF,0xFF,0xFF,0x00,0x00,0x00,0x00,0x00,0x00,0x00,0x00,0xFF,0xFF,0xFF,0xFF,0xFF,0x00,0x00,0x00,
	0x00,0xFF,0xFF,0xFF,0xFF,0xFF,0x00,0x00,0x00,0x00,0xFF,0xFF,0xFF,0xFF,0x00,0xFF,0xFF,0xFF,0xFF,0xFF,0xFF,0xFF,0xFF,0xFF,0xFF,0xFF,0xFF,0xFF,0xFF,0x00,0x00,0x00,0x00,0x00,0x00,0x00,0x00,0xFF,0xFF,0xFF,0xFF,0xFF,0x00,0x00,0x00,0xFF,0xFF,0xFF,0xFF,0xFF,0xFF,0x00,0x00,0x00,0x00,0xFF,0xFF,0xFF,0xFF,0x00,0xFF,0xFF,0xFF,0xFF,
	0xFF,0xFF,0xFF,0xFF,0xFF,0xFF,0xFF,0xFF,0xFF,0xFF,0x00,0x00,0x00,0x00,0x00,0x00,0x00,0xFF,0xFF,0xFF,0xFF,0xFF,0xFF,0x00,0x00,0x00,0xFF,0xFF,0xFF,0xFF,0xFF,0xFF,0x00,0x00,0x00,0x00,0xFF,0xFF,0xFF,0xFF,0x00,0xFF,0xFF,0xFF,0xFF,0xFF,0xFF,0xFF,0xFF,0xFF,0xFF,0xFF,0xFF,0xFF,0xFF,0x00,0x00,0x00,0x00,0x00,0x00,0x00,0xFF,0xFF,
	0xFF,0xFF,0xFF,0xFF,0x00,0x00,0x00,0xFF,0xFF,0xFF,0xFF,0xFF,0xFF,0x00,0x00,0x00,0x00,0xFF,0xFF,0xFF,0xFF,0x00,0xFF,0xFF,0xFF,0xFF,0xFF,0xFF,0xFF,0xFF,0xFF,0xFF,0xFF,0xFF,0xFF,0xFF,0x00,0x00,0x00,0x00,0x00,0x00,0x00,0xFF,0xFF,0xFF,0xFF,0xFF,0xFF,0x00,0x00,0x00,0xFF,0xFF,0xFF,0xFF,0xFF,0xFF,0x00,0x00,0x00,0xFF,0xFF,0xFF,
	0xFF,0xFF,0x00,0xFF,0xFF,0xFF,0xFF,0xFF,0xFF,0xFF,0xFF,0xFF,0xFF,0xFF,0xFF,0xFF,0xFF,0x00,0x00,0xFF,0xFF,0xFF,0xFF,0xFF,0xFF,0xFF,0xFF,0xFF,0xFF,0xFF,0xFF,0xFF,0xFF,0xFF,0xFF,0xFF,0xFF,0xFF,0xFF,0xFF,0xFF,0xFF,0xFF,0xFF,0xFF,0xFF,0xFF,0x00,0xFF,0xFF,0xFF,0xFF,0xFF,0xFF,0xFF,0xFF,0xFF,0xFF,0xFF,0xFF,0xFF,0xFF,0x00,0x00,
	0xFF,0xFF,0xFF,0xFF,0xFF,0xFF,0xFF,0xFF,0xFF,0xFF,0xFF,0xFF,0xFF,0xFF,0xFF,0xFF,0xFF,0xFF,0xFF,0xFF,0xFF,0xFF,0xFF,0xFF,0xFF,0xFF,0xFF,0xFF,0x00,0xFF,0xFF,0xFF,0xFF,0xFF,0xFF,0xFF,0xFF,0xFF,0xFF,0xFF,0xFF,0xFF,0xFF,0x00,0x00,0xFF,0xFF,0xFF,0xFF,0xFF,0xFF,0xFF,0xFF,0xFF,0xFF,0xFF,0xFF,0xFF,0xFF,0xFF,0xFF,0xFF,0xFF,0xFF,
	0xFF,0xFF,0xFF,0xFF,0xFF,0xFF,0xFF,0xFF,0x00,0x00,0x00,0x00,0x00,0x00,0x00,0x00,0x00,0xFF,0xFF,0xFF,0xFF,0xFF,0xFF,0xFF,0x00,0x00,0xFF,0xFF,0xFF,0xFF,0xFF,0xFF,0xFF,0xFF,0xFF,0xFF,0xFF,0xFF,0xFF,0xFF,0xFF,0xFF,0xFF,0xFF,0xFF,0xFF,0xFF,0xFF,0xFF,0xFF,0xFF,0xFF,0xFF,0x00,0x00,0x00,0x00,0x00,0x00,0x00,0x00,0x00,0xFF,0xFF,
	0xFF,0xFF,0xFF,0xFF,0xFF,0x00,0x00,0x00,0x00,0x00,0x00,0x00,0x00,0x00,0x00,0x00,0x00,0x00,0x00,0x00,0x00,0x00,0x00,0x00,0x00,0x00,0x00,0x00,0x00,0x00,
    };
        


const lv_img_dsc_t face_228_390_dial_img_7_228194_4 = {
    .header.magic = LV_IMAGE_HEADER_MAGIC,
    .header.w = 45,
    .header.h = 22,
    .data_size = sizeof(face_228_390_dial_img_7_228194_data_4),
    .header.cf = LV_COLOR_FORMAT_RGB565A8,
    .data = face_228_390_dial_img_7_228194_data_4};

    
// LVGL 9 format (RGB565) // LVGL_9 compatible 
const LV_ATTRIBUTE_MEM_ALIGN uint8_t face_228_390_dial_img_7_228194_data_5[] = {
	//RGB565 data 
	0x20,0x00,0x20,0x00,0x20,0x00,0x00,0x00,0x00,0x00,0x00,0x00,0x00,0x00,0x00,0x00,0x00,0x00,0x00,0x00,0x00,0x00,0x00,0x00,0x00,0x00,0x00,0x00,0x00,0x00,0x00,0x00,0x00,0x00,0x00,0x00,0x00,0x00,0x00,0x00,0x00,0x00,0x00,0x00,0x00,0x00,0x00,0x00,0x00,0x00,0x00,0x00,0x00,0x00,0x00,0x00,0x00,0x00,0x00,0x00,0x00,0x00,0x00,0x00,
	0x20,0x00,0xA2,0x10,0xA2,0x10,0x20,0x00,0x00,0x00,0x00,0x00,0x00,0x00,0x00,0x00,0x00,0x00,0x00,0x00,0x00,0x00,0x00,0x00,0x00,0x00,0x00,0x00,0xA2,0x10,0x66,0x31,0xCB,0x5A,0x6D,0x6B,0xCF,0x7B,0xCF,0x7B,0xCF,0x7B,0xCF,0x7B,0xCF,0x7B,0x6D,0x6B,0x6D,0x6B,0xCF,0x7B,0xCF,0x7B,0x6D,0x6B,0x6D,0x6B,0x6D,0x6B,0x6D,0x6B,0x6D,0x6B,
	0x66,0x31,0x00,0x00,0x00,0x00,0x00,0x00,0x00,0x00,0x00,0x00,0x00,0x00,0x00,0x00,0x00,0x00,0x00,0x00,0x00,0x00,0x20,0x00,0xA2,0x10,0x6D,0x6B,0x51,0x8C,0xCB,0x5A,0xA2,0x10,0x00,0x00,0x00,0x00,0x00,0x00,0x00,0x00,0x00,0x00,0x00,0x00,0x00,0x00,0x00,0x00,0x00,0x00,0x00,0x00,0x66,0x31,0x51,0x8C,0x1C,0xE7,0xFF,0xFF,0xFF,0xFF,
	0xFF,0xFF,0xFF,0xFF,0xFF,0xFF,0xFF,0xFF,0xFF,0xFF,0xFF,0xFF,0xFF,0xFF,0xFF,0xFF,0xFF,0xFF,0xFF,0xFF,0xFF,0xFF,0xFF,0xFF,0xFF,0xFF,0xCB,0x5A,0x00,0x00,0x00,0x00,0x00,0x00,0x00,0x00,0x00,0x00,0x00,0x00,0x00,0x00,0x00,0x00,0x00,0x00,0x00,0x00,0x20,0x00,0x28,0x42,0x1C,0xE7,0xFF,0xFF,0x14,0xA5,0x28,0x42,0x00,0x00,0x00,0x00,
	0x00,0x00,0x00,0x00,0x00,0x00,0x00,0x00,0x00,0x00,0x00,0x00,0x00,0x00,0x00,0x00,0x66,0x31,0x51,0x8C,0x9E,0xF7,0x9E,0xF7,0xB6,0xB5,0x14,0xA5,0x14,0xA5,0x14,0xA5,0x9A,0xD6,0xFF,0xFF,0x1C,0xE7,0x38,0xC6,0x14,0xA5,0x14,0xA5,0xB6,0xB5,0x38,0xC6,0x9E,0xF7,0xFF,0xFF,0xCB,0x5A,0x00,0x00,0x00,0x00,0x00,0x00,0x00,0x00,0x00,0x00,
	0x00,0x00,0x00,0x00,0x00,0x00,0x00,0x00,0x00,0x00,0x00,0x00,0xA2,0x10,0xB6,0xB5,0xFF,0xFF,0x9A,0xD6,0x28,0x42,0x00,0x00,0x00,0x00,0x00,0x00,0x00,0x00,0x00,0x00,0x00,0x00,0x00,0x00,0x00,0x00,0x00,0x00,0x00,0x00,0x66,0x31,0x51,0x8C,0x9E,0xF7,0x1C,0xE7,0xCB,0x5A,0xCB,0x5A,0xCF,0x7B,0x6D,0x6B,0xB6,0xB5,0xFF,0xFF,0x9A,0xD6,
	0x14,0xA5,0xCF,0x7B,0x6D,0x6B,0x6D,0x6B,0x51,0x8C,0x9A,0xD6,0xFF,0xFF,0xCB,0x5A,0x00,0x00,0x00,0x00,0x20,0x00,0x20,0x00,0xA2,0x10,0x66,0x31,0x66,0x31,0x66,0x31,0x66,0x31,0x66,0x31,0x66,0x31,0x66,0x31,0xB6,0xB5,0x9E,0xF7,0x9E,0xF7,0xCF,0x7B,0x66,0x31,0x66,0x31,0x66,0x31,0x66,0x31,0x66,0x31,0x66,0x31,0x66,0x31,0xA2,0x10,
	0x20,0x00,0x00,0x00,0x66,0x31,0x51,0x8C,0x9E,0xF7,0x9A,0xD6,0x66,0x31,0x28,0x42,0x51,0x8C,0xCF,0x7B,0xB6,0xB5,0xFF,0xFF,0x1C,0xE7,0xB6,0xB5,0x51,0x8C,0x6D,0x6B,0xCB,0x5A,0xCF,0x7B,0x38,0xC6,0xFF,0xFF,0xCB,0x5A,0x00,0x00,0x00,0x00,0x20,0x00,0x66,0x31,0x6D,0x6B,0x51,0x8C,0x51,0x8C,0x51,0x8C,0x51,0x8C,0x51,0x8C,0xCF,0x7B,
	0x51,0x8C,0x38,0xC6,0x9E,0xF7,0xFF,0xFF,0xB6,0xB5,0xCF,0x7B,0xCF,0x7B,0x51,0x8C,0x51,0x8C,0x51,0x8C,0x51,0x8C,0x51,0x8C,0x28,0x42,0xA2,0x10,0x00,0x00,0x66,0x31,0x51,0x8C,0x9E,0xF7,0x9A,0xD6,0x28,0x42,0x51,0x8C,0x1C,0xE7,0x1C,0xE7,0x9E,0xF7,0xFF,0xFF,0x9E,0xF7,0x9E,0xF7,0x1C,0xE7,0x38,0xC6,0x14,0xA5,0xCF,0x7B,0xB6,0xB5,
	0xFF,0xFF,0xCB,0x5A,0x00,0x00,0x00,0x00,0xA2,0x10,0x28,0x42,0x38,0xC6,0x9E,0xF7,0x9E,0xF7,0x9E,0xF7,0x9E,0xF7,0x9E,0xF7,0x9E,0xF7,0x9E,0xF7,0xFF,0xFF,0xFF,0xFF,0xFF,0xFF,0xFF,0xFF,0x9E,0xF7,0x9E,0xF7,0x9E,0xF7,0x9E,0xF7,0x9E,0xF7,0x9E,0xF7,0x9E,0xF7,0xCF,0x7B,0x66,0x31,0x00,0x00,0x66,0x31,0x51,0x8C,0x9E,0xF7,0x9A,0xD6,
	0x66,0x31,0xCF,0x7B,0x38,0xC6,0x38,0xC6,0x1C,0xE7,0xFF,0xFF,0x9E,0xF7,0x1C,0xE7,0x38,0xC6,0xB6,0xB5,0x51,0x8C,0xCF,0x7B,0xB6,0xB5,0xFF,0xFF,0xCB,0x5A,0x00,0x00,0x00,0x00,0xA2,0x10,0x28,0x42,0xB6,0xB5,0x9A,0xD6,0x9A,0xD6,0x9A,0xD6,0x9A,0xD6,0x38,0xC6,0x38,0xC6,0x38,0xC6,0x38,0xC6,0x38,0xC6,0x38,0xC6,0x38,0xC6,0x9A,0xD6,
	0x38,0xC6,0x9A,0xD6,0x9A,0xD6,0x9A,0xD6,0x9A,0xD6,0x9A,0xD6,0x6D,0x6B,0x66,0x31,0x00,0x00,0x66,0x31,0x51,0x8C,0x9E,0xF7,0x38,0xC6,0x20,0x00,0x00,0x00,0x20,0x00,0x20,0x00,0x6D,0x6B,0xFF,0xFF,0x38,0xC6,0xCB,0x5A,0x20,0x00,0x20,0x00,0x20,0x00,0xCB,0x5A,0x38,0xC6,0xFF,0xFF,0xCB,0x5A,0x00,0x00,0x00,0x00,0x00,0x00,0x20,0x00,
	0x20,0x00,0xA2,0x10,0xA2,0x10,0xA2,0x10,0xA2,0x10,0x20,0x00,0x20,0x00,0x20,0x00,0xA2,0x10,0xA2,0x10,0xA2,0x10,0x20,0x00,0x20,0x00,0x20,0x00,0x20,0x00,0xA2,0x10,0xA2,0x10,0xA2,0x10,0xA2,0x10,0x20,0x00,0x20,0x00,0x00,0x00,0x66,0x31,0x51,0x8C,0x9E,0xF7,0x1C,0xE7,0xCF,0x7B,0xCF,0x7B,0x51,0x8C,0x51,0x8C,0x38,0xC6,0xFF,0xFF,
	0x9E,0xF7,0xB6,0xB5,0x51,0x8C,0x51,0x8C,0x51,0x8C,0x14,0xA5,0x9A,0xD6,0xFF,0xFF,0xCB,0x5A,0x00,0x00,0x00,0x00,0x00,0x00,0x00,0x00,0x00,0x00,0x00,0x00,0x00,0x00,0x00,0x00,0x00,0x00,0x66,0x31,0x66,0x31,0xA2,0x10,0x00,0x00,0x00,0x00,0x00,0x00,0x20,0x00,0xA2,0x10,0x66,0x31,0xA2,0x10,0x00,0x00,0x00,0x00,0x00,0x00,0x00,0x00,
	0x00,0x00,0x00,0x00,0x00,0x00,0x66,0x31,0x51,0x8C,0x1C,0xE7,0x9E,0xF7,0xB6,0xB5,0x9A,0xD6,0x9E,0xF7,0x9E,0xF7,0x9E,0xF7,0x1C,0xE7,0x1C,0xE7,0x9E,0xF7,0x9E,0xF7,0x9E,0xF7,0x9E,0xF7,0x38,0xC6,0x1C,0xE7,0xFF,0xFF,0xCB,0x5A,0x00,0x00,0x00,0x00,0x00,0x00,0x00,0x00,0x00,0x00,0x00,0x00,0x00,0x00,0x00,0x00,0xA2,0x10,0x14,0xA5,
	0x14,0xA5,0x6D,0x6B,0xA2,0x10,0x00,0x00,0x00,0x00,0x66,0x31,0xCF,0x7B,0x14,0xA5,0x6D,0x6B,0x20,0x00,0x20,0x00,0x00,0x00,0x00,0x00,0x00,0x00,0x00,0x00,0x00,0x00,0x28,0x42,0xB6,0xB5,0x9E,0xF7,0x9A,0xD6,0xCB,0x5A,0x28,0x42,0xCB,0x5A,0xCB,0x5A,0xCB,0x5A,0x28,0x42,0xCB,0x5A,0xCB,0x5A,0xCB,0x5A,0xCB,0x5A,0xCB,0x5A,0x51,0x8C,
	0x38,0xC6,0xFF,0xFF,0xCB,0x5A,0x00,0x00,0x00,0x00,0x00,0x00,0x00,0x00,0x00,0x00,0x00,0x00,0x00,0x00,0x00,0x00,0x28,0x42,0x1C,0xE7,0x9E,0xF7,0x14,0xA5,0x66,0x31,0x00,0x00,0x00,0x00,0xCB,0x5A,0x38,0xC6,0x9E,0xF7,0xB6,0xB5,0xCB,0x5A,0xA2,0x10,0x00,0x00,0x00,0x00,0x00,0x00,0x00,0x00,0x00,0x00,0x28,0x42,0xB6,0xB5,0x1C,0xE7,
	0x14,0xA5,0xA2,0x10,0x28,0x42,0x51,0x8C,0x51,0x8C,0x51,0x8C,0x51,0x8C,0x51,0x8C,0x51,0x8C,0x51,0x8C,0x6D,0x6B,0xCB,0x5A,0x6D,0x6B,0x38,0xC6,0xFF,0xFF,0xCB,0x5A,0x00,0x00,0x00,0x00,0x00,0x00,0x00,0x00,0x00,0x00,0x00,0x00,0x00,0x00,0x66,0x31,0xCF,0x7B,0xFF,0xFF,0x1C,0xE7,0x51,0x8C,0xA2,0x10,0x00,0x00,0x00,0x00,0x28,0x42,
	0x51,0x8C,0xFF,0xFF,0x9E,0xF7,0x14,0xA5,0x66,0x31,0x00,0x00,0x00,0x00,0x00,0x00,0x00,0x00,0x00,0x00,0x28,0x42,0x38,0xC6,0x9A,0xD6,0xCF,0x7B,0x00,0x00,0x51,0x8C,0xFF,0xFF,0xFF,0xFF,0xFF,0xFF,0xFF,0xFF,0xFF,0xFF,0xFF,0xFF,0xFF,0xFF,0x38,0xC6,0xCF,0x7B,0xCF,0x7B,0xB6,0xB5,0xFF,0xFF,0xCB,0x5A,0x00,0x00,0x00,0x00,0x00,0x00,
	0x00,0x00,0x00,0x00,0x00,0x00,0x00,0x00,0x6D,0x6B,0x38,0xC6,0xFF,0xFF,0xB6,0xB5,0x28,0x42,0x20,0x00,0x00,0x00,0x00,0x00,0x00,0x00,0x66,0x31,0x9A,0xD6,0xFF,0xFF,0x1C,0xE7,0xCB,0x5A,0x20,0x00,0x00,0x00,0x00,0x00,0x00,0x00,0x00,0x00,0x28,0x42,0x38,0xC6,0x9A,0xD6,0x51,0x8C,0x00,0x00,0x51,0x8C,0xFF,0xFF,0x9A,0xD6,0xB6,0xB5,
	0x14,0xA5,0x14,0xA5,0x38,0xC6,0xFF,0xFF,0x38,0xC6,0xCF,0x7B,0xCF,0x7B,0xB6,0xB5,0xFF,0xFF,0xCB,0x5A,0x00,0x00,0x00,0x00,0x00,0x00,0x00,0x00,0x00,0x00,0x00,0x00,0xA2,0x10,0x14,0xA5,0x9E,0xF7,0x9E,0xF7,0xCF,0x7B,0x20,0x00,0x00,0x00,0x00,0x00,0x00,0x00,0x00,0x00,0xA2,0x10,0xCF,0x7B,0x9A,0xD6,0xFF,0xFF,0x14,0xA5,0x28,0x42,
	0x00,0x00,0x00,0x00,0x00,0x00,0x00,0x00,0x28,0x42,0x9A,0xD6,0x9A,0xD6,0xCF,0x7B,0x00,0x00,0x51,0x8C,0xFF,0xFF,0x14,0xA5,0x6D,0x6B,0xCB,0x5A,0x28,0x42,0x51,0x8C,0xFF,0xFF,0x38,0xC6,0xCF,0x7B,0xCF,0x7B,0xB6,0xB5,0xFF,0xFF,0xCB,0x5A,0x00,0x00,0x00,0x00,0x00,0x00,0x00,0x00,0x00,0x00,0xA2,0x10,0x28,0x42,0x9A,0xD6,0xFF,0xFF,
	0xB6,0xB5,0x28,0x42,0x00,0x00,0x00,0x00,0x00,0x00,0x00,0x00,0x00,0x00,0x20,0x00,0x66,0x31,0x14,0xA5,0xFF,0xFF,0x1C,0xE7,0x51,0x8C,0x20,0x00,0x00,0x00,0x00,0x00,0x00,0x00,0xCB,0x5A,0x9E,0xF7,0x9A,0xD6,0x6D,0x6B,0x00,0x00,0x51,0x8C,0xFF,0xFF,0x51,0x8C,0xCB,0x5A,0x28,0x42,0x66,0x31,0x6D,0x6B,0x9E,0xF7,0x38,0xC6,0xCF,0x7B,
	0xCF,0x7B,0xB6,0xB5,0xFF,0xFF,0xCB,0x5A,0x00,0x00,0x00,0x00,0x00,0x00,0x00,0x00,0x00,0x00,0x66,0x31,0xB6,0xB5,0x9E,0xF7,0x1C,0xE7,0xCB,0x5A,0xA2,0x10,0x00,0x00,0x00,0x00,0x00,0x00,0x00,0x00,0x00,0x00,0x00,0x00,0x00,0x00,0xCB,0x5A,0x1C,0xE7,0xFF,0xFF,0x38,0xC6,0x66,0x31,0x00,0x00,0x00,0x00,0x66,0x31,0x51,0x8C,0xFF,0xFF,
	0xB6,0xB5,0x28,0x42,0x00,0x00,0x51,0x8C,0xFF,0xFF,0x9E,0xF7,0x9A,0xD6,0x9A,0xD6,0x38,0xC6,0x1C,0xE7,0xFF,0xFF,0x38,0xC6,0xCF,0x7B,0x6D,0x6B,0xB6,0xB5,0xFF,0xFF,0xCB,0x5A,0x00,0x00,0x00,0x00,0x00,0x00,0x00,0x00,0xA2,0x10,0x6D,0x6B,0x1C,0xE7,0x9E,0xF7,0xB6,0xB5,0x66,0x31,0x20,0x00,0x00,0x00,0x00,0x00,0x00,0x00,0x00,0x00,
	0x00,0x00,0x00,0x00,0x00,0x00,0x66,0x31,0x51,0x8C,0x1C,0xE7,0x9E,0xF7,0x51,0x8C,0x66,0x31,0x00,0x00,0x6D,0x6B,0xB6,0xB5,0xFF,0xFF,0x51,0x8C,0x66,0x31,0x00,0x00,0x6D,0x6B,0x38,0xC6,0x9A,0xD6,0x9A,0xD6,0x9A,0xD6,0x9A,0xD6,0x9A,0xD6,0x1C,0xE7,0xB6,0xB5,0x51,0x8C,0x51,0x8C,0x9A,0xD6,0xFF,0xFF,0xCB,0x5A,0x00,0x00,0x00,0x00,
	0x00,0x00,0xA2,0x10,0xCB,0x5A,0xB6,0xB5,0xFF,0xFF,0x38,0xC6,0xCB,0x5A,0x20,0x00,0x00,0x00,0x00,0x00,0x00,0x00,0x00,0x00,0x00,0x00,0x00,0x00,0x00,0x00,0x00,0x00,0x20,0x00,0x66,0x31,0x38,0xC6,0xFF,0xFF,0x1C,0xE7,0xCB,0x5A,0x20,0x00,0xB6,0xB5,0x1C,0xE7,0x9E,0xF7,0xCB,0x5A,0x20,0x00,0x00,0x00,0x20,0x00,0xA2,0x10,0xA2,0x10,
	0xA2,0x10,0xA2,0x10,0xA2,0x10,0x66,0x31,0xCB,0x5A,0x14,0xA5,0x38,0xC6,0x1C,0xE7,0xFF,0xFF,0x9E,0xF7,0xCB,0x5A,0x00,0x00,0x00,0x00,0x00,0x00,0x66,0x31,0x38,0xC6,0xFF,0xFF,0x9E,0xF7,0x6D,0x6B,0x20,0x00,0x00,0x00,0x00,0x00,0x00,0x00,0x00,0x00,0x00,0x00,0x00,0x00,0x00,0x00,0x00,0x00,0x00,0x00,0x00,0x00,0xA2,0x10,0x14,0xA5,
	0xFF,0xFF,0xFF,0xFF,0xCF,0x7B,0xA2,0x10,0xCF,0x7B,0x14,0xA5,0x14,0xA5,0x66,0x31,0x00,0x00,0x00,0x00,0x00,0x00,0x00,0x00,0x00,0x00,0x00,0x00,0x00,0x00,0x00,0x00,0x00,0x00,0x66,0x31,0xCF,0x7B,0xB6,0xB5,0x38,0xC6,0xB6,0xB5,0x51,0x8C,0x66,0x31,0x00,0x00,0x00,0x00,0x00,0x00,0xA2,0x10,0x6D,0x6B,0x14,0xA5,0x14,0xA5,0x66,0x31,
	0x00,0x00,0x00,0x00,0x00,0x00,0x00,0x00,0x00,0x00,0x00,0x00,0x00,0x00,0x00,0x00,0x00,0x00,0x00,0x00,0x00,0x00,0x20,0x00,0xCB,0x5A,0x51,0x8C,0x51,0x8C,0x28,0x42,0x20,0x00,0x66,0x31,0x28,0x42,0x28,0x42,0xA2,0x10,0x00,0x00,0x00,0x00,0x00,0x00,0x00,0x00,0x00,0x00,0x00,0x00,0x00,0x00,0x00,0x00,0x00,0x00,0xA2,0x10,0x28,0x42,
	0x6D,0x6B,0x6D,0x6B,0x28,0x42,0xA2,0x10,0x20,0x00,0x00,0x00,0x00,0x00,0x00,0x00,0x00,0x00,0xA2,0x10,0x66,0x31,0x28,0x42,0xA2,0x10,0x00,0x00,0x00,0x00,0x00,0x00,0x00,0x00,0x00,0x00,0x00,0x00,0x00,0x00,0x00,0x00,0x00,0x00,0x00,0x00,0x00,0x00,0x00,0x00,0x66,0x31,0x66,0x31,0xA2,0x10,0x20,0x00,0x00,0x00,

	// Alpha Channel 
	0xFF,0xFF,0xFF,0x00,0x00,0x00,0x00,0x00,0x00,0x00,0x00,0x00,0x00,0x00,0x00,0x00,0x00,0x00,0x00,0x00,0x00,0x00,0x00,0x00,0x00,0x00,0x00,0x00,0x00,0x00,0x00,0x00,0xFF,0xFF,0xFF,0xFF,0x00,0x00,0x00,0x00,0x00,0x00,0x00,0x00,0x00,0x00,0xFF,0xFF,0xFF,0xFF,0xFF,0xFF,0xFF,0xFF,0xFF,0xFF,0xFF,0xFF,0xFF,0xFF,0xFF,0xFF,0xFF,0xFF,
	0xFF,0x00,0x00,0x00,0x00,0x00,0x00,0x00,0x00,0x00,0x00,0xFF,0xFF,0xFF,0xFF,0xFF,0xFF,0x00,0x00,0x00,0x00,0x00,0x00,0x00,0x00,0x00,0x00,0xFF,0xFF,0xFF,0xFF,0xFF,0xFF,0xFF,0xFF,0xFF,0xFF,0xFF,0xFF,0xFF,0xFF,0xFF,0xFF,0xFF,0xFF,0xFF,0x00,0x00,0x00,0x00,0x00,0x00,0x00,0x00,0x00,0x00,0xFF,0xFF,0xFF,0xFF,0xFF,0xFF,0x00,0x00,
	0x00,0x00,0x00,0x00,0x00,0x00,0x00,0x00,0xFF,0xFF,0xFF,0xFF,0xFF,0xFF,0xFF,0xFF,0xFF,0xFF,0xFF,0xFF,0xFF,0xFF,0xFF,0xFF,0xFF,0xFF,0xFF,0x00,0x00,0x00,0x00,0x00,0x00,0x00,0x00,0x00,0x00,0x00,0xFF,0xFF,0xFF,0xFF,0xFF,0x00,0x00,0x00,0x00,0x00,0x00,0x00,0x00,0x00,0x00,0xFF,0xFF,0xFF,0xFF,0xFF,0xFF,0xFF,0xFF,0xFF,0xFF,0xFF,
	0xFF,0xFF,0xFF,0xFF,0xFF,0xFF,0xFF,0xFF,0x00,0x00,0xFF,0xFF,0xFF,0xFF,0xFF,0xFF,0xFF,0xFF,0xFF,0xFF,0xFF,0xFF,0xFF,0xFF,0xFF,0xFF,0xFF,0xFF,0xFF,0xFF,0xFF,0xFF,0xFF,0x00,0xFF,0xFF,0xFF,0xFF,0xFF,0xFF,0xFF,0xFF,0xFF,0xFF,0xFF,0xFF,0xFF,0xFF,0xFF,0xFF,0xFF,0xFF,0xFF,0x00,0x00,0xFF,0xFF,0xFF,0xFF,0xFF,0xFF,0xFF,0xFF,0xFF,
	0xFF,0xFF,0xFF,0xFF,0xFF,0xFF,0xFF,0xFF,0xFF,0xFF,0xFF,0xFF,0xFF,0xFF,0x00,0xFF,0xFF,0xFF,0xFF,0xFF,0xFF,0xFF,0xFF,0xFF,0xFF,0xFF,0xFF,0xFF,0xFF,0xFF,0xFF,0xFF,0xFF,0xFF,0x00,0x00,0xFF,0xFF,0xFF,0xFF,0xFF,0xFF,0xFF,0xFF,0xFF,0xFF,0xFF,0xFF,0xFF,0xFF,0xFF,0xFF,0xFF,0xFF,0xFF,0xFF,0xFF,0xFF,0xFF,0x00,0xFF,0xFF,0xFF,0xFF,
	0xFF,0xFF,0xFF,0xFF,0xFF,0xFF,0xFF,0xFF,0xFF,0xFF,0xFF,0xFF,0xFF,0xFF,0xFF,0x00,0x00,0xFF,0xFF,0xFF,0xFF,0xFF,0xFF,0xFF,0xFF,0xFF,0xFF,0xFF,0xFF,0xFF,0xFF,0xFF,0xFF,0xFF,0xFF,0xFF,0xFF,0xFF,0xFF,0xFF,0x00,0xFF,0xFF,0xFF,0xFF,0xFF,0x00,0xFF,0xFF,0xFF,0xFF,0xFF,0xFF,0xFF,0xFF,0xFF,0xFF,0xFF,0xFF,0xFF,0x00,0x00,0x00,0xFF,
	0xFF,0xFF,0xFF,0xFF,0xFF,0xFF,0xFF,0xFF,0xFF,0xFF,0xFF,0xFF,0xFF,0xFF,0xFF,0xFF,0xFF,0xFF,0xFF,0xFF,0xFF,0x00,0xFF,0xFF,0xFF,0xFF,0xFF,0xFF,0xFF,0xFF,0xFF,0xFF,0xFF,0xFF,0xFF,0xFF,0xFF,0xFF,0xFF,0xFF,0xFF,0x00,0x00,0x00,0x00,0x00,0x00,0x00,0x00,0x00,0xFF,0xFF,0xFF,0x00,0x00,0x00,0xFF,0xFF,0xFF,0xFF,0x00,0x00,0x00,0x00,
	0x00,0x00,0x00,0xFF,0xFF,0xFF,0xFF,0xFF,0xFF,0xFF,0xFF,0xFF,0xFF,0xFF,0xFF,0xFF,0xFF,0xFF,0xFF,0xFF,0xFF,0xFF,0x00,0x00,0x00,0x00,0x00,0x00,0x00,0x00,0xFF,0xFF,0xFF,0xFF,0xFF,0x00,0x00,0xFF,0xFF,0xFF,0xFF,0xFF,0xFF,0x00,0x00,0x00,0x00,0x00,0xFF,0xFF,0xFF,0xFF,0xFF,0xFF,0xFF,0xFF,0xFF,0xFF,0xFF,0xFF,0xFF,0xFF,0xFF,0xFF,
	0xFF,0xFF,0xFF,0x00,0x00,0x00,0x00,0x00,0x00,0x00,0x00,0xFF,0xFF,0xFF,0xFF,0xFF,0x00,0x00,0xFF,0xFF,0xFF,0xFF,0xFF,0xFF,0x00,0x00,0x00,0x00,0x00,0xFF,0xFF,0xFF,0xFF,0xFF,0xFF,0xFF,0xFF,0xFF,0xFF,0xFF,0xFF,0xFF,0xFF,0xFF,0xFF,0xFF,0xFF,0xFF,0x00,0x00,0x00,0x00,0x00,0x00,0x00,0xFF,0xFF,0xFF,0xFF,0xFF,0xFF,0x00,0x00,0xFF,
	0xFF,0xFF,0xFF,0xFF,0xFF,0x00,0x00,0x00,0x00,0x00,0xFF,0xFF,0xFF,0xFF,0x00,0xFF,0xFF,0xFF,0xFF,0xFF,0xFF,0xFF,0xFF,0xFF,0xFF,0xFF,0xFF,0xFF,0xFF,0x00,0x00,0x00,0x00,0x00,0x00,0x00,0xFF,0xFF,0xFF,0xFF,0xFF,0xFF,0x00,0x00,0x00,0xFF,0xFF,0xFF,0xFF,0xFF,0xFF,0x00,0x00,0x00,0x00,0xFF,0xFF,0xFF,0xFF,0x00,0xFF,0xFF,0xFF,0xFF,
	0xFF,0xFF,0xFF,0xFF,0xFF,0xFF,0xFF,0xFF,0xFF,0xFF,0x00,0x00,0x00,0x00,0x00,0x00,0xFF,0xFF,0xFF,0xFF,0xFF,0xFF,0x00,0x00,0x00,0x00,0xFF,0xFF,0xFF,0xFF,0xFF,0xFF,0x00,0x00,0x00,0x00,0xFF,0xFF,0xFF,0xFF,0x00,0xFF,0xFF,0xFF,0xFF,0xFF,0xFF,0xFF,0xFF,0xFF,0xFF,0xFF,0xFF,0xFF,0xFF,0x00,0x00,0x00,0x00,0x00,0xFF,0xFF,0xFF,0xFF,
	0xFF,0xFF,0x00,0x00,0x00,0x00,0x00,0xFF,0xFF,0xFF,0xFF,0xFF,0xFF,0xFF,0x00,0x00,0x00,0xFF,0xFF,0xFF,0xFF,0x00,0xFF,0xFF,0xFF,0xFF,0xFF,0xFF,0xFF,0xFF,0xFF,0xFF,0xFF,0xFF,0xFF,0xFF,0x00,0x00,0x00,0x00,0x00,0xFF,0xFF,0xFF,0xFF,0xFF,0xFF,0x00,0x00,0x00,0x00,0x00,0x00,0x00,0xFF,0xFF,0xFF,0xFF,0xFF,0x00,0x00,0xFF,0xFF,0xFF,
	0xFF,0xFF,0x00,0xFF,0xFF,0xFF,0xFF,0xFF,0xFF,0xFF,0xFF,0xFF,0xFF,0xFF,0xFF,0xFF,0xFF,0x00,0x00,0x00,0x00,0xFF,0xFF,0xFF,0xFF,0xFF,0xFF,0xFF,0x00,0x00,0x00,0x00,0x00,0x00,0x00,0xFF,0xFF,0xFF,0xFF,0xFF,0xFF,0x00,0xFF,0xFF,0xFF,0xFF,0xFF,0x00,0xFF,0xFF,0xFF,0xFF,0xFF,0xFF,0xFF,0xFF,0xFF,0xFF,0xFF,0xFF,0xFF,0xFF,0x00,0x00,
	0x00,0xFF,0xFF,0xFF,0xFF,0xFF,0xFF,0xFF,0x00,0x00,0x00,0x00,0x00,0x00,0x00,0x00,0xFF,0xFF,0xFF,0xFF,0xFF,0xFF,0xFF,0xFF,0xFF,0xFF,0xFF,0xFF,0x00,0xFF,0xFF,0xFF,0xFF,0xFF,0xFF,0xFF,0xFF,0xFF,0xFF,0xFF,0xFF,0xFF,0xFF,0x00,0x00,0x00,0xFF,0xFF,0xFF,0xFF,0xFF,0xFF,0x00,0x00,0x00,0x00,0x00,0x00,0x00,0x00,0x00,0x00,0xFF,0xFF,
	0xFF,0xFF,0xFF,0xFF,0xFF,0xFF,0xFF,0xFF,0x00,0x00,0x00,0x00,0x00,0x00,0x00,0x00,0x00,0xFF,0xFF,0xFF,0xFF,0xFF,0xFF,0xFF,0x00,0x00,0x00,0xFF,0xFF,0xFF,0xFF,0xFF,0x00,0x00,0x00,0x00,0x00,0x00,0x00,0x00,0x00,0x00,0x00,0xFF,0xFF,0xFF,0xFF,0xFF,0xFF,0xFF,0xFF,0xFF,0xFF,0x00,0x00,0x00,0x00,0x00,0x00,0x00,0x00,0x00,0xFF,0xFF,
	0xFF,0xFF,0xFF,0xFF,0xFF,0x00,0x00,0x00,0x00,0xFF,0xFF,0xFF,0xFF,0x00,0x00,0x00,0x00,0x00,0x00,0x00,0x00,0x00,0x00,0x00,0x00,0xFF,0xFF,0xFF,0xFF,0x00,
    };
        


const lv_img_dsc_t face_228_390_dial_img_7_228194_5 = {
    .header.magic = LV_IMAGE_HEADER_MAGIC,
    .header.w = 45,
    .header.h = 22,
    .data_size = sizeof(face_228_390_dial_img_7_228194_data_5),
    .header.cf = LV_COLOR_FORMAT_RGB565A8,
    .data = face_228_390_dial_img_7_228194_data_5};

    
// LVGL 9 format (RGB565) // LVGL_9 compatible 
const LV_ATTRIBUTE_MEM_ALIGN uint8_t face_228_390_dial_img_7_228194_data_6[] = {
	//RGB565 data 
	0x20,0x00,0x20,0x00,0x20,0x00,0x00,0x00,0x00,0x00,0x00,0x00,0x00,0x00,0x00,0x00,0x00,0x00,0x00,0x00,0x00,0x00,0x00,0x00,0x00,0x00,0x00,0x00,0x00,0x00,0x00,0x00,0x00,0x00,0x00,0x00,0x00,0x00,0x00,0x00,0x00,0x00,0x00,0x00,0x00,0x00,0x00,0x00,0x20,0x00,0x20,0x00,0x00,0x00,0x00,0x00,0x00,0x00,0x00,0x00,0x00,0x00,0x00,0x00,
	0x00,0x00,0x00,0x00,0x00,0x00,0x00,0x00,0x00,0x00,0x00,0x00,0x00,0x00,0x00,0x00,0x00,0x00,0x00,0x00,0x00,0x00,0x00,0x00,0x00,0x00,0x00,0x00,0xA2,0x10,0x66,0x31,0xCB,0x5A,0x6D,0x6B,0xCF,0x7B,0xCF,0x7B,0xCF,0x7B,0xCF,0x7B,0xCF,0x7B,0x6D,0x6B,0x6D,0x6B,0xCF,0x7B,0xCF,0x7B,0x6D,0x6B,0x6D,0x6B,0x6D,0x6B,0x6D,0x6B,0x6D,0x6B,
	0x66,0x31,0x00,0x00,0x00,0x00,0x00,0x00,0x00,0x00,0x00,0x00,0xA2,0x10,0x66,0x31,0x28,0x42,0xCB,0x5A,0xCB,0x5A,0xCB,0x5A,0xCB,0x5A,0xCB,0x5A,0xCB,0x5A,0xCB,0x5A,0xCB,0x5A,0xCB,0x5A,0xCB,0x5A,0xCB,0x5A,0x28,0x42,0x28,0x42,0x66,0x31,0x00,0x00,0x00,0x00,0x00,0x00,0x00,0x00,0x66,0x31,0x51,0x8C,0x1C,0xE7,0xFF,0xFF,0xFF,0xFF,
	0xFF,0xFF,0xFF,0xFF,0xFF,0xFF,0xFF,0xFF,0xFF,0xFF,0xFF,0xFF,0xFF,0xFF,0xFF,0xFF,0xFF,0xFF,0xFF,0xFF,0xFF,0xFF,0xFF,0xFF,0xFF,0xFF,0xCB,0x5A,0x00,0x00,0x00,0x00,0x00,0x00,0x00,0x00,0x00,0x00,0x66,0x31,0x51,0x8C,0xB6,0xB5,0x38,0xC6,0x38,0xC6,0x38,0xC6,0x38,0xC6,0x38,0xC6,0x38,0xC6,0x38,0xC6,0x38,0xC6,0x38,0xC6,0x38,0xC6,
	0x38,0xC6,0x38,0xC6,0xB6,0xB5,0x6D,0x6B,0x20,0x00,0x00,0x00,0x00,0x00,0x00,0x00,0x66,0x31,0x51,0x8C,0x9E,0xF7,0x9E,0xF7,0xB6,0xB5,0x14,0xA5,0x14,0xA5,0x14,0xA5,0x9A,0xD6,0xFF,0xFF,0x1C,0xE7,0x38,0xC6,0x14,0xA5,0x14,0xA5,0xB6,0xB5,0x38,0xC6,0x9E,0xF7,0xFF,0xFF,0xCB,0x5A,0x00,0x00,0x00,0x00,0x00,0x00,0x00,0x00,0x00,0x00,
	0x28,0x42,0xB6,0xB5,0x1C,0xE7,0xFF,0xFF,0xFF,0xFF,0xFF,0xFF,0xFF,0xFF,0xFF,0xFF,0xFF,0xFF,0xFF,0xFF,0xFF,0xFF,0xFF,0xFF,0xFF,0xFF,0xFF,0xFF,0x9E,0xF7,0x9A,0xD6,0xCF,0x7B,0x20,0x00,0x00,0x00,0x00,0x00,0x00,0x00,0x66,0x31,0x51,0x8C,0x9E,0xF7,0x1C,0xE7,0xCB,0x5A,0xCB,0x5A,0xCF,0x7B,0x6D,0x6B,0xB6,0xB5,0xFF,0xFF,0x9A,0xD6,
	0x14,0xA5,0xCF,0x7B,0x6D,0x6B,0x6D,0x6B,0x51,0x8C,0x9A,0xD6,0xFF,0xFF,0xCB,0x5A,0x00,0x00,0x00,0x00,0x00,0x00,0x00,0x00,0x00,0x00,0x28,0x42,0x38,0xC6,0xFF,0xFF,0x9E,0xF7,0xB6,0xB5,0xB6,0xB5,0xB6,0xB5,0xB6,0xB5,0xB6,0xB5,0xB6,0xB5,0xB6,0xB5,0xB6,0xB5,0xB6,0xB5,0x38,0xC6,0x9E,0xF7,0x1C,0xE7,0x51,0x8C,0x20,0x00,0x00,0x00,
	0x00,0x00,0x00,0x00,0x66,0x31,0x51,0x8C,0x9E,0xF7,0x9A,0xD6,0x66,0x31,0x28,0x42,0x51,0x8C,0xCF,0x7B,0xB6,0xB5,0xFF,0xFF,0x1C,0xE7,0xB6,0xB5,0x51,0x8C,0x6D,0x6B,0xCB,0x5A,0xCF,0x7B,0x38,0xC6,0xFF,0xFF,0xCB,0x5A,0x00,0x00,0x00,0x00,0x00,0x00,0x00,0x00,0x00,0x00,0x28,0x42,0xB6,0xB5,0xFF,0xFF,0x9A,0xD6,0xA2,0x10,0x00,0x00,
	0x00,0x00,0x00,0x00,0x00,0x00,0x00,0x00,0x00,0x00,0x00,0x00,0x00,0x00,0xCB,0x5A,0x38,0xC6,0x9A,0xD6,0x51,0x8C,0x20,0x00,0x00,0x00,0x00,0x00,0x00,0x00,0x66,0x31,0x51,0x8C,0x9E,0xF7,0x9A,0xD6,0x28,0x42,0x51,0x8C,0x1C,0xE7,0x1C,0xE7,0x9E,0xF7,0xFF,0xFF,0x9E,0xF7,0x9E,0xF7,0x1C,0xE7,0x38,0xC6,0x14,0xA5,0xCF,0x7B,0xB6,0xB5,
	0xFF,0xFF,0xCB,0x5A,0x00,0x00,0x00,0x00,0x00,0x00,0x00,0x00,0x00,0x00,0x28,0x42,0xB6,0xB5,0xFF,0xFF,0x9A,0xD6,0xA2,0x10,0x00,0x00,0x00,0x00,0x00,0x00,0x00,0x00,0x00,0x00,0x00,0x00,0x00,0x00,0x00,0x00,0x28,0x42,0x38,0xC6,0x9A,0xD6,0x51,0x8C,0x20,0x00,0x00,0x00,0x00,0x00,0x00,0x00,0x66,0x31,0x51,0x8C,0x9E,0xF7,0x9A,0xD6,
	0x66,0x31,0xCF,0x7B,0x38,0xC6,0x38,0xC6,0x1C,0xE7,0xFF,0xFF,0x9E,0xF7,0x1C,0xE7,0x38,0xC6,0xB6,0xB5,0x51,0x8C,0xCF,0x7B,0xB6,0xB5,0xFF,0xFF,0xCB,0x5A,0x00,0x00,0x00,0x00,0x00,0x00,0x00,0x00,0x00,0x00,0x28,0x42,0xB6,0xB5,0xFF,0xFF,0x9A,0xD6,0xA2,0x10,0x00,0x00,0x00,0x00,0x00,0x00,0x00,0x00,0x00,0x00,0x00,0x00,0x00,0x00,
	0x00,0x00,0xCB,0x5A,0x38,0xC6,0x9A,0xD6,0x51,0x8C,0x20,0x00,0x00,0x00,0x00,0x00,0x00,0x00,0x66,0x31,0x51,0x8C,0x9E,0xF7,0x38,0xC6,0x20,0x00,0x00,0x00,0x20,0x00,0x20,0x00,0x6D,0x6B,0xFF,0xFF,0x38,0xC6,0xCB,0x5A,0x20,0x00,0x20,0x00,0x20,0x00,0xCB,0x5A,0x38,0xC6,0xFF,0xFF,0xCB,0x5A,0x00,0x00,0x00,0x00,0x00,0x00,0x00,0x00,
	0x00,0x00,0x28,0x42,0xB6,0xB5,0xFF,0xFF,0x9A,0xD6,0xA2,0x10,0x00,0x00,0x00,0x00,0x00,0x00,0x00,0x00,0x00,0x00,0x00,0x00,0x00,0x00,0x00,0x00,0x28,0x42,0x38,0xC6,0x9A,0xD6,0x51,0x8C,0x20,0x00,0x00,0x00,0x00,0x00,0x00,0x00,0x66,0x31,0x51,0x8C,0x9E,0xF7,0x1C,0xE7,0xCF,0x7B,0xCF,0x7B,0x51,0x8C,0x51,0x8C,0x38,0xC6,0xFF,0xFF,
	0x9E,0xF7,0xB6,0xB5,0x51,0x8C,0x51,0x8C,0x51,0x8C,0x14,0xA5,0x9A,0xD6,0xFF,0xFF,0xCB,0x5A,0x00,0x00,0x00,0x00,0x00,0x00,0x00,0x00,0x00,0x00,0x28,0x42,0xB6,0xB5,0xFF,0xFF,0x1C,0xE7,0xCF,0x7B,0x6D,0x6B,0x6D,0x6B,0x6D,0x6B,0x6D,0x6B,0x6D,0x6B,0x6D,0x6B,0x6D,0x6B,0x6D,0x6B,0x14,0xA5,0x1C,0xE7,0x9A,0xD6,0x51,0x8C,0x20,0x00,
	0x00,0x00,0x00,0x00,0x00,0x00,0x66,0x31,0x51,0x8C,0x1C,0xE7,0x9E,0xF7,0xB6,0xB5,0x9A,0xD6,0x9E,0xF7,0x9E,0xF7,0x9E,0xF7,0x1C,0xE7,0x1C,0xE7,0x9E,0xF7,0x9E,0xF7,0x9E,0xF7,0x9E,0xF7,0x38,0xC6,0x1C,0xE7,0xFF,0xFF,0xCB,0x5A,0x00,0x00,0x00,0x00,0x00,0x00,0x00,0x00,0x00,0x00,0x28,0x42,0xB6,0xB5,0x9E,0xF7,0xFF,0xFF,0x9A,0xD6,
	0x38,0xC6,0x38,0xC6,0x38,0xC6,0x38,0xC6,0x38,0xC6,0x38,0xC6,0x38,0xC6,0x38,0xC6,0x1C,0xE7,0x9E,0xF7,0x1C,0xE7,0x51,0x8C,0x20,0x00,0x00,0x00,0x00,0x00,0x00,0x00,0x28,0x42,0xB6,0xB5,0x9E,0xF7,0x9A,0xD6,0xCB,0x5A,0x28,0x42,0xCB,0x5A,0xCB,0x5A,0xCB,0x5A,0x28,0x42,0xCB,0x5A,0xCB,0x5A,0xCB,0x5A,0xCB,0x5A,0xCB,0x5A,0x51,0x8C,
	0x38,0xC6,0xFF,0xFF,0xCB,0x5A,0x00,0x00,0x00,0x00,0x00,0x00,0x00,0x00,0x00,0x00,0x28,0x42,0xB6,0xB5,0x9E,0xF7,0xFF,0xFF,0x9A,0xD6,0x38,0xC6,0x38,0xC6,0x38,0xC6,0x38,0xC6,0x38,0xC6,0x38,0xC6,0x38,0xC6,0x38,0xC6,0x1C,0xE7,0x9E,0xF7,0x1C,0xE7,0x51,0x8C,0x20,0x00,0x00,0x00,0x00,0x00,0x00,0x00,0x28,0x42,0xB6,0xB5,0x1C,0xE7,
	0x14,0xA5,0xA2,0x10,0x28,0x42,0x51,0x8C,0x51,0x8C,0x51,0x8C,0x51,0x8C,0x51,0x8C,0x51,0x8C,0x51,0x8C,0x6D,0x6B,0xCB,0x5A,0x6D,0x6B,0x38,0xC6,0xFF,0xFF,0xCB,0x5A,0x00,0x00,0x00,0x00,0x00,0x00,0x00,0x00,0x00,0x00,0x28,0x42,0xB6,0xB5,0xFF,0xFF,0x1C,0xE7,0xCF,0x7B,0x6D,0x6B,0x6D,0x6B,0x6D,0x6B,0x6D,0x6B,0x6D,0x6B,0x6D,0x6B,
	0x6D,0x6B,0x6D,0x6B,0x14,0xA5,0x1C,0xE7,0x9A,0xD6,0x51,0x8C,0x20,0x00,0x00,0x00,0x00,0x00,0x00,0x00,0x28,0x42,0x38,0xC6,0x9A,0xD6,0xCF,0x7B,0x00,0x00,0x51,0x8C,0xFF,0xFF,0xFF,0xFF,0xFF,0xFF,0xFF,0xFF,0xFF,0xFF,0xFF,0xFF,0xFF,0xFF,0x38,0xC6,0xCF,0x7B,0xCF,0x7B,0xB6,0xB5,0xFF,0xFF,0xCB,0x5A,0x00,0x00,0x00,0x00,0x00,0x00,
	0x00,0x00,0x00,0x00,0x28,0x42,0xB6,0xB5,0xFF,0xFF,0x9A,0xD6,0xA2,0x10,0x00,0x00,0x00,0x00,0x00,0x00,0x00,0x00,0x00,0x00,0x00,0x00,0x00,0x00,0x00,0x00,0x28,0x42,0x38,0xC6,0x9A,0xD6,0x51,0x8C,0x20,0x00,0x00,0x00,0x00,0x00,0x00,0x00,0x28,0x42,0x38,0xC6,0x9A,0xD6,0x51,0x8C,0x00,0x00,0x51,0x8C,0xFF,0xFF,0x9A,0xD6,0xB6,0xB5,
	0x14,0xA5,0x14,0xA5,0x38,0xC6,0xFF,0xFF,0x38,0xC6,0xCF,0x7B,0xCF,0x7B,0xB6,0xB5,0xFF,0xFF,0xCB,0x5A,0x00,0x00,0x00,0x00,0x00,0x00,0x00,0x00,0x00,0x00,0x28,0x42,0xB6,0xB5,0xFF,0xFF,0x9A,0xD6,0xA2,0x10,0x00,0x00,0x00,0x00,0x00,0x00,0x00,0x00,0x00,0x00,0x00,0x00,0x00,0x00,0x00,0x00,0xCB,0x5A,0x38,0xC6,0x9A,0xD6,0x51,0x8C,
	0x20,0x00,0x00,0x00,0x00,0x00,0x00,0x00,0x28,0x42,0x9A,0xD6,0x9A,0xD6,0xCF,0x7B,0x00,0x00,0x51,0x8C,0xFF,0xFF,0x14,0xA5,0x6D,0x6B,0xCB,0x5A,0x28,0x42,0x51,0x8C,0xFF,0xFF,0x38,0xC6,0xCF,0x7B,0xCF,0x7B,0xB6,0xB5,0xFF,0xFF,0xCB,0x5A,0x00,0x00,0x00,0x00,0x00,0x00,0x00,0x00,0x00,0x00,0x28,0x42,0xB6,0xB5,0xFF,0xFF,0x9A,0xD6,
	0xA2,0x10,0x00,0x00,0x00,0x00,0x00,0x00,0x00,0x00,0x00,0x00,0x00,0x00,0x00,0x00,0x00,0x00,0xCB,0x5A,0x38,0xC6,0x9A,0xD6,0x51,0x8C,0x20,0x00,0x00,0x00,0x00,0x00,0x00,0x00,0xCB,0x5A,0x9E,0xF7,0x9A,0xD6,0x6D,0x6B,0x00,0x00,0x51,0x8C,0xFF,0xFF,0x51,0x8C,0xCB,0x5A,0x28,0x42,0x66,0x31,0x6D,0x6B,0x9E,0xF7,0x38,0xC6,0xCF,0x7B,
	0xCF,0x7B,0xB6,0xB5,0xFF,0xFF,0xCB,0x5A,0x00,0x00,0x00,0x00,0x00,0x00,0x00,0x00,0x00,0x00,0x28,0x42,0xB6,0xB5,0xFF,0xFF,0x9A,0xD6,0xA2,0x10,0x00,0x00,0x00,0x00,0x00,0x00,0x00,0x00,0x00,0x00,0x00,0x00,0x00,0x00,0x00,0x00,0xCB,0x5A,0x38,0xC6,0x9A,0xD6,0x51,0x8C,0x20,0x00,0x00,0x00,0x00,0x00,0x66,0x31,0x51,0x8C,0xFF,0xFF,
	0xB6,0xB5,0x28,0x42,0x00,0x00,0x51,0x8C,0xFF,0xFF,0x9E,0xF7,0x9A,0xD6,0x9A,0xD6,0x38,0xC6,0x1C,0xE7,0xFF,0xFF,0x38,0xC6,0xCF,0x7B,0x6D,0x6B,0xB6,0xB5,0xFF,0xFF,0xCB,0x5A,0x00,0x00,0x00,0x00,0x00,0x00,0x00,0x00,0x00,0x00,0x28,0x42,0xB6,0xB5,0xFF,0xFF,0x1C,0xE7,0xCB,0x5A,0x28,0x42,0x28,0x42,0x28,0x42,0x28,0x42,0x28,0x42,
	0x28,0x42,0x28,0x42,0x28,0x42,0x51,0x8C,0x9A,0xD6,0x9A,0xD6,0x51,0x8C,0x20,0x00,0x00,0x00,0x00,0x00,0x6D,0x6B,0xB6,0xB5,0xFF,0xFF,0x51,0x8C,0x66,0x31,0x00,0x00,0x6D,0x6B,0x38,0xC6,0x9A,0xD6,0x9A,0xD6,0x9A,0xD6,0x9A,0xD6,0x9A,0xD6,0x1C,0xE7,0xB6,0xB5,0x51,0x8C,0x51,0x8C,0x9A,0xD6,0xFF,0xFF,0xCB,0x5A,0x00,0x00,0x00,0x00,
	0x00,0x00,0x00,0x00,0x00,0x00,0x28,0x42,0x38,0xC6,0xFF,0xFF,0x9E,0xF7,0xB6,0xB5,0x14,0xA5,0xB6,0xB5,0xB6,0xB5,0xB6,0xB5,0xB6,0xB5,0xB6,0xB5,0xB6,0xB5,0x14,0xA5,0x38,0xC6,0x9E,0xF7,0x1C,0xE7,0x51,0x8C,0x20,0x00,0x00,0x00,0x00,0x00,0xB6,0xB5,0x1C,0xE7,0x9E,0xF7,0xCB,0x5A,0x20,0x00,0x00,0x00,0x20,0x00,0xA2,0x10,0xA2,0x10,
	0xA2,0x10,0xA2,0x10,0xA2,0x10,0x66,0x31,0xCB,0x5A,0x14,0xA5,0x38,0xC6,0x1C,0xE7,0xFF,0xFF,0x9E,0xF7,0xCB,0x5A,0x00,0x00,0x00,0x00,0x00,0x00,0x00,0x00,0x00,0x00,0x28,0x42,0x38,0xC6,0x9E,0xF7,0xFF,0xFF,0xFF,0xFF,0xFF,0xFF,0xFF,0xFF,0xFF,0xFF,0xFF,0xFF,0xFF,0xFF,0xFF,0xFF,0xFF,0xFF,0xFF,0xFF,0xFF,0xFF,0xFF,0xFF,0x1C,0xE7,
	0x51,0x8C,0x20,0x00,0x00,0x00,0x00,0x00,0xCF,0x7B,0x51,0x8C,0x14,0xA5,0x66,0x31,0x00,0x00,0x00,0x00,0x00,0x00,0x00,0x00,0x00,0x00,0x00,0x00,0x00,0x00,0x00,0x00,0x00,0x00,0x66,0x31,0x6D,0x6B,0x14,0xA5,0xB6,0xB5,0x14,0xA5,0xCF,0x7B,0x66,0x31,0x00,0x00,0x00,0x00,0x00,0x00,0x00,0x00,0x00,0x00,0x66,0x31,0x6D,0x6B,0x51,0x8C,
	0x51,0x8C,0x51,0x8C,0x14,0xA5,0x14,0xA5,0x14,0xA5,0x14,0xA5,0x14,0xA5,0x14,0xA5,0x14,0xA5,0x14,0xA5,0x51,0x8C,0x51,0x8C,0xCF,0x7B,0x28,0x42,0x20,0x00,0x00,0x00,0x00,0x00,0x66,0x31,0x28,0x42,0xCB,0x5A,0xA2,0x10,0x00,0x00,0x00,0x00,0x00,0x00,0x00,0x00,0x00,0x00,0x00,0x00,0x00,0x00,0x00,0x00,0x20,0x00,0xA2,0x10,0xCB,0x5A,
	0x51,0x8C,0x51,0x8C,0xCB,0x5A,0x66,0x31,0x20,0x00,0x00,0x00,0x00,0x00,0x00,0x00,0x00,0x00,0x00,0x00,0x20,0x00,0x66,0x31,0x66,0x31,0x66,0x31,0x66,0x31,0x66,0x31,0x66,0x31,0x66,0x31,0x66,0x31,0x66,0x31,0x66,0x31,0x66,0x31,0x66,0x31,0x66,0x31,0x66,0x31,0x66,0x31,0xA2,0x10,0x00,0x00,0x00,0x00,0x00,0x00,

	// Alpha Channel 
	0xFF,0xFF,0xFF,0x00,0x00,0x00,0x00,0x00,0x00,0x00,0x00,0x00,0x00,0x00,0x00,0x00,0x00,0x00,0x00,0x00,0x00,0x00,0x00,0x00,0xFF,0xFF,0x00,0x00,0x00,0x00,0x00,0x00,0x00,0x00,0x00,0x00,0x00,0x00,0x00,0x00,0x00,0x00,0x00,0x00,0x00,0x00,0xFF,0xFF,0xFF,0xFF,0xFF,0xFF,0xFF,0xFF,0xFF,0xFF,0xFF,0xFF,0xFF,0xFF,0xFF,0xFF,0xFF,0xFF,
	0xFF,0x00,0x00,0x00,0x00,0x00,0xFF,0xFF,0xFF,0xFF,0xFF,0xFF,0xFF,0xFF,0xFF,0xFF,0xFF,0xFF,0xFF,0xFF,0xFF,0xFF,0xFF,0x00,0x00,0x00,0x00,0xFF,0xFF,0xFF,0xFF,0xFF,0xFF,0xFF,0xFF,0xFF,0xFF,0xFF,0xFF,0xFF,0xFF,0xFF,0xFF,0xFF,0xFF,0xFF,0x00,0x00,0x00,0x00,0x00,0xFF,0xFF,0xFF,0xFF,0xFF,0xFF,0xFF,0xFF,0xFF,0xFF,0xFF,0xFF,0xFF,
	0xFF,0xFF,0xFF,0xFF,0xFF,0x00,0x00,0x00,0xFF,0xFF,0xFF,0xFF,0xFF,0xFF,0xFF,0xFF,0xFF,0xFF,0xFF,0xFF,0xFF,0xFF,0xFF,0xFF,0xFF,0xFF,0xFF,0x00,0x00,0x00,0x00,0x00,0xFF,0xFF,0xFF,0xFF,0xFF,0xFF,0xFF,0xFF,0xFF,0xFF,0xFF,0xFF,0xFF,0xFF,0xFF,0xFF,0xFF,0xFF,0x00,0x00,0x00,0xFF,0xFF,0xFF,0xFF,0xFF,0xFF,0xFF,0xFF,0xFF,0xFF,0xFF,
	0xFF,0xFF,0xFF,0xFF,0xFF,0xFF,0xFF,0xFF,0x00,0x00,0x00,0x00,0x00,0xFF,0xFF,0xFF,0xFF,0xFF,0xFF,0xFF,0xFF,0xFF,0xFF,0xFF,0xFF,0xFF,0xFF,0xFF,0xFF,0xFF,0xFF,0x00,0x00,0x00,0xFF,0xFF,0xFF,0xFF,0xFF,0xFF,0xFF,0xFF,0xFF,0xFF,0xFF,0xFF,0xFF,0xFF,0xFF,0xFF,0xFF,0xFF,0xFF,0x00,0x00,0x00,0x00,0x00,0xFF,0xFF,0xFF,0xFF,0xFF,0x00,
	0x00,0x00,0x00,0x00,0x00,0x00,0x00,0xFF,0xFF,0xFF,0xFF,0xFF,0x00,0x00,0x00,0xFF,0xFF,0xFF,0xFF,0xFF,0xFF,0xFF,0xFF,0xFF,0xFF,0xFF,0xFF,0xFF,0xFF,0xFF,0xFF,0xFF,0xFF,0xFF,0x00,0x00,0x00,0x00,0x00,0xFF,0xFF,0xFF,0xFF,0xFF,0x00,0x00,0x00,0x00,0x00,0x00,0x00,0x00,0xFF,0xFF,0xFF,0xFF,0xFF,0x00,0x00,0x00,0xFF,0xFF,0xFF,0xFF,
	0xFF,0xFF,0xFF,0xFF,0xFF,0xFF,0xFF,0xFF,0xFF,0xFF,0xFF,0xFF,0xFF,0xFF,0xFF,0x00,0x00,0x00,0x00,0x00,0xFF,0xFF,0xFF,0xFF,0xFF,0x00,0x00,0x00,0x00,0x00,0x00,0x00,0x00,0xFF,0xFF,0xFF,0xFF,0xFF,0x00,0x00,0x00,0xFF,0xFF,0xFF,0xFF,0xFF,0x00,0xFF,0xFF,0xFF,0xFF,0xFF,0xFF,0xFF,0xFF,0xFF,0xFF,0xFF,0xFF,0xFF,0x00,0x00,0x00,0x00,
	0x00,0xFF,0xFF,0xFF,0xFF,0xFF,0x00,0x00,0x00,0x00,0x00,0x00,0x00,0x00,0xFF,0xFF,0xFF,0xFF,0xFF,0x00,0x00,0x00,0xFF,0xFF,0xFF,0xFF,0xFF,0xFF,0xFF,0xFF,0xFF,0xFF,0xFF,0xFF,0xFF,0xFF,0xFF,0xFF,0xFF,0xFF,0xFF,0x00,0x00,0x00,0x00,0x00,0xFF,0xFF,0xFF,0xFF,0xFF,0xFF,0xFF,0xFF,0xFF,0xFF,0xFF,0xFF,0xFF,0xFF,0xFF,0xFF,0xFF,0xFF,
	0x00,0x00,0x00,0xFF,0xFF,0xFF,0xFF,0xFF,0xFF,0xFF,0xFF,0xFF,0xFF,0xFF,0xFF,0xFF,0xFF,0xFF,0xFF,0xFF,0xFF,0xFF,0x00,0x00,0x00,0x00,0x00,0xFF,0xFF,0xFF,0xFF,0xFF,0xFF,0xFF,0xFF,0xFF,0xFF,0xFF,0xFF,0xFF,0xFF,0xFF,0xFF,0xFF,0xFF,0x00,0x00,0x00,0xFF,0xFF,0xFF,0xFF,0xFF,0xFF,0xFF,0xFF,0xFF,0xFF,0xFF,0xFF,0xFF,0xFF,0xFF,0xFF,
	0xFF,0xFF,0xFF,0x00,0x00,0x00,0x00,0x00,0xFF,0xFF,0xFF,0xFF,0xFF,0xFF,0xFF,0xFF,0xFF,0xFF,0xFF,0xFF,0xFF,0xFF,0xFF,0xFF,0xFF,0xFF,0x00,0x00,0x00,0xFF,0xFF,0xFF,0xFF,0xFF,0xFF,0xFF,0xFF,0xFF,0xFF,0xFF,0xFF,0xFF,0xFF,0xFF,0xFF,0xFF,0xFF,0xFF,0x00,0x00,0x00,0x00,0x00,0xFF,0xFF,0xFF,0xFF,0xFF,0xFF,0xFF,0xFF,0xFF,0xFF,0xFF,
	0xFF,0xFF,0xFF,0xFF,0xFF,0xFF,0xFF,0x00,0x00,0x00,0xFF,0xFF,0xFF,0xFF,0x00,0xFF,0xFF,0xFF,0xFF,0xFF,0xFF,0xFF,0xFF,0xFF,0xFF,0xFF,0xFF,0xFF,0xFF,0x00,0x00,0x00,0x00,0x00,0xFF,0xFF,0xFF,0xFF,0xFF,0x00,0x00,0x00,0x00,0x00,0x00,0x00,0x00,0xFF,0xFF,0xFF,0xFF,0xFF,0x00,0x00,0x00,0xFF,0xFF,0xFF,0xFF,0x00,0xFF,0xFF,0xFF,0xFF,
	0xFF,0xFF,0xFF,0xFF,0xFF,0xFF,0xFF,0xFF,0xFF,0xFF,0x00,0x00,0x00,0x00,0x00,0xFF,0xFF,0xFF,0xFF,0xFF,0x00,0x00,0x00,0x00,0x00,0x00,0x00,0x00,0xFF,0xFF,0xFF,0xFF,0xFF,0x00,0x00,0x00,0xFF,0xFF,0xFF,0xFF,0x00,0xFF,0xFF,0xFF,0xFF,0xFF,0xFF,0xFF,0xFF,0xFF,0xFF,0xFF,0xFF,0xFF,0xFF,0x00,0x00,0x00,0x00,0x00,0xFF,0xFF,0xFF,0xFF,
	0xFF,0x00,0x00,0x00,0x00,0x00,0x00,0x00,0x00,0xFF,0xFF,0xFF,0xFF,0xFF,0x00,0x00,0x00,0xFF,0xFF,0xFF,0xFF,0x00,0xFF,0xFF,0xFF,0xFF,0xFF,0xFF,0xFF,0xFF,0xFF,0xFF,0xFF,0xFF,0xFF,0xFF,0x00,0x00,0x00,0x00,0x00,0xFF,0xFF,0xFF,0xFF,0xFF,0x00,0x00,0x00,0x00,0x00,0x00,0x00,0x00,0xFF,0xFF,0xFF,0xFF,0xFF,0x00,0x00,0xFF,0xFF,0xFF,
	0xFF,0xFF,0x00,0xFF,0xFF,0xFF,0xFF,0xFF,0xFF,0xFF,0xFF,0xFF,0xFF,0xFF,0xFF,0xFF,0xFF,0x00,0x00,0x00,0x00,0x00,0xFF,0xFF,0xFF,0xFF,0xFF,0xFF,0xFF,0xFF,0xFF,0xFF,0xFF,0xFF,0xFF,0xFF,0xFF,0xFF,0xFF,0xFF,0x00,0x00,0xFF,0xFF,0xFF,0xFF,0xFF,0x00,0xFF,0xFF,0xFF,0xFF,0xFF,0xFF,0xFF,0xFF,0xFF,0xFF,0xFF,0xFF,0xFF,0xFF,0x00,0x00,
	0x00,0x00,0x00,0xFF,0xFF,0xFF,0xFF,0xFF,0xFF,0xFF,0xFF,0xFF,0xFF,0xFF,0xFF,0xFF,0xFF,0xFF,0xFF,0xFF,0xFF,0x00,0x00,0xFF,0xFF,0xFF,0xFF,0xFF,0x00,0xFF,0xFF,0xFF,0xFF,0xFF,0xFF,0xFF,0xFF,0xFF,0xFF,0xFF,0xFF,0xFF,0xFF,0x00,0x00,0x00,0x00,0x00,0xFF,0xFF,0xFF,0xFF,0xFF,0xFF,0xFF,0xFF,0xFF,0xFF,0xFF,0xFF,0xFF,0xFF,0xFF,0xFF,
	0xFF,0xFF,0x00,0x00,0xFF,0xFF,0xFF,0xFF,0x00,0x00,0x00,0x00,0x00,0x00,0x00,0x00,0x00,0xFF,0xFF,0xFF,0xFF,0xFF,0xFF,0xFF,0x00,0x00,0x00,0x00,0x00,0xFF,0xFF,0xFF,0xFF,0xFF,0xFF,0xFF,0xFF,0xFF,0xFF,0xFF,0xFF,0xFF,0xFF,0xFF,0xFF,0xFF,0xFF,0x00,0x00,0xFF,0xFF,0xFF,0xFF,0x00,0x00,0x00,0x00,0x00,0x00,0x00,0x00,0xFF,0xFF,0xFF,
	0xFF,0xFF,0xFF,0xFF,0xFF,0x00,0x00,0x00,0x00,0x00,0xFF,0xFF,0xFF,0xFF,0xFF,0xFF,0xFF,0xFF,0xFF,0xFF,0xFF,0xFF,0xFF,0xFF,0xFF,0xFF,0xFF,0x00,0x00,0x00,
    };
        


const lv_img_dsc_t face_228_390_dial_img_7_228194_6 = {
    .header.magic = LV_IMAGE_HEADER_MAGIC,
    .header.w = 45,
    .header.h = 22,
    .data_size = sizeof(face_228_390_dial_img_7_228194_data_6),
    .header.cf = LV_COLOR_FORMAT_RGB565A8,
    .data = face_228_390_dial_img_7_228194_data_6};

    