
// File generated by bin2lvgl
// developed by fbiego. 
// https://github.com/fbiego
// Watchface: 228_390

#include "../228_390.h"

#ifndef LV_ATTRIBUTE_MEM_ALIGN
#define LV_ATTRIBUTE_MEM_ALIGN
#endif


// LVGL 9 format (RGB565) // LVGL_9 compatible 
const LV_ATTRIBUTE_MEM_ALIGN uint8_t face_228_390_dial_img_8_235158_data_0[] = {
	//RGB565 data 
	0x00,0x00,0x00,0x00,0x00,0x00,0x00,0x00,0x00,0x00,0x00,0x00,0x00,0x00,0x00,0x00,0x00,0x00,0x00,0x00,0x00,0x00,0x00,0x00,0x00,0x00,0x00,0x00,0x00,0x00,0x00,0x00,0x00,0x00,0x00,0x00,0x00,0x00,0x00,0x00,0x00,0x00,0x00,0x00,0x00,0x00,0x00,0x00,0x00,0x00,0x00,0x00,0x00,0x00,0x00,0x00,0x00,0x00,0x00,0x00,0x00,0x00,0x00,0x00,
	0x00,0x00,0x00,0x00,0x00,0x00,0x00,0x00,0x00,0x00,0x00,0x00,0x00,0x00,0x00,0x00,0x00,0x00,0x00,0x00,0x00,0x00,0x00,0x00,0x00,0x00,0x00,0x00,0x00,0x00,0x00,0x00,0x00,0x00,0x00,0x00,0x00,0x00,0x00,0x00,0x00,0x00,0x00,0x00,0x00,0x00,0x00,0x00,0x00,0x00,0x00,0x00,0x00,0x00,0x00,0x00,0x00,0x00,0x61,0x08,0x45,0x29,0x49,0x4A,
	0xCB,0x5A,0x49,0x4A,0xC3,0x18,0x00,0x00,0x00,0x00,0x00,0x00,0x00,0x00,0x00,0x00,0x00,0x00,0x00,0x00,0x00,0x00,0x00,0x00,0x61,0x08,0x49,0x4A,0xCB,0x5A,0x49,0x4A,0x86,0x31,0xC3,0x18,0x00,0x00,0x00,0x00,0x00,0x00,0x00,0x00,0x00,0x00,0x00,0x00,0x00,0x00,0xC3,0x18,0x49,0x4A,0xCB,0x5A,0xCB,0x5A,0xCB,0x5A,0x49,0x4A,0x86,0x31,
	0x45,0x29,0x61,0x08,0x00,0x00,0x00,0x00,0x00,0x00,0x00,0x00,0x00,0x00,0x00,0x00,0x00,0x00,0x61,0x08,0x49,0x4A,0xCB,0x5A,0x49,0x4A,0x61,0x08,0x00,0x00,0x00,0x00,0x00,0x00,0x00,0x00,0x00,0x00,0x00,0x00,0x00,0x00,0xC3,0x18,0x86,0x31,0x49,0x4A,0x45,0x29,0x61,0x08,0x45,0x29,0x8E,0x73,0x9A,0xD6,0x9A,0xD6,0xF3,0x9C,0xCB,0x5A,
	0xC3,0x18,0x00,0x00,0x00,0x00,0x00,0x00,0x00,0x00,0x00,0x00,0x00,0x00,0x00,0x00,0x00,0x00,0x45,0x29,0xF3,0x9C,0x9A,0xD6,0x18,0xC6,0xF3,0x9C,0x49,0x4A,0x00,0x00,0x00,0x00,0x00,0x00,0x00,0x00,0x00,0x00,0x00,0x00,0x86,0x31,0x8E,0x73,0x18,0xC6,0x9A,0xD6,0x9A,0xD6,0x9A,0xD6,0x9A,0xD6,0xF3,0x9C,0x8E,0x73,0x86,0x31,0x61,0x08,
	0x00,0x00,0x00,0x00,0x00,0x00,0x00,0x00,0x00,0x00,0x00,0x00,0x45,0x29,0x18,0xC6,0x5D,0xEF,0x18,0xC6,0x49,0x4A,0x00,0x00,0x00,0x00,0x00,0x00,0x00,0x00,0x00,0x00,0x00,0x00,0x00,0x00,0x49,0x4A,0xF3,0x9C,0x9A,0xD6,0x8E,0x73,0x45,0x29,0x86,0x31,0xF0,0x83,0xDF,0xFF,0xDF,0xFF,0x9A,0xD6,0xF0,0x83,0x86,0x31,0x00,0x00,0x00,0x00,
	0x00,0x00,0x00,0x00,0x00,0x00,0x00,0x00,0x00,0x00,0xC3,0x18,0xCB,0x5A,0x9A,0xD6,0xDF,0xFF,0xDF,0xFF,0xF3,0x9C,0xCB,0x5A,0x61,0x08,0x00,0x00,0x00,0x00,0x00,0x00,0x61,0x08,0x49,0x4A,0xF3,0x9C,0x5D,0xEF,0xDF,0xFF,0x5D,0xEF,0x9A,0xD6,0x9A,0xD6,0x5D,0xEF,0x5D,0xEF,0x5D,0xEF,0x18,0xC6,0xCB,0x5A,0xC3,0x18,0x00,0x00,0x00,0x00,
	0x00,0x00,0x00,0x00,0x00,0x00,0x45,0x29,0x9A,0xD6,0xDF,0xFF,0x5D,0xEF,0xF3,0x9C,0xCB,0x5A,0x00,0x00,0x00,0x00,0x00,0x00,0x00,0x00,0x00,0x00,0x00,0x00,0xCB,0x5A,0x18,0xC6,0xDF,0xFF,0xF0,0x83,0x86,0x31,0x86,0x31,0xF0,0x83,0xFF,0xFF,0xFF,0xFF,0xDF,0xFF,0x18,0xC6,0x49,0x4A,0x00,0x00,0x00,0x00,0x00,0x00,0x00,0x00,0x00,0x00,
	0x00,0x00,0x00,0x00,0x86,0x31,0xF3,0x9C,0x5D,0xEF,0xFF,0xFF,0xFF,0xFF,0x18,0xC6,0xCB,0x5A,0x61,0x08,0x00,0x00,0x00,0x00,0x61,0x08,0x49,0x4A,0xF3,0x9C,0x5D,0xEF,0xDF,0xFF,0x18,0xC6,0xF3,0x9C,0xF0,0x83,0xF0,0x83,0xF0,0x83,0xF3,0x9C,0x5D,0xEF,0xDF,0xFF,0xF3,0x9C,0xCB,0x5A,0x61,0x08,0x00,0x00,0x00,0x00,0x00,0x00,0x00,0x00,
	0x45,0x29,0x5D,0xEF,0xFF,0xFF,0xFF,0xFF,0x5D,0xEF,0xF3,0x9C,0xC3,0x18,0x00,0x00,0x00,0x00,0x00,0x00,0x00,0x00,0x00,0x00,0xCB,0x5A,0x18,0xC6,0xFF,0xFF,0xF3,0x9C,0x86,0x31,0x86,0x31,0xF0,0x83,0xFF,0xFF,0xFF,0xFF,0xFF,0xFF,0xDF,0xFF,0x8E,0x73,0x00,0x00,0x00,0x00,0x00,0x00,0x00,0x00,0x00,0x00,0x00,0x00,0x00,0x00,0xCB,0x5A,
	0x18,0xC6,0xDF,0xFF,0xFF,0xFF,0xFF,0xFF,0x18,0xC6,0xCB,0x5A,0x61,0x08,0x00,0x00,0x00,0x00,0x45,0x29,0xF0,0x83,0xFF,0xFF,0xDF,0xFF,0xF3,0x9C,0xC3,0x18,0x00,0x00,0x00,0x00,0x00,0x00,0x00,0x00,0x61,0x08,0xF0,0x83,0x5D,0xEF,0xFF,0xFF,0xF3,0x9C,0x86,0x31,0x61,0x08,0x00,0x00,0x00,0x00,0x00,0x00,0x45,0x29,0x5D,0xEF,0xFF,0xFF,
	0xFF,0xFF,0xFF,0xFF,0x9A,0xD6,0xCB,0x5A,0xC3,0x18,0x00,0x00,0x00,0x00,0x00,0x00,0x00,0x00,0xCB,0x5A,0x18,0xC6,0xFF,0xFF,0xF3,0x9C,0x86,0x31,0x86,0x31,0xF0,0x83,0xFF,0xFF,0x5D,0xEF,0x9A,0xD6,0xFF,0xFF,0xF3,0x9C,0x45,0x29,0x00,0x00,0x00,0x00,0x00,0x00,0x00,0x00,0x00,0x00,0x00,0x00,0xF0,0x83,0x5D,0xEF,0x5D,0xEF,0xDF,0xFF,
	0xFF,0xFF,0x18,0xC6,0xCB,0x5A,0x61,0x08,0x00,0x00,0x61,0x08,0x8E,0x73,0x9A,0xD6,0xFF,0xFF,0xF3,0x9C,0x49,0x4A,0x00,0x00,0x00,0x00,0x00,0x00,0x00,0x00,0x00,0x00,0x00,0x00,0x86,0x31,0xF3,0x9C,0xFF,0xFF,0x9A,0xD6,0x8E,0x73,0xC3,0x18,0x00,0x00,0x00,0x00,0x00,0x00,0x45,0x29,0x5D,0xEF,0x5D,0xEF,0x9A,0xD6,0xDF,0xFF,0xDF,0xFF,
	0x18,0xC6,0x49,0x4A,0x00,0x00,0x00,0x00,0x00,0x00,0x00,0x00,0xCB,0x5A,0x18,0xC6,0xFF,0xFF,0xF3,0x9C,0x86,0x31,0x86,0x31,0xF3,0x9C,0xFF,0xFF,0x18,0xC6,0x18,0xC6,0xFF,0xFF,0x18,0xC6,0x49,0x4A,0x61,0x08,0x00,0x00,0x00,0x00,0x00,0x00,0x00,0x00,0xC3,0x18,0xF3,0x9C,0xFF,0xFF,0x18,0xC6,0x9A,0xD6,0xFF,0xFF,0x18,0xC6,0xCB,0x5A,
	0x61,0x08,0x00,0x00,0xC3,0x18,0xF3,0x9C,0xDF,0xFF,0xDF,0xFF,0x8E,0x73,0x61,0x08,0x00,0x00,0x00,0x00,0x00,0x00,0x00,0x00,0x00,0x00,0x00,0x00,0x61,0x08,0xCB,0x5A,0x5D,0xEF,0xDF,0xFF,0x18,0xC6,0x45,0x29,0x00,0x00,0x00,0x00,0x00,0x00,0x86,0x31,0x5D,0xEF,0x5D,0xEF,0xF3,0x9C,0x9A,0xD6,0xDF,0xFF,0xFF,0xFF,0xF0,0x83,0xC3,0x18,
	0x00,0x00,0x00,0x00,0x00,0x00,0xCB,0x5A,0x18,0xC6,0xFF,0xFF,0xF3,0x9C,0x86,0x31,0x86,0x31,0xF3,0x9C,0xFF,0xFF,0xF0,0x83,0xF0,0x83,0xFF,0xFF,0x9A,0xD6,0xF0,0x83,0xC3,0x18,0x00,0x00,0x00,0x00,0x00,0x00,0x61,0x08,0x49,0x4A,0x18,0xC6,0xDF,0xFF,0xF0,0x83,0xF3,0x9C,0xFF,0xFF,0x18,0xC6,0xCB,0x5A,0x61,0x08,0x00,0x00,0x45,0x29,
	0x9A,0xD6,0xFF,0xFF,0x9A,0xD6,0x49,0x4A,0x00,0x00,0x00,0x00,0x00,0x00,0x00,0x00,0x00,0x00,0x00,0x00,0x00,0x00,0x00,0x00,0x45,0x29,0x18,0xC6,0xFF,0xFF,0x5D,0xEF,0x86,0x31,0x00,0x00,0x00,0x00,0x00,0x00,0x86,0x31,0x5D,0xEF,0x9A,0xD6,0xF0,0x83,0xF0,0x83,0x18,0xC6,0xFF,0xFF,0x9A,0xD6,0xF0,0x83,0x61,0x08,0x00,0x00,0x00,0x00,
	0xCB,0x5A,0x18,0xC6,0xFF,0xFF,0xF3,0x9C,0x86,0x31,0x86,0x31,0xF3,0x9C,0xFF,0xFF,0xF0,0x83,0x8E,0x73,0x9A,0xD6,0xDF,0xFF,0x18,0xC6,0x45,0x29,0x00,0x00,0x00,0x00,0x00,0x00,0x45,0x29,0xF3,0x9C,0x5D,0xEF,0x5D,0xEF,0x8E,0x73,0xF0,0x83,0xFF,0xFF,0x18,0xC6,0xCB,0x5A,0x00,0x00,0x61,0x08,0x49,0x4A,0x5D,0xEF,0xDF,0xFF,0x18,0xC6,
	0x86,0x31,0x00,0x00,0x00,0x00,0x00,0x00,0x00,0x00,0x00,0x00,0x00,0x00,0x00,0x00,0x00,0x00,0xC3,0x18,0xF3,0x9C,0xDF,0xFF,0xDF,0xFF,0xCB,0x5A,0x61,0x08,0x00,0x00,0x00,0x00,0x86,0x31,0x5D,0xEF,0x9A,0xD6,0x8E,0x73,0x86,0x31,0x8E,0x73,0x5D,0xEF,0xFF,0xFF,0x18,0xC6,0x86,0x31,0x00,0x00,0x00,0x00,0xCB,0x5A,0x18,0xC6,0xFF,0xFF,
	0xF3,0x9C,0x86,0x31,0x86,0x31,0xF3,0x9C,0xFF,0xFF,0x8E,0x73,0x49,0x4A,0xF3,0x9C,0xDF,0xFF,0x5D,0xEF,0x49,0x4A,0x00,0x00,0x00,0x00,0x00,0x00,0x86,0x31,0x9A,0xD6,0x5D,0xEF,0x18,0xC6,0x49,0x4A,0xF0,0x83,0xFF,0xFF,0x18,0xC6,0xCB,0x5A,0x00,0x00,0x61,0x08,0xCB,0x5A,0x5D,0xEF,0xDF,0xFF,0xF3,0x9C,0x86,0x31,0x00,0x00,0x00,0x00,
	0x00,0x00,0x00,0x00,0x00,0x00,0x00,0x00,0x00,0x00,0x00,0x00,0x45,0x29,0xF3,0x9C,0xDF,0xFF,0xDF,0xFF,0x8E,0x73,0xC3,0x18,0x00,0x00,0x00,0x00,0x86,0x31,0x5D,0xEF,0x5D,0xEF,0x8E,0x73,0x61,0x08,0x45,0x29,0x18,0xC6,0xDF,0xFF,0xDF,0xFF,0xF0,0x83,0x45,0x29,0x00,0x00,0xCB,0x5A,0x18,0xC6,0xFF,0xFF,0xF3,0x9C,0x86,0x31,0x86,0x31,
	0xF3,0x9C,0xFF,0xFF,0xF0,0x83,0x86,0x31,0x8E,0x73,0x9A,0xD6,0xDF,0xFF,0x8E,0x73,0x45,0x29,0x00,0x00,0x00,0x00,0xCB,0x5A,0x5D,0xEF,0x9A,0xD6,0xF0,0x83,0x49,0x4A,0xF0,0x83,0xFF,0xFF,0x18,0xC6,0xCB,0x5A,0x00,0x00,0x61,0x08,0xCB,0x5A,0x5D,0xEF,0x5D,0xEF,0xF0,0x83,0x45,0x29,0x00,0x00,0x00,0x00,0x00,0x00,0x00,0x00,0x00,0x00,
	0x00,0x00,0x00,0x00,0x00,0x00,0x45,0x29,0xF3,0x9C,0xDF,0xFF,0xDF,0xFF,0x8E,0x73,0xC3,0x18,0x00,0x00,0x00,0x00,0x86,0x31,0x5D,0xEF,0x5D,0xEF,0x8E,0x73,0xC3,0x18,0x00,0x00,0x49,0x4A,0x18,0xC6,0xFF,0xFF,0x5D,0xEF,0x8E,0x73,0x00,0x00,0xCB,0x5A,0x18,0xC6,0xFF,0xFF,0xF3,0x9C,0x86,0x31,0x86,0x31,0xF3,0x9C,0xFF,0xFF,0xF0,0x83,
	0x45,0x29,0x86,0x31,0x18,0xC6,0xFF,0xFF,0xF3,0x9C,0x49,0x4A,0x00,0x00,0xC3,0x18,0xF0,0x83,0xFF,0xFF,0x18,0xC6,0x49,0x4A,0x86,0x31,0xF0,0x83,0xFF,0xFF,0x18,0xC6,0xCB,0x5A,0x00,0x00,0x61,0x08,0xCB,0x5A,0x5D,0xEF,0xDF,0xFF,0xF3,0x9C,0x86,0x31,0x00,0x00,0x00,0x00,0x00,0x00,0x00,0x00,0x00,0x00,0x00,0x00,0x00,0x00,0x00,0x00,
	0xC3,0x18,0xF3,0x9C,0xDF,0xFF,0xDF,0xFF,0x8E,0x73,0x61,0x08,0x00,0x00,0x00,0x00,0x86,0x31,0x5D,0xEF,0x5D,0xEF,0x8E,0x73,0xC3,0x18,0x00,0x00,0x61,0x08,0xF0,0x83,0x5D,0xEF,0xFF,0xFF,0x18,0xC6,0x49,0x4A,0xCB,0x5A,0xF3,0x9C,0xFF,0xFF,0xF3,0x9C,0x86,0x31,0x86,0x31,0xF3,0x9C,0xFF,0xFF,0xF0,0x83,0xC3,0x18,0x00,0x00,0xF3,0x9C,
	0xDF,0xFF,0x9A,0xD6,0xCB,0x5A,0x00,0x00,0x49,0x4A,0xF3,0x9C,0xFF,0xFF,0xF0,0x83,0x61,0x08,0x45,0x29,0xF3,0x9C,0xFF,0xFF,0x18,0xC6,0xCB,0x5A,0x00,0x00,0x00,0x00,0x49,0x4A,0x9A,0xD6,0xFF,0xFF,0x18,0xC6,0x49,0x4A,0x00,0x00,0x00,0x00,0x00,0x00,0x00,0x00,0x00,0x00,0x00,0x00,0x00,0x00,0x00,0x00,0x45,0x29,0xF3,0x9C,0xDF,0xFF,
	0x5D,0xEF,0xCB,0x5A,0x00,0x00,0x00,0x00,0x00,0x00,0x86,0x31,0x5D,0xEF,0x5D,0xEF,0x8E,0x73,0xC3,0x18,0x00,0x00,0x00,0x00,0x49,0x4A,0xF3,0x9C,0xDF,0xFF,0x5D,0xEF,0x18,0xC6,0xF0,0x83,0xF3,0x9C,0xFF,0xFF,0xF3,0x9C,0x86,0x31,0x86,0x31,0xF3,0x9C,0xFF,0xFF,0xF0,0x83,0xC3,0x18,0x00,0x00,0x8E,0x73,0x9A,0xD6,0xDF,0xFF,0xF0,0x83,
	0x00,0x00,0x8E,0x73,0x9A,0xD6,0x5D,0xEF,0x8E,0x73,0x00,0x00,0x45,0x29,0xF3,0x9C,0xFF,0xFF,0x18,0xC6,0xCB,0x5A,0x61,0x08,0x00,0x00,0x45,0x29,0x9A,0xD6,0xFF,0xFF,0x5D,0xEF,0x49,0x4A,0x00,0x00,0x00,0x00,0x00,0x00,0x00,0x00,0x00,0x00,0x00,0x00,0x00,0x00,0x00,0x00,0x86,0x31,0x9A,0xD6,0xFF,0xFF,0x9A,0xD6,0x86,0x31,0x00,0x00,
	0x00,0x00,0x00,0x00,0x86,0x31,0x5D,0xEF,0x5D,0xEF,0x8E,0x73,0xC3,0x18,0x00,0x00,0x00,0x00,0x61,0x08,0x86,0x31,0x9A,0xD6,0xDF,0xFF,0x5D,0xEF,0x18,0xC6,0x9A,0xD6,0xFF,0xFF,0xF3,0x9C,0x86,0x31,0x86,0x31,0xF3,0x9C,0xFF,0xFF,0xF0,0x83,0xC3,0x18,0x00,0x00,0x49,0x4A,0xF3,0x9C,0xFF,0xFF,0x18,0xC6,0x86,0x31,0xF3,0x9C,0x5D,0xEF,
	0x18,0xC6,0x49,0x4A,0x00,0x00,0x45,0x29,0xF3,0x9C,0xFF,0xFF,0x18,0xC6,0xCB,0x5A,0x61,0x08,0x00,0x00,0x61,0x08,0xF3,0x9C,0x5D,0xEF,0xDF,0xFF,0xF0,0x83,0xC3,0x18,0x00,0x00,0x00,0x00,0x00,0x00,0x00,0x00,0x00,0x00,0x00,0x00,0x61,0x08,0xCB,0x5A,0xDF,0xFF,0xDF,0xFF,0x18,0xC6,0x45,0x29,0x00,0x00,0x00,0x00,0x00,0x00,0x86,0x31,
	0x5D,0xEF,0x5D,0xEF,0x8E,0x73,0xC3,0x18,0x00,0x00,0x00,0x00,0x00,0x00,0x61,0x08,0xF0,0x83,0x9A,0xD6,0xFF,0xFF,0x5D,0xEF,0x5D,0xEF,0xFF,0xFF,0xF0,0x83,0x86,0x31,0x86,0x31,0xF3,0x9C,0xFF,0xFF,0xF0,0x83,0xC3,0x18,0x00,0x00,0x45,0x29,0xF0,0x83,0x5D,0xEF,0x9A,0xD6,0xF0,0x83,0x5D,0xEF,0x5D,0xEF,0xF0,0x83,0x45,0x29,0x00,0x00,
	0x45,0x29,0xF3,0x9C,0xFF,0xFF,0x18,0xC6,0xCB,0x5A,0x61,0x08,0x00,0x00,0x61,0x08,0xCB,0x5A,0x18,0xC6,0xFF,0xFF,0x18,0xC6,0xCB,0x5A,0x61,0x08,0x00,0x00,0x00,0x00,0x00,0x00,0x00,0x00,0x00,0x00,0x49,0x4A,0xF3,0x9C,0xDF,0xFF,0x9A,0xD6,0x8E,0x73,0xC3,0x18,0x00,0x00,0x00,0x00,0x00,0x00,0x86,0x31,0x5D,0xEF,0x5D,0xEF,0x8E,0x73,
	0xC3,0x18,0x00,0x00,0x00,0x00,0x00,0x00,0x00,0x00,0xC3,0x18,0xF3,0x9C,0xFF,0xFF,0xFF,0xFF,0xFF,0xFF,0xFF,0xFF,0xF0,0x83,0x86,0x31,0x86,0x31,0xF3,0x9C,0xFF,0xFF,0xF0,0x83,0x45,0x29,0x00,0x00,0x61,0x08,0x86,0x31,0x9A,0xD6,0xDF,0xFF,0x9A,0xD6,0xDF,0xFF,0x9A,0xD6,0x49,0x4A,0x61,0x08,0x00,0x00,0x45,0x29,0xF3,0x9C,0xFF,0xFF,
	0x18,0xC6,0xCB,0x5A,0x61,0x08,0x00,0x00,0x00,0x00,0xC3,0x18,0xF0,0x83,0x5D,0xEF,0xDF,0xFF,0x18,0xC6,0x8E,0x73,0x86,0x31,0xC3,0x18,0xC3,0x18,0x86,0x31,0xCB,0x5A,0x18,0xC6,0x5D,0xEF,0xDF,0xFF,0xF3,0x9C,0x45,0x29,0x61,0x08,0x00,0x00,0x00,0x00,0x00,0x00,0x86,0x31,0x5D,0xEF,0x5D,0xEF,0x8E,0x73,0xC3,0x18,0x00,0x00,0x00,0x00,
	0x00,0x00,0x00,0x00,0x00,0x00,0xCB,0x5A,0x18,0xC6,0xDF,0xFF,0xFF,0xFF,0xFF,0xFF,0xF0,0x83,0x86,0x31,0x86,0x31,0xF3,0x9C,0xFF,0xFF,0xF0,0x83,0x45,0x29,0x00,0x00,0x00,0x00,0xC3,0x18,0x18,0xC6,0xFF,0xFF,0xFF,0xFF,0xDF,0xFF,0x18,0xC6,0xC3,0x18,0x00,0x00,0x00,0x00,0x45,0x29,0xF3,0x9C,0xFF,0xFF,0x18,0xC6,0xCB,0x5A,0x61,0x08,
	0x00,0x00,0x00,0x00,0x00,0x00,0x86,0x31,0xF3,0x9C,0x5D,0xEF,0xDF,0xFF,0x9A,0xD6,0xF3,0x9C,0x8E,0x73,0x8E,0x73,0xF0,0x83,0x18,0xC6,0x5D,0xEF,0x5D,0xEF,0x18,0xC6,0x49,0x4A,0x00,0x00,0x00,0x00,0x00,0x00,0x00,0x00,0x00,0x00,0x86,0x31,0x5D,0xEF,0x5D,0xEF,0xF0,0x83,0xC3,0x18,0x00,0x00,0x00,0x00,0x00,0x00,0x00,0x00,0x00,0x00,
	0xC3,0x18,0x8E,0x73,0x9A,0xD6,0xFF,0xFF,0xFF,0xFF,0xF3,0x9C,0x86,0x31,0x86,0x31,0xF3,0x9C,0xFF,0xFF,0xF0,0x83,0x45,0x29,0x00,0x00,0x00,0x00,0x61,0x08,0xF0,0x83,0x9A,0xD6,0xFF,0xFF,0x5D,0xEF,0xF0,0x83,0x61,0x08,0x00,0x00,0x00,0x00,0x45,0x29,0xF3,0x9C,0xFF,0xFF,0x18,0xC6,0xCB,0x5A,0x61,0x08,0x00,0x00,0x00,0x00,0x00,0x00,
	0x00,0x00,0xC3,0x18,0xF0,0x83,0x5D,0xEF,0xFF,0xFF,0xFF,0xFF,0xDF,0xFF,0xDF,0xFF,0xFF,0xFF,0xFF,0xFF,0x5D,0xEF,0xF3,0x9C,0x45,0x29,0x00,0x00,0x00,0x00,0x00,0x00,0x00,0x00,0x00,0x00,0x00,0x00,0x86,0x31,0x5D,0xEF,0x5D,0xEF,0xF0,0x83,0xC3,0x18,0x00,0x00,0x00,0x00,0x00,0x00,0x00,0x00,0x00,0x00,0x00,0x00,0x61,0x08,0xF3,0x9C,
	0xDF,0xFF,0xFF,0xFF,0xF3,0x9C,0x86,0x31,0xC3,0x18,0xCB,0x5A,0xF3,0x9C,0x49,0x4A,0xC3,0x18,0x00,0x00,0x00,0x00,0x61,0x08,0x49,0x4A,0xF0,0x83,0xF3,0x9C,0xF0,0x83,0x49,0x4A,0x00,0x00,0x00,0x00,0x00,0x00,0xC3,0x18,0xCB,0x5A,0xF3,0x9C,0x8E,0x73,0x86,0x31,0x00,0x00,0x00,0x00,0x00,0x00,0x00,0x00,0x00,0x00,0x00,0x00,0x86,0x31,
	0xCB,0x5A,0xF0,0x83,0xF3,0x9C,0xF3,0x9C,0xF3,0x9C,0xF3,0x9C,0xF0,0x83,0x8E,0x73,0x86,0x31,0x00,0x00,0x00,0x00,0x00,0x00,0x00,0x00,0x00,0x00,0x00,0x00,0x00,0x00,0xC3,0x18,0xF0,0x83,0xF0,0x83,0x49,0x4A,0x61,0x08,0x00,0x00,0x00,0x00,0x00,0x00,0x00,0x00,0x00,0x00,0x00,0x00,0x00,0x00,0x49,0x4A,0xF0,0x83,0xF3,0x9C,0xCB,0x5A,
	0xC3,0x18,0x61,0x08,0xC3,0x18,0x45,0x29,0xC3,0x18,0x00,0x00,0x00,0x00,0x00,0x00,0x00,0x00,0x61,0x08,0xC3,0x18,0x45,0x29,0xC3,0x18,0x61,0x08,0x00,0x00,0x00,0x00,0x00,0x00,0x00,0x00,0xC3,0x18,0x45,0x29,0xC3,0x18,0x61,0x08,0x00,0x00,0x00,0x00,0x00,0x00,0x00,0x00,0x00,0x00,0x00,0x00,0x00,0x00,0x00,0x00,0x61,0x08,0xC3,0x18,
	0x86,0x31,0x86,0x31,0x45,0x29,0x61,0x08,0x00,0x00,0x00,0x00,0x00,0x00,0x00,0x00,0x00,0x00,0x00,0x00,0x00,0x00,0x00,0x00,0x00,0x00,0x00,0x00,0x45,0x29,0x45,0x29,0x61,0x08,0x00,0x00,0x00,0x00,0x00,0x00,0x00,0x00,0x00,0x00,0x00,0x00,0x00,0x00,0x00,0x00,0x61,0x08,0xC3,0x18,0x45,0x29,0xC3,0x18,0x61,0x08,

	// Alpha Channel 
	0x00,0x00,0x00,0x00,0x00,0x00,0x00,0x00,0x00,0x00,0x00,0x00,0x00,0x00,0x00,0x00,0x00,0x00,0x00,0x00,0x00,0x00,0x00,0x00,0x00,0x00,0x00,0x00,0x00,0x00,0x00,0x00,0x00,0x00,0x00,0x00,0x00,0x00,0x00,0x00,0x00,0x00,0x00,0x00,0x00,0x00,0x00,0x00,0x00,0x00,0x00,0x00,0x00,0x00,0x00,0x00,0x00,0x00,0x00,0x00,0x00,0xFF,0xFF,0xFF,
	0xFF,0xFF,0xFF,0x00,0x00,0x00,0x00,0x00,0x00,0x00,0x00,0x00,0xFF,0xFF,0xFF,0xFF,0xFF,0xFF,0x00,0x00,0x00,0x00,0x00,0x00,0x00,0xFF,0xFF,0xFF,0xFF,0xFF,0xFF,0xFF,0xFF,0xFF,0x00,0x00,0x00,0x00,0x00,0x00,0x00,0xFF,0xFF,0xFF,0xFF,0xFF,0x00,0x00,0x00,0x00,0x00,0x00,0x00,0xFF,0xFF,0xFF,0xFF,0xFF,0xFF,0xFF,0xFF,0xFF,0xFF,0xFF,
	0xFF,0x00,0x00,0x00,0x00,0x00,0x00,0x00,0x00,0xFF,0xFF,0xFF,0xFF,0xFF,0xFF,0x00,0x00,0x00,0x00,0x00,0x00,0xFF,0xFF,0xFF,0xFF,0xFF,0xFF,0xFF,0xFF,0xFF,0xFF,0xFF,0x00,0x00,0x00,0x00,0x00,0x00,0xFF,0xFF,0xFF,0xFF,0xFF,0x00,0x00,0x00,0x00,0x00,0x00,0x00,0xFF,0xFF,0xFF,0xFF,0xFF,0xFF,0xFF,0xFF,0xFF,0xFF,0xFF,0xFF,0x00,0x00,
	0x00,0x00,0x00,0x00,0x00,0xFF,0xFF,0xFF,0xFF,0xFF,0xFF,0xFF,0xFF,0x00,0x00,0x00,0xFF,0xFF,0xFF,0xFF,0xFF,0xFF,0xFF,0xFF,0xFF,0xFF,0xFF,0xFF,0xFF,0xFF,0x00,0x00,0x00,0x00,0x00,0xFF,0xFF,0xFF,0xFF,0xFF,0xFF,0x00,0x00,0x00,0x00,0x00,0x00,0xFF,0xFF,0xFF,0xFF,0xFF,0xFF,0xFF,0xFF,0xFF,0xFF,0xFF,0xFF,0x00,0x00,0x00,0x00,0x00,
	0x00,0x00,0xFF,0xFF,0xFF,0xFF,0xFF,0xFF,0xFF,0xFF,0x00,0x00,0xFF,0xFF,0xFF,0xFF,0xFF,0xFF,0xFF,0xFF,0xFF,0xFF,0xFF,0xFF,0xFF,0xFF,0xFF,0xFF,0x00,0x00,0x00,0x00,0xFF,0xFF,0xFF,0xFF,0xFF,0xFF,0xFF,0x00,0x00,0x00,0x00,0x00,0xFF,0xFF,0xFF,0xFF,0xFF,0xFF,0xFF,0xFF,0xFF,0xFF,0xFF,0xFF,0x00,0x00,0x00,0x00,0x00,0x00,0x00,0xFF,
	0xFF,0xFF,0xFF,0xFF,0xFF,0xFF,0xFF,0x00,0x00,0xFF,0xFF,0xFF,0xFF,0xFF,0xFF,0x00,0x00,0x00,0x00,0xFF,0xFF,0xFF,0xFF,0xFF,0xFF,0xFF,0x00,0x00,0x00,0xFF,0xFF,0xFF,0xFF,0xFF,0xFF,0xFF,0xFF,0x00,0x00,0x00,0x00,0xFF,0xFF,0xFF,0xFF,0xFF,0xFF,0xFF,0xFF,0xFF,0xFF,0xFF,0xFF,0xFF,0x00,0x00,0x00,0x00,0x00,0x00,0xFF,0xFF,0xFF,0xFF,
	0xFF,0xFF,0xFF,0xFF,0x00,0xFF,0xFF,0xFF,0xFF,0xFF,0xFF,0x00,0x00,0x00,0x00,0x00,0x00,0xFF,0xFF,0xFF,0xFF,0xFF,0xFF,0x00,0x00,0x00,0xFF,0xFF,0xFF,0xFF,0xFF,0xFF,0xFF,0xFF,0x00,0x00,0x00,0x00,0xFF,0xFF,0xFF,0xFF,0xFF,0xFF,0xFF,0xFF,0xFF,0xFF,0xFF,0xFF,0xFF,0xFF,0x00,0x00,0x00,0x00,0xFF,0xFF,0xFF,0xFF,0xFF,0xFF,0xFF,0xFF,
	0xFF,0x00,0xFF,0xFF,0xFF,0xFF,0xFF,0xFF,0x00,0x00,0x00,0x00,0x00,0x00,0xFF,0xFF,0xFF,0xFF,0xFF,0xFF,0x00,0x00,0x00,0xFF,0xFF,0xFF,0xFF,0xFF,0xFF,0xFF,0xFF,0xFF,0x00,0x00,0x00,0xFF,0xFF,0xFF,0xFF,0xFF,0xFF,0xFF,0xFF,0xFF,0xFF,0xFF,0xFF,0xFF,0xFF,0x00,0x00,0x00,0xFF,0xFF,0xFF,0xFF,0xFF,0xFF,0xFF,0xFF,0xFF,0xFF,0x00,0xFF,
	0xFF,0xFF,0xFF,0xFF,0x00,0x00,0x00,0x00,0x00,0x00,0x00,0x00,0xFF,0xFF,0xFF,0xFF,0xFF,0x00,0x00,0x00,0xFF,0xFF,0xFF,0xFF,0xFF,0xFF,0xFF,0xFF,0xFF,0xFF,0x00,0x00,0xFF,0xFF,0xFF,0xFF,0xFF,0xFF,0xFF,0xFF,0xFF,0xFF,0xFF,0xFF,0xFF,0xFF,0x00,0x00,0x00,0xFF,0xFF,0xFF,0xFF,0xFF,0xFF,0xFF,0xFF,0xFF,0x00,0xFF,0xFF,0xFF,0xFF,0xFF,
	0xFF,0x00,0x00,0x00,0x00,0x00,0x00,0x00,0x00,0xFF,0xFF,0xFF,0xFF,0xFF,0xFF,0x00,0x00,0xFF,0xFF,0xFF,0xFF,0xFF,0xFF,0xFF,0xFF,0xFF,0xFF,0x00,0x00,0xFF,0xFF,0xFF,0xFF,0xFF,0xFF,0xFF,0xFF,0xFF,0xFF,0xFF,0xFF,0xFF,0xFF,0x00,0x00,0x00,0xFF,0xFF,0xFF,0xFF,0xFF,0xFF,0xFF,0xFF,0xFF,0x00,0xFF,0xFF,0xFF,0xFF,0xFF,0xFF,0x00,0x00,
	0x00,0x00,0x00,0x00,0x00,0x00,0xFF,0xFF,0xFF,0xFF,0xFF,0xFF,0x00,0x00,0xFF,0xFF,0xFF,0xFF,0xFF,0xFF,0xFF,0xFF,0xFF,0xFF,0xFF,0x00,0xFF,0xFF,0xFF,0xFF,0xFF,0xFF,0xFF,0xFF,0xFF,0xFF,0xFF,0xFF,0xFF,0xFF,0xFF,0x00,0x00,0xFF,0xFF,0xFF,0xFF,0xFF,0xFF,0xFF,0xFF,0xFF,0x00,0xFF,0xFF,0xFF,0xFF,0xFF,0xFF,0x00,0x00,0x00,0x00,0x00,
	0x00,0x00,0x00,0xFF,0xFF,0xFF,0xFF,0xFF,0xFF,0x00,0x00,0xFF,0xFF,0xFF,0xFF,0xFF,0x00,0xFF,0xFF,0xFF,0xFF,0xFF,0x00,0xFF,0xFF,0xFF,0xFF,0xFF,0xFF,0xFF,0xFF,0xFF,0xFF,0xFF,0xFF,0xFF,0xFF,0xFF,0x00,0xFF,0xFF,0xFF,0xFF,0xFF,0xFF,0xFF,0xFF,0xFF,0xFF,0x00,0xFF,0xFF,0xFF,0xFF,0xFF,0xFF,0x00,0x00,0x00,0x00,0x00,0x00,0x00,0x00,
	0xFF,0xFF,0xFF,0xFF,0xFF,0xFF,0x00,0x00,0xFF,0xFF,0xFF,0xFF,0xFF,0x00,0xFF,0xFF,0xFF,0xFF,0xFF,0xFF,0xFF,0xFF,0xFF,0xFF,0xFF,0xFF,0xFF,0xFF,0xFF,0xFF,0x00,0xFF,0xFF,0xFF,0xFF,0x00,0xFF,0xFF,0xFF,0xFF,0xFF,0xFF,0xFF,0xFF,0xFF,0xFF,0x00,0x00,0xFF,0xFF,0xFF,0xFF,0xFF,0x00,0x00,0x00,0x00,0x00,0x00,0x00,0x00,0xFF,0xFF,0xFF,
	0xFF,0xFF,0x00,0x00,0x00,0xFF,0xFF,0xFF,0xFF,0xFF,0x00,0x00,0xFF,0xFF,0xFF,0xFF,0xFF,0xFF,0xFF,0xFF,0xFF,0xFF,0xFF,0xFF,0xFF,0xFF,0xFF,0x00,0xFF,0xFF,0xFF,0xFF,0x00,0xFF,0xFF,0xFF,0xFF,0x00,0xFF,0xFF,0xFF,0xFF,0xFF,0xFF,0x00,0xFF,0xFF,0xFF,0xFF,0xFF,0x00,0x00,0x00,0x00,0x00,0x00,0x00,0x00,0xFF,0xFF,0xFF,0xFF,0xFF,0x00,
	0x00,0x00,0xFF,0xFF,0xFF,0xFF,0xFF,0x00,0x00,0xFF,0xFF,0xFF,0xFF,0xFF,0xFF,0xFF,0xFF,0xFF,0xFF,0xFF,0xFF,0xFF,0xFF,0xFF,0x00,0xFF,0xFF,0xFF,0xFF,0xFF,0xFF,0xFF,0xFF,0xFF,0x00,0xFF,0xFF,0xFF,0xFF,0xFF,0xFF,0x00,0xFF,0xFF,0xFF,0xFF,0xFF,0xFF,0x00,0x00,0x00,0x00,0x00,0x00,0xFF,0xFF,0xFF,0xFF,0xFF,0xFF,0x00,0x00,0x00,0xFF,
	0xFF,0xFF,0xFF,0xFF,0x00,0x00,0x00,0xFF,0xFF,0xFF,0xFF,0xFF,0xFF,0xFF,0xFF,0xFF,0xFF,0xFF,0xFF,0xFF,0xFF,0x00,0xFF,0xFF,0xFF,0xFF,0xFF,0xFF,0xFF,0xFF,0xFF,0x00,0xFF,0xFF,0xFF,0xFF,0xFF,0xFF,0x00,0xFF,0xFF,0xFF,0xFF,0xFF,0xFF,0xFF,0x00,0x00,0x00,0x00,0x00,0xFF,0xFF,0xFF,0xFF,0xFF,0xFF,0x00,0x00,0x00,0xFF,0xFF,0xFF,0xFF,
	0xFF,0x00,0x00,0x00,0x00,0xFF,0xFF,0xFF,0xFF,0xFF,0xFF,0xFF,0xFF,0xFF,0xFF,0xFF,0xFF,0xFF,0x00,0xFF,0xFF,0xFF,0xFF,0xFF,0xFF,0xFF,0xFF,0xFF,0x00,0xFF,0xFF,0xFF,0xFF,0xFF,0xFF,0x00,0x00,0xFF,0xFF,0xFF,0xFF,0xFF,0xFF,0xFF,0xFF,0xFF,0xFF,0xFF,0xFF,0xFF,0xFF,0xFF,0xFF,0xFF,0x00,0x00,0x00,0xFF,0xFF,0xFF,0xFF,0xFF,0x00,0x00,
	0x00,0x00,0x00,0xFF,0xFF,0xFF,0xFF,0xFF,0xFF,0xFF,0xFF,0xFF,0xFF,0xFF,0xFF,0x00,0x00,0xFF,0xFF,0xFF,0xFF,0xFF,0xFF,0xFF,0x00,0x00,0xFF,0xFF,0xFF,0xFF,0xFF,0xFF,0x00,0x00,0x00,0xFF,0xFF,0xFF,0xFF,0xFF,0xFF,0xFF,0xFF,0xFF,0xFF,0xFF,0xFF,0xFF,0xFF,0x00,0x00,0x00,0x00,0x00,0xFF,0xFF,0xFF,0xFF,0xFF,0x00,0x00,0x00,0x00,0x00,
	0xFF,0xFF,0xFF,0xFF,0xFF,0xFF,0xFF,0xFF,0xFF,0xFF,0xFF,0xFF,0x00,0x00,0xFF,0xFF,0xFF,0xFF,0xFF,0xFF,0xFF,0x00,0x00,0xFF,0xFF,0xFF,0xFF,0xFF,0xFF,0x00,0x00,0x00,0x00,0xFF,0xFF,0xFF,0xFF,0xFF,0xFF,0xFF,0xFF,0xFF,0xFF,0xFF,0xFF,0x00,0x00,0x00,0x00,0x00,0x00,0xFF,0xFF,0xFF,0xFF,0xFF,0x00,0x00,0x00,0x00,0x00,0x00,0xFF,0xFF,
	0xFF,0xFF,0xFF,0xFF,0xFF,0xFF,0xFF,0xFF,0xFF,0x00,0x00,0xFF,0xFF,0xFF,0xFF,0xFF,0xFF,0x00,0x00,0x00,0xFF,0xFF,0xFF,0xFF,0xFF,0x00,0x00,0x00,0x00,0x00,0x00,0xFF,0xFF,0xFF,0xFF,0xFF,0xFF,0xFF,0xFF,0xFF,0xFF,0x00,0x00,0x00,0x00,0x00,0x00,0x00,0xFF,0xFF,0xFF,0xFF,0xFF,0x00,0x00,0x00,0x00,0x00,0x00,0x00,0xFF,0xFF,0xFF,0xFF,
	0xFF,0xFF,0xFF,0xFF,0xFF,0x00,0x00,0x00,0x00,0xFF,0xFF,0xFF,0xFF,0xFF,0x00,0x00,0x00,0x00,0xFF,0xFF,0xFF,0xFF,0x00,0x00,0x00,0x00,0x00,0x00,0x00,0x00,0xFF,0xFF,0xFF,0xFF,0xFF,0xFF,0x00,0x00,0x00,0x00,0x00,0x00,0x00,0x00,0x00,0x00,0xFF,0xFF,0xFF,0x00,0x00,0x00,0x00,0x00,0x00,0x00,0x00,0xFF,0xFF,0xFF,0xFF,0xFF,
    };
        


const lv_img_dsc_t face_228_390_dial_img_8_235158_0 = {
    .header.magic = LV_IMAGE_HEADER_MAGIC,
    .header.w = 61,
    .header.h = 22,
    .data_size = sizeof(face_228_390_dial_img_8_235158_data_0),
    .header.cf = LV_COLOR_FORMAT_RGB565A8,
    .data = face_228_390_dial_img_8_235158_data_0};

    
// LVGL 9 format (RGB565) // LVGL_9 compatible 
const LV_ATTRIBUTE_MEM_ALIGN uint8_t face_228_390_dial_img_8_235158_data_1[] = {
	//RGB565 data 
	0x00,0x00,0x00,0x00,0x00,0x00,0x00,0x00,0x00,0x00,0x00,0x00,0x00,0x00,0x00,0x00,0x00,0x00,0x00,0x00,0x00,0x00,0x00,0x00,0x00,0x00,0x00,0x00,0x00,0x00,0x00,0x00,0x00,0x00,0x00,0x00,0x00,0x00,0x00,0x00,0x00,0x00,0x00,0x00,0x00,0x00,0x00,0x00,0x00,0x00,0x00,0x00,0x00,0x00,0x00,0x00,0x00,0x00,0x00,0x00,0x00,0x00,0x00,0x00,
	0x00,0x00,0x00,0x00,0x00,0x00,0x00,0x00,0x00,0x00,0x00,0x00,0x00,0x00,0x00,0x00,0x00,0x00,0x00,0x00,0x00,0x00,0x00,0x00,0x00,0x00,0x00,0x00,0x00,0x00,0x00,0x00,0x00,0x00,0x00,0x00,0x00,0x00,0x00,0x00,0x00,0x00,0x00,0x00,0x00,0x00,0x00,0x00,0x00,0x00,0x00,0x00,0x00,0x00,0x00,0x00,0x00,0x00,0x00,0x00,0x00,0x00,0x00,0x00,
	0x00,0x00,0x00,0x00,0x00,0x00,0x86,0x31,0xCB,0x5A,0xCB,0x5A,0xCB,0x5A,0x49,0x4A,0x49,0x4A,0x49,0x4A,0x49,0x4A,0xCB,0x5A,0xCB,0x5A,0xCB,0x5A,0xCB,0x5A,0x49,0x4A,0x45,0x29,0x61,0x08,0x00,0x00,0x45,0x29,0xCB,0x5A,0x49,0x4A,0x45,0x29,0x00,0x00,0x00,0x00,0x00,0x00,0x00,0x00,0x00,0x00,0x00,0x00,0x00,0x00,0x61,0x08,0x45,0x29,
	0x49,0x4A,0x49,0x4A,0x86,0x31,0x61,0x08,0x00,0x00,0x00,0x00,0xC3,0x18,0x49,0x4A,0xCB,0x5A,0xCB,0x5A,0x49,0x4A,0xCB,0x5A,0xCB,0x5A,0xCB,0x5A,0xCB,0x5A,0xCB,0x5A,0xCB,0x5A,0x49,0x4A,0x61,0x08,0x00,0x00,0x00,0x00,0x00,0x00,0x00,0x00,0x00,0x00,0x00,0x00,0x00,0x00,0x00,0x00,0x00,0x00,0x00,0x00,0x00,0x00,0x00,0x00,0x00,0x00,
	0x8E,0x73,0x9A,0xD6,0x18,0xC6,0x18,0xC6,0x18,0xC6,0x18,0xC6,0x18,0xC6,0x18,0xC6,0x18,0xC6,0x18,0xC6,0x18,0xC6,0x9A,0xD6,0x18,0xC6,0x8E,0x73,0xC3,0x18,0x00,0x00,0x8E,0x73,0x9A,0xD6,0xF3,0x9C,0xCB,0x5A,0x00,0x00,0x00,0x00,0x00,0x00,0x00,0x00,0x00,0x00,0x00,0x00,0x00,0x00,0xC3,0x18,0x8E,0x73,0x18,0xC6,0x18,0xC6,0x8E,0x73,
	0x86,0x31,0x00,0x00,0x00,0x00,0x49,0x4A,0x18,0xC6,0x9A,0xD6,0x18,0xC6,0x18,0xC6,0x18,0xC6,0x18,0xC6,0x18,0xC6,0x18,0xC6,0x18,0xC6,0x9A,0xD6,0xF3,0x9C,0xC3,0x18,0x00,0x00,0x00,0x00,0x00,0x00,0x00,0x00,0x00,0x00,0x00,0x00,0x00,0x00,0x00,0x00,0x00,0x00,0x00,0x00,0x00,0x00,0x00,0x00,0x00,0x00,0x8E,0x73,0x9A,0xD6,0x9A,0xD6,
	0x9A,0xD6,0x9A,0xD6,0x5D,0xEF,0x5D,0xEF,0xDF,0xFF,0x5D,0xEF,0x9A,0xD6,0x9A,0xD6,0x9A,0xD6,0x9A,0xD6,0x8E,0x73,0xC3,0x18,0x00,0x00,0xF0,0x83,0xDF,0xFF,0x9A,0xD6,0x8E,0x73,0x00,0x00,0x00,0x00,0x00,0x00,0x00,0x00,0x00,0x00,0x00,0x00,0x00,0x00,0x45,0x29,0xF0,0x83,0x9A,0xD6,0x5D,0xEF,0xF3,0x9C,0x86,0x31,0x00,0x00,0x00,0x00,
	0x49,0x4A,0xDF,0xFF,0xDF,0xFF,0x5D,0xEF,0x9A,0xD6,0x9A,0xD6,0x9A,0xD6,0x9A,0xD6,0x9A,0xD6,0x9A,0xD6,0x5D,0xEF,0x18,0xC6,0xC3,0x18,0x00,0x00,0x00,0x00,0x00,0x00,0x00,0x00,0x00,0x00,0x00,0x00,0x00,0x00,0x00,0x00,0x00,0x00,0x00,0x00,0x00,0x00,0x00,0x00,0x00,0x00,0x49,0x4A,0xF0,0x83,0xF0,0x83,0xF0,0x83,0xF0,0x83,0x18,0xC6,
	0xDF,0xFF,0xFF,0xFF,0x18,0xC6,0xF0,0x83,0xF0,0x83,0xF0,0x83,0xF0,0x83,0x49,0x4A,0x61,0x08,0x00,0x00,0xF0,0x83,0xFF,0xFF,0x5D,0xEF,0x8E,0x73,0x00,0x00,0x00,0x00,0x00,0x00,0x00,0x00,0x00,0x00,0x00,0x00,0x00,0x00,0x45,0x29,0xF0,0x83,0x5D,0xEF,0xDF,0xFF,0xF3,0x9C,0x86,0x31,0x00,0x00,0x00,0x00,0xCB,0x5A,0xFF,0xFF,0xFF,0xFF,
	0x9A,0xD6,0xF0,0x83,0xF0,0x83,0xF0,0x83,0xF0,0x83,0xF0,0x83,0xF0,0x83,0xF0,0x83,0x8E,0x73,0x61,0x08,0x00,0x00,0x00,0x00,0x00,0x00,0x00,0x00,0x00,0x00,0x00,0x00,0x00,0x00,0x00,0x00,0x00,0x00,0x00,0x00,0x00,0x00,0x00,0x00,0x00,0x00,0x00,0x00,0x00,0x00,0x00,0x00,0x00,0x00,0x00,0x00,0xF0,0x83,0x5D,0xEF,0xFF,0xFF,0xF0,0x83,
	0x00,0x00,0x00,0x00,0x00,0x00,0x00,0x00,0x00,0x00,0x00,0x00,0x00,0x00,0xF0,0x83,0xFF,0xFF,0x9A,0xD6,0x8E,0x73,0x00,0x00,0x00,0x00,0x00,0x00,0x00,0x00,0x00,0x00,0x00,0x00,0x00,0x00,0x45,0x29,0xF0,0x83,0x5D,0xEF,0xDF,0xFF,0xF3,0x9C,0x86,0x31,0x00,0x00,0x00,0x00,0xCB,0x5A,0xDF,0xFF,0x5D,0xEF,0xF3,0x9C,0xC3,0x18,0x00,0x00,
	0x00,0x00,0x00,0x00,0x00,0x00,0x00,0x00,0x00,0x00,0x00,0x00,0x00,0x00,0x00,0x00,0x00,0x00,0x00,0x00,0x00,0x00,0x00,0x00,0x00,0x00,0x00,0x00,0x00,0x00,0x00,0x00,0x00,0x00,0x00,0x00,0x00,0x00,0x00,0x00,0x00,0x00,0x00,0x00,0x00,0x00,0x00,0x00,0x00,0x00,0xF0,0x83,0x5D,0xEF,0xFF,0xFF,0x8E,0x73,0x00,0x00,0x00,0x00,0x00,0x00,
	0x00,0x00,0x00,0x00,0x00,0x00,0x00,0x00,0xF0,0x83,0xFF,0xFF,0x9A,0xD6,0x8E,0x73,0x00,0x00,0x00,0x00,0x00,0x00,0x00,0x00,0x00,0x00,0x00,0x00,0x00,0x00,0x45,0x29,0xF0,0x83,0x5D,0xEF,0xDF,0xFF,0xF3,0x9C,0x86,0x31,0x00,0x00,0x00,0x00,0xCB,0x5A,0xDF,0xFF,0x5D,0xEF,0xF3,0x9C,0x61,0x08,0x00,0x00,0x00,0x00,0x00,0x00,0x00,0x00,
	0x00,0x00,0x00,0x00,0x00,0x00,0x00,0x00,0x00,0x00,0x00,0x00,0x00,0x00,0x00,0x00,0x00,0x00,0x00,0x00,0x00,0x00,0x00,0x00,0x00,0x00,0x00,0x00,0x00,0x00,0x00,0x00,0x00,0x00,0x00,0x00,0x00,0x00,0x00,0x00,0x00,0x00,0x00,0x00,0xF0,0x83,0x5D,0xEF,0xFF,0xFF,0xF0,0x83,0x00,0x00,0x00,0x00,0x00,0x00,0x00,0x00,0x00,0x00,0x00,0x00,
	0x00,0x00,0xF0,0x83,0xFF,0xFF,0x9A,0xD6,0x8E,0x73,0x00,0x00,0x00,0x00,0x00,0x00,0x00,0x00,0x00,0x00,0x00,0x00,0x00,0x00,0x45,0x29,0xF0,0x83,0x5D,0xEF,0xDF,0xFF,0xF3,0x9C,0x86,0x31,0x00,0x00,0x00,0x00,0xCB,0x5A,0xDF,0xFF,0x5D,0xEF,0xF3,0x9C,0x61,0x08,0x00,0x00,0x00,0x00,0x00,0x00,0x00,0x00,0x00,0x00,0x00,0x00,0x00,0x00,
	0x00,0x00,0x00,0x00,0x00,0x00,0x00,0x00,0x00,0x00,0x00,0x00,0x00,0x00,0x00,0x00,0x00,0x00,0x00,0x00,0x00,0x00,0x00,0x00,0x00,0x00,0x00,0x00,0x00,0x00,0x00,0x00,0x00,0x00,0x00,0x00,0x00,0x00,0xF0,0x83,0x5D,0xEF,0xFF,0xFF,0xF0,0x83,0x00,0x00,0x00,0x00,0x00,0x00,0x00,0x00,0x00,0x00,0x00,0x00,0x00,0x00,0xF0,0x83,0xFF,0xFF,
	0x9A,0xD6,0x8E,0x73,0x00,0x00,0x00,0x00,0x00,0x00,0x00,0x00,0x00,0x00,0x00,0x00,0x00,0x00,0x45,0x29,0xF0,0x83,0x5D,0xEF,0xDF,0xFF,0xF3,0x9C,0x86,0x31,0x00,0x00,0x00,0x00,0xCB,0x5A,0xDF,0xFF,0x5D,0xEF,0xF3,0x9C,0x61,0x08,0x00,0x00,0x00,0x00,0x00,0x00,0x00,0x00,0x00,0x00,0x00,0x00,0x00,0x00,0x00,0x00,0x00,0x00,0x00,0x00,
	0x00,0x00,0x00,0x00,0x00,0x00,0x00,0x00,0x00,0x00,0x00,0x00,0x00,0x00,0x00,0x00,0x00,0x00,0x00,0x00,0x00,0x00,0x00,0x00,0x00,0x00,0x00,0x00,0x00,0x00,0x00,0x00,0xF0,0x83,0x5D,0xEF,0xFF,0xFF,0xF0,0x83,0x00,0x00,0x00,0x00,0x00,0x00,0x00,0x00,0x00,0x00,0x00,0x00,0x00,0x00,0xF0,0x83,0xFF,0xFF,0x9A,0xD6,0x8E,0x73,0x00,0x00,
	0x00,0x00,0x00,0x00,0x00,0x00,0x00,0x00,0x00,0x00,0x00,0x00,0x45,0x29,0xF0,0x83,0x5D,0xEF,0xDF,0xFF,0xF3,0x9C,0x86,0x31,0x00,0x00,0x00,0x00,0xCB,0x5A,0xDF,0xFF,0xDF,0xFF,0x18,0xC6,0x8E,0x73,0x8E,0x73,0x8E,0x73,0x8E,0x73,0x8E,0x73,0x8E,0x73,0xCB,0x5A,0x49,0x4A,0x61,0x08,0x00,0x00,0x00,0x00,0x00,0x00,0x00,0x00,0x00,0x00,
	0x00,0x00,0x00,0x00,0x00,0x00,0x00,0x00,0x00,0x00,0x00,0x00,0x00,0x00,0x00,0x00,0x00,0x00,0x00,0x00,0x00,0x00,0x00,0x00,0x00,0x00,0xF0,0x83,0x5D,0xEF,0xFF,0xFF,0xF0,0x83,0x00,0x00,0x00,0x00,0x00,0x00,0x00,0x00,0x00,0x00,0x00,0x00,0x00,0x00,0xF0,0x83,0xFF,0xFF,0x9A,0xD6,0x8E,0x73,0x00,0x00,0x00,0x00,0x00,0x00,0x00,0x00,
	0x00,0x00,0x00,0x00,0x00,0x00,0x45,0x29,0xF0,0x83,0x5D,0xEF,0xDF,0xFF,0xF3,0x9C,0x86,0x31,0x00,0x00,0x00,0x00,0xCB,0x5A,0xDF,0xFF,0xFF,0xFF,0x5D,0xEF,0x9A,0xD6,0x18,0xC6,0x9A,0xD6,0x9A,0xD6,0x9A,0xD6,0x9A,0xD6,0x18,0xC6,0xF0,0x83,0x61,0x08,0x00,0x00,0x00,0x00,0x00,0x00,0x00,0x00,0x00,0x00,0x00,0x00,0x00,0x00,0x00,0x00,
	0x00,0x00,0x00,0x00,0x00,0x00,0x00,0x00,0x00,0x00,0x00,0x00,0x00,0x00,0x00,0x00,0x00,0x00,0x00,0x00,0xF0,0x83,0x5D,0xEF,0xFF,0xFF,0xF0,0x83,0x00,0x00,0x00,0x00,0x00,0x00,0x00,0x00,0x00,0x00,0x00,0x00,0x00,0x00,0xF0,0x83,0xFF,0xFF,0x9A,0xD6,0x8E,0x73,0x00,0x00,0x00,0x00,0x00,0x00,0x00,0x00,0x00,0x00,0x00,0x00,0x00,0x00,
	0x45,0x29,0xF0,0x83,0x5D,0xEF,0xDF,0xFF,0xF3,0x9C,0x86,0x31,0x00,0x00,0x00,0x00,0xCB,0x5A,0xDF,0xFF,0xFF,0xFF,0x5D,0xEF,0x9A,0xD6,0x18,0xC6,0x9A,0xD6,0x9A,0xD6,0x9A,0xD6,0x9A,0xD6,0x18,0xC6,0xF0,0x83,0x61,0x08,0x00,0x00,0x00,0x00,0x00,0x00,0x00,0x00,0x00,0x00,0x00,0x00,0x00,0x00,0x00,0x00,0x00,0x00,0x00,0x00,0x00,0x00,
	0x00,0x00,0x00,0x00,0x00,0x00,0x00,0x00,0x00,0x00,0x00,0x00,0x00,0x00,0xF0,0x83,0x5D,0xEF,0xFF,0xFF,0xF0,0x83,0x00,0x00,0x00,0x00,0x00,0x00,0x00,0x00,0x00,0x00,0x00,0x00,0x00,0x00,0xF0,0x83,0xFF,0xFF,0x9A,0xD6,0x8E,0x73,0x00,0x00,0x00,0x00,0x00,0x00,0x00,0x00,0x00,0x00,0x00,0x00,0x00,0x00,0x45,0x29,0xF0,0x83,0x5D,0xEF,
	0xDF,0xFF,0xF3,0x9C,0x49,0x4A,0x00,0x00,0x00,0x00,0xCB,0x5A,0xDF,0xFF,0xDF,0xFF,0x18,0xC6,0x8E,0x73,0x8E,0x73,0x8E,0x73,0x8E,0x73,0x8E,0x73,0x8E,0x73,0xCB,0x5A,0x49,0x4A,0x61,0x08,0x00,0x00,0x00,0x00,0x00,0x00,0x00,0x00,0x00,0x00,0x00,0x00,0x00,0x00,0x00,0x00,0x00,0x00,0x00,0x00,0x00,0x00,0x00,0x00,0x00,0x00,0x00,0x00,
	0x00,0x00,0x00,0x00,0x00,0x00,0x00,0x00,0xF0,0x83,0x5D,0xEF,0xFF,0xFF,0xF0,0x83,0x00,0x00,0x00,0x00,0x00,0x00,0x00,0x00,0x00,0x00,0x00,0x00,0x00,0x00,0xF0,0x83,0xFF,0xFF,0x5D,0xEF,0x8E,0x73,0x00,0x00,0x00,0x00,0x00,0x00,0x00,0x00,0x00,0x00,0x00,0x00,0x00,0x00,0x45,0x29,0xF0,0x83,0x5D,0xEF,0xDF,0xFF,0xF3,0x9C,0x86,0x31,
	0x00,0x00,0x00,0x00,0xCB,0x5A,0xDF,0xFF,0x5D,0xEF,0xF3,0x9C,0x61,0x08,0x00,0x00,0x00,0x00,0x00,0x00,0x00,0x00,0x00,0x00,0x00,0x00,0x00,0x00,0x00,0x00,0x00,0x00,0x00,0x00,0x00,0x00,0x00,0x00,0x00,0x00,0x00,0x00,0x00,0x00,0x00,0x00,0x00,0x00,0x00,0x00,0x00,0x00,0x00,0x00,0x00,0x00,0x00,0x00,0x00,0x00,0x00,0x00,0x00,0x00,
	0x00,0x00,0xF0,0x83,0x5D,0xEF,0xFF,0xFF,0xF0,0x83,0x00,0x00,0x00,0x00,0x00,0x00,0x00,0x00,0x00,0x00,0x00,0x00,0x00,0x00,0xF0,0x83,0xDF,0xFF,0x5D,0xEF,0xF0,0x83,0x00,0x00,0x00,0x00,0x00,0x00,0x00,0x00,0x00,0x00,0x00,0x00,0x00,0x00,0x45,0x29,0xF0,0x83,0x5D,0xEF,0x5D,0xEF,0x8E,0x73,0x45,0x29,0x00,0x00,0x00,0x00,0xCB,0x5A,
	0xDF,0xFF,0x5D,0xEF,0xF3,0x9C,0x61,0x08,0x00,0x00,0x00,0x00,0x00,0x00,0x00,0x00,0x00,0x00,0x00,0x00,0x00,0x00,0x00,0x00,0x00,0x00,0x00,0x00,0x00,0x00,0x00,0x00,0x00,0x00,0x00,0x00,0x00,0x00,0x00,0x00,0x00,0x00,0x00,0x00,0x00,0x00,0x00,0x00,0x00,0x00,0x00,0x00,0x00,0x00,0x00,0x00,0x00,0x00,0x00,0x00,0xF0,0x83,0x5D,0xEF,
	0xFF,0xFF,0xF0,0x83,0x00,0x00,0x00,0x00,0x00,0x00,0x00,0x00,0x00,0x00,0x00,0x00,0x00,0x00,0x8E,0x73,0x9A,0xD6,0xDF,0xFF,0xF3,0x9C,0x61,0x08,0x00,0x00,0x00,0x00,0x00,0x00,0x00,0x00,0x00,0x00,0x00,0x00,0x45,0x29,0xF3,0x9C,0x5D,0xEF,0x5D,0xEF,0xCB,0x5A,0x61,0x08,0x00,0x00,0x00,0x00,0xCB,0x5A,0xDF,0xFF,0x5D,0xEF,0xF3,0x9C,
	0x61,0x08,0x00,0x00,0x00,0x00,0x00,0x00,0x00,0x00,0x00,0x00,0x00,0x00,0x00,0x00,0x00,0x00,0x00,0x00,0x00,0x00,0x00,0x00,0x00,0x00,0x00,0x00,0x00,0x00,0x00,0x00,0x00,0x00,0x00,0x00,0x00,0x00,0x00,0x00,0x00,0x00,0x00,0x00,0x00,0x00,0x00,0x00,0x00,0x00,0x00,0x00,0x00,0x00,0xF0,0x83,0x5D,0xEF,0xFF,0xFF,0xF0,0x83,0x00,0x00,
	0x00,0x00,0x00,0x00,0x00,0x00,0x00,0x00,0x00,0x00,0x00,0x00,0x49,0x4A,0x18,0xC6,0xFF,0xFF,0x18,0xC6,0x49,0x4A,0x61,0x08,0x00,0x00,0x00,0x00,0x00,0x00,0x00,0x00,0x00,0x00,0x49,0x4A,0x5D,0xEF,0xFF,0xFF,0x9A,0xD6,0x86,0x31,0x00,0x00,0x00,0x00,0x00,0x00,0xCB,0x5A,0xDF,0xFF,0x5D,0xEF,0xF3,0x9C,0xC3,0x18,0x00,0x00,0x00,0x00,
	0x00,0x00,0x00,0x00,0x00,0x00,0x00,0x00,0x00,0x00,0x00,0x00,0x00,0x00,0x00,0x00,0x00,0x00,0x00,0x00,0x00,0x00,0x00,0x00,0x00,0x00,0x00,0x00,0x00,0x00,0x00,0x00,0x00,0x00,0x00,0x00,0x00,0x00,0x00,0x00,0x00,0x00,0x00,0x00,0x00,0x00,0x00,0x00,0xF0,0x83,0x5D,0xEF,0xFF,0xFF,0xF0,0x83,0x00,0x00,0x00,0x00,0x00,0x00,0x00,0x00,
	0x00,0x00,0x00,0x00,0x00,0x00,0xC3,0x18,0x8E,0x73,0xDF,0xFF,0xDF,0xFF,0x18,0xC6,0xCB,0x5A,0x45,0x29,0xC3,0x18,0xC3,0x18,0x45,0x29,0xCB,0x5A,0xF3,0x9C,0xFF,0xFF,0x5D,0xEF,0xF3,0x9C,0xC3,0x18,0x00,0x00,0x00,0x00,0x00,0x00,0xCB,0x5A,0xDF,0xFF,0xDF,0xFF,0x18,0xC6,0xCB,0x5A,0x49,0x4A,0x49,0x4A,0x49,0x4A,0x49,0x4A,0x49,0x4A,
	0xCB,0x5A,0x49,0x4A,0x61,0x08,0x00,0x00,0x00,0x00,0x00,0x00,0x00,0x00,0x00,0x00,0x00,0x00,0x00,0x00,0x00,0x00,0x00,0x00,0x00,0x00,0x00,0x00,0x00,0x00,0x00,0x00,0x00,0x00,0x00,0x00,0x00,0x00,0x00,0x00,0x00,0x00,0xF0,0x83,0x5D,0xEF,0xFF,0xFF,0xF0,0x83,0x00,0x00,0x00,0x00,0x00,0x00,0x00,0x00,0x00,0x00,0x00,0x00,0x00,0x00,
	0x00,0x00,0x86,0x31,0x18,0xC6,0x5D,0xEF,0xFF,0xFF,0x18,0xC6,0xF0,0x83,0xF0,0x83,0x8E,0x73,0xF0,0x83,0x18,0xC6,0x5D,0xEF,0x5D,0xEF,0xF3,0x9C,0x49,0x4A,0x00,0x00,0x00,0x00,0x00,0x00,0x00,0x00,0xCB,0x5A,0xFF,0xFF,0xFF,0xFF,0x5D,0xEF,0x18,0xC6,0xF3,0x9C,0xF3,0x9C,0xF3,0x9C,0xF3,0x9C,0xF3,0x9C,0x18,0xC6,0xF3,0x9C,0xC3,0x18,
	0x00,0x00,0x00,0x00,0x00,0x00,0x00,0x00,0x00,0x00,0x00,0x00,0x00,0x00,0x00,0x00,0x00,0x00,0x00,0x00,0x00,0x00,0x00,0x00,0x00,0x00,0x00,0x00,0x00,0x00,0x00,0x00,0x00,0x00,0x00,0x00,0xF0,0x83,0x5D,0xEF,0xFF,0xFF,0xF0,0x83,0x00,0x00,0x00,0x00,0x00,0x00,0x00,0x00,0x00,0x00,0x00,0x00,0x00,0x00,0x00,0x00,0x61,0x08,0x86,0x31,
	0xF0,0x83,0x5D,0xEF,0xFF,0xFF,0xFF,0xFF,0xDF,0xFF,0xDF,0xFF,0xDF,0xFF,0xFF,0xFF,0x5D,0xEF,0xF3,0x9C,0x86,0x31,0x00,0x00,0x00,0x00,0x00,0x00,0x00,0x00,0x00,0x00,0xCB,0x5A,0xFF,0xFF,0xFF,0xFF,0xFF,0xFF,0xFF,0xFF,0xFF,0xFF,0xFF,0xFF,0xFF,0xFF,0xFF,0xFF,0xFF,0xFF,0xFF,0xFF,0x9A,0xD6,0xC3,0x18,0x00,0x00,0x00,0x00,0x00,0x00,
	0x00,0x00,0x00,0x00,0x00,0x00,0x00,0x00,0x00,0x00,0x00,0x00,0x00,0x00,0x00,0x00,0x00,0x00,0x00,0x00,0x00,0x00,0x00,0x00,0x00,0x00,0x00,0x00,0x00,0x00,0x49,0x4A,0xF0,0x83,0xF3,0x9C,0x49,0x4A,0x00,0x00,0x00,0x00,0x00,0x00,0x00,0x00,0x00,0x00,0x00,0x00,0x00,0x00,0x00,0x00,0x00,0x00,0x61,0x08,0x86,0x31,0xCB,0x5A,0xF0,0x83,
	0xF3,0x9C,0xF3,0x9C,0xF3,0x9C,0xF3,0x9C,0xF0,0x83,0x8E,0x73,0x86,0x31,0x61,0x08,0x00,0x00,0x00,0x00,0x00,0x00,0x00,0x00,0x00,0x00,0x86,0x31,0xF3,0x9C,0xF3,0x9C,0xF3,0x9C,0xF3,0x9C,0xF3,0x9C,0xF3,0x9C,0xF3,0x9C,0xF3,0x9C,0xF3,0x9C,0xF3,0x9C,0xF0,0x83,0xC3,0x18,0x00,0x00,0x00,0x00,0x00,0x00,0x00,0x00,0x00,0x00,0x00,0x00,
	0x00,0x00,0x00,0x00,0x00,0x00,0x00,0x00,0x00,0x00,0x00,0x00,0x00,0x00,0x00,0x00,0x00,0x00,0x00,0x00,0x00,0x00,0x00,0x00,0xC3,0x18,0x45,0x29,0x45,0x29,0x61,0x08,0x00,0x00,0x00,0x00,0x00,0x00,0x00,0x00,0x00,0x00,0x00,0x00,0x00,0x00,0x00,0x00,0x00,0x00,0x00,0x00,0x00,0x00,0x00,0x00,0x61,0x08,0x45,0x29,0x45,0x29,0x86,0x31,
	0x45,0x29,0x00,0x00,0x00,0x00,0x00,0x00,0x00,0x00,0x00,0x00,0x00,0x00,0x00,0x00,0x00,0x00,0x00,0x00,0x61,0x08,0x45,0x29,0x86,0x31,0x45,0x29,0x45,0x29,0x45,0x29,0x45,0x29,0x45,0x29,0x45,0x29,0x45,0x29,0x86,0x31,0x45,0x29,0x00,0x00,0x00,0x00,0x00,0x00,0x00,0x00,0x00,0x00,0x00,0x00,0x00,0x00,0x00,0x00,

	// Alpha Channel 
	0x00,0x00,0x00,0x00,0x00,0x00,0x00,0x00,0x00,0x00,0x00,0x00,0x00,0x00,0x00,0x00,0x00,0x00,0x00,0x00,0x00,0x00,0x00,0x00,0x00,0x00,0x00,0x00,0x00,0x00,0x00,0x00,0x00,0x00,0x00,0x00,0x00,0x00,0x00,0x00,0x00,0x00,0x00,0x00,0x00,0x00,0x00,0x00,0x00,0x00,0x00,0x00,0x00,0x00,0x00,0x00,0x00,0x00,0x00,0x00,0x00,0x00,0x00,0x00,
	0x00,0x00,0x00,0xFF,0xFF,0xFF,0xFF,0xFF,0xFF,0xFF,0xFF,0xFF,0xFF,0xFF,0xFF,0xFF,0xFF,0xFF,0x00,0xFF,0xFF,0xFF,0xFF,0x00,0x00,0x00,0x00,0x00,0x00,0x00,0xFF,0xFF,0xFF,0xFF,0xFF,0xFF,0x00,0x00,0xFF,0xFF,0xFF,0xFF,0xFF,0xFF,0xFF,0xFF,0xFF,0xFF,0xFF,0xFF,0xFF,0x00,0x00,0x00,0x00,0x00,0x00,0x00,0x00,0x00,0x00,0x00,0x00,0x00,
	0xFF,0xFF,0xFF,0xFF,0xFF,0xFF,0xFF,0xFF,0xFF,0xFF,0xFF,0xFF,0xFF,0xFF,0xFF,0x00,0xFF,0xFF,0xFF,0xFF,0x00,0x00,0x00,0x00,0x00,0x00,0x00,0xFF,0xFF,0xFF,0xFF,0xFF,0xFF,0x00,0x00,0xFF,0xFF,0xFF,0xFF,0xFF,0xFF,0xFF,0xFF,0xFF,0xFF,0xFF,0xFF,0xFF,0x00,0x00,0x00,0x00,0x00,0x00,0x00,0x00,0x00,0x00,0x00,0x00,0x00,0xFF,0xFF,0xFF,
	0xFF,0xFF,0xFF,0xFF,0xFF,0xFF,0xFF,0xFF,0xFF,0xFF,0xFF,0xFF,0x00,0xFF,0xFF,0xFF,0xFF,0x00,0x00,0x00,0x00,0x00,0x00,0x00,0xFF,0xFF,0xFF,0xFF,0xFF,0xFF,0x00,0x00,0xFF,0xFF,0xFF,0xFF,0xFF,0xFF,0xFF,0xFF,0xFF,0xFF,0xFF,0xFF,0xFF,0x00,0x00,0x00,0x00,0x00,0x00,0x00,0x00,0x00,0x00,0x00,0x00,0x00,0xFF,0xFF,0xFF,0xFF,0xFF,0xFF,
	0xFF,0xFF,0xFF,0xFF,0xFF,0xFF,0xFF,0xFF,0xFF,0x00,0xFF,0xFF,0xFF,0xFF,0x00,0x00,0x00,0x00,0x00,0x00,0x00,0xFF,0xFF,0xFF,0xFF,0xFF,0xFF,0x00,0x00,0xFF,0xFF,0xFF,0xFF,0xFF,0xFF,0xFF,0xFF,0xFF,0xFF,0xFF,0xFF,0xFF,0x00,0x00,0x00,0x00,0x00,0x00,0x00,0x00,0x00,0x00,0x00,0x00,0x00,0x00,0x00,0x00,0x00,0x00,0xFF,0xFF,0xFF,0xFF,
	0x00,0x00,0x00,0x00,0x00,0x00,0x00,0xFF,0xFF,0xFF,0xFF,0x00,0x00,0x00,0x00,0x00,0x00,0x00,0xFF,0xFF,0xFF,0xFF,0xFF,0xFF,0x00,0x00,0xFF,0xFF,0xFF,0xFF,0xFF,0x00,0x00,0x00,0x00,0x00,0x00,0x00,0x00,0x00,0x00,0x00,0x00,0x00,0x00,0x00,0x00,0x00,0x00,0x00,0x00,0x00,0x00,0x00,0x00,0x00,0x00,0xFF,0xFF,0xFF,0xFF,0x00,0x00,0x00,
	0x00,0x00,0x00,0x00,0xFF,0xFF,0xFF,0xFF,0x00,0x00,0x00,0x00,0x00,0x00,0x00,0xFF,0xFF,0xFF,0xFF,0xFF,0xFF,0x00,0x00,0xFF,0xFF,0xFF,0xFF,0xFF,0x00,0x00,0x00,0x00,0x00,0x00,0x00,0x00,0x00,0x00,0x00,0x00,0x00,0x00,0x00,0x00,0x00,0x00,0x00,0x00,0x00,0x00,0x00,0x00,0x00,0x00,0xFF,0xFF,0xFF,0xFF,0x00,0x00,0x00,0x00,0x00,0x00,
	0x00,0xFF,0xFF,0xFF,0xFF,0x00,0x00,0x00,0x00,0x00,0x00,0x00,0xFF,0xFF,0xFF,0xFF,0xFF,0xFF,0x00,0x00,0xFF,0xFF,0xFF,0xFF,0xFF,0x00,0x00,0x00,0x00,0x00,0x00,0x00,0x00,0x00,0x00,0x00,0x00,0x00,0x00,0x00,0x00,0x00,0x00,0x00,0x00,0x00,0x00,0x00,0x00,0x00,0x00,0xFF,0xFF,0xFF,0xFF,0x00,0x00,0x00,0x00,0x00,0x00,0x00,0xFF,0xFF,
	0xFF,0xFF,0x00,0x00,0x00,0x00,0x00,0x00,0x00,0xFF,0xFF,0xFF,0xFF,0xFF,0xFF,0x00,0x00,0xFF,0xFF,0xFF,0xFF,0xFF,0x00,0x00,0x00,0x00,0x00,0x00,0x00,0x00,0x00,0x00,0x00,0x00,0x00,0x00,0x00,0x00,0x00,0x00,0x00,0x00,0x00,0x00,0x00,0x00,0x00,0x00,0xFF,0xFF,0xFF,0xFF,0x00,0x00,0x00,0x00,0x00,0x00,0x00,0xFF,0xFF,0xFF,0xFF,0x00,
	0x00,0x00,0x00,0x00,0x00,0x00,0xFF,0xFF,0xFF,0xFF,0xFF,0xFF,0x00,0x00,0xFF,0xFF,0xFF,0xFF,0xFF,0xFF,0xFF,0xFF,0xFF,0xFF,0xFF,0xFF,0xFF,0x00,0x00,0x00,0x00,0x00,0x00,0x00,0x00,0x00,0x00,0x00,0x00,0x00,0x00,0x00,0x00,0x00,0x00,0xFF,0xFF,0xFF,0xFF,0x00,0x00,0x00,0x00,0x00,0x00,0x00,0xFF,0xFF,0xFF,0xFF,0x00,0x00,0x00,0x00,
	0x00,0x00,0x00,0xFF,0xFF,0xFF,0xFF,0xFF,0xFF,0x00,0x00,0xFF,0xFF,0xFF,0xFF,0xFF,0xFF,0xFF,0xFF,0xFF,0xFF,0xFF,0xFF,0xFF,0x00,0x00,0x00,0x00,0x00,0x00,0x00,0x00,0x00,0x00,0x00,0x00,0x00,0x00,0x00,0x00,0x00,0x00,0xFF,0xFF,0xFF,0xFF,0x00,0x00,0x00,0x00,0x00,0x00,0x00,0xFF,0xFF,0xFF,0xFF,0x00,0x00,0x00,0x00,0x00,0x00,0x00,
	0xFF,0xFF,0xFF,0xFF,0xFF,0xFF,0x00,0x00,0xFF,0xFF,0xFF,0xFF,0xFF,0xFF,0xFF,0xFF,0xFF,0xFF,0xFF,0xFF,0xFF,0x00,0x00,0x00,0x00,0x00,0x00,0x00,0x00,0x00,0x00,0x00,0x00,0x00,0x00,0x00,0x00,0x00,0x00,0xFF,0xFF,0xFF,0xFF,0x00,0x00,0x00,0x00,0x00,0x00,0x00,0xFF,0xFF,0xFF,0xFF,0x00,0x00,0x00,0x00,0x00,0x00,0x00,0xFF,0xFF,0xFF,
	0xFF,0xFF,0xFF,0x00,0x00,0xFF,0xFF,0xFF,0xFF,0xFF,0xFF,0xFF,0xFF,0xFF,0xFF,0xFF,0xFF,0xFF,0x00,0x00,0x00,0x00,0x00,0x00,0x00,0x00,0x00,0x00,0x00,0x00,0x00,0x00,0x00,0x00,0x00,0x00,0xFF,0xFF,0xFF,0xFF,0x00,0x00,0x00,0x00,0x00,0x00,0x00,0xFF,0xFF,0xFF,0xFF,0x00,0x00,0x00,0x00,0x00,0x00,0x00,0xFF,0xFF,0xFF,0xFF,0xFF,0xFF,
	0x00,0x00,0xFF,0xFF,0xFF,0xFF,0xFF,0x00,0x00,0x00,0x00,0x00,0x00,0x00,0x00,0x00,0x00,0x00,0x00,0x00,0x00,0x00,0x00,0x00,0x00,0x00,0x00,0x00,0x00,0x00,0x00,0x00,0x00,0xFF,0xFF,0xFF,0xFF,0x00,0x00,0x00,0x00,0x00,0x00,0x00,0xFF,0xFF,0xFF,0xFF,0x00,0x00,0x00,0x00,0x00,0x00,0x00,0xFF,0xFF,0xFF,0xFF,0xFF,0xFF,0x00,0x00,0xFF,
	0xFF,0xFF,0xFF,0xFF,0x00,0x00,0x00,0x00,0x00,0x00,0x00,0x00,0x00,0x00,0x00,0x00,0x00,0x00,0x00,0x00,0x00,0x00,0x00,0x00,0x00,0x00,0x00,0x00,0x00,0x00,0xFF,0xFF,0xFF,0xFF,0x00,0x00,0x00,0x00,0x00,0x00,0x00,0xFF,0xFF,0xFF,0xFF,0xFF,0x00,0x00,0x00,0x00,0x00,0x00,0xFF,0xFF,0xFF,0xFF,0xFF,0xFF,0x00,0x00,0xFF,0xFF,0xFF,0xFF,
	0xFF,0x00,0x00,0x00,0x00,0x00,0x00,0x00,0x00,0x00,0x00,0x00,0x00,0x00,0x00,0x00,0x00,0x00,0x00,0x00,0x00,0x00,0x00,0x00,0x00,0x00,0x00,0xFF,0xFF,0xFF,0xFF,0x00,0x00,0x00,0x00,0x00,0x00,0x00,0xFF,0xFF,0xFF,0xFF,0xFF,0xFF,0x00,0x00,0x00,0x00,0x00,0xFF,0xFF,0xFF,0xFF,0xFF,0x00,0x00,0x00,0xFF,0xFF,0xFF,0xFF,0xFF,0x00,0x00,
	0x00,0x00,0x00,0x00,0x00,0x00,0x00,0x00,0x00,0x00,0x00,0x00,0x00,0x00,0x00,0x00,0x00,0x00,0x00,0x00,0x00,0x00,0x00,0x00,0xFF,0xFF,0xFF,0xFF,0x00,0x00,0x00,0x00,0x00,0x00,0x00,0xFF,0xFF,0xFF,0xFF,0xFF,0xFF,0xFF,0xFF,0xFF,0xFF,0xFF,0xFF,0xFF,0xFF,0xFF,0xFF,0x00,0x00,0x00,0xFF,0xFF,0xFF,0xFF,0xFF,0xFF,0xFF,0xFF,0xFF,0xFF,
	0xFF,0xFF,0xFF,0x00,0x00,0x00,0x00,0x00,0x00,0x00,0x00,0x00,0x00,0x00,0x00,0x00,0x00,0x00,0x00,0x00,0x00,0xFF,0xFF,0xFF,0xFF,0x00,0x00,0x00,0x00,0x00,0x00,0x00,0x00,0xFF,0xFF,0xFF,0xFF,0xFF,0xFF,0xFF,0xFF,0xFF,0xFF,0xFF,0xFF,0xFF,0xFF,0x00,0x00,0x00,0x00,0xFF,0xFF,0xFF,0xFF,0xFF,0xFF,0xFF,0xFF,0xFF,0xFF,0xFF,0xFF,0xFF,
	0x00,0x00,0x00,0x00,0x00,0x00,0x00,0x00,0x00,0x00,0x00,0x00,0x00,0x00,0x00,0x00,0x00,0x00,0xFF,0xFF,0xFF,0xFF,0x00,0x00,0x00,0x00,0x00,0x00,0x00,0x00,0xFF,0xFF,0xFF,0xFF,0xFF,0xFF,0xFF,0xFF,0xFF,0xFF,0xFF,0xFF,0xFF,0x00,0x00,0x00,0x00,0x00,0xFF,0xFF,0xFF,0xFF,0xFF,0xFF,0xFF,0xFF,0xFF,0xFF,0xFF,0xFF,0xFF,0x00,0x00,0x00,
	0x00,0x00,0x00,0x00,0x00,0x00,0x00,0x00,0x00,0x00,0x00,0x00,0x00,0x00,0x00,0xFF,0xFF,0xFF,0xFF,0x00,0x00,0x00,0x00,0x00,0x00,0x00,0x00,0x00,0xFF,0xFF,0xFF,0xFF,0xFF,0xFF,0xFF,0xFF,0xFF,0xFF,0xFF,0xFF,0x00,0x00,0x00,0x00,0x00,0xFF,0xFF,0xFF,0xFF,0xFF,0xFF,0xFF,0xFF,0xFF,0xFF,0xFF,0xFF,0xFF,0x00,0x00,0x00,0x00,0x00,0x00,
	0x00,0x00,0x00,0x00,0x00,0x00,0x00,0x00,0x00,0x00,0x00,0x00,0xFF,0xFF,0xFF,0xFF,0x00,0x00,0x00,0x00,0x00,0x00,0x00,0x00,0x00,0x00,0x00,0x00,0xFF,0xFF,0xFF,0xFF,0xFF,0x00,0x00,0x00,0x00,0x00,0x00,0x00,0x00,0x00,0xFF,0xFF,0xFF,0xFF,0xFF,0xFF,0xFF,0xFF,0xFF,0xFF,0xFF,0xFF,0x00,0x00,0x00,0x00,0x00,0x00,0x00,0x00,
    };
        


const lv_img_dsc_t face_228_390_dial_img_8_235158_1 = {
    .header.magic = LV_IMAGE_HEADER_MAGIC,
    .header.w = 61,
    .header.h = 22,
    .data_size = sizeof(face_228_390_dial_img_8_235158_data_1),
    .header.cf = LV_COLOR_FORMAT_RGB565A8,
    .data = face_228_390_dial_img_8_235158_data_1};

    
// LVGL 9 format (RGB565) // LVGL_9 compatible 
const LV_ATTRIBUTE_MEM_ALIGN uint8_t face_228_390_dial_img_8_235158_data_2[] = {
	//RGB565 data 
	0x00,0x00,0x00,0x00,0x00,0x00,0x00,0x00,0x00,0x00,0x00,0x00,0x00,0x00,0x00,0x00,0x00,0x00,0x00,0x00,0x00,0x00,0x00,0x00,0x00,0x00,0x00,0x00,0x00,0x00,0x00,0x00,0x00,0x00,0x00,0x00,0x00,0x00,0x00,0x00,0x00,0x00,0x00,0x00,0x00,0x00,0x00,0x00,0x00,0x00,0x00,0x00,0x00,0x00,0x00,0x00,0x00,0x00,0x00,0x00,0x00,0x00,0x00,0x00,
	0x00,0x00,0x00,0x00,0x00,0x00,0x00,0x00,0x00,0x00,0x00,0x00,0x00,0x00,0x00,0x00,0x00,0x00,0x00,0x00,0x00,0x00,0x00,0x00,0x00,0x00,0x00,0x00,0x00,0x00,0x00,0x00,0x00,0x00,0x00,0x00,0x00,0x00,0x00,0x00,0x00,0x00,0x00,0x00,0x00,0x00,0x00,0x00,0x00,0x00,0x00,0x00,0x00,0x00,0x00,0x00,0x00,0x00,0x00,0x00,0x45,0x29,0xCB,0x5A,
	0x49,0x4A,0x45,0x29,0x00,0x00,0x00,0x00,0x00,0x00,0x00,0x00,0x00,0x00,0x00,0x00,0xC3,0x18,0x86,0x31,0x49,0x4A,0x86,0x31,0xC3,0x18,0x00,0x00,0x00,0x00,0x00,0x00,0x00,0x00,0x00,0x00,0x00,0x00,0x45,0x29,0xCB,0x5A,0x49,0x4A,0x45,0x29,0x00,0x00,0x00,0x00,0x61,0x08,0x86,0x31,0x49,0x4A,0x49,0x4A,0xCB,0x5A,0xCB,0x5A,0xCB,0x5A,
	0xCB,0x5A,0xCB,0x5A,0xCB,0x5A,0xCB,0x5A,0x49,0x4A,0x45,0x29,0x61,0x08,0x00,0x00,0x00,0x00,0x61,0x08,0x49,0x4A,0xCB,0x5A,0x49,0x4A,0x49,0x4A,0x49,0x4A,0x49,0x4A,0x49,0x4A,0x49,0x4A,0x86,0x31,0x45,0x29,0x61,0x08,0x00,0x00,0x00,0x00,0x00,0x00,0x00,0x00,0x00,0x00,0x00,0x00,0xCB,0x5A,0x9A,0xD6,0x18,0xC6,0xF0,0x83,0x61,0x08,
	0x00,0x00,0x00,0x00,0x00,0x00,0x00,0x00,0x00,0x00,0xCB,0x5A,0xF3,0x9C,0x18,0xC6,0xF3,0x9C,0x49,0x4A,0x61,0x08,0x00,0x00,0x00,0x00,0x00,0x00,0x00,0x00,0x00,0x00,0x8E,0x73,0x9A,0xD6,0xF3,0x9C,0xCB,0x5A,0x00,0x00,0x00,0x00,0xC3,0x18,0xF0,0x83,0x18,0xC6,0x9A,0xD6,0x18,0xC6,0x18,0xC6,0x18,0xC6,0x18,0xC6,0x18,0xC6,0x18,0xC6,
	0x9A,0xD6,0x18,0xC6,0xCB,0x5A,0xC3,0x18,0x00,0x00,0x00,0x00,0x45,0x29,0x18,0xC6,0x9A,0xD6,0x18,0xC6,0x18,0xC6,0x18,0xC6,0x18,0xC6,0x9A,0xD6,0x18,0xC6,0xF3,0x9C,0xF0,0x83,0x49,0x4A,0xC3,0x18,0x00,0x00,0x00,0x00,0x00,0x00,0x00,0x00,0x00,0x00,0xCB,0x5A,0x9A,0xD6,0xDF,0xFF,0x18,0xC6,0x61,0x08,0x00,0x00,0x00,0x00,0x00,0x00,
	0x00,0x00,0x00,0x00,0xF0,0x83,0x9A,0xD6,0xDF,0xFF,0x18,0xC6,0x8E,0x73,0xC3,0x18,0x00,0x00,0x00,0x00,0x00,0x00,0x00,0x00,0x45,0x29,0xF3,0x9C,0xDF,0xFF,0x18,0xC6,0xCB,0x5A,0x00,0x00,0x00,0x00,0x45,0x29,0xF3,0x9C,0x5D,0xEF,0xDF,0xFF,0x9A,0xD6,0x9A,0xD6,0x9A,0xD6,0x9A,0xD6,0x9A,0xD6,0x9A,0xD6,0x9A,0xD6,0x18,0xC6,0xCB,0x5A,
	0xC3,0x18,0x00,0x00,0x00,0x00,0x45,0x29,0x9A,0xD6,0xDF,0xFF,0x5D,0xEF,0x9A,0xD6,0x9A,0xD6,0x9A,0xD6,0x5D,0xEF,0xFF,0xFF,0xDF,0xFF,0x5D,0xEF,0x9A,0xD6,0xF3,0x9C,0x49,0x4A,0x00,0x00,0x00,0x00,0x00,0x00,0x00,0x00,0x49,0x4A,0x18,0xC6,0xFF,0xFF,0x9A,0xD6,0x45,0x29,0x00,0x00,0x00,0x00,0x00,0x00,0x00,0x00,0x61,0x08,0xF3,0x9C,
	0xDF,0xFF,0xFF,0xFF,0x5D,0xEF,0xF3,0x9C,0xC3,0x18,0x00,0x00,0x00,0x00,0x00,0x00,0x61,0x08,0x49,0x4A,0x18,0xC6,0xFF,0xFF,0xF3,0x9C,0x86,0x31,0x00,0x00,0x00,0x00,0x45,0x29,0xF3,0x9C,0xDF,0xFF,0xDF,0xFF,0xF3,0x9C,0xF0,0x83,0xF0,0x83,0xF0,0x83,0xF0,0x83,0xF0,0x83,0xF0,0x83,0xF0,0x83,0x86,0x31,0x61,0x08,0x00,0x00,0x00,0x00,
	0x45,0x29,0x5D,0xEF,0xFF,0xFF,0x9A,0xD6,0xF3,0x9C,0xF0,0x83,0xF0,0x83,0xF3,0x9C,0xF3,0x9C,0x18,0xC6,0x5D,0xEF,0xFF,0xFF,0x5D,0xEF,0xF3,0x9C,0x45,0x29,0x61,0x08,0x00,0x00,0x00,0x00,0x86,0x31,0xF3,0x9C,0xDF,0xFF,0x9A,0xD6,0x49,0x4A,0x61,0x08,0x00,0x00,0x00,0x00,0x00,0x00,0x45,0x29,0x18,0xC6,0xFF,0xFF,0x5D,0xEF,0xDF,0xFF,
	0x18,0xC6,0x45,0x29,0x00,0x00,0x00,0x00,0x00,0x00,0xC3,0x18,0x8E,0x73,0x9A,0xD6,0xDF,0xFF,0x8E,0x73,0xC3,0x18,0x00,0x00,0x00,0x00,0x45,0x29,0xF3,0x9C,0xDF,0xFF,0x5D,0xEF,0x86,0x31,0x00,0x00,0x00,0x00,0x00,0x00,0x00,0x00,0x00,0x00,0x00,0x00,0x00,0x00,0x00,0x00,0x00,0x00,0x00,0x00,0x00,0x00,0x45,0x29,0x5D,0xEF,0xFF,0xFF,
	0x18,0xC6,0x45,0x29,0x00,0x00,0x00,0x00,0x00,0x00,0x00,0x00,0x45,0x29,0x8E,0x73,0x9A,0xD6,0xFF,0xFF,0x5D,0xEF,0xF0,0x83,0x45,0x29,0x00,0x00,0x00,0x00,0xC3,0x18,0x8E,0x73,0x5D,0xEF,0x5D,0xEF,0x8E,0x73,0x45,0x29,0x00,0x00,0x00,0x00,0x61,0x08,0x49,0x4A,0x9A,0xD6,0xDF,0xFF,0x18,0xC6,0x5D,0xEF,0x5D,0xEF,0x86,0x31,0x00,0x00,
	0x00,0x00,0x00,0x00,0x45,0x29,0xF3,0x9C,0xDF,0xFF,0xDF,0xFF,0x49,0x4A,0x00,0x00,0x00,0x00,0x00,0x00,0x45,0x29,0xF3,0x9C,0xDF,0xFF,0x5D,0xEF,0x86,0x31,0x00,0x00,0x00,0x00,0x00,0x00,0x00,0x00,0x00,0x00,0x00,0x00,0x00,0x00,0x00,0x00,0x00,0x00,0x00,0x00,0x00,0x00,0x45,0x29,0x5D,0xEF,0xFF,0xFF,0xF3,0x9C,0x45,0x29,0x00,0x00,
	0x00,0x00,0x00,0x00,0x00,0x00,0x00,0x00,0x45,0x29,0x8E,0x73,0x9A,0xD6,0xFF,0xFF,0x9A,0xD6,0x49,0x4A,0x00,0x00,0x00,0x00,0x61,0x08,0x49,0x4A,0x9A,0xD6,0xDF,0xFF,0xF3,0x9C,0x86,0x31,0x00,0x00,0x00,0x00,0x45,0x29,0xF0,0x83,0x5D,0xEF,0x9A,0xD6,0x8E,0x73,0x18,0xC6,0xDF,0xFF,0xCB,0x5A,0x61,0x08,0x00,0x00,0x00,0x00,0x45,0x29,
	0x18,0xC6,0xDF,0xFF,0x9A,0xD6,0x45,0x29,0x00,0x00,0x00,0x00,0x00,0x00,0x45,0x29,0xF3,0x9C,0xDF,0xFF,0x5D,0xEF,0x86,0x31,0x00,0x00,0x00,0x00,0x00,0x00,0x00,0x00,0x00,0x00,0x00,0x00,0x00,0x00,0x00,0x00,0x00,0x00,0x00,0x00,0x00,0x00,0x45,0x29,0x5D,0xEF,0xFF,0xFF,0x18,0xC6,0x45,0x29,0x00,0x00,0x00,0x00,0x00,0x00,0x00,0x00,
	0x00,0x00,0x00,0x00,0xC3,0x18,0xF3,0x9C,0xDF,0xFF,0xFF,0xFF,0x8E,0x73,0x61,0x08,0x00,0x00,0x00,0x00,0xC3,0x18,0x18,0xC6,0xFF,0xFF,0x18,0xC6,0x49,0x4A,0x00,0x00,0x00,0x00,0x86,0x31,0xF3,0x9C,0x5D,0xEF,0x18,0xC6,0x45,0x29,0xF3,0x9C,0xDF,0xFF,0xF0,0x83,0x45,0x29,0x00,0x00,0x00,0x00,0x86,0x31,0x5D,0xEF,0xDF,0xFF,0xF3,0x9C,
	0x45,0x29,0x00,0x00,0x00,0x00,0x00,0x00,0x45,0x29,0xF3,0x9C,0xDF,0xFF,0x5D,0xEF,0x86,0x31,0x00,0x00,0x00,0x00,0x00,0x00,0x00,0x00,0x00,0x00,0x00,0x00,0x00,0x00,0x00,0x00,0x00,0x00,0x00,0x00,0x00,0x00,0x45,0x29,0x5D,0xEF,0xFF,0xFF,0x18,0xC6,0x45,0x29,0x00,0x00,0x00,0x00,0x00,0x00,0x00,0x00,0x00,0x00,0x00,0x00,0x61,0x08,
	0x8E,0x73,0x9A,0xD6,0xFF,0xFF,0xF0,0x83,0x86,0x31,0x00,0x00,0x00,0x00,0x61,0x08,0xF3,0x9C,0xDF,0xFF,0x5D,0xEF,0xCB,0x5A,0x00,0x00,0x00,0x00,0x49,0x4A,0x18,0xC6,0x9A,0xD6,0xF0,0x83,0x61,0x08,0xF0,0x83,0xDF,0xFF,0xF3,0x9C,0x49,0x4A,0x00,0x00,0x00,0x00,0x49,0x4A,0x5D,0xEF,0x9A,0xD6,0xF0,0x83,0xC3,0x18,0x00,0x00,0x00,0x00,
	0x00,0x00,0x45,0x29,0xF3,0x9C,0xDF,0xFF,0xDF,0xFF,0xF0,0x83,0x8E,0x73,0x8E,0x73,0x8E,0x73,0x8E,0x73,0x8E,0x73,0x8E,0x73,0xCB,0x5A,0xC3,0x18,0x00,0x00,0x00,0x00,0x00,0x00,0x45,0x29,0x5D,0xEF,0xFF,0xFF,0x18,0xC6,0x45,0x29,0x00,0x00,0x00,0x00,0x00,0x00,0x00,0x00,0x00,0x00,0x00,0x00,0x00,0x00,0xCB,0x5A,0x18,0xC6,0xFF,0xFF,
	0xF3,0x9C,0x49,0x4A,0x00,0x00,0x00,0x00,0x00,0x00,0xF0,0x83,0x5D,0xEF,0xDF,0xFF,0x8E,0x73,0x00,0x00,0x00,0x00,0xCB,0x5A,0x5D,0xEF,0x18,0xC6,0xCB,0x5A,0x00,0x00,0x8E,0x73,0x5D,0xEF,0x18,0xC6,0xCB,0x5A,0x00,0x00,0x61,0x08,0x8E,0x73,0xDF,0xFF,0x18,0xC6,0xCB,0x5A,0x61,0x08,0x00,0x00,0x00,0x00,0x00,0x00,0x45,0x29,0xF3,0x9C,
	0x5D,0xEF,0xFF,0xFF,0x9A,0xD6,0x18,0xC6,0x9A,0xD6,0x9A,0xD6,0x9A,0xD6,0x9A,0xD6,0x9A,0xD6,0x18,0xC6,0x86,0x31,0x00,0x00,0x00,0x00,0x00,0x00,0x45,0x29,0x5D,0xEF,0xFF,0xFF,0x18,0xC6,0x45,0x29,0x00,0x00,0x00,0x00,0x00,0x00,0x00,0x00,0x00,0x00,0x00,0x00,0x00,0x00,0xCB,0x5A,0x18,0xC6,0xFF,0xFF,0xF3,0x9C,0xCB,0x5A,0x00,0x00,
	0x00,0x00,0x00,0x00,0xCB,0x5A,0x18,0xC6,0xFF,0xFF,0xF0,0x83,0xC3,0x18,0x61,0x08,0xF0,0x83,0xDF,0xFF,0xF3,0x9C,0x86,0x31,0x00,0x00,0xCB,0x5A,0x18,0xC6,0x5D,0xEF,0xF0,0x83,0x00,0x00,0x86,0x31,0xF3,0x9C,0xFF,0xFF,0xF3,0x9C,0x45,0x29,0x00,0x00,0x00,0x00,0x00,0x00,0x00,0x00,0x45,0x29,0xF3,0x9C,0x5D,0xEF,0xFF,0xFF,0x9A,0xD6,
	0x18,0xC6,0x9A,0xD6,0x9A,0xD6,0x9A,0xD6,0x9A,0xD6,0x9A,0xD6,0x18,0xC6,0x86,0x31,0x00,0x00,0x00,0x00,0x00,0x00,0x45,0x29,0x5D,0xEF,0xFF,0xFF,0x18,0xC6,0x45,0x29,0x00,0x00,0x00,0x00,0x00,0x00,0x00,0x00,0x00,0x00,0x00,0x00,0x00,0x00,0xCB,0x5A,0x18,0xC6,0xFF,0xFF,0x18,0xC6,0xF0,0x83,0x00,0x00,0x00,0x00,0x00,0x00,0x86,0x31,
	0xF3,0x9C,0xFF,0xFF,0xF3,0x9C,0x49,0x4A,0x86,0x31,0xF3,0x9C,0xFF,0xFF,0xF0,0x83,0xC3,0x18,0x00,0x00,0x86,0x31,0xF3,0x9C,0x5D,0xEF,0xF3,0x9C,0x61,0x08,0x49,0x4A,0x18,0xC6,0xFF,0xFF,0xF0,0x83,0x61,0x08,0x00,0x00,0x00,0x00,0x00,0x00,0x00,0x00,0x45,0x29,0xF3,0x9C,0xDF,0xFF,0xDF,0xFF,0xF0,0x83,0x8E,0x73,0x8E,0x73,0x8E,0x73,
	0x8E,0x73,0x8E,0x73,0x8E,0x73,0xCB,0x5A,0xC3,0x18,0x00,0x00,0x00,0x00,0x00,0x00,0x45,0x29,0x5D,0xEF,0xFF,0xFF,0x18,0xC6,0x45,0x29,0x00,0x00,0x00,0x00,0x00,0x00,0x00,0x00,0x00,0x00,0x00,0x00,0x00,0x00,0xCB,0x5A,0x18,0xC6,0xFF,0xFF,0xF3,0x9C,0xCB,0x5A,0x00,0x00,0x00,0x00,0x00,0x00,0xC3,0x18,0x8E,0x73,0xDF,0xFF,0x18,0xC6,
	0x8E,0x73,0xCB,0x5A,0xF3,0x9C,0xDF,0xFF,0xCB,0x5A,0x00,0x00,0x00,0x00,0x45,0x29,0x8E,0x73,0xDF,0xFF,0x18,0xC6,0x45,0x29,0x8E,0x73,0x18,0xC6,0x5D,0xEF,0x8E,0x73,0x00,0x00,0x00,0x00,0x00,0x00,0x00,0x00,0x00,0x00,0x45,0x29,0xF3,0x9C,0xDF,0xFF,0x5D,0xEF,0x86,0x31,0x00,0x00,0x00,0x00,0x00,0x00,0x00,0x00,0x00,0x00,0x00,0x00,
	0x00,0x00,0x00,0x00,0x00,0x00,0x00,0x00,0x00,0x00,0x45,0x29,0x5D,0xEF,0xFF,0xFF,0x18,0xC6,0x45,0x29,0x00,0x00,0x00,0x00,0x00,0x00,0x00,0x00,0x00,0x00,0x00,0x00,0x00,0x00,0xCB,0x5A,0x18,0xC6,0xFF,0xFF,0xF3,0x9C,0x86,0x31,0x00,0x00,0x00,0x00,0x00,0x00,0x00,0x00,0xCB,0x5A,0xFF,0xFF,0x9A,0xD6,0xF0,0x83,0xF0,0x83,0x18,0xC6,
	0x9A,0xD6,0x49,0x4A,0x00,0x00,0x00,0x00,0x61,0x08,0x49,0x4A,0x5D,0xEF,0x18,0xC6,0x49,0x4A,0xF3,0x9C,0x9A,0xD6,0x9A,0xD6,0xCB,0x5A,0x00,0x00,0x00,0x00,0x00,0x00,0x00,0x00,0x00,0x00,0x45,0x29,0xF3,0x9C,0xDF,0xFF,0x5D,0xEF,0x86,0x31,0x00,0x00,0x00,0x00,0x00,0x00,0x00,0x00,0x00,0x00,0x00,0x00,0x00,0x00,0x00,0x00,0x00,0x00,
	0x00,0x00,0x00,0x00,0x45,0x29,0x5D,0xEF,0xFF,0xFF,0x18,0xC6,0x45,0x29,0x00,0x00,0x00,0x00,0x00,0x00,0x00,0x00,0x00,0x00,0x00,0x00,0x00,0x00,0xF0,0x83,0x5D,0xEF,0xFF,0xFF,0xF0,0x83,0xC3,0x18,0x00,0x00,0x00,0x00,0x00,0x00,0x00,0x00,0x86,0x31,0x5D,0xEF,0x9A,0xD6,0x18,0xC6,0x18,0xC6,0x18,0xC6,0x18,0xC6,0x86,0x31,0x00,0x00,
	0x00,0x00,0x00,0x00,0x45,0x29,0x9A,0xD6,0x9A,0xD6,0xF0,0x83,0x9A,0xD6,0x5D,0xEF,0xF3,0x9C,0x49,0x4A,0x00,0x00,0x00,0x00,0x00,0x00,0x00,0x00,0x00,0x00,0x45,0x29,0xF3,0x9C,0xDF,0xFF,0x5D,0xEF,0x86,0x31,0x00,0x00,0x00,0x00,0x00,0x00,0x00,0x00,0x00,0x00,0x00,0x00,0x00,0x00,0x00,0x00,0x00,0x00,0x00,0x00,0x00,0x00,0x45,0x29,
	0x5D,0xEF,0xFF,0xFF,0xF3,0x9C,0x45,0x29,0x00,0x00,0x00,0x00,0x00,0x00,0x00,0x00,0x00,0x00,0x00,0x00,0x45,0x29,0x18,0xC6,0xFF,0xFF,0xDF,0xFF,0x8E,0x73,0x61,0x08,0x00,0x00,0x00,0x00,0x00,0x00,0x00,0x00,0x86,0x31,0x18,0xC6,0x9A,0xD6,0x5D,0xEF,0x5D,0xEF,0x18,0xC6,0xF0,0x83,0x45,0x29,0x00,0x00,0x00,0x00,0x00,0x00,0xC3,0x18,
	0xF3,0x9C,0x9A,0xD6,0x18,0xC6,0xDF,0xFF,0x5D,0xEF,0xF0,0x83,0x86,0x31,0x00,0x00,0x00,0x00,0x00,0x00,0x00,0x00,0x00,0x00,0x45,0x29,0xF3,0x9C,0xDF,0xFF,0x5D,0xEF,0x86,0x31,0x00,0x00,0x00,0x00,0x00,0x00,0x00,0x00,0x00,0x00,0x00,0x00,0x00,0x00,0x00,0x00,0x00,0x00,0x00,0x00,0x00,0x00,0x45,0x29,0x5D,0xEF,0xFF,0xFF,0x18,0xC6,
	0x45,0x29,0x00,0x00,0x00,0x00,0x00,0x00,0x00,0x00,0x00,0x00,0x45,0x29,0xF0,0x83,0x5D,0xEF,0xFF,0xFF,0x18,0xC6,0x49,0x4A,0x00,0x00,0x00,0x00,0x00,0x00,0x00,0x00,0x00,0x00,0x45,0x29,0xF3,0x9C,0x9A,0xD6,0xDF,0xFF,0xDF,0xFF,0x18,0xC6,0xCB,0x5A,0xC3,0x18,0x00,0x00,0x00,0x00,0x00,0x00,0x61,0x08,0xF0,0x83,0x9A,0xD6,0x5D,0xEF,
	0xFF,0xFF,0x9A,0xD6,0xCB,0x5A,0xC3,0x18,0x00,0x00,0x00,0x00,0x00,0x00,0x00,0x00,0x00,0x00,0x45,0x29,0xF3,0x9C,0xDF,0xFF,0xDF,0xFF,0x8E,0x73,0x49,0x4A,0x49,0x4A,0x49,0x4A,0x49,0x4A,0x49,0x4A,0xCB,0x5A,0x49,0x4A,0x45,0x29,0x61,0x08,0x00,0x00,0x00,0x00,0x45,0x29,0x5D,0xEF,0xFF,0xFF,0x18,0xC6,0x8E,0x73,0x49,0x4A,0x49,0x4A,
	0x49,0x4A,0xCB,0x5A,0x8E,0x73,0xF3,0x9C,0x5D,0xEF,0xFF,0xFF,0x9A,0xD6,0xCB,0x5A,0xC3,0x18,0x00,0x00,0x00,0x00,0x00,0x00,0x00,0x00,0x00,0x00,0xC3,0x18,0xCB,0x5A,0x18,0xC6,0xFF,0xFF,0xFF,0xFF,0x18,0xC6,0x45,0x29,0x00,0x00,0x00,0x00,0x00,0x00,0x00,0x00,0x61,0x08,0xCB,0x5A,0x18,0xC6,0xFF,0xFF,0xFF,0xFF,0x9A,0xD6,0x86,0x31,
	0x00,0x00,0x00,0x00,0x00,0x00,0x00,0x00,0x00,0x00,0x00,0x00,0x45,0x29,0xF3,0x9C,0xDF,0xFF,0xFF,0xFF,0x18,0xC6,0xF3,0x9C,0xF3,0x9C,0xF3,0x9C,0xF3,0x9C,0xF3,0x9C,0x18,0xC6,0xF3,0x9C,0x49,0x4A,0xC3,0x18,0x00,0x00,0x00,0x00,0x86,0x31,0x5D,0xEF,0xFF,0xFF,0x5D,0xEF,0x18,0xC6,0xF3,0x9C,0xF3,0x9C,0xF3,0x9C,0x18,0xC6,0x9A,0xD6,
	0x5D,0xEF,0xDF,0xFF,0x9A,0xD6,0xF0,0x83,0xC3,0x18,0x00,0x00,0x00,0x00,0x00,0x00,0x00,0x00,0x00,0x00,0x00,0x00,0x61,0x08,0x45,0x29,0xF3,0x9C,0xFF,0xFF,0xFF,0xFF,0xF3,0x9C,0x00,0x00,0x00,0x00,0x00,0x00,0x00,0x00,0x00,0x00,0x61,0x08,0x86,0x31,0xF3,0x9C,0xFF,0xFF,0xFF,0xFF,0x18,0xC6,0x61,0x08,0x00,0x00,0x00,0x00,0x00,0x00,
	0x00,0x00,0x00,0x00,0x00,0x00,0x45,0x29,0x18,0xC6,0x5D,0xEF,0xFF,0xFF,0xFF,0xFF,0xFF,0xFF,0xFF,0xFF,0xFF,0xFF,0xFF,0xFF,0xFF,0xFF,0xFF,0xFF,0xDF,0xFF,0x8E,0x73,0xC3,0x18,0x00,0x00,0x00,0x00,0x45,0x29,0x5D,0xEF,0xFF,0xFF,0xFF,0xFF,0xFF,0xFF,0xFF,0xFF,0xFF,0xFF,0xFF,0xFF,0xFF,0xFF,0xFF,0xFF,0x5D,0xEF,0xF3,0x9C,0x49,0x4A,
	0xC3,0x18,0x00,0x00,0x00,0x00,0x00,0x00,0x00,0x00,0x00,0x00,0x00,0x00,0x00,0x00,0x00,0x00,0x61,0x08,0xCB,0x5A,0xF3,0x9C,0xF3,0x9C,0xCB,0x5A,0x00,0x00,0x00,0x00,0x00,0x00,0x00,0x00,0x00,0x00,0x00,0x00,0xC3,0x18,0xCB,0x5A,0xF3,0x9C,0xF3,0x9C,0xCB,0x5A,0x00,0x00,0x00,0x00,0x00,0x00,0x00,0x00,0x00,0x00,0x00,0x00,0x00,0x00,
	0xC3,0x18,0x8E,0x73,0xF0,0x83,0xF3,0x9C,0xF3,0x9C,0xF3,0x9C,0xF3,0x9C,0xF3,0x9C,0xF3,0x9C,0xF3,0x9C,0xF3,0x9C,0xF3,0x9C,0x49,0x4A,0x61,0x08,0x00,0x00,0x00,0x00,0xC3,0x18,0xF0,0x83,0xF3,0x9C,0xF3,0x9C,0xF3,0x9C,0xF3,0x9C,0xF3,0x9C,0xF3,0x9C,0xF3,0x9C,0xF0,0x83,0xCB,0x5A,0x86,0x31,0x61,0x08,0x00,0x00,0x00,0x00,0x00,0x00,
	0x00,0x00,0x00,0x00,0x00,0x00,0x00,0x00,0x00,0x00,0x00,0x00,0x00,0x00,0xC3,0x18,0x45,0x29,0x45,0x29,0x61,0x08,0x00,0x00,0x00,0x00,0x00,0x00,0x00,0x00,0x00,0x00,0x00,0x00,0x00,0x00,0xC3,0x18,0x45,0x29,0x45,0x29,0xC3,0x18,0x00,0x00,0x00,0x00,0x00,0x00,0x00,0x00,0x00,0x00,0x00,0x00,0x00,0x00,0x00,0x00,0xC3,0x18,0x45,0x29,
	0x45,0x29,0x45,0x29,0x45,0x29,0x45,0x29,0x45,0x29,0x45,0x29,0x45,0x29,0x86,0x31,0x45,0x29,0x61,0x08,0x00,0x00,0x00,0x00,0x00,0x00,0x61,0x08,0x45,0x29,0x86,0x31,0x45,0x29,0x45,0x29,0x86,0x31,0x45,0x29,0x45,0x29,0x61,0x08,0x00,0x00,0x00,0x00,0x00,0x00,0x00,0x00,0x00,0x00,0x00,0x00,0x00,0x00,0x00,0x00,

	// Alpha Channel 
	0x00,0x00,0x00,0x00,0x00,0x00,0x00,0x00,0x00,0x00,0x00,0x00,0x00,0x00,0x00,0x00,0x00,0x00,0x00,0x00,0x00,0x00,0x00,0x00,0x00,0x00,0x00,0x00,0x00,0x00,0x00,0x00,0x00,0x00,0x00,0x00,0x00,0x00,0x00,0x00,0x00,0x00,0x00,0x00,0x00,0x00,0x00,0x00,0x00,0x00,0x00,0x00,0x00,0x00,0x00,0x00,0x00,0x00,0x00,0x00,0x00,0x00,0xFF,0xFF,
	0xFF,0xFF,0x00,0x00,0x00,0x00,0x00,0x00,0xFF,0xFF,0xFF,0xFF,0xFF,0x00,0x00,0x00,0x00,0x00,0x00,0xFF,0xFF,0xFF,0xFF,0x00,0x00,0xFF,0xFF,0xFF,0xFF,0xFF,0xFF,0xFF,0xFF,0xFF,0xFF,0xFF,0xFF,0xFF,0xFF,0x00,0x00,0xFF,0xFF,0xFF,0xFF,0xFF,0xFF,0xFF,0xFF,0xFF,0xFF,0xFF,0xFF,0x00,0x00,0x00,0x00,0x00,0x00,0xFF,0xFF,0xFF,0xFF,0xFF,
	0x00,0x00,0x00,0x00,0x00,0xFF,0xFF,0xFF,0xFF,0xFF,0xFF,0x00,0x00,0x00,0x00,0x00,0xFF,0xFF,0xFF,0xFF,0x00,0x00,0xFF,0xFF,0xFF,0xFF,0xFF,0xFF,0xFF,0xFF,0xFF,0xFF,0xFF,0xFF,0xFF,0xFF,0x00,0x00,0xFF,0xFF,0xFF,0xFF,0xFF,0xFF,0xFF,0xFF,0xFF,0xFF,0xFF,0xFF,0xFF,0x00,0x00,0x00,0x00,0x00,0xFF,0xFF,0xFF,0xFF,0xFF,0x00,0x00,0x00,
	0x00,0x00,0xFF,0xFF,0xFF,0xFF,0xFF,0xFF,0x00,0x00,0x00,0x00,0xFF,0xFF,0xFF,0xFF,0xFF,0x00,0x00,0xFF,0xFF,0xFF,0xFF,0xFF,0xFF,0xFF,0xFF,0xFF,0xFF,0xFF,0xFF,0xFF,0xFF,0x00,0x00,0xFF,0xFF,0xFF,0xFF,0xFF,0xFF,0xFF,0xFF,0xFF,0xFF,0xFF,0xFF,0xFF,0xFF,0x00,0x00,0x00,0x00,0xFF,0xFF,0xFF,0xFF,0xFF,0x00,0x00,0x00,0x00,0xFF,0xFF,
	0xFF,0xFF,0xFF,0xFF,0xFF,0x00,0x00,0x00,0xFF,0xFF,0xFF,0xFF,0xFF,0xFF,0x00,0x00,0xFF,0xFF,0xFF,0xFF,0xFF,0xFF,0xFF,0xFF,0xFF,0xFF,0xFF,0xFF,0xFF,0xFF,0x00,0x00,0xFF,0xFF,0xFF,0xFF,0xFF,0xFF,0xFF,0xFF,0xFF,0xFF,0xFF,0xFF,0xFF,0xFF,0xFF,0xFF,0x00,0x00,0xFF,0xFF,0xFF,0xFF,0xFF,0xFF,0x00,0x00,0x00,0xFF,0xFF,0xFF,0xFF,0xFF,
	0xFF,0xFF,0x00,0x00,0x00,0xFF,0xFF,0xFF,0xFF,0xFF,0xFF,0x00,0x00,0xFF,0xFF,0xFF,0xFF,0xFF,0x00,0x00,0x00,0x00,0x00,0x00,0x00,0x00,0x00,0x00,0x00,0xFF,0xFF,0xFF,0xFF,0xFF,0x00,0x00,0x00,0x00,0xFF,0xFF,0xFF,0xFF,0xFF,0xFF,0xFF,0x00,0x00,0xFF,0xFF,0xFF,0xFF,0xFF,0xFF,0x00,0x00,0xFF,0xFF,0xFF,0xFF,0xFF,0xFF,0xFF,0xFF,0x00,
	0x00,0x00,0xFF,0xFF,0xFF,0xFF,0xFF,0x00,0x00,0x00,0xFF,0xFF,0xFF,0xFF,0xFF,0x00,0x00,0x00,0x00,0x00,0x00,0x00,0x00,0x00,0x00,0x00,0xFF,0xFF,0xFF,0xFF,0xFF,0x00,0x00,0x00,0x00,0x00,0xFF,0xFF,0xFF,0xFF,0xFF,0xFF,0x00,0x00,0xFF,0xFF,0xFF,0xFF,0xFF,0xFF,0x00,0x00,0xFF,0xFF,0xFF,0xFF,0xFF,0xFF,0xFF,0xFF,0xFF,0x00,0x00,0xFF,
	0xFF,0xFF,0xFF,0xFF,0x00,0x00,0x00,0xFF,0xFF,0xFF,0xFF,0xFF,0x00,0x00,0x00,0x00,0x00,0x00,0x00,0x00,0x00,0x00,0x00,0xFF,0xFF,0xFF,0xFF,0xFF,0x00,0x00,0x00,0x00,0x00,0x00,0xFF,0xFF,0xFF,0xFF,0xFF,0xFF,0x00,0x00,0xFF,0xFF,0xFF,0xFF,0xFF,0x00,0x00,0xFF,0xFF,0xFF,0xFF,0xFF,0xFF,0xFF,0xFF,0xFF,0x00,0x00,0xFF,0xFF,0xFF,0xFF,
	0xFF,0x00,0x00,0x00,0xFF,0xFF,0xFF,0xFF,0xFF,0x00,0x00,0x00,0x00,0x00,0x00,0x00,0x00,0x00,0x00,0x00,0xFF,0xFF,0xFF,0xFF,0xFF,0x00,0x00,0x00,0x00,0x00,0x00,0xFF,0xFF,0xFF,0xFF,0xFF,0xFF,0x00,0x00,0xFF,0xFF,0xFF,0xFF,0xFF,0x00,0x00,0xFF,0xFF,0xFF,0xFF,0xFF,0xFF,0xFF,0xFF,0xFF,0x00,0x00,0xFF,0xFF,0xFF,0xFF,0xFF,0x00,0x00,
	0x00,0xFF,0xFF,0xFF,0xFF,0xFF,0xFF,0xFF,0xFF,0xFF,0xFF,0xFF,0xFF,0xFF,0x00,0x00,0x00,0xFF,0xFF,0xFF,0xFF,0xFF,0x00,0x00,0x00,0x00,0x00,0x00,0x00,0xFF,0xFF,0xFF,0xFF,0xFF,0x00,0x00,0x00,0xFF,0xFF,0xFF,0xFF,0x00,0x00,0xFF,0xFF,0xFF,0xFF,0x00,0xFF,0xFF,0xFF,0xFF,0x00,0xFF,0xFF,0xFF,0xFF,0xFF,0xFF,0x00,0x00,0x00,0xFF,0xFF,
	0xFF,0xFF,0xFF,0xFF,0xFF,0xFF,0xFF,0xFF,0xFF,0xFF,0xFF,0x00,0x00,0x00,0xFF,0xFF,0xFF,0xFF,0xFF,0x00,0x00,0x00,0x00,0x00,0x00,0x00,0xFF,0xFF,0xFF,0xFF,0xFF,0x00,0x00,0x00,0xFF,0xFF,0xFF,0xFF,0xFF,0xFF,0xFF,0xFF,0xFF,0xFF,0x00,0xFF,0xFF,0xFF,0xFF,0x00,0xFF,0xFF,0xFF,0xFF,0xFF,0x00,0x00,0x00,0x00,0xFF,0xFF,0xFF,0xFF,0xFF,
	0xFF,0xFF,0xFF,0xFF,0xFF,0xFF,0xFF,0xFF,0x00,0x00,0x00,0xFF,0xFF,0xFF,0xFF,0xFF,0x00,0x00,0x00,0x00,0x00,0x00,0x00,0xFF,0xFF,0xFF,0xFF,0xFF,0x00,0x00,0x00,0xFF,0xFF,0xFF,0xFF,0xFF,0xFF,0xFF,0xFF,0xFF,0xFF,0x00,0xFF,0xFF,0xFF,0xFF,0xFF,0xFF,0xFF,0xFF,0xFF,0xFF,0x00,0x00,0x00,0x00,0xFF,0xFF,0xFF,0xFF,0xFF,0xFF,0xFF,0xFF,
	0xFF,0xFF,0xFF,0xFF,0xFF,0x00,0x00,0x00,0xFF,0xFF,0xFF,0xFF,0xFF,0x00,0x00,0x00,0x00,0x00,0x00,0x00,0xFF,0xFF,0xFF,0xFF,0xFF,0x00,0x00,0x00,0xFF,0xFF,0xFF,0xFF,0xFF,0xFF,0xFF,0xFF,0xFF,0x00,0x00,0xFF,0xFF,0xFF,0xFF,0xFF,0xFF,0xFF,0xFF,0xFF,0x00,0x00,0x00,0x00,0x00,0xFF,0xFF,0xFF,0xFF,0xFF,0x00,0x00,0x00,0x00,0x00,0x00,
	0x00,0x00,0x00,0x00,0x00,0xFF,0xFF,0xFF,0xFF,0xFF,0x00,0x00,0x00,0x00,0x00,0x00,0x00,0xFF,0xFF,0xFF,0xFF,0xFF,0x00,0x00,0x00,0x00,0xFF,0xFF,0xFF,0xFF,0xFF,0xFF,0xFF,0xFF,0x00,0x00,0xFF,0xFF,0xFF,0xFF,0xFF,0xFF,0xFF,0xFF,0xFF,0x00,0x00,0x00,0x00,0x00,0xFF,0xFF,0xFF,0xFF,0xFF,0x00,0x00,0x00,0x00,0x00,0x00,0x00,0x00,0x00,
	0x00,0x00,0xFF,0xFF,0xFF,0xFF,0xFF,0x00,0x00,0x00,0x00,0x00,0x00,0x00,0xFF,0xFF,0xFF,0xFF,0xFF,0x00,0x00,0x00,0x00,0xFF,0xFF,0xFF,0xFF,0xFF,0xFF,0xFF,0xFF,0x00,0x00,0x00,0xFF,0xFF,0xFF,0xFF,0xFF,0xFF,0xFF,0xFF,0x00,0x00,0x00,0x00,0x00,0xFF,0xFF,0xFF,0xFF,0xFF,0x00,0x00,0x00,0x00,0x00,0x00,0x00,0x00,0x00,0x00,0x00,0xFF,
	0xFF,0xFF,0xFF,0xFF,0x00,0x00,0x00,0x00,0x00,0x00,0xFF,0xFF,0xFF,0xFF,0xFF,0xFF,0x00,0x00,0x00,0x00,0xFF,0xFF,0xFF,0xFF,0xFF,0xFF,0xFF,0xFF,0x00,0x00,0x00,0xFF,0xFF,0xFF,0xFF,0xFF,0xFF,0xFF,0xFF,0x00,0x00,0x00,0x00,0x00,0xFF,0xFF,0xFF,0xFF,0xFF,0x00,0x00,0x00,0x00,0x00,0x00,0x00,0x00,0x00,0x00,0x00,0xFF,0xFF,0xFF,0xFF,
	0xFF,0x00,0x00,0x00,0x00,0x00,0xFF,0xFF,0xFF,0xFF,0xFF,0xFF,0x00,0x00,0x00,0x00,0x00,0xFF,0xFF,0xFF,0xFF,0xFF,0xFF,0xFF,0xFF,0x00,0x00,0x00,0xFF,0xFF,0xFF,0xFF,0xFF,0xFF,0xFF,0xFF,0x00,0x00,0x00,0x00,0x00,0xFF,0xFF,0xFF,0xFF,0xFF,0xFF,0xFF,0xFF,0xFF,0xFF,0xFF,0xFF,0xFF,0xFF,0x00,0x00,0xFF,0xFF,0xFF,0xFF,0xFF,0xFF,0xFF,
	0xFF,0xFF,0xFF,0xFF,0xFF,0xFF,0xFF,0xFF,0xFF,0x00,0x00,0x00,0x00,0x00,0xFF,0xFF,0xFF,0xFF,0xFF,0xFF,0xFF,0x00,0x00,0x00,0x00,0xFF,0xFF,0xFF,0xFF,0xFF,0xFF,0xFF,0x00,0x00,0x00,0x00,0x00,0x00,0xFF,0xFF,0xFF,0xFF,0xFF,0xFF,0xFF,0xFF,0xFF,0xFF,0xFF,0xFF,0xFF,0xFF,0x00,0x00,0xFF,0xFF,0xFF,0xFF,0xFF,0xFF,0xFF,0xFF,0xFF,0xFF,
	0xFF,0xFF,0xFF,0xFF,0xFF,0x00,0x00,0x00,0x00,0x00,0x00,0xFF,0xFF,0xFF,0xFF,0xFF,0xFF,0x00,0x00,0x00,0x00,0x00,0xFF,0xFF,0xFF,0xFF,0xFF,0xFF,0xFF,0x00,0x00,0x00,0x00,0x00,0x00,0xFF,0xFF,0xFF,0xFF,0xFF,0xFF,0xFF,0xFF,0xFF,0xFF,0xFF,0xFF,0xFF,0xFF,0x00,0x00,0xFF,0xFF,0xFF,0xFF,0xFF,0xFF,0xFF,0xFF,0xFF,0xFF,0xFF,0xFF,0xFF,
	0xFF,0x00,0x00,0x00,0x00,0x00,0x00,0x00,0x00,0xFF,0xFF,0xFF,0xFF,0xFF,0x00,0x00,0x00,0x00,0x00,0x00,0xFF,0xFF,0xFF,0xFF,0xFF,0x00,0x00,0x00,0x00,0x00,0x00,0x00,0xFF,0xFF,0xFF,0xFF,0xFF,0xFF,0xFF,0xFF,0xFF,0xFF,0xFF,0xFF,0xFF,0xFF,0x00,0x00,0xFF,0xFF,0xFF,0xFF,0xFF,0xFF,0xFF,0xFF,0xFF,0xFF,0xFF,0xFF,0xFF,0x00,0x00,0x00,
	0x00,0x00,0x00,0x00,0x00,0x00,0x00,0xFF,0xFF,0xFF,0xFF,0x00,0x00,0x00,0x00,0x00,0x00,0x00,0xFF,0xFF,0xFF,0xFF,0x00,0x00,0x00,0x00,0x00,0x00,0x00,0x00,0xFF,0xFF,0xFF,0xFF,0xFF,0xFF,0xFF,0xFF,0xFF,0xFF,0xFF,0xFF,0x00,0x00,0x00,0xFF,0xFF,0xFF,0xFF,0xFF,0xFF,0xFF,0xFF,0xFF,0x00,0x00,0x00,0x00,0x00,0x00,0x00,0x00,
    };
        


const lv_img_dsc_t face_228_390_dial_img_8_235158_2 = {
    .header.magic = LV_IMAGE_HEADER_MAGIC,
    .header.w = 61,
    .header.h = 22,
    .data_size = sizeof(face_228_390_dial_img_8_235158_data_2),
    .header.cf = LV_COLOR_FORMAT_RGB565A8,
    .data = face_228_390_dial_img_8_235158_data_2};

    
// LVGL 9 format (RGB565) // LVGL_9 compatible 
const LV_ATTRIBUTE_MEM_ALIGN uint8_t face_228_390_dial_img_8_235158_data_3[] = {
	//RGB565 data 
	0x00,0x00,0x00,0x00,0x00,0x00,0x00,0x00,0x00,0x00,0x00,0x00,0x00,0x00,0x00,0x00,0x00,0x00,0x00,0x00,0x00,0x00,0x00,0x00,0x00,0x00,0x00,0x00,0x00,0x00,0x00,0x00,0x00,0x00,0x00,0x00,0x00,0x00,0x00,0x00,0x00,0x00,0x00,0x00,0x00,0x00,0x00,0x00,0x00,0x00,0x00,0x00,0x00,0x00,0x00,0x00,0x00,0x00,0x00,0x00,0x00,0x00,0x00,0x00,
	0x00,0x00,0x00,0x00,0x00,0x00,0x00,0x00,0x00,0x00,0x00,0x00,0x00,0x00,0x00,0x00,0x00,0x00,0x00,0x00,0x00,0x00,0x00,0x00,0x00,0x00,0x00,0x00,0x00,0x00,0x00,0x00,0x00,0x00,0x00,0x00,0x00,0x00,0x00,0x00,0x00,0x00,0x00,0x00,0x00,0x00,0x00,0x00,0x00,0x00,0x00,0x00,0x00,0x00,0x00,0x00,0x00,0x00,0x00,0x00,0x00,0x00,0x00,0x00,
	0x86,0x31,0xCB,0x5A,0xCB,0x5A,0xCB,0x5A,0x49,0x4A,0x49,0x4A,0x49,0x4A,0xCB,0x5A,0xCB,0x5A,0xCB,0x5A,0xCB,0x5A,0xCB,0x5A,0x49,0x4A,0xC3,0x18,0x00,0x00,0x00,0x00,0x45,0x29,0x49,0x4A,0xCB,0x5A,0x45,0x29,0x00,0x00,0x00,0x00,0x00,0x00,0x00,0x00,0x00,0x00,0x00,0x00,0x00,0x00,0x00,0x00,0xC3,0x18,0x49,0x4A,0x49,0x4A,0x45,0x29,
	0x61,0x08,0x00,0x00,0x00,0x00,0x00,0x00,0xC3,0x18,0x49,0x4A,0x49,0x4A,0x45,0x29,0x61,0x08,0x00,0x00,0x00,0x00,0x00,0x00,0x00,0x00,0x00,0x00,0x00,0x00,0x00,0x00,0xC3,0x18,0x49,0x4A,0xCB,0x5A,0x86,0x31,0x61,0x08,0x00,0x00,0x00,0x00,0x00,0x00,0x00,0x00,0x00,0x00,0x00,0x00,0x00,0x00,0x00,0x00,0xF3,0x9C,0x9A,0xD6,0x18,0xC6,
	0x18,0xC6,0x18,0xC6,0x18,0xC6,0x18,0xC6,0x18,0xC6,0x18,0xC6,0x18,0xC6,0x18,0xC6,0x9A,0xD6,0x18,0xC6,0x49,0x4A,0x61,0x08,0x00,0x00,0xCB,0x5A,0x18,0xC6,0x9A,0xD6,0xCB,0x5A,0x00,0x00,0x00,0x00,0x00,0x00,0x00,0x00,0x00,0x00,0x00,0x00,0x00,0x00,0x61,0x08,0x49,0x4A,0x18,0xC6,0x18,0xC6,0x8E,0x73,0xC3,0x18,0x00,0x00,0x00,0x00,
	0x61,0x08,0x49,0x4A,0x18,0xC6,0x18,0xC6,0x8E,0x73,0x45,0x29,0x00,0x00,0x00,0x00,0x00,0x00,0x00,0x00,0x00,0x00,0x00,0x00,0x00,0x00,0xCB,0x5A,0xF3,0x9C,0x9A,0xD6,0xF0,0x83,0x45,0x29,0x61,0x08,0x00,0x00,0x00,0x00,0x00,0x00,0x00,0x00,0x00,0x00,0x00,0x00,0x00,0x00,0xF3,0x9C,0x5D,0xEF,0x9A,0xD6,0x9A,0xD6,0x9A,0xD6,0x5D,0xEF,
	0xDF,0xFF,0xDF,0xFF,0x9A,0xD6,0x9A,0xD6,0x9A,0xD6,0x9A,0xD6,0x18,0xC6,0xCB,0x5A,0x61,0x08,0x00,0x00,0x8E,0x73,0x9A,0xD6,0xDF,0xFF,0xF0,0x83,0x00,0x00,0x00,0x00,0x00,0x00,0x00,0x00,0x00,0x00,0x00,0x00,0x00,0x00,0xC3,0x18,0xCB,0x5A,0x9A,0xD6,0x5D,0xEF,0xF0,0x83,0x45,0x29,0x00,0x00,0x00,0x00,0x61,0x08,0x49,0x4A,0x9A,0xD6,
	0x5D,0xEF,0xF0,0x83,0x45,0x29,0x00,0x00,0x00,0x00,0x00,0x00,0x00,0x00,0x00,0x00,0x00,0x00,0x00,0x00,0x8E,0x73,0x9A,0xD6,0xDF,0xFF,0xF3,0x9C,0x86,0x31,0x61,0x08,0x00,0x00,0x00,0x00,0x00,0x00,0x00,0x00,0x00,0x00,0x00,0x00,0x00,0x00,0xCB,0x5A,0xF0,0x83,0xF0,0x83,0xF0,0x83,0xF0,0x83,0x9A,0xD6,0xFF,0xFF,0xFF,0xFF,0xF3,0x9C,
	0xF0,0x83,0xF0,0x83,0xF0,0x83,0x8E,0x73,0x86,0x31,0x00,0x00,0x00,0x00,0xF0,0x83,0x5D,0xEF,0xFF,0xFF,0xF0,0x83,0x00,0x00,0x00,0x00,0x00,0x00,0x00,0x00,0x00,0x00,0x00,0x00,0x00,0x00,0xC3,0x18,0xCB,0x5A,0x5D,0xEF,0x5D,0xEF,0xF0,0x83,0x45,0x29,0x00,0x00,0x00,0x00,0xC3,0x18,0xCB,0x5A,0x5D,0xEF,0x5D,0xEF,0xF0,0x83,0x45,0x29,
	0x00,0x00,0x00,0x00,0x00,0x00,0x00,0x00,0x00,0x00,0x00,0x00,0x00,0x00,0x8E,0x73,0x9A,0xD6,0xFF,0xFF,0x18,0xC6,0x86,0x31,0x61,0x08,0x00,0x00,0x00,0x00,0x00,0x00,0x00,0x00,0x00,0x00,0x00,0x00,0x00,0x00,0x00,0x00,0x00,0x00,0x00,0x00,0x00,0x00,0xC3,0x18,0xF3,0x9C,0xDF,0xFF,0xDF,0xFF,0x49,0x4A,0x00,0x00,0x00,0x00,0x00,0x00,
	0x00,0x00,0x00,0x00,0x00,0x00,0x00,0x00,0xF0,0x83,0x5D,0xEF,0xFF,0xFF,0xF0,0x83,0x00,0x00,0x00,0x00,0x00,0x00,0x00,0x00,0x00,0x00,0x00,0x00,0x00,0x00,0xC3,0x18,0xCB,0x5A,0x5D,0xEF,0x5D,0xEF,0xF0,0x83,0x45,0x29,0x00,0x00,0x00,0x00,0xC3,0x18,0xCB,0x5A,0x5D,0xEF,0x5D,0xEF,0xF0,0x83,0x45,0x29,0x00,0x00,0x00,0x00,0x00,0x00,
	0x00,0x00,0x00,0x00,0x00,0x00,0x00,0x00,0x8E,0x73,0x9A,0xD6,0xFF,0xFF,0x18,0xC6,0x86,0x31,0x61,0x08,0x00,0x00,0x00,0x00,0x00,0x00,0x00,0x00,0x00,0x00,0x00,0x00,0x00,0x00,0x00,0x00,0x00,0x00,0x00,0x00,0x00,0x00,0x61,0x08,0xF3,0x9C,0xDF,0xFF,0xDF,0xFF,0x49,0x4A,0x00,0x00,0x00,0x00,0x00,0x00,0x00,0x00,0x00,0x00,0x00,0x00,
	0x00,0x00,0xF0,0x83,0x5D,0xEF,0xFF,0xFF,0xF0,0x83,0x00,0x00,0x00,0x00,0x00,0x00,0x00,0x00,0x00,0x00,0x00,0x00,0x00,0x00,0xC3,0x18,0xCB,0x5A,0x5D,0xEF,0x5D,0xEF,0xF0,0x83,0x45,0x29,0x00,0x00,0x00,0x00,0xC3,0x18,0xCB,0x5A,0x5D,0xEF,0x5D,0xEF,0xF0,0x83,0x45,0x29,0x00,0x00,0x00,0x00,0x00,0x00,0x00,0x00,0x00,0x00,0x00,0x00,
	0x00,0x00,0x8E,0x73,0x9A,0xD6,0xFF,0xFF,0x18,0xC6,0x86,0x31,0x61,0x08,0x00,0x00,0x00,0x00,0x00,0x00,0x00,0x00,0x00,0x00,0x00,0x00,0x00,0x00,0x00,0x00,0x00,0x00,0x00,0x00,0x00,0x00,0xC3,0x18,0xF3,0x9C,0xDF,0xFF,0xDF,0xFF,0x49,0x4A,0x00,0x00,0x00,0x00,0x00,0x00,0x00,0x00,0x00,0x00,0x00,0x00,0x00,0x00,0xF0,0x83,0x5D,0xEF,
	0xFF,0xFF,0xF0,0x83,0x00,0x00,0x00,0x00,0x00,0x00,0x00,0x00,0x00,0x00,0x00,0x00,0x00,0x00,0x61,0x08,0xCB,0x5A,0x5D,0xEF,0x5D,0xEF,0xF0,0x83,0x45,0x29,0x00,0x00,0x00,0x00,0xC3,0x18,0xCB,0x5A,0x5D,0xEF,0x5D,0xEF,0xF0,0x83,0x45,0x29,0x00,0x00,0x00,0x00,0x00,0x00,0x00,0x00,0x00,0x00,0x00,0x00,0x00,0x00,0x8E,0x73,0x9A,0xD6,
	0xFF,0xFF,0x18,0xC6,0x86,0x31,0x61,0x08,0x00,0x00,0x00,0x00,0x00,0x00,0x00,0x00,0x00,0x00,0x00,0x00,0x00,0x00,0x00,0x00,0x00,0x00,0x00,0x00,0x00,0x00,0xC3,0x18,0xF3,0x9C,0xDF,0xFF,0xDF,0xFF,0x49,0x4A,0x00,0x00,0x00,0x00,0x00,0x00,0x00,0x00,0x00,0x00,0x00,0x00,0x00,0x00,0xF0,0x83,0x5D,0xEF,0xFF,0xFF,0xF0,0x83,0x00,0x00,
	0x00,0x00,0x00,0x00,0x00,0x00,0x00,0x00,0x00,0x00,0x00,0x00,0x61,0x08,0x49,0x4A,0x5D,0xEF,0x5D,0xEF,0xF0,0x83,0x45,0x29,0x00,0x00,0x00,0x00,0xC3,0x18,0xCB,0x5A,0x5D,0xEF,0x5D,0xEF,0xF0,0x83,0x45,0x29,0x00,0x00,0x00,0x00,0x00,0x00,0x00,0x00,0x00,0x00,0x00,0x00,0x00,0x00,0x8E,0x73,0x9A,0xD6,0xFF,0xFF,0x18,0xC6,0x86,0x31,
	0x61,0x08,0x00,0x00,0x00,0x00,0x00,0x00,0x00,0x00,0x00,0x00,0x00,0x00,0x00,0x00,0x00,0x00,0x00,0x00,0x00,0x00,0x00,0x00,0xC3,0x18,0xF3,0x9C,0xDF,0xFF,0xDF,0xFF,0x49,0x4A,0x00,0x00,0x00,0x00,0x00,0x00,0x00,0x00,0x00,0x00,0x00,0x00,0x00,0x00,0xF0,0x83,0x5D,0xEF,0xFF,0xFF,0x18,0xC6,0x8E,0x73,0x8E,0x73,0x8E,0x73,0x8E,0x73,
	0x8E,0x73,0x8E,0x73,0x8E,0x73,0x8E,0x73,0xF3,0x9C,0xDF,0xFF,0x5D,0xEF,0xF0,0x83,0x45,0x29,0x00,0x00,0x00,0x00,0xC3,0x18,0xCB,0x5A,0x5D,0xEF,0x5D,0xEF,0xF0,0x83,0x45,0x29,0x00,0x00,0x00,0x00,0x00,0x00,0x00,0x00,0x00,0x00,0x00,0x00,0x00,0x00,0x8E,0x73,0x9A,0xD6,0xFF,0xFF,0x18,0xC6,0x86,0x31,0x61,0x08,0x00,0x00,0x00,0x00,
	0x00,0x00,0x00,0x00,0x00,0x00,0x00,0x00,0x00,0x00,0x00,0x00,0x00,0x00,0x00,0x00,0x00,0x00,0xC3,0x18,0xF3,0x9C,0xDF,0xFF,0xDF,0xFF,0x49,0x4A,0x00,0x00,0x00,0x00,0x00,0x00,0x00,0x00,0x00,0x00,0x00,0x00,0x00,0x00,0xF0,0x83,0x9A,0xD6,0xFF,0xFF,0x5D,0xEF,0x18,0xC6,0x9A,0xD6,0x9A,0xD6,0x9A,0xD6,0x9A,0xD6,0x9A,0xD6,0x9A,0xD6,
	0x9A,0xD6,0x5D,0xEF,0xFF,0xFF,0x5D,0xEF,0xF0,0x83,0x45,0x29,0x00,0x00,0x00,0x00,0xC3,0x18,0xCB,0x5A,0x5D,0xEF,0x5D,0xEF,0xF0,0x83,0x45,0x29,0x00,0x00,0x00,0x00,0x00,0x00,0x00,0x00,0x00,0x00,0x00,0x00,0x00,0x00,0x8E,0x73,0x9A,0xD6,0xFF,0xFF,0x18,0xC6,0x86,0x31,0x61,0x08,0x00,0x00,0x00,0x00,0x00,0x00,0x00,0x00,0x00,0x00,
	0x00,0x00,0x00,0x00,0x00,0x00,0x00,0x00,0x00,0x00,0x00,0x00,0xC3,0x18,0xF3,0x9C,0xDF,0xFF,0xDF,0xFF,0x49,0x4A,0x00,0x00,0x00,0x00,0x00,0x00,0x00,0x00,0x00,0x00,0x00,0x00,0x00,0x00,0xF0,0x83,0x9A,0xD6,0xFF,0xFF,0x5D,0xEF,0x18,0xC6,0x9A,0xD6,0x9A,0xD6,0x9A,0xD6,0x9A,0xD6,0x9A,0xD6,0x9A,0xD6,0x9A,0xD6,0x5D,0xEF,0xFF,0xFF,
	0x5D,0xEF,0xF0,0x83,0x45,0x29,0x00,0x00,0x00,0x00,0xC3,0x18,0xCB,0x5A,0x5D,0xEF,0x5D,0xEF,0xF0,0x83,0x45,0x29,0x00,0x00,0x00,0x00,0x00,0x00,0x00,0x00,0x00,0x00,0x00,0x00,0x00,0x00,0x8E,0x73,0x9A,0xD6,0xFF,0xFF,0x18,0xC6,0x86,0x31,0x61,0x08,0x00,0x00,0x00,0x00,0x00,0x00,0x00,0x00,0x00,0x00,0x00,0x00,0x00,0x00,0x00,0x00,
	0x00,0x00,0x00,0x00,0x00,0x00,0xC3,0x18,0xF3,0x9C,0xDF,0xFF,0xDF,0xFF,0x49,0x4A,0x00,0x00,0x00,0x00,0x00,0x00,0x00,0x00,0x00,0x00,0x00,0x00,0x00,0x00,0xF0,0x83,0x5D,0xEF,0xFF,0xFF,0x18,0xC6,0x8E,0x73,0x8E,0x73,0x8E,0x73,0x8E,0x73,0x8E,0x73,0x8E,0x73,0x8E,0x73,0x8E,0x73,0xF3,0x9C,0xDF,0xFF,0x5D,0xEF,0xF0,0x83,0x45,0x29,
	0x00,0x00,0x00,0x00,0xC3,0x18,0xCB,0x5A,0x5D,0xEF,0x5D,0xEF,0xF0,0x83,0x45,0x29,0x00,0x00,0x00,0x00,0x00,0x00,0x00,0x00,0x00,0x00,0x00,0x00,0x00,0x00,0x8E,0x73,0x9A,0xD6,0xFF,0xFF,0x18,0xC6,0x86,0x31,0x61,0x08,0x00,0x00,0x00,0x00,0x00,0x00,0x00,0x00,0x00,0x00,0x00,0x00,0x00,0x00,0x00,0x00,0x00,0x00,0x00,0x00,0x00,0x00,
	0xC3,0x18,0xF3,0x9C,0xDF,0xFF,0xDF,0xFF,0x49,0x4A,0x00,0x00,0x00,0x00,0x00,0x00,0x00,0x00,0x00,0x00,0x00,0x00,0x00,0x00,0xF0,0x83,0x5D,0xEF,0xFF,0xFF,0xF0,0x83,0x00,0x00,0x00,0x00,0x00,0x00,0x00,0x00,0x00,0x00,0x00,0x00,0x00,0x00,0x61,0x08,0x49,0x4A,0x5D,0xEF,0x5D,0xEF,0xF0,0x83,0x45,0x29,0x00,0x00,0x00,0x00,0x61,0x08,
	0x49,0x4A,0x5D,0xEF,0x5D,0xEF,0xF0,0x83,0x45,0x29,0x00,0x00,0x00,0x00,0x00,0x00,0x00,0x00,0x00,0x00,0x00,0x00,0x00,0x00,0x8E,0x73,0x9A,0xD6,0xFF,0xFF,0x18,0xC6,0x86,0x31,0x61,0x08,0x00,0x00,0x00,0x00,0x00,0x00,0x00,0x00,0x00,0x00,0x00,0x00,0x00,0x00,0x00,0x00,0x00,0x00,0x00,0x00,0x00,0x00,0xC3,0x18,0xF3,0x9C,0xDF,0xFF,
	0xDF,0xFF,0x49,0x4A,0x00,0x00,0x00,0x00,0x00,0x00,0x00,0x00,0x00,0x00,0x00,0x00,0x00,0x00,0xF0,0x83,0x5D,0xEF,0xFF,0xFF,0xF0,0x83,0x00,0x00,0x00,0x00,0x00,0x00,0x00,0x00,0x00,0x00,0x00,0x00,0x00,0x00,0x61,0x08,0xCB,0x5A,0x5D,0xEF,0x5D,0xEF,0xF0,0x83,0x45,0x29,0x00,0x00,0x00,0x00,0x00,0x00,0x86,0x31,0x9A,0xD6,0xDF,0xFF,
	0xF3,0x9C,0x86,0x31,0x00,0x00,0x00,0x00,0x00,0x00,0x00,0x00,0x00,0x00,0x00,0x00,0x00,0x00,0x8E,0x73,0x9A,0xD6,0xFF,0xFF,0xF3,0x9C,0xC3,0x18,0x00,0x00,0x00,0x00,0x00,0x00,0x00,0x00,0x00,0x00,0x00,0x00,0x00,0x00,0x00,0x00,0x00,0x00,0x00,0x00,0x00,0x00,0x00,0x00,0xC3,0x18,0xF3,0x9C,0xDF,0xFF,0xDF,0xFF,0x49,0x4A,0x00,0x00,
	0x00,0x00,0x00,0x00,0x00,0x00,0x00,0x00,0x00,0x00,0x00,0x00,0xF0,0x83,0x5D,0xEF,0xFF,0xFF,0xF0,0x83,0x00,0x00,0x00,0x00,0x00,0x00,0x00,0x00,0x00,0x00,0x00,0x00,0x00,0x00,0xC3,0x18,0xCB,0x5A,0x5D,0xEF,0x5D,0xEF,0xF0,0x83,0x45,0x29,0x00,0x00,0x00,0x00,0x00,0x00,0x45,0x29,0x9A,0xD6,0xFF,0xFF,0x18,0xC6,0x49,0x4A,0x00,0x00,
	0x00,0x00,0x00,0x00,0x00,0x00,0x00,0x00,0x00,0x00,0x00,0x00,0xF0,0x83,0x5D,0xEF,0xFF,0xFF,0xF3,0x9C,0x00,0x00,0x00,0x00,0x00,0x00,0x00,0x00,0x00,0x00,0x00,0x00,0x00,0x00,0x00,0x00,0x00,0x00,0x00,0x00,0x00,0x00,0x00,0x00,0x00,0x00,0xC3,0x18,0xF3,0x9C,0xDF,0xFF,0xDF,0xFF,0x49,0x4A,0x00,0x00,0x00,0x00,0x00,0x00,0x00,0x00,
	0x00,0x00,0x00,0x00,0x00,0x00,0xF0,0x83,0x5D,0xEF,0xFF,0xFF,0xF0,0x83,0x00,0x00,0x00,0x00,0x00,0x00,0x00,0x00,0x00,0x00,0x00,0x00,0x00,0x00,0xC3,0x18,0xCB,0x5A,0x5D,0xEF,0x5D,0xEF,0xF0,0x83,0x45,0x29,0x00,0x00,0x00,0x00,0x00,0x00,0x61,0x08,0xF3,0x9C,0xFF,0xFF,0x5D,0xEF,0x8E,0x73,0x00,0x00,0x00,0x00,0x00,0x00,0x00,0x00,
	0x00,0x00,0x00,0x00,0xC3,0x18,0xF3,0x9C,0xFF,0xFF,0xDF,0xFF,0xF0,0x83,0x00,0x00,0x00,0x00,0x00,0x00,0x00,0x00,0x00,0x00,0x00,0x00,0x00,0x00,0x00,0x00,0x00,0x00,0x00,0x00,0x00,0x00,0x00,0x00,0x00,0x00,0xC3,0x18,0xF3,0x9C,0xDF,0xFF,0xDF,0xFF,0x49,0x4A,0x00,0x00,0x00,0x00,0x00,0x00,0x00,0x00,0x00,0x00,0x00,0x00,0x00,0x00,
	0xF0,0x83,0x5D,0xEF,0xFF,0xFF,0xF0,0x83,0x00,0x00,0x00,0x00,0x00,0x00,0x00,0x00,0x00,0x00,0x00,0x00,0x00,0x00,0xC3,0x18,0xCB,0x5A,0x5D,0xEF,0x5D,0xEF,0xF0,0x83,0x45,0x29,0x00,0x00,0x00,0x00,0x00,0x00,0x61,0x08,0x8E,0x73,0x9A,0xD6,0xFF,0xFF,0x18,0xC6,0x8E,0x73,0x86,0x31,0xC3,0x18,0xC3,0x18,0xC3,0x18,0x49,0x4A,0xF3,0x9C,
	0x5D,0xEF,0xFF,0xFF,0xF3,0x9C,0x49,0x4A,0x00,0x00,0x00,0x00,0x00,0x00,0x00,0x00,0x00,0x00,0x00,0x00,0x00,0x00,0x00,0x00,0x00,0x00,0x00,0x00,0x00,0x00,0x00,0x00,0x00,0x00,0xC3,0x18,0xF3,0x9C,0xDF,0xFF,0xFF,0xFF,0xCB,0x5A,0x00,0x00,0x00,0x00,0x00,0x00,0x00,0x00,0x00,0x00,0x00,0x00,0x00,0x00,0xF0,0x83,0x5D,0xEF,0xFF,0xFF,
	0xF0,0x83,0x00,0x00,0x00,0x00,0x00,0x00,0x00,0x00,0x00,0x00,0x00,0x00,0x00,0x00,0xC3,0x18,0xCB,0x5A,0x5D,0xEF,0x5D,0xEF,0xF0,0x83,0x45,0x29,0x00,0x00,0x00,0x00,0x00,0x00,0x00,0x00,0x86,0x31,0xF0,0x83,0x5D,0xEF,0xDF,0xFF,0x9A,0xD6,0xF3,0x9C,0x8E,0x73,0x8E,0x73,0xF0,0x83,0xF3,0x9C,0x5D,0xEF,0xDF,0xFF,0x18,0xC6,0x49,0x4A,
	0xC3,0x18,0x00,0x00,0x00,0x00,0x00,0x00,0x00,0x00,0x00,0x00,0x00,0x00,0x00,0x00,0x00,0x00,0x00,0x00,0x00,0x00,0x00,0x00,0x00,0x00,0x00,0x00,0xC3,0x18,0xF3,0x9C,0xDF,0xFF,0xFF,0xFF,0xCB,0x5A,0x00,0x00,0x00,0x00,0x00,0x00,0x00,0x00,0x00,0x00,0x00,0x00,0x00,0x00,0xF0,0x83,0x5D,0xEF,0xFF,0xFF,0xF0,0x83,0x00,0x00,0x00,0x00,
	0x00,0x00,0x00,0x00,0x00,0x00,0x00,0x00,0x00,0x00,0xC3,0x18,0xCB,0x5A,0x5D,0xEF,0x5D,0xEF,0xF0,0x83,0x45,0x29,0x00,0x00,0x00,0x00,0x00,0x00,0x00,0x00,0x00,0x00,0x45,0x29,0xF0,0x83,0x9A,0xD6,0xFF,0xFF,0xFF,0xFF,0xDF,0xFF,0xDF,0xFF,0xDF,0xFF,0xFF,0xFF,0xDF,0xFF,0xF3,0x9C,0xCB,0x5A,0x61,0x08,0x00,0x00,0x00,0x00,0x00,0x00,
	0x00,0x00,0x00,0x00,0x00,0x00,0x00,0x00,0x00,0x00,0x00,0x00,0x00,0x00,0x00,0x00,0x00,0x00,0x00,0x00,0x00,0x00,0x61,0x08,0xCB,0x5A,0xF3,0x9C,0xF3,0x9C,0x86,0x31,0x00,0x00,0x00,0x00,0x00,0x00,0x00,0x00,0x00,0x00,0x00,0x00,0x00,0x00,0x49,0x4A,0xF0,0x83,0xF3,0x9C,0x49,0x4A,0x00,0x00,0x00,0x00,0x00,0x00,0x00,0x00,0x00,0x00,
	0x00,0x00,0x00,0x00,0x61,0x08,0x86,0x31,0xF0,0x83,0xF0,0x83,0x49,0x4A,0xC3,0x18,0x00,0x00,0x00,0x00,0x00,0x00,0x00,0x00,0x00,0x00,0x00,0x00,0x45,0x29,0xCB,0x5A,0xF0,0x83,0xF3,0x9C,0xF3,0x9C,0xF3,0x9C,0xF3,0x9C,0xF3,0x9C,0x8E,0x73,0x49,0x4A,0xC3,0x18,0x00,0x00,0x00,0x00,0x00,0x00,0x00,0x00,0x00,0x00,0x00,0x00,0x00,0x00,
	0x00,0x00,0x00,0x00,0x00,0x00,0x00,0x00,0x00,0x00,0x00,0x00,0x00,0x00,0x00,0x00,0x00,0x00,0xC3,0x18,0x45,0x29,0x45,0x29,0x61,0x08,0x00,0x00,0x00,0x00,0x00,0x00,0x00,0x00,0x00,0x00,0x00,0x00,0x00,0x00,0x61,0x08,0x45,0x29,0x45,0x29,0xC3,0x18,0x00,0x00,0x00,0x00,0x00,0x00,0x00,0x00,0x00,0x00,0x00,0x00,0x00,0x00,0x00,0x00,
	0x61,0x08,0x45,0x29,0x45,0x29,0x61,0x08,0x00,0x00,0x00,0x00,0x00,0x00,0x00,0x00,0x00,0x00,0x00,0x00,0x00,0x00,0x00,0x00,0x00,0x00,0x00,0x00,0x45,0x29,0x86,0x31,0x45,0x29,0x86,0x31,0xC3,0x18,0x00,0x00,0x00,0x00,0x00,0x00,0x00,0x00,0x00,0x00,0x00,0x00,0x00,0x00,0x00,0x00,0x00,0x00,0x00,0x00,0x00,0x00,

	// Alpha Channel 
	0x00,0x00,0x00,0x00,0x00,0x00,0x00,0x00,0x00,0x00,0x00,0x00,0x00,0x00,0x00,0x00,0x00,0x00,0x00,0x00,0x00,0x00,0x00,0x00,0x00,0x00,0x00,0x00,0x00,0x00,0x00,0x00,0x00,0x00,0x00,0x00,0x00,0x00,0x00,0x00,0x00,0x00,0x00,0x00,0x00,0x00,0x00,0x00,0x00,0x00,0x00,0x00,0x00,0x00,0x00,0x00,0x00,0x00,0x00,0x00,0x00,0x00,0x00,0x00,
	0xFF,0xFF,0xFF,0xFF,0xFF,0xFF,0xFF,0xFF,0xFF,0xFF,0xFF,0xFF,0xFF,0xFF,0x00,0x00,0xFF,0xFF,0xFF,0xFF,0x00,0x00,0x00,0x00,0x00,0x00,0x00,0x00,0xFF,0xFF,0xFF,0xFF,0xFF,0x00,0x00,0x00,0xFF,0xFF,0xFF,0xFF,0xFF,0x00,0x00,0x00,0x00,0x00,0x00,0x00,0xFF,0xFF,0xFF,0xFF,0xFF,0x00,0x00,0x00,0x00,0x00,0x00,0x00,0x00,0xFF,0xFF,0xFF,
	0xFF,0xFF,0xFF,0xFF,0xFF,0xFF,0xFF,0xFF,0xFF,0xFF,0xFF,0xFF,0x00,0xFF,0xFF,0xFF,0xFF,0x00,0x00,0x00,0x00,0x00,0x00,0x00,0xFF,0xFF,0xFF,0xFF,0xFF,0xFF,0x00,0x00,0xFF,0xFF,0xFF,0xFF,0xFF,0xFF,0x00,0x00,0x00,0x00,0x00,0x00,0x00,0xFF,0xFF,0xFF,0xFF,0xFF,0xFF,0x00,0x00,0x00,0x00,0x00,0x00,0x00,0xFF,0xFF,0xFF,0xFF,0xFF,0xFF,
	0xFF,0xFF,0xFF,0xFF,0xFF,0xFF,0xFF,0xFF,0xFF,0x00,0xFF,0xFF,0xFF,0xFF,0x00,0x00,0x00,0x00,0x00,0x00,0x00,0xFF,0xFF,0xFF,0xFF,0xFF,0xFF,0x00,0x00,0xFF,0xFF,0xFF,0xFF,0xFF,0xFF,0x00,0x00,0x00,0x00,0x00,0x00,0x00,0xFF,0xFF,0xFF,0xFF,0xFF,0xFF,0x00,0x00,0x00,0x00,0x00,0x00,0x00,0xFF,0xFF,0xFF,0xFF,0xFF,0xFF,0xFF,0xFF,0xFF,
	0xFF,0xFF,0xFF,0xFF,0xFF,0x00,0x00,0xFF,0xFF,0xFF,0xFF,0x00,0x00,0x00,0x00,0x00,0x00,0x00,0xFF,0xFF,0xFF,0xFF,0xFF,0xFF,0x00,0x00,0xFF,0xFF,0xFF,0xFF,0xFF,0xFF,0x00,0x00,0x00,0x00,0x00,0x00,0x00,0xFF,0xFF,0xFF,0xFF,0xFF,0xFF,0x00,0x00,0x00,0x00,0x00,0x00,0x00,0x00,0x00,0x00,0x00,0xFF,0xFF,0xFF,0xFF,0xFF,0x00,0x00,0x00,
	0x00,0x00,0x00,0x00,0xFF,0xFF,0xFF,0xFF,0x00,0x00,0x00,0x00,0x00,0x00,0x00,0xFF,0xFF,0xFF,0xFF,0xFF,0xFF,0x00,0x00,0xFF,0xFF,0xFF,0xFF,0xFF,0xFF,0x00,0x00,0x00,0x00,0x00,0x00,0x00,0xFF,0xFF,0xFF,0xFF,0xFF,0xFF,0x00,0x00,0x00,0x00,0x00,0x00,0x00,0x00,0x00,0x00,0x00,0xFF,0xFF,0xFF,0xFF,0xFF,0x00,0x00,0x00,0x00,0x00,0x00,
	0x00,0xFF,0xFF,0xFF,0xFF,0x00,0x00,0x00,0x00,0x00,0x00,0x00,0xFF,0xFF,0xFF,0xFF,0xFF,0xFF,0x00,0x00,0xFF,0xFF,0xFF,0xFF,0xFF,0xFF,0x00,0x00,0x00,0x00,0x00,0x00,0x00,0xFF,0xFF,0xFF,0xFF,0xFF,0xFF,0x00,0x00,0x00,0x00,0x00,0x00,0x00,0x00,0x00,0x00,0x00,0xFF,0xFF,0xFF,0xFF,0xFF,0x00,0x00,0x00,0x00,0x00,0x00,0x00,0xFF,0xFF,
	0xFF,0xFF,0x00,0x00,0x00,0x00,0x00,0x00,0x00,0xFF,0xFF,0xFF,0xFF,0xFF,0xFF,0x00,0x00,0xFF,0xFF,0xFF,0xFF,0xFF,0xFF,0x00,0x00,0x00,0x00,0x00,0x00,0x00,0xFF,0xFF,0xFF,0xFF,0xFF,0xFF,0x00,0x00,0x00,0x00,0x00,0x00,0x00,0x00,0x00,0x00,0x00,0xFF,0xFF,0xFF,0xFF,0xFF,0x00,0x00,0x00,0x00,0x00,0x00,0x00,0xFF,0xFF,0xFF,0xFF,0x00,
	0x00,0x00,0x00,0x00,0x00,0x00,0xFF,0xFF,0xFF,0xFF,0xFF,0xFF,0x00,0x00,0xFF,0xFF,0xFF,0xFF,0xFF,0xFF,0x00,0x00,0x00,0x00,0x00,0x00,0x00,0xFF,0xFF,0xFF,0xFF,0xFF,0xFF,0x00,0x00,0x00,0x00,0x00,0x00,0x00,0x00,0x00,0x00,0x00,0xFF,0xFF,0xFF,0xFF,0xFF,0x00,0x00,0x00,0x00,0x00,0x00,0x00,0xFF,0xFF,0xFF,0xFF,0xFF,0xFF,0xFF,0xFF,
	0xFF,0xFF,0xFF,0xFF,0xFF,0xFF,0xFF,0xFF,0xFF,0x00,0x00,0xFF,0xFF,0xFF,0xFF,0xFF,0xFF,0x00,0x00,0x00,0x00,0x00,0x00,0x00,0xFF,0xFF,0xFF,0xFF,0xFF,0xFF,0x00,0x00,0x00,0x00,0x00,0x00,0x00,0x00,0x00,0x00,0x00,0xFF,0xFF,0xFF,0xFF,0xFF,0x00,0x00,0x00,0x00,0x00,0x00,0x00,0xFF,0xFF,0xFF,0xFF,0xFF,0xFF,0xFF,0xFF,0xFF,0xFF,0xFF,
	0xFF,0xFF,0xFF,0xFF,0xFF,0xFF,0x00,0x00,0xFF,0xFF,0xFF,0xFF,0xFF,0xFF,0x00,0x00,0x00,0x00,0x00,0x00,0x00,0xFF,0xFF,0xFF,0xFF,0xFF,0xFF,0x00,0x00,0x00,0x00,0x00,0x00,0x00,0x00,0x00,0x00,0x00,0xFF,0xFF,0xFF,0xFF,0xFF,0x00,0x00,0x00,0x00,0x00,0x00,0x00,0xFF,0xFF,0xFF,0xFF,0xFF,0xFF,0xFF,0xFF,0xFF,0xFF,0xFF,0xFF,0xFF,0xFF,
	0xFF,0xFF,0xFF,0x00,0x00,0xFF,0xFF,0xFF,0xFF,0xFF,0xFF,0x00,0x00,0x00,0x00,0x00,0x00,0x00,0xFF,0xFF,0xFF,0xFF,0xFF,0xFF,0x00,0x00,0x00,0x00,0x00,0x00,0x00,0x00,0x00,0x00,0x00,0xFF,0xFF,0xFF,0xFF,0xFF,0x00,0x00,0x00,0x00,0x00,0x00,0x00,0xFF,0xFF,0xFF,0xFF,0xFF,0xFF,0xFF,0xFF,0xFF,0xFF,0xFF,0xFF,0xFF,0xFF,0xFF,0xFF,0xFF,
	0x00,0x00,0xFF,0xFF,0xFF,0xFF,0xFF,0xFF,0x00,0x00,0x00,0x00,0x00,0x00,0x00,0xFF,0xFF,0xFF,0xFF,0xFF,0xFF,0x00,0x00,0x00,0x00,0x00,0x00,0x00,0x00,0x00,0x00,0x00,0xFF,0xFF,0xFF,0xFF,0xFF,0x00,0x00,0x00,0x00,0x00,0x00,0x00,0xFF,0xFF,0xFF,0xFF,0x00,0x00,0x00,0x00,0x00,0x00,0x00,0xFF,0xFF,0xFF,0xFF,0xFF,0xFF,0x00,0x00,0xFF,
	0xFF,0xFF,0xFF,0xFF,0xFF,0x00,0x00,0x00,0x00,0x00,0x00,0x00,0xFF,0xFF,0xFF,0xFF,0xFF,0xFF,0x00,0x00,0x00,0x00,0x00,0x00,0x00,0x00,0x00,0x00,0x00,0xFF,0xFF,0xFF,0xFF,0xFF,0x00,0x00,0x00,0x00,0x00,0x00,0x00,0xFF,0xFF,0xFF,0xFF,0x00,0x00,0x00,0x00,0x00,0x00,0x00,0xFF,0xFF,0xFF,0xFF,0xFF,0xFF,0x00,0x00,0x00,0xFF,0xFF,0xFF,
	0xFF,0xFF,0x00,0x00,0x00,0x00,0x00,0x00,0x00,0xFF,0xFF,0xFF,0xFF,0xFF,0x00,0x00,0x00,0x00,0x00,0x00,0x00,0x00,0x00,0x00,0x00,0x00,0xFF,0xFF,0xFF,0xFF,0xFF,0x00,0x00,0x00,0x00,0x00,0x00,0x00,0xFF,0xFF,0xFF,0xFF,0x00,0x00,0x00,0x00,0x00,0x00,0x00,0xFF,0xFF,0xFF,0xFF,0xFF,0xFF,0x00,0x00,0x00,0xFF,0xFF,0xFF,0xFF,0xFF,0x00,
	0x00,0x00,0x00,0x00,0x00,0x00,0xFF,0xFF,0xFF,0xFF,0x00,0x00,0x00,0x00,0x00,0x00,0x00,0x00,0x00,0x00,0x00,0x00,0x00,0xFF,0xFF,0xFF,0xFF,0xFF,0x00,0x00,0x00,0x00,0x00,0x00,0x00,0xFF,0xFF,0xFF,0xFF,0x00,0x00,0x00,0x00,0x00,0x00,0x00,0xFF,0xFF,0xFF,0xFF,0xFF,0xFF,0x00,0x00,0x00,0xFF,0xFF,0xFF,0xFF,0xFF,0x00,0x00,0x00,0x00,
	0x00,0x00,0xFF,0xFF,0xFF,0xFF,0xFF,0x00,0x00,0x00,0x00,0x00,0x00,0x00,0x00,0x00,0x00,0x00,0x00,0x00,0xFF,0xFF,0xFF,0xFF,0xFF,0x00,0x00,0x00,0x00,0x00,0x00,0x00,0xFF,0xFF,0xFF,0xFF,0x00,0x00,0x00,0x00,0x00,0x00,0x00,0xFF,0xFF,0xFF,0xFF,0xFF,0xFF,0x00,0x00,0x00,0xFF,0xFF,0xFF,0xFF,0xFF,0xFF,0xFF,0xFF,0xFF,0xFF,0xFF,0xFF,
	0xFF,0xFF,0xFF,0xFF,0x00,0x00,0x00,0x00,0x00,0x00,0x00,0x00,0x00,0x00,0x00,0x00,0x00,0xFF,0xFF,0xFF,0xFF,0xFF,0x00,0x00,0x00,0x00,0x00,0x00,0x00,0xFF,0xFF,0xFF,0xFF,0x00,0x00,0x00,0x00,0x00,0x00,0x00,0xFF,0xFF,0xFF,0xFF,0xFF,0xFF,0x00,0x00,0x00,0x00,0xFF,0xFF,0xFF,0xFF,0xFF,0xFF,0xFF,0xFF,0xFF,0xFF,0xFF,0xFF,0xFF,0xFF,
	0xFF,0x00,0x00,0x00,0x00,0x00,0x00,0x00,0x00,0x00,0x00,0x00,0x00,0x00,0xFF,0xFF,0xFF,0xFF,0xFF,0x00,0x00,0x00,0x00,0x00,0x00,0x00,0xFF,0xFF,0xFF,0xFF,0x00,0x00,0x00,0x00,0x00,0x00,0x00,0xFF,0xFF,0xFF,0xFF,0xFF,0xFF,0x00,0x00,0x00,0x00,0x00,0xFF,0xFF,0xFF,0xFF,0xFF,0xFF,0xFF,0xFF,0xFF,0xFF,0xFF,0xFF,0xFF,0x00,0x00,0x00,
	0x00,0x00,0x00,0x00,0x00,0x00,0x00,0x00,0x00,0x00,0x00,0xFF,0xFF,0xFF,0xFF,0xFF,0x00,0x00,0x00,0x00,0x00,0x00,0x00,0xFF,0xFF,0xFF,0xFF,0x00,0x00,0x00,0x00,0x00,0x00,0x00,0xFF,0xFF,0xFF,0xFF,0xFF,0xFF,0x00,0x00,0x00,0x00,0x00,0x00,0xFF,0xFF,0xFF,0xFF,0xFF,0xFF,0xFF,0xFF,0xFF,0xFF,0xFF,0x00,0x00,0x00,0x00,0x00,0x00,0x00,
	0x00,0x00,0x00,0x00,0x00,0x00,0x00,0x00,0x00,0xFF,0xFF,0xFF,0xFF,0x00,0x00,0x00,0x00,0x00,0x00,0x00,0xFF,0xFF,0xFF,0xFF,0x00,0x00,0x00,0x00,0x00,0x00,0x00,0x00,0xFF,0xFF,0xFF,0xFF,0x00,0x00,0x00,0x00,0x00,0x00,0x00,0x00,0x00,0x00,0xFF,0xFF,0xFF,0xFF,0xFF,0x00,0x00,0x00,0x00,0x00,0x00,0x00,0x00,0x00,0x00,0x00,
    };
        


const lv_img_dsc_t face_228_390_dial_img_8_235158_3 = {
    .header.magic = LV_IMAGE_HEADER_MAGIC,
    .header.w = 61,
    .header.h = 22,
    .data_size = sizeof(face_228_390_dial_img_8_235158_data_3),
    .header.cf = LV_COLOR_FORMAT_RGB565A8,
    .data = face_228_390_dial_img_8_235158_data_3};

    
// LVGL 9 format (RGB565) // LVGL_9 compatible 
const LV_ATTRIBUTE_MEM_ALIGN uint8_t face_228_390_dial_img_8_235158_data_4[] = {
	//RGB565 data 
	0x00,0x00,0x00,0x00,0x00,0x00,0x00,0x00,0x00,0x00,0x00,0x00,0x00,0x00,0x00,0x00,0x00,0x00,0x00,0x00,0x00,0x00,0x00,0x00,0x00,0x00,0x00,0x00,0x00,0x00,0x00,0x00,0x00,0x00,0x00,0x00,0x00,0x00,0x00,0x00,0x00,0x00,0x00,0x00,0x00,0x00,0x00,0x00,0x00,0x00,0x00,0x00,0x00,0x00,0x00,0x00,0x00,0x00,0x00,0x00,0x00,0x00,0x00,0x00,
	0x00,0x00,0x00,0x00,0x00,0x00,0x00,0x00,0x00,0x00,0x00,0x00,0x00,0x00,0x00,0x00,0x00,0x00,0x00,0x00,0x00,0x00,0x00,0x00,0x00,0x00,0x00,0x00,0x00,0x00,0x00,0x00,0x00,0x00,0x00,0x00,0x00,0x00,0x00,0x00,0x00,0x00,0x00,0x00,0x00,0x00,0x00,0x00,0x00,0x00,0x00,0x00,0x00,0x00,0x00,0x00,0x00,0x00,0x00,0x00,0x00,0x00,0x00,0x00,
	0x00,0x00,0x00,0x00,0x00,0x00,0x00,0x00,0x00,0x00,0x00,0x00,0x00,0x00,0x00,0x00,0x61,0x08,0x45,0x29,0x49,0x4A,0xCB,0x5A,0xCB,0x5A,0xCB,0x5A,0xCB,0x5A,0xCB,0x5A,0xCB,0x5A,0xCB,0x5A,0xCB,0x5A,0x49,0x4A,0x45,0x29,0x00,0x00,0x00,0x00,0x00,0x00,0x45,0x29,0x49,0x4A,0x49,0x4A,0xCB,0x5A,0xCB,0x5A,0x49,0x4A,0xCB,0x5A,0xCB,0x5A,
	0x49,0x4A,0x86,0x31,0xC3,0x18,0x00,0x00,0x00,0x00,0x00,0x00,0x00,0x00,0x00,0x00,0x00,0x00,0x61,0x08,0x49,0x4A,0x49,0x4A,0x86,0x31,0x61,0x08,0x00,0x00,0x00,0x00,0x00,0x00,0x00,0x00,0x00,0x00,0x00,0x00,0x00,0x00,0x00,0x00,0x00,0x00,0x00,0x00,0x00,0x00,0x00,0x00,0x00,0x00,0x00,0x00,0x00,0x00,0x00,0x00,0x00,0x00,0x00,0x00,
	0x00,0x00,0x00,0x00,0x00,0x00,0x00,0x00,0x00,0x00,0xC3,0x18,0xCB,0x5A,0x18,0xC6,0x9A,0xD6,0x18,0xC6,0x18,0xC6,0x18,0xC6,0x18,0xC6,0x18,0xC6,0x18,0xC6,0x9A,0xD6,0xF3,0x9C,0xCB,0x5A,0x61,0x08,0x00,0x00,0x00,0x00,0xCB,0x5A,0xF3,0x9C,0x18,0xC6,0x9A,0xD6,0x18,0xC6,0x18,0xC6,0x18,0xC6,0x18,0xC6,0x18,0xC6,0xF3,0x9C,0xCB,0x5A,
	0x45,0x29,0x00,0x00,0x00,0x00,0x00,0x00,0x00,0x00,0x00,0x00,0x45,0x29,0x18,0xC6,0x18,0xC6,0xF0,0x83,0x45,0x29,0x00,0x00,0x00,0x00,0x00,0x00,0x00,0x00,0x00,0x00,0x00,0x00,0x00,0x00,0x00,0x00,0x00,0x00,0x00,0x00,0x00,0x00,0x00,0x00,0x00,0x00,0x00,0x00,0x00,0x00,0x00,0x00,0x00,0x00,0x00,0x00,0x00,0x00,0x00,0x00,0x00,0x00,
	0x00,0x00,0x00,0x00,0xC3,0x18,0x8E,0x73,0x5D,0xEF,0xDF,0xFF,0x5D,0xEF,0x9A,0xD6,0x9A,0xD6,0x9A,0xD6,0x9A,0xD6,0x9A,0xD6,0x9A,0xD6,0xF3,0x9C,0xCB,0x5A,0x61,0x08,0x00,0x00,0x00,0x00,0x8E,0x73,0x9A,0xD6,0xDF,0xFF,0x5D,0xEF,0x9A,0xD6,0x9A,0xD6,0x9A,0xD6,0x9A,0xD6,0x5D,0xEF,0xDF,0xFF,0x9A,0xD6,0xF3,0x9C,0x86,0x31,0x61,0x08,
	0x00,0x00,0x00,0x00,0x00,0x00,0x45,0x29,0x5D,0xEF,0xDF,0xFF,0xF3,0x9C,0x45,0x29,0x00,0x00,0x00,0x00,0x00,0x00,0x00,0x00,0x00,0x00,0x00,0x00,0x00,0x00,0x00,0x00,0x00,0x00,0x00,0x00,0x00,0x00,0x00,0x00,0x00,0x00,0x00,0x00,0x00,0x00,0x00,0x00,0x00,0x00,0x00,0x00,0x00,0x00,0x00,0x00,0x00,0x00,0x00,0x00,0x00,0x00,0xC3,0x18,
	0xF0,0x83,0xDF,0xFF,0x5D,0xEF,0x18,0xC6,0xF0,0x83,0xF0,0x83,0xF0,0x83,0xF0,0x83,0xF0,0x83,0xF0,0x83,0xCB,0x5A,0x86,0x31,0x61,0x08,0x00,0x00,0x00,0x00,0xF0,0x83,0x5D,0xEF,0xFF,0xFF,0x18,0xC6,0xF0,0x83,0xF0,0x83,0xF0,0x83,0xF0,0x83,0xF3,0x9C,0x9A,0xD6,0xFF,0xFF,0x9A,0xD6,0xF0,0x83,0xC3,0x18,0x00,0x00,0x00,0x00,0x00,0x00,
	0x86,0x31,0x5D,0xEF,0xFF,0xFF,0x18,0xC6,0x45,0x29,0x00,0x00,0x00,0x00,0x00,0x00,0x00,0x00,0x00,0x00,0x00,0x00,0x00,0x00,0x00,0x00,0x00,0x00,0x00,0x00,0x00,0x00,0x00,0x00,0x00,0x00,0x00,0x00,0x00,0x00,0x00,0x00,0x00,0x00,0x00,0x00,0x00,0x00,0x00,0x00,0x00,0x00,0x00,0x00,0x00,0x00,0xC3,0x18,0xF0,0x83,0xDF,0xFF,0x9A,0xD6,
	0x8E,0x73,0xC3,0x18,0x00,0x00,0x00,0x00,0x00,0x00,0x00,0x00,0x00,0x00,0x00,0x00,0x00,0x00,0x00,0x00,0x00,0x00,0x00,0x00,0xF0,0x83,0x5D,0xEF,0xFF,0xFF,0xF0,0x83,0x00,0x00,0x00,0x00,0x00,0x00,0x00,0x00,0x00,0x00,0x49,0x4A,0x9A,0xD6,0xFF,0xFF,0x5D,0xEF,0x86,0x31,0x00,0x00,0x00,0x00,0x00,0x00,0x45,0x29,0x5D,0xEF,0xFF,0xFF,
	0x18,0xC6,0x45,0x29,0x00,0x00,0x00,0x00,0x00,0x00,0x00,0x00,0x00,0x00,0x00,0x00,0x00,0x00,0x00,0x00,0x00,0x00,0x00,0x00,0x00,0x00,0x00,0x00,0x00,0x00,0x00,0x00,0x00,0x00,0x00,0x00,0x00,0x00,0x00,0x00,0x00,0x00,0x00,0x00,0x00,0x00,0x00,0x00,0x00,0x00,0xC3,0x18,0xF0,0x83,0xDF,0xFF,0x9A,0xD6,0x8E,0x73,0x61,0x08,0x00,0x00,
	0x00,0x00,0x00,0x00,0x00,0x00,0x00,0x00,0x00,0x00,0x00,0x00,0x00,0x00,0x00,0x00,0x00,0x00,0xF0,0x83,0x5D,0xEF,0xFF,0xFF,0xF0,0x83,0x00,0x00,0x00,0x00,0x00,0x00,0x00,0x00,0x00,0x00,0x45,0x29,0x18,0xC6,0xDF,0xFF,0xDF,0xFF,0xCB,0x5A,0x61,0x08,0x00,0x00,0x00,0x00,0x45,0x29,0x5D,0xEF,0xFF,0xFF,0x18,0xC6,0x45,0x29,0x00,0x00,
	0x00,0x00,0x00,0x00,0x00,0x00,0x00,0x00,0x00,0x00,0x00,0x00,0x00,0x00,0x00,0x00,0x00,0x00,0x00,0x00,0x00,0x00,0x00,0x00,0x00,0x00,0x00,0x00,0x00,0x00,0x00,0x00,0x00,0x00,0x00,0x00,0x00,0x00,0x00,0x00,0x00,0x00,0x00,0x00,0xC3,0x18,0xF0,0x83,0xDF,0xFF,0x9A,0xD6,0x8E,0x73,0x61,0x08,0x00,0x00,0x00,0x00,0x00,0x00,0x00,0x00,
	0x00,0x00,0x00,0x00,0x00,0x00,0x00,0x00,0x00,0x00,0x00,0x00,0xF0,0x83,0x5D,0xEF,0xFF,0xFF,0xF0,0x83,0x00,0x00,0x00,0x00,0x00,0x00,0x00,0x00,0x00,0x00,0xC3,0x18,0xF3,0x9C,0xDF,0xFF,0xDF,0xFF,0x8E,0x73,0x61,0x08,0x00,0x00,0x00,0x00,0x45,0x29,0x5D,0xEF,0xFF,0xFF,0x18,0xC6,0x45,0x29,0x00,0x00,0x00,0x00,0x00,0x00,0x00,0x00,
	0x00,0x00,0x00,0x00,0x00,0x00,0x00,0x00,0x00,0x00,0x00,0x00,0x00,0x00,0x00,0x00,0x00,0x00,0x00,0x00,0x00,0x00,0x00,0x00,0x00,0x00,0x00,0x00,0x00,0x00,0x00,0x00,0x00,0x00,0x00,0x00,0x00,0x00,0xC3,0x18,0xF0,0x83,0xDF,0xFF,0x9A,0xD6,0x8E,0x73,0x61,0x08,0x00,0x00,0x00,0x00,0x00,0x00,0x00,0x00,0x00,0x00,0x00,0x00,0x00,0x00,
	0x00,0x00,0x00,0x00,0x00,0x00,0xF0,0x83,0x5D,0xEF,0xFF,0xFF,0xF0,0x83,0x00,0x00,0x00,0x00,0x00,0x00,0x00,0x00,0x00,0x00,0xC3,0x18,0xF3,0x9C,0xDF,0xFF,0xDF,0xFF,0xCB,0x5A,0x00,0x00,0x00,0x00,0x00,0x00,0x45,0x29,0x5D,0xEF,0xFF,0xFF,0x18,0xC6,0x45,0x29,0x00,0x00,0x00,0x00,0x00,0x00,0x00,0x00,0x00,0x00,0x00,0x00,0x00,0x00,
	0x00,0x00,0x00,0x00,0x00,0x00,0x00,0x00,0x00,0x00,0x00,0x00,0x00,0x00,0x00,0x00,0x00,0x00,0x00,0x00,0x00,0x00,0x00,0x00,0x00,0x00,0x00,0x00,0x00,0x00,0x00,0x00,0xC3,0x18,0x8E,0x73,0xDF,0xFF,0x5D,0xEF,0xF3,0x9C,0x8E,0x73,0x8E,0x73,0x8E,0x73,0x8E,0x73,0x8E,0x73,0x8E,0x73,0x49,0x4A,0xC3,0x18,0x00,0x00,0x00,0x00,0x00,0x00,
	0xF0,0x83,0x5D,0xEF,0xFF,0xFF,0xF0,0x83,0x00,0x00,0x00,0x00,0x00,0x00,0x00,0x00,0xC3,0x18,0xCB,0x5A,0x9A,0xD6,0xFF,0xFF,0x5D,0xEF,0x49,0x4A,0x00,0x00,0x00,0x00,0x00,0x00,0x45,0x29,0x5D,0xEF,0xFF,0xFF,0x18,0xC6,0x45,0x29,0x00,0x00,0x00,0x00,0x00,0x00,0x00,0x00,0x00,0x00,0x00,0x00,0x00,0x00,0x00,0x00,0x00,0x00,0x00,0x00,
	0x00,0x00,0x00,0x00,0x00,0x00,0x00,0x00,0x00,0x00,0x00,0x00,0x00,0x00,0x00,0x00,0x00,0x00,0x00,0x00,0x00,0x00,0x00,0x00,0x00,0x00,0xC3,0x18,0x8E,0x73,0xDF,0xFF,0xFF,0xFF,0x5D,0xEF,0x9A,0xD6,0x9A,0xD6,0x9A,0xD6,0x9A,0xD6,0x9A,0xD6,0x9A,0xD6,0xF0,0x83,0x45,0x29,0x00,0x00,0x00,0x00,0x00,0x00,0xF0,0x83,0x5D,0xEF,0xFF,0xFF,
	0xF3,0x9C,0x45,0x29,0x45,0x29,0x45,0x29,0x86,0x31,0xCB,0x5A,0xF3,0x9C,0xDF,0xFF,0xDF,0xFF,0x18,0xC6,0x45,0x29,0x00,0x00,0x00,0x00,0x00,0x00,0x45,0x29,0x5D,0xEF,0xFF,0xFF,0x18,0xC6,0x45,0x29,0x00,0x00,0x00,0x00,0x00,0x00,0x00,0x00,0x00,0x00,0x00,0x00,0x00,0x00,0x00,0x00,0x00,0x00,0x00,0x00,0x00,0x00,0x00,0x00,0x00,0x00,
	0x00,0x00,0x00,0x00,0x00,0x00,0x00,0x00,0x00,0x00,0x00,0x00,0x00,0x00,0x00,0x00,0x00,0x00,0x00,0x00,0xC3,0x18,0x8E,0x73,0xDF,0xFF,0xFF,0xFF,0x5D,0xEF,0x9A,0xD6,0x9A,0xD6,0x9A,0xD6,0x9A,0xD6,0x9A,0xD6,0x9A,0xD6,0xF0,0x83,0x45,0x29,0x00,0x00,0x00,0x00,0x00,0x00,0xF0,0x83,0x9A,0xD6,0xDF,0xFF,0xDF,0xFF,0x5D,0xEF,0x5D,0xEF,
	0x5D,0xEF,0x5D,0xEF,0x5D,0xEF,0xDF,0xFF,0xFF,0xFF,0xF3,0x9C,0x86,0x31,0x61,0x08,0x00,0x00,0x00,0x00,0x00,0x00,0x45,0x29,0x5D,0xEF,0xFF,0xFF,0x18,0xC6,0x45,0x29,0x00,0x00,0x00,0x00,0x00,0x00,0x00,0x00,0x00,0x00,0x00,0x00,0x00,0x00,0x00,0x00,0x00,0x00,0x00,0x00,0x00,0x00,0x00,0x00,0x00,0x00,0x00,0x00,0x00,0x00,0x00,0x00,
	0x00,0x00,0x00,0x00,0x00,0x00,0x00,0x00,0x00,0x00,0x00,0x00,0x00,0x00,0xC3,0x18,0x8E,0x73,0xDF,0xFF,0x5D,0xEF,0xF3,0x9C,0x8E,0x73,0x8E,0x73,0x8E,0x73,0x8E,0x73,0x8E,0x73,0x8E,0x73,0x49,0x4A,0xC3,0x18,0x00,0x00,0x00,0x00,0x00,0x00,0xF0,0x83,0x9A,0xD6,0xFF,0xFF,0x5D,0xEF,0x5D,0xEF,0x5D,0xEF,0xFF,0xFF,0xFF,0xFF,0xFF,0xFF,
	0x9A,0xD6,0xF3,0x9C,0x49,0x4A,0x61,0x08,0x00,0x00,0x00,0x00,0x00,0x00,0x00,0x00,0x45,0x29,0x5D,0xEF,0xFF,0xFF,0x18,0xC6,0x45,0x29,0x00,0x00,0x00,0x00,0x00,0x00,0x00,0x00,0x00,0x00,0x00,0x00,0x00,0x00,0x00,0x00,0x00,0x00,0x00,0x00,0x00,0x00,0x00,0x00,0x00,0x00,0x00,0x00,0x00,0x00,0x00,0x00,0x00,0x00,0x00,0x00,0x00,0x00,
	0x00,0x00,0x00,0x00,0x00,0x00,0x00,0x00,0xC3,0x18,0xF0,0x83,0xDF,0xFF,0x9A,0xD6,0x8E,0x73,0x61,0x08,0x00,0x00,0x00,0x00,0x00,0x00,0x00,0x00,0x00,0x00,0x00,0x00,0x00,0x00,0x00,0x00,0x00,0x00,0x00,0x00,0xF0,0x83,0x9A,0xD6,0xFF,0xFF,0x18,0xC6,0x8E,0x73,0xF0,0x83,0x18,0xC6,0xDF,0xFF,0x5D,0xEF,0xF3,0x9C,0xC3,0x18,0x00,0x00,
	0x00,0x00,0x00,0x00,0x00,0x00,0x00,0x00,0x00,0x00,0x45,0x29,0x5D,0xEF,0xFF,0xFF,0x18,0xC6,0x45,0x29,0x00,0x00,0x00,0x00,0x00,0x00,0x00,0x00,0x00,0x00,0x00,0x00,0x00,0x00,0x00,0x00,0x00,0x00,0x00,0x00,0x00,0x00,0x00,0x00,0x00,0x00,0x00,0x00,0x00,0x00,0x00,0x00,0x00,0x00,0x00,0x00,0x00,0x00,0x00,0x00,0x00,0x00,0x00,0x00,
	0x00,0x00,0xC3,0x18,0xF0,0x83,0xDF,0xFF,0x9A,0xD6,0x8E,0x73,0x61,0x08,0x00,0x00,0x00,0x00,0x00,0x00,0x00,0x00,0x00,0x00,0x00,0x00,0x00,0x00,0x00,0x00,0x00,0x00,0x00,0x00,0xF0,0x83,0x5D,0xEF,0xFF,0xFF,0xF3,0x9C,0xC3,0x18,0xC3,0x18,0xCB,0x5A,0x9A,0xD6,0xFF,0xFF,0x9A,0xD6,0x49,0x4A,0x61,0x08,0x00,0x00,0x00,0x00,0x00,0x00,
	0x00,0x00,0x00,0x00,0x45,0x29,0x5D,0xEF,0xFF,0xFF,0x18,0xC6,0x45,0x29,0x00,0x00,0x00,0x00,0x00,0x00,0x00,0x00,0x00,0x00,0x00,0x00,0x00,0x00,0x00,0x00,0x00,0x00,0x00,0x00,0x00,0x00,0x00,0x00,0x00,0x00,0x00,0x00,0x00,0x00,0x00,0x00,0x00,0x00,0x00,0x00,0x00,0x00,0x00,0x00,0x00,0x00,0x00,0x00,0x00,0x00,0xC3,0x18,0xF0,0x83,
	0xDF,0xFF,0x9A,0xD6,0x8E,0x73,0xC3,0x18,0x00,0x00,0x00,0x00,0x00,0x00,0x00,0x00,0x00,0x00,0x00,0x00,0x00,0x00,0x00,0x00,0x00,0x00,0x00,0x00,0xF0,0x83,0x5D,0xEF,0xFF,0xFF,0xF0,0x83,0x00,0x00,0x00,0x00,0xC3,0x18,0xF0,0x83,0x5D,0xEF,0xDF,0xFF,0xF3,0x9C,0x49,0x4A,0x00,0x00,0x00,0x00,0x00,0x00,0x00,0x00,0x00,0x00,0x45,0x29,
	0x5D,0xEF,0xFF,0xFF,0x18,0xC6,0x45,0x29,0x00,0x00,0x00,0x00,0x00,0x00,0x00,0x00,0x00,0x00,0x00,0x00,0x00,0x00,0x00,0x00,0x00,0x00,0x00,0x00,0x00,0x00,0x00,0x00,0x00,0x00,0x00,0x00,0x00,0x00,0x00,0x00,0x00,0x00,0x00,0x00,0x00,0x00,0x00,0x00,0x00,0x00,0x00,0x00,0x00,0x00,0xC3,0x18,0xF0,0x83,0xDF,0xFF,0x9A,0xD6,0x8E,0x73,
	0xC3,0x18,0x00,0x00,0x00,0x00,0x00,0x00,0x00,0x00,0x00,0x00,0x00,0x00,0x00,0x00,0x00,0x00,0x00,0x00,0x00,0x00,0xF0,0x83,0x5D,0xEF,0xFF,0xFF,0xF0,0x83,0x00,0x00,0x00,0x00,0x00,0x00,0xC3,0x18,0xF3,0x9C,0xFF,0xFF,0xDF,0xFF,0xF0,0x83,0x00,0x00,0x00,0x00,0x00,0x00,0x00,0x00,0x00,0x00,0x45,0x29,0x5D,0xEF,0xFF,0xFF,0x18,0xC6,
	0x45,0x29,0x00,0x00,0x00,0x00,0x00,0x00,0x00,0x00,0x00,0x00,0x00,0x00,0x00,0x00,0x00,0x00,0x00,0x00,0x00,0x00,0x00,0x00,0x00,0x00,0x00,0x00,0x00,0x00,0x00,0x00,0x00,0x00,0x00,0x00,0x00,0x00,0x00,0x00,0x00,0x00,0x00,0x00,0x00,0x00,0x00,0x00,0xC3,0x18,0xF0,0x83,0xDF,0xFF,0x9A,0xD6,0x8E,0x73,0xC3,0x18,0x00,0x00,0x00,0x00,
	0x00,0x00,0x00,0x00,0x00,0x00,0x00,0x00,0x00,0x00,0x00,0x00,0x00,0x00,0x00,0x00,0xF0,0x83,0x5D,0xEF,0xFF,0xFF,0xF0,0x83,0x00,0x00,0x00,0x00,0x00,0x00,0x00,0x00,0xCB,0x5A,0x18,0xC6,0xFF,0xFF,0x9A,0xD6,0x8E,0x73,0x61,0x08,0x00,0x00,0x00,0x00,0x00,0x00,0x45,0x29,0x5D,0xEF,0xFF,0xFF,0x18,0xC6,0x45,0x29,0x00,0x00,0x00,0x00,
	0x00,0x00,0x00,0x00,0x00,0x00,0x00,0x00,0x00,0x00,0x00,0x00,0x00,0x00,0x00,0x00,0x00,0x00,0x00,0x00,0x00,0x00,0x00,0x00,0x00,0x00,0x00,0x00,0x00,0x00,0x00,0x00,0x00,0x00,0x00,0x00,0x00,0x00,0x00,0x00,0x00,0x00,0xC3,0x18,0xF0,0x83,0xFF,0xFF,0x9A,0xD6,0x8E,0x73,0xC3,0x18,0x00,0x00,0x00,0x00,0x00,0x00,0x00,0x00,0x00,0x00,
	0x00,0x00,0x00,0x00,0x00,0x00,0x00,0x00,0x00,0x00,0xF0,0x83,0x5D,0xEF,0xFF,0xFF,0xF0,0x83,0x00,0x00,0x00,0x00,0x00,0x00,0x00,0x00,0x45,0x29,0x8E,0x73,0x5D,0xEF,0xFF,0xFF,0x9A,0xD6,0x49,0x4A,0x61,0x08,0x00,0x00,0x00,0x00,0x86,0x31,0x5D,0xEF,0xFF,0xFF,0x18,0xC6,0x45,0x29,0x00,0x00,0x00,0x00,0x00,0x00,0x00,0x00,0x00,0x00,
	0x00,0x00,0x00,0x00,0x00,0x00,0x00,0x00,0x00,0x00,0x00,0x00,0x00,0x00,0x00,0x00,0x00,0x00,0x00,0x00,0x00,0x00,0x00,0x00,0x00,0x00,0x00,0x00,0x00,0x00,0x00,0x00,0x00,0x00,0x00,0x00,0xC3,0x18,0xF0,0x83,0xFF,0xFF,0x9A,0xD6,0x8E,0x73,0xC3,0x18,0x00,0x00,0x00,0x00,0x00,0x00,0x00,0x00,0x00,0x00,0x00,0x00,0x00,0x00,0x00,0x00,
	0x00,0x00,0x00,0x00,0xF0,0x83,0x5D,0xEF,0xFF,0xFF,0xF0,0x83,0x00,0x00,0x00,0x00,0x00,0x00,0x00,0x00,0x00,0x00,0x45,0x29,0x18,0xC6,0xDF,0xFF,0xDF,0xFF,0xF3,0x9C,0x49,0x4A,0x00,0x00,0x00,0x00,0x86,0x31,0x5D,0xEF,0xFF,0xFF,0x18,0xC6,0x45,0x29,0x00,0x00,0x00,0x00,0x00,0x00,0x00,0x00,0x00,0x00,0x00,0x00,0x00,0x00,0x00,0x00,
	0x00,0x00,0x00,0x00,0x00,0x00,0x00,0x00,0x00,0x00,0x00,0x00,0x00,0x00,0x00,0x00,0x00,0x00,0x00,0x00,0x00,0x00,0x00,0x00,0x00,0x00,0x00,0x00,0x00,0x00,0x61,0x08,0x49,0x4A,0xF3,0x9C,0xF0,0x83,0x49,0x4A,0x61,0x08,0x00,0x00,0x00,0x00,0x00,0x00,0x00,0x00,0x00,0x00,0x00,0x00,0x00,0x00,0x00,0x00,0x00,0x00,0x00,0x00,0x49,0x4A,
	0xF0,0x83,0xF3,0x9C,0x49,0x4A,0x00,0x00,0x00,0x00,0x00,0x00,0x00,0x00,0x00,0x00,0x61,0x08,0x49,0x4A,0xF0,0x83,0xF3,0x9C,0xF0,0x83,0x86,0x31,0x00,0x00,0x00,0x00,0xC3,0x18,0xF0,0x83,0xF3,0x9C,0x8E,0x73,0xC3,0x18,0x00,0x00,0x00,0x00,0x00,0x00,0x00,0x00,0x00,0x00,0x00,0x00,0x00,0x00,0x00,0x00,0x00,0x00,0x00,0x00,0x00,0x00,
	0x00,0x00,0x00,0x00,0x00,0x00,0x00,0x00,0x00,0x00,0x00,0x00,0x00,0x00,0x00,0x00,0x00,0x00,0x00,0x00,0x00,0x00,0x00,0x00,0x00,0x00,0x61,0x08,0x45,0x29,0x45,0x29,0x61,0x08,0x00,0x00,0x00,0x00,0x00,0x00,0x00,0x00,0x00,0x00,0x00,0x00,0x00,0x00,0x00,0x00,0x00,0x00,0x00,0x00,0x00,0x00,0xC3,0x18,0x45,0x29,0x45,0x29,0xC3,0x18,
	0x00,0x00,0x00,0x00,0x00,0x00,0x00,0x00,0x00,0x00,0x00,0x00,0x00,0x00,0xC3,0x18,0x86,0x31,0x86,0x31,0x45,0x29,0x00,0x00,0x00,0x00,0x00,0x00,0x45,0x29,0x45,0x29,0xC3,0x18,0x00,0x00,0x00,0x00,0x00,0x00,0x00,0x00,0x00,0x00,0x00,0x00,0x00,0x00,0x00,0x00,0x00,0x00,0x00,0x00,0x00,0x00,0x00,0x00,0x00,0x00,

	// Alpha Channel 
	0x00,0x00,0x00,0x00,0x00,0x00,0x00,0x00,0x00,0x00,0x00,0x00,0x00,0x00,0x00,0x00,0x00,0x00,0x00,0x00,0x00,0x00,0x00,0x00,0x00,0x00,0x00,0x00,0x00,0x00,0x00,0x00,0x00,0x00,0x00,0x00,0x00,0x00,0x00,0x00,0x00,0x00,0x00,0x00,0x00,0x00,0x00,0x00,0x00,0x00,0x00,0x00,0x00,0x00,0x00,0x00,0x00,0x00,0x00,0x00,0x00,0x00,0x00,0x00,
	0x00,0x00,0x00,0x00,0x00,0x00,0x00,0x00,0xFF,0xFF,0xFF,0xFF,0xFF,0xFF,0xFF,0xFF,0xFF,0xFF,0xFF,0xFF,0xFF,0x00,0x00,0x00,0xFF,0xFF,0xFF,0xFF,0xFF,0xFF,0xFF,0xFF,0xFF,0xFF,0xFF,0x00,0x00,0x00,0x00,0x00,0x00,0xFF,0xFF,0xFF,0xFF,0xFF,0x00,0x00,0x00,0x00,0x00,0x00,0x00,0x00,0x00,0x00,0x00,0x00,0x00,0x00,0x00,0x00,0x00,0x00,
	0x00,0x00,0x00,0x00,0x00,0xFF,0xFF,0xFF,0xFF,0xFF,0xFF,0xFF,0xFF,0xFF,0xFF,0xFF,0xFF,0xFF,0xFF,0x00,0x00,0xFF,0xFF,0xFF,0xFF,0xFF,0xFF,0xFF,0xFF,0xFF,0xFF,0xFF,0xFF,0x00,0x00,0x00,0x00,0x00,0xFF,0xFF,0xFF,0xFF,0xFF,0x00,0x00,0x00,0x00,0x00,0x00,0x00,0x00,0x00,0x00,0x00,0x00,0x00,0x00,0x00,0x00,0x00,0x00,0x00,0x00,0x00,
	0x00,0x00,0xFF,0xFF,0xFF,0xFF,0xFF,0xFF,0xFF,0xFF,0xFF,0xFF,0xFF,0xFF,0xFF,0xFF,0x00,0x00,0xFF,0xFF,0xFF,0xFF,0xFF,0xFF,0xFF,0xFF,0xFF,0xFF,0xFF,0xFF,0xFF,0xFF,0x00,0x00,0x00,0xFF,0xFF,0xFF,0xFF,0xFF,0x00,0x00,0x00,0x00,0x00,0x00,0x00,0x00,0x00,0x00,0x00,0x00,0x00,0x00,0x00,0x00,0x00,0x00,0x00,0x00,0x00,0x00,0x00,0xFF,
	0xFF,0xFF,0xFF,0xFF,0xFF,0xFF,0xFF,0xFF,0xFF,0xFF,0xFF,0xFF,0xFF,0x00,0x00,0xFF,0xFF,0xFF,0xFF,0xFF,0xFF,0xFF,0xFF,0xFF,0xFF,0xFF,0xFF,0xFF,0xFF,0x00,0x00,0x00,0xFF,0xFF,0xFF,0xFF,0xFF,0x00,0x00,0x00,0x00,0x00,0x00,0x00,0x00,0x00,0x00,0x00,0x00,0x00,0x00,0x00,0x00,0x00,0x00,0x00,0x00,0x00,0x00,0x00,0xFF,0xFF,0xFF,0xFF,
	0xFF,0xFF,0x00,0x00,0x00,0x00,0x00,0x00,0x00,0x00,0x00,0x00,0xFF,0xFF,0xFF,0xFF,0x00,0x00,0x00,0x00,0x00,0xFF,0xFF,0xFF,0xFF,0xFF,0x00,0x00,0x00,0xFF,0xFF,0xFF,0xFF,0xFF,0x00,0x00,0x00,0x00,0x00,0x00,0x00,0x00,0x00,0x00,0x00,0x00,0x00,0x00,0x00,0x00,0x00,0x00,0x00,0x00,0x00,0x00,0x00,0xFF,0xFF,0xFF,0xFF,0xFF,0xFF,0x00,
	0x00,0x00,0x00,0x00,0x00,0x00,0x00,0x00,0x00,0xFF,0xFF,0xFF,0xFF,0x00,0x00,0x00,0x00,0x00,0xFF,0xFF,0xFF,0xFF,0xFF,0xFF,0x00,0x00,0xFF,0xFF,0xFF,0xFF,0xFF,0x00,0x00,0x00,0x00,0x00,0x00,0x00,0x00,0x00,0x00,0x00,0x00,0x00,0x00,0x00,0x00,0x00,0x00,0x00,0x00,0x00,0x00,0x00,0xFF,0xFF,0xFF,0xFF,0xFF,0xFF,0x00,0x00,0x00,0x00,
	0x00,0x00,0x00,0x00,0x00,0x00,0xFF,0xFF,0xFF,0xFF,0x00,0x00,0x00,0x00,0x00,0xFF,0xFF,0xFF,0xFF,0xFF,0xFF,0x00,0x00,0xFF,0xFF,0xFF,0xFF,0xFF,0x00,0x00,0x00,0x00,0x00,0x00,0x00,0x00,0x00,0x00,0x00,0x00,0x00,0x00,0x00,0x00,0x00,0x00,0x00,0x00,0x00,0x00,0x00,0xFF,0xFF,0xFF,0xFF,0xFF,0xFF,0x00,0x00,0x00,0x00,0x00,0x00,0x00,
	0x00,0x00,0x00,0xFF,0xFF,0xFF,0xFF,0x00,0x00,0x00,0x00,0x00,0xFF,0xFF,0xFF,0xFF,0xFF,0x00,0x00,0x00,0xFF,0xFF,0xFF,0xFF,0xFF,0x00,0x00,0x00,0x00,0x00,0x00,0x00,0x00,0x00,0x00,0x00,0x00,0x00,0x00,0x00,0x00,0x00,0x00,0x00,0x00,0x00,0x00,0x00,0xFF,0xFF,0xFF,0xFF,0xFF,0xFF,0xFF,0xFF,0xFF,0xFF,0xFF,0xFF,0xFF,0x00,0x00,0x00,
	0xFF,0xFF,0xFF,0xFF,0x00,0x00,0x00,0x00,0xFF,0xFF,0xFF,0xFF,0xFF,0xFF,0x00,0x00,0x00,0xFF,0xFF,0xFF,0xFF,0xFF,0x00,0x00,0x00,0x00,0x00,0x00,0x00,0x00,0x00,0x00,0x00,0x00,0x00,0x00,0x00,0x00,0x00,0x00,0x00,0x00,0x00,0x00,0x00,0xFF,0xFF,0xFF,0xFF,0xFF,0xFF,0xFF,0xFF,0xFF,0xFF,0xFF,0xFF,0xFF,0x00,0x00,0x00,0xFF,0xFF,0xFF,
	0xFF,0xFF,0xFF,0xFF,0xFF,0xFF,0xFF,0xFF,0xFF,0xFF,0xFF,0x00,0x00,0x00,0xFF,0xFF,0xFF,0xFF,0xFF,0x00,0x00,0x00,0x00,0x00,0x00,0x00,0x00,0x00,0x00,0x00,0x00,0x00,0x00,0x00,0x00,0x00,0x00,0x00,0x00,0x00,0x00,0x00,0xFF,0xFF,0xFF,0xFF,0xFF,0xFF,0xFF,0xFF,0xFF,0xFF,0xFF,0xFF,0xFF,0x00,0x00,0x00,0xFF,0xFF,0xFF,0xFF,0xFF,0xFF,
	0xFF,0xFF,0xFF,0xFF,0xFF,0xFF,0xFF,0xFF,0x00,0x00,0x00,0xFF,0xFF,0xFF,0xFF,0xFF,0x00,0x00,0x00,0x00,0x00,0x00,0x00,0x00,0x00,0x00,0x00,0x00,0x00,0x00,0x00,0x00,0x00,0x00,0x00,0x00,0x00,0x00,0x00,0xFF,0xFF,0xFF,0xFF,0xFF,0xFF,0xFF,0xFF,0xFF,0xFF,0xFF,0xFF,0xFF,0x00,0x00,0x00,0xFF,0xFF,0xFF,0xFF,0xFF,0xFF,0xFF,0xFF,0xFF,
	0xFF,0xFF,0xFF,0xFF,0x00,0x00,0x00,0x00,0xFF,0xFF,0xFF,0xFF,0xFF,0x00,0x00,0x00,0x00,0x00,0x00,0x00,0x00,0x00,0x00,0x00,0x00,0x00,0x00,0x00,0x00,0x00,0x00,0x00,0x00,0x00,0x00,0x00,0xFF,0xFF,0xFF,0xFF,0xFF,0xFF,0x00,0x00,0x00,0x00,0x00,0x00,0x00,0x00,0x00,0x00,0xFF,0xFF,0xFF,0xFF,0xFF,0xFF,0xFF,0xFF,0xFF,0xFF,0xFF,0x00,
	0x00,0x00,0x00,0x00,0x00,0xFF,0xFF,0xFF,0xFF,0xFF,0x00,0x00,0x00,0x00,0x00,0x00,0x00,0x00,0x00,0x00,0x00,0x00,0x00,0x00,0x00,0x00,0x00,0x00,0x00,0x00,0x00,0x00,0x00,0xFF,0xFF,0xFF,0xFF,0xFF,0xFF,0x00,0x00,0x00,0x00,0x00,0x00,0x00,0x00,0x00,0x00,0xFF,0xFF,0xFF,0xFF,0xFF,0xFF,0xFF,0xFF,0xFF,0xFF,0xFF,0xFF,0x00,0x00,0x00,
	0x00,0x00,0xFF,0xFF,0xFF,0xFF,0xFF,0x00,0x00,0x00,0x00,0x00,0x00,0x00,0x00,0x00,0x00,0x00,0x00,0x00,0x00,0x00,0x00,0x00,0x00,0x00,0x00,0x00,0x00,0x00,0xFF,0xFF,0xFF,0xFF,0xFF,0xFF,0x00,0x00,0x00,0x00,0x00,0x00,0x00,0x00,0x00,0x00,0xFF,0xFF,0xFF,0xFF,0x00,0x00,0xFF,0xFF,0xFF,0xFF,0xFF,0xFF,0x00,0x00,0x00,0x00,0x00,0xFF,
	0xFF,0xFF,0xFF,0xFF,0x00,0x00,0x00,0x00,0x00,0x00,0x00,0x00,0x00,0x00,0x00,0x00,0x00,0x00,0x00,0x00,0x00,0x00,0x00,0x00,0x00,0x00,0x00,0xFF,0xFF,0xFF,0xFF,0xFF,0xFF,0x00,0x00,0x00,0x00,0x00,0x00,0x00,0x00,0x00,0x00,0xFF,0xFF,0xFF,0xFF,0x00,0x00,0x00,0xFF,0xFF,0xFF,0xFF,0xFF,0x00,0x00,0x00,0x00,0x00,0xFF,0xFF,0xFF,0xFF,
	0xFF,0x00,0x00,0x00,0x00,0x00,0x00,0x00,0x00,0x00,0x00,0x00,0x00,0x00,0x00,0x00,0x00,0x00,0x00,0x00,0x00,0x00,0x00,0x00,0xFF,0xFF,0xFF,0xFF,0xFF,0xFF,0x00,0x00,0x00,0x00,0x00,0x00,0x00,0x00,0x00,0x00,0xFF,0xFF,0xFF,0xFF,0x00,0x00,0x00,0x00,0xFF,0xFF,0xFF,0xFF,0xFF,0xFF,0x00,0x00,0x00,0xFF,0xFF,0xFF,0xFF,0xFF,0x00,0x00,
	0x00,0x00,0x00,0x00,0x00,0x00,0x00,0x00,0x00,0x00,0x00,0x00,0x00,0x00,0x00,0x00,0x00,0x00,0x00,0x00,0x00,0xFF,0xFF,0xFF,0xFF,0xFF,0xFF,0x00,0x00,0x00,0x00,0x00,0x00,0x00,0x00,0x00,0x00,0xFF,0xFF,0xFF,0xFF,0x00,0x00,0x00,0x00,0xFF,0xFF,0xFF,0xFF,0xFF,0xFF,0xFF,0x00,0x00,0xFF,0xFF,0xFF,0xFF,0xFF,0x00,0x00,0x00,0x00,0x00,
	0x00,0x00,0x00,0x00,0x00,0x00,0x00,0x00,0x00,0x00,0x00,0x00,0x00,0x00,0x00,0x00,0x00,0x00,0xFF,0xFF,0xFF,0xFF,0xFF,0xFF,0x00,0x00,0x00,0x00,0x00,0x00,0x00,0x00,0x00,0x00,0xFF,0xFF,0xFF,0xFF,0x00,0x00,0x00,0x00,0x00,0xFF,0xFF,0xFF,0xFF,0xFF,0xFF,0x00,0x00,0xFF,0xFF,0xFF,0xFF,0xFF,0x00,0x00,0x00,0x00,0x00,0x00,0x00,0x00,
	0x00,0x00,0x00,0x00,0x00,0x00,0x00,0x00,0x00,0x00,0x00,0x00,0x00,0x00,0x00,0xFF,0xFF,0xFF,0xFF,0xFF,0xFF,0x00,0x00,0x00,0x00,0x00,0x00,0x00,0x00,0x00,0x00,0xFF,0xFF,0xFF,0xFF,0x00,0x00,0x00,0x00,0x00,0xFF,0xFF,0xFF,0xFF,0xFF,0xFF,0x00,0x00,0xFF,0xFF,0xFF,0xFF,0xFF,0x00,0x00,0x00,0x00,0x00,0x00,0x00,0x00,0x00,0x00,0x00,
	0x00,0x00,0x00,0x00,0x00,0x00,0x00,0x00,0x00,0x00,0x00,0x00,0x00,0xFF,0xFF,0xFF,0xFF,0x00,0x00,0x00,0x00,0x00,0x00,0x00,0x00,0x00,0x00,0x00,0xFF,0xFF,0xFF,0xFF,0x00,0x00,0x00,0x00,0x00,0x00,0x00,0xFF,0xFF,0xFF,0xFF,0x00,0x00,0x00,0xFF,0xFF,0xFF,0x00,0x00,0x00,0x00,0x00,0x00,0x00,0x00,0x00,0x00,0x00,0x00,0x00,
    };
        


const lv_img_dsc_t face_228_390_dial_img_8_235158_4 = {
    .header.magic = LV_IMAGE_HEADER_MAGIC,
    .header.w = 61,
    .header.h = 22,
    .data_size = sizeof(face_228_390_dial_img_8_235158_data_4),
    .header.cf = LV_COLOR_FORMAT_RGB565A8,
    .data = face_228_390_dial_img_8_235158_data_4};

    
// LVGL 9 format (RGB565) // LVGL_9 compatible 
const LV_ATTRIBUTE_MEM_ALIGN uint8_t face_228_390_dial_img_8_235158_data_5[] = {
	//RGB565 data 
	0x00,0x00,0x00,0x00,0x00,0x00,0x00,0x00,0x00,0x00,0x00,0x00,0x00,0x00,0x00,0x00,0x00,0x00,0x00,0x00,0x00,0x00,0x00,0x00,0x00,0x00,0x00,0x00,0x00,0x00,0x00,0x00,0x00,0x00,0x00,0x00,0x00,0x00,0x00,0x00,0x00,0x00,0x00,0x00,0x00,0x00,0x00,0x00,0x00,0x00,0x00,0x00,0x00,0x00,0x00,0x00,0x00,0x00,0x00,0x00,0x00,0x00,0x00,0x00,
	0x00,0x00,0x00,0x00,0x00,0x00,0x00,0x00,0x00,0x00,0x00,0x00,0x00,0x00,0x00,0x00,0x61,0x08,0x00,0x00,0x00,0x00,0x00,0x00,0x00,0x00,0x00,0x00,0x00,0x00,0x00,0x00,0x00,0x00,0x00,0x00,0x00,0x00,0x00,0x00,0x00,0x00,0x00,0x00,0x00,0x00,0x00,0x00,0x00,0x00,0x00,0x00,0x00,0x00,0x00,0x00,0x00,0x00,0x00,0x00,0x00,0x00,0x00,0x00,
	0x00,0x00,0x00,0x00,0x00,0x00,0x00,0x00,0x00,0x00,0x00,0x00,0x61,0x08,0x86,0x31,0x49,0x4A,0xCB,0x5A,0xCB,0x5A,0xCB,0x5A,0x49,0x4A,0x86,0x31,0x61,0x08,0x00,0x00,0x00,0x00,0x00,0x00,0x00,0x00,0x00,0x00,0x00,0x00,0x00,0x00,0x00,0x00,0x00,0x00,0x00,0x00,0x00,0x00,0x45,0x29,0x49,0x4A,0x49,0x4A,0x49,0x4A,0xC3,0x18,0x00,0x00,
	0x00,0x00,0x00,0x00,0x00,0x00,0x00,0x00,0x00,0x00,0x00,0x00,0x61,0x08,0x86,0x31,0x49,0x4A,0xCB,0x5A,0x49,0x4A,0x49,0x4A,0x49,0x4A,0x49,0x4A,0xCB,0x5A,0xCB,0x5A,0xCB,0x5A,0xCB,0x5A,0xCB,0x5A,0x49,0x4A,0x45,0x29,0x61,0x08,0x00,0x00,0x00,0x00,0x00,0x00,0x00,0x00,0x00,0x00,0x00,0x00,0x00,0x00,0x00,0x00,0x00,0x00,0x00,0x00,
	0x00,0x00,0x00,0x00,0x61,0x08,0x49,0x4A,0xF3,0x9C,0x18,0xC6,0x9A,0xD6,0x5D,0xEF,0x9A,0xD6,0x18,0xC6,0xF3,0x9C,0x49,0x4A,0x61,0x08,0x00,0x00,0x00,0x00,0x00,0x00,0x00,0x00,0x00,0x00,0x00,0x00,0x00,0x00,0x00,0x00,0x00,0x00,0xC3,0x18,0xF0,0x83,0x18,0xC6,0x18,0xC6,0xF3,0x9C,0xCB,0x5A,0x00,0x00,0x00,0x00,0x00,0x00,0x00,0x00,
	0x00,0x00,0x00,0x00,0x00,0x00,0x45,0x29,0xF3,0x9C,0x18,0xC6,0x18,0xC6,0x18,0xC6,0x18,0xC6,0x18,0xC6,0x18,0xC6,0x18,0xC6,0x18,0xC6,0x18,0xC6,0x18,0xC6,0x9A,0xD6,0xF3,0x9C,0xCB,0x5A,0xC3,0x18,0x00,0x00,0x00,0x00,0x00,0x00,0x00,0x00,0x00,0x00,0x00,0x00,0x00,0x00,0x00,0x00,0x00,0x00,0x00,0x00,0x00,0x00,0x61,0x08,0xF0,0x83,
	0x9A,0xD6,0x5D,0xEF,0x5D,0xEF,0x9A,0xD6,0x9A,0xD6,0x5D,0xEF,0x5D,0xEF,0x5D,0xEF,0x18,0xC6,0xF0,0x83,0x45,0x29,0x00,0x00,0x00,0x00,0x00,0x00,0x00,0x00,0x00,0x00,0x00,0x00,0x00,0x00,0x00,0x00,0x86,0x31,0x9A,0xD6,0xDF,0xFF,0xFF,0xFF,0x5D,0xEF,0xF0,0x83,0x00,0x00,0x00,0x00,0x00,0x00,0x00,0x00,0x00,0x00,0x00,0x00,0x00,0x00,
	0x86,0x31,0xF3,0x9C,0x18,0xC6,0x9A,0xD6,0x9A,0xD6,0x9A,0xD6,0x5D,0xEF,0xDF,0xFF,0x5D,0xEF,0x9A,0xD6,0x9A,0xD6,0x9A,0xD6,0x9A,0xD6,0xF3,0x9C,0x8E,0x73,0xC3,0x18,0x00,0x00,0x00,0x00,0x00,0x00,0x00,0x00,0x00,0x00,0x00,0x00,0x00,0x00,0x00,0x00,0x00,0x00,0x00,0x00,0x61,0x08,0x86,0x31,0x9A,0xD6,0xDF,0xFF,0x5D,0xEF,0xF3,0x9C,
	0xF0,0x83,0xF0,0x83,0xF0,0x83,0xF3,0x9C,0x5D,0xEF,0xDF,0xFF,0x9A,0xD6,0x49,0x4A,0x00,0x00,0x00,0x00,0x00,0x00,0x00,0x00,0x00,0x00,0x00,0x00,0x00,0x00,0x61,0x08,0xCB,0x5A,0xDF,0xFF,0xDF,0xFF,0x5D,0xEF,0xFF,0xFF,0x18,0xC6,0xC3,0x18,0x00,0x00,0x00,0x00,0x00,0x00,0x00,0x00,0x00,0x00,0x00,0x00,0xC3,0x18,0xCB,0x5A,0x8E,0x73,
	0xF0,0x83,0xF0,0x83,0xF3,0x9C,0x18,0xC6,0xFF,0xFF,0x5D,0xEF,0xF3,0x9C,0xF0,0x83,0xF0,0x83,0xF0,0x83,0x8E,0x73,0x86,0x31,0x61,0x08,0x00,0x00,0x00,0x00,0x00,0x00,0x00,0x00,0x00,0x00,0x00,0x00,0x00,0x00,0x00,0x00,0x00,0x00,0x00,0x00,0x45,0x29,0xF0,0x83,0x5D,0xEF,0x5D,0xEF,0xF0,0x83,0x45,0x29,0x00,0x00,0x00,0x00,0x00,0x00,
	0x61,0x08,0xF0,0x83,0x18,0xC6,0x9A,0xD6,0x49,0x4A,0x00,0x00,0x00,0x00,0x00,0x00,0x00,0x00,0x00,0x00,0x00,0x00,0x00,0x00,0x86,0x31,0xF0,0x83,0xDF,0xFF,0x18,0xC6,0xF3,0x9C,0x5D,0xEF,0x9A,0xD6,0xCB,0x5A,0xC3,0x18,0x00,0x00,0x00,0x00,0x00,0x00,0x00,0x00,0x00,0x00,0x00,0x00,0x00,0x00,0x00,0x00,0x00,0x00,0x00,0x00,0x86,0x31,
	0xF3,0x9C,0xDF,0xFF,0x9A,0xD6,0x49,0x4A,0x61,0x08,0x00,0x00,0x00,0x00,0x00,0x00,0x00,0x00,0x00,0x00,0x00,0x00,0x00,0x00,0x00,0x00,0x00,0x00,0x00,0x00,0x00,0x00,0x00,0x00,0x00,0x00,0x00,0x00,0x00,0x00,0x49,0x4A,0xF3,0x9C,0xDF,0xFF,0x9A,0xD6,0xCB,0x5A,0x61,0x08,0x00,0x00,0x00,0x00,0x00,0x00,0x00,0x00,0x86,0x31,0x49,0x4A,
	0x49,0x4A,0xC3,0x18,0x00,0x00,0x00,0x00,0x00,0x00,0x00,0x00,0x00,0x00,0x00,0x00,0x00,0x00,0xCB,0x5A,0x18,0xC6,0xDF,0xFF,0xF0,0x83,0x49,0x4A,0x5D,0xEF,0x5D,0xEF,0xF0,0x83,0x45,0x29,0x00,0x00,0x00,0x00,0x00,0x00,0x00,0x00,0x00,0x00,0x00,0x00,0x00,0x00,0x00,0x00,0x00,0x00,0x00,0x00,0x86,0x31,0xF0,0x83,0xDF,0xFF,0x9A,0xD6,
	0x49,0x4A,0x61,0x08,0x00,0x00,0x00,0x00,0x00,0x00,0x00,0x00,0x00,0x00,0x00,0x00,0x00,0x00,0x00,0x00,0x00,0x00,0x00,0x00,0x00,0x00,0x00,0x00,0x00,0x00,0x00,0x00,0x00,0x00,0x86,0x31,0xF3,0x9C,0xDF,0xFF,0x9A,0xD6,0xCB,0x5A,0xC3,0x18,0x00,0x00,0x00,0x00,0x00,0x00,0x00,0x00,0x00,0x00,0x00,0x00,0x00,0x00,0x00,0x00,0x00,0x00,
	0x00,0x00,0x00,0x00,0x00,0x00,0x00,0x00,0x00,0x00,0x00,0x00,0xF0,0x83,0x9A,0xD6,0x9A,0xD6,0xCB,0x5A,0x61,0x08,0x18,0xC6,0xDF,0xFF,0x18,0xC6,0x86,0x31,0x00,0x00,0x00,0x00,0x00,0x00,0x00,0x00,0x00,0x00,0x00,0x00,0x00,0x00,0x00,0x00,0x00,0x00,0x00,0x00,0x86,0x31,0xF3,0x9C,0xDF,0xFF,0x9A,0xD6,0x49,0x4A,0x61,0x08,0x00,0x00,
	0x00,0x00,0x00,0x00,0x00,0x00,0x00,0x00,0x00,0x00,0x00,0x00,0x00,0x00,0x00,0x00,0x00,0x00,0x00,0x00,0x00,0x00,0x00,0x00,0x00,0x00,0x00,0x00,0x45,0x29,0x8E,0x73,0x5D,0xEF,0xFF,0xFF,0x18,0xC6,0x49,0x4A,0x00,0x00,0x00,0x00,0x00,0x00,0x00,0x00,0x00,0x00,0x00,0x00,0x00,0x00,0x00,0x00,0x00,0x00,0x00,0x00,0x00,0x00,0x00,0x00,
	0x00,0x00,0x00,0x00,0xC3,0x18,0x18,0xC6,0xDF,0xFF,0xF3,0x9C,0x86,0x31,0x61,0x08,0xF3,0x9C,0xDF,0xFF,0x5D,0xEF,0xCB,0x5A,0x00,0x00,0x00,0x00,0x00,0x00,0x00,0x00,0x00,0x00,0x00,0x00,0x00,0x00,0x00,0x00,0x00,0x00,0x00,0x00,0x86,0x31,0xF3,0x9C,0xDF,0xFF,0x9A,0xD6,0x49,0x4A,0x61,0x08,0x00,0x00,0x00,0x00,0x00,0x00,0x00,0x00,
	0x00,0x00,0x00,0x00,0x00,0x00,0x00,0x00,0x00,0x00,0x00,0x00,0x00,0x00,0x00,0x00,0x00,0x00,0x00,0x00,0x00,0x00,0x61,0x08,0x86,0x31,0x18,0xC6,0xDF,0xFF,0xDF,0xFF,0x18,0xC6,0xF3,0x9C,0x8E,0x73,0xCB,0x5A,0x49,0x4A,0x45,0x29,0x00,0x00,0x00,0x00,0x00,0x00,0x00,0x00,0x00,0x00,0x00,0x00,0x00,0x00,0x00,0x00,0x61,0x08,0x49,0x4A,
	0x9A,0xD6,0xDF,0xFF,0x8E,0x73,0xC3,0x18,0x00,0x00,0x8E,0x73,0x9A,0xD6,0xFF,0xFF,0xF0,0x83,0xC3,0x18,0x00,0x00,0x00,0x00,0x00,0x00,0x00,0x00,0x00,0x00,0x00,0x00,0x00,0x00,0x00,0x00,0x00,0x00,0x86,0x31,0xF3,0x9C,0xDF,0xFF,0x9A,0xD6,0x49,0x4A,0x61,0x08,0x00,0x00,0x00,0x00,0x00,0x00,0x00,0x00,0x00,0x00,0x00,0x00,0x00,0x00,
	0x00,0x00,0x00,0x00,0x00,0x00,0x00,0x00,0x00,0x00,0x00,0x00,0x00,0x00,0x00,0x00,0x00,0x00,0x61,0x08,0x8E,0x73,0x18,0xC6,0x5D,0xEF,0xDF,0xFF,0xDF,0xFF,0x5D,0xEF,0x9A,0xD6,0xF3,0x9C,0x8E,0x73,0x86,0x31,0x61,0x08,0x00,0x00,0x00,0x00,0x00,0x00,0x00,0x00,0x00,0x00,0x00,0x00,0x45,0x29,0xF0,0x83,0x5D,0xEF,0x9A,0xD6,0x49,0x4A,
	0x00,0x00,0x00,0x00,0x49,0x4A,0xF3,0x9C,0xFF,0xFF,0xF3,0x9C,0x49,0x4A,0x00,0x00,0x00,0x00,0x00,0x00,0x00,0x00,0x00,0x00,0x00,0x00,0x00,0x00,0x00,0x00,0x00,0x00,0x86,0x31,0xF3,0x9C,0xDF,0xFF,0x9A,0xD6,0x49,0x4A,0x61,0x08,0x00,0x00,0x00,0x00,0x00,0x00,0x00,0x00,0x00,0x00,0x00,0x00,0x00,0x00,0x00,0x00,0x00,0x00,0x00,0x00,
	0x00,0x00,0x00,0x00,0x00,0x00,0x00,0x00,0x00,0x00,0x00,0x00,0x00,0x00,0x61,0x08,0x86,0x31,0xF0,0x83,0xF3,0x9C,0x18,0xC6,0x5D,0xEF,0xDF,0xFF,0xDF,0xFF,0x5D,0xEF,0x18,0xC6,0xF0,0x83,0x45,0x29,0x00,0x00,0x00,0x00,0x00,0x00,0x00,0x00,0x00,0x00,0x49,0x4A,0x18,0xC6,0xDF,0xFF,0x18,0xC6,0x61,0x08,0x00,0x00,0x00,0x00,0x00,0x00,
	0x8E,0x73,0xFF,0xFF,0x9A,0xD6,0x8E,0x73,0x61,0x08,0x00,0x00,0x00,0x00,0x00,0x00,0x00,0x00,0x00,0x00,0x00,0x00,0x00,0x00,0x00,0x00,0x86,0x31,0xF3,0x9C,0xDF,0xFF,0x9A,0xD6,0x49,0x4A,0x61,0x08,0x00,0x00,0x00,0x00,0x00,0x00,0x00,0x00,0x00,0x00,0x00,0x00,0x00,0x00,0x00,0x00,0x00,0x00,0x00,0x00,0x00,0x00,0x00,0x00,0x00,0x00,
	0x00,0x00,0x00,0x00,0x00,0x00,0x00,0x00,0x00,0x00,0x61,0x08,0x45,0x29,0x49,0x4A,0xCB,0x5A,0xF0,0x83,0xF3,0x9C,0x18,0xC6,0xDF,0xFF,0xFF,0xFF,0x9A,0xD6,0x49,0x4A,0x00,0x00,0x00,0x00,0x00,0x00,0x00,0x00,0x00,0x00,0xCB,0x5A,0x5D,0xEF,0xFF,0xFF,0x9A,0xD6,0xCB,0x5A,0xCB,0x5A,0xCB,0x5A,0xCB,0x5A,0xF3,0x9C,0xFF,0xFF,0xDF,0xFF,
	0xF3,0x9C,0xC3,0x18,0x00,0x00,0x00,0x00,0x00,0x00,0x00,0x00,0x00,0x00,0x00,0x00,0x00,0x00,0x00,0x00,0x86,0x31,0xF3,0x9C,0xDF,0xFF,0x9A,0xD6,0x49,0x4A,0x61,0x08,0x00,0x00,0x00,0x00,0x00,0x00,0x00,0x00,0x00,0x00,0x00,0x00,0x00,0x00,0x00,0x00,0x00,0x00,0x00,0x00,0x00,0x00,0x00,0x00,0x00,0x00,0x00,0x00,0x00,0x00,0x00,0x00,
	0x00,0x00,0x00,0x00,0x00,0x00,0x00,0x00,0x00,0x00,0x00,0x00,0x00,0x00,0x61,0x08,0x49,0x4A,0x18,0xC6,0xFF,0xFF,0xFF,0xFF,0xF0,0x83,0xC3,0x18,0x00,0x00,0x00,0x00,0x00,0x00,0x61,0x08,0xF0,0x83,0xFF,0xFF,0xFF,0xFF,0x5D,0xEF,0x18,0xC6,0x18,0xC6,0x18,0xC6,0x18,0xC6,0x9A,0xD6,0xFF,0xFF,0xFF,0xFF,0x9A,0xD6,0x45,0x29,0x00,0x00,
	0x00,0x00,0x00,0x00,0x00,0x00,0x00,0x00,0x00,0x00,0x00,0x00,0x00,0x00,0x86,0x31,0xF3,0x9C,0xDF,0xFF,0x9A,0xD6,0x49,0x4A,0x61,0x08,0x00,0x00,0x00,0x00,0x00,0x00,0x00,0x00,0x00,0x00,0x00,0x00,0x00,0x00,0x00,0x00,0x00,0x00,0x00,0x00,0x00,0x00,0x00,0x00,0x00,0x00,0x00,0x00,0x00,0x00,0x00,0x00,0x00,0x00,0x00,0x00,0x00,0x00,
	0x00,0x00,0x00,0x00,0x00,0x00,0x00,0x00,0x00,0x00,0xC3,0x18,0xF0,0x83,0x9A,0xD6,0xFF,0xFF,0xF3,0x9C,0x49,0x4A,0x00,0x00,0x00,0x00,0x00,0x00,0x86,0x31,0xF3,0x9C,0xFF,0xFF,0xDF,0xFF,0x5D,0xEF,0x9A,0xD6,0x9A,0xD6,0x9A,0xD6,0x9A,0xD6,0x9A,0xD6,0xDF,0xFF,0xFF,0xFF,0x5D,0xEF,0xCB,0x5A,0xC3,0x18,0x00,0x00,0x00,0x00,0x00,0x00,
	0x00,0x00,0x00,0x00,0x00,0x00,0x00,0x00,0x86,0x31,0xF3,0x9C,0xDF,0xFF,0x9A,0xD6,0x49,0x4A,0x61,0x08,0x00,0x00,0x00,0x00,0x00,0x00,0x00,0x00,0x00,0x00,0x00,0x00,0x00,0x00,0x00,0x00,0x00,0x00,0x00,0x00,0x00,0x00,0x00,0x00,0x00,0x00,0x00,0x00,0x00,0x00,0xC3,0x18,0x86,0x31,0x86,0x31,0xC3,0x18,0x00,0x00,0x00,0x00,0x00,0x00,
	0x00,0x00,0x00,0x00,0x00,0x00,0xCB,0x5A,0x18,0xC6,0xFF,0xFF,0x18,0xC6,0xCB,0x5A,0x61,0x08,0x00,0x00,0x61,0x08,0x8E,0x73,0x9A,0xD6,0xDF,0xFF,0x18,0xC6,0xF0,0x83,0xF0,0x83,0xF0,0x83,0xF0,0x83,0xF0,0x83,0xF0,0x83,0xF3,0x9C,0x5D,0xEF,0x5D,0xEF,0xF3,0x9C,0x86,0x31,0x00,0x00,0x00,0x00,0x00,0x00,0x00,0x00,0x00,0x00,0x00,0x00,
	0x00,0x00,0x86,0x31,0xF3,0x9C,0xDF,0xFF,0x9A,0xD6,0x49,0x4A,0x61,0x08,0x00,0x00,0x00,0x00,0x00,0x00,0x00,0x00,0x00,0x00,0x00,0x00,0x00,0x00,0x00,0x00,0x00,0x00,0x00,0x00,0x00,0x00,0x00,0x00,0x00,0x00,0x00,0x00,0x00,0x00,0x49,0x4A,0xF3,0x9C,0x18,0xC6,0x8E,0x73,0x00,0x00,0x00,0x00,0x00,0x00,0x00,0x00,0x00,0x00,0x61,0x08,
	0x8E,0x73,0x18,0xC6,0xFF,0xFF,0xF3,0x9C,0x49,0x4A,0x00,0x00,0x00,0x00,0xC3,0x18,0xF3,0x9C,0xDF,0xFF,0x5D,0xEF,0xCB,0x5A,0x00,0x00,0x00,0x00,0x00,0x00,0x00,0x00,0x00,0x00,0x00,0x00,0x86,0x31,0x18,0xC6,0xFF,0xFF,0x18,0xC6,0xCB,0x5A,0x00,0x00,0x00,0x00,0x00,0x00,0x00,0x00,0x00,0x00,0x00,0x00,0x00,0x00,0x86,0x31,0xF3,0x9C,
	0xDF,0xFF,0x9A,0xD6,0x49,0x4A,0x61,0x08,0x00,0x00,0x00,0x00,0x00,0x00,0x00,0x00,0x00,0x00,0x00,0x00,0x00,0x00,0x00,0x00,0x00,0x00,0x00,0x00,0x00,0x00,0x00,0x00,0x00,0x00,0x00,0x00,0x00,0x00,0x49,0x4A,0xF3,0x9C,0x5D,0xEF,0x18,0xC6,0x8E,0x73,0x86,0x31,0xC3,0x18,0xC3,0x18,0x45,0x29,0x49,0x4A,0x18,0xC6,0xDF,0xFF,0xFF,0xFF,
	0x8E,0x73,0xC3,0x18,0x00,0x00,0x00,0x00,0x45,0x29,0x9A,0xD6,0xFF,0xFF,0x18,0xC6,0x86,0x31,0x00,0x00,0x00,0x00,0x00,0x00,0x00,0x00,0x00,0x00,0x00,0x00,0x61,0x08,0xF3,0x9C,0xFF,0xFF,0x5D,0xEF,0xF0,0x83,0x00,0x00,0x00,0x00,0x00,0x00,0x00,0x00,0x00,0x00,0x00,0x00,0x00,0x00,0x86,0x31,0xF3,0x9C,0xDF,0xFF,0x9A,0xD6,0x49,0x4A,
	0x61,0x08,0x00,0x00,0x00,0x00,0x00,0x00,0x00,0x00,0x00,0x00,0x00,0x00,0x00,0x00,0x00,0x00,0x00,0x00,0x00,0x00,0x00,0x00,0x00,0x00,0x00,0x00,0x00,0x00,0x00,0x00,0x86,0x31,0xF0,0x83,0x9A,0xD6,0xDF,0xFF,0x9A,0xD6,0xF3,0x9C,0xF0,0x83,0x8E,0x73,0xF0,0x83,0xF3,0x9C,0x5D,0xEF,0x5D,0xEF,0x18,0xC6,0x49,0x4A,0x00,0x00,0x00,0x00,
	0x61,0x08,0x49,0x4A,0x5D,0xEF,0xDF,0xFF,0xF3,0x9C,0x86,0x31,0x00,0x00,0x00,0x00,0x00,0x00,0x00,0x00,0x00,0x00,0x00,0x00,0x00,0x00,0xF0,0x83,0x5D,0xEF,0xFF,0xFF,0xF3,0x9C,0xC3,0x18,0x00,0x00,0x00,0x00,0x00,0x00,0x00,0x00,0x00,0x00,0x00,0x00,0x86,0x31,0xF3,0x9C,0xDF,0xFF,0x9A,0xD6,0x49,0x4A,0x61,0x08,0x00,0x00,0x00,0x00,
	0x00,0x00,0x00,0x00,0x00,0x00,0x00,0x00,0x00,0x00,0x00,0x00,0x00,0x00,0x00,0x00,0x00,0x00,0x00,0x00,0x00,0x00,0x00,0x00,0x00,0x00,0x00,0x00,0xC3,0x18,0xF0,0x83,0x9A,0xD6,0xFF,0xFF,0xFF,0xFF,0xDF,0xFF,0xDF,0xFF,0xDF,0xFF,0xFF,0xFF,0xDF,0xFF,0xF3,0x9C,0x86,0x31,0x61,0x08,0x00,0x00,0x00,0x00,0x86,0x31,0xF0,0x83,0xDF,0xFF,
	0x5D,0xEF,0x8E,0x73,0xC3,0x18,0x00,0x00,0x00,0x00,0x00,0x00,0x00,0x00,0x00,0x00,0x00,0x00,0x00,0x00,0xCB,0x5A,0x18,0xC6,0xFF,0xFF,0x18,0xC6,0xCB,0x5A,0x61,0x08,0x00,0x00,0x00,0x00,0x00,0x00,0x00,0x00,0x00,0x00,0x86,0x31,0xF3,0x9C,0xDF,0xFF,0x9A,0xD6,0x49,0x4A,0x61,0x08,0x00,0x00,0x00,0x00,0x00,0x00,0x00,0x00,0x00,0x00,
	0x00,0x00,0x00,0x00,0x00,0x00,0x00,0x00,0x00,0x00,0x00,0x00,0x00,0x00,0x00,0x00,0x00,0x00,0x00,0x00,0x00,0x00,0x00,0x00,0x45,0x29,0xCB,0x5A,0xF0,0x83,0xF3,0x9C,0xF3,0x9C,0xF3,0x9C,0xF3,0x9C,0xF3,0x9C,0x8E,0x73,0x49,0x4A,0x61,0x08,0x00,0x00,0x00,0x00,0x00,0x00,0x45,0x29,0xCB,0x5A,0xF3,0x9C,0xF0,0x83,0x86,0x31,0x61,0x08,
	0x00,0x00,0x00,0x00,0x00,0x00,0x00,0x00,0x00,0x00,0x00,0x00,0x00,0x00,0x45,0x29,0xCB,0x5A,0xF3,0x9C,0xF0,0x83,0x49,0x4A,0x61,0x08,0x00,0x00,0x00,0x00,0x00,0x00,0x00,0x00,0x00,0x00,0xC3,0x18,0xCB,0x5A,0xF3,0x9C,0xF0,0x83,0x45,0x29,0x61,0x08,0x00,0x00,0x00,0x00,0x00,0x00,0x00,0x00,0x00,0x00,0x00,0x00,0x00,0x00,0x00,0x00,
	0x00,0x00,0x00,0x00,0x00,0x00,0x00,0x00,0x00,0x00,0x00,0x00,0x00,0x00,0x00,0x00,0x00,0x00,0x00,0x00,0x00,0x00,0x00,0x00,0xC3,0x18,0x45,0x29,0x45,0x29,0x45,0x29,0xC3,0x18,0x00,0x00,0x00,0x00,0x00,0x00,0x00,0x00,0x00,0x00,0x00,0x00,0x61,0x08,0x45,0x29,0x45,0x29,0xC3,0x18,0x61,0x08,0x00,0x00,0x00,0x00,0x00,0x00,0x00,0x00,
	0x00,0x00,0x00,0x00,0x00,0x00,0x00,0x00,0x00,0x00,0x61,0x08,0x45,0x29,0x86,0x31,0x45,0x29,0x61,0x08,0x00,0x00,0x00,0x00,0x00,0x00,0x00,0x00,0x00,0x00,0x61,0x08,0xC3,0x18,0x45,0x29,0x45,0x29,0x61,0x08,0x00,0x00,0x00,0x00,0x00,0x00,0x00,0x00,0x00,0x00,0x00,0x00,0x00,0x00,0x00,0x00,0x00,0x00,0x00,0x00,

	// Alpha Channel 
	0x00,0x00,0x00,0x00,0x00,0x00,0x00,0x00,0x00,0x00,0x00,0x00,0x00,0x00,0x00,0x00,0x00,0x00,0x00,0x00,0x00,0x00,0x00,0x00,0x00,0x00,0x00,0x00,0x00,0x00,0x00,0x00,0x00,0x00,0x00,0x00,0x00,0x00,0x00,0x00,0xFF,0x00,0x00,0x00,0x00,0x00,0x00,0x00,0x00,0x00,0x00,0x00,0x00,0x00,0x00,0x00,0x00,0x00,0x00,0x00,0x00,0x00,0x00,0x00,
	0x00,0x00,0x00,0x00,0x00,0x00,0xFF,0xFF,0xFF,0xFF,0xFF,0xFF,0xFF,0xFF,0xFF,0x00,0x00,0x00,0x00,0x00,0x00,0x00,0x00,0x00,0x00,0x00,0xFF,0xFF,0xFF,0xFF,0xFF,0x00,0x00,0x00,0x00,0x00,0x00,0x00,0xFF,0xFF,0xFF,0xFF,0xFF,0xFF,0xFF,0xFF,0xFF,0xFF,0xFF,0xFF,0xFF,0xFF,0xFF,0xFF,0x00,0x00,0x00,0x00,0x00,0x00,0x00,0x00,0x00,0x00,
	0x00,0x00,0xFF,0xFF,0xFF,0xFF,0xFF,0xFF,0xFF,0xFF,0xFF,0xFF,0xFF,0x00,0x00,0x00,0x00,0x00,0x00,0x00,0x00,0x00,0xFF,0xFF,0xFF,0xFF,0xFF,0xFF,0x00,0x00,0x00,0x00,0x00,0x00,0x00,0xFF,0xFF,0xFF,0xFF,0xFF,0xFF,0xFF,0xFF,0xFF,0xFF,0xFF,0xFF,0xFF,0xFF,0xFF,0xFF,0x00,0x00,0x00,0x00,0x00,0x00,0x00,0x00,0x00,0x00,0x00,0xFF,0xFF,
	0xFF,0xFF,0xFF,0xFF,0xFF,0xFF,0xFF,0xFF,0xFF,0xFF,0xFF,0x00,0x00,0x00,0x00,0x00,0x00,0x00,0x00,0xFF,0xFF,0xFF,0xFF,0xFF,0xFF,0x00,0x00,0x00,0x00,0x00,0x00,0x00,0xFF,0xFF,0xFF,0xFF,0xFF,0xFF,0xFF,0xFF,0xFF,0xFF,0xFF,0xFF,0xFF,0xFF,0xFF,0xFF,0x00,0x00,0x00,0x00,0x00,0x00,0x00,0x00,0x00,0x00,0xFF,0xFF,0xFF,0xFF,0xFF,0xFF,
	0xFF,0xFF,0xFF,0xFF,0xFF,0xFF,0xFF,0xFF,0x00,0x00,0x00,0x00,0x00,0x00,0x00,0xFF,0xFF,0xFF,0xFF,0xFF,0xFF,0xFF,0xFF,0x00,0x00,0x00,0x00,0x00,0x00,0xFF,0xFF,0xFF,0xFF,0xFF,0xFF,0xFF,0xFF,0xFF,0xFF,0xFF,0xFF,0xFF,0xFF,0xFF,0xFF,0x00,0x00,0x00,0x00,0x00,0x00,0x00,0x00,0x00,0x00,0xFF,0xFF,0xFF,0xFF,0xFF,0xFF,0x00,0x00,0x00,
	0xFF,0xFF,0xFF,0xFF,0xFF,0x00,0x00,0x00,0x00,0x00,0x00,0x00,0xFF,0xFF,0xFF,0xFF,0xFF,0xFF,0xFF,0xFF,0xFF,0x00,0x00,0x00,0x00,0x00,0x00,0x00,0x00,0x00,0x00,0xFF,0xFF,0xFF,0xFF,0xFF,0xFF,0x00,0x00,0x00,0x00,0x00,0x00,0x00,0x00,0x00,0x00,0x00,0x00,0x00,0x00,0x00,0xFF,0xFF,0xFF,0xFF,0xFF,0xFF,0x00,0x00,0x00,0x00,0xFF,0xFF,
	0xFF,0xFF,0x00,0x00,0x00,0x00,0x00,0x00,0x00,0xFF,0xFF,0xFF,0xFF,0xFF,0xFF,0xFF,0xFF,0xFF,0x00,0x00,0x00,0x00,0x00,0x00,0x00,0x00,0x00,0x00,0xFF,0xFF,0xFF,0xFF,0xFF,0xFF,0x00,0x00,0x00,0x00,0x00,0x00,0x00,0x00,0x00,0x00,0x00,0x00,0x00,0x00,0x00,0xFF,0xFF,0xFF,0xFF,0xFF,0xFF,0x00,0x00,0x00,0x00,0x00,0x00,0x00,0x00,0x00,
	0x00,0x00,0x00,0x00,0x00,0x00,0xFF,0xFF,0xFF,0xFF,0xFF,0xFF,0xFF,0xFF,0xFF,0x00,0x00,0x00,0x00,0x00,0x00,0x00,0x00,0x00,0x00,0xFF,0xFF,0xFF,0xFF,0xFF,0xFF,0x00,0x00,0x00,0x00,0x00,0x00,0x00,0x00,0x00,0x00,0x00,0x00,0x00,0x00,0x00,0xFF,0xFF,0xFF,0xFF,0xFF,0xFF,0x00,0x00,0x00,0x00,0x00,0x00,0x00,0x00,0x00,0x00,0x00,0x00,
	0x00,0x00,0xFF,0xFF,0xFF,0xFF,0xFF,0xFF,0xFF,0xFF,0xFF,0xFF,0x00,0x00,0x00,0x00,0x00,0x00,0x00,0x00,0x00,0x00,0xFF,0xFF,0xFF,0xFF,0xFF,0xFF,0x00,0x00,0x00,0x00,0x00,0x00,0x00,0x00,0x00,0x00,0x00,0x00,0x00,0x00,0x00,0xFF,0xFF,0xFF,0xFF,0xFF,0xFF,0xFF,0xFF,0xFF,0xFF,0xFF,0x00,0x00,0x00,0x00,0x00,0x00,0x00,0x00,0xFF,0xFF,
	0xFF,0xFF,0xFF,0xFF,0x00,0xFF,0xFF,0xFF,0xFF,0xFF,0x00,0x00,0x00,0x00,0x00,0x00,0x00,0x00,0x00,0xFF,0xFF,0xFF,0xFF,0xFF,0xFF,0x00,0x00,0x00,0x00,0x00,0x00,0x00,0x00,0x00,0x00,0x00,0x00,0x00,0x00,0x00,0x00,0xFF,0xFF,0xFF,0xFF,0xFF,0xFF,0xFF,0xFF,0xFF,0xFF,0xFF,0xFF,0x00,0x00,0x00,0x00,0x00,0x00,0xFF,0xFF,0xFF,0xFF,0xFF,
	0x00,0x00,0xFF,0xFF,0xFF,0xFF,0xFF,0x00,0x00,0x00,0x00,0x00,0x00,0x00,0x00,0x00,0xFF,0xFF,0xFF,0xFF,0xFF,0xFF,0x00,0x00,0x00,0x00,0x00,0x00,0x00,0x00,0x00,0x00,0x00,0x00,0x00,0x00,0x00,0x00,0x00,0xFF,0xFF,0xFF,0xFF,0xFF,0xFF,0xFF,0xFF,0xFF,0xFF,0xFF,0xFF,0x00,0x00,0x00,0x00,0x00,0xFF,0xFF,0xFF,0xFF,0xFF,0x00,0x00,0x00,
	0xFF,0xFF,0xFF,0xFF,0xFF,0x00,0x00,0x00,0x00,0x00,0x00,0x00,0x00,0xFF,0xFF,0xFF,0xFF,0xFF,0xFF,0x00,0x00,0x00,0x00,0x00,0x00,0x00,0x00,0x00,0x00,0x00,0x00,0x00,0x00,0x00,0x00,0x00,0x00,0xFF,0xFF,0xFF,0xFF,0xFF,0xFF,0xFF,0xFF,0xFF,0xFF,0xFF,0x00,0x00,0x00,0x00,0x00,0xFF,0xFF,0xFF,0xFF,0xFF,0xFF,0xFF,0xFF,0xFF,0xFF,0xFF,
	0xFF,0xFF,0x00,0x00,0x00,0x00,0x00,0x00,0x00,0x00,0xFF,0xFF,0xFF,0xFF,0xFF,0xFF,0x00,0x00,0x00,0x00,0x00,0x00,0x00,0x00,0x00,0x00,0x00,0x00,0x00,0x00,0x00,0x00,0x00,0x00,0x00,0x00,0x00,0x00,0x00,0xFF,0xFF,0xFF,0xFF,0xFF,0xFF,0xFF,0x00,0x00,0x00,0xFF,0xFF,0xFF,0xFF,0xFF,0xFF,0xFF,0xFF,0xFF,0xFF,0xFF,0xFF,0xFF,0xFF,0x00,
	0x00,0x00,0x00,0x00,0x00,0x00,0x00,0xFF,0xFF,0xFF,0xFF,0xFF,0xFF,0x00,0x00,0x00,0x00,0x00,0x00,0x00,0x00,0x00,0x00,0x00,0x00,0x00,0x00,0x00,0x00,0x00,0x00,0x00,0x00,0x00,0x00,0x00,0x00,0xFF,0xFF,0xFF,0xFF,0xFF,0xFF,0x00,0x00,0x00,0xFF,0xFF,0xFF,0xFF,0xFF,0xFF,0xFF,0xFF,0xFF,0xFF,0xFF,0xFF,0xFF,0xFF,0xFF,0x00,0x00,0x00,
	0x00,0x00,0x00,0x00,0xFF,0xFF,0xFF,0xFF,0xFF,0xFF,0x00,0x00,0x00,0x00,0x00,0x00,0x00,0x00,0x00,0x00,0x00,0x00,0x00,0x00,0x00,0xFF,0xFF,0xFF,0xFF,0x00,0x00,0x00,0x00,0x00,0x00,0xFF,0xFF,0xFF,0xFF,0xFF,0xFF,0x00,0xFF,0xFF,0xFF,0xFF,0xFF,0xFF,0xFF,0xFF,0xFF,0xFF,0xFF,0xFF,0xFF,0xFF,0xFF,0xFF,0x00,0x00,0x00,0x00,0x00,0x00,
	0x00,0xFF,0xFF,0xFF,0xFF,0xFF,0xFF,0x00,0x00,0x00,0x00,0x00,0x00,0x00,0x00,0x00,0x00,0x00,0x00,0x00,0x00,0x00,0xFF,0xFF,0xFF,0xFF,0x00,0x00,0x00,0x00,0x00,0xFF,0xFF,0xFF,0xFF,0xFF,0xFF,0x00,0x00,0xFF,0xFF,0xFF,0xFF,0xFF,0x00,0x00,0x00,0x00,0x00,0x00,0xFF,0xFF,0xFF,0xFF,0xFF,0x00,0x00,0x00,0x00,0x00,0x00,0x00,0xFF,0xFF,
	0xFF,0xFF,0xFF,0xFF,0x00,0x00,0x00,0x00,0x00,0x00,0x00,0x00,0x00,0x00,0x00,0x00,0x00,0x00,0x00,0xFF,0xFF,0xFF,0xFF,0xFF,0xFF,0xFF,0xFF,0xFF,0xFF,0xFF,0xFF,0xFF,0xFF,0xFF,0x00,0x00,0xFF,0xFF,0xFF,0xFF,0xFF,0x00,0x00,0x00,0x00,0x00,0x00,0xFF,0xFF,0xFF,0xFF,0xFF,0x00,0x00,0x00,0x00,0x00,0x00,0x00,0xFF,0xFF,0xFF,0xFF,0xFF,
	0xFF,0x00,0x00,0x00,0x00,0x00,0x00,0x00,0x00,0x00,0x00,0x00,0x00,0x00,0x00,0x00,0xFF,0xFF,0xFF,0xFF,0xFF,0xFF,0xFF,0xFF,0xFF,0xFF,0xFF,0xFF,0xFF,0xFF,0x00,0x00,0xFF,0xFF,0xFF,0xFF,0xFF,0xFF,0x00,0x00,0x00,0x00,0x00,0x00,0x00,0xFF,0xFF,0xFF,0xFF,0xFF,0x00,0x00,0x00,0x00,0x00,0x00,0xFF,0xFF,0xFF,0xFF,0xFF,0xFF,0x00,0x00,
	0x00,0x00,0x00,0x00,0x00,0x00,0x00,0x00,0x00,0x00,0x00,0x00,0x00,0x00,0xFF,0xFF,0xFF,0xFF,0xFF,0xFF,0xFF,0xFF,0xFF,0xFF,0xFF,0xFF,0xFF,0x00,0x00,0xFF,0xFF,0xFF,0xFF,0xFF,0xFF,0x00,0x00,0x00,0x00,0x00,0x00,0x00,0xFF,0xFF,0xFF,0xFF,0xFF,0xFF,0x00,0x00,0x00,0x00,0x00,0xFF,0xFF,0xFF,0xFF,0xFF,0xFF,0x00,0x00,0x00,0x00,0x00,
	0x00,0x00,0x00,0x00,0x00,0x00,0x00,0x00,0x00,0x00,0x00,0x00,0xFF,0xFF,0xFF,0xFF,0xFF,0xFF,0xFF,0xFF,0xFF,0xFF,0xFF,0x00,0x00,0x00,0xFF,0xFF,0xFF,0xFF,0xFF,0xFF,0x00,0x00,0x00,0x00,0x00,0x00,0x00,0xFF,0xFF,0xFF,0xFF,0xFF,0xFF,0x00,0x00,0x00,0x00,0x00,0xFF,0xFF,0xFF,0xFF,0xFF,0xFF,0x00,0x00,0x00,0x00,0x00,0x00,0x00,0x00,
	0x00,0x00,0x00,0x00,0x00,0x00,0x00,0x00,0x00,0x00,0x00,0x00,0xFF,0xFF,0xFF,0xFF,0xFF,0x00,0x00,0x00,0x00,0x00,0x00,0xFF,0xFF,0xFF,0xFF,0xFF,0x00,0x00,0x00,0x00,0x00,0x00,0x00,0x00,0x00,0xFF,0xFF,0xFF,0xFF,0xFF,0x00,0x00,0x00,0x00,0x00,0xFF,0xFF,0xFF,0xFF,0xFF,0x00,0x00,0x00,0x00,0x00,0x00,0x00,0x00,0x00,0x00,
    };
        


const lv_img_dsc_t face_228_390_dial_img_8_235158_5 = {
    .header.magic = LV_IMAGE_HEADER_MAGIC,
    .header.w = 61,
    .header.h = 22,
    .data_size = sizeof(face_228_390_dial_img_8_235158_data_5),
    .header.cf = LV_COLOR_FORMAT_RGB565A8,
    .data = face_228_390_dial_img_8_235158_data_5};

    
// LVGL 9 format (RGB565) // LVGL_9 compatible 
const LV_ATTRIBUTE_MEM_ALIGN uint8_t face_228_390_dial_img_8_235158_data_6[] = {
	//RGB565 data 
	0x00,0x00,0x00,0x00,0x00,0x00,0x00,0x00,0x00,0x00,0x00,0x00,0x00,0x00,0x00,0x00,0x00,0x00,0x00,0x00,0x00,0x00,0x00,0x00,0x00,0x00,0x00,0x00,0x00,0x00,0x00,0x00,0x00,0x00,0x00,0x00,0x00,0x00,0x00,0x00,0x00,0x00,0x00,0x00,0x00,0x00,0x00,0x00,0x00,0x00,0x00,0x00,0x00,0x00,0x00,0x00,0x00,0x00,0x00,0x00,0x00,0x00,0x00,0x00,
	0x00,0x00,0x00,0x00,0x00,0x00,0x00,0x00,0x00,0x00,0x00,0x00,0x00,0x00,0x00,0x00,0x00,0x00,0x00,0x00,0x00,0x00,0x00,0x00,0x00,0x00,0x00,0x00,0x00,0x00,0x00,0x00,0x00,0x00,0x00,0x00,0x00,0x00,0x00,0x00,0x00,0x00,0x00,0x00,0x00,0x00,0x00,0x00,0x00,0x00,0x00,0x00,0x00,0x00,0x00,0x00,0x00,0x00,0x00,0x00,0x00,0x00,0x00,0x00,
	0x00,0x00,0x00,0x00,0x00,0x00,0x00,0x00,0x00,0x00,0x45,0x29,0x49,0x4A,0xCB,0x5A,0xCB,0x5A,0xCB,0x5A,0xCB,0x5A,0x86,0x31,0xC3,0x18,0x00,0x00,0x00,0x00,0x00,0x00,0x00,0x00,0x00,0x00,0x00,0x00,0x45,0x29,0x49,0x4A,0x49,0x4A,0x45,0x29,0x00,0x00,0x00,0x00,0x00,0x00,0x00,0x00,0x00,0x00,0x00,0x00,0x00,0x00,0x61,0x08,0x45,0x29,
	0x49,0x4A,0x49,0x4A,0x45,0x29,0x61,0x08,0x00,0x00,0x00,0x00,0xC3,0x18,0x49,0x4A,0xCB,0x5A,0x49,0x4A,0x00,0x00,0x00,0x00,0x00,0x00,0x00,0x00,0x00,0x00,0x00,0x00,0x00,0x00,0x00,0x00,0x45,0x29,0x49,0x4A,0x49,0x4A,0x45,0x29,0x61,0x08,0x00,0x00,0x00,0x00,0x00,0x00,0x00,0x00,0x00,0x00,0x00,0x00,0x00,0x00,0x00,0x00,0x00,0x00,
	0x00,0x00,0x45,0x29,0xF0,0x83,0xF3,0x9C,0x18,0xC6,0x5D,0xEF,0x5D,0xEF,0x9A,0xD6,0xF3,0x9C,0x8E,0x73,0xC3,0x18,0x00,0x00,0x00,0x00,0x00,0x00,0x00,0x00,0x00,0x00,0x8E,0x73,0x9A,0xD6,0xF3,0x9C,0xCB,0x5A,0x00,0x00,0x00,0x00,0x00,0x00,0x00,0x00,0x00,0x00,0x00,0x00,0x00,0x00,0xC3,0x18,0x8E,0x73,0x18,0xC6,0x18,0xC6,0x8E,0x73,
	0x86,0x31,0x00,0x00,0x00,0x00,0x49,0x4A,0x18,0xC6,0x5D,0xEF,0xF3,0x9C,0x86,0x31,0x00,0x00,0x00,0x00,0x00,0x00,0x00,0x00,0x00,0x00,0x00,0x00,0x61,0x08,0xCB,0x5A,0xF3,0x9C,0x18,0xC6,0xCB,0x5A,0xC3,0x18,0x00,0x00,0x00,0x00,0x00,0x00,0x00,0x00,0x00,0x00,0x00,0x00,0x00,0x00,0x00,0x00,0x00,0x00,0xCB,0x5A,0x18,0xC6,0x5D,0xEF,
	0x5D,0xEF,0x5D,0xEF,0x9A,0xD6,0x9A,0xD6,0x5D,0xEF,0xDF,0xFF,0x5D,0xEF,0xF3,0x9C,0x49,0x4A,0x00,0x00,0x00,0x00,0x00,0x00,0x00,0x00,0xF0,0x83,0xDF,0xFF,0x9A,0xD6,0x8E,0x73,0x00,0x00,0x00,0x00,0x00,0x00,0x00,0x00,0x00,0x00,0x00,0x00,0x00,0x00,0x45,0x29,0xF0,0x83,0x9A,0xD6,0x5D,0xEF,0xF3,0x9C,0x86,0x31,0x00,0x00,0x00,0x00,
	0x49,0x4A,0xDF,0xFF,0xDF,0xFF,0x5D,0xEF,0xF3,0x9C,0x86,0x31,0x00,0x00,0x00,0x00,0x00,0x00,0x00,0x00,0x00,0x00,0x61,0x08,0x8E,0x73,0x18,0xC6,0x5D,0xEF,0x8E,0x73,0xC3,0x18,0x00,0x00,0x00,0x00,0x00,0x00,0x00,0x00,0x00,0x00,0x00,0x00,0x00,0x00,0x00,0x00,0xC3,0x18,0xF3,0x9C,0xDF,0xFF,0x5D,0xEF,0x18,0xC6,0xF0,0x83,0xF0,0x83,
	0xF0,0x83,0xF3,0x9C,0x9A,0xD6,0xDF,0xFF,0x5D,0xEF,0xF0,0x83,0x00,0x00,0x00,0x00,0x00,0x00,0x00,0x00,0xF0,0x83,0xFF,0xFF,0x5D,0xEF,0x8E,0x73,0x00,0x00,0x00,0x00,0x00,0x00,0x00,0x00,0x00,0x00,0x00,0x00,0x00,0x00,0x45,0x29,0xF0,0x83,0x5D,0xEF,0xDF,0xFF,0xF3,0x9C,0x86,0x31,0x00,0x00,0x00,0x00,0xCB,0x5A,0xFF,0xFF,0xFF,0xFF,
	0xFF,0xFF,0x5D,0xEF,0xF0,0x83,0x61,0x08,0x00,0x00,0x00,0x00,0x00,0x00,0x00,0x00,0x61,0x08,0x8E,0x73,0x9A,0xD6,0xFF,0xFF,0xF0,0x83,0x45,0x29,0x00,0x00,0x00,0x00,0x00,0x00,0x00,0x00,0x00,0x00,0x00,0x00,0x00,0x00,0xC3,0x18,0xCB,0x5A,0x18,0xC6,0xDF,0xFF,0xF3,0x9C,0x49,0x4A,0x00,0x00,0x00,0x00,0x00,0x00,0x00,0x00,0xCB,0x5A,
	0xF3,0x9C,0x9A,0xD6,0xF0,0x83,0x61,0x08,0x00,0x00,0x00,0x00,0x00,0x00,0xF0,0x83,0xFF,0xFF,0x9A,0xD6,0x8E,0x73,0x00,0x00,0x00,0x00,0x00,0x00,0x00,0x00,0x00,0x00,0x00,0x00,0x00,0x00,0x45,0x29,0xF0,0x83,0x5D,0xEF,0xDF,0xFF,0xF3,0x9C,0x86,0x31,0x00,0x00,0x00,0x00,0xCB,0x5A,0xDF,0xFF,0xFF,0xFF,0xFF,0xFF,0xFF,0xFF,0x18,0xC6,
	0x49,0x4A,0x61,0x08,0x00,0x00,0x00,0x00,0x00,0x00,0x61,0x08,0x8E,0x73,0x9A,0xD6,0xDF,0xFF,0xF0,0x83,0x45,0x29,0x00,0x00,0x00,0x00,0x00,0x00,0x00,0x00,0x00,0x00,0x00,0x00,0x00,0x00,0xC3,0x18,0x8E,0x73,0x9A,0xD6,0xDF,0xFF,0xF0,0x83,0x45,0x29,0x00,0x00,0x00,0x00,0x00,0x00,0x00,0x00,0xC3,0x18,0x49,0x4A,0x49,0x4A,0x86,0x31,
	0x00,0x00,0x00,0x00,0x00,0x00,0x00,0x00,0xF0,0x83,0xFF,0xFF,0x9A,0xD6,0x8E,0x73,0x00,0x00,0x00,0x00,0x00,0x00,0x00,0x00,0x00,0x00,0x00,0x00,0x00,0x00,0x45,0x29,0xF0,0x83,0x5D,0xEF,0xDF,0xFF,0xF3,0x9C,0x86,0x31,0x00,0x00,0x00,0x00,0xCB,0x5A,0xFF,0xFF,0x5D,0xEF,0x9A,0xD6,0xFF,0xFF,0x5D,0xEF,0x18,0xC6,0x45,0x29,0x00,0x00,
	0x00,0x00,0x00,0x00,0x61,0x08,0x8E,0x73,0x9A,0xD6,0xDF,0xFF,0xF0,0x83,0x45,0x29,0x00,0x00,0x00,0x00,0x00,0x00,0x00,0x00,0x00,0x00,0x00,0x00,0x00,0x00,0xC3,0x18,0x8E,0x73,0x9A,0xD6,0xDF,0xFF,0xF0,0x83,0x86,0x31,0x00,0x00,0x00,0x00,0x00,0x00,0x00,0x00,0x00,0x00,0x00,0x00,0x00,0x00,0x00,0x00,0x00,0x00,0x00,0x00,0x00,0x00,
	0x00,0x00,0xF0,0x83,0xFF,0xFF,0x9A,0xD6,0x8E,0x73,0x00,0x00,0x00,0x00,0x00,0x00,0x00,0x00,0x00,0x00,0x00,0x00,0x00,0x00,0x45,0x29,0xF0,0x83,0x5D,0xEF,0xDF,0xFF,0xF3,0x9C,0x86,0x31,0x00,0x00,0x00,0x00,0xCB,0x5A,0xFF,0xFF,0x9A,0xD6,0xF3,0x9C,0x9A,0xD6,0xDF,0xFF,0xDF,0xFF,0x8E,0x73,0xC3,0x18,0x00,0x00,0x00,0x00,0x61,0x08,
	0x8E,0x73,0x9A,0xD6,0xDF,0xFF,0xF0,0x83,0x45,0x29,0x00,0x00,0x00,0x00,0x00,0x00,0x00,0x00,0x00,0x00,0x00,0x00,0x00,0x00,0x61,0x08,0x49,0x4A,0x18,0xC6,0xFF,0xFF,0x5D,0xEF,0xF0,0x83,0x61,0x08,0x00,0x00,0x00,0x00,0x00,0x00,0x00,0x00,0x00,0x00,0x00,0x00,0x00,0x00,0x00,0x00,0x00,0x00,0x00,0x00,0x00,0x00,0xF0,0x83,0xFF,0xFF,
	0x9A,0xD6,0x8E,0x73,0x00,0x00,0x00,0x00,0x00,0x00,0x00,0x00,0x00,0x00,0x00,0x00,0x00,0x00,0x45,0x29,0xF0,0x83,0x5D,0xEF,0xDF,0xFF,0xF3,0x9C,0x86,0x31,0x00,0x00,0x00,0x00,0xCB,0x5A,0xFF,0xFF,0x18,0xC6,0xF0,0x83,0xF0,0x83,0x18,0xC6,0xFF,0xFF,0x18,0xC6,0x8E,0x73,0x00,0x00,0x00,0x00,0x61,0x08,0x8E,0x73,0x9A,0xD6,0xDF,0xFF,
	0xF0,0x83,0x45,0x29,0x00,0x00,0x00,0x00,0x00,0x00,0x00,0x00,0x00,0x00,0x00,0x00,0x00,0x00,0x00,0x00,0xC3,0x18,0xF0,0x83,0x5D,0xEF,0xFF,0xFF,0x9A,0xD6,0xF3,0x9C,0xF0,0x83,0x8E,0x73,0xCB,0x5A,0x86,0x31,0x61,0x08,0x00,0x00,0x00,0x00,0x00,0x00,0x00,0x00,0x00,0x00,0x00,0x00,0xF0,0x83,0xFF,0xFF,0x9A,0xD6,0x8E,0x73,0x00,0x00,
	0x00,0x00,0x00,0x00,0x00,0x00,0x00,0x00,0x00,0x00,0x00,0x00,0x45,0x29,0xF0,0x83,0x5D,0xEF,0xDF,0xFF,0xF3,0x9C,0x86,0x31,0x00,0x00,0x00,0x00,0xCB,0x5A,0xFF,0xFF,0x18,0xC6,0x8E,0x73,0x86,0x31,0xF0,0x83,0xDF,0xFF,0xDF,0xFF,0xF3,0x9C,0x45,0x29,0x00,0x00,0x61,0x08,0x8E,0x73,0x9A,0xD6,0xDF,0xFF,0xF0,0x83,0x45,0x29,0x00,0x00,
	0x00,0x00,0x00,0x00,0x00,0x00,0x00,0x00,0x00,0x00,0x00,0x00,0x00,0x00,0x00,0x00,0x49,0x4A,0xF3,0x9C,0x5D,0xEF,0xDF,0xFF,0xFF,0xFF,0x5D,0xEF,0x9A,0xD6,0x18,0xC6,0xF0,0x83,0xCB,0x5A,0xC3,0x18,0x61,0x08,0x00,0x00,0x00,0x00,0x00,0x00,0x00,0x00,0xF0,0x83,0xFF,0xFF,0x9A,0xD6,0x8E,0x73,0x00,0x00,0x00,0x00,0x00,0x00,0x00,0x00,
	0x00,0x00,0x00,0x00,0x00,0x00,0x45,0x29,0xF0,0x83,0x5D,0xEF,0xDF,0xFF,0xF3,0x9C,0x86,0x31,0x00,0x00,0x00,0x00,0xCB,0x5A,0xFF,0xFF,0x18,0xC6,0xCB,0x5A,0x00,0x00,0x49,0x4A,0x18,0xC6,0xFF,0xFF,0x5D,0xEF,0x8E,0x73,0xC3,0x18,0x61,0x08,0x8E,0x73,0x9A,0xD6,0xDF,0xFF,0xF0,0x83,0x45,0x29,0x00,0x00,0x00,0x00,0x00,0x00,0x00,0x00,
	0x00,0x00,0x00,0x00,0x00,0x00,0x00,0x00,0x00,0x00,0x61,0x08,0x45,0x29,0x8E,0x73,0xF3,0x9C,0x18,0xC6,0x9A,0xD6,0xDF,0xFF,0xFF,0xFF,0xDF,0xFF,0x9A,0xD6,0xF3,0x9C,0x49,0x4A,0x00,0x00,0x00,0x00,0x00,0x00,0x00,0x00,0xF0,0x83,0xFF,0xFF,0x9A,0xD6,0x8E,0x73,0x00,0x00,0x00,0x00,0x00,0x00,0x00,0x00,0x00,0x00,0x00,0x00,0x00,0x00,
	0x45,0x29,0xF0,0x83,0x5D,0xEF,0xDF,0xFF,0xF3,0x9C,0x86,0x31,0x00,0x00,0x00,0x00,0xCB,0x5A,0xFF,0xFF,0x18,0xC6,0xCB,0x5A,0x00,0x00,0x61,0x08,0xCB,0x5A,0x5D,0xEF,0xFF,0xFF,0x5D,0xEF,0x49,0x4A,0x61,0x08,0x8E,0x73,0x9A,0xD6,0xDF,0xFF,0xF0,0x83,0x45,0x29,0x00,0x00,0x00,0x00,0x00,0x00,0x00,0x00,0x00,0x00,0x00,0x00,0x00,0x00,
	0x00,0x00,0x00,0x00,0x00,0x00,0x00,0x00,0xC3,0x18,0x86,0x31,0xCB,0x5A,0x8E,0x73,0xF0,0x83,0x18,0xC6,0x5D,0xEF,0xFF,0xFF,0x5D,0xEF,0xF0,0x83,0x61,0x08,0x00,0x00,0x00,0x00,0x00,0x00,0xF0,0x83,0xFF,0xFF,0x9A,0xD6,0x8E,0x73,0x00,0x00,0x00,0x00,0x00,0x00,0x00,0x00,0x00,0x00,0x00,0x00,0x00,0x00,0x45,0x29,0xF0,0x83,0x5D,0xEF,
	0xDF,0xFF,0xF3,0x9C,0x49,0x4A,0x00,0x00,0x00,0x00,0xCB,0x5A,0xFF,0xFF,0x18,0xC6,0x8E,0x73,0x61,0x08,0x00,0x00,0xC3,0x18,0xF3,0x9C,0x5D,0xEF,0xFF,0xFF,0xF3,0x9C,0x49,0x4A,0x8E,0x73,0x18,0xC6,0xDF,0xFF,0xF0,0x83,0x45,0x29,0x00,0x00,0x00,0x00,0x00,0x00,0x00,0x00,0x00,0x00,0x00,0x00,0x00,0x00,0x00,0x00,0x00,0x00,0x00,0x00,
	0x00,0x00,0x00,0x00,0x00,0x00,0x00,0x00,0x00,0x00,0x00,0x00,0x45,0x29,0xF3,0x9C,0xDF,0xFF,0xFF,0xFF,0x18,0xC6,0x86,0x31,0x61,0x08,0x00,0x00,0x00,0x00,0xF0,0x83,0xFF,0xFF,0x5D,0xEF,0x8E,0x73,0x00,0x00,0x00,0x00,0x00,0x00,0x00,0x00,0x00,0x00,0x00,0x00,0x00,0x00,0x45,0x29,0xF0,0x83,0x5D,0xEF,0xDF,0xFF,0xF3,0x9C,0x86,0x31,
	0x00,0x00,0x00,0x00,0xCB,0x5A,0xFF,0xFF,0x18,0xC6,0x8E,0x73,0x61,0x08,0x00,0x00,0x00,0x00,0xCB,0x5A,0xF3,0x9C,0xDF,0xFF,0x5D,0xEF,0xF3,0x9C,0xF0,0x83,0x18,0xC6,0xDF,0xFF,0xF0,0x83,0x45,0x29,0x00,0x00,0x00,0x00,0x00,0x00,0x00,0x00,0x00,0x00,0x00,0x00,0x00,0x00,0x00,0x00,0x00,0x00,0x00,0x00,0x00,0x00,0x00,0x00,0x00,0x00,
	0x00,0x00,0x00,0x00,0x00,0x00,0x00,0x00,0xCB,0x5A,0x18,0xC6,0xDF,0xFF,0x9A,0xD6,0x8E,0x73,0xC3,0x18,0x00,0x00,0x00,0x00,0xF0,0x83,0xDF,0xFF,0x5D,0xEF,0xF0,0x83,0x00,0x00,0x00,0x00,0x00,0x00,0x00,0x00,0x00,0x00,0x00,0x00,0x00,0x00,0x45,0x29,0xF0,0x83,0x5D,0xEF,0x5D,0xEF,0x8E,0x73,0x45,0x29,0x00,0x00,0x00,0x00,0xCB,0x5A,
	0xFF,0xFF,0x18,0xC6,0x8E,0x73,0x61,0x08,0x00,0x00,0x00,0x00,0x61,0x08,0xCB,0x5A,0x5D,0xEF,0xDF,0xFF,0x5D,0xEF,0x18,0xC6,0x5D,0xEF,0xDF,0xFF,0xF0,0x83,0x45,0x29,0x00,0x00,0x00,0x00,0x00,0x00,0x00,0x00,0x00,0x00,0x00,0x00,0x00,0x00,0x61,0x08,0x45,0x29,0x86,0x31,0x86,0x31,0x00,0x00,0x00,0x00,0x00,0x00,0x00,0x00,0x00,0x00,
	0x00,0x00,0x86,0x31,0xF0,0x83,0xDF,0xFF,0x5D,0xEF,0xF0,0x83,0x45,0x29,0x00,0x00,0x00,0x00,0x8E,0x73,0x9A,0xD6,0xDF,0xFF,0xF3,0x9C,0x61,0x08,0x00,0x00,0x00,0x00,0x00,0x00,0x00,0x00,0x00,0x00,0x00,0x00,0x45,0x29,0xF3,0x9C,0x5D,0xEF,0x5D,0xEF,0xCB,0x5A,0x61,0x08,0x00,0x00,0x00,0x00,0xCB,0x5A,0xFF,0xFF,0x18,0xC6,0x8E,0x73,
	0x61,0x08,0x00,0x00,0x00,0x00,0x00,0x00,0x45,0x29,0xF3,0x9C,0x5D,0xEF,0xFF,0xFF,0x5D,0xEF,0xDF,0xFF,0xDF,0xFF,0xF0,0x83,0x45,0x29,0x00,0x00,0x00,0x00,0x00,0x00,0x00,0x00,0x00,0x00,0x00,0x00,0x00,0x00,0xC3,0x18,0xF0,0x83,0xF3,0x9C,0xF3,0x9C,0xC3,0x18,0x00,0x00,0x00,0x00,0x00,0x00,0x00,0x00,0x00,0x00,0x49,0x4A,0xF3,0x9C,
	0xDF,0xFF,0x9A,0xD6,0xCB,0x5A,0xC3,0x18,0x00,0x00,0x00,0x00,0x49,0x4A,0x18,0xC6,0xFF,0xFF,0x18,0xC6,0x49,0x4A,0x61,0x08,0x00,0x00,0x00,0x00,0x00,0x00,0x00,0x00,0x00,0x00,0x49,0x4A,0x5D,0xEF,0xFF,0xFF,0x9A,0xD6,0x86,0x31,0x00,0x00,0x00,0x00,0x00,0x00,0xCB,0x5A,0xFF,0xFF,0x18,0xC6,0x8E,0x73,0x61,0x08,0x00,0x00,0x00,0x00,
	0x00,0x00,0x00,0x00,0x45,0x29,0x18,0xC6,0xFF,0xFF,0xFF,0xFF,0xFF,0xFF,0xDF,0xFF,0xF0,0x83,0x45,0x29,0x00,0x00,0x00,0x00,0x00,0x00,0x00,0x00,0x00,0x00,0x00,0x00,0x00,0x00,0x45,0x29,0xF0,0x83,0x9A,0xD6,0x5D,0xEF,0xF0,0x83,0x49,0x4A,0x45,0x29,0xC3,0x18,0xC3,0x18,0x86,0x31,0xF0,0x83,0x5D,0xEF,0xFF,0xFF,0x18,0xC6,0x45,0x29,
	0x61,0x08,0x00,0x00,0x00,0x00,0xC3,0x18,0x8E,0x73,0xDF,0xFF,0xDF,0xFF,0x18,0xC6,0xCB,0x5A,0x45,0x29,0xC3,0x18,0xC3,0x18,0x45,0x29,0xCB,0x5A,0xF3,0x9C,0xFF,0xFF,0x5D,0xEF,0xF3,0x9C,0xC3,0x18,0x00,0x00,0x00,0x00,0x00,0x00,0xCB,0x5A,0xFF,0xFF,0x18,0xC6,0x8E,0x73,0x61,0x08,0x00,0x00,0x00,0x00,0x00,0x00,0x00,0x00,0x61,0x08,
	0x8E,0x73,0x18,0xC6,0xDF,0xFF,0xFF,0xFF,0xDF,0xFF,0xF0,0x83,0x45,0x29,0x00,0x00,0x00,0x00,0x00,0x00,0x00,0x00,0x00,0x00,0x00,0x00,0x00,0x00,0xC3,0x18,0xCB,0x5A,0x18,0xC6,0xDF,0xFF,0x5D,0xEF,0x18,0xC6,0xF0,0x83,0x8E,0x73,0xF0,0x83,0xF0,0x83,0x9A,0xD6,0xDF,0xFF,0x9A,0xD6,0xF0,0x83,0x00,0x00,0x00,0x00,0x00,0x00,0x00,0x00,
	0x00,0x00,0x86,0x31,0x18,0xC6,0x5D,0xEF,0xFF,0xFF,0x18,0xC6,0xF0,0x83,0xF0,0x83,0x8E,0x73,0xF0,0x83,0x18,0xC6,0x5D,0xEF,0x5D,0xEF,0xF3,0x9C,0x49,0x4A,0x00,0x00,0x00,0x00,0x00,0x00,0x00,0x00,0xCB,0x5A,0xFF,0xFF,0x9A,0xD6,0x8E,0x73,0x61,0x08,0x00,0x00,0x00,0x00,0x00,0x00,0x00,0x00,0x00,0x00,0x86,0x31,0xF0,0x83,0x5D,0xEF,
	0xFF,0xFF,0xDF,0xFF,0xF0,0x83,0x45,0x29,0x00,0x00,0x00,0x00,0x00,0x00,0x00,0x00,0x00,0x00,0x00,0x00,0x00,0x00,0x00,0x00,0x00,0x00,0xCB,0x5A,0x18,0xC6,0xDF,0xFF,0xFF,0xFF,0xDF,0xFF,0xDF,0xFF,0xDF,0xFF,0xFF,0xFF,0xFF,0xFF,0x9A,0xD6,0xCB,0x5A,0xC3,0x18,0x00,0x00,0x00,0x00,0x00,0x00,0x00,0x00,0x00,0x00,0x61,0x08,0x86,0x31,
	0xF0,0x83,0x5D,0xEF,0xFF,0xFF,0xFF,0xFF,0xDF,0xFF,0xDF,0xFF,0xDF,0xFF,0xFF,0xFF,0x5D,0xEF,0xF3,0x9C,0x86,0x31,0x00,0x00,0x00,0x00,0x00,0x00,0x00,0x00,0x00,0x00,0xCB,0x5A,0xFF,0xFF,0x9A,0xD6,0x8E,0x73,0x61,0x08,0x00,0x00,0x00,0x00,0x00,0x00,0x00,0x00,0x00,0x00,0x00,0x00,0x45,0x29,0x18,0xC6,0xFF,0xFF,0xFF,0xFF,0xF0,0x83,
	0x45,0x29,0x00,0x00,0x00,0x00,0x00,0x00,0x00,0x00,0x00,0x00,0x00,0x00,0x00,0x00,0x00,0x00,0x00,0x00,0xC3,0x18,0x49,0x4A,0x8E,0x73,0xF0,0x83,0xF3,0x9C,0xF3,0x9C,0xF3,0x9C,0xF3,0x9C,0xF0,0x83,0xCB,0x5A,0xC3,0x18,0x00,0x00,0x00,0x00,0x00,0x00,0x00,0x00,0x00,0x00,0x00,0x00,0x00,0x00,0x61,0x08,0x45,0x29,0xCB,0x5A,0xF0,0x83,
	0xF3,0x9C,0xF3,0x9C,0xF3,0x9C,0xF3,0x9C,0xF0,0x83,0xCB,0x5A,0x86,0x31,0x61,0x08,0x00,0x00,0x00,0x00,0x00,0x00,0x00,0x00,0x00,0x00,0x86,0x31,0xF3,0x9C,0x8E,0x73,0x86,0x31,0x00,0x00,0x00,0x00,0x00,0x00,0x00,0x00,0x00,0x00,0x00,0x00,0x00,0x00,0x61,0x08,0xCB,0x5A,0xF0,0x83,0xF0,0x83,0x49,0x4A,0x61,0x08,0x00,0x00,0x00,0x00,
	0x00,0x00,0x00,0x00,0x00,0x00,0x00,0x00,0x00,0x00,0x00,0x00,0x00,0x00,0x00,0x00,0x00,0x00,0x00,0x00,0xC3,0x18,0x86,0x31,0x86,0x31,0x86,0x31,0x45,0x29,0x00,0x00,0x00,0x00,0x00,0x00,0x00,0x00,0x00,0x00,0x00,0x00,0x00,0x00,0x00,0x00,0x00,0x00,0x00,0x00,0x00,0x00,0x00,0x00,0x00,0x00,0x61,0x08,0x45,0x29,0x86,0x31,0x86,0x31,
	0x86,0x31,0x61,0x08,0x00,0x00,0x00,0x00,0x00,0x00,0x00,0x00,0x00,0x00,0x00,0x00,0x00,0x00,0x00,0x00,0x61,0x08,0x86,0x31,0x45,0x29,0x61,0x08,0x00,0x00,0x00,0x00,0x00,0x00,0x00,0x00,0x00,0x00,0x00,0x00,0x00,0x00,0x00,0x00,0x61,0x08,0x45,0x29,0x86,0x31,0xC3,0x18,0x00,0x00,0x00,0x00,0x00,0x00,0x00,0x00,

	// Alpha Channel 
	0x00,0x00,0x00,0x00,0x00,0x00,0x00,0x00,0x00,0x00,0x00,0x00,0x00,0x00,0x00,0x00,0x00,0x00,0x00,0x00,0x00,0x00,0x00,0x00,0x00,0x00,0x00,0x00,0x00,0x00,0x00,0x00,0x00,0x00,0x00,0x00,0x00,0x00,0x00,0x00,0x00,0x00,0x00,0x00,0x00,0x00,0x00,0x00,0x00,0x00,0x00,0x00,0x00,0x00,0x00,0x00,0x00,0x00,0x00,0x00,0x00,0x00,0x00,0x00,
	0x00,0x00,0x00,0x00,0x00,0xFF,0xFF,0xFF,0xFF,0xFF,0xFF,0xFF,0xFF,0x00,0x00,0x00,0x00,0x00,0x00,0xFF,0xFF,0xFF,0xFF,0x00,0x00,0x00,0x00,0x00,0x00,0x00,0xFF,0xFF,0xFF,0xFF,0xFF,0xFF,0x00,0x00,0xFF,0xFF,0xFF,0xFF,0x00,0x00,0x00,0x00,0x00,0x00,0x00,0x00,0xFF,0xFF,0xFF,0xFF,0xFF,0x00,0x00,0x00,0x00,0x00,0x00,0x00,0x00,0x00,
	0x00,0xFF,0xFF,0xFF,0xFF,0xFF,0xFF,0xFF,0xFF,0xFF,0xFF,0x00,0x00,0x00,0x00,0x00,0xFF,0xFF,0xFF,0xFF,0x00,0x00,0x00,0x00,0x00,0x00,0x00,0xFF,0xFF,0xFF,0xFF,0xFF,0xFF,0x00,0x00,0xFF,0xFF,0xFF,0xFF,0xFF,0x00,0x00,0x00,0x00,0x00,0x00,0xFF,0xFF,0xFF,0xFF,0xFF,0xFF,0x00,0x00,0x00,0x00,0x00,0x00,0x00,0x00,0x00,0xFF,0xFF,0xFF,
	0xFF,0xFF,0xFF,0xFF,0xFF,0xFF,0xFF,0xFF,0xFF,0x00,0x00,0x00,0x00,0xFF,0xFF,0xFF,0xFF,0x00,0x00,0x00,0x00,0x00,0x00,0x00,0xFF,0xFF,0xFF,0xFF,0xFF,0xFF,0x00,0x00,0xFF,0xFF,0xFF,0xFF,0xFF,0xFF,0x00,0x00,0x00,0x00,0x00,0xFF,0xFF,0xFF,0xFF,0xFF,0xFF,0x00,0x00,0x00,0x00,0x00,0x00,0x00,0x00,0xFF,0xFF,0xFF,0xFF,0xFF,0xFF,0xFF,
	0xFF,0xFF,0xFF,0xFF,0xFF,0xFF,0x00,0x00,0x00,0x00,0xFF,0xFF,0xFF,0xFF,0x00,0x00,0x00,0x00,0x00,0x00,0x00,0xFF,0xFF,0xFF,0xFF,0xFF,0xFF,0x00,0x00,0xFF,0xFF,0xFF,0xFF,0xFF,0xFF,0xFF,0x00,0x00,0x00,0x00,0xFF,0xFF,0xFF,0xFF,0xFF,0xFF,0x00,0x00,0x00,0x00,0x00,0x00,0x00,0xFF,0xFF,0xFF,0xFF,0xFF,0xFF,0x00,0x00,0x00,0x00,0xFF,
	0xFF,0xFF,0xFF,0xFF,0x00,0x00,0x00,0xFF,0xFF,0xFF,0xFF,0x00,0x00,0x00,0x00,0x00,0x00,0x00,0xFF,0xFF,0xFF,0xFF,0xFF,0xFF,0x00,0x00,0xFF,0xFF,0xFF,0xFF,0xFF,0xFF,0xFF,0xFF,0x00,0x00,0x00,0xFF,0xFF,0xFF,0xFF,0xFF,0xFF,0x00,0x00,0x00,0x00,0x00,0x00,0x00,0xFF,0xFF,0xFF,0xFF,0xFF,0xFF,0x00,0x00,0x00,0x00,0xFF,0xFF,0xFF,0xFF,
	0x00,0x00,0x00,0x00,0xFF,0xFF,0xFF,0xFF,0x00,0x00,0x00,0x00,0x00,0x00,0x00,0xFF,0xFF,0xFF,0xFF,0xFF,0xFF,0x00,0x00,0xFF,0xFF,0xFF,0xFF,0xFF,0xFF,0xFF,0xFF,0x00,0x00,0x00,0xFF,0xFF,0xFF,0xFF,0xFF,0xFF,0x00,0x00,0x00,0x00,0x00,0x00,0x00,0xFF,0xFF,0xFF,0xFF,0xFF,0xFF,0x00,0x00,0x00,0x00,0x00,0x00,0x00,0x00,0x00,0x00,0x00,
	0x00,0xFF,0xFF,0xFF,0xFF,0x00,0x00,0x00,0x00,0x00,0x00,0x00,0xFF,0xFF,0xFF,0xFF,0xFF,0xFF,0x00,0x00,0xFF,0xFF,0xFF,0xFF,0xFF,0xFF,0xFF,0xFF,0xFF,0x00,0x00,0xFF,0xFF,0xFF,0xFF,0xFF,0xFF,0x00,0x00,0x00,0x00,0x00,0x00,0x00,0xFF,0xFF,0xFF,0xFF,0xFF,0xFF,0xFF,0x00,0x00,0x00,0x00,0x00,0x00,0x00,0x00,0x00,0x00,0x00,0xFF,0xFF,
	0xFF,0xFF,0x00,0x00,0x00,0x00,0x00,0x00,0x00,0xFF,0xFF,0xFF,0xFF,0xFF,0xFF,0x00,0x00,0xFF,0xFF,0xFF,0xFF,0xFF,0xFF,0xFF,0xFF,0xFF,0x00,0x00,0xFF,0xFF,0xFF,0xFF,0xFF,0xFF,0x00,0x00,0x00,0x00,0x00,0x00,0x00,0x00,0xFF,0xFF,0xFF,0xFF,0xFF,0xFF,0xFF,0xFF,0xFF,0xFF,0xFF,0x00,0x00,0x00,0x00,0x00,0x00,0xFF,0xFF,0xFF,0xFF,0x00,
	0x00,0x00,0x00,0x00,0x00,0x00,0xFF,0xFF,0xFF,0xFF,0xFF,0xFF,0x00,0x00,0xFF,0xFF,0xFF,0xFF,0xFF,0xFF,0xFF,0xFF,0xFF,0xFF,0x00,0xFF,0xFF,0xFF,0xFF,0xFF,0xFF,0x00,0x00,0x00,0x00,0x00,0x00,0x00,0x00,0x00,0xFF,0xFF,0xFF,0xFF,0xFF,0xFF,0xFF,0xFF,0xFF,0xFF,0xFF,0xFF,0x00,0x00,0x00,0x00,0xFF,0xFF,0xFF,0xFF,0x00,0x00,0x00,0x00,
	0x00,0x00,0x00,0xFF,0xFF,0xFF,0xFF,0xFF,0xFF,0x00,0x00,0xFF,0xFF,0xFF,0xFF,0x00,0xFF,0xFF,0xFF,0xFF,0xFF,0xFF,0xFF,0xFF,0xFF,0xFF,0xFF,0xFF,0x00,0x00,0x00,0x00,0x00,0x00,0x00,0x00,0x00,0xFF,0xFF,0xFF,0xFF,0xFF,0xFF,0xFF,0xFF,0xFF,0xFF,0xFF,0xFF,0x00,0x00,0x00,0x00,0xFF,0xFF,0xFF,0xFF,0x00,0x00,0x00,0x00,0x00,0x00,0x00,
	0xFF,0xFF,0xFF,0xFF,0xFF,0xFF,0x00,0x00,0xFF,0xFF,0xFF,0xFF,0x00,0xFF,0xFF,0xFF,0xFF,0xFF,0xFF,0xFF,0xFF,0xFF,0xFF,0xFF,0xFF,0x00,0x00,0x00,0x00,0x00,0x00,0x00,0x00,0x00,0x00,0x00,0xFF,0xFF,0xFF,0xFF,0xFF,0xFF,0xFF,0xFF,0xFF,0xFF,0xFF,0x00,0x00,0x00,0xFF,0xFF,0xFF,0xFF,0x00,0x00,0x00,0x00,0x00,0x00,0x00,0xFF,0xFF,0xFF,
	0xFF,0xFF,0xFF,0x00,0x00,0xFF,0xFF,0xFF,0xFF,0xFF,0x00,0xFF,0xFF,0xFF,0xFF,0xFF,0xFF,0xFF,0xFF,0xFF,0xFF,0xFF,0x00,0x00,0x00,0x00,0x00,0x00,0x00,0x00,0x00,0x00,0x00,0x00,0x00,0x00,0x00,0x00,0xFF,0xFF,0xFF,0xFF,0xFF,0xFF,0xFF,0x00,0x00,0xFF,0xFF,0xFF,0xFF,0x00,0x00,0x00,0x00,0x00,0x00,0x00,0xFF,0xFF,0xFF,0xFF,0xFF,0xFF,
	0x00,0x00,0xFF,0xFF,0xFF,0xFF,0xFF,0x00,0x00,0xFF,0xFF,0xFF,0xFF,0xFF,0xFF,0xFF,0xFF,0xFF,0xFF,0x00,0x00,0x00,0x00,0x00,0x00,0x00,0x00,0x00,0x00,0x00,0x00,0x00,0x00,0x00,0x00,0x00,0xFF,0xFF,0xFF,0xFF,0xFF,0xFF,0x00,0x00,0xFF,0xFF,0xFF,0xFF,0x00,0x00,0x00,0x00,0x00,0x00,0x00,0xFF,0xFF,0xFF,0xFF,0xFF,0xFF,0x00,0x00,0xFF,
	0xFF,0xFF,0xFF,0xFF,0x00,0x00,0xFF,0xFF,0xFF,0xFF,0xFF,0xFF,0xFF,0xFF,0xFF,0xFF,0x00,0x00,0x00,0x00,0x00,0x00,0x00,0xFF,0xFF,0xFF,0xFF,0x00,0x00,0x00,0x00,0x00,0x00,0xFF,0xFF,0xFF,0xFF,0xFF,0xFF,0x00,0x00,0xFF,0xFF,0xFF,0xFF,0xFF,0x00,0x00,0x00,0x00,0x00,0x00,0xFF,0xFF,0xFF,0xFF,0xFF,0xFF,0x00,0x00,0xFF,0xFF,0xFF,0xFF,
	0xFF,0x00,0x00,0x00,0xFF,0xFF,0xFF,0xFF,0xFF,0xFF,0xFF,0xFF,0xFF,0x00,0x00,0x00,0x00,0x00,0x00,0x00,0xFF,0xFF,0xFF,0xFF,0xFF,0x00,0x00,0x00,0x00,0x00,0xFF,0xFF,0xFF,0xFF,0xFF,0xFF,0x00,0x00,0xFF,0xFF,0xFF,0xFF,0xFF,0xFF,0x00,0x00,0x00,0x00,0x00,0xFF,0xFF,0xFF,0xFF,0xFF,0x00,0x00,0x00,0xFF,0xFF,0xFF,0xFF,0xFF,0x00,0x00,
	0x00,0x00,0xFF,0xFF,0xFF,0xFF,0xFF,0xFF,0xFF,0xFF,0x00,0x00,0x00,0x00,0x00,0x00,0x00,0xFF,0xFF,0xFF,0xFF,0xFF,0xFF,0xFF,0xFF,0xFF,0xFF,0xFF,0xFF,0xFF,0xFF,0xFF,0xFF,0x00,0x00,0xFF,0xFF,0xFF,0xFF,0xFF,0xFF,0xFF,0xFF,0xFF,0xFF,0xFF,0xFF,0xFF,0xFF,0xFF,0xFF,0x00,0x00,0x00,0xFF,0xFF,0xFF,0xFF,0xFF,0x00,0x00,0x00,0x00,0xFF,
	0xFF,0xFF,0xFF,0xFF,0xFF,0xFF,0xFF,0x00,0x00,0x00,0x00,0x00,0x00,0x00,0xFF,0xFF,0xFF,0xFF,0xFF,0xFF,0xFF,0xFF,0xFF,0xFF,0xFF,0xFF,0xFF,0xFF,0x00,0x00,0x00,0x00,0x00,0xFF,0xFF,0xFF,0xFF,0xFF,0xFF,0xFF,0xFF,0xFF,0xFF,0xFF,0xFF,0xFF,0xFF,0x00,0x00,0x00,0x00,0xFF,0xFF,0xFF,0xFF,0xFF,0x00,0x00,0x00,0x00,0x00,0xFF,0xFF,0xFF,
	0xFF,0xFF,0xFF,0xFF,0x00,0x00,0x00,0x00,0x00,0x00,0x00,0x00,0x00,0xFF,0xFF,0xFF,0xFF,0xFF,0xFF,0xFF,0xFF,0xFF,0xFF,0xFF,0xFF,0x00,0x00,0x00,0x00,0x00,0xFF,0xFF,0xFF,0xFF,0xFF,0xFF,0xFF,0xFF,0xFF,0xFF,0xFF,0xFF,0xFF,0x00,0x00,0x00,0x00,0x00,0xFF,0xFF,0xFF,0xFF,0xFF,0x00,0x00,0x00,0x00,0x00,0x00,0xFF,0xFF,0xFF,0xFF,0xFF,
	0xFF,0x00,0x00,0x00,0x00,0x00,0x00,0x00,0x00,0x00,0xFF,0xFF,0xFF,0xFF,0xFF,0xFF,0xFF,0xFF,0xFF,0xFF,0xFF,0x00,0x00,0x00,0x00,0x00,0x00,0x00,0xFF,0xFF,0xFF,0xFF,0xFF,0xFF,0xFF,0xFF,0xFF,0xFF,0xFF,0xFF,0x00,0x00,0x00,0x00,0x00,0xFF,0xFF,0xFF,0xFF,0x00,0x00,0x00,0x00,0x00,0x00,0x00,0xFF,0xFF,0xFF,0xFF,0xFF,0xFF,0x00,0x00,
	0x00,0x00,0x00,0x00,0x00,0x00,0x00,0x00,0x00,0x00,0xFF,0xFF,0xFF,0xFF,0xFF,0x00,0x00,0x00,0x00,0x00,0x00,0x00,0x00,0x00,0x00,0x00,0x00,0x00,0xFF,0xFF,0xFF,0xFF,0xFF,0xFF,0x00,0x00,0x00,0x00,0x00,0x00,0x00,0x00,0xFF,0xFF,0xFF,0xFF,0x00,0x00,0x00,0x00,0x00,0x00,0x00,0x00,0xFF,0xFF,0xFF,0xFF,0x00,0x00,0x00,0x00,
    };
        


const lv_img_dsc_t face_228_390_dial_img_8_235158_6 = {
    .header.magic = LV_IMAGE_HEADER_MAGIC,
    .header.w = 61,
    .header.h = 22,
    .data_size = sizeof(face_228_390_dial_img_8_235158_data_6),
    .header.cf = LV_COLOR_FORMAT_RGB565A8,
    .data = face_228_390_dial_img_8_235158_data_6};

    