
// File generated by bin2lvgl
// developed by fbiego. 
// https://github.com/fbiego
// Watchface: 1889_2_390

#include "../1889_2_390.h"

#ifndef LV_ATTRIBUTE_MEM_ALIGN
#define LV_ATTRIBUTE_MEM_ALIGN
#endif


// LVGL 9 format (RGB565) // LVGL_9 compatible 
const LV_ATTRIBUTE_MEM_ALIGN uint8_t face_1889_2_390_dial_img_15_118736_data_0[] = {
	//RGB565 data 
	0x00,0x00,0x00,0x00,0x00,0x00,0x00,0x00,0x00,0x00,0x00,0x00,0x00,0x00,0x00,0x00,0x00,0x00,0x00,0x00,0x00,0x00,0x00,0x00,0x00,0x00,0x00,0x00,0x00,0x00,0x00,0x00,0x00,0x00,0x00,0x00,0x00,0x00,0x00,0x00,0x00,0x00,0x00,0x00,0x00,0x00,0x00,0x00,0x00,0x00,0x00,0x00,0x00,0x00,0x00,0x00,0x00,0x00,0x00,0x00,0x00,0x00,0x00,0x00,
	0x00,0x00,0x00,0x00,0x00,0x00,0x00,0x00,0x00,0x00,0x00,0x00,0x00,0x00,0x00,0x00,0x00,0x00,0x00,0x00,0x00,0x00,0x00,0x00,0x00,0x00,0x00,0x00,0x00,0x00,0x00,0x00,0x00,0x00,0x00,0x00,0x00,0x00,0x00,0x00,0x00,0x00,0x00,0x00,0x00,0x00,0x00,0x00,0x00,0x00,0x00,0x00,0x00,0x00,0x00,0x00,0x00,0x00,0x00,0x00,0x00,0x00,0x00,0x00,
	0x00,0x00,0x00,0x00,0x00,0x00,0x00,0x00,0x00,0x00,0x00,0x00,0x00,0x00,0x00,0x00,0x00,0x00,0x00,0x00,0x41,0x08,0x41,0x08,0xA3,0x18,0xA3,0x18,0xA3,0x18,0xA3,0x18,0x41,0x08,0x00,0x00,0x00,0x00,0x00,0x00,0x00,0x00,0x00,0x00,0x00,0x00,0x00,0x00,0x00,0x00,0x00,0x00,0x00,0x00,0x00,0x00,0x00,0x00,0x41,0x08,0x41,0x08,0x41,0x08,
	0xA3,0x18,0x41,0x08,0x41,0x08,0x41,0x08,0x00,0x00,0x00,0x00,0x00,0x00,0x00,0x00,0x00,0x00,0x00,0x00,0x00,0x00,0x00,0x00,0x00,0x00,0x00,0x00,0x00,0x00,0x41,0x08,0xA3,0x18,0x45,0x29,0x45,0x29,0xA3,0x18,0xA3,0x18,0x00,0x00,0x00,0x00,0x00,0x00,0x00,0x00,0x00,0x00,0x00,0x00,0x00,0x00,0x00,0x00,0x00,0x00,0x00,0x00,0x00,0x00,
	0x41,0x08,0x41,0x08,0xA3,0x18,0x41,0x08,0x41,0x08,0x00,0x00,0x00,0x00,0x00,0x00,0x00,0x00,0x00,0x00,0x00,0x00,0x00,0x00,0x00,0x00,0x00,0x00,0x00,0x00,0x00,0x00,0x41,0x08,0x41,0x08,0x41,0x08,0x41,0x08,0xA3,0x18,0x45,0x29,0x08,0x42,0x08,0x42,0xAA,0x52,0xAA,0x52,0xA3,0x18,0x00,0x00,0x00,0x00,0x00,0x00,0x00,0x00,0x00,0x00,
	0x00,0x00,0x00,0x00,0x00,0x00,0x00,0x00,0x00,0x00,0x00,0x00,0x00,0x00,0x45,0x29,0x08,0x42,0x08,0x42,0xAA,0x52,0x08,0x42,0x08,0x42,0x45,0x29,0x00,0x00,0x00,0x00,0x00,0x00,0x00,0x00,0x00,0x00,0x00,0x00,0x00,0x00,0x00,0x00,0x00,0x00,0x41,0x08,0xA3,0x18,0x08,0x42,0x8E,0x73,0x51,0x8C,0x51,0x8C,0x8E,0x73,0xAA,0x52,0xA3,0x18,
	0x41,0x08,0x00,0x00,0x00,0x00,0x00,0x00,0x00,0x00,0x00,0x00,0x00,0x00,0x00,0x00,0x00,0x00,0x41,0x08,0x45,0x29,0x08,0x42,0xAA,0x52,0x08,0x42,0x08,0x42,0xA3,0x18,0x00,0x00,0x00,0x00,0x00,0x00,0x00,0x00,0x00,0x00,0x00,0x00,0x00,0x00,0x00,0x00,0x00,0x00,0xA3,0x18,0x45,0x29,0x08,0x42,0x08,0x42,0x45,0x29,0xAA,0x52,0x51,0x8C,
	0x39,0xCE,0x39,0xCE,0x39,0xCE,0x39,0xCE,0x8E,0x73,0x41,0x08,0x00,0x00,0x00,0x00,0x00,0x00,0x00,0x00,0x00,0x00,0x00,0x00,0x00,0x00,0x00,0x00,0x00,0x00,0x00,0x00,0x00,0x00,0x8E,0x73,0x39,0xCE,0x39,0xCE,0x39,0xCE,0x39,0xCE,0x14,0xA5,0x8E,0x73,0x00,0x00,0x00,0x00,0x00,0x00,0x00,0x00,0x00,0x00,0x00,0x00,0x00,0x00,0x41,0x08,
	0xAA,0x52,0x14,0xA5,0x39,0xCE,0x39,0xCE,0x3C,0xE7,0x3C,0xE7,0x3C,0xE7,0x3C,0xE7,0x39,0xCE,0x39,0xCE,0x14,0xA5,0x08,0x42,0x41,0x08,0x00,0x00,0x00,0x00,0x00,0x00,0x00,0x00,0x00,0x00,0x00,0x00,0xA3,0x18,0x8E,0x73,0x39,0xCE,0x39,0xCE,0x39,0xCE,0x39,0xCE,0xAA,0x52,0x00,0x00,0x00,0x00,0x00,0x00,0x00,0x00,0x00,0x00,0x00,0x00,
	0x00,0x00,0x00,0x00,0x00,0x00,0x08,0x42,0x51,0x8C,0x39,0xCE,0x14,0xA5,0x14,0xA5,0x51,0x8C,0x39,0xCE,0xFF,0xFF,0xFF,0xFF,0xFF,0xFF,0xFF,0xFF,0x14,0xA5,0x08,0x42,0x41,0x08,0x00,0x00,0x00,0x00,0x00,0x00,0x00,0x00,0x00,0x00,0x00,0x00,0x00,0x00,0x00,0x00,0x00,0x00,0xA3,0x18,0x14,0xA5,0xFF,0xFF,0xFF,0xFF,0xFF,0xFF,0xFF,0xFF,
	0x3C,0xE7,0x51,0x8C,0x00,0x00,0x00,0x00,0x00,0x00,0x00,0x00,0x00,0x00,0x00,0x00,0x45,0x29,0xAA,0x52,0x14,0xA5,0xBE,0xF7,0xFF,0xFF,0xFF,0xFF,0xFF,0xFF,0xFF,0xFF,0xFF,0xFF,0xFF,0xFF,0xFF,0xFF,0xFF,0xFF,0xFF,0xFF,0x14,0xA5,0xAA,0x52,0xA3,0x18,0x00,0x00,0x00,0x00,0x00,0x00,0x00,0x00,0x00,0x00,0x45,0x29,0x51,0x8C,0xFF,0xFF,
	0xFF,0xFF,0xFF,0xFF,0xFF,0xFF,0x14,0xA5,0x45,0x29,0x41,0x08,0x00,0x00,0x00,0x00,0x00,0x00,0x00,0x00,0x00,0x00,0x00,0x00,0x41,0x08,0xAA,0x52,0x39,0xCE,0xFF,0xFF,0xBE,0xF7,0x39,0xCE,0x8E,0x73,0x14,0xA5,0xFF,0xFF,0xFF,0xFF,0xFF,0xFF,0xFF,0xFF,0x39,0xCE,0x8E,0x73,0xA3,0x18,0x00,0x00,0x00,0x00,0x00,0x00,0x00,0x00,0x00,0x00,
	0x00,0x00,0x00,0x00,0x00,0x00,0xA3,0x18,0xAA,0x52,0x39,0xCE,0xFF,0xFF,0xFF,0xFF,0xFF,0xFF,0xFF,0xFF,0x3C,0xE7,0x51,0x8C,0x00,0x00,0x00,0x00,0x00,0x00,0x00,0x00,0x00,0x00,0xA3,0x18,0x51,0x8C,0x3C,0xE7,0xBE,0xF7,0xFF,0xFF,0xFF,0xFF,0xFF,0xFF,0xBE,0xF7,0x39,0xCE,0x3C,0xE7,0xBE,0xF7,0xFF,0xFF,0xFF,0xFF,0xFF,0xFF,0xBE,0xF7,
	0x39,0xCE,0x8E,0x73,0xA3,0x18,0x00,0x00,0x00,0x00,0x00,0x00,0x00,0x00,0x45,0x29,0x51,0x8C,0xFF,0xFF,0xFF,0xFF,0xFF,0xFF,0xFF,0xFF,0x3C,0xE7,0x14,0xA5,0xA3,0x18,0x00,0x00,0x00,0x00,0x00,0x00,0x00,0x00,0x00,0x00,0x00,0x00,0x41,0x08,0xAA,0x52,0x14,0xA5,0xFF,0xFF,0x3C,0xE7,0x39,0xCE,0x8E,0x73,0x14,0xA5,0xFF,0xFF,0xFF,0xFF,
	0xFF,0xFF,0xFF,0xFF,0x3C,0xE7,0x14,0xA5,0xA3,0x18,0x00,0x00,0x00,0x00,0x00,0x00,0x00,0x00,0x00,0x00,0x00,0x00,0x00,0x00,0x00,0x00,0x45,0x29,0x8E,0x73,0x3C,0xE7,0xFF,0xFF,0xFF,0xFF,0xFF,0xFF,0xFF,0xFF,0x3C,0xE7,0x51,0x8C,0x00,0x00,0x00,0x00,0x00,0x00,0x00,0x00,0xA3,0x18,0xAA,0x52,0x39,0xCE,0xFF,0xFF,0xFF,0xFF,0xBE,0xF7,
	0x39,0xCE,0x51,0x8C,0x8E,0x73,0xAA,0x52,0xAA,0x52,0x8E,0x73,0x51,0x8C,0x39,0xCE,0xFF,0xFF,0xFF,0xFF,0xBE,0xF7,0x39,0xCE,0x08,0x42,0x00,0x00,0x00,0x00,0x00,0x00,0x00,0x00,0x45,0x29,0x51,0x8C,0xFF,0xFF,0xFF,0xFF,0xFF,0xFF,0xFF,0xFF,0xBE,0xF7,0x3C,0xE7,0xAA,0x52,0x41,0x08,0x00,0x00,0x00,0x00,0x00,0x00,0x00,0x00,0x00,0x00,
	0x41,0x08,0xAA,0x52,0x14,0xA5,0xFF,0xFF,0x3C,0xE7,0x39,0xCE,0x8E,0x73,0x14,0xA5,0xFF,0xFF,0xFF,0xFF,0xFF,0xFF,0xFF,0xFF,0xFF,0xFF,0x39,0xCE,0x45,0x29,0x00,0x00,0x00,0x00,0x00,0x00,0x00,0x00,0x00,0x00,0x00,0x00,0x00,0x00,0x00,0x00,0x08,0x42,0x14,0xA5,0x3C,0xE7,0xFF,0xFF,0xFF,0xFF,0xFF,0xFF,0xFF,0xFF,0x3C,0xE7,0x51,0x8C,
	0x00,0x00,0x00,0x00,0x00,0x00,0x00,0x00,0x08,0x42,0x14,0xA5,0x3C,0xE7,0xFF,0xFF,0xFF,0xFF,0x39,0xCE,0x8E,0x73,0xA3,0x18,0x00,0x00,0x00,0x00,0x00,0x00,0x00,0x00,0xA3,0x18,0x51,0x8C,0x3C,0xE7,0xFF,0xFF,0xFF,0xFF,0xFF,0xFF,0x51,0x8C,0x45,0x29,0x00,0x00,0x00,0x00,0x00,0x00,0x45,0x29,0x51,0x8C,0xFF,0xFF,0xFF,0xFF,0xFF,0xFF,
	0xFF,0xFF,0xFF,0xFF,0xBE,0xF7,0x51,0x8C,0x08,0x42,0x00,0x00,0x00,0x00,0x00,0x00,0x00,0x00,0x00,0x00,0x41,0x08,0xAA,0x52,0x14,0xA5,0xFF,0xFF,0x3C,0xE7,0x39,0xCE,0x8E,0x73,0x14,0xA5,0xFF,0xFF,0xFF,0xFF,0xFF,0xFF,0xFF,0xFF,0xFF,0xFF,0x3C,0xE7,0x08,0x42,0x41,0x08,0x00,0x00,0x00,0x00,0x00,0x00,0x00,0x00,0x00,0x00,0x00,0x00,
	0x00,0x00,0xAA,0x52,0x3C,0xE7,0xFF,0xFF,0xFF,0xFF,0xFF,0xFF,0xFF,0xFF,0xFF,0xFF,0x3C,0xE7,0x51,0x8C,0x00,0x00,0x00,0x00,0x00,0x00,0x41,0x08,0x8E,0x73,0xBE,0xF7,0xFF,0xFF,0xFF,0xFF,0x3C,0xE7,0x8E,0x73,0xA3,0x18,0x00,0x00,0x00,0x00,0x00,0x00,0x00,0x00,0x00,0x00,0x00,0x00,0x45,0x29,0x8E,0x73,0x3C,0xE7,0xFF,0xFF,0xFF,0xFF,
	0x39,0xCE,0x8E,0x73,0x41,0x08,0x00,0x00,0x00,0x00,0x45,0x29,0x51,0x8C,0xFF,0xFF,0xFF,0xFF,0xFF,0xFF,0xFF,0xFF,0xFF,0xFF,0xFF,0xFF,0x3C,0xE7,0x51,0x8C,0x41,0x08,0x00,0x00,0x00,0x00,0x00,0x00,0x00,0x00,0x41,0x08,0xAA,0x52,0x14,0xA5,0xFF,0xFF,0x3C,0xE7,0x39,0xCE,0x8E,0x73,0x14,0xA5,0xFF,0xFF,0xBE,0xF7,0xBE,0xF7,0xFF,0xFF,
	0xFF,0xFF,0xBE,0xF7,0x8E,0x73,0x45,0x29,0x00,0x00,0x00,0x00,0x00,0x00,0x00,0x00,0x00,0x00,0x00,0x00,0xA3,0x18,0x8E,0x73,0xFF,0xFF,0xFF,0xFF,0xFF,0xFF,0xBE,0xF7,0xFF,0xFF,0xFF,0xFF,0x3C,0xE7,0x51,0x8C,0x00,0x00,0x00,0x00,0x41,0x08,0x08,0x42,0x14,0xA5,0xFF,0xFF,0xFF,0xFF,0x3C,0xE7,0x14,0xA5,0x45,0x29,0x00,0x00,0x00,0x00,
	0x00,0x00,0x00,0x00,0x00,0x00,0x00,0x00,0x00,0x00,0x00,0x00,0x45,0x29,0x39,0xCE,0xBE,0xF7,0xFF,0xFF,0xBE,0xF7,0x14,0xA5,0xA3,0x18,0x00,0x00,0x00,0x00,0x45,0x29,0x51,0x8C,0xFF,0xFF,0xFF,0xFF,0xFF,0xFF,0xBE,0xF7,0xBE,0xF7,0xFF,0xFF,0xFF,0xFF,0x39,0xCE,0xAA,0x52,0xA3,0x18,0x00,0x00,0x00,0x00,0x00,0x00,0x41,0x08,0xAA,0x52,
	0x14,0xA5,0xFF,0xFF,0x3C,0xE7,0x39,0xCE,0x8E,0x73,0x14,0xA5,0xFF,0xFF,0x3C,0xE7,0x3C,0xE7,0xBE,0xF7,0xFF,0xFF,0xBE,0xF7,0x14,0xA5,0xAA,0x52,0x00,0x00,0x00,0x00,0x00,0x00,0x00,0x00,0x00,0x00,0x41,0x08,0x08,0x42,0x51,0x8C,0xFF,0xFF,0xFF,0xFF,0xFF,0xFF,0x3C,0xE7,0xBE,0xF7,0xFF,0xFF,0x3C,0xE7,0x51,0x8C,0x00,0x00,0x00,0x00,
	0xA3,0x18,0x8E,0x73,0x39,0xCE,0xFF,0xFF,0xFF,0xFF,0x39,0xCE,0x08,0x42,0x41,0x08,0x00,0x00,0x00,0x00,0x00,0x00,0x00,0x00,0x00,0x00,0x00,0x00,0x00,0x00,0x00,0x00,0xA3,0x18,0x51,0x8C,0x39,0xCE,0xFF,0xFF,0xFF,0xFF,0x39,0xCE,0x08,0x42,0x41,0x08,0x00,0x00,0x45,0x29,0x51,0x8C,0xFF,0xFF,0xFF,0xFF,0xBE,0xF7,0x39,0xCE,0x3C,0xE7,
	0xFF,0xFF,0xFF,0xFF,0xBE,0xF7,0x39,0xCE,0x08,0x42,0x00,0x00,0x00,0x00,0x00,0x00,0x41,0x08,0xAA,0x52,0x14,0xA5,0xFF,0xFF,0x3C,0xE7,0x39,0xCE,0x8E,0x73,0x39,0xCE,0xFF,0xFF,0x3C,0xE7,0x39,0xCE,0x39,0xCE,0x3C,0xE7,0xFF,0xFF,0x3C,0xE7,0x51,0x8C,0x00,0x00,0x00,0x00,0x00,0x00,0x00,0x00,0x00,0x00,0x41,0x08,0xAA,0x52,0x39,0xCE,
	0xFF,0xFF,0xBE,0xF7,0x3C,0xE7,0x39,0xCE,0x3C,0xE7,0xFF,0xFF,0x3C,0xE7,0x51,0x8C,0x00,0x00,0x00,0x00,0xA3,0x18,0x14,0xA5,0x3C,0xE7,0xFF,0xFF,0xFF,0xFF,0x39,0xCE,0xA3,0x18,0x00,0x00,0x00,0x00,0x00,0x00,0x00,0x00,0x00,0x00,0x00,0x00,0x00,0x00,0x00,0x00,0x00,0x00,0x41,0x08,0x08,0x42,0x14,0xA5,0xFF,0xFF,0xFF,0xFF,0x3C,0xE7,
	0x8E,0x73,0xA3,0x18,0x00,0x00,0x45,0x29,0x51,0x8C,0xFF,0xFF,0xFF,0xFF,0x3C,0xE7,0x8E,0x73,0x14,0xA5,0xBE,0xF7,0xFF,0xFF,0xFF,0xFF,0xBE,0xF7,0x8E,0x73,0xA3,0x18,0x00,0x00,0x00,0x00,0x41,0x08,0xAA,0x52,0x14,0xA5,0xFF,0xFF,0x3C,0xE7,0x39,0xCE,0x8E,0x73,0x39,0xCE,0xFF,0xFF,0x3C,0xE7,0x14,0xA5,0x51,0x8C,0x39,0xCE,0xFF,0xFF,
	0xFF,0xFF,0x14,0xA5,0x41,0x08,0x00,0x00,0x00,0x00,0x00,0x00,0x00,0x00,0x41,0x08,0x51,0x8C,0x3C,0xE7,0xFF,0xFF,0x3C,0xE7,0x39,0xCE,0x39,0xCE,0x3C,0xE7,0xFF,0xFF,0x3C,0xE7,0x51,0x8C,0x00,0x00,0x00,0x00,0x45,0x29,0x39,0xCE,0xBE,0xF7,0xFF,0xFF,0xBE,0xF7,0x14,0xA5,0x00,0x00,0x00,0x00,0x00,0x00,0x00,0x00,0x00,0x00,0x00,0x00,
	0x00,0x00,0x00,0x00,0x00,0x00,0x00,0x00,0x00,0x00,0xA3,0x18,0x51,0x8C,0xFF,0xFF,0xFF,0xFF,0x3C,0xE7,0x51,0x8C,0x45,0x29,0x00,0x00,0x45,0x29,0x51,0x8C,0xFF,0xFF,0xFF,0xFF,0x39,0xCE,0x08,0x42,0xAA,0x52,0x39,0xCE,0xBE,0xF7,0xFF,0xFF,0xFF,0xFF,0x14,0xA5,0xAA,0x52,0x41,0x08,0x00,0x00,0x41,0x08,0xAA,0x52,0x14,0xA5,0xFF,0xFF,
	0x3C,0xE7,0x39,0xCE,0x8E,0x73,0x39,0xCE,0xFF,0xFF,0x3C,0xE7,0x14,0xA5,0xAA,0x52,0x14,0xA5,0xFF,0xFF,0xFF,0xFF,0x39,0xCE,0x08,0x42,0x41,0x08,0x00,0x00,0x00,0x00,0x00,0x00,0xA3,0x18,0x39,0xCE,0xFF,0xFF,0xFF,0xFF,0x14,0xA5,0x8E,0x73,0x39,0xCE,0x3C,0xE7,0xFF,0xFF,0x3C,0xE7,0x51,0x8C,0x00,0x00,0x00,0x00,0x45,0x29,0x39,0xCE,
	0xFF,0xFF,0xFF,0xFF,0x3C,0xE7,0x51,0x8C,0x41,0x08,0x00,0x00,0x00,0x00,0x00,0x00,0x00,0x00,0x00,0x00,0x00,0x00,0x00,0x00,0x00,0x00,0x00,0x00,0x00,0x00,0xA3,0x18,0x51,0x8C,0xFF,0xFF,0xFF,0xFF,0x3C,0xE7,0x51,0x8C,0x45,0x29,0x00,0x00,0x45,0x29,0x51,0x8C,0xFF,0xFF,0xFF,0xFF,0x3C,0xE7,0xAA,0x52,0x45,0x29,0xAA,0x52,0x3C,0xE7,
	0xFF,0xFF,0xFF,0xFF,0xBE,0xF7,0x14,0xA5,0xA3,0x18,0x00,0x00,0x41,0x08,0xAA,0x52,0x14,0xA5,0xFF,0xFF,0x3C,0xE7,0x39,0xCE,0x8E,0x73,0x39,0xCE,0xFF,0xFF,0x3C,0xE7,0x51,0x8C,0x45,0x29,0x51,0x8C,0xFF,0xFF,0xFF,0xFF,0x39,0xCE,0x8E,0x73,0xA3,0x18,0x00,0x00,0x00,0x00,0xA3,0x18,0x08,0x42,0x3C,0xE7,0xFF,0xFF,0xFF,0xFF,0x8E,0x73,
	0x08,0x42,0x14,0xA5,0xBE,0xF7,0xFF,0xFF,0x3C,0xE7,0x51,0x8C,0x00,0x00,0x00,0x00,0x45,0x29,0x3C,0xE7,0xFF,0xFF,0xFF,0xFF,0x3C,0xE7,0x51,0x8C,0x41,0x08,0x00,0x00,0x00,0x00,0x00,0x00,0x00,0x00,0x00,0x00,0x00,0x00,0x00,0x00,0x00,0x00,0x00,0x00,0x00,0x00,0x41,0x08,0x8E,0x73,0xFF,0xFF,0xFF,0xFF,0x3C,0xE7,0x51,0x8C,0x45,0x29,
	0x00,0x00,0x45,0x29,0x51,0x8C,0xFF,0xFF,0xFF,0xFF,0x3C,0xE7,0xAA,0x52,0xA3,0x18,0xA3,0x18,0x14,0xA5,0x3C,0xE7,0xFF,0xFF,0xFF,0xFF,0x3C,0xE7,0x8E,0x73,0xA3,0x18,0x00,0x00,0xAA,0x52,0x14,0xA5,0xFF,0xFF,0x3C,0xE7,0x39,0xCE,0x8E,0x73,0x39,0xCE,0xFF,0xFF,0x3C,0xE7,0x51,0x8C,0x00,0x00,0x8E,0x73,0xFF,0xFF,0xFF,0xFF,0x3C,0xE7,
	0x14,0xA5,0x45,0x29,0x00,0x00,0x00,0x00,0x45,0x29,0x51,0x8C,0x3C,0xE7,0xFF,0xFF,0xFF,0xFF,0xAA,0x52,0xA3,0x18,0x14,0xA5,0xBE,0xF7,0xFF,0xFF,0x3C,0xE7,0x51,0x8C,0x00,0x00,0x00,0x00,0x45,0x29,0x3C,0xE7,0xFF,0xFF,0xFF,0xFF,0x3C,0xE7,0x51,0x8C,0x41,0x08,0x00,0x00,0x00,0x00,0x00,0x00,0x00,0x00,0x00,0x00,0x00,0x00,0x00,0x00,
	0x00,0x00,0x00,0x00,0x00,0x00,0x00,0x00,0x8E,0x73,0xFF,0xFF,0xFF,0xFF,0x3C,0xE7,0x51,0x8C,0x45,0x29,0x00,0x00,0x45,0x29,0x51,0x8C,0xFF,0xFF,0xFF,0xFF,0x3C,0xE7,0xAA,0x52,0x41,0x08,0x00,0x00,0xAA,0x52,0x14,0xA5,0xFF,0xFF,0xFF,0xFF,0xBE,0xF7,0x14,0xA5,0xAA,0x52,0x00,0x00,0xAA,0x52,0x14,0xA5,0xFF,0xFF,0x3C,0xE7,0x39,0xCE,
	0x8E,0x73,0x39,0xCE,0xFF,0xFF,0x3C,0xE7,0x51,0x8C,0x00,0x00,0xAA,0x52,0x39,0xCE,0xBE,0xF7,0xFF,0xFF,0x3C,0xE7,0x08,0x42,0x00,0x00,0x00,0x00,0xAA,0x52,0x14,0xA5,0xBE,0xF7,0xBE,0xF7,0x39,0xCE,0x08,0x42,0xA3,0x18,0x14,0xA5,0xBE,0xF7,0xFF,0xFF,0x3C,0xE7,0x51,0x8C,0x00,0x00,0x00,0x00,0x45,0x29,0x3C,0xE7,0xFF,0xFF,0xFF,0xFF,
	0x3C,0xE7,0x51,0x8C,0x41,0x08,0x00,0x00,0x00,0x00,0x00,0x00,0x00,0x00,0x00,0x00,0x00,0x00,0x00,0x00,0x00,0x00,0x00,0x00,0x00,0x00,0xA3,0x18,0x51,0x8C,0xFF,0xFF,0xFF,0xFF,0x3C,0xE7,0x51,0x8C,0x45,0x29,0x00,0x00,0x45,0x29,0x51,0x8C,0xFF,0xFF,0xFF,0xFF,0x3C,0xE7,0xAA,0x52,0xA3,0x18,0x00,0x00,0xA3,0x18,0x8E,0x73,0xBE,0xF7,
	0xFF,0xFF,0xFF,0xFF,0xBE,0xF7,0x51,0x8C,0x45,0x29,0xAA,0x52,0x14,0xA5,0xFF,0xFF,0x3C,0xE7,0x39,0xCE,0x8E,0x73,0x39,0xCE,0xFF,0xFF,0x3C,0xE7,0x51,0x8C,0x00,0x00,0x45,0x29,0x14,0xA5,0x3C,0xE7,0xFF,0xFF,0xFF,0xFF,0xAA,0x52,0x41,0x08,0x00,0x00,0x8E,0x73,0x3C,0xE7,0xFF,0xFF,0x3C,0xE7,0x14,0xA5,0xA3,0x18,0xA3,0x18,0x14,0xA5,
	0xBE,0xF7,0xFF,0xFF,0x3C,0xE7,0x51,0x8C,0x00,0x00,0x00,0x00,0x45,0x29,0x39,0xCE,0xFF,0xFF,0xFF,0xFF,0x3C,0xE7,0x51,0x8C,0x00,0x00,0x00,0x00,0x00,0x00,0x00,0x00,0x00,0x00,0x00,0x00,0x00,0x00,0x00,0x00,0x00,0x00,0x00,0x00,0x41,0x08,0x45,0x29,0x51,0x8C,0xFF,0xFF,0xFF,0xFF,0x3C,0xE7,0x51,0x8C,0x45,0x29,0x00,0x00,0x45,0x29,
	0x51,0x8C,0xFF,0xFF,0xFF,0xFF,0x3C,0xE7,0xAA,0x52,0xA3,0x18,0x00,0x00,0x00,0x00,0x45,0x29,0x14,0xA5,0x3C,0xE7,0xFF,0xFF,0xFF,0xFF,0x39,0xCE,0x8E,0x73,0x8E,0x73,0x14,0xA5,0xFF,0xFF,0x3C,0xE7,0x39,0xCE,0x8E,0x73,0x39,0xCE,0xFF,0xFF,0x3C,0xE7,0x51,0x8C,0x41,0x08,0x41,0x08,0xAA,0x52,0x3C,0xE7,0xFF,0xFF,0xFF,0xFF,0x51,0x8C,
	0x45,0x29,0x41,0x08,0x51,0x8C,0xFF,0xFF,0xFF,0xFF,0x39,0xCE,0x8E,0x73,0x41,0x08,0xA3,0x18,0x14,0xA5,0xBE,0xF7,0xFF,0xFF,0x3C,0xE7,0x51,0x8C,0x00,0x00,0x00,0x00,0xA3,0x18,0x14,0xA5,0x3C,0xE7,0xFF,0xFF,0xFF,0xFF,0x14,0xA5,0x41,0x08,0x00,0x00,0x00,0x00,0x00,0x00,0x00,0x00,0x00,0x00,0x00,0x00,0x00,0x00,0x00,0x00,0x00,0x00,
	0x41,0x08,0x08,0x42,0x14,0xA5,0xFF,0xFF,0xFF,0xFF,0x3C,0xE7,0x8E,0x73,0xA3,0x18,0x00,0x00,0x45,0x29,0x51,0x8C,0xFF,0xFF,0xFF,0xFF,0x3C,0xE7,0xAA,0x52,0xA3,0x18,0x00,0x00,0x00,0x00,0x41,0x08,0x08,0x42,0x39,0xCE,0xFF,0xFF,0xFF,0xFF,0xBE,0xF7,0x3C,0xE7,0x14,0xA5,0x14,0xA5,0xFF,0xFF,0x3C,0xE7,0x39,0xCE,0x8E,0x73,0x39,0xCE,
	0xFF,0xFF,0x3C,0xE7,0x51,0x8C,0x41,0x08,0x00,0x00,0x45,0x29,0x39,0xCE,0xFF,0xFF,0xFF,0xFF,0x14,0xA5,0x8E,0x73,0x08,0x42,0x14,0xA5,0xFF,0xFF,0xFF,0xFF,0x39,0xCE,0x45,0x29,0x00,0x00,0x45,0x29,0x14,0xA5,0xBE,0xF7,0xFF,0xFF,0x3C,0xE7,0x51,0x8C,0x00,0x00,0x00,0x00,0xA3,0x18,0x51,0x8C,0x3C,0xE7,0xFF,0xFF,0xFF,0xFF,0x39,0xCE,
	0x08,0x42,0x41,0x08,0x00,0x00,0x00,0x00,0x00,0x00,0x00,0x00,0x00,0x00,0x00,0x00,0x00,0x00,0x00,0x00,0x41,0x08,0x8E,0x73,0x39,0xCE,0xFF,0xFF,0xFF,0xFF,0x3C,0xE7,0xAA,0x52,0x41,0x08,0x00,0x00,0x45,0x29,0x51,0x8C,0xFF,0xFF,0xFF,0xFF,0x3C,0xE7,0xAA,0x52,0xA3,0x18,0x00,0x00,0x00,0x00,0x00,0x00,0x41,0x08,0x8E,0x73,0x39,0xCE,
	0xFF,0xFF,0xFF,0xFF,0xFF,0xFF,0x3C,0xE7,0x3C,0xE7,0xFF,0xFF,0x3C,0xE7,0x39,0xCE,0x8E,0x73,0x39,0xCE,0xFF,0xFF,0x3C,0xE7,0x51,0x8C,0x41,0x08,0x00,0x00,0xA3,0x18,0x14,0xA5,0xBE,0xF7,0xFF,0xFF,0x39,0xCE,0x14,0xA5,0x8E,0x73,0x39,0xCE,0xFF,0xFF,0xBE,0xF7,0x14,0xA5,0x41,0x08,0x00,0x00,0x45,0x29,0x14,0xA5,0xBE,0xF7,0xFF,0xFF,
	0x3C,0xE7,0x51,0x8C,0x00,0x00,0x00,0x00,0xA3,0x18,0x8E,0x73,0x39,0xCE,0xFF,0xFF,0xFF,0xFF,0x3C,0xE7,0x51,0x8C,0x45,0x29,0x00,0x00,0x00,0x00,0x00,0x00,0x00,0x00,0x00,0x00,0x00,0x00,0x00,0x00,0x00,0x00,0xA3,0x18,0x14,0xA5,0xBE,0xF7,0xFF,0xFF,0xBE,0xF7,0x39,0xCE,0x45,0x29,0x00,0x00,0x00,0x00,0x45,0x29,0x51,0x8C,0xFF,0xFF,
	0xFF,0xFF,0x3C,0xE7,0xAA,0x52,0xA3,0x18,0x00,0x00,0x00,0x00,0x00,0x00,0x00,0x00,0x08,0x42,0x51,0x8C,0xBE,0xF7,0xFF,0xFF,0xFF,0xFF,0xFF,0xFF,0xFF,0xFF,0xFF,0xFF,0x3C,0xE7,0x39,0xCE,0x8E,0x73,0x39,0xCE,0xFF,0xFF,0x3C,0xE7,0x51,0x8C,0x41,0x08,0x00,0x00,0xA3,0x18,0x51,0x8C,0x39,0xCE,0xFF,0xFF,0xBE,0xF7,0x3C,0xE7,0x39,0xCE,
	0x3C,0xE7,0xFF,0xFF,0x39,0xCE,0x8E,0x73,0x00,0x00,0x00,0x00,0x45,0x29,0x14,0xA5,0xBE,0xF7,0xFF,0xFF,0x3C,0xE7,0x51,0x8C,0x00,0x00,0x00,0x00,0x00,0x00,0x41,0x08,0x51,0x8C,0xFF,0xFF,0xFF,0xFF,0xFF,0xFF,0x3C,0xE7,0xAA,0x52,0x00,0x00,0x00,0x00,0x00,0x00,0x00,0x00,0x00,0x00,0x00,0x00,0x00,0x00,0x00,0x00,0x08,0x42,0x39,0xCE,
	0xFF,0xFF,0xFF,0xFF,0x3C,0xE7,0x51,0x8C,0x41,0x08,0x00,0x00,0x00,0x00,0x45,0x29,0x51,0x8C,0xFF,0xFF,0xFF,0xFF,0x3C,0xE7,0xAA,0x52,0xA3,0x18,0x00,0x00,0x00,0x00,0x00,0x00,0x00,0x00,0x41,0x08,0x08,0x42,0x3C,0xE7,0xFF,0xFF,0xFF,0xFF,0xFF,0xFF,0xFF,0xFF,0xFF,0xFF,0x3C,0xE7,0x39,0xCE,0x8E,0x73,0x39,0xCE,0xFF,0xFF,0x3C,0xE7,
	0x51,0x8C,0x41,0x08,0x00,0x00,0x41,0x08,0x08,0x42,0x14,0xA5,0xFF,0xFF,0xFF,0xFF,0xBE,0xF7,0x3C,0xE7,0xBE,0xF7,0xBE,0xF7,0x14,0xA5,0x08,0x42,0x00,0x00,0x00,0x00,0x45,0x29,0x14,0xA5,0xBE,0xF7,0xFF,0xFF,0x3C,0xE7,0x51,0x8C,0x00,0x00,0x00,0x00,0x00,0x00,0x00,0x00,0xAA,0x52,0x39,0xCE,0xBE,0xF7,0xFF,0xFF,0xFF,0xFF,0x14,0xA5,
	0xAA,0x52,0x41,0x08,0x00,0x00,0x00,0x00,0x00,0x00,0x00,0x00,0xA3,0x18,0xAA,0x52,0x14,0xA5,0xBE,0xF7,0xFF,0xFF,0xFF,0xFF,0x14,0xA5,0x08,0x42,0x00,0x00,0x00,0x00,0x00,0x00,0x45,0x29,0x51,0x8C,0xFF,0xFF,0xFF,0xFF,0x3C,0xE7,0xAA,0x52,0xA3,0x18,0x00,0x00,0x00,0x00,0x00,0x00,0x00,0x00,0x00,0x00,0xA3,0x18,0x51,0x8C,0x39,0xCE,
	0xFF,0xFF,0xFF,0xFF,0xFF,0xFF,0xFF,0xFF,0x3C,0xE7,0x39,0xCE,0x8E,0x73,0x39,0xCE,0xFF,0xFF,0x3C,0xE7,0x51,0x8C,0x41,0x08,0x00,0x00,0x00,0x00,0xA3,0x18,0x51,0x8C,0xFF,0xFF,0xFF,0xFF,0xFF,0xFF,0xFF,0xFF,0xFF,0xFF,0xBE,0xF7,0x8E,0x73,0x45,0x29,0x00,0x00,0x00,0x00,0x45,0x29,0x14,0xA5,0xBE,0xF7,0xFF,0xFF,0x3C,0xE7,0x51,0x8C,
	0x00,0x00,0x00,0x00,0x00,0x00,0x00,0x00,0x45,0x29,0x51,0x8C,0x3C,0xE7,0xFF,0xFF,0xFF,0xFF,0xBE,0xF7,0x39,0xCE,0x08,0x42,0xA3,0x18,0x41,0x08,0x41,0x08,0xA3,0x18,0xAA,0x52,0x39,0xCE,0xFF,0xFF,0xFF,0xFF,0xFF,0xFF,0xBE,0xF7,0xAA,0x52,0x00,0x00,0x00,0x00,0x00,0x00,0x00,0x00,0x45,0x29,0x51,0x8C,0xFF,0xFF,0xFF,0xFF,0x3C,0xE7,
	0xAA,0x52,0xA3,0x18,0x00,0x00,0x00,0x00,0x00,0x00,0x00,0x00,0x00,0x00,0x41,0x08,0x45,0x29,0x51,0x8C,0xFF,0xFF,0xFF,0xFF,0xFF,0xFF,0xFF,0xFF,0x3C,0xE7,0x39,0xCE,0x8E,0x73,0x39,0xCE,0xFF,0xFF,0x3C,0xE7,0x51,0x8C,0x41,0x08,0x00,0x00,0x00,0x00,0x00,0x00,0xAA,0x52,0xBE,0xF7,0xFF,0xFF,0xFF,0xFF,0xFF,0xFF,0xFF,0xFF,0x3C,0xE7,
	0x08,0x42,0x41,0x08,0x00,0x00,0x00,0x00,0x45,0x29,0x14,0xA5,0xBE,0xF7,0xFF,0xFF,0x3C,0xE7,0x51,0x8C,0x00,0x00,0x00,0x00,0x00,0x00,0x00,0x00,0x41,0x08,0x45,0x29,0x14,0xA5,0xBE,0xF7,0xFF,0xFF,0xFF,0xFF,0xBE,0xF7,0x39,0xCE,0x39,0xCE,0x14,0xA5,0x39,0xCE,0x39,0xCE,0x39,0xCE,0xBE,0xF7,0xFF,0xFF,0xFF,0xFF,0x3C,0xE7,0x51,0x8C,
	0x45,0x29,0x00,0x00,0x00,0x00,0x00,0x00,0x00,0x00,0x45,0x29,0x51,0x8C,0xFF,0xFF,0xFF,0xFF,0x3C,0xE7,0xAA,0x52,0xA3,0x18,0x00,0x00,0x00,0x00,0x00,0x00,0x00,0x00,0x00,0x00,0x00,0x00,0x41,0x08,0xAA,0x52,0x3C,0xE7,0xBE,0xF7,0xFF,0xFF,0xFF,0xFF,0x3C,0xE7,0x39,0xCE,0x8E,0x73,0x39,0xCE,0xFF,0xFF,0xBE,0xF7,0x51,0x8C,0x41,0x08,
	0x00,0x00,0x00,0x00,0x00,0x00,0x08,0x42,0x39,0xCE,0xFF,0xFF,0xFF,0xFF,0xFF,0xFF,0xFF,0xFF,0x39,0xCE,0x45,0x29,0x00,0x00,0x00,0x00,0x00,0x00,0x45,0x29,0x14,0xA5,0xBE,0xF7,0xFF,0xFF,0x3C,0xE7,0x51,0x8C,0x00,0x00,0x00,0x00,0x00,0x00,0x00,0x00,0x00,0x00,0x41,0x08,0xAA,0x52,0x14,0xA5,0x3C,0xE7,0xBE,0xF7,0xFF,0xFF,0xFF,0xFF,
	0xFF,0xFF,0xFF,0xFF,0xFF,0xFF,0xFF,0xFF,0xFF,0xFF,0xFF,0xFF,0xBE,0xF7,0x39,0xCE,0x51,0x8C,0x08,0x42,0x41,0x08,0x00,0x00,0x00,0x00,0x00,0x00,0x00,0x00,0x45,0x29,0x51,0x8C,0xFF,0xFF,0xFF,0xFF,0x3C,0xE7,0xAA,0x52,0xA3,0x18,0x00,0x00,0x00,0x00,0x00,0x00,0x00,0x00,0x00,0x00,0x00,0x00,0x00,0x00,0x45,0x29,0x51,0x8C,0x3C,0xE7,
	0xFF,0xFF,0xFF,0xFF,0x3C,0xE7,0x39,0xCE,0x8E,0x73,0x39,0xCE,0xFF,0xFF,0x3C,0xE7,0x51,0x8C,0x41,0x08,0x00,0x00,0x00,0x00,0x00,0x00,0x45,0x29,0x14,0xA5,0x3C,0xE7,0xFF,0xFF,0xFF,0xFF,0x3C,0xE7,0x51,0x8C,0xA3,0x18,0x00,0x00,0x00,0x00,0x00,0x00,0x45,0x29,0x14,0xA5,0xBE,0xF7,0xFF,0xFF,0x3C,0xE7,0x51,0x8C,0x00,0x00,0x00,0x00,
	0x00,0x00,0x00,0x00,0x00,0x00,0x00,0x00,0x00,0x00,0x45,0x29,0x8E,0x73,0x39,0xCE,0xFF,0xFF,0xFF,0xFF,0xFF,0xFF,0xFF,0xFF,0xFF,0xFF,0xFF,0xFF,0xFF,0xFF,0xFF,0xFF,0x39,0xCE,0xAA,0x52,0xA3,0x18,0x00,0x00,0x00,0x00,0x00,0x00,0x00,0x00,0x00,0x00,0x00,0x00,0x45,0x29,0x51,0x8C,0xFF,0xFF,0xFF,0xFF,0x3C,0xE7,0xAA,0x52,0xA3,0x18,
	0x00,0x00,0x00,0x00,0x00,0x00,0x00,0x00,0x00,0x00,0x00,0x00,0x00,0x00,0x00,0x00,0xA3,0x18,0x39,0xCE,0xFF,0xFF,0xFF,0xFF,0x3C,0xE7,0x39,0xCE,0x08,0x42,0x8E,0x73,0x51,0x8C,0x51,0x8C,0xAA,0x52,0x00,0x00,0x00,0x00,0x00,0x00,0x00,0x00,0xA3,0x18,0x08,0x42,0x51,0x8C,0x14,0xA5,0x51,0x8C,0x8E,0x73,0x08,0x42,0x41,0x08,0x00,0x00,
	0x00,0x00,0x00,0x00,0xA3,0x18,0x8E,0x73,0x51,0x8C,0x51,0x8C,0x51,0x8C,0xAA,0x52,0x00,0x00,0x00,0x00,0x00,0x00,0x00,0x00,0x00,0x00,0x00,0x00,0x00,0x00,0x00,0x00,0x45,0x29,0xAA,0x52,0x8E,0x73,0x51,0x8C,0x14,0xA5,0x14,0xA5,0x14,0xA5,0x51,0x8C,0x8E,0x73,0x8E,0x73,0xAA,0x52,0xA3,0x18,0x00,0x00,0x00,0x00,0x00,0x00,0x00,0x00,
	0x00,0x00,0x00,0x00,0x00,0x00,0xA3,0x18,0xAA,0x52,0x51,0x8C,0x14,0xA5,0x51,0x8C,0x45,0x29,0x41,0x08,0x00,0x00,0x00,0x00,0x00,0x00,0x00,0x00,0x00,0x00,0x00,0x00,0x00,0x00,0x00,0x00,0x00,0x00,0xAA,0x52,0x51,0x8C,0x51,0x8C,0x51,0x8C,0x8E,0x73,0xA3,0x18,0xA3,0x18,0x45,0x29,0x45,0x29,0xA3,0x18,0x00,0x00,0x00,0x00,0x00,0x00,
	0x00,0x00,0x00,0x00,0x00,0x00,0xA3,0x18,0x45,0x29,0x45,0x29,0xA3,0x18,0x41,0x08,0x00,0x00,0x00,0x00,0x00,0x00,0x00,0x00,0x41,0x08,0xA3,0x18,0x45,0x29,0x45,0x29,0x45,0x29,0xA3,0x18,0x00,0x00,0x00,0x00,0x00,0x00,0x00,0x00,0x00,0x00,0x00,0x00,0x00,0x00,0x00,0x00,0x00,0x00,0x00,0x00,0x00,0x00,0xA3,0x18,0x45,0x29,0x08,0x42,
	0x08,0x42,0x45,0x29,0x00,0x00,0x00,0x00,0x00,0x00,0x00,0x00,0x00,0x00,0x00,0x00,0x00,0x00,0x00,0x00,0x00,0x00,0x00,0x00,0x00,0x00,0x00,0x00,0xA3,0x18,0x45,0x29,0x45,0x29,0x45,0x29,0x41,0x08,0x00,0x00,0x00,0x00,0x00,0x00,0x00,0x00,0x00,0x00,0x00,0x00,0x00,0x00,0x00,0x00,0x00,0x00,0x00,0x00,0x41,0x08,0xA3,0x18,0x45,0x29,
	0x45,0x29,0xA3,0x18,

	// Alpha Channel 
	0x00,0x00,0x00,0x00,0x00,0x00,0x00,0x00,0x00,0x00,0x00,0x00,0x00,0x00,0x00,0x00,0x00,0x00,0x00,0x00,0x00,0x00,0x00,0x00,0x00,0x00,0x00,0x00,0x00,0x00,0x00,0x00,0x00,0x00,0x00,0x00,0x00,0x00,0x00,0x00,0x00,0x00,0x00,0x00,0x00,0x00,0x00,0x00,0x00,0x00,0x00,0x00,0x00,0x00,0x00,0x00,0x00,0x00,0x00,0x00,0x00,0x00,0x00,0x00,
	0x00,0x00,0x00,0x00,0x00,0x00,0x00,0x00,0x00,0x00,0xFF,0xFF,0xFF,0xFF,0xFF,0xFF,0xFF,0x00,0x00,0x00,0x00,0x00,0x00,0x00,0x00,0x00,0x00,0x00,0x00,0xFF,0xFF,0xFF,0xFF,0xFF,0xFF,0xFF,0x00,0x00,0x00,0x00,0x00,0x00,0x00,0x00,0x00,0x00,0x00,0xFF,0xFF,0xFF,0xFF,0xFF,0xFF,0x00,0x00,0x00,0x00,0x00,0x00,0x00,0x00,0x00,0x00,0x00,
	0xFF,0xFF,0xFF,0xFF,0xFF,0x00,0x00,0x00,0x00,0x00,0x00,0x00,0x00,0x00,0x00,0x00,0xFF,0xFF,0xFF,0xFF,0xFF,0xFF,0xFF,0xFF,0xFF,0xFF,0xFF,0x00,0x00,0x00,0x00,0x00,0x00,0x00,0x00,0x00,0x00,0x00,0x00,0xFF,0xFF,0xFF,0xFF,0xFF,0xFF,0xFF,0x00,0x00,0x00,0x00,0x00,0x00,0x00,0x00,0x00,0xFF,0xFF,0xFF,0xFF,0xFF,0xFF,0xFF,0xFF,0xFF,
	0xFF,0x00,0x00,0x00,0x00,0x00,0x00,0x00,0x00,0xFF,0xFF,0xFF,0xFF,0xFF,0xFF,0xFF,0x00,0x00,0x00,0x00,0x00,0x00,0x00,0x00,0x00,0xFF,0xFF,0xFF,0xFF,0xFF,0xFF,0xFF,0xFF,0xFF,0xFF,0xFF,0xFF,0xFF,0x00,0x00,0x00,0x00,0x00,0x00,0x00,0x00,0x00,0x00,0x00,0xFF,0xFF,0xFF,0xFF,0xFF,0xFF,0xFF,0x00,0x00,0x00,0x00,0x00,0x00,0x00,0xFF,
	0xFF,0xFF,0xFF,0xFF,0xFF,0xFF,0xFF,0xFF,0xFF,0xFF,0xFF,0xFF,0xFF,0x00,0x00,0x00,0x00,0x00,0x00,0xFF,0xFF,0xFF,0xFF,0xFF,0xFF,0xFF,0x00,0x00,0x00,0x00,0x00,0x00,0x00,0x00,0x00,0xFF,0xFF,0xFF,0xFF,0xFF,0xFF,0xFF,0xFF,0xFF,0xFF,0xFF,0xFF,0xFF,0xFF,0x00,0x00,0x00,0x00,0x00,0x00,0x00,0x00,0x00,0xFF,0xFF,0xFF,0xFF,0xFF,0xFF,
	0xFF,0xFF,0x00,0x00,0x00,0x00,0x00,0x00,0xFF,0xFF,0xFF,0xFF,0xFF,0xFF,0xFF,0xFF,0xFF,0xFF,0xFF,0xFF,0xFF,0xFF,0xFF,0xFF,0x00,0x00,0x00,0x00,0x00,0xFF,0xFF,0xFF,0xFF,0xFF,0xFF,0xFF,0xFF,0xFF,0x00,0x00,0x00,0x00,0x00,0x00,0xFF,0xFF,0xFF,0xFF,0xFF,0xFF,0xFF,0xFF,0xFF,0xFF,0xFF,0xFF,0xFF,0xFF,0xFF,0x00,0x00,0x00,0x00,0x00,
	0x00,0x00,0x00,0xFF,0xFF,0xFF,0xFF,0xFF,0xFF,0xFF,0xFF,0xFF,0x00,0x00,0x00,0x00,0x00,0xFF,0xFF,0xFF,0xFF,0xFF,0xFF,0xFF,0xFF,0xFF,0xFF,0xFF,0xFF,0xFF,0xFF,0xFF,0xFF,0xFF,0xFF,0x00,0x00,0x00,0x00,0xFF,0xFF,0xFF,0xFF,0xFF,0xFF,0xFF,0xFF,0xFF,0x00,0x00,0x00,0x00,0x00,0x00,0xFF,0xFF,0xFF,0xFF,0xFF,0xFF,0xFF,0xFF,0xFF,0xFF,
	0xFF,0xFF,0xFF,0xFF,0xFF,0x00,0x00,0x00,0x00,0x00,0x00,0x00,0x00,0xFF,0xFF,0xFF,0xFF,0xFF,0xFF,0xFF,0xFF,0xFF,0x00,0x00,0x00,0x00,0xFF,0xFF,0xFF,0xFF,0xFF,0xFF,0xFF,0xFF,0xFF,0xFF,0xFF,0xFF,0xFF,0xFF,0xFF,0xFF,0xFF,0xFF,0xFF,0x00,0x00,0x00,0x00,0xFF,0xFF,0xFF,0xFF,0xFF,0xFF,0xFF,0xFF,0xFF,0xFF,0x00,0x00,0x00,0x00,0x00,
	0xFF,0xFF,0xFF,0xFF,0xFF,0xFF,0xFF,0xFF,0xFF,0xFF,0xFF,0xFF,0xFF,0xFF,0xFF,0x00,0x00,0x00,0x00,0x00,0x00,0x00,0x00,0xFF,0xFF,0xFF,0xFF,0xFF,0xFF,0xFF,0xFF,0xFF,0x00,0x00,0x00,0x00,0xFF,0xFF,0xFF,0xFF,0xFF,0xFF,0xFF,0xFF,0x00,0x00,0x00,0x00,0xFF,0xFF,0xFF,0xFF,0xFF,0xFF,0xFF,0xFF,0x00,0x00,0x00,0xFF,0xFF,0xFF,0xFF,0xFF,
	0xFF,0xFF,0xFF,0xFF,0xFF,0x00,0x00,0x00,0x00,0x00,0xFF,0xFF,0xFF,0xFF,0xFF,0xFF,0xFF,0xFF,0xFF,0xFF,0xFF,0xFF,0xFF,0xFF,0xFF,0xFF,0x00,0x00,0x00,0x00,0x00,0x00,0x00,0xFF,0xFF,0xFF,0xFF,0xFF,0xFF,0xFF,0xFF,0xFF,0x00,0x00,0x00,0xFF,0xFF,0xFF,0xFF,0xFF,0xFF,0xFF,0xFF,0x00,0x00,0x00,0x00,0x00,0x00,0xFF,0xFF,0xFF,0xFF,0xFF,
	0xFF,0xFF,0xFF,0x00,0x00,0xFF,0xFF,0xFF,0xFF,0xFF,0xFF,0xFF,0xFF,0xFF,0xFF,0xFF,0x00,0x00,0x00,0x00,0xFF,0xFF,0xFF,0xFF,0xFF,0xFF,0xFF,0xFF,0xFF,0xFF,0xFF,0xFF,0xFF,0xFF,0xFF,0xFF,0x00,0x00,0x00,0x00,0x00,0x00,0xFF,0xFF,0xFF,0xFF,0xFF,0xFF,0xFF,0xFF,0xFF,0xFF,0x00,0x00,0xFF,0xFF,0xFF,0xFF,0xFF,0xFF,0xFF,0xFF,0x00,0x00,
	0x00,0x00,0x00,0x00,0x00,0x00,0xFF,0xFF,0xFF,0xFF,0xFF,0xFF,0xFF,0x00,0x00,0xFF,0xFF,0xFF,0xFF,0xFF,0xFF,0xFF,0xFF,0xFF,0xFF,0xFF,0xFF,0x00,0x00,0x00,0xFF,0xFF,0xFF,0xFF,0xFF,0xFF,0xFF,0xFF,0xFF,0xFF,0xFF,0xFF,0xFF,0xFF,0xFF,0xFF,0x00,0x00,0x00,0x00,0x00,0xFF,0xFF,0xFF,0xFF,0xFF,0xFF,0xFF,0xFF,0xFF,0xFF,0xFF,0x00,0x00,
	0xFF,0xFF,0xFF,0xFF,0xFF,0xFF,0xFF,0xFF,0x00,0x00,0x00,0x00,0x00,0x00,0x00,0x00,0xFF,0xFF,0xFF,0xFF,0xFF,0xFF,0xFF,0xFF,0x00,0xFF,0xFF,0xFF,0xFF,0xFF,0xFF,0xFF,0xFF,0xFF,0xFF,0xFF,0xFF,0x00,0x00,0x00,0xFF,0xFF,0xFF,0xFF,0xFF,0xFF,0xFF,0xFF,0xFF,0xFF,0xFF,0xFF,0xFF,0xFF,0xFF,0xFF,0x00,0x00,0x00,0x00,0x00,0xFF,0xFF,0xFF,
	0xFF,0xFF,0xFF,0xFF,0xFF,0xFF,0xFF,0xFF,0x00,0x00,0xFF,0xFF,0xFF,0xFF,0xFF,0xFF,0xFF,0x00,0x00,0x00,0x00,0x00,0x00,0x00,0x00,0x00,0xFF,0xFF,0xFF,0xFF,0xFF,0xFF,0xFF,0xFF,0x00,0xFF,0xFF,0xFF,0xFF,0xFF,0xFF,0xFF,0xFF,0xFF,0xFF,0xFF,0xFF,0xFF,0x00,0x00,0xFF,0xFF,0xFF,0xFF,0xFF,0xFF,0xFF,0xFF,0xFF,0xFF,0xFF,0xFF,0xFF,0xFF,
	0xFF,0xFF,0xFF,0x00,0x00,0x00,0x00,0xFF,0xFF,0xFF,0xFF,0xFF,0xFF,0xFF,0xFF,0xFF,0xFF,0xFF,0x00,0x00,0xFF,0xFF,0xFF,0xFF,0xFF,0xFF,0x00,0x00,0x00,0x00,0x00,0x00,0x00,0x00,0x00,0x00,0x00,0xFF,0xFF,0xFF,0xFF,0xFF,0xFF,0xFF,0x00,0xFF,0xFF,0xFF,0xFF,0xFF,0xFF,0xFF,0xFF,0xFF,0xFF,0xFF,0xFF,0xFF,0xFF,0x00,0xFF,0xFF,0xFF,0xFF,
	0xFF,0xFF,0xFF,0xFF,0xFF,0xFF,0xFF,0xFF,0xFF,0xFF,0xFF,0xFF,0xFF,0xFF,0x00,0x00,0x00,0xFF,0xFF,0xFF,0xFF,0xFF,0xFF,0xFF,0xFF,0xFF,0xFF,0xFF,0x00,0x00,0xFF,0xFF,0xFF,0xFF,0xFF,0xFF,0xFF,0x00,0x00,0x00,0x00,0x00,0x00,0x00,0x00,0x00,0x00,0xFF,0xFF,0xFF,0xFF,0xFF,0xFF,0xFF,0x00,0xFF,0xFF,0xFF,0xFF,0xFF,0xFF,0xFF,0xFF,0xFF,
	0xFF,0xFF,0xFF,0xFF,0xFF,0x00,0xFF,0xFF,0xFF,0xFF,0xFF,0xFF,0xFF,0xFF,0xFF,0xFF,0xFF,0xFF,0xFF,0xFF,0xFF,0xFF,0xFF,0xFF,0x00,0x00,0xFF,0xFF,0xFF,0xFF,0xFF,0xFF,0xFF,0xFF,0xFF,0xFF,0xFF,0xFF,0x00,0x00,0xFF,0xFF,0xFF,0xFF,0xFF,0xFF,0xFF,0x00,0x00,0x00,0x00,0x00,0x00,0x00,0x00,0x00,0x00,0xFF,0xFF,0xFF,0xFF,0xFF,0xFF,0xFF,
	0x00,0xFF,0xFF,0xFF,0xFF,0xFF,0xFF,0xFF,0xFF,0xFF,0xFF,0xFF,0xFF,0xFF,0xFF,0xFF,0x00,0xFF,0xFF,0xFF,0xFF,0xFF,0xFF,0xFF,0xFF,0xFF,0xFF,0x00,0xFF,0xFF,0xFF,0xFF,0xFF,0xFF,0x00,0x00,0xFF,0xFF,0xFF,0xFF,0xFF,0xFF,0xFF,0xFF,0xFF,0xFF,0xFF,0xFF,0x00,0x00,0xFF,0xFF,0xFF,0xFF,0xFF,0xFF,0xFF,0x00,0x00,0x00,0x00,0x00,0x00,0x00,
	0x00,0x00,0x00,0x00,0xFF,0xFF,0xFF,0xFF,0xFF,0xFF,0x00,0xFF,0xFF,0xFF,0xFF,0xFF,0xFF,0xFF,0x00,0xFF,0xFF,0xFF,0xFF,0xFF,0xFF,0xFF,0x00,0xFF,0xFF,0xFF,0xFF,0xFF,0xFF,0xFF,0xFF,0xFF,0xFF,0x00,0xFF,0xFF,0xFF,0xFF,0xFF,0xFF,0x00,0x00,0xFF,0xFF,0xFF,0xFF,0xFF,0xFF,0xFF,0xFF,0xFF,0xFF,0xFF,0xFF,0x00,0x00,0xFF,0xFF,0xFF,0xFF,
	0xFF,0xFF,0xFF,0x00,0x00,0x00,0x00,0x00,0x00,0x00,0x00,0x00,0x00,0xFF,0xFF,0xFF,0xFF,0xFF,0xFF,0xFF,0x00,0xFF,0xFF,0xFF,0xFF,0xFF,0xFF,0xFF,0x00,0xFF,0xFF,0xFF,0xFF,0xFF,0xFF,0xFF,0xFF,0xFF,0xFF,0xFF,0xFF,0xFF,0xFF,0xFF,0xFF,0xFF,0xFF,0x00,0xFF,0xFF,0xFF,0xFF,0xFF,0xFF,0xFF,0x00,0xFF,0xFF,0xFF,0xFF,0xFF,0xFF,0xFF,0xFF,
	0xFF,0xFF,0xFF,0xFF,0x00,0x00,0xFF,0xFF,0xFF,0xFF,0xFF,0xFF,0x00,0x00,0x00,0x00,0x00,0x00,0x00,0x00,0x00,0x00,0xFF,0xFF,0xFF,0xFF,0xFF,0xFF,0xFF,0xFF,0x00,0xFF,0xFF,0xFF,0xFF,0xFF,0xFF,0xFF,0x00,0x00,0xFF,0xFF,0xFF,0xFF,0xFF,0xFF,0xFF,0xFF,0xFF,0xFF,0xFF,0xFF,0xFF,0xFF,0xFF,0xFF,0xFF,0xFF,0xFF,0xFF,0xFF,0xFF,0xFF,0xFF,
	0xFF,0xFF,0xFF,0xFF,0xFF,0xFF,0xFF,0xFF,0xFF,0xFF,0xFF,0xFF,0xFF,0xFF,0x00,0x00,0xFF,0xFF,0xFF,0xFF,0xFF,0xFF,0xFF,0x00,0x00,0x00,0x00,0x00,0x00,0x00,0x00,0x00,0xFF,0xFF,0xFF,0xFF,0xFF,0xFF,0xFF,0xFF,0x00,0xFF,0xFF,0xFF,0xFF,0xFF,0xFF,0xFF,0x00,0x00,0xFF,0xFF,0xFF,0xFF,0xFF,0xFF,0xFF,0xFF,0xFF,0xFF,0xFF,0xFF,0xFF,0xFF,
	0xFF,0xFF,0xFF,0xFF,0x00,0xFF,0xFF,0xFF,0xFF,0xFF,0xFF,0xFF,0xFF,0xFF,0xFF,0xFF,0xFF,0x00,0xFF,0xFF,0xFF,0xFF,0xFF,0xFF,0x00,0x00,0xFF,0xFF,0xFF,0xFF,0xFF,0xFF,0xFF,0xFF,0x00,0x00,0x00,0x00,0x00,0x00,0x00,0x00,0xFF,0xFF,0xFF,0xFF,0xFF,0xFF,0xFF,0xFF,0x00,0xFF,0xFF,0xFF,0xFF,0xFF,0xFF,0xFF,0x00,0x00,0x00,0xFF,0xFF,0xFF,
	0xFF,0xFF,0xFF,0xFF,0xFF,0xFF,0xFF,0xFF,0xFF,0xFF,0xFF,0xFF,0xFF,0xFF,0x00,0xFF,0xFF,0xFF,0xFF,0xFF,0xFF,0xFF,0xFF,0xFF,0xFF,0xFF,0xFF,0x00,0xFF,0xFF,0xFF,0xFF,0xFF,0xFF,0x00,0x00,0xFF,0xFF,0xFF,0xFF,0xFF,0xFF,0xFF,0xFF,0x00,0x00,0x00,0x00,0x00,0x00,0x00,0x00,0xFF,0xFF,0xFF,0xFF,0xFF,0xFF,0xFF,0x00,0x00,0xFF,0xFF,0xFF,
	0xFF,0xFF,0xFF,0xFF,0x00,0x00,0x00,0x00,0xFF,0xFF,0xFF,0xFF,0xFF,0xFF,0xFF,0xFF,0xFF,0xFF,0xFF,0xFF,0xFF,0xFF,0xFF,0xFF,0x00,0xFF,0xFF,0xFF,0xFF,0xFF,0xFF,0xFF,0xFF,0xFF,0xFF,0xFF,0x00,0x00,0xFF,0xFF,0xFF,0xFF,0xFF,0xFF,0x00,0x00,0x00,0xFF,0xFF,0xFF,0xFF,0xFF,0xFF,0xFF,0x00,0x00,0x00,0x00,0x00,0x00,0x00,0x00,0xFF,0xFF,
	0xFF,0xFF,0xFF,0xFF,0xFF,0x00,0x00,0xFF,0xFF,0xFF,0xFF,0xFF,0xFF,0xFF,0x00,0x00,0x00,0x00,0xFF,0xFF,0xFF,0xFF,0xFF,0xFF,0xFF,0xFF,0xFF,0xFF,0xFF,0xFF,0xFF,0xFF,0xFF,0xFF,0x00,0xFF,0xFF,0xFF,0xFF,0xFF,0xFF,0xFF,0xFF,0xFF,0xFF,0xFF,0x00,0x00,0xFF,0xFF,0xFF,0xFF,0xFF,0xFF,0x00,0x00,0x00,0x00,0xFF,0xFF,0xFF,0xFF,0xFF,0xFF,
	0xFF,0xFF,0x00,0x00,0x00,0x00,0xFF,0xFF,0xFF,0xFF,0xFF,0xFF,0xFF,0xFF,0x00,0x00,0x00,0xFF,0xFF,0xFF,0xFF,0xFF,0xFF,0xFF,0x00,0x00,0x00,0x00,0x00,0xFF,0xFF,0xFF,0xFF,0xFF,0xFF,0xFF,0xFF,0xFF,0xFF,0xFF,0xFF,0xFF,0xFF,0xFF,0x00,0x00,0xFF,0xFF,0xFF,0xFF,0xFF,0xFF,0xFF,0xFF,0xFF,0xFF,0x00,0x00,0xFF,0xFF,0xFF,0xFF,0xFF,0xFF,
	0x00,0x00,0x00,0x00,0xFF,0xFF,0xFF,0xFF,0xFF,0xFF,0xFF,0xFF,0xFF,0xFF,0xFF,0xFF,0xFF,0xFF,0xFF,0xFF,0xFF,0xFF,0xFF,0x00,0x00,0x00,0x00,0xFF,0xFF,0xFF,0xFF,0xFF,0xFF,0xFF,0x00,0x00,0x00,0x00,0x00,0xFF,0xFF,0xFF,0xFF,0xFF,0xFF,0xFF,0xFF,0xFF,0xFF,0xFF,0xFF,0xFF,0xFF,0xFF,0x00,0x00,0x00,0xFF,0xFF,0xFF,0xFF,0xFF,0xFF,0xFF,
	0xFF,0xFF,0x00,0x00,0xFF,0xFF,0xFF,0xFF,0xFF,0xFF,0x00,0x00,0x00,0x00,0xFF,0xFF,0xFF,0xFF,0xFF,0xFF,0xFF,0xFF,0xFF,0xFF,0xFF,0xFF,0xFF,0xFF,0xFF,0xFF,0xFF,0xFF,0xFF,0x00,0x00,0x00,0x00,0xFF,0xFF,0xFF,0xFF,0xFF,0xFF,0xFF,0x00,0x00,0x00,0x00,0x00,0x00,0xFF,0xFF,0xFF,0xFF,0xFF,0xFF,0xFF,0xFF,0xFF,0xFF,0xFF,0xFF,0xFF,0xFF,
	0x00,0x00,0x00,0xFF,0xFF,0xFF,0xFF,0xFF,0xFF,0xFF,0xFF,0x00,0x00,0x00,0xFF,0xFF,0xFF,0xFF,0xFF,0xFF,0x00,0x00,0x00,0x00,0x00,0xFF,0xFF,0xFF,0xFF,0xFF,0xFF,0xFF,0xFF,0xFF,0xFF,0xFF,0xFF,0xFF,0xFF,0xFF,0xFF,0xFF,0xFF,0x00,0x00,0x00,0x00,0xFF,0xFF,0xFF,0xFF,0xFF,0xFF,0xFF,0x00,0x00,0x00,0x00,0x00,0x00,0x00,0xFF,0xFF,0xFF,
	0xFF,0xFF,0xFF,0xFF,0xFF,0xFF,0xFF,0xFF,0xFF,0xFF,0x00,0x00,0x00,0xFF,0xFF,0xFF,0xFF,0xFF,0xFF,0xFF,0xFF,0x00,0x00,0x00,0xFF,0xFF,0xFF,0xFF,0xFF,0xFF,0x00,0x00,0x00,0x00,0x00,0x00,0x00,0xFF,0xFF,0xFF,0xFF,0xFF,0xFF,0xFF,0xFF,0xFF,0xFF,0xFF,0xFF,0xFF,0xFF,0x00,0x00,0x00,0x00,0x00,0x00,0xFF,0xFF,0xFF,0xFF,0xFF,0xFF,0xFF,
	0x00,0x00,0x00,0x00,0x00,0x00,0x00,0x00,0xFF,0xFF,0xFF,0xFF,0xFF,0xFF,0xFF,0xFF,0xFF,0xFF,0xFF,0x00,0x00,0x00,0x00,0xFF,0xFF,0xFF,0xFF,0xFF,0xFF,0xFF,0xFF,0x00,0x00,0x00,0xFF,0xFF,0xFF,0xFF,0xFF,0xFF,0x00,0x00,0x00,0x00,0x00,0x00,0x00,0x00,0xFF,0xFF,0xFF,0xFF,0xFF,0xFF,0xFF,0xFF,0xFF,0xFF,0xFF,0xFF,0x00,0x00,0x00,0x00,
	0x00,0x00,0x00,0xFF,0xFF,0xFF,0xFF,0xFF,0xFF,0xFF,0x00,0x00,0x00,0x00,0x00,0x00,0x00,0x00,0x00,0xFF,0xFF,0xFF,0xFF,0xFF,0xFF,0xFF,0xFF,0xFF,0xFF,0x00,0x00,0x00,0x00,0x00,0x00,0xFF,0xFF,0xFF,0xFF,0xFF,0x00,0x00,0x00,0x00,0xFF,0xFF,0xFF,0xFF,0xFF,0xFF,0x00,0x00,0x00,0x00,0x00,0x00,0x00,0x00,0x00,0x00,0x00,0xFF,0xFF,0xFF,
	0xFF,0xFF,0x00,0x00,0x00,0x00,0x00,0x00,0x00,0x00,0x00,0x00,0x00,0x00,0xFF,0xFF,0xFF,0xFF,0xFF,0x00,0x00,0x00,0x00,0x00,0x00,0x00,0x00,0x00,0x00,0xFF,0xFF,0xFF,0xFF,0xFF,
    };
        


const lv_img_dsc_t face_1889_2_390_dial_img_15_118736_0 = {
    .header.magic = LV_IMAGE_HEADER_MAGIC,
    .header.w = 74,
    .header.h = 29,
    .data_size = sizeof(face_1889_2_390_dial_img_15_118736_data_0),
    .header.cf = LV_COLOR_FORMAT_RGB565A8,
    .data = face_1889_2_390_dial_img_15_118736_data_0};

    
// LVGL 9 format (RGB565) // LVGL_9 compatible 
const LV_ATTRIBUTE_MEM_ALIGN uint8_t face_1889_2_390_dial_img_15_118736_data_1[] = {
	//RGB565 data 
	0x00,0x00,0x00,0x00,0x00,0x00,0x00,0x00,0x00,0x00,0x00,0x00,0x00,0x00,0x00,0x00,0x00,0x00,0x00,0x00,0x00,0x00,0x00,0x00,0x00,0x00,0x00,0x00,0x00,0x00,0x00,0x00,0x00,0x00,0x00,0x00,0x00,0x00,0x00,0x00,0x00,0x00,0x00,0x00,0x00,0x00,0x00,0x00,0x00,0x00,0x00,0x00,0x00,0x00,0x00,0x00,0x00,0x00,0x00,0x00,0x00,0x00,0x00,0x00,
	0x00,0x00,0x00,0x00,0x00,0x00,0x00,0x00,0x00,0x00,0x00,0x00,0x00,0x00,0x41,0x08,0x41,0x08,0x41,0x08,0x00,0x00,0x00,0x00,0x00,0x00,0x00,0x00,0x00,0x00,0x00,0x00,0x00,0x00,0x00,0x00,0x00,0x00,0x00,0x00,0x00,0x00,0x00,0x00,0x00,0x00,0x00,0x00,0x00,0x00,0x00,0x00,0x00,0x00,0x00,0x00,0x00,0x00,0x00,0x00,0x00,0x00,0x00,0x00,
	0x00,0x00,0x00,0x00,0x00,0x00,0x00,0x00,0x00,0x00,0x00,0x00,0x00,0x00,0x41,0x08,0x41,0x08,0x00,0x00,0x00,0x00,0x41,0x08,0x41,0x08,0x41,0x08,0x41,0x08,0xA3,0x18,0xA3,0x18,0xA3,0x18,0xA3,0x18,0xA3,0x18,0x41,0x08,0x41,0x08,0x41,0x08,0x41,0x08,0x41,0x08,0x41,0x08,0xA3,0x18,0x41,0x08,0x00,0x00,0x00,0x00,0x00,0x00,0x41,0x08,
	0x41,0x08,0x41,0x08,0x41,0x08,0x00,0x00,0x00,0x00,0x00,0x00,0x00,0x00,0x00,0x00,0x00,0x00,0x00,0x00,0x00,0x00,0x00,0x00,0x00,0x00,0x00,0x00,0x41,0x08,0x41,0x08,0x41,0x08,0x41,0x08,0x00,0x00,0x00,0x00,0x00,0x00,0x00,0x00,0x41,0x08,0x41,0x08,0xA3,0x18,0xA3,0x18,0xA3,0x18,0xA3,0x18,0xA3,0x18,0xA3,0x18,0xA3,0x18,0xA3,0x18,
	0x41,0x08,0x41,0x08,0x41,0x08,0x41,0x08,0xA3,0x18,0x41,0x08,0x00,0x00,0x00,0x00,0x00,0x00,0x00,0x00,0x00,0x00,0x00,0x00,0x00,0x00,0x00,0x00,0x00,0x00,0x00,0x00,0x00,0x00,0x00,0x00,0x00,0x00,0x00,0x00,0x41,0x08,0x45,0x29,0x08,0x42,0xAA,0x52,0x08,0x42,0x08,0x42,0x08,0x42,0x08,0x42,0x08,0x42,0x08,0x42,0x08,0x42,0x08,0x42,
	0x08,0x42,0x08,0x42,0x08,0x42,0x08,0x42,0xAA,0x52,0x45,0x29,0xA3,0x18,0x00,0x00,0x41,0x08,0x45,0x29,0x08,0x42,0x08,0x42,0x45,0x29,0xA3,0x18,0x00,0x00,0x00,0x00,0x00,0x00,0x00,0x00,0x00,0x00,0x00,0x00,0x00,0x00,0x00,0x00,0x00,0x00,0xA3,0x18,0x45,0x29,0x08,0x42,0xAA,0x52,0x08,0x42,0x45,0x29,0x41,0x08,0x00,0x00,0x41,0x08,
	0xA3,0x18,0x08,0x42,0xAA,0x52,0x08,0x42,0x08,0x42,0x08,0x42,0x08,0x42,0x08,0x42,0x08,0x42,0x08,0x42,0x08,0x42,0x08,0x42,0x08,0x42,0x08,0x42,0xAA,0x52,0x45,0x29,0x00,0x00,0x00,0x00,0x00,0x00,0x00,0x00,0x00,0x00,0x00,0x00,0x00,0x00,0x00,0x00,0x00,0x00,0x00,0x00,0x00,0x00,0x00,0x00,0x00,0x00,0x00,0x00,0x45,0x29,0x8E,0x73,
	0x39,0xCE,0x39,0xCE,0x39,0xCE,0x39,0xCE,0x39,0xCE,0x39,0xCE,0x39,0xCE,0x39,0xCE,0x39,0xCE,0x39,0xCE,0x39,0xCE,0x39,0xCE,0x39,0xCE,0x39,0xCE,0x39,0xCE,0x14,0xA5,0x45,0x29,0x00,0x00,0xA3,0x18,0x51,0x8C,0x39,0xCE,0x39,0xCE,0x51,0x8C,0x08,0x42,0x00,0x00,0x00,0x00,0x00,0x00,0x00,0x00,0x00,0x00,0x00,0x00,0x00,0x00,0x00,0x00,
	0x00,0x00,0x08,0x42,0x8E,0x73,0x39,0xCE,0x39,0xCE,0x39,0xCE,0xAA,0x52,0xA3,0x18,0x00,0x00,0x41,0x08,0x08,0x42,0x14,0xA5,0x39,0xCE,0x39,0xCE,0x39,0xCE,0x39,0xCE,0x39,0xCE,0x39,0xCE,0x39,0xCE,0x39,0xCE,0x39,0xCE,0x39,0xCE,0x39,0xCE,0x39,0xCE,0x39,0xCE,0x8E,0x73,0x00,0x00,0x00,0x00,0x00,0x00,0x00,0x00,0x00,0x00,0x00,0x00,
	0x00,0x00,0x00,0x00,0x00,0x00,0x00,0x00,0x00,0x00,0x00,0x00,0x00,0x00,0x00,0x00,0x08,0x42,0x14,0xA5,0xFF,0xFF,0xFF,0xFF,0xFF,0xFF,0xFF,0xFF,0xFF,0xFF,0xFF,0xFF,0xFF,0xFF,0xFF,0xFF,0xFF,0xFF,0xFF,0xFF,0xFF,0xFF,0xFF,0xFF,0xFF,0xFF,0xFF,0xFF,0xFF,0xFF,0x39,0xCE,0x08,0x42,0x00,0x00,0x45,0x29,0x39,0xCE,0xFF,0xFF,0xFF,0xFF,
	0x14,0xA5,0xAA,0x52,0x00,0x00,0x00,0x00,0x00,0x00,0x00,0x00,0x00,0x00,0x00,0x00,0x00,0x00,0x00,0x00,0x00,0x00,0x08,0x42,0x14,0xA5,0xFF,0xFF,0xFF,0xFF,0xFF,0xFF,0x51,0x8C,0x45,0x29,0x00,0x00,0xA3,0x18,0xAA,0x52,0x3C,0xE7,0xFF,0xFF,0xFF,0xFF,0xFF,0xFF,0xFF,0xFF,0xFF,0xFF,0xFF,0xFF,0xFF,0xFF,0xFF,0xFF,0xFF,0xFF,0xFF,0xFF,
	0xFF,0xFF,0xFF,0xFF,0xFF,0xFF,0x51,0x8C,0x00,0x00,0x00,0x00,0x00,0x00,0x00,0x00,0x00,0x00,0x00,0x00,0x00,0x00,0x00,0x00,0x00,0x00,0x00,0x00,0x00,0x00,0x00,0x00,0x00,0x00,0x00,0x00,0x45,0x29,0x51,0x8C,0xFF,0xFF,0xFF,0xFF,0xFF,0xFF,0xFF,0xFF,0xFF,0xFF,0xFF,0xFF,0xFF,0xFF,0xFF,0xFF,0xFF,0xFF,0xFF,0xFF,0xFF,0xFF,0xFF,0xFF,
	0xFF,0xFF,0xFF,0xFF,0xFF,0xFF,0x39,0xCE,0x08,0x42,0x00,0x00,0xA3,0x18,0x14,0xA5,0xBE,0xF7,0xFF,0xFF,0x14,0xA5,0xAA,0x52,0x00,0x00,0x00,0x00,0x00,0x00,0x00,0x00,0x00,0x00,0x00,0x00,0x00,0x00,0x00,0x00,0x00,0x00,0x08,0x42,0x14,0xA5,0xBE,0xF7,0xFF,0xFF,0xFF,0xFF,0x8E,0x73,0xA3,0x18,0x00,0x00,0xA3,0x18,0xAA,0x52,0x3C,0xE7,
	0xFF,0xFF,0xFF,0xFF,0xFF,0xFF,0xFF,0xFF,0xFF,0xFF,0xFF,0xFF,0xFF,0xFF,0xFF,0xFF,0xFF,0xFF,0xFF,0xFF,0xFF,0xFF,0xFF,0xFF,0xFF,0xFF,0x51,0x8C,0x00,0x00,0x00,0x00,0x00,0x00,0x00,0x00,0x00,0x00,0x00,0x00,0x00,0x00,0x00,0x00,0x00,0x00,0x00,0x00,0x00,0x00,0x00,0x00,0x00,0x00,0x00,0x00,0xA3,0x18,0x08,0x42,0x8E,0x73,0x8E,0x73,
	0x8E,0x73,0x8E,0x73,0x51,0x8C,0x14,0xA5,0xBE,0xF7,0xFF,0xFF,0xFF,0xFF,0x39,0xCE,0x51,0x8C,0x8E,0x73,0x8E,0x73,0x8E,0x73,0x8E,0x73,0xAA,0x52,0xA3,0x18,0x00,0x00,0x45,0x29,0x14,0xA5,0xBE,0xF7,0xBE,0xF7,0x14,0xA5,0xAA,0x52,0x00,0x00,0x00,0x00,0x00,0x00,0x00,0x00,0x00,0x00,0x00,0x00,0x00,0x00,0x00,0x00,0x00,0x00,0x08,0x42,
	0x14,0xA5,0xBE,0xF7,0xFF,0xFF,0xBE,0xF7,0x8E,0x73,0xA3,0x18,0x00,0x00,0xA3,0x18,0xAA,0x52,0x3C,0xE7,0xFF,0xFF,0xFF,0xFF,0x39,0xCE,0x51,0x8C,0x8E,0x73,0x8E,0x73,0x8E,0x73,0x8E,0x73,0x8E,0x73,0x8E,0x73,0x8E,0x73,0x8E,0x73,0x8E,0x73,0x08,0x42,0x00,0x00,0x00,0x00,0x00,0x00,0x00,0x00,0x00,0x00,0x00,0x00,0x00,0x00,0x00,0x00,
	0x00,0x00,0x00,0x00,0x00,0x00,0x00,0x00,0x00,0x00,0x00,0x00,0x00,0x00,0x00,0x00,0x00,0x00,0x00,0x00,0x00,0x00,0x00,0x00,0x41,0x08,0xAA,0x52,0x3C,0xE7,0xFF,0xFF,0xFF,0xFF,0x8E,0x73,0xA3,0x18,0x00,0x00,0x00,0x00,0x00,0x00,0x00,0x00,0x00,0x00,0x00,0x00,0x00,0x00,0x45,0x29,0x14,0xA5,0xBE,0xF7,0xBE,0xF7,0x14,0xA5,0xAA,0x52,
	0x00,0x00,0x00,0x00,0x00,0x00,0x00,0x00,0x00,0x00,0x00,0x00,0x00,0x00,0x00,0x00,0x00,0x00,0x08,0x42,0x14,0xA5,0xBE,0xF7,0xFF,0xFF,0xBE,0xF7,0x8E,0x73,0xA3,0x18,0x00,0x00,0xA3,0x18,0xAA,0x52,0x3C,0xE7,0xFF,0xFF,0xFF,0xFF,0x8E,0x73,0xA3,0x18,0x00,0x00,0x00,0x00,0x00,0x00,0x00,0x00,0x00,0x00,0x00,0x00,0x00,0x00,0x00,0x00,
	0x00,0x00,0x00,0x00,0x00,0x00,0x00,0x00,0x00,0x00,0x00,0x00,0x00,0x00,0x00,0x00,0x00,0x00,0x00,0x00,0x00,0x00,0x00,0x00,0x00,0x00,0x00,0x00,0x00,0x00,0x00,0x00,0x00,0x00,0x00,0x00,0x00,0x00,0x00,0x00,0x00,0x00,0x00,0x00,0xA3,0x18,0xAA,0x52,0x3C,0xE7,0xFF,0xFF,0xFF,0xFF,0x51,0x8C,0xA3,0x18,0x00,0x00,0x00,0x00,0x00,0x00,
	0x00,0x00,0x00,0x00,0x00,0x00,0x00,0x00,0x45,0x29,0x14,0xA5,0xBE,0xF7,0xBE,0xF7,0x14,0xA5,0xAA,0x52,0x00,0x00,0x00,0x00,0x00,0x00,0x00,0x00,0x00,0x00,0x00,0x00,0x00,0x00,0x00,0x00,0x00,0x00,0x08,0x42,0x14,0xA5,0xBE,0xF7,0xFF,0xFF,0xBE,0xF7,0x8E,0x73,0xA3,0x18,0x00,0x00,0xA3,0x18,0xAA,0x52,0x3C,0xE7,0xFF,0xFF,0xFF,0xFF,
	0x51,0x8C,0xA3,0x18,0x00,0x00,0x00,0x00,0x00,0x00,0x00,0x00,0x00,0x00,0x00,0x00,0x00,0x00,0x00,0x00,0x00,0x00,0x00,0x00,0x00,0x00,0x00,0x00,0x00,0x00,0x00,0x00,0x00,0x00,0x00,0x00,0x00,0x00,0x00,0x00,0x00,0x00,0x00,0x00,0x00,0x00,0x00,0x00,0x00,0x00,0x00,0x00,0x00,0x00,0x00,0x00,0x00,0x00,0x00,0x00,0x00,0x00,0x00,0x00,
	0xA3,0x18,0xAA,0x52,0x3C,0xE7,0xFF,0xFF,0xFF,0xFF,0x51,0x8C,0x45,0x29,0x00,0x00,0x00,0x00,0x00,0x00,0x00,0x00,0x00,0x00,0x00,0x00,0x00,0x00,0x45,0x29,0x14,0xA5,0xBE,0xF7,0xBE,0xF7,0x14,0xA5,0xAA,0x52,0x00,0x00,0x00,0x00,0x00,0x00,0x00,0x00,0x00,0x00,0x00,0x00,0x00,0x00,0x00,0x00,0x00,0x00,0x08,0x42,0x14,0xA5,0xBE,0xF7,
	0xFF,0xFF,0xBE,0xF7,0x8E,0x73,0xA3,0x18,0x00,0x00,0xA3,0x18,0xAA,0x52,0x3C,0xE7,0xFF,0xFF,0xFF,0xFF,0x51,0x8C,0x45,0x29,0x00,0x00,0x00,0x00,0x00,0x00,0x00,0x00,0x00,0x00,0x00,0x00,0x00,0x00,0x00,0x00,0x00,0x00,0x00,0x00,0x00,0x00,0x00,0x00,0x00,0x00,0x00,0x00,0x00,0x00,0x00,0x00,0x00,0x00,0x00,0x00,0x00,0x00,0x00,0x00,
	0x00,0x00,0x00,0x00,0x00,0x00,0x00,0x00,0x00,0x00,0x00,0x00,0x00,0x00,0x00,0x00,0x00,0x00,0x00,0x00,0xA3,0x18,0xAA,0x52,0x3C,0xE7,0xFF,0xFF,0xFF,0xFF,0x51,0x8C,0x45,0x29,0x00,0x00,0x00,0x00,0x00,0x00,0x00,0x00,0x00,0x00,0x00,0x00,0x00,0x00,0x45,0x29,0x14,0xA5,0xBE,0xF7,0xBE,0xF7,0x14,0xA5,0xAA,0x52,0x00,0x00,0x00,0x00,
	0x00,0x00,0x00,0x00,0x00,0x00,0x00,0x00,0x00,0x00,0x00,0x00,0x00,0x00,0x08,0x42,0x14,0xA5,0xBE,0xF7,0xFF,0xFF,0xBE,0xF7,0x8E,0x73,0xA3,0x18,0x00,0x00,0xA3,0x18,0xAA,0x52,0x3C,0xE7,0xFF,0xFF,0xFF,0xFF,0x51,0x8C,0x45,0x29,0x00,0x00,0x00,0x00,0x00,0x00,0x00,0x00,0x00,0x00,0x00,0x00,0x00,0x00,0x00,0x00,0x00,0x00,0x00,0x00,
	0x00,0x00,0x00,0x00,0x00,0x00,0x00,0x00,0x00,0x00,0x00,0x00,0x00,0x00,0x00,0x00,0x00,0x00,0x00,0x00,0x00,0x00,0x00,0x00,0x00,0x00,0x00,0x00,0x00,0x00,0x00,0x00,0x00,0x00,0x00,0x00,0x00,0x00,0x00,0x00,0xA3,0x18,0xAA,0x52,0x3C,0xE7,0xFF,0xFF,0xFF,0xFF,0x51,0x8C,0x45,0x29,0x00,0x00,0x00,0x00,0x00,0x00,0x00,0x00,0x00,0x00,
	0x00,0x00,0x00,0x00,0x45,0x29,0x14,0xA5,0xBE,0xF7,0xBE,0xF7,0x14,0xA5,0xAA,0x52,0x00,0x00,0x00,0x00,0x00,0x00,0x00,0x00,0x00,0x00,0x00,0x00,0x00,0x00,0x00,0x00,0x00,0x00,0x08,0x42,0x14,0xA5,0xBE,0xF7,0xFF,0xFF,0xBE,0xF7,0x8E,0x73,0xA3,0x18,0x00,0x00,0xA3,0x18,0xAA,0x52,0x3C,0xE7,0xFF,0xFF,0xFF,0xFF,0x8E,0x73,0xA3,0x18,
	0x00,0x00,0x00,0x00,0x00,0x00,0x00,0x00,0x00,0x00,0x00,0x00,0x00,0x00,0x00,0x00,0x00,0x00,0x00,0x00,0x00,0x00,0x00,0x00,0x00,0x00,0x00,0x00,0x00,0x00,0x00,0x00,0x00,0x00,0x00,0x00,0x00,0x00,0x00,0x00,0x00,0x00,0x00,0x00,0x00,0x00,0x00,0x00,0x00,0x00,0x00,0x00,0x00,0x00,0x00,0x00,0x00,0x00,0x00,0x00,0xA3,0x18,0xAA,0x52,
	0x3C,0xE7,0xFF,0xFF,0xFF,0xFF,0x51,0x8C,0x45,0x29,0x00,0x00,0x00,0x00,0x00,0x00,0x00,0x00,0x00,0x00,0x00,0x00,0x00,0x00,0x45,0x29,0x14,0xA5,0xBE,0xF7,0xBE,0xF7,0x14,0xA5,0xAA,0x52,0x00,0x00,0x00,0x00,0x00,0x00,0x00,0x00,0x00,0x00,0x00,0x00,0x00,0x00,0x00,0x00,0x00,0x00,0x08,0x42,0x14,0xA5,0xBE,0xF7,0xFF,0xFF,0xBE,0xF7,
	0x8E,0x73,0xA3,0x18,0x00,0x00,0xA3,0x18,0xAA,0x52,0x3C,0xE7,0xFF,0xFF,0xFF,0xFF,0x14,0xA5,0xAA,0x52,0x08,0x42,0x45,0x29,0x45,0x29,0x45,0x29,0x45,0x29,0x45,0x29,0x45,0x29,0x45,0x29,0xA3,0x18,0x41,0x08,0x00,0x00,0x00,0x00,0x00,0x00,0x00,0x00,0x00,0x00,0x00,0x00,0x00,0x00,0x00,0x00,0x00,0x00,0x00,0x00,0x00,0x00,0x00,0x00,
	0x00,0x00,0x00,0x00,0x00,0x00,0x00,0x00,0x00,0x00,0x00,0x00,0x00,0x00,0x00,0x00,0xA3,0x18,0xAA,0x52,0x3C,0xE7,0xFF,0xFF,0xFF,0xFF,0x51,0x8C,0x45,0x29,0x00,0x00,0x00,0x00,0x00,0x00,0x00,0x00,0x00,0x00,0x00,0x00,0x00,0x00,0x45,0x29,0x14,0xA5,0xBE,0xF7,0xBE,0xF7,0x14,0xA5,0xAA,0x52,0x00,0x00,0x00,0x00,0x00,0x00,0x00,0x00,
	0x00,0x00,0x00,0x00,0x00,0x00,0x00,0x00,0x00,0x00,0x08,0x42,0x14,0xA5,0xBE,0xF7,0xFF,0xFF,0xBE,0xF7,0x8E,0x73,0xA3,0x18,0x00,0x00,0xA3,0x18,0xAA,0x52,0x3C,0xE7,0xFF,0xFF,0xFF,0xFF,0xBE,0xF7,0xBE,0xF7,0x3C,0xE7,0x3C,0xE7,0x3C,0xE7,0x3C,0xE7,0x3C,0xE7,0x3C,0xE7,0x3C,0xE7,0x3C,0xE7,0x51,0x8C,0x08,0x42,0x00,0x00,0x00,0x00,
	0x00,0x00,0x00,0x00,0x00,0x00,0x00,0x00,0x00,0x00,0x00,0x00,0x00,0x00,0x00,0x00,0x00,0x00,0x00,0x00,0x00,0x00,0x00,0x00,0x00,0x00,0x00,0x00,0x00,0x00,0x00,0x00,0x00,0x00,0x00,0x00,0xA3,0x18,0xAA,0x52,0x3C,0xE7,0xFF,0xFF,0xFF,0xFF,0x51,0x8C,0x45,0x29,0x00,0x00,0x00,0x00,0x00,0x00,0x00,0x00,0x00,0x00,0x00,0x00,0x00,0x00,
	0x45,0x29,0x14,0xA5,0xBE,0xF7,0xBE,0xF7,0x14,0xA5,0xAA,0x52,0x00,0x00,0x00,0x00,0x00,0x00,0x00,0x00,0x00,0x00,0x00,0x00,0x00,0x00,0x00,0x00,0x00,0x00,0x08,0x42,0x14,0xA5,0xBE,0xF7,0xFF,0xFF,0xBE,0xF7,0x8E,0x73,0xA3,0x18,0x00,0x00,0xA3,0x18,0xAA,0x52,0x3C,0xE7,0xFF,0xFF,0xFF,0xFF,0xFF,0xFF,0xFF,0xFF,0xFF,0xFF,0xFF,0xFF,
	0xFF,0xFF,0xFF,0xFF,0xFF,0xFF,0xFF,0xFF,0xFF,0xFF,0xFF,0xFF,0x14,0xA5,0x08,0x42,0x00,0x00,0x00,0x00,0x00,0x00,0x00,0x00,0x00,0x00,0x00,0x00,0x00,0x00,0x00,0x00,0x00,0x00,0x00,0x00,0x00,0x00,0x00,0x00,0x00,0x00,0x00,0x00,0x00,0x00,0x00,0x00,0x00,0x00,0x00,0x00,0x00,0x00,0x00,0x00,0xA3,0x18,0xAA,0x52,0x3C,0xE7,0xFF,0xFF,
	0xFF,0xFF,0x51,0x8C,0x45,0x29,0x00,0x00,0x00,0x00,0x00,0x00,0x00,0x00,0x00,0x00,0x00,0x00,0x00,0x00,0x45,0x29,0x14,0xA5,0xBE,0xF7,0xBE,0xF7,0x14,0xA5,0xAA,0x52,0x00,0x00,0x00,0x00,0x00,0x00,0x00,0x00,0x00,0x00,0x00,0x00,0x00,0x00,0x00,0x00,0x00,0x00,0x08,0x42,0x14,0xA5,0xBE,0xF7,0xFF,0xFF,0xBE,0xF7,0x8E,0x73,0xA3,0x18,
	0x00,0x00,0xA3,0x18,0xAA,0x52,0x3C,0xE7,0xFF,0xFF,0xFF,0xFF,0xBE,0xF7,0xBE,0xF7,0xBE,0xF7,0xBE,0xF7,0xBE,0xF7,0xBE,0xF7,0xBE,0xF7,0xBE,0xF7,0xBE,0xF7,0x3C,0xE7,0x51,0x8C,0x08,0x42,0x00,0x00,0x00,0x00,0x00,0x00,0x00,0x00,0x00,0x00,0x00,0x00,0x00,0x00,0x00,0x00,0x00,0x00,0x00,0x00,0x00,0x00,0x00,0x00,0x00,0x00,0x00,0x00,
	0x00,0x00,0x00,0x00,0x00,0x00,0x00,0x00,0x00,0x00,0x00,0x00,0xA3,0x18,0xAA,0x52,0x3C,0xE7,0xFF,0xFF,0xFF,0xFF,0x51,0x8C,0x45,0x29,0x00,0x00,0x00,0x00,0x00,0x00,0x00,0x00,0x00,0x00,0x00,0x00,0x00,0x00,0x45,0x29,0x14,0xA5,0xBE,0xF7,0xBE,0xF7,0x14,0xA5,0xAA,0x52,0x00,0x00,0x00,0x00,0x00,0x00,0x00,0x00,0x00,0x00,0x00,0x00,
	0x00,0x00,0x00,0x00,0x00,0x00,0x08,0x42,0x14,0xA5,0xBE,0xF7,0xFF,0xFF,0xBE,0xF7,0x8E,0x73,0xA3,0x18,0x00,0x00,0xA3,0x18,0xAA,0x52,0x3C,0xE7,0xFF,0xFF,0xFF,0xFF,0x39,0xCE,0x51,0x8C,0x8E,0x73,0x8E,0x73,0x8E,0x73,0x8E,0x73,0x8E,0x73,0x8E,0x73,0x8E,0x73,0x8E,0x73,0x08,0x42,0xA3,0x18,0x00,0x00,0x00,0x00,0x00,0x00,0x00,0x00,
	0x00,0x00,0x00,0x00,0x00,0x00,0x00,0x00,0x00,0x00,0x00,0x00,0x00,0x00,0x00,0x00,0x00,0x00,0x00,0x00,0x00,0x00,0x00,0x00,0x00,0x00,0x00,0x00,0x00,0x00,0x00,0x00,0xA3,0x18,0xAA,0x52,0x3C,0xE7,0xFF,0xFF,0xFF,0xFF,0x51,0x8C,0x45,0x29,0x00,0x00,0x00,0x00,0x00,0x00,0x00,0x00,0x00,0x00,0x00,0x00,0x00,0x00,0x45,0x29,0x14,0xA5,
	0xBE,0xF7,0xBE,0xF7,0x14,0xA5,0xAA,0x52,0x00,0x00,0x00,0x00,0x00,0x00,0x00,0x00,0x00,0x00,0x00,0x00,0x00,0x00,0x00,0x00,0x00,0x00,0x08,0x42,0x14,0xA5,0xBE,0xF7,0xFF,0xFF,0xBE,0xF7,0x51,0x8C,0xA3,0x18,0x00,0x00,0xA3,0x18,0xAA,0x52,0x3C,0xE7,0xFF,0xFF,0xFF,0xFF,0x51,0x8C,0x08,0x42,0xA3,0x18,0xA3,0x18,0xA3,0x18,0xA3,0x18,
	0xA3,0x18,0xA3,0x18,0xA3,0x18,0xA3,0x18,0xA3,0x18,0x41,0x08,0x00,0x00,0x00,0x00,0x00,0x00,0x00,0x00,0x00,0x00,0x00,0x00,0x00,0x00,0x00,0x00,0x00,0x00,0x00,0x00,0x00,0x00,0x00,0x00,0x00,0x00,0x00,0x00,0x00,0x00,0x00,0x00,0x00,0x00,0x00,0x00,0x00,0x00,0x00,0x00,0xA3,0x18,0xAA,0x52,0x3C,0xE7,0xFF,0xFF,0xFF,0xFF,0x51,0x8C,
	0x45,0x29,0x00,0x00,0x00,0x00,0x00,0x00,0x00,0x00,0x00,0x00,0x00,0x00,0x00,0x00,0x45,0x29,0x14,0xA5,0xBE,0xF7,0xBE,0xF7,0x14,0xA5,0xAA,0x52,0x00,0x00,0x00,0x00,0x00,0x00,0x00,0x00,0x00,0x00,0x00,0x00,0x00,0x00,0x00,0x00,0x00,0x00,0x08,0x42,0x14,0xA5,0xBE,0xF7,0xFF,0xFF,0xBE,0xF7,0x8E,0x73,0xA3,0x18,0x00,0x00,0xA3,0x18,
	0xAA,0x52,0x3C,0xE7,0xFF,0xFF,0xFF,0xFF,0x51,0x8C,0x45,0x29,0x00,0x00,0x00,0x00,0x00,0x00,0x00,0x00,0x00,0x00,0x00,0x00,0x00,0x00,0x00,0x00,0x00,0x00,0x00,0x00,0x00,0x00,0x00,0x00,0x00,0x00,0x00,0x00,0x00,0x00,0x00,0x00,0x00,0x00,0x00,0x00,0x00,0x00,0x00,0x00,0x00,0x00,0x00,0x00,0x00,0x00,0x00,0x00,0x00,0x00,0x00,0x00,
	0x00,0x00,0x00,0x00,0x00,0x00,0x00,0x00,0xA3,0x18,0xAA,0x52,0x3C,0xE7,0xFF,0xFF,0xFF,0xFF,0x51,0x8C,0x45,0x29,0x00,0x00,0x00,0x00,0x00,0x00,0x00,0x00,0x00,0x00,0x00,0x00,0x00,0x00,0x45,0x29,0x14,0xA5,0xBE,0xF7,0xFF,0xFF,0x39,0xCE,0x8E,0x73,0x00,0x00,0x00,0x00,0x00,0x00,0x00,0x00,0x00,0x00,0x00,0x00,0x00,0x00,0x00,0x00,
	0x00,0x00,0x08,0x42,0x51,0x8C,0xBE,0xF7,0xFF,0xFF,0xFF,0xFF,0xAA,0x52,0x41,0x08,0x00,0x00,0xA3,0x18,0xAA,0x52,0x3C,0xE7,0xFF,0xFF,0xFF,0xFF,0x51,0x8C,0x45,0x29,0x00,0x00,0x00,0x00,0x00,0x00,0x00,0x00,0x00,0x00,0x00,0x00,0x00,0x00,0x00,0x00,0x00,0x00,0x00,0x00,0x00,0x00,0x00,0x00,0x00,0x00,0x00,0x00,0x00,0x00,0x00,0x00,
	0x00,0x00,0x00,0x00,0x00,0x00,0x00,0x00,0x00,0x00,0x00,0x00,0x00,0x00,0x00,0x00,0x00,0x00,0x00,0x00,0x00,0x00,0x00,0x00,0x00,0x00,0x00,0x00,0xA3,0x18,0xAA,0x52,0x3C,0xE7,0xFF,0xFF,0xFF,0xFF,0x51,0x8C,0x45,0x29,0x00,0x00,0x00,0x00,0x00,0x00,0x00,0x00,0x00,0x00,0x00,0x00,0x00,0x00,0x45,0x29,0x14,0xA5,0x3C,0xE7,0xFF,0xFF,
	0x3C,0xE7,0x51,0x8C,0x00,0x00,0x00,0x00,0x00,0x00,0x00,0x00,0x00,0x00,0x00,0x00,0x00,0x00,0x00,0x00,0x00,0x00,0xAA,0x52,0x14,0xA5,0xBE,0xF7,0xFF,0xFF,0xBE,0xF7,0x08,0x42,0x00,0x00,0x00,0x00,0xA3,0x18,0xAA,0x52,0x3C,0xE7,0xFF,0xFF,0xFF,0xFF,0x51,0x8C,0x45,0x29,0x00,0x00,0x00,0x00,0x00,0x00,0x00,0x00,0x00,0x00,0x00,0x00,
	0x00,0x00,0x00,0x00,0x00,0x00,0x00,0x00,0x00,0x00,0x00,0x00,0x00,0x00,0x00,0x00,0x00,0x00,0x00,0x00,0x00,0x00,0x00,0x00,0x00,0x00,0x00,0x00,0x00,0x00,0x00,0x00,0x00,0x00,0x00,0x00,0x00,0x00,0x00,0x00,0x00,0x00,0x00,0x00,0x00,0x00,0x00,0x00,0xA3,0x18,0xAA,0x52,0x3C,0xE7,0xFF,0xFF,0xFF,0xFF,0x51,0x8C,0x45,0x29,0x00,0x00,
	0x00,0x00,0x00,0x00,0x00,0x00,0x00,0x00,0x00,0x00,0x00,0x00,0xA3,0x18,0x8E,0x73,0x39,0xCE,0xFF,0xFF,0xFF,0xFF,0x14,0xA5,0x41,0x08,0x00,0x00,0x00,0x00,0x00,0x00,0x00,0x00,0x00,0x00,0x00,0x00,0x00,0x00,0x00,0x00,0x8E,0x73,0xBE,0xF7,0xFF,0xFF,0xFF,0xFF,0x3C,0xE7,0x08,0x42,0x00,0x00,0x00,0x00,0xA3,0x18,0xAA,0x52,0x3C,0xE7,
	0xFF,0xFF,0xFF,0xFF,0x51,0x8C,0x45,0x29,0x00,0x00,0x00,0x00,0x00,0x00,0x00,0x00,0x00,0x00,0x00,0x00,0x00,0x00,0x00,0x00,0x00,0x00,0x00,0x00,0x00,0x00,0x00,0x00,0x00,0x00,0x00,0x00,0x00,0x00,0x00,0x00,0x00,0x00,0x00,0x00,0x00,0x00,0x00,0x00,0x00,0x00,0x00,0x00,0x00,0x00,0x00,0x00,0x00,0x00,0x00,0x00,0x00,0x00,0x00,0x00,
	0x00,0x00,0x00,0x00,0xA3,0x18,0xAA,0x52,0x3C,0xE7,0xFF,0xFF,0xFF,0xFF,0x51,0x8C,0x45,0x29,0x00,0x00,0x00,0x00,0x00,0x00,0x00,0x00,0x00,0x00,0x00,0x00,0x00,0x00,0x41,0x08,0xAA,0x52,0x14,0xA5,0xFF,0xFF,0xFF,0xFF,0x39,0xCE,0x8E,0x73,0x45,0x29,0x00,0x00,0x00,0x00,0x00,0x00,0x00,0x00,0x00,0x00,0x41,0x08,0x08,0x42,0x14,0xA5,
	0xFF,0xFF,0xFF,0xFF,0x3C,0xE7,0x14,0xA5,0x45,0x29,0x00,0x00,0x00,0x00,0xA3,0x18,0xAA,0x52,0x3C,0xE7,0xFF,0xFF,0xFF,0xFF,0x8E,0x73,0xA3,0x18,0x00,0x00,0x00,0x00,0x00,0x00,0x00,0x00,0x00,0x00,0x00,0x00,0x00,0x00,0x00,0x00,0x00,0x00,0x00,0x00,0x00,0x00,0x00,0x00,0x00,0x00,0x00,0x00,0x00,0x00,0x00,0x00,0x00,0x00,0x00,0x00,
	0x00,0x00,0x00,0x00,0x00,0x00,0x00,0x00,0x00,0x00,0x00,0x00,0x00,0x00,0x00,0x00,0x00,0x00,0x00,0x00,0x00,0x00,0x00,0x00,0xA3,0x18,0xAA,0x52,0x3C,0xE7,0xFF,0xFF,0xFF,0xFF,0x51,0x8C,0x45,0x29,0x00,0x00,0x00,0x00,0x00,0x00,0x00,0x00,0x00,0x00,0x00,0x00,0x00,0x00,0x00,0x00,0xA3,0x18,0x51,0x8C,0xFF,0xFF,0xFF,0xFF,0xFF,0xFF,
	0x3C,0xE7,0x8E,0x73,0xA3,0x18,0x41,0x08,0x41,0x08,0x41,0x08,0x41,0x08,0x08,0x42,0x14,0xA5,0x3C,0xE7,0xFF,0xFF,0xFF,0xFF,0x39,0xCE,0xAA,0x52,0xA3,0x18,0x00,0x00,0x00,0x00,0xA3,0x18,0xAA,0x52,0x3C,0xE7,0xFF,0xFF,0xFF,0xFF,0x51,0x8C,0x45,0x29,0xA3,0x18,0x41,0x08,0x41,0x08,0x41,0x08,0x41,0x08,0x41,0x08,0x41,0x08,0x41,0x08,
	0x41,0x08,0x41,0x08,0x00,0x00,0x00,0x00,0x00,0x00,0x00,0x00,0x00,0x00,0x00,0x00,0x00,0x00,0x00,0x00,0x00,0x00,0x00,0x00,0x00,0x00,0x00,0x00,0x00,0x00,0x00,0x00,0x00,0x00,0x00,0x00,0x00,0x00,0x00,0x00,0x00,0x00,0x00,0x00,0xA3,0x18,0xAA,0x52,0x3C,0xE7,0xFF,0xFF,0xFF,0xFF,0x51,0x8C,0x45,0x29,0x00,0x00,0x00,0x00,0x00,0x00,
	0x00,0x00,0x00,0x00,0x00,0x00,0x00,0x00,0x00,0x00,0x41,0x08,0xAA,0x52,0x39,0xCE,0xFF,0xFF,0xFF,0xFF,0xFF,0xFF,0x3C,0xE7,0x39,0xCE,0x14,0xA5,0x51,0x8C,0x51,0x8C,0x14,0xA5,0x39,0xCE,0x3C,0xE7,0xFF,0xFF,0xFF,0xFF,0xFF,0xFF,0x51,0x8C,0xA3,0x18,0x41,0x08,0x00,0x00,0x00,0x00,0xA3,0x18,0xAA,0x52,0x3C,0xE7,0xFF,0xFF,0xFF,0xFF,
	0x3C,0xE7,0x39,0xCE,0x39,0xCE,0x39,0xCE,0x39,0xCE,0x39,0xCE,0x39,0xCE,0x39,0xCE,0x39,0xCE,0x39,0xCE,0x39,0xCE,0xAA,0x52,0x00,0x00,0x00,0x00,0x00,0x00,0x00,0x00,0x00,0x00,0x00,0x00,0x00,0x00,0x00,0x00,0x00,0x00,0x00,0x00,0x00,0x00,0x00,0x00,0x00,0x00,0x00,0x00,0x00,0x00,0x00,0x00,0x00,0x00,0x00,0x00,0x00,0x00,0x00,0x00,
	0xA3,0x18,0xAA,0x52,0x3C,0xE7,0xFF,0xFF,0xFF,0xFF,0x51,0x8C,0x45,0x29,0x00,0x00,0x00,0x00,0x00,0x00,0x00,0x00,0x00,0x00,0x00,0x00,0x00,0x00,0x00,0x00,0x00,0x00,0xA3,0x18,0xAA,0x52,0x14,0xA5,0x3C,0xE7,0xFF,0xFF,0xFF,0xFF,0xFF,0xFF,0xFF,0xFF,0x3C,0xE7,0x3C,0xE7,0xFF,0xFF,0xFF,0xFF,0xFF,0xFF,0xBE,0xF7,0x39,0xCE,0x14,0xA5,
	0xAA,0x52,0x00,0x00,0x00,0x00,0x00,0x00,0x00,0x00,0xA3,0x18,0xAA,0x52,0x3C,0xE7,0xFF,0xFF,0xFF,0xFF,0xFF,0xFF,0xFF,0xFF,0xFF,0xFF,0xFF,0xFF,0xFF,0xFF,0xFF,0xFF,0xFF,0xFF,0xFF,0xFF,0xFF,0xFF,0xFF,0xFF,0xFF,0xFF,0x51,0x8C,0x00,0x00,0x00,0x00,0x00,0x00,0x00,0x00,0x00,0x00,0x00,0x00,0x00,0x00,0x00,0x00,0x00,0x00,0x00,0x00,
	0x00,0x00,0x00,0x00,0x00,0x00,0x00,0x00,0x00,0x00,0x00,0x00,0x00,0x00,0x00,0x00,0x00,0x00,0x00,0x00,0xA3,0x18,0xAA,0x52,0x3C,0xE7,0xFF,0xFF,0xFF,0xFF,0x51,0x8C,0x45,0x29,0x00,0x00,0x00,0x00,0x00,0x00,0x00,0x00,0x00,0x00,0x00,0x00,0x00,0x00,0x00,0x00,0x00,0x00,0x00,0x00,0x41,0x08,0x08,0x42,0x51,0x8C,0x3C,0xE7,0xFF,0xFF,
	0xFF,0xFF,0xFF,0xFF,0xFF,0xFF,0xFF,0xFF,0xFF,0xFF,0xFF,0xFF,0xFF,0xFF,0x39,0xCE,0x8E,0x73,0x45,0x29,0x00,0x00,0x00,0x00,0x00,0x00,0x00,0x00,0x00,0x00,0xA3,0x18,0xAA,0x52,0x3C,0xE7,0xFF,0xFF,0xFF,0xFF,0xFF,0xFF,0xFF,0xFF,0xFF,0xFF,0xFF,0xFF,0xFF,0xFF,0xFF,0xFF,0xFF,0xFF,0xFF,0xFF,0xFF,0xFF,0xFF,0xFF,0xFF,0xFF,0x51,0x8C,
	0x00,0x00,0x00,0x00,0x00,0x00,0x00,0x00,0x00,0x00,0x00,0x00,0x00,0x00,0x00,0x00,0x00,0x00,0x00,0x00,0x00,0x00,0x00,0x00,0x00,0x00,0x00,0x00,0x00,0x00,0x00,0x00,0x00,0x00,0x00,0x00,0x00,0x00,0x00,0x00,0x41,0x08,0x45,0x29,0x51,0x8C,0x14,0xA5,0x51,0x8C,0xAA,0x52,0xA3,0x18,0x00,0x00,0x00,0x00,0x00,0x00,0x00,0x00,0x00,0x00,
	0x00,0x00,0x00,0x00,0x00,0x00,0x00,0x00,0x00,0x00,0x00,0x00,0x41,0x08,0x45,0x29,0xAA,0x52,0x8E,0x73,0x51,0x8C,0x14,0xA5,0x14,0xA5,0x14,0xA5,0x14,0xA5,0x51,0x8C,0x8E,0x73,0xAA,0x52,0x45,0x29,0x00,0x00,0x00,0x00,0x00,0x00,0x00,0x00,0x00,0x00,0x00,0x00,0x41,0x08,0x45,0x29,0x51,0x8C,0x14,0xA5,0x51,0x8C,0x51,0x8C,0x51,0x8C,
	0x51,0x8C,0x51,0x8C,0x51,0x8C,0x51,0x8C,0x51,0x8C,0x51,0x8C,0x51,0x8C,0x51,0x8C,0x51,0x8C,0xAA,0x52,0x00,0x00,0x00,0x00,0x00,0x00,0x00,0x00,0x00,0x00,0x00,0x00,0x00,0x00,0x00,0x00,0x00,0x00,0x00,0x00,0x00,0x00,0x00,0x00,0x00,0x00,0x00,0x00,0x00,0x00,0x00,0x00,0x00,0x00,0x00,0x00,0x00,0x00,0x00,0x00,0x00,0x00,0x41,0x08,
	0x45,0x29,0x45,0x29,0x45,0x29,0xA3,0x18,0x41,0x08,0x00,0x00,0x00,0x00,0x00,0x00,0x00,0x00,0x00,0x00,0x00,0x00,0x00,0x00,0x00,0x00,0x00,0x00,0x00,0x00,0x00,0x00,0x00,0x00,0x00,0x00,0x00,0x00,0x41,0x08,0x45,0x29,0x08,0x42,0x08,0x42,0x08,0x42,0x08,0x42,0xA3,0x18,0x00,0x00,0x00,0x00,0x00,0x00,0x00,0x00,0x00,0x00,0x00,0x00,
	0x00,0x00,0x00,0x00,0x00,0x00,0x00,0x00,0x41,0x08,0x45,0x29,0x45,0x29,0x45,0x29,0x45,0x29,0x45,0x29,0x45,0x29,0x45,0x29,0x45,0x29,0x45,0x29,0x45,0x29,0x45,0x29,0x45,0x29,0x45,0x29,0x45,0x29,0xA3,0x18,0x00,0x00,0x00,0x00,0x00,0x00,0x00,0x00,0x00,0x00,0x00,0x00,0x00,0x00,0x00,0x00,0x00,0x00,0x00,0x00,0x00,0x00,0x00,0x00,
	0x00,0x00,0x00,0x00,

	// Alpha Channel 
	0x00,0x00,0x00,0x00,0x00,0x00,0x00,0x00,0x00,0x00,0x00,0x00,0x00,0x00,0x00,0x00,0x00,0x00,0x00,0x00,0x00,0x00,0x00,0x00,0x00,0x00,0x00,0x00,0x00,0x00,0x00,0x00,0x00,0x00,0x00,0x00,0x00,0x00,0x00,0xFF,0xFF,0xFF,0x00,0x00,0x00,0x00,0x00,0x00,0x00,0x00,0x00,0x00,0x00,0x00,0x00,0x00,0x00,0x00,0x00,0x00,0x00,0x00,0x00,0x00,
	0x00,0x00,0x00,0x00,0x00,0x00,0x00,0xFF,0xFF,0x00,0x00,0xFF,0xFF,0xFF,0xFF,0xFF,0xFF,0xFF,0xFF,0xFF,0xFF,0xFF,0xFF,0xFF,0xFF,0xFF,0xFF,0xFF,0x00,0x00,0x00,0xFF,0xFF,0xFF,0xFF,0x00,0x00,0x00,0x00,0x00,0x00,0x00,0x00,0x00,0x00,0x00,0xFF,0xFF,0xFF,0xFF,0x00,0x00,0x00,0x00,0xFF,0xFF,0xFF,0xFF,0xFF,0xFF,0xFF,0xFF,0xFF,0xFF,
	0xFF,0xFF,0xFF,0xFF,0xFF,0xFF,0x00,0x00,0x00,0x00,0x00,0x00,0x00,0x00,0x00,0x00,0x00,0x00,0x00,0x00,0xFF,0xFF,0xFF,0xFF,0xFF,0xFF,0xFF,0xFF,0xFF,0xFF,0xFF,0xFF,0xFF,0xFF,0xFF,0xFF,0xFF,0xFF,0xFF,0x00,0xFF,0xFF,0xFF,0xFF,0xFF,0xFF,0x00,0x00,0x00,0x00,0x00,0x00,0x00,0x00,0x00,0xFF,0xFF,0xFF,0xFF,0xFF,0xFF,0xFF,0x00,0xFF,
	0xFF,0xFF,0xFF,0xFF,0xFF,0xFF,0xFF,0xFF,0xFF,0xFF,0xFF,0xFF,0xFF,0xFF,0xFF,0xFF,0x00,0x00,0x00,0x00,0x00,0x00,0x00,0x00,0x00,0x00,0x00,0x00,0x00,0x00,0xFF,0xFF,0xFF,0xFF,0xFF,0xFF,0xFF,0xFF,0xFF,0xFF,0xFF,0xFF,0xFF,0xFF,0xFF,0xFF,0xFF,0xFF,0xFF,0x00,0xFF,0xFF,0xFF,0xFF,0xFF,0xFF,0x00,0x00,0x00,0x00,0x00,0x00,0x00,0x00,
	0x00,0xFF,0xFF,0xFF,0xFF,0xFF,0xFF,0xFF,0x00,0xFF,0xFF,0xFF,0xFF,0xFF,0xFF,0xFF,0xFF,0xFF,0xFF,0xFF,0xFF,0xFF,0xFF,0xFF,0xFF,0xFF,0x00,0x00,0x00,0x00,0x00,0x00,0x00,0x00,0x00,0x00,0x00,0x00,0x00,0x00,0xFF,0xFF,0xFF,0xFF,0xFF,0xFF,0xFF,0xFF,0xFF,0xFF,0xFF,0xFF,0xFF,0xFF,0xFF,0xFF,0xFF,0xFF,0xFF,0x00,0xFF,0xFF,0xFF,0xFF,
	0xFF,0xFF,0x00,0x00,0x00,0x00,0x00,0x00,0x00,0x00,0x00,0xFF,0xFF,0xFF,0xFF,0xFF,0xFF,0xFF,0x00,0xFF,0xFF,0xFF,0xFF,0xFF,0xFF,0xFF,0xFF,0xFF,0xFF,0xFF,0xFF,0xFF,0xFF,0xFF,0xFF,0xFF,0x00,0x00,0x00,0x00,0x00,0x00,0x00,0x00,0x00,0x00,0x00,0x00,0x00,0x00,0xFF,0xFF,0xFF,0xFF,0xFF,0xFF,0xFF,0xFF,0xFF,0xFF,0xFF,0xFF,0xFF,0xFF,
	0xFF,0xFF,0xFF,0xFF,0xFF,0x00,0xFF,0xFF,0xFF,0xFF,0xFF,0xFF,0x00,0x00,0x00,0x00,0x00,0x00,0x00,0x00,0x00,0xFF,0xFF,0xFF,0xFF,0xFF,0xFF,0xFF,0x00,0xFF,0xFF,0xFF,0xFF,0xFF,0xFF,0xFF,0xFF,0xFF,0xFF,0xFF,0xFF,0xFF,0xFF,0xFF,0xFF,0xFF,0x00,0x00,0x00,0x00,0x00,0x00,0x00,0x00,0x00,0x00,0x00,0x00,0x00,0x00,0xFF,0xFF,0xFF,0xFF,
	0xFF,0xFF,0xFF,0xFF,0xFF,0xFF,0xFF,0xFF,0xFF,0xFF,0xFF,0xFF,0xFF,0xFF,0xFF,0x00,0xFF,0xFF,0xFF,0xFF,0xFF,0xFF,0x00,0x00,0x00,0x00,0x00,0x00,0x00,0x00,0x00,0xFF,0xFF,0xFF,0xFF,0xFF,0xFF,0xFF,0x00,0xFF,0xFF,0xFF,0xFF,0xFF,0xFF,0xFF,0xFF,0xFF,0xFF,0xFF,0xFF,0xFF,0xFF,0xFF,0xFF,0xFF,0x00,0x00,0x00,0x00,0x00,0x00,0x00,0x00,
	0x00,0x00,0x00,0x00,0x00,0x00,0x00,0x00,0x00,0x00,0x00,0x00,0xFF,0xFF,0xFF,0xFF,0xFF,0xFF,0xFF,0x00,0x00,0x00,0x00,0x00,0x00,0x00,0xFF,0xFF,0xFF,0xFF,0xFF,0xFF,0x00,0x00,0x00,0x00,0x00,0x00,0x00,0x00,0x00,0xFF,0xFF,0xFF,0xFF,0xFF,0xFF,0xFF,0x00,0xFF,0xFF,0xFF,0xFF,0xFF,0xFF,0xFF,0x00,0x00,0x00,0x00,0x00,0x00,0x00,0x00,
	0x00,0x00,0x00,0x00,0x00,0x00,0x00,0x00,0x00,0x00,0x00,0x00,0x00,0x00,0x00,0x00,0x00,0x00,0x00,0x00,0x00,0x00,0xFF,0xFF,0xFF,0xFF,0xFF,0xFF,0xFF,0x00,0x00,0x00,0x00,0x00,0x00,0x00,0xFF,0xFF,0xFF,0xFF,0xFF,0xFF,0x00,0x00,0x00,0x00,0x00,0x00,0x00,0x00,0x00,0xFF,0xFF,0xFF,0xFF,0xFF,0xFF,0xFF,0x00,0xFF,0xFF,0xFF,0xFF,0xFF,
	0xFF,0xFF,0x00,0x00,0x00,0x00,0x00,0x00,0x00,0x00,0x00,0x00,0x00,0x00,0x00,0x00,0x00,0x00,0x00,0x00,0x00,0x00,0x00,0x00,0x00,0x00,0x00,0x00,0x00,0x00,0x00,0x00,0xFF,0xFF,0xFF,0xFF,0xFF,0xFF,0xFF,0x00,0x00,0x00,0x00,0x00,0x00,0x00,0xFF,0xFF,0xFF,0xFF,0xFF,0xFF,0x00,0x00,0x00,0x00,0x00,0x00,0x00,0x00,0x00,0xFF,0xFF,0xFF,
	0xFF,0xFF,0xFF,0xFF,0x00,0xFF,0xFF,0xFF,0xFF,0xFF,0xFF,0xFF,0x00,0x00,0x00,0x00,0x00,0x00,0x00,0x00,0x00,0x00,0x00,0x00,0x00,0x00,0x00,0x00,0x00,0x00,0x00,0x00,0x00,0x00,0x00,0x00,0x00,0x00,0x00,0x00,0x00,0x00,0xFF,0xFF,0xFF,0xFF,0xFF,0xFF,0xFF,0x00,0x00,0x00,0x00,0x00,0x00,0x00,0xFF,0xFF,0xFF,0xFF,0xFF,0xFF,0x00,0x00,
	0x00,0x00,0x00,0x00,0x00,0x00,0x00,0xFF,0xFF,0xFF,0xFF,0xFF,0xFF,0xFF,0x00,0xFF,0xFF,0xFF,0xFF,0xFF,0xFF,0xFF,0x00,0x00,0x00,0x00,0x00,0x00,0x00,0x00,0x00,0x00,0x00,0x00,0x00,0x00,0x00,0x00,0x00,0x00,0x00,0x00,0x00,0x00,0x00,0x00,0x00,0x00,0x00,0x00,0x00,0x00,0xFF,0xFF,0xFF,0xFF,0xFF,0xFF,0xFF,0x00,0x00,0x00,0x00,0x00,
	0x00,0x00,0xFF,0xFF,0xFF,0xFF,0xFF,0xFF,0x00,0x00,0x00,0x00,0x00,0x00,0x00,0x00,0x00,0xFF,0xFF,0xFF,0xFF,0xFF,0xFF,0xFF,0x00,0xFF,0xFF,0xFF,0xFF,0xFF,0xFF,0xFF,0x00,0x00,0x00,0x00,0x00,0x00,0x00,0x00,0x00,0x00,0x00,0x00,0x00,0x00,0x00,0x00,0x00,0x00,0x00,0x00,0x00,0x00,0x00,0x00,0x00,0x00,0x00,0x00,0x00,0x00,0xFF,0xFF,
	0xFF,0xFF,0xFF,0xFF,0xFF,0x00,0x00,0x00,0x00,0x00,0x00,0x00,0xFF,0xFF,0xFF,0xFF,0xFF,0xFF,0x00,0x00,0x00,0x00,0x00,0x00,0x00,0x00,0x00,0xFF,0xFF,0xFF,0xFF,0xFF,0xFF,0xFF,0x00,0xFF,0xFF,0xFF,0xFF,0xFF,0xFF,0xFF,0xFF,0xFF,0xFF,0xFF,0xFF,0xFF,0xFF,0xFF,0xFF,0xFF,0x00,0x00,0x00,0x00,0x00,0x00,0x00,0x00,0x00,0x00,0x00,0x00,
	0x00,0x00,0x00,0x00,0x00,0x00,0x00,0x00,0xFF,0xFF,0xFF,0xFF,0xFF,0xFF,0xFF,0x00,0x00,0x00,0x00,0x00,0x00,0x00,0xFF,0xFF,0xFF,0xFF,0xFF,0xFF,0x00,0x00,0x00,0x00,0x00,0x00,0x00,0x00,0x00,0xFF,0xFF,0xFF,0xFF,0xFF,0xFF,0xFF,0x00,0xFF,0xFF,0xFF,0xFF,0xFF,0xFF,0xFF,0xFF,0xFF,0xFF,0xFF,0xFF,0xFF,0xFF,0xFF,0xFF,0xFF,0x00,0x00,
	0x00,0x00,0x00,0x00,0x00,0x00,0x00,0x00,0x00,0x00,0x00,0x00,0x00,0x00,0x00,0x00,0x00,0x00,0xFF,0xFF,0xFF,0xFF,0xFF,0xFF,0xFF,0x00,0x00,0x00,0x00,0x00,0x00,0x00,0xFF,0xFF,0xFF,0xFF,0xFF,0xFF,0x00,0x00,0x00,0x00,0x00,0x00,0x00,0x00,0x00,0xFF,0xFF,0xFF,0xFF,0xFF,0xFF,0xFF,0x00,0xFF,0xFF,0xFF,0xFF,0xFF,0xFF,0xFF,0xFF,0xFF,
	0xFF,0xFF,0xFF,0xFF,0xFF,0xFF,0xFF,0xFF,0x00,0x00,0x00,0x00,0x00,0x00,0x00,0x00,0x00,0x00,0x00,0x00,0x00,0x00,0x00,0x00,0x00,0x00,0x00,0x00,0xFF,0xFF,0xFF,0xFF,0xFF,0xFF,0xFF,0x00,0x00,0x00,0x00,0x00,0x00,0x00,0xFF,0xFF,0xFF,0xFF,0xFF,0xFF,0x00,0x00,0x00,0x00,0x00,0x00,0x00,0x00,0x00,0xFF,0xFF,0xFF,0xFF,0xFF,0xFF,0xFF,
	0x00,0xFF,0xFF,0xFF,0xFF,0xFF,0xFF,0xFF,0xFF,0xFF,0xFF,0xFF,0xFF,0xFF,0xFF,0xFF,0xFF,0xFF,0x00,0x00,0x00,0x00,0x00,0x00,0x00,0x00,0x00,0x00,0x00,0x00,0x00,0x00,0x00,0x00,0x00,0x00,0x00,0x00,0xFF,0xFF,0xFF,0xFF,0xFF,0xFF,0xFF,0x00,0x00,0x00,0x00,0x00,0x00,0x00,0xFF,0xFF,0xFF,0xFF,0xFF,0xFF,0x00,0x00,0x00,0x00,0x00,0x00,
	0x00,0x00,0x00,0xFF,0xFF,0xFF,0xFF,0xFF,0xFF,0xFF,0x00,0xFF,0xFF,0xFF,0xFF,0xFF,0xFF,0xFF,0xFF,0xFF,0xFF,0xFF,0xFF,0xFF,0xFF,0xFF,0xFF,0xFF,0x00,0x00,0x00,0x00,0x00,0x00,0x00,0x00,0x00,0x00,0x00,0x00,0x00,0x00,0x00,0x00,0x00,0x00,0x00,0x00,0xFF,0xFF,0xFF,0xFF,0xFF,0xFF,0xFF,0x00,0x00,0x00,0x00,0x00,0x00,0x00,0xFF,0xFF,
	0xFF,0xFF,0xFF,0xFF,0x00,0x00,0x00,0x00,0x00,0x00,0x00,0x00,0x00,0xFF,0xFF,0xFF,0xFF,0xFF,0xFF,0xFF,0x00,0xFF,0xFF,0xFF,0xFF,0xFF,0xFF,0xFF,0xFF,0xFF,0xFF,0xFF,0xFF,0xFF,0xFF,0xFF,0xFF,0xFF,0x00,0x00,0x00,0x00,0x00,0x00,0x00,0x00,0x00,0x00,0x00,0x00,0x00,0x00,0x00,0x00,0x00,0x00,0x00,0x00,0xFF,0xFF,0xFF,0xFF,0xFF,0xFF,
	0xFF,0x00,0x00,0x00,0x00,0x00,0x00,0x00,0xFF,0xFF,0xFF,0xFF,0xFF,0xFF,0x00,0x00,0x00,0x00,0x00,0x00,0x00,0x00,0x00,0xFF,0xFF,0xFF,0xFF,0xFF,0xFF,0xFF,0x00,0xFF,0xFF,0xFF,0xFF,0xFF,0xFF,0xFF,0x00,0x00,0x00,0x00,0x00,0x00,0x00,0x00,0x00,0x00,0x00,0x00,0x00,0x00,0x00,0x00,0x00,0x00,0x00,0x00,0x00,0x00,0x00,0x00,0x00,0x00,
	0x00,0x00,0x00,0x00,0xFF,0xFF,0xFF,0xFF,0xFF,0xFF,0xFF,0x00,0x00,0x00,0x00,0x00,0x00,0x00,0xFF,0xFF,0xFF,0xFF,0xFF,0xFF,0x00,0x00,0x00,0x00,0x00,0x00,0x00,0x00,0x00,0xFF,0xFF,0xFF,0xFF,0xFF,0xFF,0xFF,0x00,0xFF,0xFF,0xFF,0xFF,0xFF,0xFF,0xFF,0x00,0x00,0x00,0x00,0x00,0x00,0x00,0x00,0x00,0x00,0x00,0x00,0x00,0x00,0x00,0x00,
	0x00,0x00,0x00,0x00,0x00,0x00,0x00,0x00,0x00,0x00,0x00,0x00,0x00,0x00,0xFF,0xFF,0xFF,0xFF,0xFF,0xFF,0xFF,0x00,0x00,0x00,0x00,0x00,0x00,0x00,0xFF,0xFF,0xFF,0xFF,0xFF,0xFF,0x00,0x00,0x00,0x00,0x00,0x00,0x00,0x00,0x00,0xFF,0xFF,0xFF,0xFF,0xFF,0xFF,0x00,0x00,0xFF,0xFF,0xFF,0xFF,0xFF,0xFF,0xFF,0x00,0x00,0x00,0x00,0x00,0x00,
	0x00,0x00,0x00,0x00,0x00,0x00,0x00,0x00,0x00,0x00,0x00,0x00,0x00,0x00,0x00,0x00,0x00,0x00,0x00,0x00,0x00,0x00,0x00,0x00,0xFF,0xFF,0xFF,0xFF,0xFF,0xFF,0xFF,0x00,0x00,0x00,0x00,0x00,0x00,0x00,0xFF,0xFF,0xFF,0xFF,0xFF,0xFF,0xFF,0x00,0x00,0x00,0x00,0x00,0x00,0x00,0x00,0xFF,0xFF,0xFF,0xFF,0xFF,0xFF,0x00,0x00,0xFF,0xFF,0xFF,
	0xFF,0xFF,0xFF,0xFF,0x00,0x00,0x00,0x00,0x00,0x00,0x00,0x00,0x00,0x00,0x00,0x00,0x00,0x00,0x00,0x00,0x00,0x00,0x00,0x00,0x00,0x00,0x00,0x00,0x00,0x00,0x00,0x00,0x00,0x00,0xFF,0xFF,0xFF,0xFF,0xFF,0xFF,0xFF,0x00,0x00,0x00,0x00,0x00,0x00,0x00,0xFF,0xFF,0xFF,0xFF,0xFF,0xFF,0xFF,0xFF,0x00,0x00,0x00,0x00,0x00,0xFF,0xFF,0xFF,
	0xFF,0xFF,0xFF,0xFF,0xFF,0x00,0x00,0xFF,0xFF,0xFF,0xFF,0xFF,0xFF,0xFF,0x00,0x00,0x00,0x00,0x00,0x00,0x00,0x00,0x00,0x00,0x00,0x00,0x00,0x00,0x00,0x00,0x00,0x00,0x00,0x00,0x00,0x00,0x00,0x00,0x00,0x00,0x00,0x00,0x00,0x00,0xFF,0xFF,0xFF,0xFF,0xFF,0xFF,0xFF,0x00,0x00,0x00,0x00,0x00,0x00,0x00,0x00,0xFF,0xFF,0xFF,0xFF,0xFF,
	0xFF,0xFF,0xFF,0xFF,0xFF,0xFF,0xFF,0xFF,0xFF,0xFF,0xFF,0xFF,0xFF,0xFF,0xFF,0x00,0x00,0xFF,0xFF,0xFF,0xFF,0xFF,0xFF,0xFF,0xFF,0xFF,0xFF,0xFF,0xFF,0xFF,0xFF,0xFF,0xFF,0xFF,0x00,0x00,0x00,0x00,0x00,0x00,0x00,0x00,0x00,0x00,0x00,0x00,0x00,0x00,0x00,0x00,0x00,0x00,0x00,0x00,0xFF,0xFF,0xFF,0xFF,0xFF,0xFF,0xFF,0x00,0x00,0x00,
	0x00,0x00,0x00,0x00,0x00,0xFF,0xFF,0xFF,0xFF,0xFF,0xFF,0xFF,0xFF,0xFF,0xFF,0xFF,0xFF,0xFF,0xFF,0xFF,0xFF,0xFF,0xFF,0xFF,0xFF,0x00,0x00,0xFF,0xFF,0xFF,0xFF,0xFF,0xFF,0xFF,0xFF,0xFF,0xFF,0xFF,0xFF,0xFF,0xFF,0xFF,0xFF,0xFF,0x00,0x00,0x00,0x00,0x00,0x00,0x00,0x00,0x00,0x00,0x00,0x00,0x00,0x00,0x00,0x00,0x00,0x00,0x00,0x00,
	0xFF,0xFF,0xFF,0xFF,0xFF,0xFF,0xFF,0x00,0x00,0x00,0x00,0x00,0x00,0x00,0x00,0x00,0xFF,0xFF,0xFF,0xFF,0xFF,0xFF,0xFF,0xFF,0xFF,0xFF,0xFF,0xFF,0xFF,0xFF,0xFF,0xFF,0xFF,0x00,0x00,0x00,0x00,0xFF,0xFF,0xFF,0xFF,0xFF,0xFF,0xFF,0xFF,0xFF,0xFF,0xFF,0xFF,0xFF,0xFF,0xFF,0xFF,0xFF,0x00,0x00,0x00,0x00,0x00,0x00,0x00,0x00,0x00,0x00,
	0x00,0x00,0x00,0x00,0x00,0x00,0x00,0x00,0x00,0x00,0xFF,0xFF,0xFF,0xFF,0xFF,0xFF,0xFF,0x00,0x00,0x00,0x00,0x00,0x00,0x00,0x00,0x00,0x00,0xFF,0xFF,0xFF,0xFF,0xFF,0xFF,0xFF,0xFF,0xFF,0xFF,0xFF,0xFF,0xFF,0xFF,0xFF,0x00,0x00,0x00,0x00,0x00,0xFF,0xFF,0xFF,0xFF,0xFF,0xFF,0xFF,0xFF,0xFF,0xFF,0xFF,0xFF,0xFF,0xFF,0xFF,0xFF,0xFF,
	0x00,0x00,0x00,0x00,0x00,0x00,0x00,0x00,0x00,0x00,0x00,0x00,0x00,0x00,0x00,0x00,0x00,0x00,0x00,0x00,0xFF,0xFF,0xFF,0xFF,0xFF,0xFF,0xFF,0x00,0x00,0x00,0x00,0x00,0x00,0x00,0x00,0x00,0x00,0x00,0xFF,0xFF,0xFF,0xFF,0xFF,0xFF,0xFF,0xFF,0xFF,0xFF,0xFF,0xFF,0xFF,0x00,0x00,0x00,0x00,0x00,0x00,0xFF,0xFF,0xFF,0xFF,0xFF,0xFF,0xFF,
	0xFF,0xFF,0xFF,0xFF,0xFF,0xFF,0xFF,0xFF,0xFF,0xFF,0x00,0x00,0x00,0x00,0x00,0x00,0x00,0x00,0x00,0x00,0x00,0x00,0x00,0x00,0x00,0x00,0x00,0x00,0x00,0x00,0x00,0xFF,0xFF,0xFF,0xFF,0xFF,0xFF,0x00,0x00,0x00,0x00,0x00,0x00,0x00,0x00,0x00,0x00,0x00,0x00,0x00,0x00,0xFF,0xFF,0xFF,0xFF,0xFF,0xFF,0xFF,0x00,0x00,0x00,0x00,0x00,0x00,
	0x00,0x00,0x00,0x00,0xFF,0xFF,0xFF,0xFF,0xFF,0xFF,0xFF,0xFF,0xFF,0xFF,0xFF,0xFF,0xFF,0xFF,0xFF,0xFF,0x00,0x00,0x00,0x00,0x00,0x00,0x00,0x00,0x00,0x00,0x00,0x00,0x00,0x00,
    };
        


const lv_img_dsc_t face_1889_2_390_dial_img_15_118736_1 = {
    .header.magic = LV_IMAGE_HEADER_MAGIC,
    .header.w = 74,
    .header.h = 29,
    .data_size = sizeof(face_1889_2_390_dial_img_15_118736_data_1),
    .header.cf = LV_COLOR_FORMAT_RGB565A8,
    .data = face_1889_2_390_dial_img_15_118736_data_1};

    
// LVGL 9 format (RGB565) // LVGL_9 compatible 
const LV_ATTRIBUTE_MEM_ALIGN uint8_t face_1889_2_390_dial_img_15_118736_data_2[] = {
	//RGB565 data 
	0x00,0x00,0x00,0x00,0x00,0x00,0x00,0x00,0x00,0x00,0x00,0x00,0x00,0x00,0x00,0x00,0x41,0x08,0x41,0x08,0x41,0x08,0x00,0x00,0x00,0x00,0x00,0x00,0x00,0x00,0x00,0x00,0x00,0x00,0x00,0x00,0x00,0x00,0x00,0x00,0x00,0x00,0x00,0x00,0x00,0x00,0x00,0x00,0x00,0x00,0x00,0x00,0x00,0x00,0x00,0x00,0x00,0x00,0x00,0x00,0x41,0x08,0x41,0x08,
	0x41,0x08,0x00,0x00,0x00,0x00,0x00,0x00,0x00,0x00,0x00,0x00,0x00,0x00,0x00,0x00,0x00,0x00,0x00,0x00,0x00,0x00,0x00,0x00,0x00,0x00,0x00,0x00,0x00,0x00,0x00,0x00,0x00,0x00,0x00,0x00,0x41,0x08,0x41,0x08,0x41,0x08,0x00,0x00,0x00,0x00,0x00,0x00,0x00,0x00,0x00,0x00,0x00,0x00,0x00,0x00,0x00,0x00,0x00,0x00,0x00,0x00,0x00,0x00,
	0x00,0x00,0x00,0x00,0x00,0x00,0x00,0x00,0x00,0x00,0x00,0x00,0x00,0x00,0x00,0x00,0x00,0x00,0x00,0x00,0x41,0x08,0x41,0x08,0xA3,0x18,0xA3,0x18,0x41,0x08,0x00,0x00,0x00,0x00,0x00,0x00,0x00,0x00,0x00,0x00,0x00,0x00,0x00,0x00,0x00,0x00,0x00,0x00,0x41,0x08,0xA3,0x18,0xA3,0x18,0x41,0x08,0x41,0x08,0x00,0x00,0x00,0x00,0x00,0x00,
	0x00,0x00,0x00,0x00,0x00,0x00,0x00,0x00,0x00,0x00,0x41,0x08,0x41,0x08,0x41,0x08,0x41,0x08,0x41,0x08,0x00,0x00,0x00,0x00,0x41,0x08,0x41,0x08,0xA3,0x18,0xA3,0x18,0xA3,0x18,0xA3,0x18,0xA3,0x18,0xA3,0x18,0xA3,0x18,0xA3,0x18,0x41,0x08,0x41,0x08,0x41,0x08,0x41,0x08,0x41,0x08,0x00,0x00,0x00,0x00,0x00,0x00,0x00,0x00,0x41,0x08,
	0x41,0x08,0x41,0x08,0x41,0x08,0x41,0x08,0x41,0x08,0x41,0x08,0xA3,0x18,0xA3,0x18,0xA3,0x18,0xA3,0x18,0x00,0x00,0x00,0x00,0x00,0x00,0x00,0x00,0x00,0x00,0x00,0x00,0x00,0x00,0x00,0x00,0x00,0x00,0x00,0x00,0xA3,0x18,0x45,0x29,0x08,0x42,0xAA,0x52,0x08,0x42,0xA3,0x18,0x00,0x00,0x00,0x00,0x00,0x00,0x00,0x00,0x00,0x00,0x00,0x00,
	0x00,0x00,0x41,0x08,0x45,0x29,0xAA,0x52,0xAA,0x52,0x08,0x42,0x45,0x29,0x41,0x08,0x00,0x00,0x00,0x00,0x00,0x00,0x00,0x00,0x00,0x00,0x00,0x00,0x00,0x00,0x45,0x29,0xAA,0x52,0xAA,0x52,0x08,0x42,0x45,0x29,0x41,0x08,0x41,0x08,0x45,0x29,0x08,0x42,0xAA,0x52,0x08,0x42,0x08,0x42,0x08,0x42,0x08,0x42,0x08,0x42,0x08,0x42,0x08,0x42,
	0x08,0x42,0x08,0x42,0xAA,0x52,0x08,0x42,0x45,0x29,0xA3,0x18,0x00,0x00,0x00,0x00,0x41,0x08,0x08,0x42,0xAA,0x52,0x08,0x42,0x08,0x42,0x08,0x42,0x08,0x42,0x08,0x42,0x08,0x42,0x08,0x42,0xAA,0x52,0x08,0x42,0x45,0x29,0xA3,0x18,0x41,0x08,0x00,0x00,0x00,0x00,0x00,0x00,0x00,0x00,0x00,0x00,0x00,0x00,0x00,0x00,0xAA,0x52,0x51,0x8C,
	0x39,0xCE,0x39,0xCE,0x14,0xA5,0x08,0x42,0xA3,0x18,0x00,0x00,0x00,0x00,0x00,0x00,0x00,0x00,0x00,0x00,0x41,0x08,0x08,0x42,0x51,0x8C,0x39,0xCE,0x39,0xCE,0x14,0xA5,0x8E,0x73,0x45,0x29,0x00,0x00,0x00,0x00,0x00,0x00,0x00,0x00,0x00,0x00,0x00,0x00,0x00,0x00,0x51,0x8C,0x39,0xCE,0x39,0xCE,0x14,0xA5,0x8E,0x73,0xA3,0x18,0xA3,0x18,
	0xAA,0x52,0x14,0xA5,0x39,0xCE,0x39,0xCE,0x39,0xCE,0x39,0xCE,0x39,0xCE,0x39,0xCE,0x39,0xCE,0x39,0xCE,0x39,0xCE,0x39,0xCE,0x39,0xCE,0x39,0xCE,0x51,0x8C,0x08,0x42,0x41,0x08,0x00,0x00,0xA3,0x18,0x14,0xA5,0x39,0xCE,0x39,0xCE,0x39,0xCE,0x39,0xCE,0x39,0xCE,0x39,0xCE,0x39,0xCE,0x39,0xCE,0x39,0xCE,0x39,0xCE,0x39,0xCE,0x14,0xA5,
	0x8E,0x73,0x45,0x29,0x00,0x00,0x00,0x00,0x00,0x00,0x00,0x00,0x00,0x00,0x00,0x00,0x08,0x42,0x14,0xA5,0xFF,0xFF,0xFF,0xFF,0x3C,0xE7,0x8E,0x73,0xA3,0x18,0x00,0x00,0x00,0x00,0x00,0x00,0x00,0x00,0x00,0x00,0xA3,0x18,0x8E,0x73,0x39,0xCE,0xFF,0xFF,0xFF,0xFF,0xBE,0xF7,0x14,0xA5,0x08,0x42,0x00,0x00,0x00,0x00,0x00,0x00,0x00,0x00,
	0x00,0x00,0x00,0x00,0xA3,0x18,0x14,0xA5,0xFF,0xFF,0xFF,0xFF,0x39,0xCE,0x8E,0x73,0x41,0x08,0xA3,0x18,0x51,0x8C,0x3C,0xE7,0xFF,0xFF,0xFF,0xFF,0xFF,0xFF,0xFF,0xFF,0xFF,0xFF,0xFF,0xFF,0xFF,0xFF,0xFF,0xFF,0xFF,0xFF,0xFF,0xFF,0xFF,0xFF,0xFF,0xFF,0x39,0xCE,0x8E,0x73,0x41,0x08,0x00,0x00,0xA3,0x18,0x3C,0xE7,0xFF,0xFF,0xFF,0xFF,
	0xFF,0xFF,0xFF,0xFF,0xFF,0xFF,0xFF,0xFF,0xFF,0xFF,0xFF,0xFF,0xFF,0xFF,0xFF,0xFF,0xFF,0xFF,0xFF,0xFF,0x39,0xCE,0x51,0x8C,0x08,0x42,0xA3,0x18,0x00,0x00,0x00,0x00,0x00,0x00,0x00,0x00,0xA3,0x18,0x8E,0x73,0xFF,0xFF,0xFF,0xFF,0x3C,0xE7,0x51,0x8C,0x45,0x29,0x00,0x00,0x00,0x00,0x00,0x00,0x00,0x00,0x00,0x00,0xA3,0x18,0x51,0x8C,
	0x3C,0xE7,0xFF,0xFF,0xFF,0xFF,0xBE,0xF7,0x39,0xCE,0x08,0x42,0x00,0x00,0x00,0x00,0x00,0x00,0x00,0x00,0x00,0x00,0xA3,0x18,0x08,0x42,0x39,0xCE,0xFF,0xFF,0xFF,0xFF,0x14,0xA5,0x08,0x42,0x00,0x00,0xA3,0x18,0x8E,0x73,0x39,0xCE,0xFF,0xFF,0xFF,0xFF,0xFF,0xFF,0xFF,0xFF,0xFF,0xFF,0xFF,0xFF,0xFF,0xFF,0xFF,0xFF,0xFF,0xFF,0xFF,0xFF,
	0xFF,0xFF,0xFF,0xFF,0x39,0xCE,0xAA,0x52,0x41,0x08,0x00,0x00,0xA3,0x18,0x39,0xCE,0xFF,0xFF,0xFF,0xFF,0xFF,0xFF,0xFF,0xFF,0xFF,0xFF,0xFF,0xFF,0xFF,0xFF,0xFF,0xFF,0xFF,0xFF,0xFF,0xFF,0xFF,0xFF,0xFF,0xFF,0xFF,0xFF,0xBE,0xF7,0x39,0xCE,0xAA,0x52,0x41,0x08,0x00,0x00,0x00,0x00,0x00,0x00,0x00,0x00,0x8E,0x73,0xBE,0xF7,0xFF,0xFF,
	0xBE,0xF7,0x14,0xA5,0x08,0x42,0x00,0x00,0x00,0x00,0x00,0x00,0x00,0x00,0x00,0x00,0x45,0x29,0x39,0xCE,0xBE,0xF7,0xFF,0xFF,0xFF,0xFF,0xFF,0xFF,0xBE,0xF7,0xAA,0x52,0x00,0x00,0x00,0x00,0x00,0x00,0x00,0x00,0x00,0x00,0xA3,0x18,0x8E,0x73,0x39,0xCE,0xFF,0xFF,0xFF,0xFF,0x14,0xA5,0xA3,0x18,0x00,0x00,0xA3,0x18,0x8E,0x73,0x39,0xCE,
	0xFF,0xFF,0xFF,0xFF,0x39,0xCE,0x8E,0x73,0x8E,0x73,0x8E,0x73,0x8E,0x73,0x8E,0x73,0x8E,0x73,0x8E,0x73,0x8E,0x73,0x8E,0x73,0xAA,0x52,0x45,0x29,0x00,0x00,0x00,0x00,0xA3,0x18,0x39,0xCE,0xFF,0xFF,0xFF,0xFF,0x3C,0xE7,0x14,0xA5,0x8E,0x73,0x8E,0x73,0x8E,0x73,0x8E,0x73,0x51,0x8C,0x14,0xA5,0x39,0xCE,0xBE,0xF7,0xFF,0xFF,0xFF,0xFF,
	0xFF,0xFF,0x14,0xA5,0xAA,0x52,0x00,0x00,0x00,0x00,0x00,0x00,0x00,0x00,0xAA,0x52,0x3C,0xE7,0xFF,0xFF,0xFF,0xFF,0x3C,0xE7,0xAA,0x52,0x00,0x00,0x00,0x00,0x00,0x00,0x00,0x00,0x00,0x00,0x08,0x42,0x3C,0xE7,0xFF,0xFF,0xFF,0xFF,0xFF,0xFF,0xFF,0xFF,0xFF,0xFF,0x8E,0x73,0x00,0x00,0x00,0x00,0x00,0x00,0x00,0x00,0x00,0x00,0x45,0x29,
	0x51,0x8C,0x3C,0xE7,0xFF,0xFF,0xFF,0xFF,0x51,0x8C,0x00,0x00,0x00,0x00,0xA3,0x18,0x8E,0x73,0x39,0xCE,0xFF,0xFF,0xFF,0xFF,0x51,0x8C,0x00,0x00,0x00,0x00,0x00,0x00,0x00,0x00,0x00,0x00,0x00,0x00,0x00,0x00,0x00,0x00,0x00,0x00,0x00,0x00,0x00,0x00,0x00,0x00,0x00,0x00,0xA3,0x18,0x39,0xCE,0xFF,0xFF,0xFF,0xFF,0x14,0xA5,0xAA,0x52,
	0x00,0x00,0x00,0x00,0x00,0x00,0x00,0x00,0x41,0x08,0x45,0x29,0x8E,0x73,0x39,0xCE,0xBE,0xF7,0xFF,0xFF,0xFF,0xFF,0xBE,0xF7,0x14,0xA5,0xA3,0x18,0x00,0x00,0x00,0x00,0x00,0x00,0x08,0x42,0x39,0xCE,0xBE,0xF7,0xFF,0xFF,0xBE,0xF7,0x8E,0x73,0x00,0x00,0x00,0x00,0x00,0x00,0x00,0x00,0x00,0x00,0xAA,0x52,0x3C,0xE7,0xFF,0xFF,0xFF,0xFF,
	0xBE,0xF7,0xBE,0xF7,0xFF,0xFF,0x51,0x8C,0x45,0x29,0x00,0x00,0x00,0x00,0x00,0x00,0x00,0x00,0x08,0x42,0x14,0xA5,0xBE,0xF7,0xFF,0xFF,0x3C,0xE7,0x8E,0x73,0x00,0x00,0x00,0x00,0xA3,0x18,0x8E,0x73,0x39,0xCE,0xFF,0xFF,0xFF,0xFF,0x51,0x8C,0x00,0x00,0x00,0x00,0x00,0x00,0x00,0x00,0x00,0x00,0x00,0x00,0x00,0x00,0x00,0x00,0x00,0x00,
	0x00,0x00,0x00,0x00,0x00,0x00,0x00,0x00,0xA3,0x18,0x39,0xCE,0xFF,0xFF,0xFF,0xFF,0x39,0xCE,0xAA,0x52,0x41,0x08,0x00,0x00,0x00,0x00,0x00,0x00,0x00,0x00,0x41,0x08,0xA3,0x18,0x08,0x42,0x14,0xA5,0x3C,0xE7,0xFF,0xFF,0xFF,0xFF,0x39,0xCE,0xAA,0x52,0xA3,0x18,0x00,0x00,0x00,0x00,0x45,0x29,0x51,0x8C,0x3C,0xE7,0xFF,0xFF,0xFF,0xFF,
	0x51,0x8C,0x41,0x08,0x00,0x00,0x00,0x00,0x00,0x00,0xA3,0x18,0x8E,0x73,0xBE,0xF7,0xFF,0xFF,0x3C,0xE7,0x39,0xCE,0x3C,0xE7,0xFF,0xFF,0x14,0xA5,0xAA,0x52,0x41,0x08,0x00,0x00,0x00,0x00,0x00,0x00,0x08,0x42,0x3C,0xE7,0xFF,0xFF,0xBE,0xF7,0x39,0xCE,0xAA,0x52,0x00,0x00,0x00,0x00,0xA3,0x18,0x8E,0x73,0x39,0xCE,0xFF,0xFF,0xFF,0xFF,
	0x51,0x8C,0x00,0x00,0x00,0x00,0x00,0x00,0x00,0x00,0x00,0x00,0x00,0x00,0x00,0x00,0x00,0x00,0x00,0x00,0x00,0x00,0x00,0x00,0x00,0x00,0x00,0x00,0xA3,0x18,0x39,0xCE,0xFF,0xFF,0xFF,0xFF,0x39,0xCE,0xAA,0x52,0x41,0x08,0x00,0x00,0x00,0x00,0x00,0x00,0x00,0x00,0x00,0x00,0x00,0x00,0x00,0x00,0xAA,0x52,0x39,0xCE,0xFF,0xFF,0xFF,0xFF,
	0x3C,0xE7,0x14,0xA5,0x45,0x29,0x00,0x00,0x00,0x00,0xA3,0x18,0x8E,0x73,0x39,0xCE,0xFF,0xFF,0xFF,0xFF,0x51,0x8C,0xA3,0x18,0x00,0x00,0x00,0x00,0x00,0x00,0x08,0x42,0x51,0x8C,0xBE,0xF7,0x3C,0xE7,0x39,0xCE,0x14,0xA5,0x39,0xCE,0xFF,0xFF,0x39,0xCE,0x51,0x8C,0x41,0x08,0x00,0x00,0x00,0x00,0x00,0x00,0xAA,0x52,0xFF,0xFF,0xFF,0xFF,
	0x3C,0xE7,0x14,0xA5,0x08,0x42,0x00,0x00,0x00,0x00,0xA3,0x18,0x8E,0x73,0x39,0xCE,0xFF,0xFF,0xFF,0xFF,0x51,0x8C,0x00,0x00,0x00,0x00,0x00,0x00,0x00,0x00,0x00,0x00,0x00,0x00,0x00,0x00,0x00,0x00,0x00,0x00,0x00,0x00,0x00,0x00,0x00,0x00,0x00,0x00,0xA3,0x18,0x39,0xCE,0xFF,0xFF,0xFF,0xFF,0x39,0xCE,0xAA,0x52,0x41,0x08,0x00,0x00,
	0x00,0x00,0x00,0x00,0x00,0x00,0x00,0x00,0x00,0x00,0x00,0x00,0x41,0x08,0x51,0x8C,0xFF,0xFF,0xFF,0xFF,0xFF,0xFF,0x3C,0xE7,0xAA,0x52,0x00,0x00,0x00,0x00,0x41,0x08,0x08,0x42,0x39,0xCE,0xFF,0xFF,0xFF,0xFF,0x14,0xA5,0x08,0x42,0x41,0x08,0x00,0x00,0x00,0x00,0xAA,0x52,0x14,0xA5,0xFF,0xFF,0x39,0xCE,0x51,0x8C,0x8E,0x73,0x14,0xA5,
	0xFF,0xFF,0xBE,0xF7,0x14,0xA5,0xA3,0x18,0x00,0x00,0x00,0x00,0xA3,0x18,0x8E,0x73,0xFF,0xFF,0xFF,0xFF,0x3C,0xE7,0x8E,0x73,0x45,0x29,0x00,0x00,0x00,0x00,0xA3,0x18,0x8E,0x73,0x39,0xCE,0xFF,0xFF,0xFF,0xFF,0x51,0x8C,0x00,0x00,0x00,0x00,0x00,0x00,0x00,0x00,0x00,0x00,0x00,0x00,0x00,0x00,0x00,0x00,0x00,0x00,0x00,0x00,0x00,0x00,
	0x00,0x00,0x00,0x00,0xA3,0x18,0x39,0xCE,0xFF,0xFF,0xFF,0xFF,0x39,0xCE,0xAA,0x52,0x41,0x08,0x00,0x00,0x00,0x00,0x00,0x00,0x00,0x00,0x00,0x00,0x00,0x00,0x00,0x00,0x00,0x00,0xAA,0x52,0x3C,0xE7,0xBE,0xF7,0xFF,0xFF,0xBE,0xF7,0xAA,0x52,0x00,0x00,0x00,0x00,0x00,0x00,0xA3,0x18,0x39,0xCE,0xFF,0xFF,0xFF,0xFF,0x39,0xCE,0x8E,0x73,
	0xA3,0x18,0x00,0x00,0x00,0x00,0x8E,0x73,0x3C,0xE7,0xFF,0xFF,0x39,0xCE,0x8E,0x73,0x08,0x42,0x51,0x8C,0xFF,0xFF,0xFF,0xFF,0x39,0xCE,0xA3,0x18,0x00,0x00,0x00,0x00,0x45,0x29,0x51,0x8C,0xFF,0xFF,0xFF,0xFF,0x3C,0xE7,0x08,0x42,0x41,0x08,0x00,0x00,0x00,0x00,0xA3,0x18,0x8E,0x73,0x39,0xCE,0xFF,0xFF,0xFF,0xFF,0x14,0xA5,0x45,0x29,
	0x45,0x29,0x45,0x29,0x45,0x29,0x45,0x29,0x45,0x29,0x45,0x29,0x45,0x29,0x45,0x29,0xA3,0x18,0x00,0x00,0x00,0x00,0x00,0x00,0xA3,0x18,0x39,0xCE,0xFF,0xFF,0xFF,0xFF,0x39,0xCE,0xAA,0x52,0x41,0x08,0x00,0x00,0x00,0x00,0x00,0x00,0x00,0x00,0x00,0x00,0x00,0x00,0x00,0x00,0x00,0x00,0x08,0x42,0x14,0xA5,0xBE,0xF7,0xFF,0xFF,0xFF,0xFF,
	0x8E,0x73,0x41,0x08,0x00,0x00,0x00,0x00,0x41,0x08,0x14,0xA5,0xFF,0xFF,0xFF,0xFF,0x39,0xCE,0x51,0x8C,0xA3,0x18,0x00,0x00,0x00,0x00,0x51,0x8C,0xFF,0xFF,0xFF,0xFF,0x14,0xA5,0x08,0x42,0xA3,0x18,0x8E,0x73,0xFF,0xFF,0xFF,0xFF,0x39,0xCE,0x45,0x29,0x00,0x00,0x41,0x08,0x08,0x42,0x14,0xA5,0xFF,0xFF,0xFF,0xFF,0x39,0xCE,0xA3,0x18,
	0x00,0x00,0x00,0x00,0x00,0x00,0xA3,0x18,0x8E,0x73,0x39,0xCE,0xFF,0xFF,0xFF,0xFF,0xBE,0xF7,0x3C,0xE7,0x3C,0xE7,0x3C,0xE7,0x3C,0xE7,0x3C,0xE7,0x3C,0xE7,0x3C,0xE7,0x3C,0xE7,0x3C,0xE7,0x08,0x42,0x00,0x00,0x00,0x00,0x00,0x00,0xA3,0x18,0x39,0xCE,0xFF,0xFF,0xFF,0xFF,0x39,0xCE,0xAA,0x52,0x41,0x08,0x00,0x00,0x00,0x00,0x00,0x00,
	0x00,0x00,0x00,0x00,0x00,0x00,0x00,0x00,0x00,0x00,0x45,0x29,0x51,0x8C,0x3C,0xE7,0xFF,0xFF,0xFF,0xFF,0x51,0x8C,0xA3,0x18,0x00,0x00,0x00,0x00,0x00,0x00,0x51,0x8C,0x3C,0xE7,0xFF,0xFF,0xBE,0xF7,0x14,0xA5,0xA3,0x18,0x00,0x00,0xA3,0x18,0x14,0xA5,0xFF,0xFF,0xFF,0xFF,0x51,0x8C,0xA3,0x18,0x41,0x08,0xAA,0x52,0xBE,0xF7,0xFF,0xFF,
	0x3C,0xE7,0xAA,0x52,0x41,0x08,0x41,0x08,0x8E,0x73,0x39,0xCE,0xFF,0xFF,0xBE,0xF7,0x14,0xA5,0xA3,0x18,0x00,0x00,0x00,0x00,0x00,0x00,0xA3,0x18,0x8E,0x73,0x39,0xCE,0xFF,0xFF,0xFF,0xFF,0xFF,0xFF,0xFF,0xFF,0xFF,0xFF,0xFF,0xFF,0xFF,0xFF,0xFF,0xFF,0xFF,0xFF,0xFF,0xFF,0xFF,0xFF,0xFF,0xFF,0xAA,0x52,0x00,0x00,0x00,0x00,0x00,0x00,
	0xA3,0x18,0x39,0xCE,0xFF,0xFF,0xFF,0xFF,0x39,0xCE,0xAA,0x52,0x41,0x08,0x00,0x00,0x00,0x00,0x00,0x00,0x00,0x00,0x00,0x00,0x00,0x00,0x00,0x00,0x00,0x00,0x45,0x29,0x51,0x8C,0x3C,0xE7,0xFF,0xFF,0xFF,0xFF,0x51,0x8C,0x45,0x29,0x00,0x00,0x00,0x00,0x00,0x00,0x8E,0x73,0x39,0xCE,0xFF,0xFF,0xFF,0xFF,0x39,0xCE,0x45,0x29,0x00,0x00,
	0x08,0x42,0x39,0xCE,0xFF,0xFF,0xFF,0xFF,0x8E,0x73,0x00,0x00,0x00,0x00,0xAA,0x52,0x3C,0xE7,0xFF,0xFF,0x3C,0xE7,0x51,0x8C,0xA3,0x18,0x41,0x08,0x51,0x8C,0x3C,0xE7,0xFF,0xFF,0x3C,0xE7,0x51,0x8C,0xA3,0x18,0x00,0x00,0x00,0x00,0x00,0x00,0xA3,0x18,0x8E,0x73,0x39,0xCE,0xFF,0xFF,0xFF,0xFF,0xBE,0xF7,0xBE,0xF7,0xBE,0xF7,0xBE,0xF7,
	0xBE,0xF7,0xBE,0xF7,0xBE,0xF7,0xBE,0xF7,0xBE,0xF7,0x3C,0xE7,0xAA,0x52,0x00,0x00,0x00,0x00,0x00,0x00,0xA3,0x18,0x39,0xCE,0xFF,0xFF,0xFF,0xFF,0x39,0xCE,0xAA,0x52,0x41,0x08,0x00,0x00,0x00,0x00,0x00,0x00,0x00,0x00,0x00,0x00,0x00,0x00,0x00,0x00,0x00,0x00,0x45,0x29,0x51,0x8C,0x3C,0xE7,0xFF,0xFF,0xFF,0xFF,0x51,0x8C,0x45,0x29,
	0x00,0x00,0x00,0x00,0x00,0x00,0x08,0x42,0x51,0x8C,0xBE,0xF7,0xFF,0xFF,0x3C,0xE7,0x08,0x42,0xA3,0x18,0x8E,0x73,0x39,0xCE,0xFF,0xFF,0x3C,0xE7,0x8E,0x73,0x00,0x00,0x00,0x00,0x08,0x42,0x14,0xA5,0xBE,0xF7,0xBE,0xF7,0x14,0xA5,0x45,0x29,0x41,0x08,0x14,0xA5,0xBE,0xF7,0xFF,0xFF,0x39,0xCE,0x8E,0x73,0x41,0x08,0x00,0x00,0x00,0x00,
	0x00,0x00,0xA3,0x18,0x8E,0x73,0x39,0xCE,0xFF,0xFF,0xFF,0xFF,0x39,0xCE,0x8E,0x73,0x8E,0x73,0x8E,0x73,0x8E,0x73,0x8E,0x73,0x8E,0x73,0x8E,0x73,0x8E,0x73,0x8E,0x73,0x45,0x29,0x00,0x00,0x00,0x00,0x00,0x00,0xA3,0x18,0x39,0xCE,0xFF,0xFF,0xFF,0xFF,0x39,0xCE,0xAA,0x52,0x41,0x08,0x00,0x00,0x00,0x00,0x00,0x00,0x00,0x00,0x00,0x00,
	0x00,0x00,0x00,0x00,0x00,0x00,0x45,0x29,0x51,0x8C,0x3C,0xE7,0xFF,0xFF,0xFF,0xFF,0x8E,0x73,0xA3,0x18,0x00,0x00,0x00,0x00,0x00,0x00,0xA3,0x18,0x8E,0x73,0xBE,0xF7,0xFF,0xFF,0x3C,0xE7,0xAA,0x52,0x08,0x42,0x51,0x8C,0x3C,0xE7,0xBE,0xF7,0x39,0xCE,0xAA,0x52,0x00,0x00,0x00,0x00,0x45,0x29,0x51,0x8C,0x3C,0xE7,0xFF,0xFF,0x39,0xCE,
	0xAA,0x52,0x41,0x08,0x39,0xCE,0xFF,0xFF,0xFF,0xFF,0x14,0xA5,0x08,0x42,0x41,0x08,0x00,0x00,0x00,0x00,0x00,0x00,0xA3,0x18,0x8E,0x73,0x39,0xCE,0xFF,0xFF,0xFF,0xFF,0x14,0xA5,0xA3,0x18,0xA3,0x18,0xA3,0x18,0xA3,0x18,0xA3,0x18,0xA3,0x18,0xA3,0x18,0xA3,0x18,0xA3,0x18,0x41,0x08,0x00,0x00,0x00,0x00,0x00,0x00,0xA3,0x18,0x39,0xCE,
	0xFF,0xFF,0xFF,0xFF,0x39,0xCE,0xAA,0x52,0x41,0x08,0x00,0x00,0x00,0x00,0x00,0x00,0x00,0x00,0x00,0x00,0x00,0x00,0x00,0x00,0x00,0x00,0x08,0x42,0x14,0xA5,0x3C,0xE7,0xFF,0xFF,0xFF,0xFF,0x8E,0x73,0x41,0x08,0x00,0x00,0x00,0x00,0x00,0x00,0x00,0x00,0xAA,0x52,0xBE,0xF7,0xFF,0xFF,0x3C,0xE7,0x8E,0x73,0x8E,0x73,0x14,0xA5,0xBE,0xF7,
	0x3C,0xE7,0x51,0x8C,0x45,0x29,0x00,0x00,0x00,0x00,0xA3,0x18,0x8E,0x73,0x39,0xCE,0xFF,0xFF,0xBE,0xF7,0x8E,0x73,0x45,0x29,0x39,0xCE,0xFF,0xFF,0xFF,0xFF,0x51,0x8C,0xA3,0x18,0x00,0x00,0x00,0x00,0x00,0x00,0x00,0x00,0xA3,0x18,0x8E,0x73,0x39,0xCE,0xFF,0xFF,0xFF,0xFF,0x51,0x8C,0x00,0x00,0x00,0x00,0x00,0x00,0x00,0x00,0x00,0x00,
	0x00,0x00,0x00,0x00,0x00,0x00,0x00,0x00,0x00,0x00,0x00,0x00,0x00,0x00,0x00,0x00,0xA3,0x18,0x39,0xCE,0xFF,0xFF,0xFF,0xFF,0x39,0xCE,0xAA,0x52,0x41,0x08,0x00,0x00,0x00,0x00,0x00,0x00,0x00,0x00,0x00,0x00,0x00,0x00,0x00,0x00,0x00,0x00,0xAA,0x52,0x39,0xCE,0xBE,0xF7,0xFF,0xFF,0xFF,0xFF,0xAA,0x52,0x00,0x00,0x00,0x00,0x00,0x00,
	0x00,0x00,0x00,0x00,0x08,0x42,0x3C,0xE7,0xFF,0xFF,0xBE,0xF7,0x51,0x8C,0x51,0x8C,0x3C,0xE7,0xFF,0xFF,0x3C,0xE7,0xAA,0x52,0xA3,0x18,0x00,0x00,0x00,0x00,0x41,0x08,0x45,0x29,0x39,0xCE,0xFF,0xFF,0xFF,0xFF,0x14,0xA5,0xAA,0x52,0x39,0xCE,0xFF,0xFF,0xFF,0xFF,0x8E,0x73,0x41,0x08,0x00,0x00,0x00,0x00,0x00,0x00,0x00,0x00,0xA3,0x18,
	0x8E,0x73,0x39,0xCE,0xFF,0xFF,0xFF,0xFF,0x51,0x8C,0x00,0x00,0x00,0x00,0x00,0x00,0x00,0x00,0x00,0x00,0x00,0x00,0x00,0x00,0x00,0x00,0x00,0x00,0x00,0x00,0x00,0x00,0x00,0x00,0x00,0x00,0xA3,0x18,0x39,0xCE,0xFF,0xFF,0xFF,0xFF,0x39,0xCE,0xAA,0x52,0x41,0x08,0x00,0x00,0x00,0x00,0x00,0x00,0x00,0x00,0x00,0x00,0x00,0x00,0x00,0x00,
	0x00,0x00,0x8E,0x73,0xBE,0xF7,0xFF,0xFF,0xBE,0xF7,0x3C,0xE7,0xAA,0x52,0x00,0x00,0x00,0x00,0x00,0x00,0x00,0x00,0x00,0x00,0x45,0x29,0x39,0xCE,0xBE,0xF7,0xBE,0xF7,0x14,0xA5,0x39,0xCE,0xFF,0xFF,0xFF,0xFF,0x39,0xCE,0x45,0x29,0x41,0x08,0x00,0x00,0x00,0x00,0x00,0x00,0x41,0x08,0x14,0xA5,0xFF,0xFF,0xFF,0xFF,0x39,0xCE,0x51,0x8C,
	0x3C,0xE7,0xFF,0xFF,0xBE,0xF7,0xAA,0x52,0x00,0x00,0x00,0x00,0x00,0x00,0x00,0x00,0x00,0x00,0xA3,0x18,0x8E,0x73,0x39,0xCE,0xFF,0xFF,0xFF,0xFF,0x51,0x8C,0x00,0x00,0x00,0x00,0x00,0x00,0x00,0x00,0x00,0x00,0x00,0x00,0x00,0x00,0x00,0x00,0x00,0x00,0x00,0x00,0x00,0x00,0x00,0x00,0x00,0x00,0xA3,0x18,0x39,0xCE,0xFF,0xFF,0xFF,0xFF,
	0x39,0xCE,0xAA,0x52,0x41,0x08,0x00,0x00,0x00,0x00,0x00,0x00,0x00,0x00,0x00,0x00,0x00,0x00,0x41,0x08,0x45,0x29,0x14,0xA5,0xFF,0xFF,0xFF,0xFF,0x3C,0xE7,0x14,0xA5,0x08,0x42,0x00,0x00,0x00,0x00,0x00,0x00,0x00,0x00,0x00,0x00,0x45,0x29,0x51,0x8C,0x3C,0xE7,0xFF,0xFF,0xBE,0xF7,0xBE,0xF7,0xFF,0xFF,0xFF,0xFF,0x39,0xCE,0xA3,0x18,
	0x00,0x00,0x00,0x00,0x00,0x00,0x00,0x00,0x00,0x00,0x51,0x8C,0xBE,0xF7,0xFF,0xFF,0xBE,0xF7,0x3C,0xE7,0xFF,0xFF,0xBE,0xF7,0x39,0xCE,0x08,0x42,0x00,0x00,0x00,0x00,0x00,0x00,0x00,0x00,0x00,0x00,0xA3,0x18,0x8E,0x73,0x39,0xCE,0xFF,0xFF,0xFF,0xFF,0x51,0x8C,0x00,0x00,0x00,0x00,0x00,0x00,0x00,0x00,0x00,0x00,0x00,0x00,0x00,0x00,
	0x00,0x00,0x00,0x00,0x00,0x00,0x00,0x00,0x00,0x00,0x00,0x00,0xA3,0x18,0x39,0xCE,0xFF,0xFF,0xFF,0xFF,0x39,0xCE,0xAA,0x52,0x41,0x08,0x00,0x00,0x00,0x00,0x00,0x00,0x00,0x00,0x00,0x00,0x00,0x00,0xA3,0x18,0x14,0xA5,0x3C,0xE7,0xFF,0xFF,0xFF,0xFF,0x39,0xCE,0xAA,0x52,0xA3,0x18,0x00,0x00,0x00,0x00,0x00,0x00,0x00,0x00,0x00,0x00,
	0xA3,0x18,0x8E,0x73,0x39,0xCE,0xFF,0xFF,0xFF,0xFF,0xFF,0xFF,0xFF,0xFF,0xBE,0xF7,0x14,0xA5,0x41,0x08,0x00,0x00,0x00,0x00,0x00,0x00,0x00,0x00,0x00,0x00,0x8E,0x73,0x39,0xCE,0xFF,0xFF,0xFF,0xFF,0xBE,0xF7,0xFF,0xFF,0x3C,0xE7,0x14,0xA5,0x45,0x29,0x00,0x00,0x00,0x00,0x00,0x00,0x00,0x00,0x00,0x00,0xA3,0x18,0x8E,0x73,0x39,0xCE,
	0xFF,0xFF,0xFF,0xFF,0x51,0x8C,0x00,0x00,0x00,0x00,0x00,0x00,0x00,0x00,0x00,0x00,0x00,0x00,0x00,0x00,0x00,0x00,0x00,0x00,0x00,0x00,0x00,0x00,0x00,0x00,0x00,0x00,0xA3,0x18,0x39,0xCE,0xFF,0xFF,0xFF,0xFF,0x14,0xA5,0xAA,0x52,0x00,0x00,0x00,0x00,0x00,0x00,0x00,0x00,0xA3,0x18,0x45,0x29,0x08,0x42,0x51,0x8C,0x3C,0xE7,0xFF,0xFF,
	0xFF,0xFF,0xFF,0xFF,0x14,0xA5,0x45,0x29,0x00,0x00,0x00,0x00,0x00,0x00,0x00,0x00,0x00,0x00,0x00,0x00,0x41,0x08,0x08,0x42,0x14,0xA5,0xFF,0xFF,0xFF,0xFF,0xFF,0xFF,0xFF,0xFF,0x39,0xCE,0x51,0x8C,0x41,0x08,0x00,0x00,0x00,0x00,0x00,0x00,0x00,0x00,0x00,0x00,0xAA,0x52,0x14,0xA5,0xBE,0xF7,0xFF,0xFF,0xFF,0xFF,0xFF,0xFF,0x39,0xCE,
	0x8E,0x73,0x45,0x29,0x00,0x00,0x00,0x00,0x00,0x00,0x00,0x00,0x00,0x00,0xA3,0x18,0x8E,0x73,0x39,0xCE,0xFF,0xFF,0xFF,0xFF,0x14,0xA5,0x41,0x08,0x41,0x08,0x41,0x08,0x41,0x08,0x41,0x08,0x41,0x08,0x41,0x08,0x41,0x08,0x41,0x08,0x41,0x08,0x00,0x00,0x00,0x00,0x00,0x00,0xA3,0x18,0x39,0xCE,0xFF,0xFF,0xFF,0xFF,0x39,0xCE,0x8E,0x73,
	0xA3,0x18,0x41,0x08,0xA3,0x18,0x45,0x29,0xAA,0x52,0x8E,0x73,0x14,0xA5,0x3C,0xE7,0xFF,0xFF,0xFF,0xFF,0xFF,0xFF,0x3C,0xE7,0x51,0x8C,0x00,0x00,0x00,0x00,0x00,0x00,0x00,0x00,0x00,0x00,0x00,0x00,0x00,0x00,0x00,0x00,0xA3,0x18,0x14,0xA5,0xFF,0xFF,0xFF,0xFF,0xFF,0xFF,0xFF,0xFF,0x39,0xCE,0xAA,0x52,0x41,0x08,0x00,0x00,0x00,0x00,
	0x00,0x00,0x00,0x00,0x00,0x00,0x45,0x29,0x51,0x8C,0xBE,0xF7,0xFF,0xFF,0xFF,0xFF,0xFF,0xFF,0x39,0xCE,0x08,0x42,0x41,0x08,0x00,0x00,0x00,0x00,0x00,0x00,0x00,0x00,0x00,0x00,0xA3,0x18,0x8E,0x73,0x39,0xCE,0xFF,0xFF,0xFF,0xFF,0x3C,0xE7,0x39,0xCE,0x39,0xCE,0x39,0xCE,0x39,0xCE,0x39,0xCE,0x39,0xCE,0x39,0xCE,0x39,0xCE,0x39,0xCE,
	0x51,0x8C,0x08,0x42,0x41,0x08,0x00,0x00,0xA3,0x18,0x39,0xCE,0xFF,0xFF,0xFF,0xFF,0x3C,0xE7,0x3C,0xE7,0x39,0xCE,0x39,0xCE,0x39,0xCE,0x39,0xCE,0x39,0xCE,0x3C,0xE7,0xBE,0xF7,0xFF,0xFF,0xFF,0xFF,0xFF,0xFF,0x3C,0xE7,0x8E,0x73,0xA3,0x18,0x00,0x00,0x00,0x00,0x00,0x00,0x00,0x00,0x00,0x00,0x00,0x00,0x00,0x00,0x00,0x00,0x00,0x00,
	0x51,0x8C,0xFF,0xFF,0xFF,0xFF,0xFF,0xFF,0xFF,0xFF,0x14,0xA5,0x08,0x42,0x00,0x00,0x00,0x00,0x00,0x00,0x00,0x00,0x00,0x00,0x00,0x00,0xA3,0x18,0x8E,0x73,0xBE,0xF7,0xFF,0xFF,0xFF,0xFF,0xFF,0xFF,0x39,0xCE,0xA3,0x18,0x00,0x00,0x00,0x00,0x00,0x00,0x00,0x00,0x00,0x00,0x00,0x00,0x45,0x29,0x51,0x8C,0x3C,0xE7,0xFF,0xFF,0xFF,0xFF,
	0xFF,0xFF,0xFF,0xFF,0xFF,0xFF,0xFF,0xFF,0xFF,0xFF,0xFF,0xFF,0xFF,0xFF,0xFF,0xFF,0xFF,0xFF,0xFF,0xFF,0x39,0xCE,0x8E,0x73,0x41,0x08,0x00,0x00,0xA3,0x18,0x39,0xCE,0xFF,0xFF,0xFF,0xFF,0xFF,0xFF,0xFF,0xFF,0xFF,0xFF,0xFF,0xFF,0xFF,0xFF,0xFF,0xFF,0xFF,0xFF,0xFF,0xFF,0xFF,0xFF,0xFF,0xFF,0x3C,0xE7,0x39,0xCE,0x51,0x8C,0xA3,0x18,
	0x00,0x00,0x00,0x00,0x00,0x00,0x00,0x00,0x00,0x00,0x00,0x00,0x00,0x00,0x00,0x00,0x00,0x00,0x00,0x00,0x8E,0x73,0x3C,0xE7,0xFF,0xFF,0xFF,0xFF,0xFF,0xFF,0x8E,0x73,0xA3,0x18,0x00,0x00,0x00,0x00,0x00,0x00,0x00,0x00,0x00,0x00,0x00,0x00,0x00,0x00,0x08,0x42,0x3C,0xE7,0xFF,0xFF,0xFF,0xFF,0xFF,0xFF,0x14,0xA5,0x00,0x00,0x00,0x00,
	0x00,0x00,0x00,0x00,0x00,0x00,0x00,0x00,0x00,0x00,0x45,0x29,0x51,0x8C,0x3C,0xE7,0xFF,0xFF,0xFF,0xFF,0xFF,0xFF,0xFF,0xFF,0xFF,0xFF,0xFF,0xFF,0xFF,0xFF,0xFF,0xFF,0xFF,0xFF,0xFF,0xFF,0xFF,0xFF,0xFF,0xFF,0x39,0xCE,0xAA,0x52,0x41,0x08,0x00,0x00,0xA3,0x18,0x39,0xCE,0xFF,0xFF,0xFF,0xFF,0xFF,0xFF,0xFF,0xFF,0xFF,0xFF,0xFF,0xFF,
	0xFF,0xFF,0xFF,0xFF,0xFF,0xFF,0xFF,0xFF,0xFF,0xFF,0x3C,0xE7,0x14,0xA5,0x08,0x42,0x00,0x00,0x00,0x00,0x00,0x00,0x00,0x00,0x00,0x00,0x00,0x00,0x00,0x00,0x00,0x00,0x00,0x00,0x00,0x00,0x00,0x00,0x00,0x00,0x08,0x42,0x51,0x8C,0x51,0x8C,0x14,0xA5,0x51,0x8C,0x08,0x42,0x41,0x08,0x00,0x00,0x00,0x00,0x00,0x00,0x00,0x00,0x00,0x00,
	0x00,0x00,0x00,0x00,0xA3,0x18,0x51,0x8C,0x14,0xA5,0x51,0x8C,0x51,0x8C,0xAA,0x52,0x00,0x00,0x00,0x00,0x00,0x00,0x00,0x00,0x00,0x00,0x00,0x00,0x00,0x00,0xA3,0x18,0x08,0x42,0x8E,0x73,0x51,0x8C,0x51,0x8C,0x51,0x8C,0x51,0x8C,0x51,0x8C,0x51,0x8C,0x51,0x8C,0x51,0x8C,0x51,0x8C,0x51,0x8C,0x51,0x8C,0x51,0x8C,0x8E,0x73,0x45,0x29,
	0x00,0x00,0x00,0x00,0x41,0x08,0x8E,0x73,0x14,0xA5,0x51,0x8C,0x51,0x8C,0x51,0x8C,0x51,0x8C,0x51,0x8C,0x51,0x8C,0x51,0x8C,0x51,0x8C,0x51,0x8C,0x8E,0x73,0xAA,0x52,0x08,0x42,0xA3,0x18,0x00,0x00,0x00,0x00,0x00,0x00,0x00,0x00,0x00,0x00,0x00,0x00,0x00,0x00,0x00,0x00,0x00,0x00,0x00,0x00,0x00,0x00,0x00,0x00,0x41,0x08,0x45,0x29,
	0x45,0x29,0x45,0x29,0x45,0x29,0x41,0x08,0x00,0x00,0x00,0x00,0x00,0x00,0x00,0x00,0x00,0x00,0x00,0x00,0x00,0x00,0x00,0x00,0x41,0x08,0x45,0x29,0x45,0x29,0x45,0x29,0x45,0x29,0xA3,0x18,0x00,0x00,0x00,0x00,0x00,0x00,0x00,0x00,0x00,0x00,0x00,0x00,0x00,0x00,0x00,0x00,0xA3,0x18,0x45,0x29,0x45,0x29,0x45,0x29,0x45,0x29,0x45,0x29,
	0x45,0x29,0x45,0x29,0x45,0x29,0x45,0x29,0x45,0x29,0x45,0x29,0x45,0x29,0x45,0x29,0xA3,0x18,0x41,0x08,0x00,0x00,0x00,0x00,0x00,0x00,0x45,0x29,0x45,0x29,0x45,0x29,0x45,0x29,0x45,0x29,0x45,0x29,0x45,0x29,0x45,0x29,0x45,0x29,0x45,0x29,0x41,0x08,0x00,0x00,0x00,0x00,0x00,0x00,0x00,0x00,0x00,0x00,0x00,0x00,0x00,0x00,0x00,0x00,
	0x00,0x00,0x00,0x00,

	// Alpha Channel 
	0x00,0x00,0x00,0x00,0x00,0x00,0x00,0x00,0xFF,0xFF,0xFF,0x00,0x00,0x00,0x00,0x00,0x00,0x00,0x00,0x00,0x00,0x00,0x00,0x00,0x00,0x00,0x00,0x00,0x00,0x00,0xFF,0xFF,0xFF,0x00,0x00,0x00,0x00,0x00,0x00,0x00,0x00,0x00,0x00,0x00,0x00,0x00,0x00,0x00,0x00,0x00,0xFF,0xFF,0xFF,0x00,0x00,0x00,0x00,0x00,0x00,0x00,0x00,0x00,0x00,0x00,
	0x00,0x00,0x00,0x00,0x00,0x00,0x00,0x00,0x00,0x00,0xFF,0xFF,0xFF,0xFF,0xFF,0x00,0x00,0x00,0x00,0x00,0x00,0x00,0x00,0x00,0xFF,0xFF,0xFF,0xFF,0xFF,0x00,0x00,0x00,0x00,0x00,0x00,0x00,0x00,0xFF,0xFF,0xFF,0xFF,0xFF,0x00,0x00,0xFF,0xFF,0xFF,0xFF,0xFF,0xFF,0xFF,0xFF,0xFF,0xFF,0xFF,0xFF,0xFF,0xFF,0xFF,0x00,0x00,0x00,0x00,0xFF,
	0xFF,0xFF,0xFF,0xFF,0xFF,0xFF,0xFF,0xFF,0xFF,0xFF,0x00,0x00,0x00,0x00,0x00,0x00,0x00,0x00,0x00,0x00,0xFF,0xFF,0xFF,0xFF,0xFF,0xFF,0x00,0x00,0x00,0x00,0x00,0x00,0x00,0xFF,0xFF,0xFF,0xFF,0xFF,0xFF,0xFF,0x00,0x00,0x00,0x00,0x00,0x00,0x00,0xFF,0xFF,0xFF,0xFF,0xFF,0xFF,0xFF,0xFF,0xFF,0xFF,0xFF,0xFF,0xFF,0xFF,0xFF,0xFF,0xFF,
	0xFF,0xFF,0xFF,0xFF,0xFF,0xFF,0x00,0x00,0xFF,0xFF,0xFF,0xFF,0xFF,0xFF,0xFF,0xFF,0xFF,0xFF,0xFF,0xFF,0xFF,0xFF,0xFF,0x00,0x00,0x00,0x00,0x00,0x00,0x00,0xFF,0xFF,0xFF,0xFF,0xFF,0xFF,0xFF,0x00,0x00,0x00,0x00,0x00,0xFF,0xFF,0xFF,0xFF,0xFF,0xFF,0xFF,0xFF,0x00,0x00,0x00,0x00,0x00,0x00,0x00,0xFF,0xFF,0xFF,0xFF,0xFF,0xFF,0xFF,
	0xFF,0xFF,0xFF,0xFF,0xFF,0xFF,0xFF,0xFF,0xFF,0xFF,0xFF,0xFF,0xFF,0xFF,0xFF,0xFF,0xFF,0x00,0xFF,0xFF,0xFF,0xFF,0xFF,0xFF,0xFF,0xFF,0xFF,0xFF,0xFF,0xFF,0xFF,0xFF,0xFF,0xFF,0x00,0x00,0x00,0x00,0x00,0x00,0xFF,0xFF,0xFF,0xFF,0xFF,0xFF,0xFF,0x00,0x00,0x00,0x00,0x00,0xFF,0xFF,0xFF,0xFF,0xFF,0xFF,0xFF,0xFF,0x00,0x00,0x00,0x00,
	0x00,0x00,0xFF,0xFF,0xFF,0xFF,0xFF,0xFF,0xFF,0xFF,0xFF,0xFF,0xFF,0xFF,0xFF,0xFF,0xFF,0xFF,0xFF,0xFF,0xFF,0xFF,0xFF,0xFF,0xFF,0xFF,0xFF,0x00,0xFF,0xFF,0xFF,0xFF,0xFF,0xFF,0xFF,0xFF,0xFF,0xFF,0xFF,0xFF,0xFF,0xFF,0xFF,0xFF,0xFF,0xFF,0x00,0x00,0x00,0x00,0xFF,0xFF,0xFF,0xFF,0xFF,0xFF,0xFF,0x00,0x00,0x00,0x00,0x00,0xFF,0xFF,
	0xFF,0xFF,0xFF,0xFF,0xFF,0xFF,0x00,0x00,0x00,0x00,0x00,0xFF,0xFF,0xFF,0xFF,0xFF,0xFF,0xFF,0x00,0xFF,0xFF,0xFF,0xFF,0xFF,0xFF,0xFF,0xFF,0xFF,0xFF,0xFF,0xFF,0xFF,0xFF,0xFF,0xFF,0xFF,0xFF,0x00,0xFF,0xFF,0xFF,0xFF,0xFF,0xFF,0xFF,0xFF,0xFF,0xFF,0xFF,0xFF,0xFF,0xFF,0xFF,0xFF,0xFF,0xFF,0xFF,0x00,0x00,0x00,0x00,0xFF,0xFF,0xFF,
	0xFF,0xFF,0xFF,0x00,0x00,0x00,0x00,0x00,0xFF,0xFF,0xFF,0xFF,0xFF,0xFF,0xFF,0xFF,0x00,0x00,0x00,0x00,0x00,0xFF,0xFF,0xFF,0xFF,0xFF,0xFF,0xFF,0x00,0xFF,0xFF,0xFF,0xFF,0xFF,0xFF,0xFF,0xFF,0xFF,0xFF,0xFF,0xFF,0xFF,0xFF,0xFF,0xFF,0xFF,0x00,0x00,0xFF,0xFF,0xFF,0xFF,0xFF,0xFF,0xFF,0xFF,0xFF,0xFF,0xFF,0xFF,0xFF,0xFF,0xFF,0xFF,
	0xFF,0xFF,0xFF,0x00,0x00,0x00,0x00,0xFF,0xFF,0xFF,0xFF,0xFF,0xFF,0x00,0x00,0x00,0x00,0x00,0xFF,0xFF,0xFF,0xFF,0xFF,0xFF,0xFF,0xFF,0x00,0x00,0x00,0x00,0x00,0xFF,0xFF,0xFF,0xFF,0xFF,0xFF,0x00,0x00,0xFF,0xFF,0xFF,0xFF,0xFF,0xFF,0x00,0x00,0x00,0x00,0x00,0x00,0x00,0x00,0x00,0x00,0x00,0x00,0x00,0xFF,0xFF,0xFF,0xFF,0xFF,0xFF,
	0x00,0x00,0x00,0x00,0xFF,0xFF,0xFF,0xFF,0xFF,0xFF,0xFF,0xFF,0xFF,0xFF,0x00,0x00,0x00,0xFF,0xFF,0xFF,0xFF,0xFF,0xFF,0x00,0x00,0x00,0x00,0x00,0xFF,0xFF,0xFF,0xFF,0xFF,0xFF,0xFF,0xFF,0xFF,0x00,0x00,0x00,0x00,0xFF,0xFF,0xFF,0xFF,0xFF,0xFF,0x00,0x00,0xFF,0xFF,0xFF,0xFF,0xFF,0xFF,0x00,0x00,0x00,0x00,0x00,0x00,0x00,0x00,0x00,
	0x00,0x00,0x00,0x00,0xFF,0xFF,0xFF,0xFF,0xFF,0xFF,0xFF,0x00,0x00,0x00,0x00,0xFF,0xFF,0xFF,0xFF,0xFF,0xFF,0xFF,0xFF,0xFF,0xFF,0x00,0x00,0xFF,0xFF,0xFF,0xFF,0xFF,0xFF,0xFF,0x00,0x00,0x00,0xFF,0xFF,0xFF,0xFF,0xFF,0xFF,0xFF,0xFF,0xFF,0xFF,0xFF,0x00,0x00,0x00,0xFF,0xFF,0xFF,0xFF,0xFF,0xFF,0x00,0x00,0xFF,0xFF,0xFF,0xFF,0xFF,
	0xFF,0x00,0x00,0x00,0x00,0x00,0x00,0x00,0x00,0x00,0x00,0x00,0x00,0x00,0xFF,0xFF,0xFF,0xFF,0xFF,0xFF,0xFF,0x00,0x00,0x00,0x00,0x00,0x00,0x00,0xFF,0xFF,0xFF,0xFF,0xFF,0xFF,0xFF,0x00,0x00,0xFF,0xFF,0xFF,0xFF,0xFF,0xFF,0xFF,0x00,0x00,0x00,0xFF,0xFF,0xFF,0xFF,0xFF,0xFF,0xFF,0xFF,0xFF,0xFF,0xFF,0x00,0x00,0x00,0xFF,0xFF,0xFF,
	0xFF,0xFF,0xFF,0x00,0x00,0xFF,0xFF,0xFF,0xFF,0xFF,0xFF,0x00,0x00,0x00,0x00,0x00,0x00,0x00,0x00,0x00,0x00,0x00,0x00,0x00,0xFF,0xFF,0xFF,0xFF,0xFF,0xFF,0xFF,0x00,0x00,0x00,0x00,0x00,0x00,0x00,0xFF,0xFF,0xFF,0xFF,0xFF,0xFF,0xFF,0x00,0x00,0xFF,0xFF,0xFF,0xFF,0xFF,0xFF,0xFF,0xFF,0x00,0x00,0xFF,0xFF,0xFF,0xFF,0xFF,0xFF,0xFF,
	0xFF,0xFF,0xFF,0xFF,0x00,0x00,0xFF,0xFF,0xFF,0xFF,0xFF,0xFF,0xFF,0x00,0x00,0xFF,0xFF,0xFF,0xFF,0xFF,0xFF,0x00,0x00,0x00,0x00,0x00,0x00,0x00,0x00,0x00,0x00,0x00,0x00,0x00,0xFF,0xFF,0xFF,0xFF,0xFF,0xFF,0xFF,0x00,0x00,0x00,0x00,0x00,0x00,0x00,0x00,0xFF,0xFF,0xFF,0xFF,0xFF,0xFF,0x00,0x00,0x00,0xFF,0xFF,0xFF,0xFF,0xFF,0xFF,
	0xFF,0x00,0x00,0xFF,0xFF,0xFF,0xFF,0xFF,0xFF,0xFF,0xFF,0xFF,0xFF,0xFF,0x00,0x00,0xFF,0xFF,0xFF,0xFF,0xFF,0xFF,0xFF,0x00,0x00,0xFF,0xFF,0xFF,0xFF,0xFF,0xFF,0xFF,0xFF,0xFF,0xFF,0xFF,0xFF,0xFF,0xFF,0xFF,0xFF,0x00,0x00,0x00,0xFF,0xFF,0xFF,0xFF,0xFF,0xFF,0xFF,0x00,0x00,0x00,0x00,0x00,0x00,0x00,0x00,0xFF,0xFF,0xFF,0xFF,0xFF,
	0xFF,0xFF,0x00,0x00,0xFF,0xFF,0xFF,0xFF,0xFF,0xFF,0xFF,0x00,0x00,0xFF,0xFF,0xFF,0xFF,0xFF,0xFF,0xFF,0xFF,0xFF,0xFF,0xFF,0x00,0xFF,0xFF,0xFF,0xFF,0xFF,0xFF,0xFF,0x00,0x00,0x00,0xFF,0xFF,0xFF,0xFF,0xFF,0xFF,0xFF,0xFF,0xFF,0xFF,0xFF,0xFF,0xFF,0xFF,0xFF,0xFF,0x00,0x00,0x00,0xFF,0xFF,0xFF,0xFF,0xFF,0xFF,0xFF,0x00,0x00,0x00,
	0x00,0x00,0x00,0x00,0x00,0xFF,0xFF,0xFF,0xFF,0xFF,0xFF,0xFF,0x00,0x00,0x00,0xFF,0xFF,0xFF,0xFF,0xFF,0xFF,0x00,0xFF,0xFF,0xFF,0xFF,0xFF,0xFF,0xFF,0xFF,0xFF,0xFF,0xFF,0xFF,0xFF,0xFF,0xFF,0xFF,0xFF,0xFF,0xFF,0xFF,0x00,0x00,0x00,0xFF,0xFF,0xFF,0xFF,0xFF,0xFF,0xFF,0xFF,0xFF,0xFF,0xFF,0xFF,0xFF,0xFF,0xFF,0xFF,0x00,0x00,0x00,
	0xFF,0xFF,0xFF,0xFF,0xFF,0xFF,0xFF,0x00,0x00,0x00,0x00,0x00,0x00,0x00,0x00,0xFF,0xFF,0xFF,0xFF,0xFF,0xFF,0xFF,0x00,0x00,0x00,0xFF,0xFF,0xFF,0xFF,0xFF,0xFF,0x00,0xFF,0xFF,0xFF,0xFF,0xFF,0x00,0x00,0xFF,0xFF,0xFF,0xFF,0xFF,0xFF,0xFF,0xFF,0xFF,0xFF,0xFF,0xFF,0xFF,0x00,0x00,0x00,0xFF,0xFF,0xFF,0xFF,0xFF,0xFF,0xFF,0xFF,0xFF,
	0xFF,0xFF,0xFF,0xFF,0xFF,0xFF,0xFF,0x00,0x00,0x00,0xFF,0xFF,0xFF,0xFF,0xFF,0xFF,0xFF,0x00,0x00,0x00,0x00,0x00,0x00,0x00,0x00,0xFF,0xFF,0xFF,0xFF,0xFF,0xFF,0xFF,0x00,0x00,0x00,0xFF,0xFF,0xFF,0xFF,0xFF,0xFF,0xFF,0xFF,0xFF,0xFF,0xFF,0xFF,0x00,0x00,0xFF,0xFF,0xFF,0xFF,0xFF,0xFF,0xFF,0xFF,0xFF,0xFF,0xFF,0xFF,0xFF,0x00,0x00,
	0x00,0xFF,0xFF,0xFF,0xFF,0xFF,0xFF,0xFF,0xFF,0xFF,0xFF,0xFF,0xFF,0xFF,0xFF,0xFF,0xFF,0x00,0x00,0x00,0xFF,0xFF,0xFF,0xFF,0xFF,0xFF,0xFF,0x00,0x00,0x00,0x00,0x00,0x00,0x00,0x00,0xFF,0xFF,0xFF,0xFF,0xFF,0xFF,0xFF,0x00,0x00,0x00,0xFF,0xFF,0xFF,0xFF,0xFF,0xFF,0xFF,0xFF,0xFF,0xFF,0xFF,0xFF,0x00,0x00,0xFF,0xFF,0xFF,0xFF,0xFF,
	0xFF,0xFF,0xFF,0xFF,0xFF,0xFF,0xFF,0xFF,0x00,0x00,0x00,0xFF,0xFF,0xFF,0xFF,0xFF,0xFF,0xFF,0xFF,0xFF,0xFF,0xFF,0xFF,0xFF,0xFF,0xFF,0xFF,0x00,0x00,0x00,0xFF,0xFF,0xFF,0xFF,0xFF,0xFF,0xFF,0x00,0x00,0x00,0x00,0x00,0x00,0x00,0x00,0xFF,0xFF,0xFF,0xFF,0xFF,0xFF,0xFF,0x00,0x00,0x00,0x00,0xFF,0xFF,0xFF,0xFF,0xFF,0xFF,0xFF,0xFF,
	0xFF,0xFF,0xFF,0x00,0x00,0xFF,0xFF,0xFF,0xFF,0xFF,0xFF,0xFF,0xFF,0xFF,0xFF,0xFF,0xFF,0x00,0x00,0x00,0x00,0xFF,0xFF,0xFF,0xFF,0xFF,0xFF,0x00,0x00,0x00,0x00,0x00,0x00,0x00,0x00,0x00,0x00,0x00,0x00,0x00,0xFF,0xFF,0xFF,0xFF,0xFF,0xFF,0xFF,0x00,0x00,0x00,0x00,0x00,0x00,0x00,0x00,0xFF,0xFF,0xFF,0xFF,0xFF,0xFF,0x00,0x00,0x00,
	0x00,0x00,0xFF,0xFF,0xFF,0xFF,0xFF,0xFF,0xFF,0xFF,0xFF,0xFF,0xFF,0x00,0x00,0xFF,0xFF,0xFF,0xFF,0xFF,0xFF,0xFF,0xFF,0xFF,0xFF,0xFF,0xFF,0x00,0x00,0x00,0x00,0xFF,0xFF,0xFF,0xFF,0xFF,0xFF,0x00,0x00,0x00,0x00,0x00,0x00,0x00,0x00,0x00,0x00,0x00,0x00,0x00,0xFF,0xFF,0xFF,0xFF,0xFF,0xFF,0xFF,0x00,0x00,0x00,0x00,0x00,0x00,0x00,
	0x00,0xFF,0xFF,0xFF,0xFF,0xFF,0xFF,0x00,0x00,0x00,0x00,0x00,0xFF,0xFF,0xFF,0xFF,0xFF,0xFF,0xFF,0xFF,0xFF,0xFF,0xFF,0x00,0x00,0x00,0xFF,0xFF,0xFF,0xFF,0xFF,0xFF,0xFF,0xFF,0xFF,0xFF,0x00,0x00,0x00,0x00,0x00,0xFF,0xFF,0xFF,0xFF,0xFF,0xFF,0x00,0x00,0x00,0x00,0x00,0x00,0x00,0x00,0x00,0x00,0x00,0x00,0x00,0xFF,0xFF,0xFF,0xFF,
	0xFF,0xFF,0xFF,0x00,0x00,0x00,0x00,0x00,0x00,0xFF,0xFF,0xFF,0xFF,0xFF,0xFF,0xFF,0xFF,0x00,0x00,0x00,0x00,0x00,0xFF,0xFF,0xFF,0xFF,0xFF,0xFF,0xFF,0xFF,0xFF,0xFF,0x00,0x00,0x00,0x00,0x00,0xFF,0xFF,0xFF,0xFF,0xFF,0xFF,0xFF,0xFF,0xFF,0x00,0x00,0x00,0x00,0x00,0xFF,0xFF,0xFF,0xFF,0xFF,0xFF,0x00,0x00,0x00,0x00,0x00,0x00,0x00,
	0x00,0x00,0x00,0x00,0x00,0x00,0xFF,0xFF,0xFF,0xFF,0xFF,0xFF,0xFF,0x00,0x00,0x00,0x00,0x00,0x00,0xFF,0xFF,0xFF,0xFF,0xFF,0xFF,0xFF,0xFF,0x00,0x00,0x00,0x00,0x00,0xFF,0xFF,0xFF,0xFF,0xFF,0xFF,0xFF,0xFF,0xFF,0xFF,0x00,0x00,0x00,0x00,0x00,0xFF,0xFF,0xFF,0xFF,0xFF,0xFF,0xFF,0xFF,0xFF,0x00,0x00,0x00,0x00,0x00,0xFF,0xFF,0xFF,
	0xFF,0xFF,0xFF,0x00,0x00,0x00,0x00,0x00,0x00,0x00,0x00,0x00,0x00,0x00,0x00,0x00,0xFF,0xFF,0xFF,0xFF,0xFF,0xFF,0x00,0x00,0x00,0x00,0xFF,0xFF,0xFF,0xFF,0xFF,0xFF,0xFF,0xFF,0xFF,0xFF,0x00,0x00,0x00,0x00,0x00,0x00,0xFF,0xFF,0xFF,0xFF,0xFF,0xFF,0xFF,0xFF,0xFF,0xFF,0x00,0x00,0x00,0x00,0x00,0xFF,0xFF,0xFF,0xFF,0xFF,0xFF,0xFF,
	0xFF,0xFF,0x00,0x00,0x00,0x00,0x00,0xFF,0xFF,0xFF,0xFF,0xFF,0xFF,0xFF,0xFF,0xFF,0xFF,0xFF,0xFF,0xFF,0xFF,0xFF,0xFF,0x00,0x00,0x00,0xFF,0xFF,0xFF,0xFF,0xFF,0xFF,0xFF,0xFF,0xFF,0xFF,0xFF,0xFF,0xFF,0xFF,0xFF,0xFF,0xFF,0xFF,0xFF,0x00,0x00,0x00,0x00,0x00,0x00,0x00,0x00,0xFF,0xFF,0xFF,0xFF,0xFF,0xFF,0xFF,0xFF,0xFF,0x00,0x00,
	0x00,0x00,0x00,0xFF,0xFF,0xFF,0xFF,0xFF,0xFF,0xFF,0xFF,0xFF,0x00,0x00,0x00,0x00,0x00,0xFF,0xFF,0xFF,0xFF,0xFF,0xFF,0xFF,0xFF,0xFF,0xFF,0xFF,0xFF,0xFF,0xFF,0xFF,0xFF,0xFF,0xFF,0x00,0xFF,0xFF,0xFF,0xFF,0xFF,0xFF,0xFF,0xFF,0xFF,0xFF,0xFF,0xFF,0xFF,0xFF,0xFF,0xFF,0xFF,0xFF,0xFF,0x00,0x00,0x00,0x00,0x00,0x00,0x00,0x00,0x00,
	0xFF,0xFF,0xFF,0xFF,0xFF,0xFF,0xFF,0x00,0x00,0x00,0x00,0x00,0x00,0xFF,0xFF,0xFF,0xFF,0xFF,0xFF,0xFF,0xFF,0x00,0x00,0x00,0x00,0x00,0x00,0xFF,0xFF,0xFF,0xFF,0xFF,0xFF,0xFF,0xFF,0xFF,0xFF,0xFF,0xFF,0xFF,0xFF,0xFF,0xFF,0xFF,0xFF,0x00,0xFF,0xFF,0xFF,0xFF,0xFF,0xFF,0xFF,0xFF,0xFF,0xFF,0xFF,0xFF,0xFF,0xFF,0xFF,0xFF,0xFF,0xFF,
	0x00,0x00,0x00,0x00,0x00,0x00,0x00,0x00,0x00,0x00,0xFF,0xFF,0xFF,0xFF,0xFF,0xFF,0xFF,0x00,0x00,0x00,0x00,0x00,0x00,0x00,0xFF,0xFF,0xFF,0xFF,0xFF,0xFF,0x00,0x00,0x00,0x00,0x00,0x00,0x00,0xFF,0xFF,0xFF,0xFF,0xFF,0xFF,0xFF,0xFF,0xFF,0xFF,0xFF,0xFF,0xFF,0xFF,0xFF,0xFF,0xFF,0xFF,0x00,0xFF,0xFF,0xFF,0xFF,0xFF,0xFF,0xFF,0xFF,
	0xFF,0xFF,0xFF,0xFF,0xFF,0xFF,0xFF,0xFF,0x00,0x00,0x00,0x00,0x00,0x00,0x00,0x00,0x00,0x00,0x00,0x00,0xFF,0xFF,0xFF,0xFF,0xFF,0xFF,0xFF,0x00,0x00,0x00,0x00,0x00,0x00,0x00,0xFF,0xFF,0xFF,0xFF,0xFF,0xFF,0x00,0x00,0x00,0x00,0x00,0x00,0x00,0xFF,0xFF,0xFF,0xFF,0xFF,0xFF,0xFF,0xFF,0xFF,0xFF,0xFF,0xFF,0xFF,0xFF,0xFF,0xFF,0xFF,
	0x00,0x00,0xFF,0xFF,0xFF,0xFF,0xFF,0xFF,0xFF,0xFF,0xFF,0xFF,0xFF,0xFF,0xFF,0xFF,0xFF,0xFF,0x00,0x00,0x00,0x00,0x00,0x00,0x00,0x00,0x00,0x00,0x00,0x00,0xFF,0xFF,0xFF,0xFF,0xFF,0xFF,0x00,0x00,0x00,0x00,0x00,0x00,0x00,0x00,0xFF,0xFF,0xFF,0xFF,0xFF,0xFF,0x00,0x00,0x00,0x00,0x00,0x00,0x00,0x00,0xFF,0xFF,0xFF,0xFF,0xFF,0xFF,
	0xFF,0xFF,0xFF,0xFF,0xFF,0xFF,0xFF,0xFF,0xFF,0xFF,0x00,0x00,0x00,0xFF,0xFF,0xFF,0xFF,0xFF,0xFF,0xFF,0xFF,0xFF,0xFF,0xFF,0x00,0x00,0x00,0x00,0x00,0x00,0x00,0x00,0x00,0x00,
    };
        


const lv_img_dsc_t face_1889_2_390_dial_img_15_118736_2 = {
    .header.magic = LV_IMAGE_HEADER_MAGIC,
    .header.w = 74,
    .header.h = 29,
    .data_size = sizeof(face_1889_2_390_dial_img_15_118736_data_2),
    .header.cf = LV_COLOR_FORMAT_RGB565A8,
    .data = face_1889_2_390_dial_img_15_118736_data_2};

    
// LVGL 9 format (RGB565) // LVGL_9 compatible 
const LV_ATTRIBUTE_MEM_ALIGN uint8_t face_1889_2_390_dial_img_15_118736_data_3[] = {
	//RGB565 data 
	0x00,0x00,0x00,0x00,0x00,0x00,0x00,0x00,0x00,0x00,0x00,0x00,0x00,0x00,0x00,0x00,0x00,0x00,0x00,0x00,0x00,0x00,0x00,0x00,0x00,0x00,0x00,0x00,0x00,0x00,0x00,0x00,0x00,0x00,0x00,0x00,0x00,0x00,0x00,0x00,0x00,0x00,0x00,0x00,0x00,0x00,0x00,0x00,0x00,0x00,0x00,0x00,0x00,0x00,0x00,0x00,0x00,0x00,0x00,0x00,0x00,0x00,0x00,0x00,
	0x00,0x00,0x00,0x00,0x00,0x00,0x00,0x00,0x00,0x00,0x00,0x00,0x00,0x00,0x00,0x00,0x00,0x00,0x41,0x08,0x41,0x08,0x41,0x08,0x41,0x08,0x00,0x00,0x00,0x00,0x00,0x00,0x00,0x00,0x00,0x00,0x00,0x00,0x00,0x00,0x00,0x00,0x00,0x00,0x41,0x08,0x41,0x08,0x41,0x08,0x41,0x08,0x41,0x08,0x41,0x08,0x00,0x00,0x00,0x00,0x00,0x00,0x00,0x00,
	0x00,0x00,0x00,0x00,0x00,0x00,0x00,0x00,0x00,0x00,0x00,0x00,0x00,0x00,0x00,0x00,0x00,0x00,0x00,0x00,0x00,0x00,0x41,0x08,0xA3,0x18,0xA3,0x18,0xA3,0x18,0xA3,0x18,0x41,0x08,0x41,0x08,0x41,0x08,0x41,0x08,0x41,0x08,0x41,0x08,0xA3,0x18,0xA3,0x18,0xA3,0x18,0xA3,0x18,0xA3,0x18,0x41,0x08,0x00,0x00,0x00,0x00,0x00,0x00,0x41,0x08,
	0x41,0x08,0x41,0x08,0x41,0x08,0x41,0x08,0x00,0x00,0x00,0x00,0x00,0x00,0x00,0x00,0x00,0x00,0x00,0x00,0x00,0x00,0x00,0x00,0x00,0x00,0x00,0x00,0x00,0x00,0x41,0x08,0x41,0x08,0x41,0x08,0x00,0x00,0x00,0x00,0x00,0x00,0x00,0x00,0x00,0x00,0x41,0x08,0x41,0x08,0x41,0x08,0x41,0x08,0x00,0x00,0x00,0x00,0x00,0x00,0x00,0x00,0x00,0x00,
	0x00,0x00,0x00,0x00,0x00,0x00,0x00,0x00,0x00,0x00,0x00,0x00,0x00,0x00,0x41,0x08,0x41,0x08,0x41,0x08,0x41,0x08,0x00,0x00,0x00,0x00,0x00,0x00,0x00,0x00,0x00,0x00,0x00,0x00,0x00,0x00,0x00,0x00,0x00,0x00,0x41,0x08,0x45,0x29,0x08,0x42,0xAA,0x52,0x08,0x42,0x08,0x42,0x08,0x42,0x08,0x42,0x08,0x42,0x08,0x42,0x08,0x42,0x08,0x42,
	0x08,0x42,0x08,0x42,0x08,0x42,0x08,0x42,0xAA,0x52,0x45,0x29,0xA3,0x18,0x00,0x00,0x41,0x08,0x45,0x29,0x08,0x42,0x08,0x42,0x08,0x42,0x45,0x29,0x00,0x00,0x00,0x00,0x00,0x00,0x00,0x00,0x00,0x00,0x00,0x00,0x00,0x00,0x00,0x00,0x00,0x00,0x41,0x08,0xA3,0x18,0x08,0x42,0xAA,0x52,0x08,0x42,0x45,0x29,0x41,0x08,0x00,0x00,0x00,0x00,
	0x41,0x08,0x08,0x42,0xAA,0x52,0x08,0x42,0x45,0x29,0xA3,0x18,0x00,0x00,0x00,0x00,0x00,0x00,0x00,0x00,0x00,0x00,0x00,0x00,0x00,0x00,0x00,0x00,0x00,0x00,0x41,0x08,0x45,0x29,0x08,0x42,0xAA,0x52,0x08,0x42,0xA3,0x18,0x00,0x00,0x00,0x00,0x00,0x00,0x00,0x00,0x00,0x00,0x00,0x00,0x00,0x00,0x00,0x00,0x00,0x00,0x45,0x29,0x8E,0x73,
	0x39,0xCE,0x39,0xCE,0x39,0xCE,0x39,0xCE,0x39,0xCE,0x39,0xCE,0x39,0xCE,0x39,0xCE,0x39,0xCE,0x39,0xCE,0x39,0xCE,0x39,0xCE,0x39,0xCE,0x39,0xCE,0x39,0xCE,0x14,0xA5,0x45,0x29,0x00,0x00,0xA3,0x18,0x51,0x8C,0x39,0xCE,0x39,0xCE,0x14,0xA5,0x8E,0x73,0x00,0x00,0x00,0x00,0x00,0x00,0x00,0x00,0x00,0x00,0x00,0x00,0x00,0x00,0x00,0x00,
	0x00,0x00,0xA3,0x18,0xAA,0x52,0x14,0xA5,0x39,0xCE,0x39,0xCE,0xAA,0x52,0xA3,0x18,0x00,0x00,0x00,0x00,0xA3,0x18,0x14,0xA5,0x39,0xCE,0x39,0xCE,0x51,0x8C,0x08,0x42,0x41,0x08,0x00,0x00,0x00,0x00,0x00,0x00,0x00,0x00,0x00,0x00,0x00,0x00,0x00,0x00,0x00,0x00,0x45,0x29,0x8E,0x73,0x39,0xCE,0x39,0xCE,0x39,0xCE,0xAA,0x52,0x00,0x00,
	0x00,0x00,0x00,0x00,0x00,0x00,0x00,0x00,0x00,0x00,0x00,0x00,0x00,0x00,0x00,0x00,0x08,0x42,0x14,0xA5,0xFF,0xFF,0xFF,0xFF,0xFF,0xFF,0xFF,0xFF,0xFF,0xFF,0xFF,0xFF,0xFF,0xFF,0xFF,0xFF,0xFF,0xFF,0xFF,0xFF,0xFF,0xFF,0xFF,0xFF,0xFF,0xFF,0xFF,0xFF,0xFF,0xFF,0x39,0xCE,0x08,0x42,0x00,0x00,0x45,0x29,0x39,0xCE,0xFF,0xFF,0xFF,0xFF,
	0xBE,0xF7,0x51,0x8C,0x00,0x00,0x00,0x00,0x00,0x00,0x00,0x00,0x00,0x00,0x00,0x00,0x00,0x00,0x00,0x00,0x00,0x00,0xA3,0x18,0x8E,0x73,0xBE,0xF7,0xFF,0xFF,0xFF,0xFF,0x51,0x8C,0x45,0x29,0x00,0x00,0x00,0x00,0xA3,0x18,0x3C,0xE7,0xFF,0xFF,0xFF,0xFF,0x39,0xCE,0xAA,0x52,0x41,0x08,0x00,0x00,0x00,0x00,0x00,0x00,0x00,0x00,0x00,0x00,
	0x00,0x00,0x00,0x00,0x00,0x00,0x08,0x42,0x14,0xA5,0xBE,0xF7,0xFF,0xFF,0xFF,0xFF,0x8E,0x73,0x00,0x00,0x00,0x00,0x00,0x00,0x00,0x00,0x00,0x00,0x00,0x00,0x00,0x00,0x00,0x00,0x00,0x00,0x45,0x29,0x51,0x8C,0xFF,0xFF,0xFF,0xFF,0xFF,0xFF,0xFF,0xFF,0xFF,0xFF,0xFF,0xFF,0xFF,0xFF,0xFF,0xFF,0xFF,0xFF,0xFF,0xFF,0xFF,0xFF,0xFF,0xFF,
	0xFF,0xFF,0xFF,0xFF,0xFF,0xFF,0x39,0xCE,0x08,0x42,0x00,0x00,0xA3,0x18,0x14,0xA5,0xBE,0xF7,0xFF,0xFF,0x3C,0xE7,0x51,0x8C,0x00,0x00,0x00,0x00,0x00,0x00,0x00,0x00,0x00,0x00,0x00,0x00,0x00,0x00,0x00,0x00,0x00,0x00,0xA3,0x18,0xAA,0x52,0x3C,0xE7,0xFF,0xFF,0xFF,0xFF,0x8E,0x73,0x45,0x29,0x00,0x00,0x00,0x00,0xA3,0x18,0x39,0xCE,
	0xFF,0xFF,0xFF,0xFF,0x14,0xA5,0xAA,0x52,0x41,0x08,0x00,0x00,0x00,0x00,0x00,0x00,0x00,0x00,0x00,0x00,0x00,0x00,0x00,0x00,0x00,0x00,0x08,0x42,0x51,0x8C,0x3C,0xE7,0xFF,0xFF,0xFF,0xFF,0xAA,0x52,0x00,0x00,0x00,0x00,0x00,0x00,0x00,0x00,0x00,0x00,0x00,0x00,0x00,0x00,0x00,0x00,0x00,0x00,0xA3,0x18,0x08,0x42,0x8E,0x73,0x8E,0x73,
	0x8E,0x73,0x8E,0x73,0x51,0x8C,0x14,0xA5,0xBE,0xF7,0xFF,0xFF,0xFF,0xFF,0x39,0xCE,0x51,0x8C,0x8E,0x73,0x8E,0x73,0x8E,0x73,0x8E,0x73,0xAA,0x52,0xA3,0x18,0x00,0x00,0x45,0x29,0x14,0xA5,0xBE,0xF7,0xFF,0xFF,0x3C,0xE7,0x51,0x8C,0x00,0x00,0x00,0x00,0x00,0x00,0x00,0x00,0x00,0x00,0x00,0x00,0x00,0x00,0x00,0x00,0x00,0x00,0xA3,0x18,
	0xAA,0x52,0x3C,0xE7,0xFF,0xFF,0xBE,0xF7,0x8E,0x73,0x45,0x29,0x00,0x00,0x00,0x00,0xA3,0x18,0x39,0xCE,0xFF,0xFF,0xFF,0xFF,0x14,0xA5,0xAA,0x52,0x41,0x08,0x00,0x00,0x00,0x00,0x00,0x00,0x00,0x00,0x00,0x00,0x00,0x00,0x00,0x00,0x00,0x00,0x08,0x42,0x51,0x8C,0x3C,0xE7,0xFF,0xFF,0xFF,0xFF,0xAA,0x52,0x00,0x00,0x00,0x00,0x00,0x00,
	0x00,0x00,0x00,0x00,0x00,0x00,0x00,0x00,0x00,0x00,0x00,0x00,0x00,0x00,0x00,0x00,0x00,0x00,0x00,0x00,0x00,0x00,0x00,0x00,0x41,0x08,0xAA,0x52,0x3C,0xE7,0xFF,0xFF,0xFF,0xFF,0x8E,0x73,0xA3,0x18,0x00,0x00,0x00,0x00,0x00,0x00,0x00,0x00,0x00,0x00,0x00,0x00,0x00,0x00,0x45,0x29,0x14,0xA5,0xBE,0xF7,0xFF,0xFF,0x3C,0xE7,0x51,0x8C,
	0x00,0x00,0x00,0x00,0x00,0x00,0x00,0x00,0x00,0x00,0x00,0x00,0x00,0x00,0x00,0x00,0x00,0x00,0xA3,0x18,0xAA,0x52,0x3C,0xE7,0xFF,0xFF,0xBE,0xF7,0x8E,0x73,0x45,0x29,0x00,0x00,0x00,0x00,0xA3,0x18,0x39,0xCE,0xFF,0xFF,0xFF,0xFF,0x14,0xA5,0xAA,0x52,0x41,0x08,0x00,0x00,0x00,0x00,0x00,0x00,0x00,0x00,0x00,0x00,0x00,0x00,0x00,0x00,
	0x00,0x00,0x08,0x42,0x51,0x8C,0x3C,0xE7,0xFF,0xFF,0xFF,0xFF,0xAA,0x52,0x00,0x00,0x00,0x00,0x00,0x00,0x00,0x00,0x00,0x00,0x00,0x00,0x00,0x00,0x00,0x00,0x00,0x00,0x00,0x00,0x00,0x00,0x00,0x00,0x00,0x00,0x00,0x00,0x00,0x00,0xA3,0x18,0xAA,0x52,0x3C,0xE7,0xFF,0xFF,0xFF,0xFF,0x51,0x8C,0xA3,0x18,0x00,0x00,0x00,0x00,0x00,0x00,
	0x00,0x00,0x00,0x00,0x00,0x00,0x00,0x00,0x45,0x29,0x14,0xA5,0xBE,0xF7,0xFF,0xFF,0x3C,0xE7,0x51,0x8C,0x00,0x00,0x00,0x00,0x00,0x00,0x00,0x00,0x00,0x00,0x00,0x00,0x00,0x00,0x00,0x00,0x00,0x00,0xA3,0x18,0xAA,0x52,0x3C,0xE7,0xFF,0xFF,0xBE,0xF7,0x8E,0x73,0x45,0x29,0x00,0x00,0x00,0x00,0xA3,0x18,0x39,0xCE,0xFF,0xFF,0xFF,0xFF,
	0x14,0xA5,0xAA,0x52,0x41,0x08,0x00,0x00,0x00,0x00,0x00,0x00,0x00,0x00,0x00,0x00,0x00,0x00,0x00,0x00,0x00,0x00,0x08,0x42,0x51,0x8C,0x3C,0xE7,0xFF,0xFF,0xFF,0xFF,0xAA,0x52,0x00,0x00,0x00,0x00,0x00,0x00,0x00,0x00,0x00,0x00,0x00,0x00,0x00,0x00,0x00,0x00,0x00,0x00,0x00,0x00,0x00,0x00,0x00,0x00,0x00,0x00,0x00,0x00,0x00,0x00,
	0xA3,0x18,0xAA,0x52,0x3C,0xE7,0xFF,0xFF,0xFF,0xFF,0x51,0x8C,0x45,0x29,0x00,0x00,0x00,0x00,0x00,0x00,0x00,0x00,0x00,0x00,0x00,0x00,0x00,0x00,0x45,0x29,0x14,0xA5,0xBE,0xF7,0xFF,0xFF,0x3C,0xE7,0x51,0x8C,0x00,0x00,0x00,0x00,0x00,0x00,0x00,0x00,0x00,0x00,0x00,0x00,0x00,0x00,0x00,0x00,0x00,0x00,0xA3,0x18,0xAA,0x52,0x3C,0xE7,
	0xFF,0xFF,0xBE,0xF7,0x8E,0x73,0x45,0x29,0x00,0x00,0x00,0x00,0xA3,0x18,0x39,0xCE,0xFF,0xFF,0xFF,0xFF,0x14,0xA5,0xAA,0x52,0x41,0x08,0x00,0x00,0x00,0x00,0x00,0x00,0x00,0x00,0x00,0x00,0x00,0x00,0x00,0x00,0x00,0x00,0x08,0x42,0x51,0x8C,0x3C,0xE7,0xFF,0xFF,0xFF,0xFF,0xAA,0x52,0x00,0x00,0x00,0x00,0x00,0x00,0x00,0x00,0x00,0x00,
	0x00,0x00,0x00,0x00,0x00,0x00,0x00,0x00,0x00,0x00,0x00,0x00,0x00,0x00,0x00,0x00,0x00,0x00,0x00,0x00,0xA3,0x18,0xAA,0x52,0x3C,0xE7,0xFF,0xFF,0xFF,0xFF,0x51,0x8C,0x45,0x29,0x00,0x00,0x00,0x00,0x00,0x00,0x00,0x00,0x00,0x00,0x00,0x00,0x00,0x00,0x45,0x29,0x14,0xA5,0xBE,0xF7,0xFF,0xFF,0x3C,0xE7,0x51,0x8C,0x00,0x00,0x00,0x00,
	0x00,0x00,0x00,0x00,0x00,0x00,0x00,0x00,0x00,0x00,0x00,0x00,0x00,0x00,0xA3,0x18,0xAA,0x52,0x3C,0xE7,0xFF,0xFF,0xBE,0xF7,0x8E,0x73,0x45,0x29,0x00,0x00,0x00,0x00,0xA3,0x18,0x39,0xCE,0xFF,0xFF,0xFF,0xFF,0x14,0xA5,0xAA,0x52,0x41,0x08,0x00,0x00,0x00,0x00,0x00,0x00,0x00,0x00,0x00,0x00,0x00,0x00,0x00,0x00,0x00,0x00,0x08,0x42,
	0x51,0x8C,0x3C,0xE7,0xFF,0xFF,0xFF,0xFF,0xAA,0x52,0x00,0x00,0x00,0x00,0x00,0x00,0x00,0x00,0x00,0x00,0x00,0x00,0x00,0x00,0x00,0x00,0x00,0x00,0x00,0x00,0x00,0x00,0x00,0x00,0x00,0x00,0x00,0x00,0x00,0x00,0xA3,0x18,0xAA,0x52,0x3C,0xE7,0xFF,0xFF,0xFF,0xFF,0x51,0x8C,0x45,0x29,0x00,0x00,0x00,0x00,0x00,0x00,0x00,0x00,0x00,0x00,
	0x00,0x00,0x00,0x00,0x45,0x29,0x14,0xA5,0xBE,0xF7,0xFF,0xFF,0x3C,0xE7,0x8E,0x73,0x00,0x00,0x00,0x00,0x00,0x00,0x00,0x00,0x00,0x00,0x00,0x00,0x00,0x00,0x00,0x00,0x00,0x00,0x41,0x08,0xAA,0x52,0x3C,0xE7,0xFF,0xFF,0xBE,0xF7,0x8E,0x73,0x45,0x29,0x00,0x00,0x00,0x00,0xA3,0x18,0x39,0xCE,0xFF,0xFF,0xFF,0xFF,0x14,0xA5,0xAA,0x52,
	0x41,0x08,0x00,0x00,0x00,0x00,0x00,0x00,0x00,0x00,0x00,0x00,0x00,0x00,0x00,0x00,0x00,0x00,0x08,0x42,0x51,0x8C,0x3C,0xE7,0xFF,0xFF,0xFF,0xFF,0xAA,0x52,0x00,0x00,0x00,0x00,0x00,0x00,0x00,0x00,0x00,0x00,0x00,0x00,0x00,0x00,0x00,0x00,0x00,0x00,0x00,0x00,0x00,0x00,0x00,0x00,0x00,0x00,0x00,0x00,0x00,0x00,0xA3,0x18,0xAA,0x52,
	0x3C,0xE7,0xFF,0xFF,0xFF,0xFF,0x51,0x8C,0x45,0x29,0x00,0x00,0x00,0x00,0x00,0x00,0x00,0x00,0x00,0x00,0x00,0x00,0x00,0x00,0x45,0x29,0x14,0xA5,0xBE,0xF7,0xFF,0xFF,0x3C,0xE7,0x14,0xA5,0x08,0x42,0x45,0x29,0x45,0x29,0x45,0x29,0x45,0x29,0x45,0x29,0x45,0x29,0x45,0x29,0x45,0x29,0x08,0x42,0x51,0x8C,0x3C,0xE7,0xFF,0xFF,0xBE,0xF7,
	0x8E,0x73,0x45,0x29,0x00,0x00,0x00,0x00,0xA3,0x18,0x39,0xCE,0xFF,0xFF,0xFF,0xFF,0x14,0xA5,0xAA,0x52,0x41,0x08,0x00,0x00,0x00,0x00,0x00,0x00,0x00,0x00,0x00,0x00,0x00,0x00,0x00,0x00,0x00,0x00,0x08,0x42,0x51,0x8C,0x3C,0xE7,0xFF,0xFF,0xFF,0xFF,0xAA,0x52,0x00,0x00,0x00,0x00,0x00,0x00,0x00,0x00,0x00,0x00,0x00,0x00,0x00,0x00,
	0x00,0x00,0x00,0x00,0x00,0x00,0x00,0x00,0x00,0x00,0x00,0x00,0x00,0x00,0x00,0x00,0xA3,0x18,0xAA,0x52,0x3C,0xE7,0xFF,0xFF,0xFF,0xFF,0x51,0x8C,0x45,0x29,0x00,0x00,0x00,0x00,0x00,0x00,0x00,0x00,0x00,0x00,0x00,0x00,0x00,0x00,0x45,0x29,0x14,0xA5,0xBE,0xF7,0xFF,0xFF,0xFF,0xFF,0xBE,0xF7,0x3C,0xE7,0x3C,0xE7,0x3C,0xE7,0x3C,0xE7,
	0x3C,0xE7,0x3C,0xE7,0x3C,0xE7,0x3C,0xE7,0x3C,0xE7,0x3C,0xE7,0xBE,0xF7,0xFF,0xFF,0xFF,0xFF,0xBE,0xF7,0x8E,0x73,0x45,0x29,0x00,0x00,0x00,0x00,0xA3,0x18,0x39,0xCE,0xFF,0xFF,0xFF,0xFF,0x14,0xA5,0xAA,0x52,0x41,0x08,0x00,0x00,0x00,0x00,0x00,0x00,0x00,0x00,0x00,0x00,0x00,0x00,0x00,0x00,0x00,0x00,0x08,0x42,0x51,0x8C,0x3C,0xE7,
	0xFF,0xFF,0xFF,0xFF,0xAA,0x52,0x00,0x00,0x00,0x00,0x00,0x00,0x00,0x00,0x00,0x00,0x00,0x00,0x00,0x00,0x00,0x00,0x00,0x00,0x00,0x00,0x00,0x00,0x00,0x00,0x00,0x00,0x00,0x00,0x00,0x00,0xA3,0x18,0xAA,0x52,0x3C,0xE7,0xFF,0xFF,0xFF,0xFF,0x51,0x8C,0x45,0x29,0x00,0x00,0x00,0x00,0x00,0x00,0x00,0x00,0x00,0x00,0x00,0x00,0x00,0x00,
	0x45,0x29,0x14,0xA5,0xBE,0xF7,0xFF,0xFF,0xFF,0xFF,0xFF,0xFF,0xFF,0xFF,0xFF,0xFF,0xFF,0xFF,0xFF,0xFF,0xFF,0xFF,0xFF,0xFF,0xFF,0xFF,0xFF,0xFF,0xFF,0xFF,0xFF,0xFF,0xFF,0xFF,0xFF,0xFF,0xFF,0xFF,0xBE,0xF7,0x8E,0x73,0x45,0x29,0x00,0x00,0x00,0x00,0xA3,0x18,0x39,0xCE,0xFF,0xFF,0xFF,0xFF,0x14,0xA5,0xAA,0x52,0x41,0x08,0x00,0x00,
	0x00,0x00,0x00,0x00,0x00,0x00,0x00,0x00,0x00,0x00,0x00,0x00,0x00,0x00,0x08,0x42,0x51,0x8C,0x3C,0xE7,0xFF,0xFF,0xFF,0xFF,0xAA,0x52,0x00,0x00,0x00,0x00,0x00,0x00,0x00,0x00,0x00,0x00,0x00,0x00,0x00,0x00,0x00,0x00,0x00,0x00,0x00,0x00,0x00,0x00,0x00,0x00,0x00,0x00,0x00,0x00,0x00,0x00,0xA3,0x18,0xAA,0x52,0x3C,0xE7,0xFF,0xFF,
	0xFF,0xFF,0x51,0x8C,0x45,0x29,0x00,0x00,0x00,0x00,0x00,0x00,0x00,0x00,0x00,0x00,0x00,0x00,0x00,0x00,0x45,0x29,0x14,0xA5,0xBE,0xF7,0xFF,0xFF,0xFF,0xFF,0xBE,0xF7,0xBE,0xF7,0xBE,0xF7,0xBE,0xF7,0xBE,0xF7,0xBE,0xF7,0xBE,0xF7,0xBE,0xF7,0xBE,0xF7,0xBE,0xF7,0xBE,0xF7,0xBE,0xF7,0xFF,0xFF,0xFF,0xFF,0xBE,0xF7,0x8E,0x73,0x45,0x29,
	0x00,0x00,0x00,0x00,0xA3,0x18,0x39,0xCE,0xFF,0xFF,0xFF,0xFF,0x14,0xA5,0xAA,0x52,0x41,0x08,0x00,0x00,0x00,0x00,0x00,0x00,0x00,0x00,0x00,0x00,0x00,0x00,0x00,0x00,0x00,0x00,0x08,0x42,0x51,0x8C,0x3C,0xE7,0xFF,0xFF,0xFF,0xFF,0xAA,0x52,0x00,0x00,0x00,0x00,0x00,0x00,0x00,0x00,0x00,0x00,0x00,0x00,0x00,0x00,0x00,0x00,0x00,0x00,
	0x00,0x00,0x00,0x00,0x00,0x00,0x00,0x00,0x00,0x00,0x00,0x00,0xA3,0x18,0xAA,0x52,0x3C,0xE7,0xFF,0xFF,0xFF,0xFF,0x51,0x8C,0x45,0x29,0x00,0x00,0x00,0x00,0x00,0x00,0x00,0x00,0x00,0x00,0x00,0x00,0x00,0x00,0x45,0x29,0x14,0xA5,0xBE,0xF7,0xFF,0xFF,0xBE,0xF7,0x39,0xCE,0x8E,0x73,0x8E,0x73,0x8E,0x73,0x8E,0x73,0x8E,0x73,0x8E,0x73,
	0x8E,0x73,0x8E,0x73,0x8E,0x73,0x8E,0x73,0x14,0xA5,0xBE,0xF7,0xFF,0xFF,0xBE,0xF7,0x8E,0x73,0x45,0x29,0x00,0x00,0x00,0x00,0xA3,0x18,0x39,0xCE,0xFF,0xFF,0xFF,0xFF,0x14,0xA5,0xAA,0x52,0x41,0x08,0x00,0x00,0x00,0x00,0x00,0x00,0x00,0x00,0x00,0x00,0x00,0x00,0x00,0x00,0x00,0x00,0x08,0x42,0x51,0x8C,0x3C,0xE7,0xFF,0xFF,0xFF,0xFF,
	0xAA,0x52,0x00,0x00,0x00,0x00,0x00,0x00,0x00,0x00,0x00,0x00,0x00,0x00,0x00,0x00,0x00,0x00,0x00,0x00,0x00,0x00,0x00,0x00,0x00,0x00,0x00,0x00,0x00,0x00,0x00,0x00,0xA3,0x18,0xAA,0x52,0x3C,0xE7,0xFF,0xFF,0xFF,0xFF,0x51,0x8C,0x45,0x29,0x00,0x00,0x00,0x00,0x00,0x00,0x00,0x00,0x00,0x00,0x00,0x00,0x00,0x00,0x45,0x29,0x14,0xA5,
	0xBE,0xF7,0xFF,0xFF,0x3C,0xE7,0x51,0x8C,0xA3,0x18,0xA3,0x18,0xA3,0x18,0xA3,0x18,0xA3,0x18,0xA3,0x18,0xA3,0x18,0xA3,0x18,0xA3,0x18,0x45,0x29,0x8E,0x73,0x3C,0xE7,0xFF,0xFF,0xBE,0xF7,0x8E,0x73,0x45,0x29,0x00,0x00,0x00,0x00,0xA3,0x18,0x39,0xCE,0xFF,0xFF,0xFF,0xFF,0x14,0xA5,0xAA,0x52,0x41,0x08,0x00,0x00,0x00,0x00,0x00,0x00,
	0x00,0x00,0x00,0x00,0x00,0x00,0x00,0x00,0x00,0x00,0x45,0x29,0x51,0x8C,0x3C,0xE7,0xFF,0xFF,0xFF,0xFF,0xAA,0x52,0x00,0x00,0x00,0x00,0x00,0x00,0x00,0x00,0x00,0x00,0x00,0x00,0x00,0x00,0x00,0x00,0x00,0x00,0x00,0x00,0x00,0x00,0x00,0x00,0x00,0x00,0x00,0x00,0x00,0x00,0xA3,0x18,0xAA,0x52,0x3C,0xE7,0xFF,0xFF,0xFF,0xFF,0x51,0x8C,
	0x45,0x29,0x00,0x00,0x00,0x00,0x00,0x00,0x00,0x00,0x00,0x00,0x00,0x00,0x00,0x00,0x45,0x29,0x14,0xA5,0xBE,0xF7,0xFF,0xFF,0x3C,0xE7,0x51,0x8C,0x00,0x00,0x00,0x00,0x00,0x00,0x00,0x00,0x00,0x00,0x00,0x00,0x00,0x00,0x00,0x00,0x00,0x00,0xA3,0x18,0xAA,0x52,0x3C,0xE7,0xFF,0xFF,0xBE,0xF7,0x8E,0x73,0x45,0x29,0x00,0x00,0x00,0x00,
	0xA3,0x18,0x39,0xCE,0xFF,0xFF,0xFF,0xFF,0x14,0xA5,0xAA,0x52,0x41,0x08,0x00,0x00,0x00,0x00,0x00,0x00,0x00,0x00,0x00,0x00,0x00,0x00,0x00,0x00,0x00,0x00,0x08,0x42,0x51,0x8C,0x3C,0xE7,0xFF,0xFF,0xFF,0xFF,0xAA,0x52,0x00,0x00,0x00,0x00,0x00,0x00,0x00,0x00,0x00,0x00,0x00,0x00,0x00,0x00,0x00,0x00,0x00,0x00,0x00,0x00,0x00,0x00,
	0x00,0x00,0x00,0x00,0x00,0x00,0x00,0x00,0xA3,0x18,0xAA,0x52,0x3C,0xE7,0xFF,0xFF,0xFF,0xFF,0x51,0x8C,0x45,0x29,0x00,0x00,0x00,0x00,0x00,0x00,0x00,0x00,0x00,0x00,0x00,0x00,0x00,0x00,0x45,0x29,0x14,0xA5,0xBE,0xF7,0xFF,0xFF,0x3C,0xE7,0x51,0x8C,0x00,0x00,0x00,0x00,0x00,0x00,0x00,0x00,0x00,0x00,0x00,0x00,0x00,0x00,0x00,0x00,
	0x00,0x00,0xA3,0x18,0xAA,0x52,0x3C,0xE7,0xFF,0xFF,0xBE,0xF7,0x8E,0x73,0x45,0x29,0x00,0x00,0x00,0x00,0xA3,0x18,0x39,0xCE,0xFF,0xFF,0xFF,0xFF,0x14,0xA5,0xAA,0x52,0x41,0x08,0x00,0x00,0x00,0x00,0x00,0x00,0x00,0x00,0x00,0x00,0x00,0x00,0x00,0x00,0x00,0x00,0xAA,0x52,0x39,0xCE,0xBE,0xF7,0xFF,0xFF,0x3C,0xE7,0xAA,0x52,0x00,0x00,
	0x00,0x00,0x00,0x00,0x00,0x00,0x00,0x00,0x00,0x00,0x00,0x00,0x00,0x00,0x00,0x00,0x00,0x00,0x00,0x00,0x00,0x00,0x00,0x00,0x00,0x00,0x00,0x00,0xA3,0x18,0xAA,0x52,0x3C,0xE7,0xFF,0xFF,0xFF,0xFF,0x51,0x8C,0x45,0x29,0x00,0x00,0x00,0x00,0x00,0x00,0x00,0x00,0x00,0x00,0x00,0x00,0x00,0x00,0x45,0x29,0x14,0xA5,0xBE,0xF7,0xFF,0xFF,
	0x3C,0xE7,0x51,0x8C,0x00,0x00,0x00,0x00,0x00,0x00,0x00,0x00,0x00,0x00,0x00,0x00,0x00,0x00,0x00,0x00,0x00,0x00,0xA3,0x18,0xAA,0x52,0x3C,0xE7,0xFF,0xFF,0xBE,0xF7,0x8E,0x73,0x45,0x29,0x00,0x00,0x00,0x00,0xA3,0x18,0x39,0xCE,0xFF,0xFF,0xFF,0xFF,0x39,0xCE,0x8E,0x73,0x41,0x08,0x00,0x00,0x00,0x00,0x00,0x00,0x00,0x00,0x00,0x00,
	0x00,0x00,0x00,0x00,0x00,0x00,0xAA,0x52,0x3C,0xE7,0xFF,0xFF,0xFF,0xFF,0x39,0xCE,0xAA,0x52,0x00,0x00,0x00,0x00,0x00,0x00,0x00,0x00,0x00,0x00,0x00,0x00,0x00,0x00,0x00,0x00,0x00,0x00,0x00,0x00,0x00,0x00,0x00,0x00,0x00,0x00,0x00,0x00,0x00,0x00,0xA3,0x18,0xAA,0x52,0x3C,0xE7,0xFF,0xFF,0xFF,0xFF,0x51,0x8C,0x45,0x29,0x00,0x00,
	0x00,0x00,0x00,0x00,0x00,0x00,0x00,0x00,0x00,0x00,0x00,0x00,0x45,0x29,0x14,0xA5,0xBE,0xF7,0xFF,0xFF,0x3C,0xE7,0x51,0x8C,0x00,0x00,0x00,0x00,0x00,0x00,0x00,0x00,0x00,0x00,0x00,0x00,0x00,0x00,0x00,0x00,0x00,0x00,0xA3,0x18,0xAA,0x52,0x3C,0xE7,0xFF,0xFF,0xBE,0xF7,0x8E,0x73,0x45,0x29,0x00,0x00,0x00,0x00,0xA3,0x18,0x14,0xA5,
	0xBE,0xF7,0xFF,0xFF,0xBE,0xF7,0x14,0xA5,0x41,0x08,0x00,0x00,0x00,0x00,0x00,0x00,0x00,0x00,0x00,0x00,0x00,0x00,0x00,0x00,0x00,0x00,0x8E,0x73,0xFF,0xFF,0xFF,0xFF,0xBE,0xF7,0x39,0xCE,0x08,0x42,0x00,0x00,0x00,0x00,0x00,0x00,0x00,0x00,0x00,0x00,0x00,0x00,0x00,0x00,0x00,0x00,0x00,0x00,0x00,0x00,0x00,0x00,0x00,0x00,0x00,0x00,
	0x00,0x00,0x00,0x00,0xA3,0x18,0xAA,0x52,0x3C,0xE7,0xFF,0xFF,0xFF,0xFF,0x51,0x8C,0x45,0x29,0x00,0x00,0x00,0x00,0x00,0x00,0x00,0x00,0x00,0x00,0x00,0x00,0x00,0x00,0x45,0x29,0x14,0xA5,0xBE,0xF7,0xFF,0xFF,0x3C,0xE7,0x51,0x8C,0x00,0x00,0x00,0x00,0x00,0x00,0x00,0x00,0x00,0x00,0x00,0x00,0x00,0x00,0x00,0x00,0x00,0x00,0xA3,0x18,
	0xAA,0x52,0x3C,0xE7,0xFF,0xFF,0xBE,0xF7,0x8E,0x73,0x45,0x29,0x00,0x00,0x00,0x00,0x41,0x08,0x8E,0x73,0x39,0xCE,0xFF,0xFF,0xFF,0xFF,0x39,0xCE,0xAA,0x52,0xA3,0x18,0x00,0x00,0x00,0x00,0x00,0x00,0x00,0x00,0x00,0x00,0xA3,0x18,0xAA,0x52,0x39,0xCE,0xFF,0xFF,0xFF,0xFF,0x3C,0xE7,0x51,0x8C,0x45,0x29,0x00,0x00,0x00,0x00,0x00,0x00,
	0x00,0x00,0x00,0x00,0x00,0x00,0x00,0x00,0x00,0x00,0x00,0x00,0x00,0x00,0x00,0x00,0x00,0x00,0x00,0x00,0x00,0x00,0x00,0x00,0xA3,0x18,0xAA,0x52,0x3C,0xE7,0xFF,0xFF,0xFF,0xFF,0x51,0x8C,0x45,0x29,0x00,0x00,0x00,0x00,0x00,0x00,0x00,0x00,0x00,0x00,0x00,0x00,0x00,0x00,0x45,0x29,0x14,0xA5,0xBE,0xF7,0xFF,0xFF,0x3C,0xE7,0x51,0x8C,
	0x00,0x00,0x00,0x00,0x00,0x00,0x00,0x00,0x00,0x00,0x00,0x00,0x00,0x00,0x00,0x00,0x00,0x00,0xA3,0x18,0xAA,0x52,0x3C,0xE7,0xFF,0xFF,0xBE,0xF7,0x8E,0x73,0x45,0x29,0x00,0x00,0x00,0x00,0x41,0x08,0x45,0x29,0x51,0x8C,0xFF,0xFF,0xFF,0xFF,0xBE,0xF7,0x39,0xCE,0xAA,0x52,0xA3,0x18,0x41,0x08,0x41,0x08,0x41,0x08,0xA3,0x18,0xAA,0x52,
	0x39,0xCE,0xFF,0xFF,0xFF,0xFF,0xFF,0xFF,0x39,0xCE,0x08,0x42,0x41,0x08,0x00,0x00,0x00,0x00,0x00,0x00,0x00,0x00,0x00,0x00,0x00,0x00,0x00,0x00,0x00,0x00,0x00,0x00,0x00,0x00,0x00,0x00,0x00,0x00,0x00,0x00,0x00,0x00,0x00,0x00,0xA3,0x18,0xAA,0x52,0x3C,0xE7,0xFF,0xFF,0xFF,0xFF,0x51,0x8C,0x45,0x29,0x00,0x00,0x00,0x00,0x00,0x00,
	0x00,0x00,0x00,0x00,0x00,0x00,0x00,0x00,0x45,0x29,0x14,0xA5,0xBE,0xF7,0xFF,0xFF,0x3C,0xE7,0x51,0x8C,0x00,0x00,0x00,0x00,0x00,0x00,0x00,0x00,0x00,0x00,0x00,0x00,0x00,0x00,0x00,0x00,0x00,0x00,0xA3,0x18,0xAA,0x52,0x3C,0xE7,0xFF,0xFF,0xBE,0xF7,0x8E,0x73,0x45,0x29,0x00,0x00,0x00,0x00,0x00,0x00,0x41,0x08,0xAA,0x52,0x39,0xCE,
	0xFF,0xFF,0xFF,0xFF,0xBE,0xF7,0x3C,0xE7,0x39,0xCE,0x14,0xA5,0x51,0x8C,0x14,0xA5,0x14,0xA5,0x39,0xCE,0xBE,0xF7,0xFF,0xFF,0xFF,0xFF,0x39,0xCE,0x8E,0x73,0x41,0x08,0x00,0x00,0x00,0x00,0x00,0x00,0x00,0x00,0x00,0x00,0x00,0x00,0x00,0x00,0x00,0x00,0x00,0x00,0x00,0x00,0x00,0x00,0x00,0x00,0x00,0x00,0x00,0x00,0x00,0x00,0x00,0x00,
	0xA3,0x18,0xAA,0x52,0x3C,0xE7,0xFF,0xFF,0xFF,0xFF,0x51,0x8C,0x45,0x29,0x00,0x00,0x00,0x00,0x00,0x00,0x00,0x00,0x00,0x00,0x00,0x00,0x00,0x00,0x45,0x29,0x14,0xA5,0xBE,0xF7,0xFF,0xFF,0x3C,0xE7,0x51,0x8C,0x00,0x00,0x00,0x00,0x00,0x00,0x00,0x00,0x00,0x00,0x00,0x00,0x00,0x00,0x00,0x00,0x00,0x00,0xA3,0x18,0x8E,0x73,0x3C,0xE7,
	0xFF,0xFF,0xFF,0xFF,0x51,0x8C,0x45,0x29,0x00,0x00,0x00,0x00,0x00,0x00,0x00,0x00,0x45,0x29,0x8E,0x73,0x39,0xCE,0x3C,0xE7,0xFF,0xFF,0xFF,0xFF,0xFF,0xFF,0xBE,0xF7,0x3C,0xE7,0xBE,0xF7,0xFF,0xFF,0xFF,0xFF,0xFF,0xFF,0xBE,0xF7,0x39,0xCE,0x51,0x8C,0x08,0x42,0x00,0x00,0x00,0x00,0x00,0x00,0x00,0x00,0x00,0x00,0x00,0x00,0x00,0x00,
	0x00,0x00,0x00,0x00,0x00,0x00,0x00,0x00,0x00,0x00,0x00,0x00,0x00,0x00,0x00,0x00,0x00,0x00,0x00,0x00,0xA3,0x18,0xAA,0x52,0x3C,0xE7,0xFF,0xFF,0xFF,0xFF,0x51,0x8C,0x45,0x29,0x00,0x00,0x00,0x00,0x00,0x00,0x00,0x00,0x00,0x00,0x00,0x00,0x00,0x00,0x45,0x29,0x14,0xA5,0xBE,0xF7,0xFF,0xFF,0x3C,0xE7,0x51,0x8C,0x00,0x00,0x00,0x00,
	0x00,0x00,0x00,0x00,0x00,0x00,0x00,0x00,0x00,0x00,0x00,0x00,0x00,0x00,0xA3,0x18,0xAA,0x52,0x3C,0xE7,0xFF,0xFF,0xFF,0xFF,0x51,0x8C,0x45,0x29,0x00,0x00,0x00,0x00,0x00,0x00,0x00,0x00,0x00,0x00,0x41,0x08,0xAA,0x52,0x14,0xA5,0xBE,0xF7,0xFF,0xFF,0xFF,0xFF,0xFF,0xFF,0xFF,0xFF,0xFF,0xFF,0xFF,0xFF,0xFF,0xFF,0xFF,0xFF,0x39,0xCE,
	0xAA,0x52,0xA3,0x18,0x00,0x00,0x00,0x00,0x00,0x00,0x00,0x00,0x00,0x00,0x00,0x00,0x00,0x00,0x00,0x00,0x00,0x00,0x00,0x00,0x00,0x00,0x00,0x00,0x00,0x00,0x00,0x00,0x00,0x00,0x00,0x00,0x00,0x00,0x00,0x00,0x41,0x08,0x45,0x29,0x51,0x8C,0x14,0xA5,0x51,0x8C,0xAA,0x52,0xA3,0x18,0x00,0x00,0x00,0x00,0x00,0x00,0x00,0x00,0x00,0x00,
	0x00,0x00,0x00,0x00,0xA3,0x18,0x8E,0x73,0x51,0x8C,0x51,0x8C,0x51,0x8C,0xAA,0x52,0x00,0x00,0x00,0x00,0x00,0x00,0x00,0x00,0x00,0x00,0x00,0x00,0x00,0x00,0x00,0x00,0x00,0x00,0x41,0x08,0x08,0x42,0x51,0x8C,0x14,0xA5,0x51,0x8C,0x08,0x42,0xA3,0x18,0x00,0x00,0x00,0x00,0x00,0x00,0x00,0x00,0x00,0x00,0x00,0x00,0xA3,0x18,0x08,0x42,
	0xAA,0x52,0x8E,0x73,0x51,0x8C,0x14,0xA5,0x14,0xA5,0x14,0xA5,0x51,0x8C,0x51,0x8C,0x8E,0x73,0x08,0x42,0xA3,0x18,0x00,0x00,0x00,0x00,0x00,0x00,0x00,0x00,0x00,0x00,0x00,0x00,0x00,0x00,0x00,0x00,0x00,0x00,0x00,0x00,0x00,0x00,0x00,0x00,0x00,0x00,0x00,0x00,0x00,0x00,0x00,0x00,0x00,0x00,0x00,0x00,0x00,0x00,0x00,0x00,0x41,0x08,
	0x45,0x29,0x45,0x29,0x45,0x29,0xA3,0x18,0x00,0x00,0x00,0x00,0x00,0x00,0x00,0x00,0x00,0x00,0x00,0x00,0x00,0x00,0x00,0x00,0x00,0x00,0xA3,0x18,0x45,0x29,0x45,0x29,0x45,0x29,0xA3,0x18,0x00,0x00,0x00,0x00,0x00,0x00,0x00,0x00,0x00,0x00,0x00,0x00,0x00,0x00,0x00,0x00,0x00,0x00,0x00,0x00,0x41,0x08,0x45,0x29,0x45,0x29,0x45,0x29,
	0xA3,0x18,0x00,0x00,0x00,0x00,0x00,0x00,0x00,0x00,0x00,0x00,0x00,0x00,0x00,0x00,0x00,0x00,0x00,0x00,0x00,0x00,0x00,0x00,0x45,0x29,0x08,0x42,0x08,0x42,0x08,0x42,0x45,0x29,0xA3,0x18,0x00,0x00,0x00,0x00,0x00,0x00,0x00,0x00,0x00,0x00,0x00,0x00,0x00,0x00,0x00,0x00,0x00,0x00,0x00,0x00,0x00,0x00,0x00,0x00,0x00,0x00,0x00,0x00,
	0x00,0x00,0x00,0x00,

	// Alpha Channel 
	0x00,0x00,0x00,0x00,0x00,0x00,0x00,0x00,0x00,0x00,0x00,0x00,0x00,0x00,0x00,0x00,0x00,0x00,0x00,0x00,0x00,0x00,0x00,0x00,0x00,0x00,0x00,0x00,0x00,0x00,0x00,0x00,0x00,0x00,0x00,0x00,0x00,0x00,0x00,0x00,0x00,0xFF,0xFF,0xFF,0xFF,0x00,0x00,0x00,0x00,0x00,0x00,0x00,0x00,0x00,0xFF,0xFF,0xFF,0xFF,0xFF,0xFF,0x00,0x00,0x00,0x00,
	0x00,0x00,0x00,0x00,0x00,0x00,0x00,0x00,0x00,0x00,0x00,0xFF,0xFF,0xFF,0xFF,0xFF,0xFF,0xFF,0xFF,0xFF,0xFF,0xFF,0xFF,0xFF,0xFF,0xFF,0xFF,0xFF,0x00,0x00,0x00,0xFF,0xFF,0xFF,0xFF,0xFF,0x00,0x00,0x00,0x00,0x00,0x00,0x00,0x00,0x00,0x00,0x00,0xFF,0xFF,0xFF,0x00,0x00,0x00,0x00,0x00,0xFF,0xFF,0xFF,0xFF,0x00,0x00,0x00,0x00,0x00,
	0x00,0x00,0x00,0x00,0x00,0x00,0x00,0xFF,0xFF,0xFF,0xFF,0x00,0x00,0x00,0x00,0x00,0x00,0x00,0x00,0x00,0xFF,0xFF,0xFF,0xFF,0xFF,0xFF,0xFF,0xFF,0xFF,0xFF,0xFF,0xFF,0xFF,0xFF,0xFF,0xFF,0xFF,0xFF,0xFF,0x00,0xFF,0xFF,0xFF,0xFF,0xFF,0xFF,0x00,0x00,0x00,0x00,0x00,0x00,0x00,0x00,0x00,0xFF,0xFF,0xFF,0xFF,0xFF,0xFF,0xFF,0x00,0x00,
	0xFF,0xFF,0xFF,0xFF,0xFF,0xFF,0x00,0x00,0x00,0x00,0x00,0x00,0x00,0x00,0x00,0xFF,0xFF,0xFF,0xFF,0xFF,0xFF,0x00,0x00,0x00,0x00,0x00,0x00,0x00,0x00,0x00,0xFF,0xFF,0xFF,0xFF,0xFF,0xFF,0xFF,0xFF,0xFF,0xFF,0xFF,0xFF,0xFF,0xFF,0xFF,0xFF,0xFF,0xFF,0xFF,0x00,0xFF,0xFF,0xFF,0xFF,0xFF,0xFF,0x00,0x00,0x00,0x00,0x00,0x00,0x00,0x00,
	0x00,0xFF,0xFF,0xFF,0xFF,0xFF,0xFF,0xFF,0x00,0x00,0xFF,0xFF,0xFF,0xFF,0xFF,0xFF,0xFF,0x00,0x00,0x00,0x00,0x00,0x00,0x00,0x00,0xFF,0xFF,0xFF,0xFF,0xFF,0xFF,0x00,0x00,0x00,0x00,0x00,0x00,0x00,0x00,0x00,0xFF,0xFF,0xFF,0xFF,0xFF,0xFF,0xFF,0xFF,0xFF,0xFF,0xFF,0xFF,0xFF,0xFF,0xFF,0xFF,0xFF,0xFF,0xFF,0x00,0xFF,0xFF,0xFF,0xFF,
	0xFF,0xFF,0x00,0x00,0x00,0x00,0x00,0x00,0x00,0x00,0x00,0xFF,0xFF,0xFF,0xFF,0xFF,0xFF,0xFF,0x00,0x00,0xFF,0xFF,0xFF,0xFF,0xFF,0xFF,0xFF,0x00,0x00,0x00,0x00,0x00,0x00,0x00,0x00,0xFF,0xFF,0xFF,0xFF,0xFF,0xFF,0x00,0x00,0x00,0x00,0x00,0x00,0x00,0x00,0x00,0xFF,0xFF,0xFF,0xFF,0xFF,0xFF,0xFF,0xFF,0xFF,0xFF,0xFF,0xFF,0xFF,0xFF,
	0xFF,0xFF,0xFF,0xFF,0xFF,0x00,0xFF,0xFF,0xFF,0xFF,0xFF,0xFF,0x00,0x00,0x00,0x00,0x00,0x00,0x00,0x00,0x00,0xFF,0xFF,0xFF,0xFF,0xFF,0xFF,0xFF,0x00,0x00,0xFF,0xFF,0xFF,0xFF,0xFF,0xFF,0xFF,0x00,0x00,0x00,0x00,0x00,0x00,0x00,0x00,0xFF,0xFF,0xFF,0xFF,0xFF,0xFF,0x00,0x00,0x00,0x00,0x00,0x00,0x00,0x00,0x00,0xFF,0xFF,0xFF,0xFF,
	0xFF,0xFF,0xFF,0xFF,0xFF,0xFF,0xFF,0xFF,0xFF,0xFF,0xFF,0xFF,0xFF,0xFF,0xFF,0x00,0xFF,0xFF,0xFF,0xFF,0xFF,0xFF,0x00,0x00,0x00,0x00,0x00,0x00,0x00,0x00,0x00,0xFF,0xFF,0xFF,0xFF,0xFF,0xFF,0xFF,0x00,0x00,0xFF,0xFF,0xFF,0xFF,0xFF,0xFF,0xFF,0x00,0x00,0x00,0x00,0x00,0x00,0x00,0x00,0xFF,0xFF,0xFF,0xFF,0xFF,0xFF,0x00,0x00,0x00,
	0x00,0x00,0x00,0x00,0x00,0x00,0x00,0x00,0x00,0x00,0x00,0x00,0xFF,0xFF,0xFF,0xFF,0xFF,0xFF,0xFF,0x00,0x00,0x00,0x00,0x00,0x00,0x00,0xFF,0xFF,0xFF,0xFF,0xFF,0xFF,0x00,0x00,0x00,0x00,0x00,0x00,0x00,0x00,0x00,0xFF,0xFF,0xFF,0xFF,0xFF,0xFF,0xFF,0x00,0x00,0xFF,0xFF,0xFF,0xFF,0xFF,0xFF,0xFF,0x00,0x00,0x00,0x00,0x00,0x00,0x00,
	0x00,0xFF,0xFF,0xFF,0xFF,0xFF,0xFF,0x00,0x00,0x00,0x00,0x00,0x00,0x00,0x00,0x00,0x00,0x00,0x00,0x00,0x00,0x00,0xFF,0xFF,0xFF,0xFF,0xFF,0xFF,0xFF,0x00,0x00,0x00,0x00,0x00,0x00,0x00,0xFF,0xFF,0xFF,0xFF,0xFF,0xFF,0x00,0x00,0x00,0x00,0x00,0x00,0x00,0x00,0x00,0xFF,0xFF,0xFF,0xFF,0xFF,0xFF,0xFF,0x00,0x00,0xFF,0xFF,0xFF,0xFF,
	0xFF,0xFF,0xFF,0x00,0x00,0x00,0x00,0x00,0x00,0x00,0x00,0xFF,0xFF,0xFF,0xFF,0xFF,0xFF,0x00,0x00,0x00,0x00,0x00,0x00,0x00,0x00,0x00,0x00,0x00,0x00,0x00,0x00,0x00,0xFF,0xFF,0xFF,0xFF,0xFF,0xFF,0xFF,0x00,0x00,0x00,0x00,0x00,0x00,0x00,0xFF,0xFF,0xFF,0xFF,0xFF,0xFF,0x00,0x00,0x00,0x00,0x00,0x00,0x00,0x00,0x00,0xFF,0xFF,0xFF,
	0xFF,0xFF,0xFF,0xFF,0x00,0x00,0xFF,0xFF,0xFF,0xFF,0xFF,0xFF,0xFF,0x00,0x00,0x00,0x00,0x00,0x00,0x00,0x00,0xFF,0xFF,0xFF,0xFF,0xFF,0xFF,0x00,0x00,0x00,0x00,0x00,0x00,0x00,0x00,0x00,0x00,0x00,0x00,0x00,0x00,0x00,0xFF,0xFF,0xFF,0xFF,0xFF,0xFF,0xFF,0x00,0x00,0x00,0x00,0x00,0x00,0x00,0xFF,0xFF,0xFF,0xFF,0xFF,0xFF,0x00,0x00,
	0x00,0x00,0x00,0x00,0x00,0x00,0x00,0xFF,0xFF,0xFF,0xFF,0xFF,0xFF,0xFF,0x00,0x00,0xFF,0xFF,0xFF,0xFF,0xFF,0xFF,0xFF,0x00,0x00,0x00,0x00,0x00,0x00,0x00,0x00,0xFF,0xFF,0xFF,0xFF,0xFF,0xFF,0x00,0x00,0x00,0x00,0x00,0x00,0x00,0x00,0x00,0x00,0x00,0x00,0x00,0x00,0x00,0xFF,0xFF,0xFF,0xFF,0xFF,0xFF,0xFF,0x00,0x00,0x00,0x00,0x00,
	0x00,0x00,0xFF,0xFF,0xFF,0xFF,0xFF,0xFF,0x00,0x00,0x00,0x00,0x00,0x00,0x00,0x00,0x00,0xFF,0xFF,0xFF,0xFF,0xFF,0xFF,0xFF,0x00,0x00,0xFF,0xFF,0xFF,0xFF,0xFF,0xFF,0xFF,0x00,0x00,0x00,0x00,0x00,0x00,0x00,0x00,0xFF,0xFF,0xFF,0xFF,0xFF,0xFF,0x00,0x00,0x00,0x00,0x00,0x00,0x00,0x00,0x00,0x00,0x00,0x00,0x00,0x00,0x00,0xFF,0xFF,
	0xFF,0xFF,0xFF,0xFF,0xFF,0x00,0x00,0x00,0x00,0x00,0x00,0x00,0xFF,0xFF,0xFF,0xFF,0xFF,0xFF,0xFF,0xFF,0xFF,0xFF,0xFF,0xFF,0xFF,0xFF,0xFF,0xFF,0xFF,0xFF,0xFF,0xFF,0xFF,0xFF,0x00,0x00,0xFF,0xFF,0xFF,0xFF,0xFF,0xFF,0xFF,0x00,0x00,0x00,0x00,0x00,0x00,0x00,0x00,0xFF,0xFF,0xFF,0xFF,0xFF,0xFF,0x00,0x00,0x00,0x00,0x00,0x00,0x00,
	0x00,0x00,0x00,0x00,0x00,0x00,0x00,0x00,0xFF,0xFF,0xFF,0xFF,0xFF,0xFF,0xFF,0x00,0x00,0x00,0x00,0x00,0x00,0x00,0xFF,0xFF,0xFF,0xFF,0xFF,0xFF,0xFF,0xFF,0xFF,0xFF,0xFF,0xFF,0xFF,0xFF,0xFF,0xFF,0xFF,0xFF,0xFF,0xFF,0xFF,0xFF,0x00,0x00,0xFF,0xFF,0xFF,0xFF,0xFF,0xFF,0xFF,0x00,0x00,0x00,0x00,0x00,0x00,0x00,0x00,0xFF,0xFF,0xFF,
	0xFF,0xFF,0xFF,0x00,0x00,0x00,0x00,0x00,0x00,0x00,0x00,0x00,0x00,0x00,0x00,0x00,0x00,0x00,0xFF,0xFF,0xFF,0xFF,0xFF,0xFF,0xFF,0x00,0x00,0x00,0x00,0x00,0x00,0x00,0xFF,0xFF,0xFF,0xFF,0xFF,0xFF,0xFF,0xFF,0xFF,0xFF,0xFF,0xFF,0xFF,0xFF,0xFF,0xFF,0xFF,0xFF,0xFF,0xFF,0xFF,0xFF,0x00,0x00,0xFF,0xFF,0xFF,0xFF,0xFF,0xFF,0xFF,0x00,
	0x00,0x00,0x00,0x00,0x00,0x00,0x00,0xFF,0xFF,0xFF,0xFF,0xFF,0xFF,0x00,0x00,0x00,0x00,0x00,0x00,0x00,0x00,0x00,0x00,0x00,0x00,0x00,0x00,0x00,0xFF,0xFF,0xFF,0xFF,0xFF,0xFF,0xFF,0x00,0x00,0x00,0x00,0x00,0x00,0x00,0xFF,0xFF,0xFF,0xFF,0xFF,0xFF,0xFF,0xFF,0xFF,0xFF,0xFF,0xFF,0xFF,0xFF,0xFF,0xFF,0xFF,0xFF,0xFF,0xFF,0xFF,0xFF,
	0x00,0x00,0xFF,0xFF,0xFF,0xFF,0xFF,0xFF,0xFF,0x00,0x00,0x00,0x00,0x00,0x00,0x00,0x00,0xFF,0xFF,0xFF,0xFF,0xFF,0xFF,0x00,0x00,0x00,0x00,0x00,0x00,0x00,0x00,0x00,0x00,0x00,0x00,0x00,0x00,0x00,0xFF,0xFF,0xFF,0xFF,0xFF,0xFF,0xFF,0x00,0x00,0x00,0x00,0x00,0x00,0x00,0xFF,0xFF,0xFF,0xFF,0xFF,0xFF,0xFF,0xFF,0xFF,0xFF,0xFF,0xFF,
	0xFF,0xFF,0xFF,0xFF,0xFF,0xFF,0xFF,0xFF,0xFF,0xFF,0x00,0x00,0xFF,0xFF,0xFF,0xFF,0xFF,0xFF,0xFF,0x00,0x00,0x00,0x00,0x00,0x00,0x00,0x00,0xFF,0xFF,0xFF,0xFF,0xFF,0xFF,0x00,0x00,0x00,0x00,0x00,0x00,0x00,0x00,0x00,0x00,0x00,0x00,0x00,0x00,0x00,0xFF,0xFF,0xFF,0xFF,0xFF,0xFF,0xFF,0x00,0x00,0x00,0x00,0x00,0x00,0x00,0xFF,0xFF,
	0xFF,0xFF,0xFF,0xFF,0xFF,0xFF,0xFF,0xFF,0xFF,0xFF,0xFF,0xFF,0xFF,0xFF,0xFF,0xFF,0xFF,0xFF,0xFF,0xFF,0x00,0x00,0xFF,0xFF,0xFF,0xFF,0xFF,0xFF,0xFF,0x00,0x00,0x00,0x00,0x00,0x00,0x00,0x00,0xFF,0xFF,0xFF,0xFF,0xFF,0xFF,0x00,0x00,0x00,0x00,0x00,0x00,0x00,0x00,0x00,0x00,0x00,0x00,0x00,0x00,0x00,0xFF,0xFF,0xFF,0xFF,0xFF,0xFF,
	0xFF,0x00,0x00,0x00,0x00,0x00,0x00,0x00,0xFF,0xFF,0xFF,0xFF,0xFF,0xFF,0x00,0x00,0x00,0x00,0x00,0x00,0x00,0x00,0x00,0xFF,0xFF,0xFF,0xFF,0xFF,0xFF,0xFF,0x00,0x00,0xFF,0xFF,0xFF,0xFF,0xFF,0xFF,0xFF,0x00,0x00,0x00,0x00,0x00,0x00,0x00,0x00,0xFF,0xFF,0xFF,0xFF,0xFF,0xFF,0x00,0x00,0x00,0x00,0x00,0x00,0x00,0x00,0x00,0x00,0x00,
	0x00,0x00,0x00,0x00,0xFF,0xFF,0xFF,0xFF,0xFF,0xFF,0xFF,0x00,0x00,0x00,0x00,0x00,0x00,0x00,0xFF,0xFF,0xFF,0xFF,0xFF,0xFF,0x00,0x00,0x00,0x00,0x00,0x00,0x00,0x00,0x00,0xFF,0xFF,0xFF,0xFF,0xFF,0xFF,0xFF,0x00,0x00,0xFF,0xFF,0xFF,0xFF,0xFF,0xFF,0xFF,0x00,0x00,0x00,0x00,0x00,0x00,0x00,0x00,0xFF,0xFF,0xFF,0xFF,0xFF,0xFF,0x00,
	0x00,0x00,0x00,0x00,0x00,0x00,0x00,0x00,0x00,0x00,0x00,0x00,0x00,0x00,0xFF,0xFF,0xFF,0xFF,0xFF,0xFF,0xFF,0x00,0x00,0x00,0x00,0x00,0x00,0x00,0xFF,0xFF,0xFF,0xFF,0xFF,0xFF,0x00,0x00,0x00,0x00,0x00,0x00,0x00,0x00,0x00,0xFF,0xFF,0xFF,0xFF,0xFF,0xFF,0xFF,0x00,0x00,0xFF,0xFF,0xFF,0xFF,0xFF,0xFF,0xFF,0x00,0x00,0x00,0x00,0x00,
	0x00,0x00,0x00,0xFF,0xFF,0xFF,0xFF,0xFF,0xFF,0x00,0x00,0x00,0x00,0x00,0x00,0x00,0x00,0x00,0x00,0x00,0x00,0x00,0x00,0x00,0xFF,0xFF,0xFF,0xFF,0xFF,0xFF,0xFF,0x00,0x00,0x00,0x00,0x00,0x00,0x00,0xFF,0xFF,0xFF,0xFF,0xFF,0xFF,0x00,0x00,0x00,0x00,0x00,0x00,0x00,0x00,0x00,0xFF,0xFF,0xFF,0xFF,0xFF,0xFF,0xFF,0x00,0x00,0xFF,0xFF,
	0xFF,0xFF,0xFF,0xFF,0xFF,0x00,0x00,0x00,0x00,0x00,0x00,0x00,0x00,0xFF,0xFF,0xFF,0xFF,0xFF,0xFF,0x00,0x00,0x00,0x00,0x00,0x00,0x00,0x00,0x00,0x00,0x00,0x00,0x00,0x00,0x00,0xFF,0xFF,0xFF,0xFF,0xFF,0xFF,0xFF,0x00,0x00,0x00,0x00,0x00,0x00,0x00,0xFF,0xFF,0xFF,0xFF,0xFF,0xFF,0x00,0x00,0x00,0x00,0x00,0x00,0x00,0x00,0x00,0xFF,
	0xFF,0xFF,0xFF,0xFF,0xFF,0xFF,0x00,0x00,0xFF,0xFF,0xFF,0xFF,0xFF,0xFF,0xFF,0xFF,0x00,0x00,0x00,0x00,0x00,0xFF,0xFF,0xFF,0xFF,0xFF,0xFF,0xFF,0xFF,0x00,0x00,0x00,0x00,0x00,0x00,0x00,0x00,0x00,0x00,0x00,0x00,0x00,0x00,0x00,0xFF,0xFF,0xFF,0xFF,0xFF,0xFF,0xFF,0x00,0x00,0x00,0x00,0x00,0x00,0x00,0xFF,0xFF,0xFF,0xFF,0xFF,0xFF,
	0x00,0x00,0x00,0x00,0x00,0x00,0x00,0x00,0x00,0xFF,0xFF,0xFF,0xFF,0xFF,0xFF,0xFF,0x00,0x00,0xFF,0xFF,0xFF,0xFF,0xFF,0xFF,0xFF,0xFF,0xFF,0xFF,0xFF,0xFF,0xFF,0xFF,0xFF,0xFF,0xFF,0xFF,0xFF,0xFF,0xFF,0x00,0x00,0x00,0x00,0x00,0x00,0x00,0x00,0x00,0x00,0x00,0x00,0x00,0x00,0x00,0xFF,0xFF,0xFF,0xFF,0xFF,0xFF,0xFF,0x00,0x00,0x00,
	0x00,0x00,0x00,0x00,0xFF,0xFF,0xFF,0xFF,0xFF,0xFF,0x00,0x00,0x00,0x00,0x00,0x00,0x00,0x00,0x00,0xFF,0xFF,0xFF,0xFF,0xFF,0xFF,0xFF,0x00,0x00,0x00,0xFF,0xFF,0xFF,0xFF,0xFF,0xFF,0xFF,0xFF,0xFF,0xFF,0xFF,0xFF,0xFF,0xFF,0xFF,0xFF,0xFF,0xFF,0xFF,0x00,0x00,0x00,0x00,0x00,0x00,0x00,0x00,0x00,0x00,0x00,0x00,0x00,0x00,0x00,0x00,
	0xFF,0xFF,0xFF,0xFF,0xFF,0xFF,0xFF,0x00,0x00,0x00,0x00,0x00,0x00,0x00,0xFF,0xFF,0xFF,0xFF,0xFF,0xFF,0x00,0x00,0x00,0x00,0x00,0x00,0x00,0x00,0x00,0xFF,0xFF,0xFF,0xFF,0xFF,0xFF,0xFF,0x00,0x00,0x00,0x00,0xFF,0xFF,0xFF,0xFF,0xFF,0xFF,0xFF,0xFF,0xFF,0xFF,0xFF,0xFF,0xFF,0xFF,0xFF,0xFF,0xFF,0x00,0x00,0x00,0x00,0x00,0x00,0x00,
	0x00,0x00,0x00,0x00,0x00,0x00,0x00,0x00,0x00,0x00,0xFF,0xFF,0xFF,0xFF,0xFF,0xFF,0xFF,0x00,0x00,0x00,0x00,0x00,0x00,0x00,0xFF,0xFF,0xFF,0xFF,0xFF,0xFF,0x00,0x00,0x00,0x00,0x00,0x00,0x00,0x00,0x00,0xFF,0xFF,0xFF,0xFF,0xFF,0xFF,0xFF,0x00,0x00,0x00,0x00,0x00,0xFF,0xFF,0xFF,0xFF,0xFF,0xFF,0xFF,0xFF,0xFF,0xFF,0xFF,0xFF,0xFF,
	0xFF,0xFF,0x00,0x00,0x00,0x00,0x00,0x00,0x00,0x00,0x00,0x00,0x00,0x00,0x00,0x00,0x00,0x00,0x00,0x00,0xFF,0xFF,0xFF,0xFF,0xFF,0xFF,0xFF,0x00,0x00,0x00,0x00,0x00,0x00,0x00,0xFF,0xFF,0xFF,0xFF,0xFF,0xFF,0x00,0x00,0x00,0x00,0x00,0x00,0x00,0x00,0x00,0xFF,0xFF,0xFF,0xFF,0xFF,0xFF,0xFF,0x00,0x00,0x00,0x00,0x00,0x00,0xFF,0xFF,
	0xFF,0xFF,0xFF,0xFF,0xFF,0xFF,0xFF,0xFF,0xFF,0xFF,0xFF,0x00,0x00,0x00,0x00,0x00,0x00,0x00,0x00,0x00,0x00,0x00,0x00,0x00,0x00,0x00,0x00,0x00,0x00,0x00,0x00,0xFF,0xFF,0xFF,0xFF,0xFF,0x00,0x00,0x00,0x00,0x00,0x00,0x00,0x00,0x00,0xFF,0xFF,0xFF,0xFF,0xFF,0x00,0x00,0x00,0x00,0x00,0x00,0x00,0x00,0x00,0x00,0xFF,0xFF,0xFF,0xFF,
	0xFF,0x00,0x00,0x00,0x00,0x00,0x00,0x00,0x00,0x00,0x00,0x00,0xFF,0xFF,0xFF,0xFF,0xFF,0xFF,0x00,0x00,0x00,0x00,0x00,0x00,0x00,0x00,0x00,0x00,0x00,0x00,0x00,0x00,0x00,0x00,
    };
        


const lv_img_dsc_t face_1889_2_390_dial_img_15_118736_3 = {
    .header.magic = LV_IMAGE_HEADER_MAGIC,
    .header.w = 74,
    .header.h = 29,
    .data_size = sizeof(face_1889_2_390_dial_img_15_118736_data_3),
    .header.cf = LV_COLOR_FORMAT_RGB565A8,
    .data = face_1889_2_390_dial_img_15_118736_data_3};

    
// LVGL 9 format (RGB565) // LVGL_9 compatible 
const LV_ATTRIBUTE_MEM_ALIGN uint8_t face_1889_2_390_dial_img_15_118736_data_4[] = {
	//RGB565 data 
	0x00,0x00,0x00,0x00,0x00,0x00,0x00,0x00,0x00,0x00,0x00,0x00,0x00,0x00,0x00,0x00,0x00,0x00,0x00,0x00,0x00,0x00,0x00,0x00,0x00,0x00,0x00,0x00,0x00,0x00,0x00,0x00,0x00,0x00,0x00,0x00,0x00,0x00,0x00,0x00,0x00,0x00,0x00,0x00,0x00,0x00,0x00,0x00,0x00,0x00,0x00,0x00,0x00,0x00,0x00,0x00,0x00,0x00,0x00,0x00,0x00,0x00,0x00,0x00,
	0x00,0x00,0x00,0x00,0x00,0x00,0x00,0x00,0x00,0x00,0x41,0x08,0x41,0x08,0x00,0x00,0x00,0x00,0x00,0x00,0x00,0x00,0x00,0x00,0x00,0x00,0x00,0x00,0x00,0x00,0x00,0x00,0x00,0x00,0x00,0x00,0x00,0x00,0x00,0x00,0x00,0x00,0x41,0x08,0x41,0x08,0x41,0x08,0x41,0x08,0x00,0x00,0x00,0x00,0x00,0x00,0x00,0x00,0x00,0x00,0x00,0x00,0x00,0x00,
	0x00,0x00,0x00,0x00,0x00,0x00,0x00,0x00,0x00,0x00,0x00,0x00,0x00,0x00,0x00,0x00,0x00,0x00,0x00,0x00,0x41,0x08,0x41,0x08,0xA3,0x18,0xA3,0x18,0xA3,0x18,0xA3,0x18,0xA3,0x18,0x41,0x08,0x41,0x08,0x41,0x08,0x41,0x08,0x41,0x08,0xA3,0x18,0xA3,0x18,0x41,0x08,0x41,0x08,0x00,0x00,0x00,0x00,0x00,0x00,0x41,0x08,0xA3,0x18,0x41,0x08,
	0x41,0x08,0x41,0x08,0x41,0x08,0x41,0x08,0xA3,0x18,0xA3,0x18,0x41,0x08,0x41,0x08,0x00,0x00,0x00,0x00,0x00,0x00,0x00,0x00,0x00,0x00,0x00,0x00,0x00,0x00,0x00,0x00,0x00,0x00,0x00,0x00,0x41,0x08,0xA3,0x18,0xA3,0x18,0x41,0x08,0x00,0x00,0x00,0x00,0x00,0x00,0x00,0x00,0x00,0x00,0x00,0x00,0x00,0x00,0x00,0x00,0x00,0x00,0x00,0x00,
	0x00,0x00,0x00,0x00,0x00,0x00,0x00,0x00,0x00,0x00,0x00,0x00,0x00,0x00,0x00,0x00,0x00,0x00,0x00,0x00,0x00,0x00,0x00,0x00,0x00,0x00,0x00,0x00,0x00,0x00,0x00,0x00,0x00,0x00,0x00,0x00,0x00,0x00,0x00,0x00,0xA3,0x18,0x45,0x29,0x08,0x42,0x08,0x42,0x08,0x42,0x08,0x42,0x08,0x42,0x08,0x42,0x08,0x42,0x08,0x42,0x08,0x42,0x08,0x42,
	0x08,0x42,0x08,0x42,0x08,0x42,0xA3,0x18,0x41,0x08,0x00,0x00,0xA3,0x18,0x45,0x29,0xAA,0x52,0x08,0x42,0x08,0x42,0x08,0x42,0x08,0x42,0x08,0x42,0x08,0x42,0x08,0x42,0x08,0x42,0x08,0x42,0xA3,0x18,0x41,0x08,0x00,0x00,0x00,0x00,0x00,0x00,0x00,0x00,0x00,0x00,0x00,0x00,0x00,0x00,0xA3,0x18,0x08,0x42,0xAA,0x52,0xAA,0x52,0x45,0x29,
	0x41,0x08,0x00,0x00,0x00,0x00,0x00,0x00,0x00,0x00,0x00,0x00,0x00,0x00,0x00,0x00,0x00,0x00,0x00,0x00,0x00,0x00,0x00,0x00,0x00,0x00,0x00,0x00,0x00,0x00,0x00,0x00,0x00,0x00,0x00,0x00,0x00,0x00,0x00,0x00,0x00,0x00,0x00,0x00,0x00,0x00,0x00,0x00,0x00,0x00,0x00,0x00,0x00,0x00,0x00,0x00,0x00,0x00,0x00,0x00,0xAA,0x52,0x51,0x8C,
	0x39,0xCE,0x39,0xCE,0x39,0xCE,0x39,0xCE,0x39,0xCE,0x39,0xCE,0x39,0xCE,0x39,0xCE,0x39,0xCE,0x39,0xCE,0x39,0xCE,0x39,0xCE,0x14,0xA5,0xAA,0x52,0x41,0x08,0x00,0x00,0x45,0x29,0x14,0xA5,0x39,0xCE,0x39,0xCE,0x39,0xCE,0x39,0xCE,0x39,0xCE,0x39,0xCE,0x39,0xCE,0x39,0xCE,0x39,0xCE,0x39,0xCE,0x39,0xCE,0x14,0xA5,0x08,0x42,0x41,0x08,
	0x00,0x00,0x00,0x00,0x00,0x00,0x00,0x00,0x41,0x08,0x08,0x42,0x14,0xA5,0x39,0xCE,0x39,0xCE,0x8E,0x73,0x45,0x29,0x41,0x08,0x00,0x00,0x00,0x00,0x00,0x00,0x00,0x00,0x00,0x00,0x00,0x00,0x00,0x00,0x00,0x00,0x00,0x00,0x00,0x00,0x00,0x00,0x00,0x00,0x00,0x00,0x00,0x00,0x00,0x00,0x00,0x00,0x00,0x00,0x00,0x00,0x00,0x00,0x00,0x00,
	0x00,0x00,0x00,0x00,0x00,0x00,0x00,0x00,0x00,0x00,0x00,0x00,0x00,0x00,0x00,0x00,0x51,0x8C,0x39,0xCE,0xFF,0xFF,0xFF,0xFF,0xFF,0xFF,0xFF,0xFF,0xFF,0xFF,0xFF,0xFF,0xFF,0xFF,0xFF,0xFF,0xFF,0xFF,0xFF,0xFF,0xFF,0xFF,0xFF,0xFF,0x3C,0xE7,0x8E,0x73,0xA3,0x18,0x00,0x00,0x08,0x42,0x39,0xCE,0xFF,0xFF,0xFF,0xFF,0xFF,0xFF,0xFF,0xFF,
	0xFF,0xFF,0xFF,0xFF,0xFF,0xFF,0xFF,0xFF,0xFF,0xFF,0xFF,0xFF,0xFF,0xFF,0xBE,0xF7,0x14,0xA5,0xAA,0x52,0x41,0x08,0x00,0x00,0x00,0x00,0x00,0x00,0xA3,0x18,0xAA,0x52,0x39,0xCE,0xFF,0xFF,0xFF,0xFF,0x14,0xA5,0x45,0x29,0x41,0x08,0x00,0x00,0x00,0x00,0x00,0x00,0x00,0x00,0x00,0x00,0x00,0x00,0x00,0x00,0x00,0x00,0x00,0x00,0x00,0x00,
	0x00,0x00,0x00,0x00,0x00,0x00,0x00,0x00,0x00,0x00,0x00,0x00,0x00,0x00,0x00,0x00,0x00,0x00,0x00,0x00,0x00,0x00,0x00,0x00,0x00,0x00,0x00,0x00,0x00,0x00,0x00,0x00,0x00,0x00,0x00,0x00,0x8E,0x73,0x14,0xA5,0xFF,0xFF,0xFF,0xFF,0xFF,0xFF,0xFF,0xFF,0xFF,0xFF,0xFF,0xFF,0xFF,0xFF,0xFF,0xFF,0xFF,0xFF,0xFF,0xFF,0xFF,0xFF,0xFF,0xFF,
	0x39,0xCE,0x8E,0x73,0xA3,0x18,0x00,0x00,0x08,0x42,0x39,0xCE,0xFF,0xFF,0xFF,0xFF,0xBE,0xF7,0x3C,0xE7,0x39,0xCE,0x39,0xCE,0x39,0xCE,0xBE,0xF7,0xFF,0xFF,0xFF,0xFF,0xFF,0xFF,0xFF,0xFF,0xBE,0xF7,0x39,0xCE,0x45,0x29,0x41,0x08,0x00,0x00,0x00,0x00,0xA3,0x18,0x08,0x42,0x39,0xCE,0xFF,0xFF,0xFF,0xFF,0x14,0xA5,0x45,0x29,0x41,0x08,
	0x00,0x00,0x00,0x00,0x00,0x00,0x00,0x00,0x00,0x00,0x00,0x00,0x00,0x00,0x00,0x00,0x00,0x00,0x00,0x00,0x00,0x00,0x00,0x00,0x00,0x00,0x00,0x00,0x00,0x00,0x00,0x00,0x00,0x00,0x00,0x00,0x00,0x00,0x00,0x00,0x00,0x00,0x00,0x00,0x00,0x00,0x00,0x00,0x00,0x00,0x00,0x00,0x00,0x00,0x00,0x00,0x8E,0x73,0x14,0xA5,0xFF,0xFF,0xFF,0xFF,
	0x3C,0xE7,0x8E,0x73,0x8E,0x73,0x8E,0x73,0x8E,0x73,0x8E,0x73,0x8E,0x73,0x8E,0x73,0x8E,0x73,0x8E,0x73,0xAA,0x52,0x45,0x29,0x41,0x08,0x41,0x08,0x08,0x42,0x39,0xCE,0xFF,0xFF,0xFF,0xFF,0x39,0xCE,0x8E,0x73,0xAA,0x52,0xAA,0x52,0xAA,0x52,0x8E,0x73,0x51,0x8C,0x39,0xCE,0x3C,0xE7,0xFF,0xFF,0xFF,0xFF,0x3C,0xE7,0x51,0x8C,0x45,0x29,
	0x00,0x00,0x00,0x00,0xA3,0x18,0x08,0x42,0x39,0xCE,0xFF,0xFF,0xFF,0xFF,0x14,0xA5,0x45,0x29,0x41,0x08,0x00,0x00,0x00,0x00,0x00,0x00,0x00,0x00,0x00,0x00,0x00,0x00,0x00,0x00,0x00,0x00,0x00,0x00,0x00,0x00,0x00,0x00,0x00,0x00,0x00,0x00,0x00,0x00,0x00,0x00,0x00,0x00,0x00,0x00,0x00,0x00,0x00,0x00,0x00,0x00,0x00,0x00,0x00,0x00,
	0x00,0x00,0x00,0x00,0x00,0x00,0x00,0x00,0x00,0x00,0x00,0x00,0x8E,0x73,0x14,0xA5,0xFF,0xFF,0xFF,0xFF,0x39,0xCE,0x00,0x00,0x00,0x00,0x00,0x00,0x00,0x00,0x00,0x00,0x00,0x00,0x00,0x00,0x00,0x00,0x00,0x00,0x00,0x00,0x00,0x00,0x00,0x00,0x41,0x08,0x08,0x42,0x39,0xCE,0xFF,0xFF,0xFF,0xFF,0x14,0xA5,0x45,0x29,0x00,0x00,0x00,0x00,
	0x00,0x00,0x00,0x00,0xA3,0x18,0xAA,0x52,0x14,0xA5,0xFF,0xFF,0xFF,0xFF,0xBE,0xF7,0x39,0xCE,0xAA,0x52,0x00,0x00,0x00,0x00,0xA3,0x18,0x08,0x42,0x39,0xCE,0xFF,0xFF,0xFF,0xFF,0x14,0xA5,0x45,0x29,0x41,0x08,0x00,0x00,0x00,0x00,0x00,0x00,0x00,0x00,0x00,0x00,0x00,0x00,0x00,0x00,0x00,0x00,0x00,0x00,0x00,0x00,0x00,0x00,0x00,0x00,
	0x00,0x00,0x00,0x00,0x00,0x00,0x00,0x00,0x00,0x00,0x00,0x00,0x00,0x00,0x00,0x00,0x00,0x00,0x00,0x00,0x00,0x00,0x00,0x00,0x00,0x00,0x00,0x00,0x00,0x00,0x00,0x00,0x8E,0x73,0x14,0xA5,0xFF,0xFF,0xFF,0xFF,0x39,0xCE,0x41,0x08,0x00,0x00,0x00,0x00,0x00,0x00,0x00,0x00,0x00,0x00,0x00,0x00,0x00,0x00,0x00,0x00,0x00,0x00,0x00,0x00,
	0x00,0x00,0x41,0x08,0x08,0x42,0x39,0xCE,0xFF,0xFF,0xFF,0xFF,0x14,0xA5,0x45,0x29,0x41,0x08,0x00,0x00,0x00,0x00,0x00,0x00,0x00,0x00,0xA3,0x18,0x8E,0x73,0xBE,0xF7,0xFF,0xFF,0xFF,0xFF,0x3C,0xE7,0xAA,0x52,0x00,0x00,0x00,0x00,0xA3,0x18,0x08,0x42,0x39,0xCE,0xFF,0xFF,0xFF,0xFF,0x14,0xA5,0x45,0x29,0x41,0x08,0x00,0x00,0x00,0x00,
	0x00,0x00,0x00,0x00,0x00,0x00,0x00,0x00,0x00,0x00,0x00,0x00,0x00,0x00,0x00,0x00,0x00,0x00,0x00,0x00,0x00,0x00,0x00,0x00,0x00,0x00,0x00,0x00,0x00,0x00,0x00,0x00,0x00,0x00,0x00,0x00,0x00,0x00,0x00,0x00,0x00,0x00,0x00,0x00,0x00,0x00,0x00,0x00,0x00,0x00,0x00,0x00,0x8E,0x73,0x14,0xA5,0xFF,0xFF,0xFF,0xFF,0x39,0xCE,0x41,0x08,
	0x00,0x00,0x00,0x00,0x00,0x00,0x00,0x00,0x00,0x00,0x00,0x00,0x00,0x00,0x00,0x00,0x00,0x00,0x00,0x00,0x00,0x00,0x41,0x08,0x08,0x42,0x39,0xCE,0xFF,0xFF,0xFF,0xFF,0x14,0xA5,0x45,0x29,0x41,0x08,0x00,0x00,0x00,0x00,0x00,0x00,0x00,0x00,0x00,0x00,0xAA,0x52,0x3C,0xE7,0xFF,0xFF,0xFF,0xFF,0xBE,0xF7,0x8E,0x73,0x00,0x00,0x00,0x00,
	0xA3,0x18,0x08,0x42,0x39,0xCE,0xFF,0xFF,0xFF,0xFF,0x14,0xA5,0x45,0x29,0x41,0x08,0x00,0x00,0x00,0x00,0x00,0x00,0x00,0x00,0x00,0x00,0x00,0x00,0x00,0x00,0x00,0x00,0x00,0x00,0x00,0x00,0x00,0x00,0x00,0x00,0x00,0x00,0x00,0x00,0x00,0x00,0x00,0x00,0x00,0x00,0x00,0x00,0x00,0x00,0x00,0x00,0x00,0x00,0x00,0x00,0x00,0x00,0x00,0x00,
	0x00,0x00,0x00,0x00,0x00,0x00,0x00,0x00,0x8E,0x73,0x14,0xA5,0xFF,0xFF,0xFF,0xFF,0x39,0xCE,0x41,0x08,0x00,0x00,0x00,0x00,0x00,0x00,0x00,0x00,0x00,0x00,0x00,0x00,0x00,0x00,0x00,0x00,0x00,0x00,0x00,0x00,0x00,0x00,0x41,0x08,0x08,0x42,0x39,0xCE,0xFF,0xFF,0xFF,0xFF,0x14,0xA5,0x45,0x29,0x41,0x08,0x00,0x00,0x00,0x00,0x00,0x00,
	0x00,0x00,0x00,0x00,0xAA,0x52,0x39,0xCE,0xBE,0xF7,0xFF,0xFF,0xFF,0xFF,0x8E,0x73,0x00,0x00,0x00,0x00,0xA3,0x18,0x08,0x42,0x39,0xCE,0xFF,0xFF,0xFF,0xFF,0x14,0xA5,0x45,0x29,0x41,0x08,0x00,0x00,0x00,0x00,0x00,0x00,0x00,0x00,0x00,0x00,0x00,0x00,0x00,0x00,0x00,0x00,0x00,0x00,0x00,0x00,0x00,0x00,0x00,0x00,0x00,0x00,0x00,0x00,
	0x00,0x00,0x00,0x00,0x00,0x00,0x00,0x00,0x00,0x00,0x00,0x00,0x00,0x00,0x00,0x00,0x00,0x00,0x00,0x00,0x00,0x00,0x00,0x00,0x00,0x00,0x00,0x00,0x8E,0x73,0x14,0xA5,0xFF,0xFF,0xFF,0xFF,0x39,0xCE,0x00,0x00,0x00,0x00,0x00,0x00,0x00,0x00,0x00,0x00,0x00,0x00,0x00,0x00,0x00,0x00,0x00,0x00,0x00,0x00,0x00,0x00,0x00,0x00,0x41,0x08,
	0x08,0x42,0x39,0xCE,0xFF,0xFF,0xFF,0xFF,0x14,0xA5,0x45,0x29,0x41,0x08,0x00,0x00,0x00,0x00,0x00,0x00,0x00,0x00,0x00,0x00,0xAA,0x52,0x3C,0xE7,0xFF,0xFF,0xFF,0xFF,0xFF,0xFF,0x8E,0x73,0x00,0x00,0x00,0x00,0xA3,0x18,0x08,0x42,0x39,0xCE,0xFF,0xFF,0xFF,0xFF,0x14,0xA5,0x45,0x29,0x41,0x08,0x00,0x00,0x00,0x00,0x00,0x00,0x00,0x00,
	0x00,0x00,0x00,0x00,0x00,0x00,0x00,0x00,0x00,0x00,0x00,0x00,0x00,0x00,0x00,0x00,0x00,0x00,0x00,0x00,0x00,0x00,0x00,0x00,0x00,0x00,0x00,0x00,0x00,0x00,0x00,0x00,0x00,0x00,0x00,0x00,0x00,0x00,0x00,0x00,0x00,0x00,0x00,0x00,0x00,0x00,0x00,0x00,0x8E,0x73,0x14,0xA5,0xFF,0xFF,0xFF,0xFF,0x39,0xCE,0x45,0x29,0x45,0x29,0x45,0x29,
	0x45,0x29,0x45,0x29,0x45,0x29,0x45,0x29,0x45,0x29,0x45,0x29,0xA3,0x18,0x00,0x00,0x00,0x00,0x41,0x08,0x08,0x42,0x39,0xCE,0xFF,0xFF,0xFF,0xFF,0x14,0xA5,0x45,0x29,0x00,0x00,0x00,0x00,0x00,0x00,0x00,0x00,0xA3,0x18,0x45,0x29,0x51,0x8C,0xFF,0xFF,0xFF,0xFF,0xFF,0xFF,0xBE,0xF7,0xAA,0x52,0x00,0x00,0x00,0x00,0xA3,0x18,0x08,0x42,
	0x39,0xCE,0xFF,0xFF,0xFF,0xFF,0x14,0xA5,0x45,0x29,0x41,0x08,0x00,0x00,0x00,0x00,0x00,0x00,0x00,0x00,0x00,0x00,0x00,0x00,0x00,0x00,0x00,0x00,0x00,0x00,0x00,0x00,0x00,0x00,0x00,0x00,0x00,0x00,0x00,0x00,0x00,0x00,0x00,0x00,0x00,0x00,0x00,0x00,0x00,0x00,0x00,0x00,0x00,0x00,0x00,0x00,0x00,0x00,0x00,0x00,0x00,0x00,0x00,0x00,
	0x00,0x00,0x00,0x00,0x8E,0x73,0x14,0xA5,0xFF,0xFF,0xFF,0xFF,0x3C,0xE7,0x14,0xA5,0x14,0xA5,0x14,0xA5,0x14,0xA5,0x14,0xA5,0x14,0xA5,0x14,0xA5,0x39,0xCE,0x39,0xCE,0xAA,0x52,0x00,0x00,0x00,0x00,0x41,0x08,0x08,0x42,0x39,0xCE,0xFF,0xFF,0xFF,0xFF,0x14,0xA5,0x45,0x29,0x00,0x00,0x00,0x00,0x00,0x00,0xA3,0x18,0xAA,0x52,0x14,0xA5,
	0x3C,0xE7,0xFF,0xFF,0xFF,0xFF,0xBE,0xF7,0x39,0xCE,0x08,0x42,0x00,0x00,0x00,0x00,0xA3,0x18,0x08,0x42,0x39,0xCE,0xFF,0xFF,0xFF,0xFF,0x14,0xA5,0x45,0x29,0x41,0x08,0x00,0x00,0x00,0x00,0x00,0x00,0x00,0x00,0x00,0x00,0x00,0x00,0x00,0x00,0x00,0x00,0x00,0x00,0x00,0x00,0x00,0x00,0x00,0x00,0x00,0x00,0x00,0x00,0x00,0x00,0x00,0x00,
	0x00,0x00,0x00,0x00,0x00,0x00,0x00,0x00,0x00,0x00,0x00,0x00,0x00,0x00,0x00,0x00,0x00,0x00,0x00,0x00,0x00,0x00,0x00,0x00,0x8E,0x73,0x14,0xA5,0xFF,0xFF,0xFF,0xFF,0xFF,0xFF,0xBE,0xF7,0xBE,0xF7,0xBE,0xF7,0xBE,0xF7,0xBE,0xF7,0xBE,0xF7,0xBE,0xF7,0xBE,0xF7,0xFF,0xFF,0x8E,0x73,0x00,0x00,0x00,0x00,0x41,0x08,0x08,0x42,0x39,0xCE,
	0xFF,0xFF,0xFF,0xFF,0x39,0xCE,0x14,0xA5,0x51,0x8C,0x51,0x8C,0x51,0x8C,0x14,0xA5,0x39,0xCE,0x3C,0xE7,0xFF,0xFF,0xFF,0xFF,0xFF,0xFF,0x3C,0xE7,0x8E,0x73,0xA3,0x18,0x00,0x00,0x00,0x00,0xA3,0x18,0x08,0x42,0x39,0xCE,0xFF,0xFF,0xFF,0xFF,0x14,0xA5,0x45,0x29,0x41,0x08,0x00,0x00,0x00,0x00,0x00,0x00,0x00,0x00,0x00,0x00,0x00,0x00,
	0x00,0x00,0x00,0x00,0x00,0x00,0x00,0x00,0x00,0x00,0x00,0x00,0x00,0x00,0x00,0x00,0x00,0x00,0x00,0x00,0x00,0x00,0x00,0x00,0x00,0x00,0x00,0x00,0x00,0x00,0x00,0x00,0x00,0x00,0x00,0x00,0x00,0x00,0x00,0x00,0x00,0x00,0x00,0x00,0x8E,0x73,0x14,0xA5,0xFF,0xFF,0xFF,0xFF,0xFF,0xFF,0xBE,0xF7,0xBE,0xF7,0xBE,0xF7,0xBE,0xF7,0xBE,0xF7,
	0xBE,0xF7,0xBE,0xF7,0xBE,0xF7,0xBE,0xF7,0x8E,0x73,0x00,0x00,0x00,0x00,0x41,0x08,0x08,0x42,0x39,0xCE,0xFF,0xFF,0xFF,0xFF,0xFF,0xFF,0xFF,0xFF,0xFF,0xFF,0xFF,0xFF,0xFF,0xFF,0xFF,0xFF,0xFF,0xFF,0xFF,0xFF,0xFF,0xFF,0xBE,0xF7,0xBE,0xF7,0x14,0xA5,0xA3,0x18,0x00,0x00,0x00,0x00,0x00,0x00,0xA3,0x18,0x08,0x42,0x39,0xCE,0xFF,0xFF,
	0xFF,0xFF,0x14,0xA5,0x45,0x29,0x41,0x08,0x00,0x00,0x00,0x00,0x00,0x00,0x00,0x00,0x00,0x00,0x00,0x00,0x00,0x00,0x00,0x00,0x00,0x00,0x00,0x00,0x00,0x00,0x00,0x00,0x00,0x00,0x00,0x00,0x00,0x00,0x00,0x00,0x00,0x00,0x00,0x00,0x00,0x00,0x00,0x00,0x00,0x00,0x00,0x00,0x00,0x00,0x00,0x00,0x00,0x00,0x00,0x00,0x00,0x00,0x00,0x00,
	0x8E,0x73,0x14,0xA5,0xFF,0xFF,0xFF,0xFF,0x3C,0xE7,0x14,0xA5,0x14,0xA5,0x14,0xA5,0x14,0xA5,0x14,0xA5,0x14,0xA5,0x14,0xA5,0x14,0xA5,0x14,0xA5,0xAA,0x52,0x00,0x00,0x00,0x00,0x41,0x08,0x08,0x42,0x39,0xCE,0xFF,0xFF,0xFF,0xFF,0xFF,0xFF,0xFF,0xFF,0xFF,0xFF,0xFF,0xFF,0xFF,0xFF,0xFF,0xFF,0xFF,0xFF,0xFF,0xFF,0xBE,0xF7,0x39,0xCE,
	0x8E,0x73,0x45,0x29,0x41,0x08,0x00,0x00,0x00,0x00,0x00,0x00,0xA3,0x18,0x08,0x42,0x39,0xCE,0xFF,0xFF,0xFF,0xFF,0x14,0xA5,0x45,0x29,0x41,0x08,0x00,0x00,0x00,0x00,0x00,0x00,0x00,0x00,0x00,0x00,0x00,0x00,0x00,0x00,0x00,0x00,0x00,0x00,0x00,0x00,0x00,0x00,0x00,0x00,0x00,0x00,0x00,0x00,0x00,0x00,0x00,0x00,0x00,0x00,0x00,0x00,
	0x00,0x00,0x00,0x00,0x00,0x00,0x00,0x00,0x00,0x00,0x00,0x00,0x00,0x00,0x00,0x00,0x00,0x00,0x00,0x00,0x8E,0x73,0x14,0xA5,0xFF,0xFF,0xFF,0xFF,0x39,0xCE,0xAA,0x52,0x08,0x42,0xAA,0x52,0xAA,0x52,0xAA,0x52,0xAA,0x52,0xAA,0x52,0xAA,0x52,0xAA,0x52,0x45,0x29,0x00,0x00,0x00,0x00,0x41,0x08,0x08,0x42,0x39,0xCE,0xFF,0xFF,0xFF,0xFF,
	0x3C,0xE7,0x39,0xCE,0x14,0xA5,0x39,0xCE,0xFF,0xFF,0xFF,0xFF,0xFF,0xFF,0xFF,0xFF,0x39,0xCE,0x8E,0x73,0xA3,0x18,0x00,0x00,0x00,0x00,0x00,0x00,0x00,0x00,0x00,0x00,0xA3,0x18,0x08,0x42,0x39,0xCE,0xFF,0xFF,0xFF,0xFF,0x14,0xA5,0x45,0x29,0x41,0x08,0x00,0x00,0x00,0x00,0x00,0x00,0x00,0x00,0x00,0x00,0x00,0x00,0x00,0x00,0x00,0x00,
	0x00,0x00,0x00,0x00,0x00,0x00,0x00,0x00,0x00,0x00,0x00,0x00,0x00,0x00,0x00,0x00,0x00,0x00,0x00,0x00,0x00,0x00,0x00,0x00,0x00,0x00,0x00,0x00,0x00,0x00,0x00,0x00,0x00,0x00,0x00,0x00,0x00,0x00,0x00,0x00,0x8E,0x73,0x14,0xA5,0xFF,0xFF,0xFF,0xFF,0x39,0xCE,0x41,0x08,0x00,0x00,0x00,0x00,0x00,0x00,0x00,0x00,0x00,0x00,0x00,0x00,
	0x00,0x00,0x00,0x00,0x00,0x00,0x00,0x00,0x00,0x00,0x41,0x08,0x08,0x42,0x39,0xCE,0xFF,0xFF,0xFF,0xFF,0x14,0xA5,0x08,0x42,0x41,0x08,0xAA,0x52,0x3C,0xE7,0xFF,0xFF,0xFF,0xFF,0xFF,0xFF,0x14,0xA5,0xA3,0x18,0x00,0x00,0x00,0x00,0x00,0x00,0x00,0x00,0x00,0x00,0x00,0x00,0xA3,0x18,0x08,0x42,0x39,0xCE,0xFF,0xFF,0xFF,0xFF,0x14,0xA5,
	0x45,0x29,0x41,0x08,0x00,0x00,0x00,0x00,0x00,0x00,0x00,0x00,0x00,0x00,0x00,0x00,0x00,0x00,0x00,0x00,0x00,0x00,0x00,0x00,0x00,0x00,0x00,0x00,0x00,0x00,0x00,0x00,0x00,0x00,0x00,0x00,0x00,0x00,0x00,0x00,0x00,0x00,0x00,0x00,0x00,0x00,0x00,0x00,0x00,0x00,0x00,0x00,0x00,0x00,0x00,0x00,0x00,0x00,0x00,0x00,0x8E,0x73,0x14,0xA5,
	0xFF,0xFF,0xFF,0xFF,0x39,0xCE,0x41,0x08,0x00,0x00,0x00,0x00,0x00,0x00,0x00,0x00,0x00,0x00,0x00,0x00,0x00,0x00,0x00,0x00,0x00,0x00,0x00,0x00,0x00,0x00,0x41,0x08,0x08,0x42,0x39,0xCE,0xFF,0xFF,0xFF,0xFF,0x14,0xA5,0x45,0x29,0x00,0x00,0xA3,0x18,0x51,0x8C,0x3C,0xE7,0xFF,0xFF,0xFF,0xFF,0x39,0xCE,0x8E,0x73,0xA3,0x18,0x00,0x00,
	0x00,0x00,0x00,0x00,0x00,0x00,0x00,0x00,0xA3,0x18,0x08,0x42,0x39,0xCE,0xFF,0xFF,0xFF,0xFF,0x14,0xA5,0x45,0x29,0x41,0x08,0x00,0x00,0x00,0x00,0x00,0x00,0x00,0x00,0x00,0x00,0x00,0x00,0x00,0x00,0x00,0x00,0x00,0x00,0x00,0x00,0x00,0x00,0x00,0x00,0x00,0x00,0x00,0x00,0x00,0x00,0x00,0x00,0x00,0x00,0x00,0x00,0x00,0x00,0x00,0x00,
	0x00,0x00,0x00,0x00,0x00,0x00,0x00,0x00,0x00,0x00,0x00,0x00,0x00,0x00,0x00,0x00,0x8E,0x73,0x14,0xA5,0xFF,0xFF,0xFF,0xFF,0x39,0xCE,0x41,0x08,0x00,0x00,0x00,0x00,0x00,0x00,0x00,0x00,0x00,0x00,0x00,0x00,0x00,0x00,0x00,0x00,0x00,0x00,0x00,0x00,0x00,0x00,0x41,0x08,0x08,0x42,0x39,0xCE,0xFF,0xFF,0xFF,0xFF,0x14,0xA5,0x45,0x29,
	0x41,0x08,0x00,0x00,0x45,0x29,0x14,0xA5,0xBE,0xF7,0xFF,0xFF,0xFF,0xFF,0x3C,0xE7,0xAA,0x52,0x41,0x08,0x00,0x00,0x00,0x00,0x00,0x00,0x00,0x00,0xA3,0x18,0x08,0x42,0x39,0xCE,0xFF,0xFF,0xFF,0xFF,0x14,0xA5,0x45,0x29,0x41,0x08,0x00,0x00,0x00,0x00,0x00,0x00,0x00,0x00,0x00,0x00,0x00,0x00,0x00,0x00,0x00,0x00,0x00,0x00,0x00,0x00,
	0x00,0x00,0x00,0x00,0x00,0x00,0x00,0x00,0x00,0x00,0x00,0x00,0x00,0x00,0x00,0x00,0x00,0x00,0x00,0x00,0x00,0x00,0x00,0x00,0x00,0x00,0x00,0x00,0x00,0x00,0x00,0x00,0x00,0x00,0x00,0x00,0x8E,0x73,0x14,0xA5,0xFF,0xFF,0xFF,0xFF,0x39,0xCE,0x41,0x08,0x00,0x00,0x00,0x00,0x00,0x00,0x00,0x00,0x00,0x00,0x00,0x00,0x00,0x00,0x00,0x00,
	0x00,0x00,0x00,0x00,0x00,0x00,0x41,0x08,0x08,0x42,0x39,0xCE,0xFF,0xFF,0xFF,0xFF,0x14,0xA5,0x45,0x29,0x41,0x08,0x00,0x00,0x00,0x00,0xAA,0x52,0x39,0xCE,0xBE,0xF7,0xFF,0xFF,0xBE,0xF7,0x14,0xA5,0x08,0x42,0x00,0x00,0x00,0x00,0x00,0x00,0x00,0x00,0xA3,0x18,0x08,0x42,0x39,0xCE,0xFF,0xFF,0xFF,0xFF,0x14,0xA5,0x45,0x29,0x41,0x08,
	0x00,0x00,0x00,0x00,0x00,0x00,0x00,0x00,0x00,0x00,0x00,0x00,0x00,0x00,0x00,0x00,0x00,0x00,0x00,0x00,0x00,0x00,0x00,0x00,0x00,0x00,0x00,0x00,0x00,0x00,0x00,0x00,0x00,0x00,0x00,0x00,0x00,0x00,0x00,0x00,0x00,0x00,0x00,0x00,0x00,0x00,0x00,0x00,0x00,0x00,0x00,0x00,0x00,0x00,0x00,0x00,0x8E,0x73,0x14,0xA5,0xFF,0xFF,0xFF,0xFF,
	0x39,0xCE,0x41,0x08,0x00,0x00,0x00,0x00,0x00,0x00,0x00,0x00,0x00,0x00,0x00,0x00,0x00,0x00,0x00,0x00,0x00,0x00,0x00,0x00,0x00,0x00,0x41,0x08,0x08,0x42,0x39,0xCE,0xFF,0xFF,0xFF,0xFF,0x14,0xA5,0x45,0x29,0x41,0x08,0x00,0x00,0x00,0x00,0x45,0x29,0x8E,0x73,0x3C,0xE7,0xFF,0xFF,0xFF,0xFF,0x3C,0xE7,0x51,0x8C,0xA3,0x18,0x00,0x00,
	0x00,0x00,0x00,0x00,0xA3,0x18,0x08,0x42,0x39,0xCE,0xFF,0xFF,0xFF,0xFF,0x14,0xA5,0x45,0x29,0x41,0x08,0x00,0x00,0x00,0x00,0x00,0x00,0x00,0x00,0x00,0x00,0x00,0x00,0x00,0x00,0x00,0x00,0x00,0x00,0x00,0x00,0x00,0x00,0x00,0x00,0x00,0x00,0x00,0x00,0x00,0x00,0x00,0x00,0x00,0x00,0x00,0x00,0x00,0x00,0x00,0x00,0x00,0x00,0x00,0x00,
	0x00,0x00,0x00,0x00,0x00,0x00,0x00,0x00,0x00,0x00,0x00,0x00,0x8E,0x73,0x14,0xA5,0xFF,0xFF,0xFF,0xFF,0x39,0xCE,0x41,0x08,0x00,0x00,0x00,0x00,0x00,0x00,0x00,0x00,0x00,0x00,0x00,0x00,0x00,0x00,0x00,0x00,0x00,0x00,0x00,0x00,0x00,0x00,0x41,0x08,0x08,0x42,0x39,0xCE,0xFF,0xFF,0xFF,0xFF,0x14,0xA5,0x45,0x29,0x41,0x08,0x00,0x00,
	0x00,0x00,0x00,0x00,0x45,0x29,0x39,0xCE,0xFF,0xFF,0xFF,0xFF,0xFF,0xFF,0x39,0xCE,0xAA,0x52,0xA3,0x18,0x00,0x00,0x00,0x00,0xA3,0x18,0x08,0x42,0x39,0xCE,0xFF,0xFF,0xFF,0xFF,0x14,0xA5,0x45,0x29,0x41,0x08,0x00,0x00,0x00,0x00,0x00,0x00,0x00,0x00,0x00,0x00,0x00,0x00,0x00,0x00,0x00,0x00,0x00,0x00,0x00,0x00,0x00,0x00,0x00,0x00,
	0x00,0x00,0x00,0x00,0x00,0x00,0x00,0x00,0x00,0x00,0x00,0x00,0x00,0x00,0x00,0x00,0x00,0x00,0x00,0x00,0x00,0x00,0x00,0x00,0x00,0x00,0x00,0x00,0x00,0x00,0x00,0x00,0x8E,0x73,0x14,0xA5,0xFF,0xFF,0xFF,0xFF,0x39,0xCE,0x41,0x08,0x00,0x00,0x00,0x00,0x00,0x00,0x00,0x00,0x00,0x00,0x00,0x00,0x00,0x00,0x00,0x00,0x00,0x00,0x00,0x00,
	0x00,0x00,0x41,0x08,0x08,0x42,0x39,0xCE,0xFF,0xFF,0xFF,0xFF,0x14,0xA5,0x45,0x29,0x41,0x08,0x00,0x00,0x00,0x00,0x00,0x00,0x41,0x08,0xAA,0x52,0x39,0xCE,0xFF,0xFF,0xFF,0xFF,0xBE,0xF7,0x39,0xCE,0x08,0x42,0x00,0x00,0x00,0x00,0xA3,0x18,0x08,0x42,0x39,0xCE,0xFF,0xFF,0xFF,0xFF,0x14,0xA5,0x45,0x29,0x41,0x08,0x00,0x00,0x00,0x00,
	0x00,0x00,0x00,0x00,0x00,0x00,0x00,0x00,0x00,0x00,0x00,0x00,0x00,0x00,0x00,0x00,0x00,0x00,0x00,0x00,0x00,0x00,0x00,0x00,0x00,0x00,0x00,0x00,0x00,0x00,0x00,0x00,0x00,0x00,0x00,0x00,0x00,0x00,0x00,0x00,0x00,0x00,0x00,0x00,0x00,0x00,0x00,0x00,0x00,0x00,0x00,0x00,0x8E,0x73,0x39,0xCE,0xFF,0xFF,0xFF,0xFF,0x39,0xCE,0x41,0x08,
	0x00,0x00,0x00,0x00,0x00,0x00,0x00,0x00,0x00,0x00,0x00,0x00,0x00,0x00,0x00,0x00,0x00,0x00,0x00,0x00,0x00,0x00,0x41,0x08,0x08,0x42,0x39,0xCE,0xFF,0xFF,0xFF,0xFF,0x14,0xA5,0x45,0x29,0x41,0x08,0x00,0x00,0x00,0x00,0x00,0x00,0x00,0x00,0xA3,0x18,0x8E,0x73,0x3C,0xE7,0xFF,0xFF,0xFF,0xFF,0xFF,0xFF,0x14,0xA5,0x45,0x29,0x41,0x08,
	0x41,0x08,0xAA,0x52,0x39,0xCE,0xFF,0xFF,0xFF,0xFF,0x14,0xA5,0x45,0x29,0x41,0x08,0x00,0x00,0x00,0x00,0x00,0x00,0x00,0x00,0x00,0x00,0x00,0x00,0x00,0x00,0x00,0x00,0x00,0x00,0x00,0x00,0x00,0x00,0x00,0x00,0x00,0x00,0x00,0x00,0x00,0x00,0x00,0x00,0x00,0x00,0x00,0x00,0x00,0x00,0x00,0x00,0x00,0x00,0x00,0x00,0x00,0x00,0x00,0x00,
	0x00,0x00,0x00,0x00,0x00,0x00,0x00,0x00,0x8E,0x73,0x39,0xCE,0xFF,0xFF,0xFF,0xFF,0x39,0xCE,0x41,0x08,0x00,0x00,0x00,0x00,0x00,0x00,0x00,0x00,0x00,0x00,0x00,0x00,0x00,0x00,0x00,0x00,0x00,0x00,0x00,0x00,0x00,0x00,0x41,0x08,0x08,0x42,0x39,0xCE,0xFF,0xFF,0xFF,0xFF,0x14,0xA5,0x45,0x29,0x41,0x08,0x00,0x00,0x00,0x00,0x00,0x00,
	0x00,0x00,0x00,0x00,0x08,0x42,0x14,0xA5,0x3C,0xE7,0xFF,0xFF,0xFF,0xFF,0x3C,0xE7,0x51,0x8C,0xA3,0x18,0x00,0x00,0xAA,0x52,0x39,0xCE,0xFF,0xFF,0xFF,0xFF,0x14,0xA5,0x45,0x29,0x41,0x08,0x00,0x00,0x00,0x00,0x00,0x00,0x00,0x00,0x00,0x00,0x00,0x00,0x00,0x00,0x00,0x00,0x00,0x00,0x00,0x00,0x00,0x00,0x00,0x00,0x00,0x00,0x00,0x00,
	0x00,0x00,0x00,0x00,0x00,0x00,0x00,0x00,0x00,0x00,0x00,0x00,0x00,0x00,0x00,0x00,0x00,0x00,0x00,0x00,0x00,0x00,0x00,0x00,0x00,0x00,0x00,0x00,0x08,0x42,0x8E,0x73,0x51,0x8C,0x14,0xA5,0x8E,0x73,0x41,0x08,0x00,0x00,0x00,0x00,0x00,0x00,0x00,0x00,0x00,0x00,0x00,0x00,0x00,0x00,0x00,0x00,0x00,0x00,0x00,0x00,0x00,0x00,0x41,0x08,
	0x45,0x29,0x8E,0x73,0x14,0xA5,0x51,0x8C,0xAA,0x52,0xA3,0x18,0x00,0x00,0x00,0x00,0x00,0x00,0x00,0x00,0x00,0x00,0x00,0x00,0xA3,0x18,0x08,0x42,0x51,0x8C,0x14,0xA5,0x51,0x8C,0x51,0x8C,0x8E,0x73,0x41,0x08,0x00,0x00,0x45,0x29,0x8E,0x73,0x14,0xA5,0x51,0x8C,0xAA,0x52,0xA3,0x18,0x00,0x00,0x00,0x00,0x00,0x00,0x00,0x00,0x00,0x00,
	0x00,0x00,0x00,0x00,0x00,0x00,0x00,0x00,0x00,0x00,0x00,0x00,0x00,0x00,0x00,0x00,0x00,0x00,0x00,0x00,0x00,0x00,0x00,0x00,0x00,0x00,0x00,0x00,0x00,0x00,0x00,0x00,0x00,0x00,0x00,0x00,0x00,0x00,0x00,0x00,0x00,0x00,0x00,0x00,0x00,0x00,0x00,0x00,0xA3,0x18,0xA3,0x18,0x45,0x29,0x45,0x29,0xA3,0x18,0x00,0x00,0x00,0x00,0x00,0x00,
	0x00,0x00,0x00,0x00,0x00,0x00,0x00,0x00,0x00,0x00,0x00,0x00,0x00,0x00,0x00,0x00,0x00,0x00,0x00,0x00,0x41,0x08,0xA3,0x18,0x45,0x29,0x45,0x29,0xA3,0x18,0x41,0x08,0x00,0x00,0x00,0x00,0x00,0x00,0x00,0x00,0x00,0x00,0x00,0x00,0x00,0x00,0x41,0x08,0x45,0x29,0x45,0x29,0x45,0x29,0x45,0x29,0x45,0x29,0x41,0x08,0x00,0x00,0x41,0x08,
	0x45,0x29,0x45,0x29,0x45,0x29,0xA3,0x18,0x41,0x08,0x00,0x00,0x00,0x00,0x00,0x00,0x00,0x00,0x00,0x00,0x00,0x00,0x00,0x00,0x00,0x00,0x00,0x00,0x00,0x00,0x00,0x00,0x00,0x00,0x00,0x00,0x00,0x00,0x00,0x00,0x00,0x00,0x00,0x00,0x00,0x00,0x00,0x00,0x00,0x00,0x00,0x00,0x00,0x00,0x00,0x00,0x00,0x00,0x00,0x00,0x00,0x00,0x00,0x00,
	0x00,0x00,0x00,0x00,

	// Alpha Channel 
	0x00,0x00,0x00,0x00,0x00,0x00,0x00,0x00,0x00,0x00,0x00,0x00,0x00,0x00,0x00,0x00,0x00,0x00,0x00,0x00,0x00,0x00,0x00,0x00,0x00,0x00,0x00,0x00,0x00,0x00,0x00,0x00,0x00,0x00,0x00,0x00,0x00,0xFF,0xFF,0x00,0x00,0x00,0x00,0x00,0x00,0x00,0x00,0x00,0x00,0x00,0x00,0x00,0x00,0xFF,0xFF,0xFF,0xFF,0x00,0x00,0x00,0x00,0x00,0x00,0x00,
	0x00,0x00,0x00,0x00,0x00,0x00,0x00,0x00,0x00,0x00,0xFF,0xFF,0xFF,0xFF,0xFF,0xFF,0xFF,0xFF,0xFF,0xFF,0xFF,0xFF,0xFF,0xFF,0xFF,0xFF,0x00,0x00,0x00,0xFF,0xFF,0xFF,0xFF,0xFF,0xFF,0xFF,0xFF,0xFF,0xFF,0xFF,0x00,0x00,0x00,0x00,0x00,0x00,0x00,0x00,0x00,0x00,0xFF,0xFF,0xFF,0xFF,0x00,0x00,0x00,0x00,0x00,0x00,0x00,0x00,0x00,0x00,
	0x00,0x00,0x00,0x00,0x00,0x00,0x00,0x00,0x00,0x00,0x00,0x00,0x00,0x00,0x00,0x00,0x00,0x00,0x00,0x00,0xFF,0xFF,0xFF,0xFF,0xFF,0xFF,0xFF,0xFF,0xFF,0xFF,0xFF,0xFF,0xFF,0xFF,0xFF,0xFF,0xFF,0x00,0xFF,0xFF,0xFF,0xFF,0xFF,0xFF,0xFF,0xFF,0xFF,0xFF,0xFF,0xFF,0xFF,0xFF,0x00,0x00,0x00,0x00,0x00,0x00,0x00,0xFF,0xFF,0xFF,0xFF,0xFF,
	0xFF,0x00,0x00,0x00,0x00,0x00,0x00,0x00,0x00,0x00,0x00,0x00,0x00,0x00,0x00,0x00,0x00,0x00,0x00,0x00,0x00,0x00,0x00,0x00,0x00,0x00,0x00,0x00,0x00,0x00,0xFF,0xFF,0xFF,0xFF,0xFF,0xFF,0xFF,0xFF,0xFF,0xFF,0xFF,0xFF,0xFF,0xFF,0xFF,0xFF,0xFF,0x00,0xFF,0xFF,0xFF,0xFF,0xFF,0xFF,0xFF,0xFF,0xFF,0xFF,0xFF,0xFF,0xFF,0xFF,0xFF,0xFF,
	0x00,0x00,0x00,0x00,0xFF,0xFF,0xFF,0xFF,0xFF,0xFF,0xFF,0xFF,0x00,0x00,0x00,0x00,0x00,0x00,0x00,0x00,0x00,0x00,0x00,0x00,0x00,0x00,0x00,0x00,0x00,0x00,0x00,0x00,0x00,0x00,0x00,0x00,0x00,0x00,0x00,0x00,0xFF,0xFF,0xFF,0xFF,0xFF,0xFF,0xFF,0xFF,0xFF,0xFF,0xFF,0xFF,0xFF,0xFF,0xFF,0xFF,0xFF,0x00,0xFF,0xFF,0xFF,0xFF,0xFF,0xFF,
	0xFF,0xFF,0xFF,0xFF,0xFF,0xFF,0xFF,0xFF,0xFF,0xFF,0xFF,0x00,0x00,0x00,0xFF,0xFF,0xFF,0xFF,0xFF,0xFF,0xFF,0xFF,0x00,0x00,0x00,0x00,0x00,0x00,0x00,0x00,0x00,0x00,0x00,0x00,0x00,0x00,0x00,0x00,0x00,0x00,0x00,0x00,0x00,0x00,0x00,0x00,0x00,0x00,0x00,0x00,0xFF,0xFF,0xFF,0xFF,0xFF,0xFF,0xFF,0xFF,0xFF,0xFF,0xFF,0xFF,0xFF,0xFF,
	0xFF,0xFF,0xFF,0x00,0xFF,0xFF,0xFF,0xFF,0xFF,0xFF,0xFF,0xFF,0xFF,0xFF,0xFF,0xFF,0xFF,0xFF,0xFF,0xFF,0xFF,0xFF,0x00,0x00,0xFF,0xFF,0xFF,0xFF,0xFF,0xFF,0xFF,0xFF,0x00,0x00,0x00,0x00,0x00,0x00,0x00,0x00,0x00,0x00,0x00,0x00,0x00,0x00,0x00,0x00,0x00,0x00,0x00,0x00,0x00,0x00,0x00,0x00,0x00,0x00,0x00,0x00,0xFF,0xFF,0xFF,0xFF,
	0xFF,0xFF,0xFF,0xFF,0xFF,0xFF,0xFF,0xFF,0xFF,0xFF,0xFF,0xFF,0xFF,0xFF,0xFF,0xFF,0xFF,0xFF,0xFF,0xFF,0xFF,0xFF,0xFF,0xFF,0xFF,0xFF,0xFF,0xFF,0xFF,0xFF,0xFF,0xFF,0x00,0x00,0xFF,0xFF,0xFF,0xFF,0xFF,0xFF,0xFF,0xFF,0x00,0x00,0x00,0x00,0x00,0x00,0x00,0x00,0x00,0x00,0x00,0x00,0x00,0x00,0x00,0x00,0x00,0x00,0x00,0x00,0x00,0x00,
	0x00,0x00,0x00,0x00,0x00,0x00,0xFF,0xFF,0xFF,0xFF,0xFF,0x00,0x00,0x00,0x00,0x00,0x00,0x00,0x00,0x00,0x00,0x00,0x00,0xFF,0xFF,0xFF,0xFF,0xFF,0xFF,0xFF,0x00,0x00,0x00,0x00,0xFF,0xFF,0xFF,0xFF,0xFF,0xFF,0xFF,0xFF,0x00,0x00,0xFF,0xFF,0xFF,0xFF,0xFF,0xFF,0xFF,0xFF,0x00,0x00,0x00,0x00,0x00,0x00,0x00,0x00,0x00,0x00,0x00,0x00,
	0x00,0x00,0x00,0x00,0x00,0x00,0x00,0x00,0x00,0x00,0x00,0x00,0x00,0x00,0x00,0x00,0xFF,0xFF,0xFF,0xFF,0xFF,0xFF,0x00,0x00,0x00,0x00,0x00,0x00,0x00,0x00,0x00,0x00,0x00,0xFF,0xFF,0xFF,0xFF,0xFF,0xFF,0xFF,0xFF,0x00,0x00,0x00,0x00,0xFF,0xFF,0xFF,0xFF,0xFF,0xFF,0xFF,0x00,0x00,0xFF,0xFF,0xFF,0xFF,0xFF,0xFF,0xFF,0xFF,0x00,0x00,
	0x00,0x00,0x00,0x00,0x00,0x00,0x00,0x00,0x00,0x00,0x00,0x00,0x00,0x00,0x00,0x00,0x00,0x00,0x00,0x00,0x00,0x00,0x00,0x00,0x00,0x00,0xFF,0xFF,0xFF,0xFF,0xFF,0xFF,0x00,0x00,0x00,0x00,0x00,0x00,0x00,0x00,0x00,0x00,0x00,0xFF,0xFF,0xFF,0xFF,0xFF,0xFF,0xFF,0xFF,0x00,0x00,0x00,0x00,0x00,0xFF,0xFF,0xFF,0xFF,0xFF,0xFF,0x00,0x00,
	0xFF,0xFF,0xFF,0xFF,0xFF,0xFF,0xFF,0xFF,0x00,0x00,0x00,0x00,0x00,0x00,0x00,0x00,0x00,0x00,0x00,0x00,0x00,0x00,0x00,0x00,0x00,0x00,0x00,0x00,0x00,0x00,0x00,0x00,0x00,0x00,0x00,0x00,0xFF,0xFF,0xFF,0xFF,0xFF,0xFF,0x00,0x00,0x00,0x00,0x00,0x00,0x00,0x00,0x00,0x00,0x00,0xFF,0xFF,0xFF,0xFF,0xFF,0xFF,0xFF,0xFF,0x00,0x00,0x00,
	0x00,0x00,0xFF,0xFF,0xFF,0xFF,0xFF,0xFF,0x00,0x00,0xFF,0xFF,0xFF,0xFF,0xFF,0xFF,0xFF,0xFF,0x00,0x00,0x00,0x00,0x00,0x00,0x00,0x00,0x00,0x00,0x00,0x00,0x00,0x00,0x00,0x00,0x00,0x00,0x00,0x00,0x00,0x00,0x00,0x00,0x00,0x00,0x00,0x00,0xFF,0xFF,0xFF,0xFF,0xFF,0x00,0x00,0x00,0x00,0x00,0x00,0x00,0x00,0x00,0x00,0x00,0x00,0xFF,
	0xFF,0xFF,0xFF,0xFF,0xFF,0xFF,0xFF,0x00,0x00,0x00,0x00,0x00,0xFF,0xFF,0xFF,0xFF,0xFF,0xFF,0x00,0x00,0xFF,0xFF,0xFF,0xFF,0xFF,0xFF,0xFF,0xFF,0x00,0x00,0x00,0x00,0x00,0x00,0x00,0x00,0x00,0x00,0x00,0x00,0x00,0x00,0x00,0x00,0x00,0x00,0x00,0x00,0x00,0x00,0x00,0x00,0x00,0x00,0x00,0x00,0xFF,0xFF,0xFF,0xFF,0xFF,0xFF,0xFF,0xFF,
	0xFF,0xFF,0xFF,0xFF,0xFF,0xFF,0xFF,0x00,0x00,0xFF,0xFF,0xFF,0xFF,0xFF,0xFF,0xFF,0x00,0x00,0x00,0x00,0xFF,0xFF,0xFF,0xFF,0xFF,0xFF,0xFF,0xFF,0x00,0x00,0xFF,0xFF,0xFF,0xFF,0xFF,0xFF,0xFF,0xFF,0x00,0x00,0x00,0x00,0x00,0x00,0x00,0x00,0x00,0x00,0x00,0x00,0x00,0x00,0x00,0x00,0x00,0x00,0x00,0x00,0x00,0x00,0x00,0x00,0x00,0x00,
	0x00,0x00,0xFF,0xFF,0xFF,0xFF,0xFF,0xFF,0xFF,0xFF,0xFF,0xFF,0xFF,0xFF,0xFF,0xFF,0xFF,0x00,0x00,0xFF,0xFF,0xFF,0xFF,0xFF,0xFF,0xFF,0x00,0x00,0x00,0xFF,0xFF,0xFF,0xFF,0xFF,0xFF,0xFF,0xFF,0xFF,0x00,0x00,0xFF,0xFF,0xFF,0xFF,0xFF,0xFF,0xFF,0xFF,0x00,0x00,0x00,0x00,0x00,0x00,0x00,0x00,0x00,0x00,0x00,0x00,0x00,0x00,0x00,0x00,
	0x00,0x00,0x00,0x00,0x00,0x00,0x00,0x00,0x00,0x00,0x00,0x00,0xFF,0xFF,0xFF,0xFF,0xFF,0xFF,0xFF,0xFF,0xFF,0xFF,0xFF,0xFF,0xFF,0xFF,0xFF,0x00,0x00,0xFF,0xFF,0xFF,0xFF,0xFF,0xFF,0xFF,0xFF,0xFF,0xFF,0xFF,0xFF,0xFF,0xFF,0xFF,0xFF,0xFF,0xFF,0xFF,0x00,0x00,0xFF,0xFF,0xFF,0xFF,0xFF,0xFF,0xFF,0xFF,0x00,0x00,0x00,0x00,0x00,0x00,
	0x00,0x00,0x00,0x00,0x00,0x00,0x00,0x00,0x00,0x00,0x00,0x00,0x00,0x00,0x00,0x00,0x00,0x00,0x00,0x00,0x00,0x00,0xFF,0xFF,0xFF,0xFF,0xFF,0xFF,0xFF,0xFF,0xFF,0xFF,0xFF,0xFF,0xFF,0xFF,0xFF,0x00,0x00,0xFF,0xFF,0xFF,0xFF,0xFF,0xFF,0xFF,0xFF,0xFF,0xFF,0xFF,0xFF,0xFF,0xFF,0xFF,0xFF,0xFF,0xFF,0x00,0x00,0x00,0xFF,0xFF,0xFF,0xFF,
	0xFF,0xFF,0xFF,0xFF,0x00,0x00,0x00,0x00,0x00,0x00,0x00,0x00,0x00,0x00,0x00,0x00,0x00,0x00,0x00,0x00,0x00,0x00,0x00,0x00,0x00,0x00,0x00,0x00,0x00,0x00,0x00,0x00,0xFF,0xFF,0xFF,0xFF,0xFF,0xFF,0xFF,0xFF,0xFF,0xFF,0xFF,0xFF,0xFF,0xFF,0xFF,0x00,0x00,0xFF,0xFF,0xFF,0xFF,0xFF,0xFF,0xFF,0xFF,0xFF,0xFF,0xFF,0xFF,0xFF,0xFF,0xFF,
	0xFF,0xFF,0xFF,0x00,0x00,0x00,0xFF,0xFF,0xFF,0xFF,0xFF,0xFF,0xFF,0xFF,0x00,0x00,0x00,0x00,0x00,0x00,0x00,0x00,0x00,0x00,0x00,0x00,0x00,0x00,0x00,0x00,0x00,0x00,0x00,0x00,0x00,0x00,0x00,0x00,0x00,0x00,0x00,0x00,0xFF,0xFF,0xFF,0xFF,0xFF,0xFF,0xFF,0xFF,0xFF,0xFF,0xFF,0xFF,0xFF,0xFF,0xFF,0x00,0x00,0xFF,0xFF,0xFF,0xFF,0xFF,
	0xFF,0xFF,0xFF,0xFF,0xFF,0xFF,0xFF,0xFF,0xFF,0xFF,0xFF,0x00,0x00,0x00,0x00,0x00,0xFF,0xFF,0xFF,0xFF,0xFF,0xFF,0xFF,0xFF,0x00,0x00,0x00,0x00,0x00,0x00,0x00,0x00,0x00,0x00,0x00,0x00,0x00,0x00,0x00,0x00,0x00,0x00,0x00,0x00,0x00,0x00,0x00,0x00,0x00,0x00,0x00,0x00,0xFF,0xFF,0xFF,0xFF,0xFF,0xFF,0x00,0x00,0x00,0x00,0x00,0x00,
	0x00,0x00,0x00,0x00,0x00,0xFF,0xFF,0xFF,0xFF,0xFF,0xFF,0xFF,0xFF,0xFF,0xFF,0xFF,0xFF,0xFF,0xFF,0xFF,0x00,0x00,0x00,0x00,0x00,0x00,0xFF,0xFF,0xFF,0xFF,0xFF,0xFF,0xFF,0xFF,0x00,0x00,0x00,0x00,0x00,0x00,0x00,0x00,0x00,0x00,0x00,0x00,0x00,0x00,0x00,0x00,0x00,0x00,0x00,0x00,0x00,0x00,0x00,0x00,0x00,0x00,0x00,0x00,0xFF,0xFF,
	0xFF,0xFF,0xFF,0xFF,0x00,0x00,0x00,0x00,0x00,0x00,0x00,0x00,0x00,0x00,0x00,0xFF,0xFF,0xFF,0xFF,0xFF,0xFF,0xFF,0x00,0xFF,0xFF,0xFF,0xFF,0xFF,0xFF,0xFF,0xFF,0x00,0x00,0x00,0x00,0x00,0xFF,0xFF,0xFF,0xFF,0xFF,0xFF,0xFF,0xFF,0x00,0x00,0x00,0x00,0x00,0x00,0x00,0x00,0x00,0x00,0x00,0x00,0x00,0x00,0x00,0x00,0x00,0x00,0x00,0x00,
	0x00,0x00,0x00,0x00,0x00,0x00,0x00,0x00,0xFF,0xFF,0xFF,0xFF,0xFF,0xFF,0x00,0x00,0x00,0x00,0x00,0x00,0x00,0x00,0x00,0x00,0x00,0xFF,0xFF,0xFF,0xFF,0xFF,0xFF,0xFF,0xFF,0x00,0xFF,0xFF,0xFF,0xFF,0xFF,0xFF,0xFF,0xFF,0x00,0x00,0x00,0x00,0xFF,0xFF,0xFF,0xFF,0xFF,0xFF,0xFF,0xFF,0x00,0x00,0x00,0x00,0x00,0x00,0x00,0x00,0x00,0x00,
	0x00,0x00,0x00,0x00,0x00,0x00,0x00,0x00,0x00,0x00,0x00,0x00,0x00,0x00,0x00,0x00,0x00,0x00,0xFF,0xFF,0xFF,0xFF,0xFF,0xFF,0x00,0x00,0x00,0x00,0x00,0x00,0x00,0x00,0x00,0x00,0x00,0xFF,0xFF,0xFF,0xFF,0xFF,0xFF,0xFF,0xFF,0x00,0x00,0xFF,0xFF,0xFF,0xFF,0xFF,0xFF,0xFF,0x00,0x00,0x00,0x00,0xFF,0xFF,0xFF,0xFF,0xFF,0xFF,0xFF,0xFF,
	0x00,0x00,0x00,0x00,0x00,0x00,0x00,0x00,0x00,0x00,0x00,0x00,0x00,0x00,0x00,0x00,0x00,0x00,0x00,0x00,0x00,0x00,0x00,0x00,0x00,0x00,0x00,0x00,0xFF,0xFF,0xFF,0xFF,0xFF,0xFF,0x00,0x00,0x00,0x00,0x00,0x00,0x00,0x00,0x00,0x00,0x00,0xFF,0xFF,0xFF,0xFF,0xFF,0xFF,0xFF,0xFF,0x00,0x00,0xFF,0xFF,0xFF,0xFF,0xFF,0xFF,0xFF,0xFF,0x00,
	0x00,0x00,0xFF,0xFF,0xFF,0xFF,0xFF,0xFF,0xFF,0xFF,0x00,0x00,0x00,0x00,0x00,0x00,0x00,0x00,0x00,0x00,0x00,0x00,0x00,0x00,0x00,0x00,0x00,0x00,0x00,0x00,0x00,0x00,0x00,0x00,0x00,0x00,0x00,0x00,0xFF,0xFF,0xFF,0xFF,0xFF,0xFF,0x00,0x00,0x00,0x00,0x00,0x00,0x00,0x00,0x00,0x00,0x00,0xFF,0xFF,0xFF,0xFF,0xFF,0xFF,0xFF,0xFF,0x00,
	0x00,0x00,0xFF,0xFF,0xFF,0xFF,0xFF,0xFF,0xFF,0xFF,0x00,0x00,0xFF,0xFF,0xFF,0xFF,0xFF,0xFF,0xFF,0xFF,0x00,0x00,0x00,0x00,0x00,0x00,0x00,0x00,0x00,0x00,0x00,0x00,0x00,0x00,0x00,0x00,0x00,0x00,0x00,0x00,0x00,0x00,0x00,0x00,0x00,0x00,0x00,0x00,0xFF,0xFF,0xFF,0xFF,0xFF,0xFF,0x00,0x00,0x00,0x00,0x00,0x00,0x00,0x00,0x00,0x00,
	0x00,0xFF,0xFF,0xFF,0xFF,0xFF,0xFF,0xFF,0xFF,0x00,0x00,0x00,0xFF,0xFF,0xFF,0xFF,0xFF,0xFF,0xFF,0xFF,0x00,0x00,0xFF,0xFF,0xFF,0xFF,0xFF,0xFF,0xFF,0xFF,0x00,0x00,0x00,0x00,0x00,0x00,0x00,0x00,0x00,0x00,0x00,0x00,0x00,0x00,0x00,0x00,0x00,0x00,0x00,0x00,0x00,0x00,0x00,0x00,0x00,0x00,0x00,0x00,0xFF,0xFF,0xFF,0xFF,0xFF,0xFF,
	0x00,0x00,0x00,0x00,0x00,0x00,0x00,0x00,0x00,0x00,0x00,0xFF,0xFF,0xFF,0xFF,0xFF,0xFF,0xFF,0xFF,0x00,0x00,0x00,0x00,0xFF,0xFF,0xFF,0xFF,0xFF,0xFF,0xFF,0xFF,0xFF,0xFF,0xFF,0xFF,0xFF,0xFF,0xFF,0xFF,0xFF,0x00,0x00,0x00,0x00,0x00,0x00,0x00,0x00,0x00,0x00,0x00,0x00,0x00,0x00,0x00,0x00,0x00,0x00,0x00,0x00,0x00,0x00,0x00,0x00,
	0x00,0x00,0x00,0x00,0xFF,0xFF,0xFF,0xFF,0xFF,0xFF,0x00,0x00,0x00,0x00,0x00,0x00,0x00,0x00,0x00,0x00,0x00,0xFF,0xFF,0xFF,0xFF,0xFF,0xFF,0xFF,0xFF,0x00,0x00,0x00,0x00,0x00,0xFF,0xFF,0xFF,0xFF,0xFF,0xFF,0xFF,0xFF,0x00,0xFF,0xFF,0xFF,0xFF,0xFF,0xFF,0xFF,0x00,0x00,0x00,0x00,0x00,0x00,0x00,0x00,0x00,0x00,0x00,0x00,0x00,0x00,
	0x00,0x00,0x00,0x00,0x00,0x00,0x00,0x00,0x00,0x00,0x00,0x00,0x00,0x00,0xFF,0xFF,0xFF,0xFF,0xFF,0xFF,0x00,0x00,0x00,0x00,0x00,0x00,0x00,0x00,0x00,0x00,0x00,0xFF,0xFF,0xFF,0xFF,0xFF,0xFF,0xFF,0x00,0x00,0x00,0x00,0x00,0x00,0xFF,0xFF,0xFF,0xFF,0xFF,0xFF,0xFF,0xFF,0x00,0xFF,0xFF,0xFF,0xFF,0xFF,0xFF,0x00,0x00,0x00,0x00,0x00,
	0x00,0x00,0x00,0x00,0x00,0x00,0x00,0x00,0x00,0x00,0x00,0x00,0x00,0x00,0x00,0x00,0x00,0x00,0x00,0x00,0x00,0x00,0x00,0x00,0xFF,0xFF,0xFF,0xFF,0xFF,0x00,0x00,0x00,0x00,0x00,0x00,0x00,0x00,0x00,0x00,0x00,0x00,0x00,0xFF,0xFF,0xFF,0xFF,0xFF,0xFF,0x00,0x00,0x00,0x00,0x00,0x00,0x00,0xFF,0xFF,0xFF,0xFF,0xFF,0xFF,0xFF,0x00,0xFF,
	0xFF,0xFF,0xFF,0xFF,0xFF,0x00,0x00,0x00,0x00,0x00,0x00,0x00,0x00,0x00,0x00,0x00,0x00,0x00,0x00,0x00,0x00,0x00,0x00,0x00,0x00,0x00,0x00,0x00,0x00,0x00,0x00,0x00,0x00,0x00,
    };
        


const lv_img_dsc_t face_1889_2_390_dial_img_15_118736_4 = {
    .header.magic = LV_IMAGE_HEADER_MAGIC,
    .header.w = 74,
    .header.h = 29,
    .data_size = sizeof(face_1889_2_390_dial_img_15_118736_data_4),
    .header.cf = LV_COLOR_FORMAT_RGB565A8,
    .data = face_1889_2_390_dial_img_15_118736_data_4};

    
// LVGL 9 format (RGB565) // LVGL_9 compatible 
const LV_ATTRIBUTE_MEM_ALIGN uint8_t face_1889_2_390_dial_img_15_118736_data_5[] = {
	//RGB565 data 
	0x00,0x00,0x00,0x00,0x41,0x08,0x41,0x08,0x00,0x00,0x00,0x00,0x00,0x00,0x00,0x00,0x00,0x00,0x00,0x00,0x00,0x00,0x00,0x00,0x00,0x00,0x00,0x00,0x00,0x00,0x00,0x00,0x00,0x00,0x00,0x00,0x00,0x00,0x00,0x00,0x41,0x08,0x41,0x08,0x00,0x00,0x00,0x00,0x00,0x00,0x00,0x00,0x00,0x00,0x00,0x00,0x00,0x00,0x00,0x00,0x00,0x00,0x00,0x00,
	0x00,0x00,0x41,0x08,0x41,0x08,0x41,0x08,0x41,0x08,0x00,0x00,0x00,0x00,0x00,0x00,0x00,0x00,0x41,0x08,0x00,0x00,0x00,0x00,0x00,0x00,0x00,0x00,0x00,0x00,0x00,0x00,0x00,0x00,0x00,0x00,0x00,0x00,0x00,0x00,0x00,0x00,0x00,0x00,0x00,0x00,0x00,0x00,0x00,0x00,0x00,0x00,0x00,0x00,0x00,0x00,0x00,0x00,0x00,0x00,0x00,0x00,0x00,0x00,
	0x00,0x00,0x00,0x00,0x00,0x00,0x00,0x00,0x00,0x00,0x00,0x00,0x00,0x00,0x00,0x00,0x00,0x00,0x00,0x00,0x00,0x00,0x00,0x00,0x00,0x00,0x00,0x00,0x00,0x00,0x41,0x08,0x45,0x29,0x45,0x29,0x45,0x29,0x45,0x29,0x45,0x29,0xA3,0x18,0x00,0x00,0x00,0x00,0x00,0x00,0x00,0x00,0x00,0x00,0x00,0x00,0x00,0x00,0x00,0x00,0x00,0x00,0x00,0x00,
	0x00,0x00,0x00,0x00,0x00,0x00,0x00,0x00,0x00,0x00,0x41,0x08,0xA3,0x18,0xA3,0x18,0x41,0x08,0x41,0x08,0x00,0x00,0x00,0x00,0x00,0x00,0x00,0x00,0x00,0x00,0x00,0x00,0x00,0x00,0x00,0x00,0x00,0x00,0x00,0x00,0x41,0x08,0x41,0x08,0xA3,0x18,0xA3,0x18,0xA3,0x18,0xA3,0x18,0xA3,0x18,0xA3,0x18,0xA3,0x18,0xA3,0x18,0xA3,0x18,0xA3,0x18,
	0xA3,0x18,0xA3,0x18,0xA3,0x18,0x41,0x08,0x00,0x00,0x00,0x00,0x00,0x00,0x00,0x00,0x00,0x00,0x00,0x00,0x00,0x00,0x00,0x00,0x00,0x00,0x00,0x00,0x00,0x00,0x00,0x00,0x00,0x00,0x00,0x00,0x00,0x00,0x00,0x00,0x00,0x00,0x00,0x00,0x00,0x00,0x00,0x00,0xA3,0x18,0x08,0x42,0x8E,0x73,0x51,0x8C,0x51,0x8C,0x51,0x8C,0x51,0x8C,0xAA,0x52,
	0x45,0x29,0x41,0x08,0x00,0x00,0x00,0x00,0x00,0x00,0x00,0x00,0x00,0x00,0x00,0x00,0x00,0x00,0x00,0x00,0x00,0x00,0x00,0x00,0x00,0x00,0x00,0x00,0xA3,0x18,0x45,0x29,0xAA,0x52,0xAA,0x52,0x08,0x42,0x45,0x29,0x41,0x08,0x00,0x00,0x00,0x00,0x00,0x00,0x00,0x00,0x00,0x00,0x00,0x00,0x00,0x00,0x41,0x08,0xA3,0x18,0x08,0x42,0xAA,0x52,
	0x08,0x42,0x08,0x42,0x08,0x42,0x08,0x42,0x08,0x42,0x08,0x42,0x08,0x42,0x08,0x42,0x08,0x42,0x08,0x42,0x08,0x42,0x08,0x42,0xAA,0x52,0x08,0x42,0xA3,0x18,0x41,0x08,0x00,0x00,0x00,0x00,0x00,0x00,0x00,0x00,0x00,0x00,0x00,0x00,0x00,0x00,0x00,0x00,0x00,0x00,0x00,0x00,0x00,0x00,0x00,0x00,0x00,0x00,0x00,0x00,0x00,0x00,0x00,0x00,
	0x45,0x29,0x8E,0x73,0x14,0xA5,0x39,0xCE,0x3C,0xE7,0x3C,0xE7,0x3C,0xE7,0x3C,0xE7,0x3C,0xE7,0x39,0xCE,0x39,0xCE,0x51,0x8C,0x08,0x42,0x00,0x00,0x00,0x00,0x00,0x00,0x00,0x00,0x00,0x00,0x00,0x00,0x00,0x00,0x00,0x00,0x00,0x00,0x00,0x00,0xA3,0x18,0x8E,0x73,0x14,0xA5,0x39,0xCE,0x39,0xCE,0x39,0xCE,0x39,0xCE,0x45,0x29,0x00,0x00,
	0x00,0x00,0x00,0x00,0x00,0x00,0x00,0x00,0x00,0x00,0x00,0x00,0xA3,0x18,0xAA,0x52,0x39,0xCE,0x39,0xCE,0x39,0xCE,0x39,0xCE,0x39,0xCE,0x39,0xCE,0x39,0xCE,0x39,0xCE,0x39,0xCE,0x39,0xCE,0x39,0xCE,0x39,0xCE,0x39,0xCE,0x39,0xCE,0x39,0xCE,0x14,0xA5,0x08,0x42,0xA3,0x18,0x00,0x00,0x00,0x00,0x00,0x00,0x00,0x00,0x00,0x00,0x00,0x00,
	0x00,0x00,0x00,0x00,0x00,0x00,0x00,0x00,0x00,0x00,0x00,0x00,0x00,0x00,0x00,0x00,0x00,0x00,0x45,0x29,0x8E,0x73,0x39,0xCE,0xFF,0xFF,0xFF,0xFF,0xFF,0xFF,0xFF,0xFF,0xFF,0xFF,0xFF,0xFF,0xFF,0xFF,0xFF,0xFF,0xFF,0xFF,0x3C,0xE7,0x51,0x8C,0xA3,0x18,0x00,0x00,0x00,0x00,0x00,0x00,0x00,0x00,0x00,0x00,0x00,0x00,0x00,0x00,0x00,0x00,
	0x00,0x00,0x45,0x29,0x14,0xA5,0xBE,0xF7,0xFF,0xFF,0xFF,0xFF,0xFF,0xFF,0xFF,0xFF,0xAA,0x52,0x41,0x08,0x00,0x00,0x00,0x00,0x00,0x00,0x00,0x00,0x00,0x00,0x00,0x00,0x45,0x29,0x51,0x8C,0xFF,0xFF,0xFF,0xFF,0xFF,0xFF,0xFF,0xFF,0xFF,0xFF,0xFF,0xFF,0xFF,0xFF,0xFF,0xFF,0xFF,0xFF,0xFF,0xFF,0xFF,0xFF,0xFF,0xFF,0xFF,0xFF,0xFF,0xFF,
	0xFF,0xFF,0xBE,0xF7,0xAA,0x52,0xA3,0x18,0x00,0x00,0x00,0x00,0x00,0x00,0x00,0x00,0x00,0x00,0x00,0x00,0x00,0x00,0x00,0x00,0x00,0x00,0x00,0x00,0x00,0x00,0x00,0x00,0x00,0x00,0x00,0x00,0x41,0x08,0x8E,0x73,0xBE,0xF7,0xFF,0xFF,0xFF,0xFF,0xFF,0xFF,0xFF,0xFF,0xFF,0xFF,0x3C,0xE7,0x3C,0xE7,0xFF,0xFF,0xFF,0xFF,0xFF,0xFF,0xFF,0xFF,
	0x39,0xCE,0x8E,0x73,0xA3,0x18,0x00,0x00,0x00,0x00,0x00,0x00,0x00,0x00,0x00,0x00,0x00,0x00,0x00,0x00,0x00,0x00,0x08,0x42,0x3C,0xE7,0xFF,0xFF,0xFF,0xFF,0xFF,0xFF,0xFF,0xFF,0xBE,0xF7,0x51,0x8C,0x45,0x29,0x00,0x00,0x00,0x00,0x00,0x00,0x00,0x00,0x00,0x00,0x00,0x00,0xA3,0x18,0x8E,0x73,0xFF,0xFF,0xFF,0xFF,0xFF,0xFF,0xFF,0xFF,
	0xFF,0xFF,0xFF,0xFF,0xFF,0xFF,0xFF,0xFF,0xFF,0xFF,0xFF,0xFF,0xFF,0xFF,0xFF,0xFF,0xFF,0xFF,0xFF,0xFF,0xFF,0xFF,0x3C,0xE7,0xAA,0x52,0xA3,0x18,0x00,0x00,0x00,0x00,0x00,0x00,0x00,0x00,0x00,0x00,0x00,0x00,0x00,0x00,0x00,0x00,0x00,0x00,0x00,0x00,0x00,0x00,0x00,0x00,0x00,0x00,0x00,0x00,0x08,0x42,0x14,0xA5,0xFF,0xFF,0xFF,0xFF,
	0xBE,0xF7,0x39,0xCE,0x51,0x8C,0x8E,0x73,0xAA,0x52,0x8E,0x73,0x51,0x8C,0x39,0xCE,0x3C,0xE7,0xFF,0xFF,0xFF,0xFF,0x39,0xCE,0x08,0x42,0x00,0x00,0x00,0x00,0x00,0x00,0x00,0x00,0x00,0x00,0x00,0x00,0x00,0x00,0x41,0x08,0xAA,0x52,0xBE,0xF7,0xFF,0xFF,0xFF,0xFF,0xBE,0xF7,0xFF,0xFF,0xFF,0xFF,0x39,0xCE,0xAA,0x52,0x00,0x00,0x00,0x00,
	0x00,0x00,0x00,0x00,0x00,0x00,0x00,0x00,0x41,0x08,0x45,0x29,0x8E,0x73,0x8E,0x73,0x8E,0x73,0x8E,0x73,0x8E,0x73,0x14,0xA5,0x3C,0xE7,0xFF,0xFF,0xFF,0xFF,0x39,0xCE,0x51,0x8C,0x8E,0x73,0x8E,0x73,0x8E,0x73,0x8E,0x73,0x8E,0x73,0x45,0x29,0x41,0x08,0x00,0x00,0x00,0x00,0x00,0x00,0x00,0x00,0x00,0x00,0x00,0x00,0x00,0x00,0x00,0x00,
	0x00,0x00,0x00,0x00,0x00,0x00,0x00,0x00,0x00,0x00,0x00,0x00,0x51,0x8C,0x39,0xCE,0xFF,0xFF,0xFF,0xFF,0x3C,0xE7,0x8E,0x73,0x45,0x29,0x00,0x00,0x00,0x00,0x00,0x00,0x00,0x00,0xAA,0x52,0x14,0xA5,0x3C,0xE7,0xBE,0xF7,0x3C,0xE7,0x08,0x42,0x00,0x00,0x00,0x00,0x00,0x00,0x00,0x00,0x00,0x00,0x00,0x00,0x00,0x00,0xA3,0x18,0x51,0x8C,
	0xFF,0xFF,0xFF,0xFF,0xBE,0xF7,0x3C,0xE7,0x3C,0xE7,0xFF,0xFF,0x3C,0xE7,0x51,0x8C,0x41,0x08,0x00,0x00,0x00,0x00,0x00,0x00,0x00,0x00,0x00,0x00,0x00,0x00,0x00,0x00,0x00,0x00,0x00,0x00,0x00,0x00,0x00,0x00,0x00,0x00,0x08,0x42,0x39,0xCE,0xFF,0xFF,0xFF,0xFF,0x14,0xA5,0x45,0x29,0x00,0x00,0x00,0x00,0x00,0x00,0x00,0x00,0x00,0x00,
	0x00,0x00,0x00,0x00,0x00,0x00,0x00,0x00,0x00,0x00,0x00,0x00,0x00,0x00,0x00,0x00,0x00,0x00,0x00,0x00,0x00,0x00,0x00,0x00,0x00,0x00,0x00,0x00,0x00,0x00,0x00,0x00,0x14,0xA5,0x39,0xCE,0xFF,0xFF,0xFF,0xFF,0x39,0xCE,0x45,0x29,0x00,0x00,0x00,0x00,0x00,0x00,0x00,0x00,0x00,0x00,0xA3,0x18,0x08,0x42,0x14,0xA5,0x8E,0x73,0x08,0x42,
	0xA3,0x18,0x00,0x00,0x00,0x00,0x00,0x00,0x00,0x00,0x00,0x00,0x00,0x00,0x41,0x08,0xAA,0x52,0x14,0xA5,0xFF,0xFF,0xBE,0xF7,0x39,0xCE,0x51,0x8C,0x39,0xCE,0xFF,0xFF,0xBE,0xF7,0x14,0xA5,0x41,0x08,0x00,0x00,0x00,0x00,0x00,0x00,0x00,0x00,0x00,0x00,0x00,0x00,0x00,0x00,0x00,0x00,0x00,0x00,0x00,0x00,0x00,0x00,0x41,0x08,0x08,0x42,
	0x39,0xCE,0xFF,0xFF,0xFF,0xFF,0x14,0xA5,0x45,0x29,0x00,0x00,0x00,0x00,0x00,0x00,0x00,0x00,0x00,0x00,0x00,0x00,0x00,0x00,0x00,0x00,0x00,0x00,0x00,0x00,0x00,0x00,0x00,0x00,0x00,0x00,0x00,0x00,0x00,0x00,0x00,0x00,0x00,0x00,0x00,0x00,0x00,0x00,0x00,0x00,0x00,0x00,0x39,0xCE,0x3C,0xE7,0xFF,0xFF,0xFF,0xFF,0x39,0xCE,0x41,0x08,
	0x00,0x00,0x00,0x00,0x00,0x00,0x00,0x00,0x00,0x00,0x00,0x00,0xA3,0x18,0x08,0x42,0x45,0x29,0x00,0x00,0x00,0x00,0x00,0x00,0x00,0x00,0x00,0x00,0x00,0x00,0x00,0x00,0x00,0x00,0x41,0x08,0x51,0x8C,0x3C,0xE7,0xFF,0xFF,0x3C,0xE7,0x14,0xA5,0xAA,0x52,0x51,0x8C,0xFF,0xFF,0xFF,0xFF,0x39,0xCE,0x45,0x29,0x41,0x08,0x00,0x00,0x00,0x00,
	0x00,0x00,0x00,0x00,0x00,0x00,0x00,0x00,0x00,0x00,0x00,0x00,0x00,0x00,0x00,0x00,0x41,0x08,0x08,0x42,0x39,0xCE,0xFF,0xFF,0xFF,0xFF,0x14,0xA5,0x45,0x29,0x41,0x08,0x00,0x00,0x00,0x00,0x00,0x00,0x00,0x00,0x00,0x00,0x00,0x00,0x00,0x00,0x00,0x00,0x00,0x00,0x00,0x00,0x00,0x00,0x00,0x00,0x00,0x00,0x00,0x00,0x00,0x00,0x00,0x00,
	0x00,0x00,0x00,0x00,0x00,0x00,0x00,0x00,0x39,0xCE,0x3C,0xE7,0xFF,0xFF,0xFF,0xFF,0x39,0xCE,0xA3,0x18,0x00,0x00,0x00,0x00,0x00,0x00,0x00,0x00,0x00,0x00,0x00,0x00,0x00,0x00,0x00,0x00,0x00,0x00,0x00,0x00,0x00,0x00,0x00,0x00,0x00,0x00,0x00,0x00,0x00,0x00,0x00,0x00,0x00,0x00,0x41,0x08,0x14,0xA5,0xFF,0xFF,0xFF,0xFF,0x39,0xCE,
	0x8E,0x73,0xA3,0x18,0x8E,0x73,0xFF,0xFF,0xFF,0xFF,0x39,0xCE,0x8E,0x73,0xA3,0x18,0x00,0x00,0x00,0x00,0x00,0x00,0x00,0x00,0x00,0x00,0x00,0x00,0x00,0x00,0x00,0x00,0x00,0x00,0x00,0x00,0x41,0x08,0x08,0x42,0x39,0xCE,0xFF,0xFF,0xFF,0xFF,0x14,0xA5,0x45,0x29,0x41,0x08,0x00,0x00,0x00,0x00,0x00,0x00,0x00,0x00,0x00,0x00,0x00,0x00,
	0x00,0x00,0x00,0x00,0x00,0x00,0x00,0x00,0x00,0x00,0x00,0x00,0x00,0x00,0x00,0x00,0x00,0x00,0x00,0x00,0x00,0x00,0x00,0x00,0x00,0x00,0x00,0x00,0x51,0x8C,0x39,0xCE,0xFF,0xFF,0xFF,0xFF,0x3C,0xE7,0x14,0xA5,0x8E,0x73,0x45,0x29,0x00,0x00,0x00,0x00,0x00,0x00,0x00,0x00,0x00,0x00,0x00,0x00,0x00,0x00,0x00,0x00,0x00,0x00,0x00,0x00,
	0x00,0x00,0x00,0x00,0x00,0x00,0x00,0x00,0x00,0x00,0x45,0x29,0x39,0xCE,0xFF,0xFF,0xFF,0xFF,0x51,0x8C,0x45,0x29,0x41,0x08,0x8E,0x73,0xFF,0xFF,0xFF,0xFF,0x3C,0xE7,0x14,0xA5,0x08,0x42,0x00,0x00,0x00,0x00,0x00,0x00,0x00,0x00,0x00,0x00,0x00,0x00,0x00,0x00,0x00,0x00,0x00,0x00,0x00,0x00,0x41,0x08,0x08,0x42,0x39,0xCE,0xFF,0xFF,
	0xFF,0xFF,0x14,0xA5,0x45,0x29,0x41,0x08,0x00,0x00,0x00,0x00,0x00,0x00,0x00,0x00,0x00,0x00,0x00,0x00,0x00,0x00,0x00,0x00,0x00,0x00,0x00,0x00,0x00,0x00,0x00,0x00,0x00,0x00,0x00,0x00,0x00,0x00,0x00,0x00,0x00,0x00,0x00,0x00,0x00,0x00,0x00,0x00,0xAA,0x52,0x51,0x8C,0xFF,0xFF,0xFF,0xFF,0xFF,0xFF,0xFF,0xFF,0x39,0xCE,0x8E,0x73,
	0xAA,0x52,0x08,0x42,0x45,0x29,0x45,0x29,0xA3,0x18,0x00,0x00,0x00,0x00,0x00,0x00,0x00,0x00,0x00,0x00,0x00,0x00,0x00,0x00,0x00,0x00,0x00,0x00,0xA3,0x18,0xAA,0x52,0x3C,0xE7,0xFF,0xFF,0xFF,0xFF,0x8E,0x73,0x41,0x08,0x00,0x00,0xAA,0x52,0x3C,0xE7,0xFF,0xFF,0xBE,0xF7,0x39,0xCE,0xAA,0x52,0x00,0x00,0x00,0x00,0x00,0x00,0x00,0x00,
	0x00,0x00,0x00,0x00,0x00,0x00,0x00,0x00,0x00,0x00,0x00,0x00,0x41,0x08,0x08,0x42,0x39,0xCE,0xFF,0xFF,0xFF,0xFF,0x14,0xA5,0x45,0x29,0x41,0x08,0x00,0x00,0x00,0x00,0x00,0x00,0x00,0x00,0x00,0x00,0x00,0x00,0x00,0x00,0x00,0x00,0x00,0x00,0x00,0x00,0x00,0x00,0x00,0x00,0x00,0x00,0x00,0x00,0x00,0x00,0x00,0x00,0x00,0x00,0x00,0x00,
	0x00,0x00,0x00,0x00,0x41,0x08,0x8E,0x73,0x3C,0xE7,0xFF,0xFF,0xFF,0xFF,0xFF,0xFF,0xBE,0xF7,0xBE,0xF7,0x3C,0xE7,0x3C,0xE7,0x39,0xCE,0x14,0xA5,0x8E,0x73,0xA3,0x18,0x00,0x00,0x00,0x00,0x00,0x00,0x00,0x00,0x00,0x00,0x00,0x00,0x00,0x00,0x00,0x00,0x08,0x42,0x14,0xA5,0xBE,0xF7,0xFF,0xFF,0xBE,0xF7,0xAA,0x52,0x00,0x00,0x00,0x00,
	0x08,0x42,0x14,0xA5,0x3C,0xE7,0xFF,0xFF,0xFF,0xFF,0x8E,0x73,0x00,0x00,0x00,0x00,0x00,0x00,0x00,0x00,0x00,0x00,0x00,0x00,0x00,0x00,0x00,0x00,0x00,0x00,0x00,0x00,0x41,0x08,0x08,0x42,0x39,0xCE,0xFF,0xFF,0xFF,0xFF,0x14,0xA5,0x45,0x29,0x41,0x08,0x00,0x00,0x00,0x00,0x00,0x00,0x00,0x00,0x00,0x00,0x00,0x00,0x00,0x00,0x00,0x00,
	0x00,0x00,0x00,0x00,0x00,0x00,0x00,0x00,0x00,0x00,0x00,0x00,0x00,0x00,0x00,0x00,0x00,0x00,0x00,0x00,0x00,0x00,0x00,0x00,0x00,0x00,0x45,0x29,0x8E,0x73,0x14,0xA5,0x3C,0xE7,0xFF,0xFF,0xFF,0xFF,0xFF,0xFF,0xFF,0xFF,0xFF,0xFF,0xFF,0xFF,0x3C,0xE7,0x39,0xCE,0x51,0x8C,0xAA,0x52,0xA3,0x18,0x00,0x00,0x00,0x00,0x00,0x00,0x00,0x00,
	0x00,0x00,0x00,0x00,0xAA,0x52,0x3C,0xE7,0xFF,0xFF,0xBE,0xF7,0x39,0xCE,0x08,0x42,0x00,0x00,0x00,0x00,0xA3,0x18,0x8E,0x73,0x3C,0xE7,0xFF,0xFF,0xFF,0xFF,0x51,0x8C,0xA3,0x18,0x00,0x00,0x00,0x00,0x00,0x00,0x00,0x00,0x00,0x00,0x00,0x00,0x00,0x00,0x00,0x00,0x00,0x00,0x41,0x08,0x08,0x42,0x39,0xCE,0xFF,0xFF,0xFF,0xFF,0x14,0xA5,
	0x45,0x29,0x41,0x08,0x00,0x00,0x00,0x00,0x00,0x00,0x00,0x00,0x00,0x00,0x00,0x00,0x00,0x00,0x00,0x00,0x00,0x00,0x00,0x00,0x00,0x00,0x00,0x00,0x00,0x00,0x00,0x00,0x00,0x00,0x00,0x00,0x00,0x00,0x00,0x00,0x00,0x00,0x00,0x00,0x00,0x00,0x00,0x00,0x41,0x08,0xAA,0x52,0x14,0xA5,0x3C,0xE7,0x3C,0xE7,0xBE,0xF7,0xBE,0xF7,0xFF,0xFF,
	0xFF,0xFF,0xFF,0xFF,0xFF,0xFF,0xFF,0xFF,0x39,0xCE,0xAA,0x52,0xA3,0x18,0x00,0x00,0x00,0x00,0x00,0x00,0x00,0x00,0x00,0x00,0x8E,0x73,0xFF,0xFF,0xFF,0xFF,0x3C,0xE7,0x51,0x8C,0x45,0x29,0x00,0x00,0x00,0x00,0x41,0x08,0x08,0x42,0x39,0xCE,0xFF,0xFF,0xFF,0xFF,0x14,0xA5,0xAA,0x52,0x41,0x08,0x00,0x00,0x00,0x00,0x00,0x00,0x00,0x00,
	0x00,0x00,0x00,0x00,0x00,0x00,0x00,0x00,0x41,0x08,0x08,0x42,0x39,0xCE,0xFF,0xFF,0xFF,0xFF,0x14,0xA5,0x45,0x29,0x41,0x08,0x00,0x00,0x00,0x00,0x00,0x00,0x00,0x00,0x00,0x00,0x00,0x00,0x00,0x00,0x00,0x00,0x00,0x00,0x00,0x00,0x00,0x00,0x00,0x00,0x00,0x00,0x00,0x00,0x00,0x00,0x00,0x00,0x00,0x00,0x00,0x00,0x00,0x00,0x00,0x00,
	0x00,0x00,0x00,0x00,0x00,0x00,0x41,0x08,0xA3,0x18,0x45,0x29,0xAA,0x52,0x8E,0x73,0x14,0xA5,0x39,0xCE,0xFF,0xFF,0xFF,0xFF,0xFF,0xFF,0xFF,0xFF,0xBE,0xF7,0x39,0xCE,0x08,0x42,0x00,0x00,0x00,0x00,0x00,0x00,0x41,0x08,0x45,0x29,0x14,0xA5,0xFF,0xFF,0xFF,0xFF,0x39,0xCE,0x8E,0x73,0x08,0x42,0x45,0x29,0x45,0x29,0xA3,0x18,0x08,0x42,
	0x39,0xCE,0xFF,0xFF,0xFF,0xFF,0x39,0xCE,0x51,0x8C,0xA3,0x18,0x00,0x00,0x00,0x00,0x00,0x00,0x00,0x00,0x00,0x00,0x00,0x00,0x00,0x00,0x00,0x00,0x41,0x08,0x08,0x42,0x39,0xCE,0xFF,0xFF,0xFF,0xFF,0x14,0xA5,0x45,0x29,0x41,0x08,0x00,0x00,0x00,0x00,0x00,0x00,0x00,0x00,0x00,0x00,0x00,0x00,0x00,0x00,0x00,0x00,0x00,0x00,0x00,0x00,
	0x00,0x00,0x00,0x00,0x00,0x00,0x00,0x00,0x00,0x00,0x00,0x00,0x00,0x00,0x00,0x00,0x00,0x00,0x00,0x00,0x00,0x00,0x00,0x00,0x00,0x00,0x00,0x00,0x00,0x00,0x00,0x00,0x00,0x00,0x45,0x29,0x08,0x42,0x8E,0x73,0x14,0xA5,0x39,0xCE,0xBE,0xF7,0xFF,0xFF,0xFF,0xFF,0xBE,0xF7,0x8E,0x73,0xA3,0x18,0x00,0x00,0x00,0x00,0xA3,0x18,0xAA,0x52,
	0x39,0xCE,0xFF,0xFF,0xFF,0xFF,0x3C,0xE7,0x14,0xA5,0x51,0x8C,0x51,0x8C,0x51,0x8C,0x8E,0x73,0x51,0x8C,0x3C,0xE7,0xFF,0xFF,0xFF,0xFF,0xBE,0xF7,0x14,0xA5,0xA3,0x18,0x00,0x00,0x00,0x00,0x00,0x00,0x00,0x00,0x00,0x00,0x00,0x00,0x00,0x00,0x00,0x00,0x41,0x08,0x08,0x42,0x39,0xCE,0xFF,0xFF,0xFF,0xFF,0x14,0xA5,0x45,0x29,0x41,0x08,
	0x00,0x00,0x00,0x00,0x00,0x00,0x00,0x00,0x00,0x00,0x00,0x00,0x00,0x00,0x00,0x00,0x00,0x00,0x00,0x00,0x00,0x00,0x00,0x00,0x00,0x00,0x00,0x00,0x00,0x00,0x00,0x00,0x00,0x00,0x00,0x00,0x00,0x00,0x00,0x00,0x00,0x00,0x00,0x00,0x00,0x00,0x00,0x00,0x00,0x00,0x00,0x00,0x00,0x00,0x00,0x00,0x00,0x00,0x00,0x00,0x00,0x00,0x8E,0x73,
	0x39,0xCE,0xFF,0xFF,0xFF,0xFF,0xBE,0xF7,0x51,0x8C,0x08,0x42,0x00,0x00,0x00,0x00,0xA3,0x18,0x51,0x8C,0x3C,0xE7,0xFF,0xFF,0xFF,0xFF,0xFF,0xFF,0xFF,0xFF,0xFF,0xFF,0xFF,0xFF,0xFF,0xFF,0xFF,0xFF,0xFF,0xFF,0xFF,0xFF,0xFF,0xFF,0xFF,0xFF,0xFF,0xFF,0x3C,0xE7,0x45,0x29,0x00,0x00,0x00,0x00,0x00,0x00,0x00,0x00,0x00,0x00,0x00,0x00,
	0x00,0x00,0x00,0x00,0x41,0x08,0x08,0x42,0x39,0xCE,0xFF,0xFF,0xFF,0xFF,0x14,0xA5,0x45,0x29,0x41,0x08,0x00,0x00,0x00,0x00,0x00,0x00,0x00,0x00,0x00,0x00,0x00,0x00,0x00,0x00,0x00,0x00,0x00,0x00,0x00,0x00,0x00,0x00,0x00,0x00,0x00,0x00,0x00,0x00,0x00,0x00,0x00,0x00,0x00,0x00,0x00,0x00,0x00,0x00,0x00,0x00,0x00,0x00,0x00,0x00,
	0x00,0x00,0x00,0x00,0x00,0x00,0x00,0x00,0x00,0x00,0x00,0x00,0x00,0x00,0x00,0x00,0x00,0x00,0xA3,0x18,0x8E,0x73,0xBE,0xF7,0xFF,0xFF,0xBE,0xF7,0x14,0xA5,0xAA,0x52,0x00,0x00,0x00,0x00,0x45,0x29,0x39,0xCE,0xBE,0xF7,0xFF,0xFF,0xFF,0xFF,0xFF,0xFF,0xFF,0xFF,0xFF,0xFF,0xFF,0xFF,0xFF,0xFF,0xFF,0xFF,0xFF,0xFF,0xFF,0xFF,0xFF,0xFF,
	0xFF,0xFF,0xFF,0xFF,0x3C,0xE7,0xAA,0x52,0xA3,0x18,0x00,0x00,0x00,0x00,0x00,0x00,0x00,0x00,0x00,0x00,0x00,0x00,0x00,0x00,0x41,0x08,0x08,0x42,0x39,0xCE,0xFF,0xFF,0xFF,0xFF,0x14,0xA5,0x45,0x29,0x41,0x08,0x00,0x00,0x00,0x00,0x00,0x00,0x00,0x00,0x00,0x00,0x00,0x00,0x00,0x00,0x00,0x00,0x00,0x00,0x00,0x00,0x00,0x00,0x00,0x00,
	0x00,0x00,0x00,0x00,0x00,0x00,0x00,0x00,0x00,0x00,0x00,0x00,0x00,0x00,0x00,0x00,0xA3,0x18,0x45,0x29,0x08,0x42,0xA3,0x18,0x00,0x00,0x00,0x00,0x00,0x00,0x00,0x00,0x00,0x00,0x00,0x00,0x00,0x00,0x00,0x00,0x08,0x42,0xBE,0xF7,0xFF,0xFF,0xBE,0xF7,0x14,0xA5,0xAA,0x52,0x00,0x00,0x00,0x00,0x08,0x42,0x3C,0xE7,0xFF,0xFF,0xFF,0xFF,
	0x3C,0xE7,0x3C,0xE7,0x39,0xCE,0x39,0xCE,0x39,0xCE,0x39,0xCE,0x39,0xCE,0x39,0xCE,0x39,0xCE,0x3C,0xE7,0xFF,0xFF,0xFF,0xFF,0xBE,0xF7,0x51,0x8C,0x08,0x42,0x00,0x00,0x00,0x00,0x00,0x00,0x00,0x00,0x00,0x00,0x00,0x00,0x00,0x00,0x41,0x08,0x08,0x42,0x39,0xCE,0xFF,0xFF,0xFF,0xFF,0x14,0xA5,0x45,0x29,0x41,0x08,0x00,0x00,0x00,0x00,
	0x00,0x00,0x00,0x00,0x00,0x00,0x00,0x00,0x00,0x00,0x00,0x00,0x00,0x00,0x00,0x00,0x00,0x00,0x00,0x00,0x00,0x00,0x00,0x00,0x00,0x00,0x00,0x00,0x00,0x00,0x00,0x00,0x00,0x00,0x00,0x00,0x51,0x8C,0x39,0xCE,0x3C,0xE7,0xAA,0x52,0x00,0x00,0x00,0x00,0x00,0x00,0x00,0x00,0x00,0x00,0x00,0x00,0x00,0x00,0xA3,0x18,0x8E,0x73,0xBE,0xF7,
	0xFF,0xFF,0xBE,0xF7,0x14,0xA5,0xAA,0x52,0x00,0x00,0xA3,0x18,0x8E,0x73,0xBE,0xF7,0xFF,0xFF,0xBE,0xF7,0x51,0x8C,0x08,0x42,0xA3,0x18,0xA3,0x18,0xA3,0x18,0xA3,0x18,0xA3,0x18,0xA3,0x18,0xA3,0x18,0xAA,0x52,0xBE,0xF7,0xFF,0xFF,0xBE,0xF7,0x39,0xCE,0x8E,0x73,0x00,0x00,0x00,0x00,0x00,0x00,0x00,0x00,0x00,0x00,0x00,0x00,0x00,0x00,
	0x41,0x08,0x08,0x42,0x39,0xCE,0xFF,0xFF,0xFF,0xFF,0x14,0xA5,0x45,0x29,0x41,0x08,0x00,0x00,0x00,0x00,0x00,0x00,0x00,0x00,0x00,0x00,0x00,0x00,0x00,0x00,0x00,0x00,0x00,0x00,0x00,0x00,0x00,0x00,0x00,0x00,0x00,0x00,0x00,0x00,0x00,0x00,0x00,0x00,0x00,0x00,0x00,0x00,0x00,0x00,0x00,0x00,0x3C,0xE7,0xBE,0xF7,0xFF,0xFF,0x14,0xA5,
	0xAA,0x52,0xA3,0x18,0x00,0x00,0x00,0x00,0x00,0x00,0x00,0x00,0xA3,0x18,0xAA,0x52,0x14,0xA5,0xBE,0xF7,0xFF,0xFF,0xBE,0xF7,0x51,0x8C,0x45,0x29,0x00,0x00,0x08,0x42,0x14,0xA5,0xBE,0xF7,0xFF,0xFF,0xBE,0xF7,0xAA,0x52,0x41,0x08,0x00,0x00,0x00,0x00,0x00,0x00,0x00,0x00,0x00,0x00,0x00,0x00,0x00,0x00,0x45,0x29,0x39,0xCE,0xBE,0xF7,
	0xFF,0xFF,0xBE,0xF7,0x51,0x8C,0x41,0x08,0x00,0x00,0x00,0x00,0x00,0x00,0x00,0x00,0x00,0x00,0x00,0x00,0x41,0x08,0x08,0x42,0x39,0xCE,0xFF,0xFF,0xFF,0xFF,0x14,0xA5,0x45,0x29,0x41,0x08,0x00,0x00,0x00,0x00,0x00,0x00,0x00,0x00,0x00,0x00,0x00,0x00,0x00,0x00,0x00,0x00,0x00,0x00,0x00,0x00,0x00,0x00,0x00,0x00,0x00,0x00,0x00,0x00,
	0x00,0x00,0x00,0x00,0x00,0x00,0x00,0x00,0x00,0x00,0x00,0x00,0xFF,0xFF,0xFF,0xFF,0xFF,0xFF,0xBE,0xF7,0x39,0xCE,0xAA,0x52,0x45,0x29,0x41,0x08,0x41,0x08,0xA3,0x18,0xAA,0x52,0x14,0xA5,0xBE,0xF7,0xFF,0xFF,0xFF,0xFF,0x3C,0xE7,0xAA,0x52,0x41,0x08,0x00,0x00,0x8E,0x73,0x39,0xCE,0xBE,0xF7,0xFF,0xFF,0x3C,0xE7,0x45,0x29,0x00,0x00,
	0x00,0x00,0x00,0x00,0x00,0x00,0x00,0x00,0x00,0x00,0x00,0x00,0x00,0x00,0x45,0x29,0x14,0xA5,0x3C,0xE7,0xFF,0xFF,0xFF,0xFF,0x14,0xA5,0xA3,0x18,0x00,0x00,0x00,0x00,0x00,0x00,0x00,0x00,0x00,0x00,0x00,0x00,0x41,0x08,0x08,0x42,0x39,0xCE,0xFF,0xFF,0xFF,0xFF,0x14,0xA5,0x45,0x29,0x41,0x08,0x00,0x00,0x00,0x00,0x00,0x00,0x00,0x00,
	0x00,0x00,0x00,0x00,0x00,0x00,0x00,0x00,0x00,0x00,0x00,0x00,0x00,0x00,0x00,0x00,0x00,0x00,0x00,0x00,0x00,0x00,0x00,0x00,0x00,0x00,0x00,0x00,0x00,0x00,0x00,0x00,0x14,0xA5,0x39,0xCE,0xFF,0xFF,0xFF,0xFF,0xBE,0xF7,0x39,0xCE,0x39,0xCE,0x39,0xCE,0x39,0xCE,0x39,0xCE,0x39,0xCE,0x3C,0xE7,0xFF,0xFF,0xFF,0xFF,0xBE,0xF7,0x14,0xA5,
	0x45,0x29,0x00,0x00,0x00,0x00,0x51,0x8C,0xBE,0xF7,0xFF,0xFF,0xBE,0xF7,0x39,0xCE,0x45,0x29,0x00,0x00,0x00,0x00,0x00,0x00,0x00,0x00,0x00,0x00,0x00,0x00,0x00,0x00,0x00,0x00,0xA3,0x18,0x8E,0x73,0x39,0xCE,0xFF,0xFF,0xFF,0xFF,0x39,0xCE,0xAA,0x52,0xA3,0x18,0x00,0x00,0x00,0x00,0x00,0x00,0x00,0x00,0x00,0x00,0x41,0x08,0x08,0x42,
	0x39,0xCE,0xFF,0xFF,0xFF,0xFF,0x14,0xA5,0x45,0x29,0x41,0x08,0x00,0x00,0x00,0x00,0x00,0x00,0x00,0x00,0x00,0x00,0x00,0x00,0x00,0x00,0x00,0x00,0x00,0x00,0x00,0x00,0x00,0x00,0x00,0x00,0x00,0x00,0x00,0x00,0x00,0x00,0x00,0x00,0x00,0x00,0x00,0x00,0x00,0x00,0x00,0x00,0xAA,0x52,0x51,0x8C,0x3C,0xE7,0xFF,0xFF,0xFF,0xFF,0xFF,0xFF,
	0xFF,0xFF,0xFF,0xFF,0xFF,0xFF,0xFF,0xFF,0xFF,0xFF,0xFF,0xFF,0xFF,0xFF,0x3C,0xE7,0x14,0xA5,0xAA,0x52,0xA3,0x18,0x00,0x00,0xA3,0x18,0x14,0xA5,0xFF,0xFF,0xFF,0xFF,0x3C,0xE7,0x51,0x8C,0xA3,0x18,0x00,0x00,0x00,0x00,0x00,0x00,0x00,0x00,0x00,0x00,0x00,0x00,0x00,0x00,0x00,0x00,0x41,0x08,0x08,0x42,0x39,0xCE,0xFF,0xFF,0xFF,0xFF,
	0x3C,0xE7,0x51,0x8C,0x45,0x29,0x00,0x00,0x00,0x00,0x00,0x00,0x00,0x00,0x00,0x00,0x41,0x08,0x08,0x42,0x39,0xCE,0xFF,0xFF,0xFF,0xFF,0x14,0xA5,0x45,0x29,0x41,0x08,0x00,0x00,0x00,0x00,0x00,0x00,0x00,0x00,0x00,0x00,0x00,0x00,0x00,0x00,0x00,0x00,0x00,0x00,0x00,0x00,0x00,0x00,0x00,0x00,0x00,0x00,0x00,0x00,0x00,0x00,0x00,0x00,
	0x00,0x00,0x00,0x00,0x00,0x00,0x00,0x00,0x00,0x00,0x45,0x29,0x51,0x8C,0x3C,0xE7,0xFF,0xFF,0xFF,0xFF,0xFF,0xFF,0xFF,0xFF,0xFF,0xFF,0xFF,0xFF,0xFF,0xFF,0xFF,0xFF,0x3C,0xE7,0x14,0xA5,0x08,0x42,0x41,0x08,0x00,0x00,0xA3,0x18,0xAA,0x52,0x39,0xCE,0xFF,0xFF,0xFF,0xFF,0x39,0xCE,0xAA,0x52,0xA3,0x18,0x00,0x00,0x00,0x00,0x00,0x00,
	0x00,0x00,0x00,0x00,0x00,0x00,0x00,0x00,0x00,0x00,0x00,0x00,0x41,0x08,0x14,0xA5,0xFF,0xFF,0xFF,0xFF,0xFF,0xFF,0x39,0xCE,0x08,0x42,0x00,0x00,0x00,0x00,0x00,0x00,0x00,0x00,0x00,0x00,0x41,0x08,0x08,0x42,0x39,0xCE,0xFF,0xFF,0xFF,0xFF,0x14,0xA5,0x45,0x29,0x41,0x08,0x00,0x00,0x00,0x00,0x00,0x00,0x00,0x00,0x00,0x00,0x00,0x00,
	0x00,0x00,0x00,0x00,0x00,0x00,0x00,0x00,0x00,0x00,0x00,0x00,0x00,0x00,0x00,0x00,0x00,0x00,0x00,0x00,0x00,0x00,0x00,0x00,0x00,0x00,0x00,0x00,0x00,0x00,0x41,0x08,0x45,0x29,0xAA,0x52,0x8E,0x73,0x51,0x8C,0x14,0xA5,0x39,0xCE,0x39,0xCE,0x14,0xA5,0x51,0x8C,0x51,0x8C,0xAA,0x52,0x08,0x42,0xA3,0x18,0x00,0x00,0x00,0x00,0x41,0x08,
	0x08,0x42,0x8E,0x73,0x51,0x8C,0x51,0x8C,0x8E,0x73,0x45,0x29,0x41,0x08,0x00,0x00,0x00,0x00,0x00,0x00,0x00,0x00,0x00,0x00,0x00,0x00,0x00,0x00,0x00,0x00,0x00,0x00,0x00,0x00,0xAA,0x52,0x51,0x8C,0x51,0x8C,0x14,0xA5,0x51,0x8C,0x45,0x29,0x00,0x00,0x00,0x00,0x00,0x00,0x00,0x00,0x00,0x00,0x41,0x08,0x45,0x29,0x8E,0x73,0x14,0xA5,
	0x51,0x8C,0xAA,0x52,0xA3,0x18,0x00,0x00,0x00,0x00,0x00,0x00,0x00,0x00,0x00,0x00,0x00,0x00,0x00,0x00,0x00,0x00,0x00,0x00,0x00,0x00,0x00,0x00,0x00,0x00,0x00,0x00,0x00,0x00,0x00,0x00,0x00,0x00,0x00,0x00,0x00,0x00,0x00,0x00,0x00,0x00,0x00,0x00,0x00,0x00,0x00,0x00,0x00,0x00,0x00,0x00,0x00,0x00,0x45,0x29,0x08,0x42,0xAA,0x52,
	0xAA,0x52,0x08,0x42,0x45,0x29,0x41,0x08,0x00,0x00,0x00,0x00,0x00,0x00,0x00,0x00,0x00,0x00,0x41,0x08,0xA3,0x18,0x45,0x29,0x45,0x29,0x45,0x29,0xA3,0x18,0x41,0x08,0x00,0x00,0x00,0x00,0x00,0x00,0x00,0x00,0x00,0x00,0x00,0x00,0x00,0x00,0x00,0x00,0x00,0x00,0x00,0x00,0x00,0x00,0x41,0x08,0xA3,0x18,0x45,0x29,0x45,0x29,0x45,0x29,
	0x41,0x08,0x00,0x00,0x00,0x00,0x00,0x00,0x00,0x00,0x00,0x00,0x00,0x00,0x41,0x08,0xA3,0x18,0x45,0x29,0x45,0x29,0xA3,0x18,0x41,0x08,0x00,0x00,0x00,0x00,0x00,0x00,0x00,0x00,0x00,0x00,0x00,0x00,0x00,0x00,0x00,0x00,0x00,0x00,0x00,0x00,0x00,0x00,0x00,0x00,0x00,0x00,0x00,0x00,0x00,0x00,0x00,0x00,0x00,0x00,0x00,0x00,0x00,0x00,
	0x00,0x00,0x00,0x00,

	// Alpha Channel 
	0x00,0x00,0xFF,0xFF,0x00,0x00,0x00,0x00,0x00,0x00,0x00,0x00,0x00,0x00,0x00,0x00,0x00,0x00,0x00,0x00,0xFF,0xFF,0x00,0x00,0x00,0x00,0x00,0x00,0x00,0x00,0x00,0x00,0x00,0xFF,0xFF,0xFF,0xFF,0x00,0x00,0x00,0x00,0xFF,0x00,0x00,0x00,0x00,0x00,0x00,0x00,0x00,0x00,0x00,0x00,0x00,0x00,0x00,0x00,0x00,0x00,0x00,0x00,0x00,0x00,0x00,
	0x00,0x00,0x00,0x00,0x00,0x00,0x00,0x00,0x00,0x00,0x00,0x00,0x00,0x00,0x00,0xFF,0xFF,0xFF,0xFF,0xFF,0xFF,0xFF,0x00,0x00,0x00,0x00,0x00,0x00,0x00,0x00,0x00,0x00,0x00,0x00,0x00,0x00,0x00,0xFF,0xFF,0xFF,0xFF,0xFF,0x00,0x00,0x00,0x00,0x00,0x00,0x00,0x00,0x00,0x00,0xFF,0xFF,0xFF,0xFF,0xFF,0xFF,0xFF,0xFF,0xFF,0xFF,0xFF,0xFF,
	0xFF,0xFF,0xFF,0xFF,0x00,0x00,0x00,0x00,0x00,0x00,0x00,0x00,0x00,0x00,0x00,0x00,0x00,0x00,0x00,0x00,0x00,0x00,0x00,0x00,0xFF,0xFF,0xFF,0xFF,0xFF,0xFF,0xFF,0xFF,0xFF,0xFF,0x00,0x00,0x00,0x00,0x00,0x00,0x00,0x00,0x00,0x00,0x00,0x00,0xFF,0xFF,0xFF,0xFF,0xFF,0xFF,0xFF,0x00,0x00,0x00,0x00,0x00,0x00,0x00,0xFF,0xFF,0xFF,0xFF,
	0xFF,0xFF,0xFF,0xFF,0xFF,0xFF,0xFF,0xFF,0xFF,0xFF,0xFF,0xFF,0xFF,0xFF,0xFF,0xFF,0x00,0x00,0x00,0x00,0x00,0x00,0x00,0x00,0x00,0x00,0x00,0x00,0x00,0x00,0x00,0x00,0xFF,0xFF,0xFF,0xFF,0xFF,0xFF,0xFF,0xFF,0xFF,0xFF,0xFF,0xFF,0xFF,0x00,0x00,0x00,0x00,0x00,0x00,0x00,0x00,0x00,0x00,0xFF,0xFF,0xFF,0xFF,0xFF,0xFF,0xFF,0xFF,0x00,
	0x00,0x00,0x00,0x00,0x00,0x00,0xFF,0xFF,0xFF,0xFF,0xFF,0xFF,0xFF,0xFF,0xFF,0xFF,0xFF,0xFF,0xFF,0xFF,0xFF,0xFF,0xFF,0xFF,0xFF,0xFF,0x00,0x00,0x00,0x00,0x00,0x00,0x00,0x00,0x00,0x00,0x00,0x00,0x00,0x00,0x00,0xFF,0xFF,0xFF,0xFF,0xFF,0xFF,0xFF,0xFF,0xFF,0xFF,0xFF,0xFF,0xFF,0xFF,0xFF,0x00,0x00,0x00,0x00,0x00,0x00,0x00,0x00,
	0x00,0xFF,0xFF,0xFF,0xFF,0xFF,0xFF,0xFF,0xFF,0xFF,0x00,0x00,0x00,0x00,0x00,0x00,0xFF,0xFF,0xFF,0xFF,0xFF,0xFF,0xFF,0xFF,0xFF,0xFF,0xFF,0xFF,0xFF,0xFF,0xFF,0xFF,0xFF,0xFF,0xFF,0xFF,0x00,0x00,0x00,0x00,0x00,0x00,0x00,0x00,0x00,0x00,0x00,0x00,0x00,0x00,0xFF,0xFF,0xFF,0xFF,0xFF,0xFF,0xFF,0xFF,0xFF,0xFF,0xFF,0xFF,0xFF,0xFF,
	0xFF,0xFF,0xFF,0x00,0x00,0x00,0x00,0x00,0x00,0x00,0x00,0xFF,0xFF,0xFF,0xFF,0xFF,0xFF,0xFF,0xFF,0xFF,0x00,0x00,0x00,0x00,0x00,0x00,0xFF,0xFF,0xFF,0xFF,0xFF,0xFF,0xFF,0xFF,0xFF,0xFF,0xFF,0xFF,0xFF,0xFF,0xFF,0xFF,0xFF,0xFF,0xFF,0xFF,0x00,0x00,0x00,0x00,0x00,0x00,0x00,0x00,0x00,0x00,0x00,0x00,0x00,0x00,0xFF,0xFF,0xFF,0xFF,
	0xFF,0xFF,0xFF,0xFF,0xFF,0xFF,0xFF,0xFF,0xFF,0xFF,0xFF,0xFF,0xFF,0x00,0x00,0x00,0x00,0x00,0x00,0x00,0xFF,0xFF,0xFF,0xFF,0xFF,0xFF,0xFF,0xFF,0xFF,0xFF,0x00,0x00,0x00,0x00,0x00,0x00,0xFF,0xFF,0xFF,0xFF,0xFF,0xFF,0xFF,0xFF,0xFF,0xFF,0xFF,0xFF,0xFF,0xFF,0xFF,0xFF,0xFF,0xFF,0xFF,0xFF,0x00,0x00,0x00,0x00,0x00,0x00,0x00,0x00,
	0x00,0x00,0x00,0x00,0x00,0x00,0xFF,0xFF,0xFF,0xFF,0xFF,0xFF,0xFF,0x00,0x00,0x00,0x00,0xFF,0xFF,0xFF,0xFF,0xFF,0xFF,0x00,0x00,0x00,0x00,0x00,0x00,0x00,0xFF,0xFF,0xFF,0xFF,0xFF,0xFF,0xFF,0xFF,0xFF,0xFF,0xFF,0x00,0x00,0x00,0x00,0x00,0x00,0x00,0x00,0x00,0x00,0x00,0x00,0xFF,0xFF,0xFF,0xFF,0xFF,0xFF,0x00,0x00,0x00,0x00,0x00,
	0x00,0x00,0x00,0x00,0x00,0x00,0x00,0x00,0x00,0x00,0x00,0x00,0x00,0x00,0x00,0x00,0xFF,0xFF,0xFF,0xFF,0xFF,0xFF,0x00,0x00,0x00,0x00,0x00,0xFF,0xFF,0xFF,0xFF,0xFF,0xFF,0x00,0x00,0x00,0x00,0x00,0x00,0xFF,0xFF,0xFF,0xFF,0xFF,0xFF,0xFF,0xFF,0xFF,0xFF,0xFF,0xFF,0x00,0x00,0x00,0x00,0x00,0x00,0x00,0x00,0x00,0x00,0x00,0xFF,0xFF,
	0xFF,0xFF,0xFF,0xFF,0xFF,0x00,0x00,0x00,0x00,0x00,0x00,0x00,0x00,0x00,0x00,0x00,0x00,0x00,0x00,0x00,0x00,0x00,0x00,0x00,0x00,0x00,0xFF,0xFF,0xFF,0xFF,0xFF,0xFF,0x00,0x00,0x00,0x00,0x00,0x00,0xFF,0xFF,0xFF,0x00,0x00,0x00,0x00,0x00,0x00,0x00,0x00,0xFF,0xFF,0xFF,0xFF,0xFF,0xFF,0xFF,0xFF,0xFF,0xFF,0xFF,0xFF,0xFF,0x00,0x00,
	0x00,0x00,0x00,0x00,0x00,0x00,0x00,0x00,0xFF,0xFF,0xFF,0xFF,0xFF,0xFF,0xFF,0xFF,0x00,0x00,0x00,0x00,0x00,0x00,0x00,0x00,0x00,0x00,0x00,0x00,0x00,0x00,0x00,0x00,0x00,0x00,0x00,0x00,0xFF,0xFF,0xFF,0xFF,0xFF,0xFF,0x00,0x00,0x00,0x00,0x00,0x00,0x00,0x00,0x00,0x00,0x00,0x00,0x00,0x00,0x00,0x00,0x00,0xFF,0xFF,0xFF,0xFF,0xFF,
	0xFF,0xFF,0xFF,0xFF,0xFF,0xFF,0xFF,0xFF,0x00,0x00,0x00,0x00,0x00,0x00,0x00,0x00,0x00,0x00,0xFF,0xFF,0xFF,0xFF,0xFF,0xFF,0xFF,0xFF,0x00,0x00,0x00,0x00,0x00,0x00,0x00,0x00,0x00,0x00,0x00,0x00,0x00,0x00,0x00,0x00,0x00,0x00,0x00,0x00,0xFF,0xFF,0xFF,0xFF,0xFF,0xFF,0xFF,0xFF,0x00,0x00,0x00,0x00,0x00,0x00,0x00,0x00,0x00,0x00,
	0x00,0x00,0x00,0x00,0x00,0xFF,0xFF,0xFF,0xFF,0xFF,0xFF,0xFF,0xFF,0xFF,0xFF,0xFF,0xFF,0xFF,0x00,0x00,0x00,0x00,0x00,0x00,0x00,0x00,0x00,0x00,0xFF,0xFF,0xFF,0xFF,0xFF,0xFF,0xFF,0xFF,0x00,0x00,0x00,0x00,0x00,0x00,0x00,0x00,0x00,0x00,0x00,0x00,0x00,0x00,0x00,0x00,0x00,0x00,0x00,0x00,0xFF,0xFF,0xFF,0xFF,0xFF,0xFF,0xFF,0xFF,
	0xFF,0xFF,0xFF,0xFF,0xFF,0x00,0x00,0x00,0x00,0x00,0x00,0x00,0x00,0x00,0xFF,0xFF,0xFF,0xFF,0xFF,0xFF,0xFF,0x00,0xFF,0xFF,0xFF,0xFF,0xFF,0xFF,0x00,0x00,0x00,0x00,0x00,0x00,0x00,0x00,0x00,0x00,0xFF,0xFF,0xFF,0xFF,0xFF,0xFF,0xFF,0xFF,0x00,0x00,0x00,0x00,0x00,0x00,0x00,0x00,0x00,0x00,0x00,0x00,0x00,0x00,0x00,0x00,0x00,0x00,
	0x00,0x00,0xFF,0xFF,0xFF,0xFF,0xFF,0xFF,0xFF,0xFF,0xFF,0xFF,0xFF,0xFF,0xFF,0xFF,0x00,0x00,0x00,0x00,0x00,0x00,0x00,0x00,0xFF,0xFF,0xFF,0xFF,0xFF,0xFF,0x00,0x00,0xFF,0xFF,0xFF,0xFF,0xFF,0xFF,0x00,0x00,0x00,0x00,0x00,0x00,0x00,0x00,0x00,0x00,0xFF,0xFF,0xFF,0xFF,0xFF,0xFF,0xFF,0xFF,0x00,0x00,0x00,0x00,0x00,0x00,0x00,0x00,
	0x00,0x00,0x00,0x00,0x00,0x00,0x00,0x00,0x00,0x00,0x00,0x00,0x00,0xFF,0xFF,0xFF,0xFF,0xFF,0xFF,0xFF,0xFF,0xFF,0xFF,0xFF,0xFF,0xFF,0xFF,0xFF,0x00,0x00,0x00,0x00,0x00,0x00,0xFF,0xFF,0xFF,0xFF,0xFF,0xFF,0x00,0x00,0xFF,0xFF,0xFF,0xFF,0xFF,0xFF,0xFF,0x00,0x00,0x00,0x00,0x00,0x00,0x00,0x00,0x00,0xFF,0xFF,0xFF,0xFF,0xFF,0xFF,
	0xFF,0xFF,0x00,0x00,0x00,0x00,0x00,0x00,0x00,0x00,0x00,0x00,0x00,0x00,0x00,0x00,0x00,0x00,0x00,0x00,0x00,0x00,0x00,0x00,0xFF,0xFF,0xFF,0xFF,0xFF,0xFF,0xFF,0xFF,0xFF,0xFF,0xFF,0xFF,0xFF,0xFF,0xFF,0x00,0x00,0x00,0x00,0x00,0xFF,0xFF,0xFF,0xFF,0xFF,0xFF,0x00,0x00,0xFF,0xFF,0xFF,0xFF,0xFF,0xFF,0xFF,0xFF,0x00,0x00,0x00,0x00,
	0x00,0x00,0x00,0x00,0xFF,0xFF,0xFF,0xFF,0xFF,0xFF,0xFF,0xFF,0x00,0x00,0x00,0x00,0x00,0x00,0x00,0x00,0x00,0x00,0x00,0x00,0x00,0x00,0x00,0x00,0x00,0x00,0x00,0x00,0x00,0x00,0x00,0xFF,0xFF,0xFF,0xFF,0xFF,0xFF,0xFF,0xFF,0xFF,0xFF,0xFF,0xFF,0xFF,0xFF,0x00,0x00,0x00,0xFF,0xFF,0xFF,0xFF,0xFF,0xFF,0xFF,0xFF,0xFF,0xFF,0xFF,0xFF,
	0xFF,0xFF,0xFF,0xFF,0xFF,0xFF,0x00,0x00,0x00,0x00,0x00,0x00,0x00,0x00,0xFF,0xFF,0xFF,0xFF,0xFF,0xFF,0xFF,0xFF,0x00,0x00,0x00,0x00,0x00,0x00,0x00,0x00,0x00,0x00,0x00,0x00,0x00,0x00,0x00,0x00,0x00,0x00,0x00,0x00,0x00,0x00,0x00,0x00,0x00,0x00,0x00,0xFF,0xFF,0xFF,0xFF,0xFF,0xFF,0xFF,0xFF,0xFF,0xFF,0xFF,0x00,0x00,0xFF,0xFF,
	0xFF,0xFF,0xFF,0xFF,0xFF,0xFF,0xFF,0xFF,0xFF,0xFF,0xFF,0xFF,0xFF,0xFF,0xFF,0xFF,0x00,0x00,0x00,0x00,0x00,0x00,0x00,0x00,0xFF,0xFF,0xFF,0xFF,0xFF,0xFF,0xFF,0xFF,0x00,0x00,0x00,0x00,0x00,0x00,0x00,0x00,0x00,0x00,0x00,0x00,0x00,0x00,0x00,0x00,0x00,0x00,0x00,0x00,0x00,0x00,0x00,0x00,0x00,0x00,0x00,0x00,0x00,0x00,0x00,0xFF,
	0xFF,0xFF,0xFF,0xFF,0xFF,0xFF,0x00,0x00,0xFF,0xFF,0xFF,0xFF,0xFF,0xFF,0xFF,0xFF,0xFF,0xFF,0xFF,0xFF,0xFF,0xFF,0xFF,0xFF,0xFF,0xFF,0x00,0x00,0x00,0x00,0x00,0x00,0x00,0x00,0xFF,0xFF,0xFF,0xFF,0xFF,0xFF,0xFF,0xFF,0x00,0x00,0x00,0x00,0x00,0x00,0x00,0x00,0x00,0x00,0x00,0x00,0x00,0x00,0x00,0x00,0x00,0x00,0x00,0x00,0x00,0x00,
	0x00,0x00,0x00,0x00,0x00,0x00,0x00,0x00,0x00,0xFF,0xFF,0xFF,0xFF,0xFF,0xFF,0xFF,0x00,0x00,0xFF,0xFF,0xFF,0xFF,0xFF,0xFF,0xFF,0xFF,0xFF,0xFF,0xFF,0xFF,0xFF,0xFF,0xFF,0xFF,0xFF,0xFF,0xFF,0x00,0x00,0x00,0x00,0x00,0x00,0x00,0xFF,0xFF,0xFF,0xFF,0xFF,0xFF,0xFF,0xFF,0x00,0x00,0x00,0x00,0x00,0x00,0x00,0x00,0x00,0x00,0x00,0x00,
	0x00,0x00,0x00,0x00,0x00,0x00,0x00,0x00,0xFF,0xFF,0xFF,0xFF,0x00,0x00,0x00,0x00,0x00,0x00,0x00,0x00,0xFF,0xFF,0xFF,0xFF,0xFF,0xFF,0x00,0x00,0xFF,0xFF,0xFF,0xFF,0xFF,0xFF,0xFF,0xFF,0xFF,0xFF,0xFF,0xFF,0xFF,0xFF,0xFF,0xFF,0xFF,0xFF,0xFF,0x00,0x00,0x00,0x00,0x00,0x00,0x00,0xFF,0xFF,0xFF,0xFF,0xFF,0xFF,0xFF,0xFF,0x00,0x00,
	0x00,0x00,0x00,0x00,0x00,0x00,0x00,0x00,0x00,0x00,0x00,0x00,0x00,0x00,0x00,0x00,0x00,0x00,0xFF,0xFF,0xFF,0xFF,0x00,0x00,0x00,0x00,0x00,0x00,0x00,0xFF,0xFF,0xFF,0xFF,0xFF,0xFF,0xFF,0x00,0xFF,0xFF,0xFF,0xFF,0xFF,0xFF,0xFF,0xFF,0xFF,0xFF,0xFF,0xFF,0xFF,0xFF,0xFF,0xFF,0xFF,0xFF,0xFF,0xFF,0x00,0x00,0x00,0x00,0x00,0x00,0x00,
	0xFF,0xFF,0xFF,0xFF,0xFF,0xFF,0xFF,0xFF,0x00,0x00,0x00,0x00,0x00,0x00,0x00,0x00,0x00,0x00,0x00,0x00,0x00,0x00,0x00,0x00,0x00,0x00,0x00,0x00,0xFF,0xFF,0xFF,0xFF,0xFF,0xFF,0x00,0x00,0x00,0x00,0xFF,0xFF,0xFF,0xFF,0xFF,0xFF,0xFF,0xFF,0x00,0xFF,0xFF,0xFF,0xFF,0xFF,0xFF,0xFF,0x00,0x00,0x00,0x00,0x00,0x00,0x00,0xFF,0xFF,0xFF,
	0xFF,0xFF,0xFF,0xFF,0x00,0x00,0x00,0x00,0x00,0x00,0xFF,0xFF,0xFF,0xFF,0xFF,0xFF,0xFF,0xFF,0x00,0x00,0x00,0x00,0x00,0x00,0x00,0x00,0x00,0x00,0x00,0x00,0x00,0x00,0x00,0x00,0x00,0x00,0x00,0x00,0xFF,0xFF,0xFF,0xFF,0xFF,0xFF,0xFF,0xFF,0xFF,0xFF,0xFF,0xFF,0xFF,0xFF,0xFF,0xFF,0xFF,0xFF,0x00,0xFF,0xFF,0xFF,0xFF,0xFF,0xFF,0x00,
	0x00,0x00,0x00,0x00,0x00,0x00,0x00,0xFF,0xFF,0xFF,0xFF,0xFF,0xFF,0xFF,0x00,0x00,0x00,0x00,0x00,0x00,0xFF,0xFF,0xFF,0xFF,0xFF,0xFF,0xFF,0xFF,0x00,0x00,0x00,0x00,0x00,0x00,0x00,0x00,0x00,0x00,0x00,0x00,0x00,0x00,0x00,0x00,0x00,0x00,0x00,0x00,0xFF,0xFF,0xFF,0xFF,0xFF,0xFF,0xFF,0xFF,0xFF,0xFF,0xFF,0xFF,0xFF,0xFF,0xFF,0xFF,
	0xFF,0x00,0x00,0xFF,0xFF,0xFF,0xFF,0xFF,0xFF,0x00,0x00,0x00,0x00,0x00,0x00,0x00,0x00,0xFF,0xFF,0xFF,0xFF,0xFF,0xFF,0xFF,0xFF,0x00,0x00,0x00,0x00,0x00,0xFF,0xFF,0xFF,0xFF,0xFF,0xFF,0xFF,0xFF,0x00,0x00,0x00,0x00,0x00,0x00,0x00,0x00,0x00,0x00,0x00,0x00,0x00,0x00,0x00,0x00,0x00,0x00,0x00,0x00,0xFF,0xFF,0xFF,0xFF,0xFF,0xFF,
	0xFF,0xFF,0xFF,0xFF,0xFF,0xFF,0xFF,0xFF,0xFF,0xFF,0xFF,0x00,0xFF,0xFF,0xFF,0xFF,0xFF,0xFF,0xFF,0x00,0x00,0x00,0x00,0x00,0x00,0x00,0x00,0xFF,0xFF,0xFF,0xFF,0xFF,0xFF,0xFF,0xFF,0x00,0x00,0x00,0x00,0x00,0xFF,0xFF,0xFF,0xFF,0xFF,0xFF,0xFF,0xFF,0x00,0x00,0x00,0x00,0x00,0x00,0x00,0x00,0x00,0x00,0x00,0x00,0x00,0x00,0x00,0x00,
	0x00,0x00,0x00,0x00,0x00,0xFF,0xFF,0xFF,0xFF,0xFF,0xFF,0xFF,0xFF,0xFF,0xFF,0xFF,0xFF,0xFF,0xFF,0xFF,0x00,0xFF,0xFF,0xFF,0xFF,0xFF,0xFF,0xFF,0xFF,0x00,0x00,0x00,0x00,0x00,0x00,0x00,0x00,0x00,0xFF,0xFF,0xFF,0xFF,0xFF,0xFF,0xFF,0x00,0x00,0x00,0x00,0x00,0xFF,0xFF,0xFF,0xFF,0xFF,0xFF,0xFF,0xFF,0x00,0x00,0x00,0x00,0x00,0x00,
	0x00,0x00,0x00,0x00,0x00,0x00,0x00,0x00,0x00,0x00,0x00,0x00,0x00,0x00,0x00,0xFF,0xFF,0xFF,0xFF,0xFF,0xFF,0xFF,0xFF,0xFF,0xFF,0xFF,0xFF,0xFF,0xFF,0x00,0x00,0xFF,0xFF,0xFF,0xFF,0xFF,0xFF,0xFF,0xFF,0x00,0x00,0x00,0x00,0x00,0x00,0x00,0x00,0x00,0x00,0xFF,0xFF,0xFF,0xFF,0xFF,0xFF,0x00,0x00,0x00,0x00,0x00,0xFF,0xFF,0xFF,0xFF,
	0xFF,0xFF,0xFF,0x00,0x00,0x00,0x00,0x00,0x00,0x00,0x00,0x00,0x00,0x00,0x00,0x00,0x00,0x00,0x00,0x00,0x00,0x00,0x00,0x00,0x00,0x00,0x00,0x00,0x00,0xFF,0xFF,0xFF,0xFF,0xFF,0xFF,0xFF,0x00,0x00,0x00,0x00,0x00,0xFF,0xFF,0xFF,0xFF,0xFF,0xFF,0xFF,0x00,0x00,0x00,0x00,0x00,0x00,0x00,0x00,0x00,0x00,0x00,0xFF,0xFF,0xFF,0xFF,0xFF,
	0xFF,0x00,0x00,0x00,0x00,0x00,0x00,0xFF,0xFF,0xFF,0xFF,0xFF,0xFF,0x00,0x00,0x00,0x00,0x00,0x00,0x00,0x00,0x00,0x00,0x00,0x00,0x00,0x00,0x00,0x00,0x00,0x00,0x00,0x00,0x00,
    };
        


const lv_img_dsc_t face_1889_2_390_dial_img_15_118736_5 = {
    .header.magic = LV_IMAGE_HEADER_MAGIC,
    .header.w = 74,
    .header.h = 29,
    .data_size = sizeof(face_1889_2_390_dial_img_15_118736_data_5),
    .header.cf = LV_COLOR_FORMAT_RGB565A8,
    .data = face_1889_2_390_dial_img_15_118736_data_5};

    
// LVGL 9 format (RGB565) // LVGL_9 compatible 
const LV_ATTRIBUTE_MEM_ALIGN uint8_t face_1889_2_390_dial_img_15_118736_data_6[] = {
	//RGB565 data 
	0x00,0x00,0x00,0x00,0x00,0x00,0x00,0x00,0x00,0x00,0x00,0x00,0x00,0x00,0x41,0x08,0x41,0x08,0x00,0x00,0x00,0x00,0x00,0x00,0x00,0x00,0x00,0x00,0x00,0x00,0x00,0x00,0x00,0x00,0x00,0x00,0x00,0x00,0x00,0x00,0x00,0x00,0x00,0x00,0x00,0x00,0x00,0x00,0x00,0x00,0x00,0x00,0x00,0x00,0x00,0x00,0x00,0x00,0x00,0x00,0x00,0x00,0x00,0x00,
	0x00,0x00,0x00,0x00,0x00,0x00,0x00,0x00,0x00,0x00,0x00,0x00,0x00,0x00,0x00,0x00,0x00,0x00,0x00,0x00,0x00,0x00,0x00,0x00,0x00,0x00,0x00,0x00,0x00,0x00,0x00,0x00,0x00,0x00,0x41,0x08,0x41,0x08,0x00,0x00,0x00,0x00,0x00,0x00,0x00,0x00,0x00,0x00,0x00,0x00,0x00,0x00,0x00,0x00,0x00,0x00,0x00,0x00,0x00,0x00,0x00,0x00,0x00,0x00,
	0x00,0x00,0x00,0x00,0x00,0x00,0x00,0x00,0x00,0x00,0x00,0x00,0x00,0x00,0x00,0x00,0x00,0x00,0x00,0x00,0x00,0x00,0x00,0x00,0x00,0x00,0x00,0x00,0x00,0x00,0x41,0x08,0xA3,0x18,0x45,0x29,0x45,0x29,0x45,0x29,0x45,0x29,0xA3,0x18,0x00,0x00,0x00,0x00,0x00,0x00,0x00,0x00,0x00,0x00,0x00,0x00,0x00,0x00,0x00,0x00,0x41,0x08,0x41,0x08,
	0xA3,0x18,0x41,0x08,0x00,0x00,0x00,0x00,0x00,0x00,0x00,0x00,0x00,0x00,0x00,0x00,0x00,0x00,0x00,0x00,0x00,0x00,0x00,0x00,0x00,0x00,0x41,0x08,0x41,0x08,0x41,0x08,0x41,0x08,0x00,0x00,0x00,0x00,0x00,0x00,0x00,0x00,0x41,0x08,0x41,0x08,0xA3,0x18,0xA3,0x18,0x41,0x08,0x00,0x00,0x00,0x00,0x00,0x00,0x00,0x00,0x00,0x00,0x00,0x00,
	0x00,0x00,0x00,0x00,0x00,0x00,0x00,0x00,0x00,0x00,0x41,0x08,0xA3,0x18,0xA3,0x18,0x41,0x08,0x00,0x00,0x00,0x00,0x00,0x00,0x00,0x00,0x00,0x00,0x00,0x00,0x00,0x00,0x00,0x00,0x00,0x00,0x00,0x00,0x00,0x00,0x00,0x00,0x00,0x00,0x00,0x00,0x00,0x00,0xA3,0x18,0x08,0x42,0x8E,0x73,0x51,0x8C,0x51,0x8C,0x51,0x8C,0x51,0x8C,0xAA,0x52,
	0x45,0x29,0x41,0x08,0x00,0x00,0x00,0x00,0x00,0x00,0x00,0x00,0x00,0x00,0xA3,0x18,0x45,0x29,0x08,0x42,0xAA,0x52,0x08,0x42,0xA3,0x18,0x00,0x00,0x00,0x00,0x00,0x00,0x00,0x00,0x00,0x00,0x00,0x00,0x00,0x00,0x00,0x00,0x00,0x00,0x00,0x00,0x45,0x29,0xAA,0x52,0xAA,0x52,0x08,0x42,0x45,0x29,0x41,0x08,0x00,0x00,0x00,0x00,0xA3,0x18,
	0x08,0x42,0x08,0x42,0xAA,0x52,0x08,0x42,0xA3,0x18,0x00,0x00,0x00,0x00,0x00,0x00,0x00,0x00,0x00,0x00,0x00,0x00,0x00,0x00,0x00,0x00,0x00,0x00,0x41,0x08,0x45,0x29,0xAA,0x52,0xAA,0x52,0x08,0x42,0xA3,0x18,0x00,0x00,0x00,0x00,0x00,0x00,0x00,0x00,0x00,0x00,0x00,0x00,0x00,0x00,0x00,0x00,0x00,0x00,0x00,0x00,0x00,0x00,0x00,0x00,
	0x45,0x29,0x8E,0x73,0x14,0xA5,0x39,0xCE,0x3C,0xE7,0x3C,0xE7,0x3C,0xE7,0x3C,0xE7,0x3C,0xE7,0x39,0xCE,0x39,0xCE,0x51,0x8C,0x08,0x42,0x00,0x00,0x00,0x00,0x00,0x00,0x00,0x00,0x08,0x42,0x51,0x8C,0x39,0xCE,0x39,0xCE,0x39,0xCE,0x45,0x29,0x00,0x00,0x00,0x00,0x00,0x00,0x00,0x00,0x00,0x00,0x00,0x00,0x00,0x00,0x00,0x00,0x00,0x00,
	0x00,0x00,0x8E,0x73,0x39,0xCE,0x39,0xCE,0x14,0xA5,0xAA,0x52,0xA3,0x18,0x00,0x00,0x00,0x00,0xAA,0x52,0x14,0xA5,0x39,0xCE,0x39,0xCE,0x39,0xCE,0x51,0x8C,0x08,0x42,0x00,0x00,0x00,0x00,0x00,0x00,0x00,0x00,0x00,0x00,0x00,0x00,0x00,0x00,0x41,0x08,0x45,0x29,0x51,0x8C,0x39,0xCE,0x39,0xCE,0x14,0xA5,0x08,0x42,0x41,0x08,0x00,0x00,
	0x00,0x00,0x00,0x00,0x00,0x00,0x00,0x00,0x00,0x00,0x00,0x00,0x00,0x00,0x00,0x00,0x00,0x00,0x45,0x29,0x8E,0x73,0x39,0xCE,0xFF,0xFF,0xFF,0xFF,0xFF,0xFF,0xFF,0xFF,0xFF,0xFF,0xFF,0xFF,0xFF,0xFF,0xFF,0xFF,0xFF,0xFF,0x3C,0xE7,0x51,0x8C,0xA3,0x18,0x00,0x00,0x00,0x00,0x00,0x00,0xAA,0x52,0x14,0xA5,0xFF,0xFF,0xFF,0xFF,0xFF,0xFF,
	0x08,0x42,0x00,0x00,0x00,0x00,0x00,0x00,0x00,0x00,0x00,0x00,0x00,0x00,0x00,0x00,0x00,0x00,0x00,0x00,0x00,0x00,0x14,0xA5,0xFF,0xFF,0xFF,0xFF,0x3C,0xE7,0x51,0x8C,0x45,0x29,0x00,0x00,0x00,0x00,0x8E,0x73,0x3C,0xE7,0xFF,0xFF,0xFF,0xFF,0xFF,0xFF,0x39,0xCE,0x51,0x8C,0x41,0x08,0x00,0x00,0x00,0x00,0x00,0x00,0x00,0x00,0x00,0x00,
	0x00,0x00,0x41,0x08,0x45,0x29,0x14,0xA5,0xFF,0xFF,0xFF,0xFF,0x39,0xCE,0x08,0x42,0xA3,0x18,0x00,0x00,0x00,0x00,0x00,0x00,0x00,0x00,0x00,0x00,0x00,0x00,0x00,0x00,0x00,0x00,0x00,0x00,0x41,0x08,0x8E,0x73,0xBE,0xF7,0xFF,0xFF,0xFF,0xFF,0xFF,0xFF,0xFF,0xFF,0xFF,0xFF,0x3C,0xE7,0x3C,0xE7,0xFF,0xFF,0xFF,0xFF,0xFF,0xFF,0xFF,0xFF,
	0x39,0xCE,0x8E,0x73,0xA3,0x18,0x00,0x00,0x00,0x00,0xAA,0x52,0x14,0xA5,0xBE,0xF7,0xFF,0xFF,0xBE,0xF7,0x08,0x42,0x00,0x00,0x00,0x00,0x00,0x00,0x00,0x00,0x00,0x00,0x00,0x00,0x00,0x00,0x00,0x00,0x00,0x00,0x00,0x00,0x51,0x8C,0xFF,0xFF,0xFF,0xFF,0x39,0xCE,0x8E,0x73,0xA3,0x18,0x00,0x00,0x00,0x00,0x8E,0x73,0x3C,0xE7,0xFF,0xFF,
	0xFF,0xFF,0xFF,0xFF,0xFF,0xFF,0x39,0xCE,0x45,0x29,0x00,0x00,0x00,0x00,0x00,0x00,0x00,0x00,0x00,0x00,0x00,0x00,0x41,0x08,0x45,0x29,0x14,0xA5,0xFF,0xFF,0xFF,0xFF,0x39,0xCE,0x08,0x42,0x41,0x08,0x00,0x00,0x00,0x00,0x00,0x00,0x00,0x00,0x00,0x00,0x00,0x00,0x00,0x00,0x00,0x00,0x00,0x00,0x08,0x42,0x14,0xA5,0xFF,0xFF,0xFF,0xFF,
	0xBE,0xF7,0x39,0xCE,0x51,0x8C,0x8E,0x73,0xAA,0x52,0x8E,0x73,0x51,0x8C,0x39,0xCE,0x3C,0xE7,0xFF,0xFF,0xFF,0xFF,0x39,0xCE,0x08,0x42,0x00,0x00,0x00,0x00,0xAA,0x52,0x14,0xA5,0xBE,0xF7,0xFF,0xFF,0x3C,0xE7,0x08,0x42,0x00,0x00,0x00,0x00,0x00,0x00,0x00,0x00,0x00,0x00,0x00,0x00,0x00,0x00,0x00,0x00,0x00,0x00,0x00,0x00,0x51,0x8C,
	0xFF,0xFF,0xFF,0xFF,0x39,0xCE,0x8E,0x73,0xA3,0x18,0x00,0x00,0x00,0x00,0x8E,0x73,0x3C,0xE7,0xBE,0xF7,0xFF,0xFF,0xFF,0xFF,0xFF,0xFF,0x3C,0xE7,0x51,0x8C,0x45,0x29,0x00,0x00,0x00,0x00,0x00,0x00,0x00,0x00,0x00,0x00,0x41,0x08,0x45,0x29,0x14,0xA5,0xFF,0xFF,0xFF,0xFF,0x39,0xCE,0x08,0x42,0x41,0x08,0x00,0x00,0x00,0x00,0x00,0x00,
	0x00,0x00,0x00,0x00,0x00,0x00,0x00,0x00,0x00,0x00,0x00,0x00,0x51,0x8C,0x39,0xCE,0xFF,0xFF,0xFF,0xFF,0x3C,0xE7,0x8E,0x73,0x45,0x29,0x00,0x00,0x00,0x00,0x00,0x00,0x00,0x00,0xAA,0x52,0x14,0xA5,0x3C,0xE7,0xBE,0xF7,0x3C,0xE7,0x08,0x42,0x00,0x00,0x00,0x00,0xAA,0x52,0x14,0xA5,0xBE,0xF7,0xFF,0xFF,0x3C,0xE7,0x08,0x42,0x00,0x00,
	0x00,0x00,0x00,0x00,0x00,0x00,0x00,0x00,0x00,0x00,0x00,0x00,0x00,0x00,0x00,0x00,0x00,0x00,0x51,0x8C,0xFF,0xFF,0xFF,0xFF,0x39,0xCE,0x8E,0x73,0xA3,0x18,0x00,0x00,0x00,0x00,0x8E,0x73,0x3C,0xE7,0xBE,0xF7,0xFF,0xFF,0xFF,0xFF,0xFF,0xFF,0xFF,0xFF,0x3C,0xE7,0x8E,0x73,0x41,0x08,0x00,0x00,0x00,0x00,0x00,0x00,0x00,0x00,0x41,0x08,
	0x45,0x29,0x14,0xA5,0xFF,0xFF,0xFF,0xFF,0x39,0xCE,0x08,0x42,0x41,0x08,0x00,0x00,0x00,0x00,0x00,0x00,0x00,0x00,0x00,0x00,0x00,0x00,0x00,0x00,0x00,0x00,0x00,0x00,0x14,0xA5,0x39,0xCE,0xFF,0xFF,0xFF,0xFF,0x39,0xCE,0x45,0x29,0x00,0x00,0x00,0x00,0x00,0x00,0x00,0x00,0x00,0x00,0xA3,0x18,0x08,0x42,0x14,0xA5,0x8E,0x73,0x08,0x42,
	0xA3,0x18,0x00,0x00,0x00,0x00,0xAA,0x52,0x14,0xA5,0xBE,0xF7,0xFF,0xFF,0x3C,0xE7,0x08,0x42,0x00,0x00,0x00,0x00,0x00,0x00,0x00,0x00,0x00,0x00,0x00,0x00,0x00,0x00,0x00,0x00,0x00,0x00,0x00,0x00,0x51,0x8C,0xFF,0xFF,0xFF,0xFF,0x39,0xCE,0x8E,0x73,0xA3,0x18,0x00,0x00,0x00,0x00,0x8E,0x73,0x3C,0xE7,0xBE,0xF7,0xFF,0xFF,0xFF,0xFF,
	0xFF,0xFF,0xFF,0xFF,0xFF,0xFF,0x14,0xA5,0x08,0x42,0x41,0x08,0x00,0x00,0x00,0x00,0x00,0x00,0x41,0x08,0x45,0x29,0x14,0xA5,0xFF,0xFF,0xFF,0xFF,0x39,0xCE,0x08,0x42,0x41,0x08,0x00,0x00,0x00,0x00,0x00,0x00,0x00,0x00,0x00,0x00,0x00,0x00,0x00,0x00,0x00,0x00,0x00,0x00,0x39,0xCE,0x3C,0xE7,0xFF,0xFF,0xFF,0xFF,0x39,0xCE,0x41,0x08,
	0x00,0x00,0x00,0x00,0x00,0x00,0x00,0x00,0x00,0x00,0x00,0x00,0xA3,0x18,0x08,0x42,0x45,0x29,0x00,0x00,0x00,0x00,0x00,0x00,0x00,0x00,0xAA,0x52,0x14,0xA5,0xBE,0xF7,0xFF,0xFF,0x3C,0xE7,0x08,0x42,0x00,0x00,0x00,0x00,0x00,0x00,0x00,0x00,0x00,0x00,0x00,0x00,0x00,0x00,0x00,0x00,0x00,0x00,0x00,0x00,0x51,0x8C,0xFF,0xFF,0xFF,0xFF,
	0x39,0xCE,0x8E,0x73,0xA3,0x18,0x00,0x00,0x00,0x00,0x8E,0x73,0x3C,0xE7,0xFF,0xFF,0xBE,0xF7,0x3C,0xE7,0xBE,0xF7,0xFF,0xFF,0xFF,0xFF,0x3C,0xE7,0x51,0x8C,0x45,0x29,0x00,0x00,0x00,0x00,0x00,0x00,0x41,0x08,0x45,0x29,0x14,0xA5,0xFF,0xFF,0xFF,0xFF,0x39,0xCE,0x08,0x42,0x41,0x08,0x00,0x00,0x00,0x00,0x00,0x00,0x00,0x00,0x00,0x00,
	0x00,0x00,0x00,0x00,0x00,0x00,0x00,0x00,0x39,0xCE,0x3C,0xE7,0xFF,0xFF,0xFF,0xFF,0x39,0xCE,0xA3,0x18,0x00,0x00,0x00,0x00,0x00,0x00,0x00,0x00,0x00,0x00,0x00,0x00,0x00,0x00,0x00,0x00,0x00,0x00,0x00,0x00,0x00,0x00,0x00,0x00,0x00,0x00,0xAA,0x52,0x14,0xA5,0xBE,0xF7,0xFF,0xFF,0x3C,0xE7,0x08,0x42,0x00,0x00,0x00,0x00,0x00,0x00,
	0x00,0x00,0x00,0x00,0x00,0x00,0x00,0x00,0x00,0x00,0x00,0x00,0x00,0x00,0x51,0x8C,0xFF,0xFF,0xFF,0xFF,0x39,0xCE,0x8E,0x73,0xA3,0x18,0x00,0x00,0x00,0x00,0x8E,0x73,0x3C,0xE7,0xFF,0xFF,0x3C,0xE7,0x14,0xA5,0x3C,0xE7,0xFF,0xFF,0xFF,0xFF,0xFF,0xFF,0x3C,0xE7,0xAA,0x52,0x41,0x08,0x00,0x00,0x00,0x00,0x41,0x08,0x45,0x29,0x14,0xA5,
	0xFF,0xFF,0xFF,0xFF,0x39,0xCE,0x08,0x42,0x41,0x08,0x00,0x00,0x00,0x00,0x00,0x00,0x00,0x00,0x00,0x00,0x00,0x00,0x00,0x00,0x00,0x00,0x00,0x00,0x51,0x8C,0x39,0xCE,0xFF,0xFF,0xFF,0xFF,0x3C,0xE7,0x14,0xA5,0x8E,0x73,0x45,0x29,0x00,0x00,0x00,0x00,0x00,0x00,0x00,0x00,0x00,0x00,0x00,0x00,0x00,0x00,0x00,0x00,0x00,0x00,0x00,0x00,
	0x00,0x00,0xAA,0x52,0x14,0xA5,0xBE,0xF7,0xFF,0xFF,0x3C,0xE7,0x08,0x42,0x00,0x00,0x00,0x00,0x00,0x00,0x00,0x00,0x00,0x00,0x00,0x00,0x00,0x00,0x00,0x00,0x00,0x00,0x00,0x00,0x51,0x8C,0xFF,0xFF,0xFF,0xFF,0x39,0xCE,0x8E,0x73,0xA3,0x18,0x00,0x00,0x00,0x00,0x8E,0x73,0x3C,0xE7,0xFF,0xFF,0x39,0xCE,0x51,0x8C,0x51,0x8C,0x39,0xCE,
	0xFF,0xFF,0xFF,0xFF,0xBE,0xF7,0x14,0xA5,0xAA,0x52,0x00,0x00,0x00,0x00,0x41,0x08,0x45,0x29,0x14,0xA5,0xFF,0xFF,0xFF,0xFF,0x39,0xCE,0x08,0x42,0x41,0x08,0x00,0x00,0x00,0x00,0x00,0x00,0x00,0x00,0x00,0x00,0x00,0x00,0x00,0x00,0x00,0x00,0x00,0x00,0xAA,0x52,0x51,0x8C,0xFF,0xFF,0xFF,0xFF,0xFF,0xFF,0xFF,0xFF,0x39,0xCE,0x8E,0x73,
	0xAA,0x52,0x08,0x42,0x45,0x29,0x45,0x29,0xA3,0x18,0x00,0x00,0x00,0x00,0x00,0x00,0x00,0x00,0x00,0x00,0x00,0x00,0xAA,0x52,0x14,0xA5,0xBE,0xF7,0xFF,0xFF,0x3C,0xE7,0x08,0x42,0x00,0x00,0x00,0x00,0x00,0x00,0x00,0x00,0x00,0x00,0x00,0x00,0x00,0x00,0x00,0x00,0x00,0x00,0x00,0x00,0x51,0x8C,0xFF,0xFF,0xFF,0xFF,0x39,0xCE,0x8E,0x73,
	0xA3,0x18,0x00,0x00,0x00,0x00,0x8E,0x73,0x3C,0xE7,0xFF,0xFF,0x39,0xCE,0x51,0x8C,0xAA,0x52,0x8E,0x73,0x3C,0xE7,0xFF,0xFF,0xFF,0xFF,0xBE,0xF7,0x51,0x8C,0xA3,0x18,0x00,0x00,0x41,0x08,0x45,0x29,0x14,0xA5,0xFF,0xFF,0xFF,0xFF,0x39,0xCE,0x08,0x42,0x41,0x08,0x00,0x00,0x00,0x00,0x00,0x00,0x00,0x00,0x00,0x00,0x00,0x00,0x00,0x00,
	0x00,0x00,0x00,0x00,0x41,0x08,0x8E,0x73,0x3C,0xE7,0xFF,0xFF,0xFF,0xFF,0xFF,0xFF,0xBE,0xF7,0xBE,0xF7,0x3C,0xE7,0x3C,0xE7,0x39,0xCE,0x14,0xA5,0x8E,0x73,0xA3,0x18,0x00,0x00,0x00,0x00,0x00,0x00,0x00,0x00,0x00,0x00,0xAA,0x52,0x14,0xA5,0xBE,0xF7,0xFF,0xFF,0x3C,0xE7,0x08,0x42,0x00,0x00,0x00,0x00,0x00,0x00,0x00,0x00,0x00,0x00,
	0x00,0x00,0x00,0x00,0x00,0x00,0x00,0x00,0x00,0x00,0x51,0x8C,0xFF,0xFF,0xFF,0xFF,0x39,0xCE,0x8E,0x73,0xA3,0x18,0x00,0x00,0x00,0x00,0x8E,0x73,0x3C,0xE7,0xFF,0xFF,0x3C,0xE7,0x51,0x8C,0xA3,0x18,0x45,0x29,0x39,0xCE,0xBE,0xF7,0xFF,0xFF,0xFF,0xFF,0x39,0xCE,0x8E,0x73,0xA3,0x18,0x00,0x00,0x45,0x29,0x14,0xA5,0xFF,0xFF,0xFF,0xFF,
	0x39,0xCE,0x08,0x42,0x41,0x08,0x00,0x00,0x00,0x00,0x00,0x00,0x00,0x00,0x00,0x00,0x00,0x00,0x00,0x00,0x00,0x00,0x00,0x00,0x00,0x00,0x45,0x29,0x8E,0x73,0x14,0xA5,0x3C,0xE7,0xFF,0xFF,0xFF,0xFF,0xFF,0xFF,0xFF,0xFF,0xFF,0xFF,0xFF,0xFF,0x3C,0xE7,0x39,0xCE,0x51,0x8C,0xAA,0x52,0xA3,0x18,0x00,0x00,0x00,0x00,0x00,0x00,0xAA,0x52,
	0x14,0xA5,0xBE,0xF7,0xFF,0xFF,0x3C,0xE7,0x08,0x42,0x00,0x00,0x00,0x00,0x00,0x00,0x00,0x00,0x00,0x00,0x00,0x00,0x00,0x00,0x00,0x00,0x00,0x00,0x00,0x00,0x51,0x8C,0xFF,0xFF,0xFF,0xFF,0x39,0xCE,0x8E,0x73,0xA3,0x18,0x00,0x00,0x00,0x00,0x8E,0x73,0x3C,0xE7,0xFF,0xFF,0x3C,0xE7,0x51,0x8C,0xA3,0x18,0x41,0x08,0xAA,0x52,0x39,0xCE,
	0xFF,0xFF,0xFF,0xFF,0xBE,0xF7,0x39,0xCE,0x08,0x42,0x00,0x00,0x45,0x29,0x14,0xA5,0xFF,0xFF,0xFF,0xFF,0x39,0xCE,0x08,0x42,0x41,0x08,0x00,0x00,0x00,0x00,0x00,0x00,0x00,0x00,0x00,0x00,0x00,0x00,0x00,0x00,0x00,0x00,0x00,0x00,0x00,0x00,0x00,0x00,0x41,0x08,0xAA,0x52,0x14,0xA5,0x3C,0xE7,0x3C,0xE7,0xBE,0xF7,0xBE,0xF7,0xFF,0xFF,
	0xFF,0xFF,0xFF,0xFF,0xFF,0xFF,0xFF,0xFF,0x39,0xCE,0xAA,0x52,0xA3,0x18,0x00,0x00,0x00,0x00,0xAA,0x52,0x14,0xA5,0xBE,0xF7,0xFF,0xFF,0x3C,0xE7,0x08,0x42,0x00,0x00,0x00,0x00,0x00,0x00,0x00,0x00,0x00,0x00,0x00,0x00,0x00,0x00,0x00,0x00,0x00,0x00,0x00,0x00,0x51,0x8C,0xFF,0xFF,0xFF,0xFF,0x39,0xCE,0x8E,0x73,0xA3,0x18,0x00,0x00,
	0x00,0x00,0x8E,0x73,0x3C,0xE7,0xFF,0xFF,0x3C,0xE7,0x51,0x8C,0x45,0x29,0x00,0x00,0x41,0x08,0x51,0x8C,0xBE,0xF7,0xFF,0xFF,0xFF,0xFF,0xFF,0xFF,0x8E,0x73,0xA3,0x18,0x45,0x29,0x14,0xA5,0xFF,0xFF,0xFF,0xFF,0x39,0xCE,0x08,0x42,0x41,0x08,0x00,0x00,0x00,0x00,0x00,0x00,0x00,0x00,0x00,0x00,0x00,0x00,0x00,0x00,0x00,0x00,0x00,0x00,
	0x00,0x00,0x00,0x00,0x00,0x00,0x41,0x08,0xA3,0x18,0x45,0x29,0xAA,0x52,0x8E,0x73,0x14,0xA5,0x39,0xCE,0xFF,0xFF,0xFF,0xFF,0xFF,0xFF,0xFF,0xFF,0xBE,0xF7,0x39,0xCE,0x08,0x42,0x00,0x00,0x00,0x00,0xAA,0x52,0x14,0xA5,0xBE,0xF7,0xFF,0xFF,0x3C,0xE7,0x08,0x42,0x00,0x00,0x00,0x00,0x00,0x00,0x00,0x00,0x00,0x00,0x00,0x00,0x00,0x00,
	0x00,0x00,0x00,0x00,0x00,0x00,0x51,0x8C,0xFF,0xFF,0xFF,0xFF,0x39,0xCE,0x8E,0x73,0xA3,0x18,0x00,0x00,0x00,0x00,0x8E,0x73,0x3C,0xE7,0xFF,0xFF,0x3C,0xE7,0x51,0x8C,0x45,0x29,0x00,0x00,0x00,0x00,0x08,0x42,0x14,0xA5,0xBE,0xF7,0xFF,0xFF,0xFF,0xFF,0x39,0xCE,0x8E,0x73,0x08,0x42,0x51,0x8C,0xFF,0xFF,0xFF,0xFF,0x39,0xCE,0x08,0x42,
	0x41,0x08,0x00,0x00,0x00,0x00,0x00,0x00,0x00,0x00,0x00,0x00,0x00,0x00,0x00,0x00,0x00,0x00,0x00,0x00,0x00,0x00,0x00,0x00,0x00,0x00,0x00,0x00,0x00,0x00,0x00,0x00,0x00,0x00,0x45,0x29,0x08,0x42,0x8E,0x73,0x14,0xA5,0x39,0xCE,0xBE,0xF7,0xFF,0xFF,0xFF,0xFF,0xBE,0xF7,0x8E,0x73,0xA3,0x18,0x00,0x00,0x08,0x42,0x14,0xA5,0xBE,0xF7,
	0xFF,0xFF,0x3C,0xE7,0x08,0x42,0x00,0x00,0x00,0x00,0x00,0x00,0x00,0x00,0x00,0x00,0x00,0x00,0x00,0x00,0x00,0x00,0x00,0x00,0x00,0x00,0x51,0x8C,0xFF,0xFF,0xFF,0xFF,0x39,0xCE,0x8E,0x73,0xA3,0x18,0x00,0x00,0x00,0x00,0x8E,0x73,0x3C,0xE7,0xFF,0xFF,0x3C,0xE7,0x51,0x8C,0x45,0x29,0x00,0x00,0x00,0x00,0xA3,0x18,0xAA,0x52,0x39,0xCE,
	0xFF,0xFF,0xFF,0xFF,0x3C,0xE7,0x39,0xCE,0xAA,0x52,0x14,0xA5,0xFF,0xFF,0xFF,0xFF,0x39,0xCE,0x08,0x42,0x41,0x08,0x00,0x00,0x00,0x00,0x00,0x00,0x00,0x00,0x00,0x00,0x00,0x00,0x00,0x00,0x00,0x00,0x00,0x00,0x00,0x00,0x00,0x00,0x00,0x00,0x00,0x00,0x00,0x00,0x00,0x00,0x00,0x00,0x00,0x00,0x00,0x00,0x00,0x00,0x00,0x00,0x8E,0x73,
	0x39,0xCE,0xFF,0xFF,0xFF,0xFF,0xBE,0xF7,0x51,0x8C,0x08,0x42,0x00,0x00,0x08,0x42,0x51,0x8C,0xBE,0xF7,0xFF,0xFF,0x3C,0xE7,0x08,0x42,0x00,0x00,0x00,0x00,0x00,0x00,0x00,0x00,0x00,0x00,0x00,0x00,0x00,0x00,0x00,0x00,0x00,0x00,0x00,0x00,0x51,0x8C,0xFF,0xFF,0xFF,0xFF,0x39,0xCE,0x8E,0x73,0xA3,0x18,0x00,0x00,0x00,0x00,0x8E,0x73,
	0x3C,0xE7,0xFF,0xFF,0x3C,0xE7,0x51,0x8C,0x45,0x29,0x00,0x00,0x00,0x00,0x00,0x00,0xA3,0x18,0x14,0xA5,0xBE,0xF7,0xFF,0xFF,0xFF,0xFF,0x3C,0xE7,0x51,0x8C,0x39,0xCE,0xFF,0xFF,0xFF,0xFF,0x39,0xCE,0x08,0x42,0x41,0x08,0x00,0x00,0x00,0x00,0x00,0x00,0x00,0x00,0x00,0x00,0x00,0x00,0x00,0x00,0x00,0x00,0x00,0x00,0x00,0x00,0x00,0x00,
	0x00,0x00,0x00,0x00,0x00,0x00,0x00,0x00,0x00,0x00,0x00,0x00,0x00,0x00,0x00,0x00,0x00,0x00,0xA3,0x18,0x8E,0x73,0xBE,0xF7,0xFF,0xFF,0xBE,0xF7,0x14,0xA5,0x08,0x42,0x00,0x00,0x45,0x29,0x51,0x8C,0xBE,0xF7,0xFF,0xFF,0xBE,0xF7,0x08,0x42,0x00,0x00,0x00,0x00,0x00,0x00,0x00,0x00,0x00,0x00,0x00,0x00,0x00,0x00,0x00,0x00,0x00,0x00,
	0x00,0x00,0x51,0x8C,0xFF,0xFF,0xFF,0xFF,0x39,0xCE,0x51,0x8C,0x45,0x29,0x00,0x00,0x00,0x00,0x8E,0x73,0x3C,0xE7,0xFF,0xFF,0x3C,0xE7,0x51,0x8C,0x45,0x29,0x00,0x00,0x00,0x00,0x00,0x00,0x00,0x00,0xAA,0x52,0x14,0xA5,0xFF,0xFF,0xFF,0xFF,0xFF,0xFF,0x3C,0xE7,0x3C,0xE7,0xFF,0xFF,0xFF,0xFF,0x39,0xCE,0x08,0x42,0x41,0x08,0x00,0x00,
	0x00,0x00,0x00,0x00,0x00,0x00,0x00,0x00,0x00,0x00,0x00,0x00,0x00,0x00,0x00,0x00,0xA3,0x18,0x45,0x29,0x08,0x42,0xA3,0x18,0x00,0x00,0x00,0x00,0x00,0x00,0x00,0x00,0x00,0x00,0x00,0x00,0x00,0x00,0x00,0x00,0x08,0x42,0xBE,0xF7,0xFF,0xFF,0xBE,0xF7,0x14,0xA5,0xAA,0x52,0x00,0x00,0xA3,0x18,0xAA,0x52,0xBE,0xF7,0xFF,0xFF,0xBE,0xF7,
	0x8E,0x73,0xA3,0x18,0x00,0x00,0x00,0x00,0x00,0x00,0x00,0x00,0x00,0x00,0x00,0x00,0x00,0x00,0x00,0x00,0xA3,0x18,0x14,0xA5,0xFF,0xFF,0xFF,0xFF,0x39,0xCE,0x8E,0x73,0xA3,0x18,0x00,0x00,0x00,0x00,0x8E,0x73,0x3C,0xE7,0xFF,0xFF,0x3C,0xE7,0x51,0x8C,0x45,0x29,0x00,0x00,0x00,0x00,0x00,0x00,0x00,0x00,0x41,0x08,0x8E,0x73,0x3C,0xE7,
	0xFF,0xFF,0xFF,0xFF,0xFF,0xFF,0xFF,0xFF,0xFF,0xFF,0xFF,0xFF,0x39,0xCE,0x08,0x42,0x41,0x08,0x00,0x00,0x00,0x00,0x00,0x00,0x00,0x00,0x00,0x00,0x00,0x00,0x00,0x00,0x00,0x00,0x00,0x00,0x51,0x8C,0x39,0xCE,0x3C,0xE7,0xAA,0x52,0x00,0x00,0x00,0x00,0x00,0x00,0x00,0x00,0x00,0x00,0x00,0x00,0x00,0x00,0xA3,0x18,0x8E,0x73,0xBE,0xF7,
	0xFF,0xFF,0xBE,0xF7,0x14,0xA5,0xAA,0x52,0x00,0x00,0x00,0x00,0x08,0x42,0xBE,0xF7,0xFF,0xFF,0xBE,0xF7,0x14,0xA5,0x08,0x42,0x00,0x00,0x00,0x00,0x00,0x00,0x00,0x00,0x00,0x00,0x00,0x00,0x00,0x00,0xA3,0x18,0xAA,0x52,0x39,0xCE,0xFF,0xFF,0xFF,0xFF,0x39,0xCE,0x08,0x42,0x41,0x08,0x00,0x00,0x00,0x00,0x8E,0x73,0x3C,0xE7,0xFF,0xFF,
	0x3C,0xE7,0x51,0x8C,0x45,0x29,0x00,0x00,0x00,0x00,0x00,0x00,0x00,0x00,0x00,0x00,0x45,0x29,0x14,0xA5,0x3C,0xE7,0xFF,0xFF,0xFF,0xFF,0xFF,0xFF,0xFF,0xFF,0xFF,0xFF,0x39,0xCE,0x08,0x42,0x41,0x08,0x00,0x00,0x00,0x00,0x00,0x00,0x00,0x00,0x00,0x00,0x00,0x00,0x00,0x00,0x00,0x00,0x00,0x00,0x3C,0xE7,0xBE,0xF7,0xFF,0xFF,0x14,0xA5,
	0xAA,0x52,0xA3,0x18,0x00,0x00,0x00,0x00,0x00,0x00,0x00,0x00,0xA3,0x18,0xAA,0x52,0x14,0xA5,0xBE,0xF7,0xFF,0xFF,0xBE,0xF7,0x51,0x8C,0x45,0x29,0x00,0x00,0x00,0x00,0x45,0x29,0x39,0xCE,0xBE,0xF7,0xFF,0xFF,0x39,0xCE,0x51,0x8C,0x45,0x29,0x00,0x00,0x00,0x00,0x00,0x00,0x00,0x00,0x00,0x00,0x41,0x08,0x08,0x42,0x14,0xA5,0x3C,0xE7,
	0xFF,0xFF,0xFF,0xFF,0x14,0xA5,0xA3,0x18,0x00,0x00,0x00,0x00,0x00,0x00,0x8E,0x73,0x3C,0xE7,0xFF,0xFF,0x3C,0xE7,0x51,0x8C,0x45,0x29,0x00,0x00,0x00,0x00,0x00,0x00,0x00,0x00,0x00,0x00,0xA3,0x18,0x08,0x42,0x39,0xCE,0xFF,0xFF,0xFF,0xFF,0xFF,0xFF,0xFF,0xFF,0xFF,0xFF,0x39,0xCE,0x08,0x42,0x41,0x08,0x00,0x00,0x00,0x00,0x00,0x00,
	0x00,0x00,0x00,0x00,0x00,0x00,0x00,0x00,0x00,0x00,0x00,0x00,0xFF,0xFF,0xFF,0xFF,0xFF,0xFF,0xBE,0xF7,0x39,0xCE,0xAA,0x52,0x45,0x29,0x41,0x08,0x41,0x08,0xA3,0x18,0xAA,0x52,0x14,0xA5,0xBE,0xF7,0xFF,0xFF,0xFF,0xFF,0x3C,0xE7,0xAA,0x52,0x41,0x08,0x00,0x00,0x00,0x00,0xA3,0x18,0x51,0x8C,0x3C,0xE7,0xFF,0xFF,0xFF,0xFF,0x3C,0xE7,
	0x51,0x8C,0x45,0x29,0x41,0x08,0x41,0x08,0x41,0x08,0xA3,0x18,0x08,0x42,0x51,0x8C,0xBE,0xF7,0xFF,0xFF,0xFF,0xFF,0xBE,0xF7,0x51,0x8C,0x41,0x08,0x00,0x00,0x00,0x00,0x00,0x00,0x8E,0x73,0x3C,0xE7,0xFF,0xFF,0x3C,0xE7,0x51,0x8C,0x45,0x29,0x00,0x00,0x00,0x00,0x00,0x00,0x00,0x00,0x00,0x00,0x00,0x00,0x00,0x00,0x51,0x8C,0x3C,0xE7,
	0xFF,0xFF,0xFF,0xFF,0xFF,0xFF,0xFF,0xFF,0x39,0xCE,0x08,0x42,0x41,0x08,0x00,0x00,0x00,0x00,0x00,0x00,0x00,0x00,0x00,0x00,0x00,0x00,0x00,0x00,0x00,0x00,0x00,0x00,0x14,0xA5,0x39,0xCE,0xFF,0xFF,0xFF,0xFF,0xBE,0xF7,0x39,0xCE,0x39,0xCE,0x39,0xCE,0x39,0xCE,0x39,0xCE,0x39,0xCE,0x3C,0xE7,0xFF,0xFF,0xFF,0xFF,0xBE,0xF7,0x14,0xA5,
	0x45,0x29,0x00,0x00,0x00,0x00,0x00,0x00,0x41,0x08,0x45,0x29,0x14,0xA5,0xFF,0xFF,0xFF,0xFF,0xFF,0xFF,0x3C,0xE7,0x39,0xCE,0x14,0xA5,0x51,0x8C,0x14,0xA5,0x39,0xCE,0x39,0xCE,0x3C,0xE7,0xFF,0xFF,0xFF,0xFF,0xFF,0xFF,0x51,0x8C,0x08,0x42,0x00,0x00,0x00,0x00,0x00,0x00,0x00,0x00,0x8E,0x73,0x3C,0xE7,0xFF,0xFF,0x3C,0xE7,0x51,0x8C,
	0x45,0x29,0x00,0x00,0x00,0x00,0x00,0x00,0x00,0x00,0x00,0x00,0x00,0x00,0x00,0x00,0x45,0x29,0x51,0x8C,0xBE,0xF7,0xFF,0xFF,0xFF,0xFF,0xFF,0xFF,0x39,0xCE,0x08,0x42,0x41,0x08,0x00,0x00,0x00,0x00,0x00,0x00,0x00,0x00,0x00,0x00,0x00,0x00,0x00,0x00,0x00,0x00,0x00,0x00,0xAA,0x52,0x51,0x8C,0x3C,0xE7,0xFF,0xFF,0xFF,0xFF,0xFF,0xFF,
	0xFF,0xFF,0xFF,0xFF,0xFF,0xFF,0xFF,0xFF,0xFF,0xFF,0xFF,0xFF,0xFF,0xFF,0x3C,0xE7,0x14,0xA5,0xAA,0x52,0xA3,0x18,0x00,0x00,0x00,0x00,0x00,0x00,0x00,0x00,0x00,0x00,0xAA,0x52,0x39,0xCE,0x3C,0xE7,0xFF,0xFF,0xFF,0xFF,0xFF,0xFF,0xFF,0xFF,0x3C,0xE7,0xBE,0xF7,0xFF,0xFF,0xFF,0xFF,0xFF,0xFF,0xBE,0xF7,0x3C,0xE7,0x14,0xA5,0x08,0x42,
	0x41,0x08,0x00,0x00,0x00,0x00,0x00,0x00,0x00,0x00,0x8E,0x73,0x3C,0xE7,0xFF,0xFF,0x3C,0xE7,0x51,0x8C,0x45,0x29,0x00,0x00,0x00,0x00,0x00,0x00,0x00,0x00,0x00,0x00,0x00,0x00,0x00,0x00,0x00,0x00,0x08,0x42,0x39,0xCE,0xBE,0xF7,0xFF,0xFF,0xFF,0xFF,0x39,0xCE,0x08,0x42,0x41,0x08,0x00,0x00,0x00,0x00,0x00,0x00,0x00,0x00,0x00,0x00,
	0x00,0x00,0x00,0x00,0x00,0x00,0x00,0x00,0x00,0x00,0x45,0x29,0x51,0x8C,0x3C,0xE7,0xFF,0xFF,0xFF,0xFF,0xFF,0xFF,0xFF,0xFF,0xFF,0xFF,0xFF,0xFF,0xFF,0xFF,0xFF,0xFF,0x3C,0xE7,0x14,0xA5,0x08,0x42,0x41,0x08,0x00,0x00,0x00,0x00,0x00,0x00,0x00,0x00,0x00,0x00,0x00,0x00,0x00,0x00,0x45,0x29,0x51,0x8C,0x3C,0xE7,0xFF,0xFF,0xFF,0xFF,
	0xFF,0xFF,0xFF,0xFF,0xFF,0xFF,0xFF,0xFF,0xFF,0xFF,0xFF,0xFF,0x39,0xCE,0x8E,0x73,0x45,0x29,0x41,0x08,0x00,0x00,0x00,0x00,0x00,0x00,0x00,0x00,0x00,0x00,0x8E,0x73,0x3C,0xE7,0xFF,0xFF,0x3C,0xE7,0x51,0x8C,0x45,0x29,0x00,0x00,0x00,0x00,0x00,0x00,0x00,0x00,0x00,0x00,0x00,0x00,0x00,0x00,0x00,0x00,0xA3,0x18,0x8E,0x73,0x39,0xCE,
	0xFF,0xFF,0xFF,0xFF,0x39,0xCE,0x08,0x42,0x41,0x08,0x00,0x00,0x00,0x00,0x00,0x00,0x00,0x00,0x00,0x00,0x00,0x00,0x00,0x00,0x00,0x00,0x00,0x00,0x00,0x00,0x41,0x08,0x45,0x29,0xAA,0x52,0x8E,0x73,0x51,0x8C,0x14,0xA5,0x14,0xA5,0x14,0xA5,0x14,0xA5,0x51,0x8C,0x8E,0x73,0xAA,0x52,0x45,0x29,0xA3,0x18,0x00,0x00,0x00,0x00,0x00,0x00,
	0x00,0x00,0x00,0x00,0x00,0x00,0x00,0x00,0x00,0x00,0x00,0x00,0x45,0x29,0xAA,0x52,0x8E,0x73,0x51,0x8C,0x51,0x8C,0x14,0xA5,0x14,0xA5,0x51,0x8C,0x8E,0x73,0x8E,0x73,0xAA,0x52,0x45,0x29,0x00,0x00,0x00,0x00,0x00,0x00,0x00,0x00,0x00,0x00,0x00,0x00,0x00,0x00,0x08,0x42,0x8E,0x73,0x51,0x8C,0x8E,0x73,0x08,0x42,0xA3,0x18,0x00,0x00,
	0x00,0x00,0x00,0x00,0x00,0x00,0x00,0x00,0x00,0x00,0x00,0x00,0x00,0x00,0x41,0x08,0x45,0x29,0x8E,0x73,0x51,0x8C,0x51,0x8C,0x8E,0x73,0x45,0x29,0x41,0x08,0x00,0x00,0x00,0x00,0x00,0x00,0x00,0x00,0x00,0x00,0x00,0x00,0x00,0x00,0x00,0x00,0x00,0x00,0x00,0x00,0x00,0x00,0x00,0x00,0x00,0x00,0x00,0x00,0x45,0x29,0xAA,0x52,0x8E,0x73,
	0x8E,0x73,0xAA,0x52,0x45,0x29,0x41,0x08,0x00,0x00,0x00,0x00,0x00,0x00,0x00,0x00,0x00,0x00,0x00,0x00,0x00,0x00,0x00,0x00,0x00,0x00,0x00,0x00,0x00,0x00,0x00,0x00,0x00,0x00,0x00,0x00,0x00,0x00,0xA3,0x18,0x08,0x42,0x8E,0x73,0xAA,0x52,0x45,0x29,0xA3,0x18,0x00,0x00,0x00,0x00,0x00,0x00,0x00,0x00,0x00,0x00,0x00,0x00,0x00,0x00,
	0x00,0x00,0x00,0x00,0x00,0x00,0xA3,0x18,0x45,0x29,0x45,0x29,0x45,0x29,0xA3,0x18,0x41,0x08,0x00,0x00,0x00,0x00,0x00,0x00,0x00,0x00,0x00,0x00,0x00,0x00,0x00,0x00,0x00,0x00,0x00,0x00,0x00,0x00,0xA3,0x18,0x45,0x29,0x08,0x42,0x45,0x29,0x41,0x08,0x00,0x00,0x00,0x00,0x00,0x00,0x00,0x00,0x00,0x00,0x00,0x00,0x00,0x00,0x00,0x00,
	0x00,0x00,0x00,0x00,

	// Alpha Channel 
	0x00,0x00,0x00,0x00,0x00,0x00,0x00,0xFF,0xFF,0x00,0x00,0x00,0x00,0x00,0x00,0x00,0x00,0x00,0x00,0x00,0x00,0x00,0x00,0x00,0x00,0x00,0x00,0x00,0x00,0x00,0x00,0x00,0x00,0x00,0x00,0x00,0x00,0x00,0x00,0x00,0x00,0x00,0x00,0x00,0x00,0x00,0x00,0x00,0x00,0xFF,0xFF,0x00,0x00,0x00,0x00,0x00,0x00,0x00,0x00,0x00,0x00,0x00,0x00,0x00,
	0x00,0x00,0x00,0x00,0x00,0x00,0x00,0x00,0x00,0x00,0x00,0x00,0x00,0x00,0x00,0xFF,0xFF,0xFF,0xFF,0xFF,0xFF,0xFF,0x00,0x00,0x00,0x00,0x00,0x00,0x00,0x00,0xFF,0xFF,0xFF,0xFF,0x00,0x00,0x00,0x00,0x00,0x00,0x00,0x00,0x00,0x00,0x00,0xFF,0xFF,0xFF,0xFF,0x00,0x00,0x00,0x00,0xFF,0xFF,0xFF,0xFF,0xFF,0x00,0x00,0x00,0x00,0x00,0x00,
	0x00,0x00,0x00,0x00,0x00,0xFF,0xFF,0xFF,0xFF,0x00,0x00,0x00,0x00,0x00,0x00,0x00,0x00,0x00,0x00,0x00,0x00,0x00,0x00,0x00,0xFF,0xFF,0xFF,0xFF,0xFF,0xFF,0xFF,0xFF,0xFF,0xFF,0x00,0x00,0x00,0x00,0x00,0xFF,0xFF,0xFF,0xFF,0xFF,0xFF,0x00,0x00,0x00,0x00,0x00,0x00,0x00,0x00,0x00,0x00,0xFF,0xFF,0xFF,0xFF,0xFF,0xFF,0x00,0x00,0xFF,
	0xFF,0xFF,0xFF,0xFF,0xFF,0x00,0x00,0x00,0x00,0x00,0x00,0x00,0x00,0x00,0xFF,0xFF,0xFF,0xFF,0xFF,0xFF,0x00,0x00,0x00,0x00,0x00,0x00,0x00,0x00,0x00,0x00,0x00,0x00,0xFF,0xFF,0xFF,0xFF,0xFF,0xFF,0xFF,0xFF,0xFF,0xFF,0xFF,0xFF,0xFF,0x00,0x00,0x00,0x00,0xFF,0xFF,0xFF,0xFF,0xFF,0xFF,0x00,0x00,0x00,0x00,0x00,0x00,0x00,0x00,0x00,
	0x00,0xFF,0xFF,0xFF,0xFF,0xFF,0xFF,0x00,0x00,0xFF,0xFF,0xFF,0xFF,0xFF,0xFF,0xFF,0x00,0x00,0x00,0x00,0x00,0x00,0x00,0xFF,0xFF,0xFF,0xFF,0xFF,0xFF,0xFF,0xFF,0x00,0x00,0x00,0x00,0x00,0x00,0x00,0x00,0x00,0x00,0xFF,0xFF,0xFF,0xFF,0xFF,0xFF,0xFF,0xFF,0xFF,0xFF,0xFF,0xFF,0xFF,0xFF,0xFF,0x00,0x00,0x00,0xFF,0xFF,0xFF,0xFF,0xFF,
	0xFF,0x00,0x00,0x00,0x00,0x00,0x00,0x00,0x00,0x00,0x00,0xFF,0xFF,0xFF,0xFF,0xFF,0xFF,0x00,0x00,0xFF,0xFF,0xFF,0xFF,0xFF,0xFF,0xFF,0xFF,0x00,0x00,0x00,0x00,0x00,0x00,0xFF,0xFF,0xFF,0xFF,0xFF,0xFF,0xFF,0xFF,0x00,0x00,0x00,0x00,0x00,0x00,0x00,0x00,0x00,0xFF,0xFF,0xFF,0xFF,0xFF,0xFF,0xFF,0xFF,0xFF,0xFF,0xFF,0xFF,0xFF,0xFF,
	0xFF,0xFF,0xFF,0x00,0x00,0xFF,0xFF,0xFF,0xFF,0xFF,0xFF,0x00,0x00,0x00,0x00,0x00,0x00,0x00,0x00,0x00,0x00,0xFF,0xFF,0xFF,0xFF,0xFF,0xFF,0x00,0x00,0xFF,0xFF,0xFF,0xFF,0xFF,0xFF,0xFF,0xFF,0x00,0x00,0x00,0x00,0x00,0x00,0xFF,0xFF,0xFF,0xFF,0xFF,0xFF,0xFF,0xFF,0x00,0x00,0x00,0x00,0x00,0x00,0x00,0x00,0x00,0xFF,0xFF,0xFF,0xFF,
	0xFF,0xFF,0xFF,0xFF,0xFF,0xFF,0xFF,0xFF,0xFF,0xFF,0xFF,0xFF,0xFF,0x00,0x00,0xFF,0xFF,0xFF,0xFF,0xFF,0xFF,0x00,0x00,0x00,0x00,0x00,0x00,0x00,0x00,0x00,0x00,0xFF,0xFF,0xFF,0xFF,0xFF,0xFF,0x00,0x00,0xFF,0xFF,0xFF,0xFF,0xFF,0xFF,0xFF,0xFF,0xFF,0x00,0x00,0x00,0x00,0x00,0xFF,0xFF,0xFF,0xFF,0xFF,0xFF,0xFF,0xFF,0x00,0x00,0x00,
	0x00,0x00,0x00,0x00,0x00,0x00,0xFF,0xFF,0xFF,0xFF,0xFF,0xFF,0xFF,0x00,0x00,0x00,0x00,0xFF,0xFF,0xFF,0xFF,0xFF,0xFF,0x00,0x00,0xFF,0xFF,0xFF,0xFF,0xFF,0xFF,0x00,0x00,0x00,0x00,0x00,0x00,0x00,0x00,0x00,0x00,0xFF,0xFF,0xFF,0xFF,0xFF,0xFF,0x00,0x00,0xFF,0xFF,0xFF,0xFF,0xFF,0xFF,0xFF,0xFF,0xFF,0xFF,0x00,0x00,0x00,0x00,0xFF,
	0xFF,0xFF,0xFF,0xFF,0xFF,0xFF,0xFF,0x00,0x00,0x00,0x00,0x00,0x00,0x00,0x00,0x00,0xFF,0xFF,0xFF,0xFF,0xFF,0xFF,0x00,0x00,0x00,0x00,0x00,0xFF,0xFF,0xFF,0xFF,0xFF,0xFF,0x00,0x00,0xFF,0xFF,0xFF,0xFF,0xFF,0xFF,0x00,0x00,0x00,0x00,0x00,0x00,0x00,0x00,0x00,0x00,0xFF,0xFF,0xFF,0xFF,0xFF,0xFF,0x00,0x00,0xFF,0xFF,0xFF,0xFF,0xFF,
	0xFF,0xFF,0xFF,0xFF,0xFF,0xFF,0x00,0x00,0x00,0xFF,0xFF,0xFF,0xFF,0xFF,0xFF,0xFF,0xFF,0x00,0x00,0x00,0x00,0x00,0x00,0x00,0x00,0x00,0xFF,0xFF,0xFF,0xFF,0xFF,0xFF,0x00,0x00,0x00,0x00,0x00,0x00,0xFF,0xFF,0xFF,0x00,0x00,0x00,0x00,0xFF,0xFF,0xFF,0xFF,0xFF,0xFF,0x00,0x00,0x00,0x00,0x00,0x00,0x00,0x00,0x00,0x00,0xFF,0xFF,0xFF,
	0xFF,0xFF,0xFF,0x00,0x00,0xFF,0xFF,0xFF,0xFF,0xFF,0xFF,0xFF,0xFF,0xFF,0xFF,0xFF,0x00,0x00,0x00,0xFF,0xFF,0xFF,0xFF,0xFF,0xFF,0xFF,0xFF,0x00,0x00,0x00,0x00,0x00,0x00,0x00,0x00,0x00,0xFF,0xFF,0xFF,0xFF,0xFF,0xFF,0x00,0x00,0x00,0x00,0x00,0x00,0x00,0x00,0x00,0x00,0x00,0x00,0x00,0xFF,0xFF,0xFF,0xFF,0xFF,0xFF,0x00,0x00,0x00,
	0x00,0x00,0x00,0x00,0x00,0x00,0x00,0xFF,0xFF,0xFF,0xFF,0xFF,0xFF,0x00,0x00,0xFF,0xFF,0xFF,0xFF,0xFF,0xFF,0xFF,0xFF,0xFF,0xFF,0xFF,0xFF,0x00,0x00,0xFF,0xFF,0xFF,0xFF,0xFF,0xFF,0xFF,0xFF,0x00,0x00,0x00,0x00,0x00,0x00,0x00,0x00,0x00,0xFF,0xFF,0xFF,0xFF,0xFF,0xFF,0xFF,0xFF,0x00,0x00,0x00,0x00,0x00,0x00,0x00,0x00,0x00,0x00,
	0x00,0xFF,0xFF,0xFF,0xFF,0xFF,0xFF,0x00,0x00,0x00,0x00,0x00,0x00,0x00,0x00,0x00,0x00,0xFF,0xFF,0xFF,0xFF,0xFF,0xFF,0x00,0x00,0xFF,0xFF,0xFF,0xFF,0xFF,0xFF,0xFF,0xFF,0xFF,0xFF,0xFF,0xFF,0x00,0x00,0xFF,0xFF,0xFF,0xFF,0xFF,0xFF,0xFF,0xFF,0x00,0x00,0x00,0x00,0x00,0x00,0x00,0x00,0x00,0xFF,0xFF,0xFF,0xFF,0xFF,0xFF,0xFF,0xFF,
	0xFF,0xFF,0xFF,0xFF,0xFF,0x00,0x00,0x00,0x00,0x00,0x00,0xFF,0xFF,0xFF,0xFF,0xFF,0xFF,0x00,0x00,0x00,0x00,0x00,0x00,0x00,0x00,0x00,0x00,0xFF,0xFF,0xFF,0xFF,0xFF,0xFF,0x00,0x00,0xFF,0xFF,0xFF,0xFF,0xFF,0xFF,0xFF,0xFF,0xFF,0xFF,0xFF,0xFF,0xFF,0x00,0xFF,0xFF,0xFF,0xFF,0xFF,0xFF,0xFF,0xFF,0x00,0x00,0x00,0x00,0x00,0x00,0x00,
	0x00,0x00,0xFF,0xFF,0xFF,0xFF,0xFF,0xFF,0xFF,0xFF,0xFF,0xFF,0xFF,0xFF,0xFF,0xFF,0x00,0x00,0x00,0x00,0x00,0xFF,0xFF,0xFF,0xFF,0xFF,0xFF,0x00,0x00,0x00,0x00,0x00,0x00,0x00,0x00,0x00,0x00,0xFF,0xFF,0xFF,0xFF,0xFF,0xFF,0x00,0x00,0xFF,0xFF,0xFF,0xFF,0xFF,0xFF,0xFF,0xFF,0xFF,0xFF,0xFF,0xFF,0xFF,0xFF,0x00,0xFF,0xFF,0xFF,0xFF,
	0xFF,0xFF,0xFF,0x00,0x00,0x00,0x00,0x00,0x00,0x00,0x00,0x00,0x00,0xFF,0xFF,0xFF,0xFF,0xFF,0xFF,0xFF,0xFF,0xFF,0xFF,0xFF,0xFF,0xFF,0xFF,0xFF,0x00,0x00,0x00,0xFF,0xFF,0xFF,0xFF,0xFF,0xFF,0x00,0x00,0x00,0x00,0x00,0x00,0x00,0x00,0x00,0x00,0xFF,0xFF,0xFF,0xFF,0xFF,0xFF,0x00,0x00,0xFF,0xFF,0xFF,0xFF,0xFF,0xFF,0xFF,0xFF,0xFF,
	0xFF,0xFF,0xFF,0xFF,0xFF,0x00,0xFF,0xFF,0xFF,0xFF,0xFF,0xFF,0xFF,0x00,0x00,0x00,0x00,0x00,0x00,0x00,0x00,0x00,0x00,0x00,0xFF,0xFF,0xFF,0xFF,0xFF,0xFF,0xFF,0xFF,0xFF,0xFF,0xFF,0xFF,0xFF,0xFF,0xFF,0x00,0x00,0xFF,0xFF,0xFF,0xFF,0xFF,0xFF,0x00,0x00,0x00,0x00,0x00,0x00,0x00,0x00,0x00,0x00,0xFF,0xFF,0xFF,0xFF,0xFF,0xFF,0x00,
	0x00,0xFF,0xFF,0xFF,0xFF,0xFF,0xFF,0x00,0xFF,0xFF,0xFF,0xFF,0xFF,0xFF,0xFF,0xFF,0xFF,0xFF,0xFF,0xFF,0xFF,0xFF,0xFF,0x00,0x00,0x00,0x00,0x00,0x00,0x00,0x00,0x00,0x00,0x00,0x00,0xFF,0xFF,0xFF,0xFF,0xFF,0xFF,0xFF,0xFF,0xFF,0xFF,0xFF,0xFF,0xFF,0xFF,0x00,0x00,0xFF,0xFF,0xFF,0xFF,0xFF,0xFF,0x00,0x00,0x00,0x00,0x00,0x00,0x00,
	0x00,0x00,0x00,0xFF,0xFF,0xFF,0xFF,0xFF,0xFF,0x00,0x00,0xFF,0xFF,0xFF,0xFF,0xFF,0xFF,0x00,0x00,0xFF,0xFF,0xFF,0xFF,0xFF,0xFF,0xFF,0xFF,0xFF,0xFF,0xFF,0xFF,0xFF,0xFF,0x00,0x00,0x00,0x00,0x00,0x00,0x00,0x00,0x00,0x00,0x00,0x00,0x00,0x00,0x00,0x00,0xFF,0xFF,0xFF,0xFF,0xFF,0xFF,0xFF,0xFF,0xFF,0xFF,0xFF,0x00,0xFF,0xFF,0xFF,
	0xFF,0xFF,0xFF,0x00,0x00,0x00,0x00,0x00,0x00,0x00,0x00,0x00,0x00,0xFF,0xFF,0xFF,0xFF,0xFF,0xFF,0x00,0x00,0xFF,0xFF,0xFF,0xFF,0xFF,0xFF,0x00,0x00,0xFF,0xFF,0xFF,0xFF,0xFF,0xFF,0xFF,0xFF,0xFF,0xFF,0xFF,0xFF,0xFF,0xFF,0x00,0x00,0x00,0x00,0x00,0x00,0x00,0x00,0x00,0x00,0x00,0x00,0x00,0x00,0x00,0x00,0x00,0x00,0x00,0x00,0xFF,
	0xFF,0xFF,0xFF,0xFF,0xFF,0xFF,0x00,0xFF,0xFF,0xFF,0xFF,0xFF,0xFF,0x00,0x00,0x00,0x00,0x00,0x00,0x00,0x00,0x00,0x00,0xFF,0xFF,0xFF,0xFF,0xFF,0xFF,0x00,0x00,0xFF,0xFF,0xFF,0xFF,0xFF,0xFF,0x00,0x00,0x00,0xFF,0xFF,0xFF,0xFF,0xFF,0xFF,0xFF,0xFF,0xFF,0xFF,0xFF,0xFF,0xFF,0x00,0x00,0x00,0x00,0x00,0x00,0x00,0x00,0x00,0x00,0x00,
	0x00,0x00,0x00,0x00,0x00,0x00,0x00,0x00,0x00,0xFF,0xFF,0xFF,0xFF,0xFF,0xFF,0xFF,0x00,0xFF,0xFF,0xFF,0xFF,0xFF,0xFF,0x00,0x00,0x00,0x00,0x00,0x00,0x00,0x00,0x00,0x00,0xFF,0xFF,0xFF,0xFF,0xFF,0xFF,0x00,0x00,0xFF,0xFF,0xFF,0xFF,0xFF,0xFF,0x00,0x00,0x00,0x00,0xFF,0xFF,0xFF,0xFF,0xFF,0xFF,0xFF,0xFF,0xFF,0xFF,0xFF,0xFF,0x00,
	0x00,0x00,0x00,0x00,0x00,0x00,0x00,0x00,0xFF,0xFF,0xFF,0xFF,0x00,0x00,0x00,0x00,0x00,0x00,0x00,0x00,0xFF,0xFF,0xFF,0xFF,0xFF,0xFF,0x00,0xFF,0xFF,0xFF,0xFF,0xFF,0xFF,0xFF,0x00,0x00,0x00,0x00,0x00,0x00,0x00,0x00,0xFF,0xFF,0xFF,0xFF,0xFF,0xFF,0xFF,0x00,0x00,0xFF,0xFF,0xFF,0xFF,0xFF,0xFF,0x00,0x00,0x00,0x00,0xFF,0xFF,0xFF,
	0xFF,0xFF,0xFF,0xFF,0xFF,0xFF,0xFF,0xFF,0xFF,0x00,0x00,0x00,0x00,0x00,0x00,0x00,0x00,0x00,0xFF,0xFF,0xFF,0xFF,0x00,0x00,0x00,0x00,0x00,0x00,0x00,0xFF,0xFF,0xFF,0xFF,0xFF,0xFF,0xFF,0x00,0x00,0xFF,0xFF,0xFF,0xFF,0xFF,0xFF,0x00,0x00,0x00,0x00,0x00,0x00,0x00,0xFF,0xFF,0xFF,0xFF,0xFF,0xFF,0xFF,0xFF,0x00,0x00,0xFF,0xFF,0xFF,
	0xFF,0xFF,0xFF,0x00,0x00,0x00,0x00,0x00,0xFF,0xFF,0xFF,0xFF,0xFF,0xFF,0xFF,0xFF,0xFF,0xFF,0xFF,0x00,0x00,0x00,0x00,0x00,0x00,0x00,0x00,0x00,0xFF,0xFF,0xFF,0xFF,0xFF,0xFF,0x00,0x00,0x00,0x00,0xFF,0xFF,0xFF,0xFF,0xFF,0xFF,0xFF,0xFF,0x00,0x00,0xFF,0xFF,0xFF,0xFF,0xFF,0xFF,0xFF,0x00,0x00,0x00,0x00,0x00,0xFF,0xFF,0xFF,0xFF,
	0xFF,0xFF,0xFF,0xFF,0x00,0x00,0x00,0xFF,0xFF,0xFF,0xFF,0xFF,0xFF,0x00,0x00,0x00,0x00,0x00,0xFF,0xFF,0xFF,0xFF,0xFF,0xFF,0xFF,0xFF,0xFF,0xFF,0xFF,0x00,0x00,0x00,0x00,0x00,0x00,0x00,0x00,0x00,0xFF,0xFF,0xFF,0xFF,0xFF,0xFF,0xFF,0xFF,0xFF,0xFF,0xFF,0xFF,0xFF,0xFF,0xFF,0xFF,0xFF,0xFF,0x00,0x00,0xFF,0xFF,0xFF,0xFF,0xFF,0xFF,
	0xFF,0xFF,0xFF,0xFF,0xFF,0xFF,0xFF,0xFF,0xFF,0xFF,0xFF,0xFF,0xFF,0xFF,0x00,0x00,0x00,0xFF,0xFF,0xFF,0xFF,0xFF,0xFF,0x00,0x00,0x00,0x00,0x00,0x00,0x00,0xFF,0xFF,0xFF,0xFF,0xFF,0xFF,0xFF,0xFF,0xFF,0x00,0x00,0x00,0x00,0x00,0x00,0x00,0x00,0x00,0xFF,0xFF,0xFF,0xFF,0xFF,0xFF,0xFF,0xFF,0xFF,0xFF,0xFF,0xFF,0xFF,0xFF,0xFF,0xFF,
	0xFF,0x00,0x00,0x00,0xFF,0xFF,0xFF,0xFF,0xFF,0xFF,0xFF,0xFF,0xFF,0xFF,0xFF,0xFF,0xFF,0xFF,0xFF,0xFF,0xFF,0xFF,0xFF,0x00,0x00,0x00,0x00,0xFF,0xFF,0xFF,0xFF,0xFF,0xFF,0x00,0x00,0x00,0x00,0x00,0x00,0x00,0xFF,0xFF,0xFF,0xFF,0xFF,0xFF,0xFF,0xFF,0xFF,0x00,0x00,0x00,0x00,0x00,0x00,0x00,0x00,0x00,0xFF,0xFF,0xFF,0xFF,0xFF,0xFF,
	0xFF,0xFF,0xFF,0xFF,0xFF,0xFF,0xFF,0xFF,0xFF,0xFF,0xFF,0x00,0x00,0x00,0x00,0x00,0xFF,0xFF,0xFF,0xFF,0xFF,0xFF,0xFF,0xFF,0xFF,0xFF,0xFF,0xFF,0xFF,0xFF,0xFF,0xFF,0xFF,0x00,0x00,0x00,0x00,0xFF,0xFF,0xFF,0xFF,0xFF,0xFF,0x00,0x00,0x00,0x00,0x00,0x00,0x00,0x00,0xFF,0xFF,0xFF,0xFF,0xFF,0xFF,0xFF,0xFF,0x00,0x00,0x00,0x00,0x00,
	0x00,0x00,0x00,0x00,0x00,0xFF,0xFF,0xFF,0xFF,0xFF,0xFF,0xFF,0xFF,0xFF,0xFF,0xFF,0xFF,0xFF,0xFF,0xFF,0x00,0x00,0x00,0x00,0x00,0x00,0x00,0xFF,0xFF,0xFF,0xFF,0xFF,0xFF,0xFF,0xFF,0xFF,0xFF,0xFF,0xFF,0xFF,0xFF,0xFF,0x00,0x00,0x00,0x00,0x00,0xFF,0xFF,0xFF,0xFF,0xFF,0xFF,0x00,0x00,0x00,0x00,0x00,0x00,0x00,0x00,0xFF,0xFF,0xFF,
	0xFF,0xFF,0xFF,0xFF,0xFF,0x00,0x00,0x00,0x00,0x00,0x00,0x00,0x00,0x00,0x00,0xFF,0xFF,0xFF,0xFF,0xFF,0xFF,0xFF,0xFF,0xFF,0xFF,0xFF,0xFF,0xFF,0xFF,0x00,0x00,0x00,0x00,0x00,0x00,0x00,0x00,0x00,0xFF,0xFF,0xFF,0xFF,0xFF,0xFF,0xFF,0xFF,0xFF,0xFF,0xFF,0xFF,0x00,0x00,0x00,0x00,0x00,0x00,0x00,0xFF,0xFF,0xFF,0xFF,0xFF,0xFF,0x00,
	0x00,0x00,0x00,0x00,0x00,0x00,0x00,0xFF,0xFF,0xFF,0xFF,0xFF,0xFF,0xFF,0xFF,0x00,0x00,0x00,0x00,0x00,0x00,0x00,0x00,0x00,0x00,0x00,0x00,0x00,0x00,0xFF,0xFF,0xFF,0xFF,0xFF,0xFF,0xFF,0x00,0x00,0x00,0x00,0x00,0x00,0x00,0x00,0x00,0x00,0x00,0x00,0x00,0x00,0x00,0xFF,0xFF,0xFF,0xFF,0xFF,0xFF,0x00,0x00,0x00,0x00,0x00,0x00,0x00,
	0x00,0x00,0x00,0xFF,0xFF,0xFF,0xFF,0xFF,0xFF,0x00,0x00,0x00,0x00,0x00,0x00,0x00,0x00,0x00,0x00,0xFF,0xFF,0xFF,0xFF,0xFF,0x00,0x00,0x00,0x00,0x00,0x00,0x00,0x00,0x00,0x00,
    };
        


const lv_img_dsc_t face_1889_2_390_dial_img_15_118736_6 = {
    .header.magic = LV_IMAGE_HEADER_MAGIC,
    .header.w = 74,
    .header.h = 29,
    .data_size = sizeof(face_1889_2_390_dial_img_15_118736_data_6),
    .header.cf = LV_COLOR_FORMAT_RGB565A8,
    .data = face_1889_2_390_dial_img_15_118736_data_6};

    