
// File generated by bin2lvgl
// developed by fbiego. 
// https://github.com/fbiego
// Watchface: 1889_2_390

#include "../1889_2_390.h"

#ifndef LV_ATTRIBUTE_MEM_ALIGN
#define LV_ATTRIBUTE_MEM_ALIGN
#endif


// LVGL 9 format (RGB565) // LVGL_9 compatible 
const LV_ATTRIBUTE_MEM_ALIGN uint8_t face_1889_2_390_dial_img_13_96484_data_0[] = {
	//RGB565 data 
	0x00,0x00,0x00,0x00,0x00,0x00,0x00,0x00,0x00,0x00,0x00,0x00,0x00,0x00,0x00,0x00,0x00,0x00,0x00,0x00,0x00,0x00,0x00,0x00,0x00,0x00,0x00,0x00,0x00,0x00,0x00,0x00,0x00,0x00,0x00,0x00,0x00,0x00,0x00,0x00,0x00,0x00,0x00,0x00,0x00,0x00,0x00,0x00,0x00,0x00,0x00,0x00,0x00,0x00,0x00,0x00,0x00,0x00,0x00,0x00,0x00,0x00,0x00,0x00,
	0x00,0x00,0x00,0x00,0x00,0x00,0x00,0x00,0x00,0x00,0x00,0x00,0x00,0x00,0x00,0x00,0x20,0x00,0x61,0x08,0xA2,0x10,0xC3,0x18,0xE3,0x18,0x04,0x21,0x24,0x21,0x44,0x21,0x44,0x21,0x44,0x21,0x65,0x29,0x86,0x31,0x86,0x31,0x65,0x29,0x44,0x21,0x44,0x21,0x44,0x21,0x24,0x21,0x04,0x21,0xE3,0x18,0xC3,0x18,0xA2,0x10,0x61,0x08,0x20,0x00,
	0x00,0x00,0x00,0x00,0x00,0x00,0x00,0x00,0x00,0x00,0x00,0x00,0x00,0x00,0x00,0x00,0x00,0x00,0x00,0x00,0x00,0x00,0x00,0x00,0x00,0x00,0x00,0x00,0x00,0x00,0x00,0x00,0x00,0x00,0x00,0x00,0x00,0x00,0x00,0x00,0x00,0x00,0x00,0x00,0x00,0x00,0x00,0x00,0x00,0x00,0x00,0x00,0x00,0x00,0x00,0x00,0x00,0x00,0x00,0x00,0x00,0x00,0x00,0x00,
	0x00,0x00,0x00,0x00,0x00,0x00,0x00,0x00,0x00,0x00,0x00,0x00,0x00,0x00,0x00,0x00,0x00,0x00,0x00,0x00,0x00,0x00,0x00,0x00,0x00,0x00,0x00,0x00,0x00,0x00,0x00,0x00,0x00,0x00,0x00,0x00,0x00,0x00,0x00,0x00,0x00,0x00,0x00,0x00,0x00,0x00,0x00,0x00,0x00,0x00,0x00,0x00,0x00,0x00,0x00,0x00,0x00,0x00,0x00,0x00,0x00,0x00,0x00,0x00,
	0x00,0x00,0x00,0x00,0x00,0x00,0x00,0x00,0x00,0x00,0x00,0x00,0x00,0x00,0x00,0x00,0x00,0x00,0x00,0x00,0x00,0x00,0x00,0x00,0x40,0x00,0x61,0x08,0x82,0x10,0xA2,0x10,0xC2,0x10,0xE3,0x18,0xE3,0x18,0x04,0x21,0x24,0x21,0x24,0x21,0x44,0x21,0x65,0x29,0x65,0x29,0x65,0x29,0x65,0x29,0x86,0x31,0x86,0x31,0x65,0x29,0x65,0x29,0x65,0x29,
	0x65,0x29,0x44,0x21,0x24,0x21,0x24,0x21,0x04,0x21,0xE3,0x18,0xE3,0x18,0xC2,0x10,0xA2,0x10,0x82,0x10,0x61,0x08,0x40,0x00,0x00,0x00,0x00,0x00,0x00,0x00,0x00,0x00,0x00,0x00,0x00,0x00,0x00,0x00,0x00,0x00,0x00,0x00,0x00,0x00,0x00,0x00,0x00,0x00,0x00,0x00,0x00,0x00,0x00,0x00,0x00,0x00,0x00,0x00,0x00,0x00,0x00,0x00,0x00,0x00,
	0x00,0x00,0x00,0x00,0x00,0x00,0x00,0x00,0x00,0x00,0x00,0x00,0x00,0x00,0x00,0x00,0x00,0x00,0x00,0x00,0x00,0x00,0x00,0x00,0x00,0x00,0x00,0x00,0x00,0x00,0x00,0x00,0x00,0x00,0x00,0x00,0x00,0x00,0x00,0x00,0x00,0x00,0x00,0x00,0x00,0x00,0x00,0x00,0x00,0x00,0x00,0x00,0x00,0x00,0x00,0x00,0x00,0x00,0x00,0x00,0x00,0x00,0x00,0x00,
	0x00,0x00,0x00,0x00,0x00,0x00,0x00,0x00,0x00,0x00,0x00,0x00,0x00,0x00,0x00,0x00,0x00,0x00,0x00,0x00,0x00,0x00,0x00,0x00,0x00,0x00,0x00,0x00,0x00,0x00,0x00,0x00,0x00,0x00,0x00,0x00,0x20,0x00,0x61,0x08,0xC2,0x10,0x04,0x21,0x45,0x29,0x86,0x31,0x86,0x31,0x86,0x31,0x86,0x31,0x86,0x31,0x86,0x31,0x86,0x31,0x86,0x31,0x86,0x31,
	0x86,0x31,0x86,0x31,0x86,0x31,0x86,0x31,0x86,0x31,0x86,0x31,0x86,0x31,0x86,0x31,0x86,0x31,0x86,0x31,0x86,0x31,0x86,0x31,0x86,0x31,0x86,0x31,0x86,0x31,0x86,0x31,0x86,0x31,0x45,0x29,0x04,0x21,0xC2,0x10,0x61,0x08,0x20,0x00,0x00,0x00,0x00,0x00,0x00,0x00,0x00,0x00,0x00,0x00,0x00,0x00,0x00,0x00,0x00,0x00,0x00,0x00,0x00,0x00,
	0x00,0x00,0x00,0x00,0x00,0x00,0x00,0x00,0x00,0x00,0x00,0x00,0x00,0x00,0x00,0x00,0x00,0x00,0x00,0x00,0x00,0x00,0x00,0x00,0x00,0x00,0x00,0x00,0x00,0x00,0x00,0x00,0x00,0x00,0x00,0x00,0x00,0x00,0x00,0x00,0x00,0x00,0x00,0x00,0x00,0x00,0x00,0x00,0x00,0x00,0x00,0x00,0x00,0x00,0x00,0x00,0x00,0x00,0x00,0x00,0x00,0x00,0x00,0x00,
	0x00,0x00,0x00,0x00,0x00,0x00,0x00,0x00,0x00,0x00,0x00,0x00,0x00,0x00,0x00,0x00,0x00,0x00,0x00,0x00,0x00,0x00,0x00,0x00,0x00,0x00,0x00,0x00,0x00,0x00,0x00,0x00,0x00,0x00,0x00,0x00,0x00,0x00,0x00,0x00,0x00,0x00,0x00,0x00,0x00,0x00,0x41,0x08,0xA2,0x10,0xE3,0x18,0x04,0x21,0x24,0x21,0x45,0x29,0x65,0x29,0x86,0x31,0x86,0x31,
	0x86,0x31,0x86,0x31,0x86,0x31,0x86,0x31,0x86,0x31,0x86,0x31,0x86,0x31,0x86,0x31,0x86,0x31,0x86,0x31,0x86,0x31,0x86,0x31,0x86,0x31,0x86,0x31,0x86,0x31,0x86,0x31,0x86,0x31,0x86,0x31,0x86,0x31,0x86,0x31,0x86,0x31,0x86,0x31,0x86,0x31,0x86,0x31,0x86,0x31,0x86,0x31,0x65,0x29,0x45,0x29,0x24,0x21,0x04,0x21,0xE3,0x18,0xA2,0x10,
	0x41,0x08,0x00,0x00,0x00,0x00,0x00,0x00,0x00,0x00,0x00,0x00,0x00,0x00,0x00,0x00,0x00,0x00,0x00,0x00,0x00,0x00,0x00,0x00,0x00,0x00,0x00,0x00,0x00,0x00,0x00,0x00,0x00,0x00,0x00,0x00,0x00,0x00,0x00,0x00,0x00,0x00,0x00,0x00,0x00,0x00,0x00,0x00,0x00,0x00,0x00,0x00,0x00,0x00,0x00,0x00,0x00,0x00,0x00,0x00,0x00,0x00,0x00,0x00,
	0x00,0x00,0x00,0x00,0x00,0x00,0x00,0x00,0x00,0x00,0x00,0x00,0x00,0x00,0x00,0x00,0x00,0x00,0x00,0x00,0x00,0x00,0x00,0x00,0x00,0x00,0x00,0x00,0x00,0x00,0x00,0x00,0x00,0x00,0x00,0x00,0x00,0x00,0x00,0x00,0x00,0x00,0x00,0x00,0x00,0x00,0x00,0x00,0x00,0x00,0x00,0x00,0x00,0x00,0x00,0x00,0x20,0x00,0x40,0x00,0x61,0x08,0xC3,0x18,
	0x24,0x21,0x65,0x29,0x86,0x31,0x86,0x31,0x86,0x31,0x86,0x31,0x86,0x31,0x86,0x31,0x86,0x31,0x86,0x31,0x86,0x31,0x86,0x31,0x86,0x31,0x86,0x31,0x86,0x31,0x86,0x31,0x86,0x31,0x86,0x31,0x86,0x31,0x86,0x31,0x86,0x31,0x86,0x31,0x86,0x31,0x86,0x31,0x86,0x31,0x86,0x31,0x86,0x31,0x86,0x31,0x86,0x31,0x86,0x31,0x86,0x31,0x86,0x31,
	0x86,0x31,0x86,0x31,0x86,0x31,0x86,0x31,0x86,0x31,0x86,0x31,0x65,0x29,0x24,0x21,0xC3,0x18,0x61,0x08,0x40,0x00,0x20,0x00,0x00,0x00,0x00,0x00,0x00,0x00,0x00,0x00,0x00,0x00,0x00,0x00,0x00,0x00,0x00,0x00,0x00,0x00,0x00,0x00,0x00,0x00,0x00,0x00,0x00,0x00,0x00,0x00,0x00,0x00,0x00,0x00,0x00,0x00,0x00,0x00,0x00,0x00,0x00,0x00,
	0x00,0x00,0x00,0x00,0x00,0x00,0x00,0x00,0x00,0x00,0x00,0x00,0x00,0x00,0x00,0x00,0x00,0x00,0x00,0x00,0x00,0x00,0x00,0x00,0x00,0x00,0x00,0x00,0x00,0x00,0x00,0x00,0x00,0x00,0x00,0x00,0x00,0x00,0x00,0x00,0x00,0x00,0x00,0x00,0x00,0x00,0x00,0x00,0x00,0x00,0x00,0x00,0x00,0x00,0x00,0x00,0x00,0x00,0x00,0x00,0x00,0x00,0x00,0x00,
	0x00,0x00,0x00,0x00,0x00,0x00,0x40,0x00,0xC2,0x10,0x24,0x21,0x45,0x29,0x65,0x29,0x66,0x31,0x86,0x31,0x86,0x31,0x86,0x31,0x86,0x31,0x86,0x31,0x86,0x31,0x86,0x31,0x86,0x31,0x86,0x31,0x86,0x31,0x86,0x31,0x86,0x31,0x86,0x31,0x86,0x31,0x86,0x31,0x86,0x31,0x86,0x31,0x86,0x31,0x86,0x31,0x86,0x31,0x86,0x31,0x86,0x31,0x86,0x31,
	0x86,0x31,0x86,0x31,0x86,0x31,0x86,0x31,0x86,0x31,0x86,0x31,0x86,0x31,0x86,0x31,0x86,0x31,0x86,0x31,0x86,0x31,0x86,0x31,0x86,0x31,0x86,0x31,0x86,0x31,0x66,0x31,0x65,0x29,0x45,0x29,0x24,0x21,0xC2,0x10,0x40,0x00,0x00,0x00,0x00,0x00,0x00,0x00,0x00,0x00,0x00,0x00,0x00,0x00,0x00,0x00,0x00,0x00,0x00,0x00,0x00,0x00,0x00,0x00,
	0x00,0x00,0x00,0x00,0x00,0x00,0x00,0x00,0x00,0x00,0x00,0x00,0x00,0x00,0x00,0x00,0x00,0x00,0x00,0x00,0x00,0x00,0x00,0x00,0x00,0x00,0x00,0x00,0x00,0x00,0x00,0x00,0x00,0x00,0x00,0x00,0x00,0x00,0x00,0x00,0x00,0x00,0x00,0x00,0x00,0x00,0x00,0x00,0x00,0x00,0x00,0x00,0x00,0x00,0x00,0x00,0x00,0x00,0x00,0x00,0x00,0x00,0x00,0x00,
	0x00,0x00,0x00,0x00,0x00,0x00,0x00,0x00,0x00,0x00,0x00,0x00,0x00,0x00,0x00,0x00,0x00,0x00,0x41,0x08,0xA2,0x10,0xE3,0x18,0x24,0x21,0x65,0x29,0x86,0x31,0x86,0x31,0x86,0x31,0x86,0x31,0x86,0x31,0x86,0x31,0x86,0x31,0x86,0x31,0x86,0x31,0x86,0x31,0x86,0x31,0x86,0x31,0x86,0x31,0x86,0x31,0x86,0x31,0x86,0x31,0x86,0x31,0x86,0x31,
	0x86,0x31,0x86,0x31,0x86,0x31,0x86,0x31,0x86,0x31,0x86,0x31,0x86,0x31,0x86,0x31,0x86,0x31,0x86,0x31,0x86,0x31,0x86,0x31,0x86,0x31,0x86,0x31,0x86,0x31,0x86,0x31,0x86,0x31,0x86,0x31,0x86,0x31,0x86,0x31,0x86,0x31,0x86,0x31,0x86,0x31,0x86,0x31,0x86,0x31,0x86,0x31,0x65,0x29,0x24,0x21,0xE3,0x18,0xA2,0x10,0x41,0x08,0x00,0x00,
	0x00,0x00,0x00,0x00,0x00,0x00,0x00,0x00,0x00,0x00,0x00,0x00,0x00,0x00,0x00,0x00,0x00,0x00,0x00,0x00,0x00,0x00,0x00,0x00,0x00,0x00,0x00,0x00,0x00,0x00,0x00,0x00,0x00,0x00,0x00,0x00,0x00,0x00,0x00,0x00,0x00,0x00,0x00,0x00,0x00,0x00,0x00,0x00,0x00,0x00,0x00,0x00,0x00,0x00,0x00,0x00,0x00,0x00,0x00,0x00,0x00,0x00,0x00,0x00,
	0x00,0x00,0x00,0x00,0x00,0x00,0x00,0x00,0x00,0x00,0x00,0x00,0x00,0x00,0x00,0x00,0x00,0x00,0x00,0x00,0x00,0x00,0x00,0x00,0x00,0x00,0x00,0x00,0x00,0x00,0x00,0x00,0x61,0x08,0xC2,0x10,0x44,0x21,0x86,0x31,0x86,0x31,0x86,0x31,0x86,0x31,0x86,0x31,0x86,0x31,0x86,0x31,0x86,0x31,0x86,0x31,0x86,0x31,0x86,0x31,0x86,0x31,0x86,0x31,
	0x86,0x31,0x86,0x31,0x86,0x31,0x86,0x31,0x86,0x31,0x86,0x31,0x86,0x31,0x86,0x31,0x86,0x31,0x86,0x31,0x86,0x31,0x86,0x31,0x86,0x31,0x86,0x31,0x86,0x31,0x86,0x31,0x86,0x31,0x86,0x31,0x86,0x31,0x86,0x31,0x86,0x31,0x86,0x31,0x86,0x31,0x86,0x31,0x86,0x31,0x86,0x31,0x86,0x31,0x86,0x31,0x86,0x31,0x86,0x31,0x86,0x31,0x86,0x31,
	0x86,0x31,0x86,0x31,0x86,0x31,0x86,0x31,0x86,0x31,0x44,0x21,0xC2,0x10,0x61,0x08,0x00,0x00,0x00,0x00,0x00,0x00,0x00,0x00,0x00,0x00,0x00,0x00,0x00,0x00,0x00,0x00,0x00,0x00,0x00,0x00,0x00,0x00,0x00,0x00,0x00,0x00,0x00,0x00,0x00,0x00,0x00,0x00,0x00,0x00,0x00,0x00,0x00,0x00,0x00,0x00,0x00,0x00,0x00,0x00,0x00,0x00,0x00,0x00,
	0x00,0x00,0x00,0x00,0x00,0x00,0x00,0x00,0x00,0x00,0x00,0x00,0x00,0x00,0x00,0x00,0x00,0x00,0x00,0x00,0x00,0x00,0x00,0x00,0x00,0x00,0x00,0x00,0x00,0x00,0x00,0x00,0x00,0x00,0x00,0x00,0x00,0x00,0x00,0x00,0x00,0x00,0x00,0x00,0x20,0x00,0xC3,0x18,0x24,0x21,0x45,0x29,0x65,0x29,0x86,0x31,0x86,0x31,0x86,0x31,0x86,0x31,0x86,0x31,
	0x86,0x31,0x86,0x31,0x86,0x31,0x86,0x31,0x86,0x31,0x86,0x31,0x86,0x31,0x86,0x31,0x86,0x31,0x86,0x31,0x86,0x31,0x86,0x31,0x86,0x31,0x86,0x31,0x86,0x31,0x86,0x31,0x86,0x31,0x86,0x31,0x86,0x31,0x86,0x31,0x86,0x31,0x86,0x31,0x86,0x31,0x86,0x31,0x86,0x31,0x86,0x31,0x86,0x31,0x86,0x31,0x86,0x31,0x86,0x31,0x86,0x31,0x86,0x31,
	0x86,0x31,0x86,0x31,0x86,0x31,0x86,0x31,0x86,0x31,0x86,0x31,0x86,0x31,0x86,0x31,0x86,0x31,0x86,0x31,0x86,0x31,0x86,0x31,0x86,0x31,0x65,0x29,0x45,0x29,0x24,0x21,0xC3,0x18,0x20,0x00,0x00,0x00,0x00,0x00,0x00,0x00,0x00,0x00,0x00,0x00,0x00,0x00,0x00,0x00,0x00,0x00,0x00,0x00,0x00,0x00,0x00,0x00,0x00,0x00,0x00,0x00,0x00,0x00,
	0x00,0x00,0x00,0x00,0x00,0x00,0x00,0x00,0x00,0x00,0x00,0x00,0x00,0x00,0x00,0x00,0x00,0x00,0x00,0x00,0x00,0x00,0x00,0x00,0x00,0x00,0x00,0x00,0x00,0x00,0x00,0x00,0x00,0x00,0x00,0x00,0x00,0x00,0x00,0x00,0x00,0x00,0x00,0x00,0x00,0x00,0x00,0x00,0x00,0x00,0x00,0x00,0x00,0x00,0x00,0x00,0x20,0x00,0x61,0x08,0xC2,0x10,0x44,0x21,
	0x86,0x31,0x86,0x31,0x86,0x31,0x86,0x31,0x86,0x31,0x86,0x31,0x86,0x31,0x86,0x31,0x86,0x31,0x86,0x31,0x86,0x31,0x86,0x31,0x86,0x31,0x86,0x31,0x86,0x31,0x86,0x31,0x86,0x31,0x86,0x31,0x86,0x31,0x86,0x31,0x86,0x31,0x86,0x31,0x86,0x31,0x86,0x31,0x86,0x31,0x86,0x31,0x86,0x31,0x86,0x31,0x86,0x31,0x86,0x31,0x86,0x31,0x86,0x31,
	0x86,0x31,0x86,0x31,0x86,0x31,0x86,0x31,0x86,0x31,0x86,0x31,0x86,0x31,0x86,0x31,0x86,0x31,0x86,0x31,0x86,0x31,0x86,0x31,0x86,0x31,0x86,0x31,0x86,0x31,0x86,0x31,0x86,0x31,0x86,0x31,0x86,0x31,0x86,0x31,0x86,0x31,0x86,0x31,0x86,0x31,0x86,0x31,0x44,0x21,0xC2,0x10,0x61,0x08,0x20,0x00,0x00,0x00,0x00,0x00,0x00,0x00,0x00,0x00,
	0x00,0x00,0x00,0x00,0x00,0x00,0x00,0x00,0x00,0x00,0x00,0x00,0x00,0x00,0x00,0x00,0x00,0x00,0x00,0x00,0x00,0x00,0x00,0x00,0x00,0x00,0x00,0x00,0x00,0x00,0x00,0x00,0x00,0x00,0x00,0x00,0x00,0x00,0x00,0x00,0x00,0x00,0x00,0x00,0x00,0x00,0x00,0x00,0x00,0x00,0x00,0x00,0x00,0x00,0x00,0x00,0x00,0x00,0x00,0x00,0x00,0x00,0x00,0x00,
	0x00,0x00,0x00,0x00,0x00,0x00,0x20,0x00,0xA2,0x10,0x24,0x21,0x65,0x29,0x86,0x31,0x86,0x31,0x86,0x31,0x86,0x31,0x86,0x31,0x86,0x31,0x86,0x31,0x86,0x31,0x86,0x31,0x86,0x31,0x86,0x31,0x86,0x31,0x86,0x31,0x86,0x31,0x86,0x31,0x86,0x31,0x86,0x31,0x86,0x31,0x86,0x31,0x86,0x31,0x86,0x31,0x86,0x31,0x86,0x31,0x86,0x31,0x86,0x31,
	0x86,0x31,0x86,0x31,0x86,0x31,0x86,0x31,0x86,0x31,0x86,0x31,0x86,0x31,0x86,0x31,0x86,0x31,0x86,0x31,0x86,0x31,0x86,0x31,0x86,0x31,0x86,0x31,0x86,0x31,0x86,0x31,0x86,0x31,0x86,0x31,0x86,0x31,0x86,0x31,0x86,0x31,0x86,0x31,0x86,0x31,0x86,0x31,0x86,0x31,0x86,0x31,0x86,0x31,0x86,0x31,0x86,0x31,0x86,0x31,0x86,0x31,0x86,0x31,
	0x86,0x31,0x65,0x29,0x24,0x21,0xA2,0x10,0x20,0x00,0x00,0x00,0x00,0x00,0x00,0x00,0x00,0x00,0x00,0x00,0x00,0x00,0x00,0x00,0x00,0x00,0x00,0x00,0x00,0x00,0x00,0x00,0x00,0x00,0x00,0x00,0x00,0x00,0x00,0x00,0x00,0x00,0x00,0x00,0x00,0x00,0x00,0x00,0x00,0x00,0x00,0x00,0x00,0x00,0x00,0x00,0x00,0x00,0x00,0x00,0x00,0x00,0x00,0x00,
	0x00,0x00,0x00,0x00,0x00,0x00,0x00,0x00,0x00,0x00,0x00,0x00,0x00,0x00,0x00,0x00,0x00,0x00,0x00,0x00,0x61,0x08,0xC3,0x18,0x24,0x21,0x65,0x29,0x86,0x31,0x86,0x31,0x86,0x31,0x86,0x31,0x86,0x31,0x86,0x31,0x86,0x31,0x86,0x31,0x86,0x31,0x86,0x31,0x86,0x31,0x86,0x31,0x86,0x31,0x86,0x31,0x86,0x31,0x65,0x29,0x45,0x29,0x25,0x29,
	0x24,0x21,0x04,0x21,0x04,0x21,0x04,0x21,0x04,0x21,0x04,0x21,0x24,0x21,0x25,0x29,0x45,0x29,0x66,0x31,0x86,0x31,0x86,0x31,0x86,0x31,0x86,0x31,0x86,0x31,0x86,0x31,0x86,0x31,0x66,0x31,0x45,0x29,0x25,0x29,0x24,0x21,0x24,0x21,0x04,0x21,0x04,0x21,0x04,0x21,0x04,0x21,0x24,0x21,0x24,0x21,0x45,0x29,0x65,0x29,0x86,0x31,0x86,0x31,
	0x86,0x31,0x86,0x31,0x86,0x31,0x86,0x31,0x86,0x31,0x86,0x31,0x86,0x31,0x86,0x31,0x86,0x31,0x86,0x31,0x65,0x29,0x24,0x21,0xC3,0x18,0x61,0x08,0x00,0x00,0x00,0x00,0x00,0x00,0x00,0x00,0x00,0x00,0x00,0x00,0x00,0x00,0x00,0x00,0x00,0x00,0x00,0x00,0x00,0x00,0x00,0x00,0x00,0x00,0x00,0x00,0x00,0x00,0x00,0x00,0x00,0x00,0x00,0x00,
	0x00,0x00,0x00,0x00,0x00,0x00,0x00,0x00,0x00,0x00,0x00,0x00,0x00,0x00,0x00,0x00,0x00,0x00,0x00,0x00,0x00,0x00,0x00,0x00,0x00,0x00,0x00,0x00,0x00,0x00,0x00,0x00,0x00,0x00,0x61,0x08,0xC3,0x18,0x45,0x29,0x86,0x31,0x86,0x31,0x86,0x31,0x86,0x31,0x86,0x31,0x86,0x31,0x86,0x31,0x86,0x31,0x86,0x31,0x86,0x31,0x86,0x31,0x86,0x31,
	0x86,0x31,0x86,0x31,0x86,0x31,0x66,0x31,0x65,0x29,0x86,0x31,0xC7,0x39,0xC7,0x39,0x49,0x4A,0x49,0x4A,0x49,0x4A,0x8A,0x52,0x8A,0x52,0x49,0x4A,0x49,0x4A,0xC7,0x39,0xC7,0x39,0x86,0x31,0x65,0x29,0x66,0x31,0x86,0x31,0x86,0x31,0x86,0x31,0x66,0x31,0x65,0x29,0x86,0x31,0x86,0x31,0xC7,0x39,0x49,0x4A,0x49,0x4A,0x8A,0x52,0x8A,0x52,
	0x8A,0x52,0x49,0x4A,0x49,0x4A,0x49,0x4A,0xC7,0x39,0x86,0x31,0x65,0x29,0x65,0x29,0x86,0x31,0x86,0x31,0x86,0x31,0x86,0x31,0x86,0x31,0x86,0x31,0x86,0x31,0x86,0x31,0x86,0x31,0x86,0x31,0x86,0x31,0x86,0x31,0x45,0x29,0xC3,0x18,0x61,0x08,0x00,0x00,0x00,0x00,0x00,0x00,0x00,0x00,0x00,0x00,0x00,0x00,0x00,0x00,0x00,0x00,0x00,0x00,
	0x00,0x00,0x00,0x00,0x00,0x00,0x00,0x00,0x00,0x00,0x00,0x00,0x00,0x00,0x00,0x00,0x00,0x00,0x00,0x00,0x00,0x00,0x00,0x00,0x00,0x00,0x00,0x00,0x00,0x00,0x00,0x00,0x00,0x00,0x00,0x00,0x00,0x00,0x00,0x00,0x00,0x00,0x00,0x00,0x00,0x00,0x00,0x00,0x82,0x10,0x04,0x21,0x45,0x29,0x86,0x31,0x86,0x31,0x86,0x31,0x86,0x31,0x86,0x31,
	0x86,0x31,0x86,0x31,0x86,0x31,0x86,0x31,0x86,0x31,0x86,0x31,0x86,0x31,0x86,0x31,0x86,0x31,0x86,0x31,0x86,0x31,0x45,0x29,0x24,0x21,0xC7,0x39,0xEB,0x5A,0x92,0x94,0xD7,0xBD,0xBA,0xD6,0xFB,0xDE,0x1C,0xE7,0x1C,0xE7,0xBA,0xD6,0xD7,0xBD,0x92,0x94,0xEB,0x5A,0x86,0x31,0x45,0x29,0x45,0x29,0x66,0x31,0x86,0x31,0x86,0x31,0x45,0x29,
	0x65,0x29,0x86,0x31,0xEB,0x5A,0x92,0x94,0xD7,0xBD,0xBA,0xD6,0x1C,0xE7,0x1C,0xE7,0xFB,0xDE,0xBA,0xD6,0xD7,0xBD,0xF4,0xA4,0xAF,0x7B,0x49,0x4A,0x45,0x29,0x25,0x29,0x66,0x31,0x86,0x31,0x86,0x31,0x86,0x31,0x86,0x31,0x86,0x31,0x86,0x31,0x86,0x31,0x86,0x31,0x86,0x31,0x86,0x31,0x86,0x31,0x86,0x31,0x45,0x29,0x04,0x21,0x82,0x10,
	0x00,0x00,0x00,0x00,0x00,0x00,0x00,0x00,0x00,0x00,0x00,0x00,0x00,0x00,0x00,0x00,0x00,0x00,0x00,0x00,0x00,0x00,0x00,0x00,0x00,0x00,0x00,0x00,0x00,0x00,0x00,0x00,0x00,0x00,0x00,0x00,0x00,0x00,0x00,0x00,0x00,0x00,0x00,0x00,0x00,0x00,0x00,0x00,0x00,0x00,0x00,0x00,0x00,0x00,0x00,0x00,0x00,0x00,0x00,0x00,0x00,0x00,0x61,0x08,
	0x04,0x21,0x65,0x29,0x86,0x31,0x86,0x31,0x86,0x31,0x86,0x31,0x86,0x31,0x86,0x31,0x86,0x31,0x86,0x31,0x86,0x31,0x86,0x31,0x86,0x31,0x86,0x31,0x86,0x31,0x86,0x31,0x86,0x31,0x65,0x29,0x65,0x29,0xC7,0x39,0xAF,0x7B,0x92,0x94,0xD7,0xBD,0xBA,0xD6,0x7D,0xEF,0xFF,0xFF,0xFF,0xFF,0xFF,0xFF,0xFF,0xFF,0xFF,0xFF,0xBE,0xF7,0xFB,0xDE,
	0xD7,0xBD,0x92,0x94,0xEB,0x5A,0x49,0x4A,0x65,0x29,0x25,0x29,0x45,0x29,0xC7,0x39,0xEB,0x5A,0x92,0x94,0xF4,0xA4,0xBA,0xD6,0x7D,0xEF,0xFF,0xFF,0xFF,0xFF,0xFF,0xFF,0xFF,0xFF,0xFF,0xFF,0xBE,0xF7,0xFB,0xDE,0xD7,0xBD,0xF4,0xA4,0xAF,0x7B,0x49,0x4A,0x65,0x29,0x65,0x29,0x66,0x31,0x86,0x31,0x86,0x31,0x86,0x31,0x86,0x31,0x86,0x31,
	0x86,0x31,0x86,0x31,0x86,0x31,0x86,0x31,0x86,0x31,0x86,0x31,0x65,0x29,0x04,0x21,0x61,0x08,0x00,0x00,0x00,0x00,0x00,0x00,0x00,0x00,0x00,0x00,0x00,0x00,0x00,0x00,0x00,0x00,0x00,0x00,0x00,0x00,0x00,0x00,0x00,0x00,0x00,0x00,0x00,0x00,0x00,0x00,0x00,0x00,0x00,0x00,0x00,0x00,0x00,0x00,0x00,0x00,0x00,0x00,0x00,0x00,0x00,0x00,
	0x00,0x00,0x00,0x00,0x00,0x00,0x00,0x00,0x00,0x00,0x00,0x00,0x61,0x08,0x04,0x21,0x65,0x29,0x86,0x31,0x86,0x31,0x86,0x31,0x86,0x31,0x86,0x31,0x86,0x31,0x86,0x31,0x86,0x31,0x86,0x31,0x86,0x31,0x86,0x31,0x86,0x31,0x86,0x31,0x86,0x31,0x86,0x31,0x66,0x31,0x86,0x31,0xC7,0x39,0xAF,0x7B,0xBA,0xD6,0xBE,0xF7,0xFF,0xFF,0xFF,0xFF,
	0xFF,0xFF,0xFF,0xFF,0xFF,0xFF,0xFF,0xFF,0xFF,0xFF,0xFF,0xFF,0xFF,0xFF,0xFF,0xFF,0xFF,0xFF,0xFF,0xFF,0xD7,0xBD,0xAF,0x7B,0xC7,0x39,0x25,0x29,0x86,0x31,0xEB,0x5A,0xF4,0xA4,0x7D,0xEF,0xFF,0xFF,0xFF,0xFF,0xFF,0xFF,0xFF,0xFF,0xFF,0xFF,0xFF,0xFF,0xFF,0xFF,0xFF,0xFF,0xFF,0xFF,0xFF,0xFF,0xFF,0xFF,0xFF,0xFF,0xFB,0xDE,0x92,0x94,
	0xC7,0x39,0x86,0x31,0x66,0x31,0x86,0x31,0x86,0x31,0x86,0x31,0x86,0x31,0x86,0x31,0x86,0x31,0x86,0x31,0x86,0x31,0x86,0x31,0x86,0x31,0x86,0x31,0x86,0x31,0x65,0x29,0x04,0x21,0x61,0x08,0x00,0x00,0x00,0x00,0x00,0x00,0x00,0x00,0x00,0x00,0x00,0x00,0x00,0x00,0x00,0x00,0x00,0x00,0x00,0x00,0x00,0x00,0x00,0x00,0x00,0x00,0x00,0x00,
	0x00,0x00,0x00,0x00,0x00,0x00,0x00,0x00,0x00,0x00,0x00,0x00,0x00,0x00,0x00,0x00,0x00,0x00,0x00,0x00,0x00,0x00,0x00,0x00,0x00,0x00,0x82,0x10,0x04,0x21,0x65,0x29,0x86,0x31,0x86,0x31,0x86,0x31,0x86,0x31,0x86,0x31,0x86,0x31,0x86,0x31,0x86,0x31,0x86,0x31,0x86,0x31,0x86,0x31,0x86,0x31,0x86,0x31,0x86,0x31,0x86,0x31,0x86,0x31,
	0x45,0x29,0xC7,0x39,0x92,0x94,0xBA,0xD6,0xBE,0xF7,0xFF,0xFF,0xFF,0xFF,0xFF,0xFF,0xFF,0xFF,0xFF,0xFF,0xFF,0xFF,0xFF,0xFF,0xFF,0xFF,0xFF,0xFF,0xFF,0xFF,0xFF,0xFF,0xFF,0xFF,0xFF,0xFF,0x7D,0xEF,0xBA,0xD6,0xAF,0x7B,0xEB,0x5A,0xAF,0x7B,0xD7,0xBD,0x1C,0xE7,0xFF,0xFF,0xFF,0xFF,0xFF,0xFF,0xFF,0xFF,0xFF,0xFF,0xFF,0xFF,0xFF,0xFF,
	0xFF,0xFF,0xFF,0xFF,0xFF,0xFF,0xFF,0xFF,0xFF,0xFF,0xFF,0xFF,0xBE,0xF7,0xFB,0xDE,0xF4,0xA4,0x8A,0x52,0x44,0x21,0x86,0x31,0x86,0x31,0x86,0x31,0x86,0x31,0x86,0x31,0x86,0x31,0x86,0x31,0x86,0x31,0x86,0x31,0x86,0x31,0x86,0x31,0x86,0x31,0x86,0x31,0x65,0x29,0x04,0x21,0x82,0x10,0x00,0x00,0x00,0x00,0x00,0x00,0x00,0x00,0x00,0x00,
	0x00,0x00,0x00,0x00,0x00,0x00,0x00,0x00,0x00,0x00,0x00,0x00,0x00,0x00,0x00,0x00,0x00,0x00,0x00,0x00,0x00,0x00,0x00,0x00,0x00,0x00,0x00,0x00,0x00,0x00,0x00,0x00,0x00,0x00,0x00,0x00,0x00,0x00,0x00,0x00,0x41,0x08,0x04,0x21,0x65,0x29,0x86,0x31,0x86,0x31,0x86,0x31,0x86,0x31,0x86,0x31,0x86,0x31,0x86,0x31,0x86,0x31,0x86,0x31,
	0x86,0x31,0x86,0x31,0x86,0x31,0x86,0x31,0x86,0x31,0x86,0x31,0x66,0x31,0x45,0x29,0xC7,0x39,0xAF,0x7B,0xBA,0xD6,0xFF,0xFF,0xFF,0xFF,0xFF,0xFF,0xFF,0xFF,0xFF,0xFF,0xFF,0xFF,0xFF,0xFF,0xFF,0xFF,0xFF,0xFF,0xFF,0xFF,0xFF,0xFF,0xFF,0xFF,0xFF,0xFF,0xFF,0xFF,0xFF,0xFF,0xFF,0xFF,0xFF,0xFF,0xD7,0xBD,0xD7,0xBD,0xD7,0xBD,0x7D,0xEF,
	0xFF,0xFF,0xFF,0xFF,0xFF,0xFF,0xFF,0xFF,0xFF,0xFF,0xFF,0xFF,0xFF,0xFF,0xFF,0xFF,0xFF,0xFF,0xFF,0xFF,0xFF,0xFF,0xFF,0xFF,0xFF,0xFF,0xFF,0xFF,0xFF,0xFF,0xFF,0xFF,0x7D,0xEF,0x92,0x94,0x49,0x4A,0x66,0x31,0x65,0x29,0x86,0x31,0x86,0x31,0x86,0x31,0x86,0x31,0x86,0x31,0x86,0x31,0x86,0x31,0x86,0x31,0x86,0x31,0x86,0x31,0x86,0x31,
	0x86,0x31,0x65,0x29,0x04,0x21,0x41,0x08,0x00,0x00,0x00,0x00,0x00,0x00,0x00,0x00,0x00,0x00,0x00,0x00,0x00,0x00,0x00,0x00,0x00,0x00,0x00,0x00,0x00,0x00,0x00,0x00,0x00,0x00,0x00,0x00,0x00,0x00,0x00,0x00,0x00,0x00,0x00,0x00,0x00,0x00,0x00,0x00,0x00,0x00,0x00,0x00,0x00,0x00,0x61,0x08,0xC3,0x18,0x45,0x29,0x86,0x31,0x86,0x31,
	0x86,0x31,0x86,0x31,0x86,0x31,0x86,0x31,0x86,0x31,0x86,0x31,0x86,0x31,0x86,0x31,0x86,0x31,0x86,0x31,0x86,0x31,0x86,0x31,0x86,0x31,0x86,0x31,0x45,0x29,0x25,0x29,0xAF,0x7B,0xBA,0xD6,0xBE,0xF7,0xFF,0xFF,0xFF,0xFF,0xFF,0xFF,0xFF,0xFF,0xFF,0xFF,0xFF,0xFF,0xFF,0xFF,0xFF,0xFF,0xFF,0xFF,0xFF,0xFF,0xFF,0xFF,0xFF,0xFF,0xFF,0xFF,
	0xFF,0xFF,0xFF,0xFF,0xFF,0xFF,0xFF,0xFF,0xBE,0xF7,0xBE,0xF7,0xBE,0xF7,0xFF,0xFF,0xFF,0xFF,0xFF,0xFF,0xFF,0xFF,0xFF,0xFF,0xFF,0xFF,0xFF,0xFF,0xFF,0xFF,0xFF,0xFF,0xFF,0xFF,0xFF,0xFF,0xFF,0xFF,0xFF,0xFF,0xFF,0xFF,0xFF,0xFF,0xFF,0xFF,0xFF,0xFF,0xFF,0xFF,0xFB,0xDE,0x92,0x94,0x86,0x31,0x25,0x29,0x86,0x31,0x86,0x31,0x86,0x31,
	0x86,0x31,0x86,0x31,0x86,0x31,0x86,0x31,0x86,0x31,0x86,0x31,0x86,0x31,0x86,0x31,0x86,0x31,0x86,0x31,0x45,0x29,0xC3,0x18,0x61,0x08,0x00,0x00,0x00,0x00,0x00,0x00,0x00,0x00,0x00,0x00,0x00,0x00,0x00,0x00,0x00,0x00,0x00,0x00,0x00,0x00,0x00,0x00,0x00,0x00,0x00,0x00,0x00,0x00,0x00,0x00,0x00,0x00,0x00,0x00,0x00,0x00,0x00,0x00,
	0x00,0x00,0x00,0x00,0x20,0x00,0xC3,0x18,0x45,0x29,0x86,0x31,0x86,0x31,0x86,0x31,0x86,0x31,0x86,0x31,0x86,0x31,0x86,0x31,0x86,0x31,0x86,0x31,0x86,0x31,0x86,0x31,0x86,0x31,0x86,0x31,0x86,0x31,0x86,0x31,0x86,0x31,0x65,0x29,0x86,0x31,0x49,0x4A,0xF4,0xA4,0xBE,0xF7,0xFF,0xFF,0xFF,0xFF,0xFF,0xFF,0xFF,0xFF,0xFF,0xFF,0xFF,0xFF,
	0xFF,0xFF,0xFF,0xFF,0xFF,0xFF,0xFF,0xFF,0xFF,0xFF,0xFF,0xFF,0xFF,0xFF,0xFF,0xFF,0xFF,0xFF,0xFF,0xFF,0xFF,0xFF,0xFF,0xFF,0xFF,0xFF,0xFF,0xFF,0xFF,0xFF,0xFF,0xFF,0xFF,0xFF,0xFF,0xFF,0xFF,0xFF,0xFF,0xFF,0xFF,0xFF,0xFF,0xFF,0xFF,0xFF,0xFF,0xFF,0xFF,0xFF,0xFF,0xFF,0xFF,0xFF,0xFF,0xFF,0xFF,0xFF,0xFF,0xFF,0xFF,0xFF,0xFF,0xFF,
	0xFF,0xFF,0xBE,0xF7,0xD7,0xBD,0x8A,0x52,0x86,0x31,0x65,0x29,0x86,0x31,0x86,0x31,0x86,0x31,0x86,0x31,0x86,0x31,0x86,0x31,0x86,0x31,0x86,0x31,0x86,0x31,0x86,0x31,0x86,0x31,0x86,0x31,0x86,0x31,0x45,0x29,0xC3,0x18,0x20,0x00,0x00,0x00,0x00,0x00,0x00,0x00,0x00,0x00,0x00,0x00,0x00,0x00,0x00,0x00,0x00,0x00,0x00,0x00,0x00,0x00,
	0x00,0x00,0x00,0x00,0x00,0x00,0x00,0x00,0x00,0x00,0x00,0x00,0x00,0x00,0x00,0x00,0x00,0x00,0x20,0x00,0xA2,0x10,0x24,0x21,0x86,0x31,0x86,0x31,0x86,0x31,0x86,0x31,0x86,0x31,0x86,0x31,0x86,0x31,0x86,0x31,0x86,0x31,0x86,0x31,0x86,0x31,0x86,0x31,0x86,0x31,0x86,0x31,0x86,0x31,0x86,0x31,0x86,0x31,0x45,0x29,0xC7,0x39,0xAF,0x7B,
	0xD7,0xBD,0xFF,0xFF,0xFF,0xFF,0xFF,0xFF,0xFF,0xFF,0xFF,0xFF,0xFF,0xFF,0xFF,0xFF,0xFF,0xFF,0xFF,0xFF,0xFF,0xFF,0xFF,0xFF,0xFF,0xFF,0xFF,0xFF,0xFF,0xFF,0xFF,0xFF,0xFF,0xFF,0xFF,0xFF,0xFF,0xFF,0xFF,0xFF,0xFF,0xFF,0xFF,0xFF,0xFF,0xFF,0xFF,0xFF,0xFF,0xFF,0xFF,0xFF,0xFF,0xFF,0xFF,0xFF,0xFF,0xFF,0xFF,0xFF,0xFF,0xFF,0xFF,0xFF,
	0xFF,0xFF,0xFF,0xFF,0xFF,0xFF,0xFF,0xFF,0xFF,0xFF,0xFF,0xFF,0xFF,0xFF,0xFF,0xFF,0xFF,0xFF,0xFF,0xFF,0xFB,0xDE,0xAF,0x7B,0x49,0x4A,0x45,0x29,0x66,0x31,0x86,0x31,0x86,0x31,0x86,0x31,0x86,0x31,0x86,0x31,0x86,0x31,0x86,0x31,0x86,0x31,0x86,0x31,0x86,0x31,0x86,0x31,0x86,0x31,0x86,0x31,0x24,0x21,0xA2,0x10,0x20,0x00,0x00,0x00,
	0x00,0x00,0x00,0x00,0x00,0x00,0x00,0x00,0x00,0x00,0x00,0x00,0x00,0x00,0x00,0x00,0x00,0x00,0x00,0x00,0x00,0x00,0x00,0x00,0x00,0x00,0x00,0x00,0x00,0x00,0x00,0x00,0x00,0x00,0x61,0x08,0x24,0x21,0x65,0x29,0x86,0x31,0x86,0x31,0x86,0x31,0x86,0x31,0x86,0x31,0x86,0x31,0x86,0x31,0x86,0x31,0x86,0x31,0x86,0x31,0x86,0x31,0x86,0x31,
	0x86,0x31,0x86,0x31,0x86,0x31,0x86,0x31,0x86,0x31,0x25,0x29,0x49,0x4A,0xF4,0xA4,0xFB,0xDE,0xFF,0xFF,0xFF,0xFF,0xFF,0xFF,0xFF,0xFF,0xFF,0xFF,0xFF,0xFF,0xFF,0xFF,0xFF,0xFF,0xFF,0xFF,0xFF,0xFF,0xFF,0xFF,0xFF,0xFF,0xFF,0xFF,0xFF,0xFF,0xFF,0xFF,0xFF,0xFF,0xFF,0xFF,0xFF,0xFF,0xFF,0xFF,0xFF,0xFF,0xFF,0xFF,0xFF,0xFF,0xFF,0xFF,
	0xFF,0xFF,0xFF,0xFF,0xFF,0xFF,0xFF,0xFF,0xFF,0xFF,0xFF,0xFF,0xFF,0xFF,0xFF,0xFF,0xFF,0xFF,0xFF,0xFF,0xFF,0xFF,0xFF,0xFF,0xFF,0xFF,0xFF,0xFF,0xFF,0xFF,0xFF,0xFF,0xFF,0xFF,0xFF,0xFF,0x7D,0xEF,0xD7,0xBD,0xEB,0x5A,0x25,0x29,0x65,0x29,0x86,0x31,0x86,0x31,0x86,0x31,0x86,0x31,0x86,0x31,0x86,0x31,0x86,0x31,0x86,0x31,0x86,0x31,
	0x86,0x31,0x86,0x31,0x86,0x31,0x86,0x31,0x65,0x29,0x24,0x21,0x61,0x08,0x00,0x00,0x00,0x00,0x00,0x00,0x00,0x00,0x00,0x00,0x00,0x00,0x00,0x00,0x00,0x00,0x00,0x00,0x00,0x00,0x00,0x00,0x00,0x00,0x00,0x00,0x00,0x00,0x00,0x00,0x00,0x00,0x00,0x00,0x40,0x00,0xC2,0x10,0x65,0x29,0x86,0x31,0x86,0x31,0x86,0x31,0x86,0x31,0x86,0x31,
	0x86,0x31,0x86,0x31,0x86,0x31,0x86,0x31,0x86,0x31,0x86,0x31,0x86,0x31,0x86,0x31,0x86,0x31,0x86,0x31,0x86,0x31,0x86,0x31,0x86,0x31,0x24,0x21,0x8A,0x52,0xD7,0xBD,0x7D,0xEF,0xFF,0xFF,0xFF,0xFF,0xFF,0xFF,0xFF,0xFF,0xFF,0xFF,0xFF,0xFF,0xFF,0xFF,0xFF,0xFF,0xFF,0xFF,0xFF,0xFF,0xFF,0xFF,0xFF,0xFF,0xFF,0xFF,0xFF,0xFF,0xFF,0xFF,
	0xFF,0xFF,0xFF,0xFF,0xFF,0xFF,0xFF,0xFF,0xFF,0xFF,0xFF,0xFF,0xFF,0xFF,0xFF,0xFF,0xFF,0xFF,0xFF,0xFF,0xFF,0xFF,0xFF,0xFF,0xFF,0xFF,0xFF,0xFF,0xFF,0xFF,0xFF,0xFF,0xFF,0xFF,0xFF,0xFF,0xFF,0xFF,0xFF,0xFF,0xFF,0xFF,0xFF,0xFF,0xFF,0xFF,0xFF,0xFF,0xFF,0xFF,0xFF,0xFF,0xBE,0xF7,0xBA,0xD6,0xAF,0x7B,0x24,0x21,0x65,0x29,0x86,0x31,
	0x86,0x31,0x86,0x31,0x86,0x31,0x86,0x31,0x86,0x31,0x86,0x31,0x86,0x31,0x86,0x31,0x86,0x31,0x86,0x31,0x86,0x31,0x86,0x31,0x86,0x31,0x65,0x29,0xC2,0x10,0x40,0x00,0x00,0x00,0x00,0x00,0x00,0x00,0x00,0x00,0x00,0x00,0x00,0x00,0x00,0x00,0x00,0x00,0x00,0x00,0x00,0x00,0x00,0x00,0x00,0x00,0x00,0x00,0x00,0x00,0x00,0x00,0x00,0x00,
	0xC3,0x18,0x44,0x21,0x86,0x31,0x86,0x31,0x86,0x31,0x86,0x31,0x86,0x31,0x86,0x31,0x86,0x31,0x86,0x31,0x86,0x31,0x86,0x31,0x86,0x31,0x86,0x31,0x86,0x31,0x86,0x31,0x86,0x31,0x86,0x31,0x86,0x31,0x86,0x31,0x86,0x31,0x04,0x21,0xEB,0x5A,0xFB,0xDE,0xFF,0xFF,0xFF,0xFF,0xFF,0xFF,0xFF,0xFF,0xFF,0xFF,0xFF,0xFF,0xFF,0xFF,0xFF,0xFF,
	0xFF,0xFF,0xFF,0xFF,0xFF,0xFF,0xFF,0xFF,0xFF,0xFF,0xFF,0xFF,0xFF,0xFF,0xFF,0xFF,0xFF,0xFF,0xFF,0xFF,0xFF,0xFF,0xFF,0xFF,0xFF,0xFF,0xFF,0xFF,0xFF,0xFF,0xFF,0xFF,0xFF,0xFF,0xFF,0xFF,0xFF,0xFF,0xFF,0xFF,0xFF,0xFF,0xFF,0xFF,0xFF,0xFF,0xFF,0xFF,0xFF,0xFF,0xFF,0xFF,0xFF,0xFF,0xFF,0xFF,0xFF,0xFF,0xFF,0xFF,0xFF,0xFF,0xFF,0xFF,
	0xFF,0xFF,0xFF,0xFF,0xFF,0xFF,0x7D,0xEF,0xAF,0x7B,0x24,0x21,0x65,0x29,0x86,0x31,0x86,0x31,0x86,0x31,0x86,0x31,0x86,0x31,0x86,0x31,0x86,0x31,0x86,0x31,0x86,0x31,0x86,0x31,0x86,0x31,0x86,0x31,0x86,0x31,0x86,0x31,0x86,0x31,0x44,0x21,0xC3,0x18,0x00,0x00,0x00,0x00,0x00,0x00,0x00,0x00,0x00,0x00,0x00,0x00,0x00,0x00,0x00,0x00,
	0x00,0x00,0x00,0x00,0x00,0x00,0x00,0x00,0x00,0x00,0x00,0x00,0x00,0x00,0x61,0x08,0x24,0x21,0x86,0x31,0x86,0x31,0x86,0x31,0x86,0x31,0x86,0x31,0x86,0x31,0x86,0x31,0x86,0x31,0x86,0x31,0x86,0x31,0x86,0x31,0x86,0x31,0x86,0x31,0x86,0x31,0x86,0x31,0x86,0x31,0x86,0x31,0x86,0x31,0x86,0x31,0x86,0x31,0x04,0x21,0xEB,0x5A,0x7D,0xEF,
	0xFF,0xFF,0xFF,0xFF,0xFF,0xFF,0xFF,0xFF,0xFF,0xFF,0xFF,0xFF,0xFF,0xFF,0xFF,0xFF,0xFF,0xFF,0xFF,0xFF,0xFF,0xFF,0xFF,0xFF,0xFF,0xFF,0xFF,0xFF,0xFF,0xFF,0xFF,0xFF,0xFF,0xFF,0xFF,0xFF,0xFF,0xFF,0xFF,0xFF,0xFF,0xFF,0xFF,0xFF,0xFF,0xFF,0xFF,0xFF,0xFF,0xFF,0xFF,0xFF,0xFF,0xFF,0xFF,0xFF,0xFF,0xFF,0xFF,0xFF,0xFF,0xFF,0xFF,0xFF,
	0xFF,0xFF,0xFF,0xFF,0xFF,0xFF,0xFF,0xFF,0xFF,0xFF,0xFF,0xFF,0xFF,0xFF,0xFF,0xFF,0xFF,0xFF,0xFF,0xFF,0xFF,0xFF,0xFF,0xFF,0xAF,0x7B,0x24,0x21,0x65,0x29,0x86,0x31,0x86,0x31,0x86,0x31,0x86,0x31,0x86,0x31,0x86,0x31,0x86,0x31,0x86,0x31,0x86,0x31,0x86,0x31,0x86,0x31,0x86,0x31,0x86,0x31,0x86,0x31,0x86,0x31,0x86,0x31,0x24,0x21,
	0x61,0x08,0x00,0x00,0x00,0x00,0x00,0x00,0x00,0x00,0x00,0x00,0x00,0x00,0x00,0x00,0x00,0x00,0x00,0x00,0x00,0x00,0x00,0x00,0x00,0x00,0x00,0x00,0x40,0x00,0xC2,0x10,0x45,0x29,0x86,0x31,0x86,0x31,0x86,0x31,0x86,0x31,0x86,0x31,0x86,0x31,0x86,0x31,0x86,0x31,0x86,0x31,0x86,0x31,0x86,0x31,0x86,0x31,0x86,0x31,0x86,0x31,0x86,0x31,
	0x86,0x31,0x86,0x31,0x86,0x31,0x86,0x31,0x86,0x31,0x04,0x21,0xEB,0x5A,0x7D,0xEF,0xFF,0xFF,0xFF,0xFF,0xFF,0xFF,0xFF,0xFF,0xFF,0xFF,0xFF,0xFF,0xFF,0xFF,0xFF,0xFF,0xFF,0xFF,0xFF,0xFF,0xFF,0xFF,0xFF,0xFF,0xFF,0xFF,0xFF,0xFF,0xFF,0xFF,0xFF,0xFF,0xFF,0xFF,0xFF,0xFF,0xFF,0xFF,0xFF,0xFF,0xFF,0xFF,0xFF,0xFF,0xFF,0xFF,0xFF,0xFF,
	0xFF,0xFF,0xFF,0xFF,0xFF,0xFF,0xFF,0xFF,0xFF,0xFF,0xFF,0xFF,0xFF,0xFF,0xFF,0xFF,0xFF,0xFF,0xFF,0xFF,0xFF,0xFF,0xFF,0xFF,0xFF,0xFF,0xFF,0xFF,0xFF,0xFF,0xFF,0xFF,0xFF,0xFF,0xFF,0xFF,0xFF,0xFF,0xFF,0xFF,0xAF,0x7B,0x24,0x21,0x65,0x29,0x86,0x31,0x86,0x31,0x86,0x31,0x86,0x31,0x86,0x31,0x86,0x31,0x86,0x31,0x86,0x31,0x86,0x31,
	0x86,0x31,0x86,0x31,0x86,0x31,0x86,0x31,0x86,0x31,0x86,0x31,0x86,0x31,0x45,0x29,0xC2,0x10,0x40,0x00,0x00,0x00,0x00,0x00,0x00,0x00,0x00,0x00,0x00,0x00,0x00,0x00,0x00,0x00,0x00,0x00,0x00,0x00,0x00,0x00,0x00,0x00,0x00,0x00,0xA2,0x10,0x44,0x21,0x65,0x29,0x86,0x31,0x86,0x31,0x86,0x31,0x86,0x31,0x86,0x31,0x86,0x31,0x86,0x31,
	0x86,0x31,0x86,0x31,0x86,0x31,0x86,0x31,0x86,0x31,0x86,0x31,0x86,0x31,0x86,0x31,0x86,0x31,0x86,0x31,0x86,0x31,0x86,0x31,0x86,0x31,0x04,0x21,0xEB,0x5A,0x7D,0xEF,0xFF,0xFF,0xFF,0xFF,0xFF,0xFF,0xFF,0xFF,0xFF,0xFF,0xFF,0xFF,0xFF,0xFF,0xFF,0xFF,0xFF,0xFF,0xFF,0xFF,0xFF,0xFF,0xFF,0xFF,0xFF,0xFF,0xFF,0xFF,0xFF,0xFF,0xFF,0xFF,
	0xFF,0xFF,0xFF,0xFF,0xFF,0xFF,0xFF,0xFF,0xFF,0xFF,0xFF,0xFF,0xFF,0xFF,0xFF,0xFF,0xFF,0xFF,0xFF,0xFF,0xFF,0xFF,0xFF,0xFF,0xFF,0xFF,0xFF,0xFF,0xFF,0xFF,0xFF,0xFF,0xFF,0xFF,0xFF,0xFF,0xFF,0xFF,0xFF,0xFF,0xFF,0xFF,0xFF,0xFF,0xFF,0xFF,0xFF,0xFF,0xFF,0xFF,0xFF,0xFF,0xFF,0xFF,0xFF,0xFF,0xAF,0x7B,0x24,0x21,0x65,0x29,0x86,0x31,
	0x86,0x31,0x86,0x31,0x86,0x31,0x86,0x31,0x86,0x31,0x86,0x31,0x86,0x31,0x86,0x31,0x86,0x31,0x86,0x31,0x86,0x31,0x86,0x31,0x86,0x31,0x86,0x31,0x86,0x31,0x65,0x29,0x44,0x21,0xA2,0x10,0x00,0x00,0x00,0x00,0x00,0x00,0x00,0x00,0x00,0x00,0x00,0x00,0x00,0x00,0x00,0x00,0x00,0x00,0x00,0x00,0x00,0x00,0x40,0x00,0xE3,0x18,0x86,0x31,
	0x86,0x31,0x86,0x31,0x86,0x31,0x86,0x31,0x86,0x31,0x86,0x31,0x86,0x31,0x86,0x31,0x86,0x31,0x86,0x31,0x86,0x31,0x86,0x31,0x86,0x31,0x86,0x31,0x86,0x31,0x86,0x31,0x86,0x31,0x86,0x31,0x86,0x31,0x86,0x31,0x86,0x31,0x04,0x21,0xEB,0x5A,0x1C,0xE7,0xFF,0xFF,0xFF,0xFF,0xFF,0xFF,0xFF,0xFF,0xFF,0xFF,0xFF,0xFF,0xFF,0xFF,0xFF,0xFF,
	0xFF,0xFF,0xFF,0xFF,0xFF,0xFF,0xFF,0xFF,0xFF,0xFF,0xFF,0xFF,0xFF,0xFF,0xFF,0xFF,0xFF,0xFF,0xFF,0xFF,0xFF,0xFF,0xFF,0xFF,0xFF,0xFF,0xFF,0xFF,0xFF,0xFF,0xFF,0xFF,0xFF,0xFF,0xFF,0xFF,0xFF,0xFF,0xFF,0xFF,0xFF,0xFF,0xFF,0xFF,0xFF,0xFF,0xFF,0xFF,0xFF,0xFF,0xFF,0xFF,0xFF,0xFF,0xFF,0xFF,0xFF,0xFF,0xFF,0xFF,0xFF,0xFF,0xFF,0xFF,
	0xFF,0xFF,0xFF,0xFF,0xFF,0xFF,0xBE,0xF7,0xAF,0x7B,0x24,0x21,0x65,0x29,0x86,0x31,0x86,0x31,0x86,0x31,0x86,0x31,0x86,0x31,0x86,0x31,0x86,0x31,0x86,0x31,0x86,0x31,0x86,0x31,0x86,0x31,0x86,0x31,0x86,0x31,0x86,0x31,0x86,0x31,0x86,0x31,0x86,0x31,0x86,0x31,0xE3,0x18,0x40,0x00,0x00,0x00,0x00,0x00,0x00,0x00,0x00,0x00,0x00,0x00,
	0x00,0x00,0x00,0x00,0x00,0x00,0x00,0x00,0x20,0x00,0xC2,0x10,0x24,0x21,0x86,0x31,0x86,0x31,0x86,0x31,0x86,0x31,0x86,0x31,0x86,0x31,0x86,0x31,0x86,0x31,0x86,0x31,0x86,0x31,0x86,0x31,0x86,0x31,0x86,0x31,0x86,0x31,0x86,0x31,0x86,0x31,0x86,0x31,0x86,0x31,0x86,0x31,0x86,0x31,0x86,0x31,0x86,0x31,0x24,0x21,0x8A,0x52,0xD7,0xBD,
	0xBE,0xF7,0xFF,0xFF,0xFF,0xFF,0xFF,0xFF,0xFF,0xFF,0xFF,0xFF,0xFF,0xFF,0xFF,0xFF,0xFF,0xFF,0xFF,0xFF,0xFF,0xFF,0xFF,0xFF,0xFF,0xFF,0xFF,0xFF,0xFF,0xFF,0xFF,0xFF,0xFF,0xFF,0xFF,0xFF,0xFF,0xFF,0xFF,0xFF,0xFF,0xFF,0xFF,0xFF,0xFF,0xFF,0xFF,0xFF,0xFF,0xFF,0xFF,0xFF,0xFF,0xFF,0xFF,0xFF,0xFF,0xFF,0xFF,0xFF,0xFF,0xFF,0xFF,0xFF,
	0xFF,0xFF,0xFF,0xFF,0xFF,0xFF,0xFF,0xFF,0xFF,0xFF,0xFF,0xFF,0xFF,0xFF,0xFF,0xFF,0xFF,0xFF,0xFF,0xFF,0xBE,0xF7,0xBA,0xD6,0xAF,0x7B,0x24,0x21,0x65,0x29,0x86,0x31,0x86,0x31,0x86,0x31,0x86,0x31,0x86,0x31,0x86,0x31,0x86,0x31,0x86,0x31,0x86,0x31,0x86,0x31,0x86,0x31,0x86,0x31,0x86,0x31,0x86,0x31,0x86,0x31,0x86,0x31,0x86,0x31,
	0x86,0x31,0x24,0x21,0xC2,0x10,0x20,0x00,0x00,0x00,0x00,0x00,0x00,0x00,0x00,0x00,0x00,0x00,0x00,0x00,0x00,0x00,0x00,0x00,0x40,0x00,0x04,0x21,0x65,0x29,0x86,0x31,0x86,0x31,0x86,0x31,0x86,0x31,0x86,0x31,0x86,0x31,0x86,0x31,0x86,0x31,0x86,0x31,0x86,0x31,0x86,0x31,0x86,0x31,0x86,0x31,0x86,0x31,0x86,0x31,0x86,0x31,0x86,0x31,
	0x86,0x31,0x86,0x31,0x86,0x31,0x86,0x31,0x86,0x31,0x24,0x21,0x49,0x4A,0xF4,0xA4,0x1C,0xE7,0xFF,0xFF,0xFF,0xFF,0xFF,0xFF,0xFF,0xFF,0xFF,0xFF,0xFF,0xFF,0xFF,0xFF,0xFF,0xFF,0xFF,0xFF,0xFF,0xFF,0xFF,0xFF,0xFF,0xFF,0xFF,0xFF,0xFF,0xFF,0xFF,0xFF,0xFF,0xFF,0xFF,0xFF,0xFF,0xFF,0xFF,0xFF,0xFF,0xFF,0xFF,0xFF,0xFF,0xFF,0xFF,0xFF,
	0xFF,0xFF,0xFF,0xFF,0xFF,0xFF,0xFF,0xFF,0xFF,0xFF,0xFF,0xFF,0xFF,0xFF,0xFF,0xFF,0xFF,0xFF,0xFF,0xFF,0xFF,0xFF,0xFF,0xFF,0xFF,0xFF,0xFF,0xFF,0xFF,0xFF,0xFF,0xFF,0xFF,0xFF,0xFF,0xFF,0x7D,0xEF,0xD7,0xBD,0xEB,0x5A,0x45,0x29,0x66,0x31,0x86,0x31,0x86,0x31,0x86,0x31,0x86,0x31,0x86,0x31,0x86,0x31,0x86,0x31,0x86,0x31,0x86,0x31,
	0x86,0x31,0x86,0x31,0x86,0x31,0x86,0x31,0x86,0x31,0x86,0x31,0x86,0x31,0x86,0x31,0x86,0x31,0x65,0x29,0x04,0x21,0x40,0x00,0x00,0x00,0x00,0x00,0x00,0x00,0x00,0x00,0x00,0x00,0x00,0x00,0x00,0x00,0x00,0x00,0x61,0x08,0x45,0x29,0x86,0x31,0x86,0x31,0x86,0x31,0x86,0x31,0x86,0x31,0x86,0x31,0x86,0x31,0x86,0x31,0x86,0x31,0x86,0x31,
	0x86,0x31,0x86,0x31,0x86,0x31,0x86,0x31,0x86,0x31,0x86,0x31,0x86,0x31,0x86,0x31,0x86,0x31,0x86,0x31,0x86,0x31,0x86,0x31,0x86,0x31,0x45,0x29,0xC7,0x39,0xAF,0x7B,0xD7,0xBD,0xFF,0xFF,0xFF,0xFF,0xFF,0xFF,0xFF,0xFF,0xFF,0xFF,0xFF,0xFF,0xFF,0xFF,0xFF,0xFF,0xFF,0xFF,0xFF,0xFF,0xFF,0xFF,0xFF,0xFF,0xFF,0xFF,0xFF,0xFF,0xFF,0xFF,
	0xFF,0xFF,0xFF,0xFF,0xFF,0xFF,0xFF,0xFF,0xFF,0xFF,0xFF,0xFF,0xFF,0xFF,0xFF,0xFF,0xFF,0xFF,0xFF,0xFF,0xFF,0xFF,0xFF,0xFF,0xFF,0xFF,0xFF,0xFF,0xFF,0xFF,0xFF,0xFF,0xFF,0xFF,0xFF,0xFF,0xFF,0xFF,0xFF,0xFF,0xFF,0xFF,0xFF,0xFF,0xFF,0xFF,0xFF,0xFF,0xFF,0xFF,0xFF,0xFF,0xFB,0xDE,0xAF,0x7B,0x49,0x4A,0x45,0x29,0x66,0x31,0x86,0x31,
	0x86,0x31,0x86,0x31,0x86,0x31,0x86,0x31,0x86,0x31,0x86,0x31,0x86,0x31,0x86,0x31,0x86,0x31,0x86,0x31,0x86,0x31,0x86,0x31,0x86,0x31,0x86,0x31,0x86,0x31,0x86,0x31,0x86,0x31,0x86,0x31,0x45,0x29,0x61,0x08,0x00,0x00,0x00,0x00,0x00,0x00,0x00,0x00,0x00,0x00,0x00,0x00,0x00,0x00,0x41,0x08,0xC3,0x18,0x65,0x29,0x86,0x31,0x86,0x31,
	0x86,0x31,0x86,0x31,0x86,0x31,0x86,0x31,0x86,0x31,0x86,0x31,0x86,0x31,0x86,0x31,0x86,0x31,0x86,0x31,0x86,0x31,0x86,0x31,0x86,0x31,0x86,0x31,0x86,0x31,0x86,0x31,0x86,0x31,0x86,0x31,0x86,0x31,0x86,0x31,0x86,0x31,0x65,0x29,0x86,0x31,0xC7,0x39,0xF4,0xA4,0xFF,0xFF,0xFF,0xFF,0xFF,0xFF,0xFF,0xFF,0xFF,0xFF,0xFF,0xFF,0xFF,0xFF,
	0xFF,0xFF,0xFF,0xFF,0xFF,0xFF,0xFF,0xFF,0xFF,0xFF,0xFF,0xFF,0xFF,0xFF,0xFF,0xFF,0xFF,0xFF,0xFF,0xFF,0xFF,0xFF,0xFF,0xFF,0xFF,0xFF,0xFF,0xFF,0xFF,0xFF,0xFF,0xFF,0xFF,0xFF,0xFF,0xFF,0xFF,0xFF,0xFF,0xFF,0xFF,0xFF,0xFF,0xFF,0xFF,0xFF,0xFF,0xFF,0xFF,0xFF,0xFF,0xFF,0xFF,0xFF,0xFF,0xFF,0xFF,0xFF,0xFF,0xFF,0xFF,0xFF,0xFF,0xFF,
	0xFF,0xFF,0xFF,0xFF,0xD7,0xBD,0x49,0x4A,0x86,0x31,0x66,0x31,0x86,0x31,0x86,0x31,0x86,0x31,0x86,0x31,0x86,0x31,0x86,0x31,0x86,0x31,0x86,0x31,0x86,0x31,0x86,0x31,0x86,0x31,0x86,0x31,0x86,0x31,0x86,0x31,0x86,0x31,0x86,0x31,0x86,0x31,0x86,0x31,0x86,0x31,0x86,0x31,0x65,0x29,0xC3,0x18,0x41,0x08,0x00,0x00,0x00,0x00,0x00,0x00,
	0x00,0x00,0x00,0x00,0x00,0x00,0xA2,0x10,0x24,0x21,0x66,0x31,0x86,0x31,0x86,0x31,0x86,0x31,0x86,0x31,0x86,0x31,0x86,0x31,0x86,0x31,0x86,0x31,0x86,0x31,0x86,0x31,0x86,0x31,0x86,0x31,0x86,0x31,0x86,0x31,0x86,0x31,0x86,0x31,0x86,0x31,0x86,0x31,0x86,0x31,0x86,0x31,0x86,0x31,0x86,0x31,0x86,0x31,0x86,0x31,0x65,0x29,0x65,0x29,
	0xAF,0x7B,0xBA,0xD6,0xBE,0xF7,0xFF,0xFF,0xFF,0xFF,0xFF,0xFF,0xFF,0xFF,0xFF,0xFF,0xFF,0xFF,0xFF,0xFF,0xFF,0xFF,0xFF,0xFF,0xFF,0xFF,0xFF,0xFF,0xFF,0xFF,0xFF,0xFF,0xFF,0xFF,0xFF,0xFF,0xFF,0xFF,0xFF,0xFF,0xFF,0xFF,0xFF,0xFF,0xFF,0xFF,0xFF,0xFF,0xFF,0xFF,0xFF,0xFF,0xFF,0xFF,0xFF,0xFF,0xFF,0xFF,0xFF,0xFF,0xFF,0xFF,0xFF,0xFF,
	0xFF,0xFF,0xFF,0xFF,0xFF,0xFF,0xFF,0xFF,0xFF,0xFF,0xFF,0xFF,0xFF,0xFF,0xFF,0xFF,0xFF,0xFF,0xBA,0xD6,0x92,0x94,0x86,0x31,0x45,0x29,0x86,0x31,0x86,0x31,0x86,0x31,0x86,0x31,0x86,0x31,0x86,0x31,0x86,0x31,0x86,0x31,0x86,0x31,0x86,0x31,0x86,0x31,0x86,0x31,0x86,0x31,0x86,0x31,0x86,0x31,0x86,0x31,0x86,0x31,0x86,0x31,0x86,0x31,
	0x86,0x31,0x86,0x31,0x66,0x31,0x24,0x21,0xA2,0x10,0x00,0x00,0x00,0x00,0x00,0x00,0x00,0x00,0x00,0x00,0x00,0x00,0xE3,0x18,0x65,0x29,0x86,0x31,0x86,0x31,0x86,0x31,0x86,0x31,0x86,0x31,0x86,0x31,0x86,0x31,0x86,0x31,0x86,0x31,0x86,0x31,0x86,0x31,0x86,0x31,0x86,0x31,0x86,0x31,0x86,0x31,0x86,0x31,0x86,0x31,0x86,0x31,0x86,0x31,
	0x86,0x31,0x86,0x31,0x86,0x31,0x86,0x31,0x86,0x31,0x86,0x31,0x65,0x29,0x65,0x29,0x49,0x4A,0xAF,0x7B,0xFB,0xDE,0xFF,0xFF,0xFF,0xFF,0xFF,0xFF,0xFF,0xFF,0xFF,0xFF,0xFF,0xFF,0xFF,0xFF,0xFF,0xFF,0xFF,0xFF,0xFF,0xFF,0xFF,0xFF,0xFF,0xFF,0xFF,0xFF,0xFF,0xFF,0xFF,0xFF,0xFF,0xFF,0xFF,0xFF,0xFF,0xFF,0xFF,0xFF,0xFF,0xFF,0xFF,0xFF,
	0xFF,0xFF,0xFF,0xFF,0xFF,0xFF,0xFF,0xFF,0xFF,0xFF,0xFF,0xFF,0xFF,0xFF,0xFF,0xFF,0xFF,0xFF,0xFF,0xFF,0xFF,0xFF,0xFF,0xFF,0xFF,0xFF,0xFF,0xFF,0xFF,0xFF,0xFF,0xFF,0x7D,0xEF,0x92,0x94,0x8A,0x52,0x86,0x31,0x45,0x29,0x86,0x31,0x86,0x31,0x86,0x31,0x86,0x31,0x86,0x31,0x86,0x31,0x86,0x31,0x86,0x31,0x86,0x31,0x86,0x31,0x86,0x31,
	0x86,0x31,0x86,0x31,0x86,0x31,0x86,0x31,0x86,0x31,0x86,0x31,0x86,0x31,0x86,0x31,0x86,0x31,0x86,0x31,0x86,0x31,0x65,0x29,0xE3,0x18,0x00,0x00,0x00,0x00,0x00,0x00,0x00,0x00,0x00,0x00,0x20,0x00,0x04,0x21,0x86,0x31,0x86,0x31,0x86,0x31,0x86,0x31,0x86,0x31,0x86,0x31,0x86,0x31,0x86,0x31,0x86,0x31,0x86,0x31,0x86,0x31,0x86,0x31,
	0x86,0x31,0x86,0x31,0x86,0x31,0x86,0x31,0x86,0x31,0x86,0x31,0x86,0x31,0x86,0x31,0x86,0x31,0x86,0x31,0x86,0x31,0x86,0x31,0x86,0x31,0x86,0x31,0x86,0x31,0x66,0x31,0x86,0x31,0x49,0x4A,0x92,0x94,0xBA,0xD6,0xFF,0xFF,0xFF,0xFF,0xFF,0xFF,0xFF,0xFF,0xFF,0xFF,0xFF,0xFF,0xFF,0xFF,0xFF,0xFF,0xFF,0xFF,0xFF,0xFF,0xFF,0xFF,0xFF,0xFF,
	0xFF,0xFF,0xFF,0xFF,0xFF,0xFF,0xFF,0xFF,0xFF,0xFF,0xFF,0xFF,0xFF,0xFF,0xFF,0xFF,0xFF,0xFF,0xFF,0xFF,0xFF,0xFF,0xFF,0xFF,0xFF,0xFF,0xFF,0xFF,0xFF,0xFF,0xFF,0xFF,0xFF,0xFF,0xFF,0xFF,0xFF,0xFF,0xFF,0xFF,0xFF,0xFF,0xFF,0xFF,0xFF,0xFF,0x1C,0xE7,0xF4,0xA4,0x8A,0x52,0x86,0x31,0x86,0x31,0x66,0x31,0x86,0x31,0x86,0x31,0x86,0x31,
	0x86,0x31,0x86,0x31,0x86,0x31,0x86,0x31,0x86,0x31,0x86,0x31,0x86,0x31,0x86,0x31,0x86,0x31,0x86,0x31,0x86,0x31,0x86,0x31,0x86,0x31,0x86,0x31,0x86,0x31,0x86,0x31,0x86,0x31,0x86,0x31,0x86,0x31,0x86,0x31,0x04,0x21,0x20,0x00,0x00,0x00,0x00,0x00,0x00,0x00,0x00,0x00,0x61,0x08,0x24,0x21,0x86,0x31,0x86,0x31,0x86,0x31,0x86,0x31,
	0x86,0x31,0x86,0x31,0x86,0x31,0x86,0x31,0x86,0x31,0x86,0x31,0x86,0x31,0x86,0x31,0x86,0x31,0x86,0x31,0x86,0x31,0x86,0x31,0x86,0x31,0x86,0x31,0x86,0x31,0x86,0x31,0x86,0x31,0x86,0x31,0x86,0x31,0x86,0x31,0x86,0x31,0x86,0x31,0x86,0x31,0x86,0x31,0x45,0x29,0x66,0x31,0x8A,0x52,0x92,0x94,0xFB,0xDE,0xBE,0xF7,0xFF,0xFF,0xFF,0xFF,
	0xFF,0xFF,0xFF,0xFF,0xFF,0xFF,0xFF,0xFF,0xFF,0xFF,0xFF,0xFF,0xFF,0xFF,0xFF,0xFF,0xFF,0xFF,0xFF,0xFF,0xFF,0xFF,0xFF,0xFF,0xFF,0xFF,0xFF,0xFF,0xFF,0xFF,0xFF,0xFF,0xFF,0xFF,0xFF,0xFF,0xFF,0xFF,0xFF,0xFF,0xFF,0xFF,0xFF,0xFF,0xFF,0xFF,0xFF,0xFF,0xFF,0xFF,0xFF,0xFF,0xFF,0xFF,0xFF,0xFF,0xFF,0xFF,0xFF,0xFF,0x1C,0xE7,0xF4,0xA4,
	0xEB,0x5A,0x86,0x31,0x25,0x29,0x86,0x31,0x86,0x31,0x86,0x31,0x86,0x31,0x86,0x31,0x86,0x31,0x86,0x31,0x86,0x31,0x86,0x31,0x86,0x31,0x86,0x31,0x86,0x31,0x86,0x31,0x86,0x31,0x86,0x31,0x86,0x31,0x86,0x31,0x86,0x31,0x86,0x31,0x86,0x31,0x86,0x31,0x86,0x31,0x86,0x31,0x86,0x31,0x86,0x31,0x24,0x21,0x61,0x08,0x00,0x00,0x00,0x00,
	0x00,0x00,0x40,0x00,0xC2,0x10,0x45,0x29,0x86,0x31,0x86,0x31,0x86,0x31,0x86,0x31,0x86,0x31,0x86,0x31,0x86,0x31,0x86,0x31,0x86,0x31,0x86,0x31,0x86,0x31,0x86,0x31,0x86,0x31,0x86,0x31,0x86,0x31,0x86,0x31,0x86,0x31,0x86,0x31,0x86,0x31,0x86,0x31,0x86,0x31,0x86,0x31,0x86,0x31,0x86,0x31,0x86,0x31,0x86,0x31,0x86,0x31,0x86,0x31,
	0x86,0x31,0x66,0x31,0x45,0x29,0x8A,0x52,0x92,0x94,0xFB,0xDE,0xFF,0xFF,0xFF,0xFF,0xFF,0xFF,0xFF,0xFF,0xFF,0xFF,0xFF,0xFF,0xFF,0xFF,0xFF,0xFF,0xFF,0xFF,0xFF,0xFF,0xFF,0xFF,0xFF,0xFF,0xFF,0xFF,0xFF,0xFF,0xFF,0xFF,0xFF,0xFF,0xFF,0xFF,0xFF,0xFF,0xFF,0xFF,0xFF,0xFF,0xFF,0xFF,0xFF,0xFF,0xFF,0xFF,0xFF,0xFF,0xFF,0xFF,0xFF,0xFF,
	0xFF,0xFF,0xFF,0xFF,0xFF,0xFF,0xFF,0xFF,0xFF,0xFF,0x7D,0xEF,0xF4,0xA4,0xEB,0x5A,0x65,0x29,0x65,0x29,0x86,0x31,0x86,0x31,0x86,0x31,0x86,0x31,0x86,0x31,0x86,0x31,0x86,0x31,0x86,0x31,0x86,0x31,0x86,0x31,0x86,0x31,0x86,0x31,0x86,0x31,0x86,0x31,0x86,0x31,0x86,0x31,0x86,0x31,0x86,0x31,0x86,0x31,0x86,0x31,0x86,0x31,0x86,0x31,
	0x86,0x31,0x86,0x31,0x86,0x31,0x86,0x31,0x45,0x29,0xC3,0x18,0x41,0x08,0x00,0x00,0x00,0x00,0x61,0x08,0x04,0x21,0x65,0x29,0x86,0x31,0x86,0x31,0x86,0x31,0x86,0x31,0x86,0x31,0x86,0x31,0x86,0x31,0x86,0x31,0x86,0x31,0x86,0x31,0x86,0x31,0x86,0x31,0x86,0x31,0x86,0x31,0x86,0x31,0x86,0x31,0x86,0x31,0x86,0x31,0x86,0x31,0x86,0x31,
	0x86,0x31,0x86,0x31,0x86,0x31,0x86,0x31,0x86,0x31,0x86,0x31,0x86,0x31,0x86,0x31,0x86,0x31,0x66,0x31,0x45,0x29,0x86,0x31,0x8A,0x52,0x92,0x94,0xBA,0xD6,0xFF,0xFF,0xFF,0xFF,0xFF,0xFF,0xFF,0xFF,0xFF,0xFF,0xFF,0xFF,0xFF,0xFF,0xFF,0xFF,0xFF,0xFF,0xFF,0xFF,0xFF,0xFF,0xFF,0xFF,0xFF,0xFF,0xFF,0xFF,0xFF,0xFF,0xFF,0xFF,0xFF,0xFF,
	0xFF,0xFF,0xFF,0xFF,0xFF,0xFF,0xFF,0xFF,0xFF,0xFF,0xFF,0xFF,0xFF,0xFF,0xFF,0xFF,0xFF,0xFF,0xFF,0xFF,0xFF,0xFF,0xFF,0xFF,0xFB,0xDE,0xF4,0xA4,0xEB,0x5A,0xC7,0x39,0x45,0x29,0x65,0x29,0x86,0x31,0x86,0x31,0x86,0x31,0x86,0x31,0x86,0x31,0x86,0x31,0x86,0x31,0x86,0x31,0x86,0x31,0x86,0x31,0x86,0x31,0x86,0x31,0x86,0x31,0x86,0x31,
	0x86,0x31,0x86,0x31,0x86,0x31,0x86,0x31,0x86,0x31,0x86,0x31,0x86,0x31,0x86,0x31,0x86,0x31,0x86,0x31,0x86,0x31,0x86,0x31,0x65,0x29,0x24,0x21,0x61,0x08,0x00,0x00,0x00,0x00,0x82,0x10,0x45,0x29,0x86,0x31,0x86,0x31,0x86,0x31,0x86,0x31,0x86,0x31,0x86,0x31,0x86,0x31,0x86,0x31,0x86,0x31,0x86,0x31,0x86,0x31,0x86,0x31,0x86,0x31,
	0x86,0x31,0x86,0x31,0x86,0x31,0x86,0x31,0x86,0x31,0x86,0x31,0x86,0x31,0x86,0x31,0x86,0x31,0x86,0x31,0x86,0x31,0x86,0x31,0x86,0x31,0x86,0x31,0x86,0x31,0x86,0x31,0x86,0x31,0x86,0x31,0x86,0x31,0x45,0x29,0x25,0x29,0x8A,0x52,0x92,0x94,0x1C,0xE7,0xBE,0xF7,0xFF,0xFF,0xFF,0xFF,0xFF,0xFF,0xFF,0xFF,0xFF,0xFF,0xFF,0xFF,0xFF,0xFF,
	0xFF,0xFF,0xFF,0xFF,0xFF,0xFF,0xFF,0xFF,0xFF,0xFF,0xFF,0xFF,0xFF,0xFF,0xFF,0xFF,0xFF,0xFF,0xFF,0xFF,0xFF,0xFF,0xFF,0xFF,0xFF,0xFF,0xFF,0xFF,0xFF,0xFF,0xFF,0xFF,0xFF,0xFF,0xFF,0xFF,0xFF,0xFF,0x7D,0xEF,0xF4,0xA4,0xEB,0x5A,0x66,0x31,0x25,0x29,0x86,0x31,0x86,0x31,0x86,0x31,0x86,0x31,0x86,0x31,0x86,0x31,0x86,0x31,0x86,0x31,
	0x86,0x31,0x86,0x31,0x86,0x31,0x86,0x31,0x86,0x31,0x86,0x31,0x86,0x31,0x86,0x31,0x86,0x31,0x86,0x31,0x86,0x31,0x86,0x31,0x86,0x31,0x86,0x31,0x86,0x31,0x86,0x31,0x86,0x31,0x86,0x31,0x86,0x31,0x86,0x31,0x86,0x31,0x45,0x29,0x82,0x10,0x00,0x00,0x00,0x00,0xA2,0x10,0x86,0x31,0x86,0x31,0x86,0x31,0x86,0x31,0x86,0x31,0x86,0x31,
	0x86,0x31,0x86,0x31,0x86,0x31,0x86,0x31,0x86,0x31,0x86,0x31,0x86,0x31,0x86,0x31,0x86,0x31,0x86,0x31,0x86,0x31,0x86,0x31,0x86,0x31,0x86,0x31,0x86,0x31,0x86,0x31,0x86,0x31,0x86,0x31,0x86,0x31,0x86,0x31,0x86,0x31,0x86,0x31,0x86,0x31,0x86,0x31,0x86,0x31,0x86,0x31,0x86,0x31,0x66,0x31,0x65,0x29,0x66,0x31,0x49,0x4A,0x92,0x94,
	0xBA,0xD6,0xFF,0xFF,0xFF,0xFF,0xFF,0xFF,0xFF,0xFF,0xFF,0xFF,0xFF,0xFF,0xFF,0xFF,0xFF,0xFF,0xFF,0xFF,0xFF,0xFF,0xFF,0xFF,0xFF,0xFF,0xFF,0xFF,0xFF,0xFF,0xFF,0xFF,0xFF,0xFF,0xFF,0xFF,0xFF,0xFF,0xFF,0xFF,0xFF,0xFF,0xFF,0xFF,0xFF,0xFF,0xFF,0xFF,0xFF,0xFF,0xFF,0xFF,0x1C,0xE7,0xF4,0xA4,0xEB,0x5A,0x86,0x31,0x66,0x31,0x65,0x29,
	0x86,0x31,0x86,0x31,0x86,0x31,0x86,0x31,0x86,0x31,0x86,0x31,0x86,0x31,0x86,0x31,0x86,0x31,0x86,0x31,0x86,0x31,0x86,0x31,0x86,0x31,0x86,0x31,0x86,0x31,0x86,0x31,0x86,0x31,0x86,0x31,0x86,0x31,0x86,0x31,0x86,0x31,0x86,0x31,0x86,0x31,0x86,0x31,0x86,0x31,0x86,0x31,0x86,0x31,0x86,0x31,0x86,0x31,0x86,0x31,0xA2,0x10,0x00,0x00,
	0x20,0x00,0xC2,0x10,0x86,0x31,0x86,0x31,0x86,0x31,0x86,0x31,0x86,0x31,0x86,0x31,0x86,0x31,0x86,0x31,0x86,0x31,0x86,0x31,0x86,0x31,0x86,0x31,0x86,0x31,0x86,0x31,0x86,0x31,0x86,0x31,0x86,0x31,0x86,0x31,0x86,0x31,0x86,0x31,0x86,0x31,0x86,0x31,0x86,0x31,0x86,0x31,0x86,0x31,0x86,0x31,0x86,0x31,0x86,0x31,0x86,0x31,0x86,0x31,
	0x86,0x31,0x86,0x31,0x86,0x31,0x86,0x31,0x86,0x31,0x25,0x29,0x86,0x31,0x8A,0x52,0x92,0x94,0xFB,0xDE,0xBE,0xF7,0xFF,0xFF,0xFF,0xFF,0xFF,0xFF,0xFF,0xFF,0xFF,0xFF,0xFF,0xFF,0xFF,0xFF,0xFF,0xFF,0xFF,0xFF,0xFF,0xFF,0xFF,0xFF,0xFF,0xFF,0xFF,0xFF,0xFF,0xFF,0xFF,0xFF,0xFF,0xFF,0xFF,0xFF,0xFF,0xFF,0xFF,0xFF,0xFF,0xFF,0xFF,0xFF,
	0xFF,0xFF,0x1C,0xE7,0xF4,0xA4,0xEB,0x5A,0x86,0x31,0x24,0x21,0x66,0x31,0x86,0x31,0x86,0x31,0x86,0x31,0x86,0x31,0x86,0x31,0x86,0x31,0x86,0x31,0x86,0x31,0x86,0x31,0x86,0x31,0x86,0x31,0x86,0x31,0x86,0x31,0x86,0x31,0x86,0x31,0x86,0x31,0x86,0x31,0x86,0x31,0x86,0x31,0x86,0x31,0x86,0x31,0x86,0x31,0x86,0x31,0x86,0x31,0x86,0x31,
	0x86,0x31,0x86,0x31,0x86,0x31,0x86,0x31,0x86,0x31,0x86,0x31,0xC2,0x10,0x20,0x00,0x61,0x08,0xE3,0x18,0x86,0x31,0x86,0x31,0x86,0x31,0x86,0x31,0x86,0x31,0x86,0x31,0x86,0x31,0x86,0x31,0x86,0x31,0x86,0x31,0x86,0x31,0x86,0x31,0x86,0x31,0x86,0x31,0x86,0x31,0x86,0x31,0x86,0x31,0x86,0x31,0x86,0x31,0x86,0x31,0x86,0x31,0x86,0x31,
	0x86,0x31,0x86,0x31,0x86,0x31,0x86,0x31,0x86,0x31,0x86,0x31,0x86,0x31,0x86,0x31,0x86,0x31,0x86,0x31,0x86,0x31,0x86,0x31,0x86,0x31,0x86,0x31,0x66,0x31,0x45,0x29,0x8A,0x52,0x92,0x94,0xFB,0xDE,0xFF,0xFF,0xFF,0xFF,0xFF,0xFF,0xFF,0xFF,0xFF,0xFF,0xFF,0xFF,0xFF,0xFF,0xFF,0xFF,0xFF,0xFF,0xFF,0xFF,0xFF,0xFF,0xFF,0xFF,0xFF,0xFF,
	0xFF,0xFF,0xFF,0xFF,0xFF,0xFF,0xFF,0xFF,0xFF,0xFF,0xFF,0xFF,0xFF,0xFF,0xFF,0xFF,0x7D,0xEF,0xF4,0xA4,0xEB,0x5A,0x45,0x29,0x45,0x29,0x86,0x31,0x86,0x31,0x86,0x31,0x86,0x31,0x86,0x31,0x86,0x31,0x86,0x31,0x86,0x31,0x86,0x31,0x86,0x31,0x86,0x31,0x86,0x31,0x86,0x31,0x86,0x31,0x86,0x31,0x86,0x31,0x86,0x31,0x86,0x31,0x86,0x31,
	0x86,0x31,0x86,0x31,0x86,0x31,0x86,0x31,0x86,0x31,0x86,0x31,0x86,0x31,0x86,0x31,0x86,0x31,0x86,0x31,0x86,0x31,0x86,0x31,0x86,0x31,0x86,0x31,0xE3,0x18,0x61,0x08,0xA2,0x10,0xE3,0x18,0x86,0x31,0x86,0x31,0x86,0x31,0x86,0x31,0x86,0x31,0x86,0x31,0x86,0x31,0x86,0x31,0x86,0x31,0x86,0x31,0x86,0x31,0x86,0x31,0x86,0x31,0x86,0x31,
	0x86,0x31,0x86,0x31,0x86,0x31,0x86,0x31,0x86,0x31,0x86,0x31,0x86,0x31,0x86,0x31,0x86,0x31,0x86,0x31,0x86,0x31,0x86,0x31,0x86,0x31,0x86,0x31,0x86,0x31,0x86,0x31,0x86,0x31,0x86,0x31,0x86,0x31,0x86,0x31,0x86,0x31,0x86,0x31,0x66,0x31,0x45,0x29,0x86,0x31,0x8A,0x52,0x92,0x94,0xBA,0xD6,0xFF,0xFF,0xFF,0xFF,0xFF,0xFF,0xFF,0xFF,
	0xFF,0xFF,0xFF,0xFF,0xFF,0xFF,0xFF,0xFF,0xFF,0xFF,0xFF,0xFF,0xFF,0xFF,0xFF,0xFF,0xFF,0xFF,0xFF,0xFF,0xFF,0xFF,0xFF,0xFF,0xFF,0xFF,0xFF,0xFF,0xFF,0xFF,0x1C,0xE7,0xF4,0xA4,0xEB,0x5A,0x86,0x31,0x45,0x29,0x65,0x29,0x86,0x31,0x86,0x31,0x86,0x31,0x86,0x31,0x86,0x31,0x86,0x31,0x86,0x31,0x86,0x31,0x86,0x31,0x86,0x31,0x86,0x31,
	0x86,0x31,0x86,0x31,0x86,0x31,0x86,0x31,0x86,0x31,0x86,0x31,0x86,0x31,0x86,0x31,0x86,0x31,0x86,0x31,0x86,0x31,0x86,0x31,0x86,0x31,0x86,0x31,0x86,0x31,0x86,0x31,0x86,0x31,0x86,0x31,0x86,0x31,0x86,0x31,0x86,0x31,0x86,0x31,0xE3,0x18,0xA2,0x10,0xC3,0x18,0x04,0x21,0x86,0x31,0x86,0x31,0x86,0x31,0x86,0x31,0x86,0x31,0x86,0x31,
	0x86,0x31,0x86,0x31,0x86,0x31,0x86,0x31,0x86,0x31,0x86,0x31,0x86,0x31,0x86,0x31,0x86,0x31,0x86,0x31,0x86,0x31,0x86,0x31,0x86,0x31,0x86,0x31,0x86,0x31,0x86,0x31,0x86,0x31,0x86,0x31,0x86,0x31,0x86,0x31,0x86,0x31,0x86,0x31,0x86,0x31,0x86,0x31,0x86,0x31,0x86,0x31,0x86,0x31,0x86,0x31,0x86,0x31,0x86,0x31,0x86,0x31,0x86,0x31,
	0x45,0x29,0x45,0x29,0x8A,0x52,0x92,0x94,0x1C,0xE7,0xBE,0xF7,0xFF,0xFF,0xFF,0xFF,0xFF,0xFF,0xFF,0xFF,0xFF,0xFF,0xFF,0xFF,0xFF,0xFF,0xFF,0xFF,0xFF,0xFF,0xFF,0xFF,0xFF,0xFF,0xFF,0xFF,0xFF,0xFF,0xFF,0xFF,0xFF,0xFF,0xFF,0xFF,0x7D,0xEF,0xF4,0xA4,0xEB,0x5A,0x86,0x31,0x24,0x21,0x86,0x31,0x86,0x31,0x86,0x31,0x86,0x31,0x86,0x31,
	0x86,0x31,0x86,0x31,0x86,0x31,0x86,0x31,0x86,0x31,0x86,0x31,0x86,0x31,0x86,0x31,0x86,0x31,0x86,0x31,0x86,0x31,0x86,0x31,0x86,0x31,0x86,0x31,0x86,0x31,0x86,0x31,0x86,0x31,0x86,0x31,0x86,0x31,0x86,0x31,0x86,0x31,0x86,0x31,0x86,0x31,0x86,0x31,0x86,0x31,0x86,0x31,0x86,0x31,0x86,0x31,0x86,0x31,0x86,0x31,0x04,0x21,0xC3,0x18,
	0xE3,0x18,0x24,0x21,0x86,0x31,0x86,0x31,0x86,0x31,0x86,0x31,0x86,0x31,0x86,0x31,0x86,0x31,0x86,0x31,0x86,0x31,0x86,0x31,0x86,0x31,0x86,0x31,0x86,0x31,0x86,0x31,0x86,0x31,0x86,0x31,0x86,0x31,0x86,0x31,0x86,0x31,0x86,0x31,0x86,0x31,0x86,0x31,0x86,0x31,0x86,0x31,0x86,0x31,0x86,0x31,0x86,0x31,0x86,0x31,0x86,0x31,0x86,0x31,
	0x86,0x31,0x86,0x31,0x86,0x31,0x86,0x31,0x86,0x31,0x86,0x31,0x86,0x31,0x86,0x31,0x66,0x31,0x86,0x31,0x65,0x29,0x49,0x4A,0x92,0x94,0xBA,0xD6,0xFF,0xFF,0xFF,0xFF,0xFF,0xFF,0xFF,0xFF,0xFF,0xFF,0xFF,0xFF,0xFF,0xFF,0xFF,0xFF,0xFF,0xFF,0xFF,0xFF,0xFF,0xFF,0xFF,0xFF,0xFF,0xFF,0xFF,0xFF,0xFF,0xFF,0x7D,0xEF,0xF4,0xA4,0xEB,0x5A,
	0x66,0x31,0x66,0x31,0x66,0x31,0x86,0x31,0x86,0x31,0x86,0x31,0x86,0x31,0x86,0x31,0x86,0x31,0x86,0x31,0x86,0x31,0x86,0x31,0x86,0x31,0x86,0x31,0x86,0x31,0x86,0x31,0x86,0x31,0x86,0x31,0x86,0x31,0x86,0x31,0x86,0x31,0x86,0x31,0x86,0x31,0x86,0x31,0x86,0x31,0x86,0x31,0x86,0x31,0x86,0x31,0x86,0x31,0x86,0x31,0x86,0x31,0x86,0x31,
	0x86,0x31,0x86,0x31,0x86,0x31,0x86,0x31,0x86,0x31,0x86,0x31,0x24,0x21,0xE3,0x18,0x04,0x21,0x25,0x29,0x86,0x31,0x86,0x31,0x86,0x31,0x86,0x31,0x86,0x31,0x86,0x31,0x86,0x31,0x86,0x31,0x86,0x31,0x86,0x31,0x86,0x31,0x86,0x31,0x86,0x31,0x86,0x31,0x86,0x31,0x86,0x31,0x86,0x31,0x86,0x31,0x86,0x31,0x86,0x31,0x86,0x31,0x86,0x31,
	0x86,0x31,0x86,0x31,0x86,0x31,0x86,0x31,0x86,0x31,0x86,0x31,0x86,0x31,0x86,0x31,0x86,0x31,0x86,0x31,0x86,0x31,0x86,0x31,0x86,0x31,0x86,0x31,0x86,0x31,0x86,0x31,0x86,0x31,0x86,0x31,0x25,0x29,0x86,0x31,0x8A,0x52,0x92,0x94,0xBA,0xD6,0xFF,0xFF,0xFF,0xFF,0xFF,0xFF,0xFF,0xFF,0xFF,0xFF,0xFF,0xFF,0xFF,0xFF,0xFF,0xFF,0xFF,0xFF,
	0xFF,0xFF,0xFF,0xFF,0xFF,0xFF,0xFF,0xFF,0xFB,0xDE,0xF4,0xA4,0xEB,0x5A,0xC7,0x39,0x25,0x29,0x66,0x31,0x86,0x31,0x86,0x31,0x86,0x31,0x86,0x31,0x86,0x31,0x86,0x31,0x86,0x31,0x86,0x31,0x86,0x31,0x86,0x31,0x86,0x31,0x86,0x31,0x86,0x31,0x86,0x31,0x86,0x31,0x86,0x31,0x86,0x31,0x86,0x31,0x86,0x31,0x86,0x31,0x86,0x31,0x86,0x31,
	0x86,0x31,0x86,0x31,0x86,0x31,0x86,0x31,0x86,0x31,0x86,0x31,0x86,0x31,0x86,0x31,0x86,0x31,0x86,0x31,0x86,0x31,0x86,0x31,0x86,0x31,0x86,0x31,0x25,0x29,0x04,0x21,0x24,0x21,0x44,0x21,0x86,0x31,0x86,0x31,0x86,0x31,0x86,0x31,0x86,0x31,0x86,0x31,0x86,0x31,0x86,0x31,0x86,0x31,0x86,0x31,0x86,0x31,0x86,0x31,0x86,0x31,0x86,0x31,
	0x86,0x31,0x86,0x31,0x86,0x31,0x86,0x31,0x86,0x31,0x86,0x31,0x86,0x31,0x86,0x31,0x86,0x31,0x86,0x31,0x86,0x31,0x86,0x31,0x86,0x31,0x86,0x31,0x86,0x31,0x86,0x31,0x86,0x31,0x86,0x31,0x86,0x31,0x86,0x31,0x86,0x31,0x86,0x31,0x86,0x31,0x86,0x31,0x86,0x31,0x86,0x31,0x86,0x31,0x45,0x29,0x25,0x29,0x8A,0x52,0x92,0x94,0xFB,0xDE,
	0xFF,0xFF,0xFF,0xFF,0xFF,0xFF,0xFF,0xFF,0xFF,0xFF,0xFF,0xFF,0xFF,0xFF,0xFF,0xFF,0xFF,0xFF,0xFF,0xFF,0xFF,0xFF,0x7D,0xEF,0xF4,0xA4,0xEB,0x5A,0x65,0x29,0x45,0x29,0x86,0x31,0x86,0x31,0x86,0x31,0x86,0x31,0x86,0x31,0x86,0x31,0x86,0x31,0x86,0x31,0x86,0x31,0x86,0x31,0x86,0x31,0x86,0x31,0x86,0x31,0x86,0x31,0x86,0x31,0x86,0x31,
	0x86,0x31,0x86,0x31,0x86,0x31,0x86,0x31,0x86,0x31,0x86,0x31,0x86,0x31,0x86,0x31,0x86,0x31,0x86,0x31,0x86,0x31,0x86,0x31,0x86,0x31,0x86,0x31,0x86,0x31,0x86,0x31,0x86,0x31,0x86,0x31,0x86,0x31,0x86,0x31,0x86,0x31,0x86,0x31,0x44,0x21,0x24,0x21,0x44,0x21,0x65,0x29,0x86,0x31,0x86,0x31,0x86,0x31,0x86,0x31,0x86,0x31,0x86,0x31,
	0x86,0x31,0x86,0x31,0x86,0x31,0x86,0x31,0x86,0x31,0x86,0x31,0x86,0x31,0x86,0x31,0x86,0x31,0x86,0x31,0x86,0x31,0x86,0x31,0x86,0x31,0x86,0x31,0x86,0x31,0x86,0x31,0x86,0x31,0x86,0x31,0x86,0x31,0x86,0x31,0x86,0x31,0x86,0x31,0x86,0x31,0x86,0x31,0x86,0x31,0x86,0x31,0x86,0x31,0x86,0x31,0x86,0x31,0x86,0x31,0x86,0x31,0x86,0x31,
	0x86,0x31,0x86,0x31,0x86,0x31,0x66,0x31,0x65,0x29,0x86,0x31,0x49,0x4A,0x92,0x94,0xBA,0xD6,0xFF,0xFF,0xFF,0xFF,0xFF,0xFF,0xFF,0xFF,0xFF,0xFF,0xFF,0xFF,0xFF,0xFF,0xFF,0xFF,0xFF,0xFF,0xFB,0xDE,0xF4,0xA4,0xEB,0x5A,0x86,0x31,0x65,0x29,0x65,0x29,0x86,0x31,0x86,0x31,0x86,0x31,0x86,0x31,0x86,0x31,0x86,0x31,0x86,0x31,0x86,0x31,
	0x86,0x31,0x86,0x31,0x86,0x31,0x86,0x31,0x86,0x31,0x86,0x31,0x86,0x31,0x86,0x31,0x86,0x31,0x86,0x31,0x86,0x31,0x86,0x31,0x86,0x31,0x86,0x31,0x86,0x31,0x86,0x31,0x86,0x31,0x86,0x31,0x86,0x31,0x86,0x31,0x86,0x31,0x86,0x31,0x86,0x31,0x86,0x31,0x86,0x31,0x86,0x31,0x86,0x31,0x86,0x31,0x86,0x31,0x86,0x31,0x45,0x29,0x24,0x21,
	0x65,0x29,0x65,0x29,0x86,0x31,0x86,0x31,0x86,0x31,0x86,0x31,0x86,0x31,0x86,0x31,0x86,0x31,0x86,0x31,0x86,0x31,0x86,0x31,0x86,0x31,0x86,0x31,0x86,0x31,0x86,0x31,0x86,0x31,0x86,0x31,0x86,0x31,0x86,0x31,0x86,0x31,0x86,0x31,0x86,0x31,0x86,0x31,0x86,0x31,0x86,0x31,0x86,0x31,0x86,0x31,0x86,0x31,0x86,0x31,0x86,0x31,0x86,0x31,
	0x86,0x31,0x86,0x31,0x86,0x31,0x86,0x31,0x86,0x31,0x86,0x31,0x86,0x31,0x86,0x31,0x86,0x31,0x86,0x31,0x86,0x31,0x86,0x31,0x86,0x31,0x25,0x29,0x45,0x29,0x8A,0x52,0x92,0x94,0xFB,0xDE,0xBE,0xF7,0xFF,0xFF,0xFF,0xFF,0xFF,0xFF,0xFF,0xFF,0xFF,0xFF,0xFF,0xFF,0x1C,0xE7,0xF4,0xA4,0xEB,0x5A,0x86,0x31,0x24,0x21,0x86,0x31,0x86,0x31,
	0x86,0x31,0x86,0x31,0x86,0x31,0x86,0x31,0x86,0x31,0x86,0x31,0x86,0x31,0x86,0x31,0x86,0x31,0x86,0x31,0x86,0x31,0x86,0x31,0x86,0x31,0x86,0x31,0x86,0x31,0x86,0x31,0x86,0x31,0x86,0x31,0x86,0x31,0x86,0x31,0x86,0x31,0x86,0x31,0x86,0x31,0x86,0x31,0x86,0x31,0x86,0x31,0x86,0x31,0x86,0x31,0x86,0x31,0x86,0x31,0x86,0x31,0x86,0x31,
	0x86,0x31,0x86,0x31,0x86,0x31,0x86,0x31,0x86,0x31,0x86,0x31,0x45,0x29,0x44,0x21,0x44,0x21,0x65,0x29,0x86,0x31,0x86,0x31,0x86,0x31,0x86,0x31,0x86,0x31,0x86,0x31,0x86,0x31,0x86,0x31,0x86,0x31,0x86,0x31,0x86,0x31,0x86,0x31,0x86,0x31,0x86,0x31,0x86,0x31,0x86,0x31,0x86,0x31,0x86,0x31,0x86,0x31,0x86,0x31,0x86,0x31,0x86,0x31,
	0x86,0x31,0x86,0x31,0x86,0x31,0x86,0x31,0x86,0x31,0x86,0x31,0x86,0x31,0x86,0x31,0x86,0x31,0x86,0x31,0x86,0x31,0x86,0x31,0x86,0x31,0x86,0x31,0x86,0x31,0x86,0x31,0x86,0x31,0x86,0x31,0x86,0x31,0x86,0x31,0x86,0x31,0x86,0x31,0x66,0x31,0x45,0x29,0x49,0x4A,0xAF,0x7B,0xBA,0xD6,0xFF,0xFF,0xFF,0xFF,0xFF,0xFF,0xFF,0xFF,0xFF,0xFF,
	0x7D,0xEF,0x92,0x94,0x8A,0x52,0x65,0x29,0x65,0x29,0x86,0x31,0x86,0x31,0x86,0x31,0x86,0x31,0x86,0x31,0x86,0x31,0x86,0x31,0x86,0x31,0x86,0x31,0x86,0x31,0x86,0x31,0x86,0x31,0x86,0x31,0x86,0x31,0x86,0x31,0x86,0x31,0x86,0x31,0x86,0x31,0x86,0x31,0x86,0x31,0x86,0x31,0x86,0x31,0x86,0x31,0x86,0x31,0x86,0x31,0x86,0x31,0x86,0x31,
	0x86,0x31,0x86,0x31,0x86,0x31,0x86,0x31,0x86,0x31,0x86,0x31,0x86,0x31,0x86,0x31,0x86,0x31,0x86,0x31,0x86,0x31,0x86,0x31,0x86,0x31,0x86,0x31,0x65,0x29,0x44,0x21,0x65,0x29,0x65,0x29,0x86,0x31,0x86,0x31,0x86,0x31,0x86,0x31,0x86,0x31,0x86,0x31,0x86,0x31,0x86,0x31,0x86,0x31,0x86,0x31,0x86,0x31,0x86,0x31,0x86,0x31,0x86,0x31,
	0x86,0x31,0x86,0x31,0x86,0x31,0x86,0x31,0x86,0x31,0x86,0x31,0x86,0x31,0x86,0x31,0x86,0x31,0x86,0x31,0x86,0x31,0x86,0x31,0x86,0x31,0x86,0x31,0x86,0x31,0x86,0x31,0x86,0x31,0x86,0x31,0x86,0x31,0x86,0x31,0x86,0x31,0x86,0x31,0x86,0x31,0x86,0x31,0x86,0x31,0x86,0x31,0x86,0x31,0x86,0x31,0x86,0x31,0x86,0x31,0x66,0x31,0x45,0x29,
	0x86,0x31,0x49,0x4A,0x92,0x94,0xBA,0xD6,0xFF,0xFF,0xFF,0xFF,0xFF,0xFF,0xBA,0xD6,0xF4,0xA4,0x8A,0x52,0x86,0x31,0x45,0x29,0x65,0x29,0x86,0x31,0x86,0x31,0x86,0x31,0x86,0x31,0x86,0x31,0x86,0x31,0x86,0x31,0x86,0x31,0x86,0x31,0x86,0x31,0x86,0x31,0x86,0x31,0x86,0x31,0x86,0x31,0x86,0x31,0x86,0x31,0x86,0x31,0x86,0x31,0x86,0x31,
	0x86,0x31,0x86,0x31,0x86,0x31,0x86,0x31,0x86,0x31,0x86,0x31,0x86,0x31,0x86,0x31,0x86,0x31,0x86,0x31,0x86,0x31,0x86,0x31,0x86,0x31,0x86,0x31,0x86,0x31,0x86,0x31,0x86,0x31,0x86,0x31,0x86,0x31,0x86,0x31,0x86,0x31,0x86,0x31,0x65,0x29,0x65,0x29,0x86,0x31,0x86,0x31,0x86,0x31,0x86,0x31,0x86,0x31,0x86,0x31,0x86,0x31,0x86,0x31,
	0x86,0x31,0x86,0x31,0x86,0x31,0x86,0x31,0x86,0x31,0x86,0x31,0x86,0x31,0x86,0x31,0x86,0x31,0x86,0x31,0x86,0x31,0x86,0x31,0x86,0x31,0x86,0x31,0x86,0x31,0x86,0x31,0x86,0x31,0x86,0x31,0x86,0x31,0x86,0x31,0x86,0x31,0x86,0x31,0x86,0x31,0x86,0x31,0x86,0x31,0x86,0x31,0x86,0x31,0x86,0x31,0x86,0x31,0x86,0x31,0x86,0x31,0x86,0x31,
	0x86,0x31,0x86,0x31,0x86,0x31,0x86,0x31,0x86,0x31,0x86,0x31,0x86,0x31,0x86,0x31,0x45,0x29,0x45,0x29,0x49,0x4A,0xAF,0x7B,0xBA,0xD6,0x1C,0xE7,0xBA,0xD6,0x92,0x94,0xEB,0x5A,0x66,0x31,0x45,0x29,0x86,0x31,0x86,0x31,0x86,0x31,0x86,0x31,0x86,0x31,0x86,0x31,0x86,0x31,0x86,0x31,0x86,0x31,0x86,0x31,0x86,0x31,0x86,0x31,0x86,0x31,
	0x86,0x31,0x86,0x31,0x86,0x31,0x86,0x31,0x86,0x31,0x86,0x31,0x86,0x31,0x86,0x31,0x86,0x31,0x86,0x31,0x86,0x31,0x86,0x31,0x86,0x31,0x86,0x31,0x86,0x31,0x86,0x31,0x86,0x31,0x86,0x31,0x86,0x31,0x86,0x31,0x86,0x31,0x86,0x31,0x86,0x31,0x86,0x31,0x86,0x31,0x86,0x31,0x86,0x31,0x86,0x31,0x86,0x31,0x86,0x31,0x86,0x31,0x86,0x31,
	0x86,0x31,0x86,0x31,0x86,0x31,0x86,0x31,0x86,0x31,0x86,0x31,0x86,0x31,0x86,0x31,0x86,0x31,0x86,0x31,0x86,0x31,0x86,0x31,0x86,0x31,0x86,0x31,0x86,0x31,0x86,0x31,0x86,0x31,0x86,0x31,0x86,0x31,0x86,0x31,0x86,0x31,0x86,0x31,0x86,0x31,0x86,0x31,0x86,0x31,0x86,0x31,0x86,0x31,0x86,0x31,0x86,0x31,0x86,0x31,0x86,0x31,0x86,0x31,
	0x86,0x31,0x86,0x31,0x86,0x31,0x86,0x31,0x86,0x31,0x86,0x31,0x86,0x31,0x86,0x31,0x86,0x31,0x86,0x31,0x86,0x31,0x86,0x31,0x86,0x31,0x86,0x31,0x86,0x31,0x86,0x31,0x66,0x31,0x66,0x31,0x86,0x31,0xC7,0x39,0x49,0x4A,0x8A,0x52,0x49,0x4A,0xC7,0x39,0x86,0x31,0x66,0x31,0x66,0x31,0x86,0x31,0x86,0x31,0x86,0x31,0x86,0x31,0x86,0x31,
	0x86,0x31,0x86,0x31,0x86,0x31,0x86,0x31,0x86,0x31,0x86,0x31,0x86,0x31,0x86,0x31,0x86,0x31,0x86,0x31,0x86,0x31,0x86,0x31,0x86,0x31,0x86,0x31,0x86,0x31,0x86,0x31,0x86,0x31,0x86,0x31,0x86,0x31,0x86,0x31,0x86,0x31,0x86,0x31,0x86,0x31,0x86,0x31,0x86,0x31,0x86,0x31,0x86,0x31,0x86,0x31,0x86,0x31,0x86,0x31,0x86,0x31,0x86,0x31,
	0x86,0x31,0x86,0x31,0x86,0x31,0x86,0x31,0x86,0x31,0x86,0x31,0x86,0x31,0x86,0x31,0x65,0x29,0x65,0x29,0x86,0x31,0x86,0x31,0x86,0x31,0x86,0x31,0x86,0x31,0x86,0x31,0x86,0x31,0x86,0x31,0x86,0x31,0x86,0x31,0x86,0x31,0x86,0x31,0x86,0x31,0x86,0x31,0x86,0x31,0x86,0x31,0x86,0x31,0x86,0x31,0x86,0x31,0x86,0x31,0x86,0x31,0x86,0x31,
	0x86,0x31,0x86,0x31,0x86,0x31,0x86,0x31,0x86,0x31,0x86,0x31,0x86,0x31,0x86,0x31,0x86,0x31,0x86,0x31,0x86,0x31,0x86,0x31,0x86,0x31,0x86,0x31,0x86,0x31,0x86,0x31,0x86,0x31,0x86,0x31,0x86,0x31,0x86,0x31,0x86,0x31,0x86,0x31,0x86,0x31,0x86,0x31,0x86,0x31,0x86,0x31,0x65,0x29,0x45,0x29,0x24,0x21,0x04,0x21,0x04,0x21,0x25,0x29,
	0x45,0x29,0x86,0x31,0x86,0x31,0x86,0x31,0x86,0x31,0x86,0x31,0x86,0x31,0x86,0x31,0x86,0x31,0x86,0x31,0x86,0x31,0x86,0x31,0x86,0x31,0x86,0x31,0x86,0x31,0x86,0x31,0x86,0x31,0x86,0x31,0x86,0x31,0x86,0x31,0x86,0x31,0x86,0x31,0x86,0x31,0x86,0x31,0x86,0x31,0x86,0x31,0x86,0x31,0x86,0x31,0x86,0x31,0x86,0x31,0x86,0x31,0x86,0x31,
	0x86,0x31,0x86,0x31,0x86,0x31,0x86,0x31,0x86,0x31,0x86,0x31,0x86,0x31,0x86,0x31,0x86,0x31,0x86,0x31,0x86,0x31,0x86,0x31,0x86,0x31,0x86,0x31,0x65,0x29,0x65,0x29,0x44,0x21,0x65,0x29,0x86,0x31,0x86,0x31,0x86,0x31,0x86,0x31,0x86,0x31,0x86,0x31,0x86,0x31,0x86,0x31,0x86,0x31,0x86,0x31,0x86,0x31,0x86,0x31,0x86,0x31,0x86,0x31,
	0x86,0x31,0x86,0x31,0x86,0x31,0x86,0x31,0x86,0x31,0x86,0x31,0x86,0x31,0x86,0x31,0x86,0x31,0x86,0x31,0x86,0x31,0x86,0x31,0x86,0x31,0x86,0x31,0x86,0x31,0x86,0x31,0x86,0x31,0x86,0x31,0x86,0x31,0x86,0x31,0x86,0x31,0x86,0x31,0x86,0x31,0x86,0x31,0x86,0x31,0x86,0x31,0x86,0x31,0x86,0x31,0x86,0x31,0x86,0x31,0x86,0x31,0x86,0x31,
	0x86,0x31,0x86,0x31,0x86,0x31,0x86,0x31,0x86,0x31,0x86,0x31,0x86,0x31,0x86,0x31,0x86,0x31,0x86,0x31,0x86,0x31,0x86,0x31,0x86,0x31,0x86,0x31,0x86,0x31,0x86,0x31,0x86,0x31,0x86,0x31,0x86,0x31,0x86,0x31,0x86,0x31,0x86,0x31,0x86,0x31,0x86,0x31,0x86,0x31,0x86,0x31,0x86,0x31,0x86,0x31,0x86,0x31,0x86,0x31,0x86,0x31,0x86,0x31,
	0x86,0x31,0x86,0x31,0x86,0x31,0x86,0x31,0x86,0x31,0x86,0x31,0x86,0x31,0x86,0x31,0x86,0x31,0x86,0x31,0x86,0x31,0x86,0x31,0x86,0x31,0x86,0x31,0x86,0x31,0x86,0x31,0x86,0x31,0x86,0x31,0x86,0x31,0x86,0x31,0x86,0x31,0x86,0x31,0x65,0x29,0x44,0x21,0x65,0x29,0x65,0x29,0x86,0x31,0x86,0x31,0x86,0x31,0x86,0x31,0x86,0x31,0x86,0x31,
	0x86,0x31,0x86,0x31,0x86,0x31,0x86,0x31,0x86,0x31,0x86,0x31,0x86,0x31,0x86,0x31,0x86,0x31,0x86,0x31,0x86,0x31,0x86,0x31,0x86,0x31,0x86,0x31,0x86,0x31,0x86,0x31,0x86,0x31,0x86,0x31,0x86,0x31,0x86,0x31,0x86,0x31,0x86,0x31,0x86,0x31,0x86,0x31,0x86,0x31,0x86,0x31,0x86,0x31,0x86,0x31,0x86,0x31,0x86,0x31,0x86,0x31,0x86,0x31,
	0x86,0x31,0x86,0x31,0x86,0x31,0x86,0x31,0x86,0x31,0x86,0x31,0x86,0x31,0x86,0x31,0x86,0x31,0x86,0x31,0x86,0x31,0x86,0x31,0x86,0x31,0x86,0x31,0x86,0x31,0x86,0x31,0x86,0x31,0x86,0x31,0x86,0x31,0x86,0x31,0x86,0x31,0x86,0x31,0x86,0x31,0x86,0x31,0x86,0x31,0x86,0x31,0x86,0x31,0x86,0x31,0x86,0x31,0x86,0x31,0x86,0x31,0x86,0x31,
	0x86,0x31,0x86,0x31,0x86,0x31,0x86,0x31,0x86,0x31,0x86,0x31,0x86,0x31,0x86,0x31,0x86,0x31,0x86,0x31,0x86,0x31,0x86,0x31,0x86,0x31,0x86,0x31,0x86,0x31,0x86,0x31,0x86,0x31,0x86,0x31,0x86,0x31,0x86,0x31,0x86,0x31,0x86,0x31,0x86,0x31,0x86,0x31,0x86,0x31,0x86,0x31,0x86,0x31,0x86,0x31,0x86,0x31,0x86,0x31,0x45,0x29,0x44,0x21,
	0x44,0x21,0x65,0x29,0x86,0x31,0x86,0x31,0x86,0x31,0x86,0x31,0x86,0x31,0x86,0x31,0x86,0x31,0x86,0x31,0x86,0x31,0x86,0x31,0x86,0x31,0x86,0x31,0x86,0x31,0x86,0x31,0x86,0x31,0x86,0x31,0x86,0x31,0x86,0x31,0x86,0x31,0x86,0x31,0x86,0x31,0x86,0x31,0x86,0x31,0x86,0x31,0x86,0x31,0x86,0x31,0x86,0x31,0x86,0x31,0x86,0x31,0x86,0x31,
	0x86,0x31,0x86,0x31,0x86,0x31,0x86,0x31,0x86,0x31,0x86,0x31,0x86,0x31,0x86,0x31,0x86,0x31,0x86,0x31,0x86,0x31,0x86,0x31,0x86,0x31,0x86,0x31,0x86,0x31,0x86,0x31,0x86,0x31,0x86,0x31,0x86,0x31,0x86,0x31,0x86,0x31,0x86,0x31,0x86,0x31,0x86,0x31,0x86,0x31,0x86,0x31,0x86,0x31,0x86,0x31,0x86,0x31,0x86,0x31,0x86,0x31,0x86,0x31,
	0x86,0x31,0x86,0x31,0x86,0x31,0x86,0x31,0x86,0x31,0x86,0x31,0x86,0x31,0x86,0x31,0x86,0x31,0x86,0x31,0x86,0x31,0x86,0x31,0x86,0x31,0x86,0x31,0x86,0x31,0x86,0x31,0x86,0x31,0x86,0x31,0x86,0x31,0x86,0x31,0x86,0x31,0x86,0x31,0x86,0x31,0x86,0x31,0x86,0x31,0x86,0x31,0x86,0x31,0x86,0x31,0x86,0x31,0x86,0x31,0x86,0x31,0x86,0x31,
	0x86,0x31,0x86,0x31,0x86,0x31,0x86,0x31,0x86,0x31,0x86,0x31,0x45,0x29,0x24,0x21,0x24,0x21,0x44,0x21,0x86,0x31,0x86,0x31,0x86,0x31,0x86,0x31,0x86,0x31,0x86,0x31,0x86,0x31,0x86,0x31,0x86,0x31,0x86,0x31,0x86,0x31,0x86,0x31,0x86,0x31,0x86,0x31,0x86,0x31,0x86,0x31,0x86,0x31,0x86,0x31,0x86,0x31,0x86,0x31,0x86,0x31,0x86,0x31,
	0x86,0x31,0x86,0x31,0x86,0x31,0x86,0x31,0x86,0x31,0x86,0x31,0x86,0x31,0x86,0x31,0x86,0x31,0x86,0x31,0x86,0x31,0x86,0x31,0x86,0x31,0x86,0x31,0x86,0x31,0x86,0x31,0x86,0x31,0x86,0x31,0x86,0x31,0x86,0x31,0x86,0x31,0x86,0x31,0x86,0x31,0x86,0x31,0x86,0x31,0x86,0x31,0x86,0x31,0x86,0x31,0x86,0x31,0x86,0x31,0x86,0x31,0x86,0x31,
	0x86,0x31,0x86,0x31,0x86,0x31,0x86,0x31,0x86,0x31,0x86,0x31,0x86,0x31,0x86,0x31,0x86,0x31,0x86,0x31,0x86,0x31,0x86,0x31,0x86,0x31,0x86,0x31,0x86,0x31,0x86,0x31,0x86,0x31,0x86,0x31,0x86,0x31,0x86,0x31,0x86,0x31,0x86,0x31,0x86,0x31,0x86,0x31,0x86,0x31,0x86,0x31,0x86,0x31,0x86,0x31,0x86,0x31,0x86,0x31,0x86,0x31,0x86,0x31,
	0x86,0x31,0x86,0x31,0x86,0x31,0x86,0x31,0x86,0x31,0x86,0x31,0x86,0x31,0x86,0x31,0x86,0x31,0x86,0x31,0x86,0x31,0x86,0x31,0x86,0x31,0x86,0x31,0x44,0x21,0x24,0x21,0x04,0x21,0x25,0x29,0x86,0x31,0x86,0x31,0x86,0x31,0x86,0x31,0x86,0x31,0x86,0x31,0x86,0x31,0x86,0x31,0x86,0x31,0x86,0x31,0x86,0x31,0x86,0x31,0x86,0x31,0x86,0x31,
	0x86,0x31,0x86,0x31,0x86,0x31,0x86,0x31,0x86,0x31,0x86,0x31,0x86,0x31,0x86,0x31,0x86,0x31,0x86,0x31,0x86,0x31,0x86,0x31,0x86,0x31,0x86,0x31,0x86,0x31,0x86,0x31,0x86,0x31,0x86,0x31,0x86,0x31,0x86,0x31,0x86,0x31,0x86,0x31,0x86,0x31,0x86,0x31,0x86,0x31,0x86,0x31,0x86,0x31,0x86,0x31,0x86,0x31,0x86,0x31,0x86,0x31,0x86,0x31,
	0x86,0x31,0x86,0x31,0x86,0x31,0x86,0x31,0x86,0x31,0x86,0x31,0x86,0x31,0x86,0x31,0x86,0x31,0x86,0x31,0x86,0x31,0x86,0x31,0x86,0x31,0x86,0x31,0x86,0x31,0x86,0x31,0x86,0x31,0x86,0x31,0x86,0x31,0x86,0x31,0x86,0x31,0x86,0x31,0x86,0x31,0x86,0x31,0x86,0x31,0x86,0x31,0x86,0x31,0x86,0x31,0x86,0x31,0x86,0x31,0x86,0x31,0x86,0x31,
	0x86,0x31,0x86,0x31,0x86,0x31,0x86,0x31,0x86,0x31,0x86,0x31,0x86,0x31,0x86,0x31,0x86,0x31,0x86,0x31,0x86,0x31,0x86,0x31,0x86,0x31,0x86,0x31,0x86,0x31,0x86,0x31,0x86,0x31,0x86,0x31,0x86,0x31,0x86,0x31,0x86,0x31,0x86,0x31,0x25,0x29,0x04,0x21,0xE3,0x18,0x24,0x21,0x86,0x31,0x86,0x31,0x86,0x31,0x86,0x31,0x86,0x31,0x86,0x31,
	0x86,0x31,0x86,0x31,0x86,0x31,0x86,0x31,0x86,0x31,0x86,0x31,0x86,0x31,0x86,0x31,0x86,0x31,0x86,0x31,0x86,0x31,0x86,0x31,0x86,0x31,0x86,0x31,0x86,0x31,0x86,0x31,0x86,0x31,0x86,0x31,0x86,0x31,0x86,0x31,0x86,0x31,0x86,0x31,0x86,0x31,0x86,0x31,0x86,0x31,0x86,0x31,0x86,0x31,0x86,0x31,0x86,0x31,0x86,0x31,0x86,0x31,0x86,0x31,
	0x86,0x31,0x86,0x31,0x86,0x31,0x86,0x31,0x86,0x31,0x86,0x31,0x86,0x31,0x86,0x31,0x86,0x31,0x86,0x31,0x86,0x31,0x86,0x31,0x86,0x31,0x86,0x31,0x86,0x31,0x86,0x31,0x86,0x31,0x86,0x31,0x86,0x31,0x86,0x31,0x86,0x31,0x86,0x31,0x86,0x31,0x86,0x31,0x86,0x31,0x86,0x31,0x86,0x31,0x86,0x31,0x86,0x31,0x86,0x31,0x86,0x31,0x86,0x31,
	0x86,0x31,0x86,0x31,0x86,0x31,0x86,0x31,0x86,0x31,0x86,0x31,0x86,0x31,0x86,0x31,0x86,0x31,0x86,0x31,0x86,0x31,0x86,0x31,0x86,0x31,0x86,0x31,0x86,0x31,0x86,0x31,0x86,0x31,0x86,0x31,0x86,0x31,0x86,0x31,0x86,0x31,0x86,0x31,0x86,0x31,0x86,0x31,0x86,0x31,0x86,0x31,0x86,0x31,0x86,0x31,0x86,0x31,0x86,0x31,0x24,0x21,0xE3,0x18,
	0xC3,0x18,0x04,0x21,0x86,0x31,0x86,0x31,0x86,0x31,0x86,0x31,0x86,0x31,0x86,0x31,0x86,0x31,0x86,0x31,0x86,0x31,0x86,0x31,0x86,0x31,0x86,0x31,0x86,0x31,0x86,0x31,0x86,0x31,0x86,0x31,0x86,0x31,0x86,0x31,0x86,0x31,0x86,0x31,0x86,0x31,0x86,0x31,0x86,0x31,0x86,0x31,0x86,0x31,0x86,0x31,0x86,0x31,0x86,0x31,0x86,0x31,0x86,0x31,
	0x86,0x31,0x86,0x31,0x86,0x31,0x86,0x31,0x86,0x31,0x86,0x31,0x86,0x31,0x86,0x31,0x86,0x31,0x86,0x31,0x86,0x31,0x86,0x31,0x86,0x31,0x86,0x31,0x86,0x31,0x86,0x31,0x86,0x31,0x86,0x31,0x86,0x31,0x86,0x31,0x86,0x31,0x86,0x31,0x86,0x31,0x86,0x31,0x86,0x31,0x86,0x31,0x86,0x31,0x86,0x31,0x86,0x31,0x86,0x31,0x86,0x31,0x86,0x31,
	0x86,0x31,0x86,0x31,0x86,0x31,0x86,0x31,0x86,0x31,0x86,0x31,0x86,0x31,0x86,0x31,0x86,0x31,0x86,0x31,0x86,0x31,0x86,0x31,0x86,0x31,0x86,0x31,0x86,0x31,0x86,0x31,0x86,0x31,0x86,0x31,0x86,0x31,0x86,0x31,0x86,0x31,0x86,0x31,0x86,0x31,0x86,0x31,0x86,0x31,0x86,0x31,0x86,0x31,0x86,0x31,0x86,0x31,0x86,0x31,0x86,0x31,0x86,0x31,
	0x86,0x31,0x86,0x31,0x86,0x31,0x86,0x31,0x86,0x31,0x86,0x31,0x04,0x21,0xC3,0x18,0xA2,0x10,0xE3,0x18,0x86,0x31,0x86,0x31,0x86,0x31,0x86,0x31,0x86,0x31,0x86,0x31,0x86,0x31,0x86,0x31,0x86,0x31,0x86,0x31,0x86,0x31,0x86,0x31,0x86,0x31,0x86,0x31,0x86,0x31,0x86,0x31,0x86,0x31,0x86,0x31,0x86,0x31,0x86,0x31,0x86,0x31,0x86,0x31,
	0x86,0x31,0x86,0x31,0x86,0x31,0x86,0x31,0x86,0x31,0x86,0x31,0x86,0x31,0x86,0x31,0x86,0x31,0x86,0x31,0x86,0x31,0x86,0x31,0x86,0x31,0x86,0x31,0x86,0x31,0x86,0x31,0x86,0x31,0x86,0x31,0x86,0x31,0x86,0x31,0x86,0x31,0x86,0x31,0x86,0x31,0x86,0x31,0x86,0x31,0x86,0x31,0x86,0x31,0x86,0x31,0x86,0x31,0x86,0x31,0x86,0x31,0x86,0x31,
	0x86,0x31,0x86,0x31,0x86,0x31,0x86,0x31,0x86,0x31,0x86,0x31,0x86,0x31,0x86,0x31,0x86,0x31,0x86,0x31,0x86,0x31,0x86,0x31,0x86,0x31,0x86,0x31,0x86,0x31,0x86,0x31,0x86,0x31,0x86,0x31,0x86,0x31,0x86,0x31,0x86,0x31,0x86,0x31,0x86,0x31,0x86,0x31,0x86,0x31,0x86,0x31,0x86,0x31,0x86,0x31,0x86,0x31,0x86,0x31,0x86,0x31,0x86,0x31,
	0x86,0x31,0x86,0x31,0x86,0x31,0x86,0x31,0x86,0x31,0x86,0x31,0x86,0x31,0x86,0x31,0x86,0x31,0x86,0x31,0x86,0x31,0x86,0x31,0x86,0x31,0x86,0x31,0xE3,0x18,0xA2,0x10,0x61,0x08,0xE3,0x18,0x86,0x31,0x86,0x31,0x86,0x31,0x86,0x31,0x86,0x31,0x86,0x31,0x86,0x31,0x86,0x31,0x86,0x31,0x86,0x31,0x86,0x31,0x86,0x31,0x86,0x31,0x86,0x31,
	0x86,0x31,0x86,0x31,0x86,0x31,0x86,0x31,0x86,0x31,0x86,0x31,0x86,0x31,0x86,0x31,0x86,0x31,0x86,0x31,0x86,0x31,0x86,0x31,0x86,0x31,0x86,0x31,0x86,0x31,0x86,0x31,0x86,0x31,0x86,0x31,0x86,0x31,0x86,0x31,0x86,0x31,0x86,0x31,0x86,0x31,0x86,0x31,0x86,0x31,0x86,0x31,0x86,0x31,0x86,0x31,0x86,0x31,0x86,0x31,0x86,0x31,0x86,0x31,
	0x86,0x31,0x86,0x31,0x86,0x31,0x86,0x31,0x86,0x31,0x86,0x31,0x86,0x31,0x86,0x31,0x86,0x31,0x86,0x31,0x86,0x31,0x86,0x31,0x86,0x31,0x86,0x31,0x86,0x31,0x86,0x31,0x86,0x31,0x86,0x31,0x86,0x31,0x86,0x31,0x86,0x31,0x86,0x31,0x86,0x31,0x86,0x31,0x86,0x31,0x86,0x31,0x86,0x31,0x86,0x31,0x86,0x31,0x86,0x31,0x86,0x31,0x86,0x31,
	0x86,0x31,0x86,0x31,0x86,0x31,0x86,0x31,0x86,0x31,0x86,0x31,0x86,0x31,0x86,0x31,0x86,0x31,0x86,0x31,0x86,0x31,0x86,0x31,0x86,0x31,0x86,0x31,0x86,0x31,0x86,0x31,0x86,0x31,0x86,0x31,0x86,0x31,0x86,0x31,0x86,0x31,0x86,0x31,0xE3,0x18,0x61,0x08,0x20,0x00,0xC2,0x10,0x86,0x31,0x86,0x31,0x86,0x31,0x86,0x31,0x86,0x31,0x86,0x31,
	0x86,0x31,0x86,0x31,0x86,0x31,0x86,0x31,0x86,0x31,0x86,0x31,0x86,0x31,0x86,0x31,0x86,0x31,0x86,0x31,0x86,0x31,0x86,0x31,0x86,0x31,0x86,0x31,0x86,0x31,0x86,0x31,0x86,0x31,0x86,0x31,0x86,0x31,0x86,0x31,0x86,0x31,0x86,0x31,0x86,0x31,0x86,0x31,0x86,0x31,0x86,0x31,0x86,0x31,0x86,0x31,0x86,0x31,0x86,0x31,0x86,0x31,0x86,0x31,
	0x86,0x31,0x86,0x31,0x86,0x31,0x86,0x31,0x86,0x31,0x86,0x31,0x86,0x31,0x86,0x31,0x86,0x31,0x86,0x31,0x86,0x31,0x86,0x31,0x86,0x31,0x86,0x31,0x86,0x31,0x86,0x31,0x86,0x31,0x86,0x31,0x86,0x31,0x86,0x31,0x86,0x31,0x86,0x31,0x86,0x31,0x86,0x31,0x86,0x31,0x86,0x31,0x86,0x31,0x86,0x31,0x86,0x31,0x86,0x31,0x86,0x31,0x86,0x31,
	0x86,0x31,0x86,0x31,0x86,0x31,0x86,0x31,0x86,0x31,0x86,0x31,0x86,0x31,0x86,0x31,0x86,0x31,0x86,0x31,0x86,0x31,0x86,0x31,0x86,0x31,0x86,0x31,0x86,0x31,0x86,0x31,0x86,0x31,0x86,0x31,0x86,0x31,0x86,0x31,0x86,0x31,0x86,0x31,0x86,0x31,0x86,0x31,0x86,0x31,0x86,0x31,0x86,0x31,0x86,0x31,0x86,0x31,0x86,0x31,0xC2,0x10,0x20,0x00,
	0x00,0x00,0xA2,0x10,0x86,0x31,0x86,0x31,0x86,0x31,0x86,0x31,0x86,0x31,0x86,0x31,0x86,0x31,0x86,0x31,0x86,0x31,0x86,0x31,0x86,0x31,0x86,0x31,0x86,0x31,0x86,0x31,0x86,0x31,0x86,0x31,0x86,0x31,0x86,0x31,0x86,0x31,0x86,0x31,0x86,0x31,0x86,0x31,0x86,0x31,0x86,0x31,0x86,0x31,0x86,0x31,0x86,0x31,0x86,0x31,0x86,0x31,0x86,0x31,
	0x86,0x31,0x86,0x31,0x86,0x31,0x86,0x31,0x86,0x31,0x86,0x31,0x86,0x31,0x86,0x31,0x86,0x31,0x86,0x31,0x86,0x31,0x86,0x31,0x86,0x31,0x86,0x31,0x86,0x31,0x86,0x31,0x86,0x31,0x86,0x31,0x86,0x31,0x86,0x31,0x86,0x31,0x86,0x31,0x86,0x31,0x86,0x31,0x86,0x31,0x86,0x31,0x86,0x31,0x86,0x31,0x86,0x31,0x86,0x31,0x86,0x31,0x86,0x31,
	0x86,0x31,0x86,0x31,0x86,0x31,0x86,0x31,0x86,0x31,0x86,0x31,0x86,0x31,0x86,0x31,0x86,0x31,0x86,0x31,0x86,0x31,0x86,0x31,0x86,0x31,0x86,0x31,0x86,0x31,0x86,0x31,0x86,0x31,0x86,0x31,0x86,0x31,0x86,0x31,0x86,0x31,0x86,0x31,0x86,0x31,0x86,0x31,0x86,0x31,0x86,0x31,0x86,0x31,0x86,0x31,0x86,0x31,0x86,0x31,0x86,0x31,0x86,0x31,
	0x86,0x31,0x86,0x31,0x86,0x31,0x86,0x31,0x86,0x31,0x86,0x31,0xA2,0x10,0x00,0x00,0x00,0x00,0x82,0x10,0x45,0x29,0x86,0x31,0x86,0x31,0x86,0x31,0x86,0x31,0x86,0x31,0x86,0x31,0x86,0x31,0x86,0x31,0x86,0x31,0x86,0x31,0x86,0x31,0x86,0x31,0x86,0x31,0x86,0x31,0x86,0x31,0x86,0x31,0x86,0x31,0x86,0x31,0x86,0x31,0x86,0x31,0x86,0x31,
	0x86,0x31,0x86,0x31,0x86,0x31,0x86,0x31,0x86,0x31,0x86,0x31,0x86,0x31,0x86,0x31,0x86,0x31,0x86,0x31,0x86,0x31,0x86,0x31,0x86,0x31,0x86,0x31,0x86,0x31,0x86,0x31,0x86,0x31,0x86,0x31,0x86,0x31,0x86,0x31,0x86,0x31,0x86,0x31,0x86,0x31,0x86,0x31,0x86,0x31,0x86,0x31,0x86,0x31,0x86,0x31,0x86,0x31,0x86,0x31,0x86,0x31,0x86,0x31,
	0x86,0x31,0x86,0x31,0x86,0x31,0x86,0x31,0x86,0x31,0x86,0x31,0x86,0x31,0x86,0x31,0x86,0x31,0x86,0x31,0x86,0x31,0x86,0x31,0x86,0x31,0x86,0x31,0x86,0x31,0x86,0x31,0x86,0x31,0x86,0x31,0x86,0x31,0x86,0x31,0x86,0x31,0x86,0x31,0x86,0x31,0x86,0x31,0x86,0x31,0x86,0x31,0x86,0x31,0x86,0x31,0x86,0x31,0x86,0x31,0x86,0x31,0x86,0x31,
	0x86,0x31,0x86,0x31,0x86,0x31,0x86,0x31,0x86,0x31,0x86,0x31,0x86,0x31,0x86,0x31,0x86,0x31,0x86,0x31,0x86,0x31,0x86,0x31,0x86,0x31,0x45,0x29,0x82,0x10,0x00,0x00,0x00,0x00,0x61,0x08,0x24,0x21,0x65,0x29,0x86,0x31,0x86,0x31,0x86,0x31,0x86,0x31,0x86,0x31,0x86,0x31,0x86,0x31,0x86,0x31,0x86,0x31,0x86,0x31,0x86,0x31,0x86,0x31,
	0x86,0x31,0x86,0x31,0x86,0x31,0x86,0x31,0x86,0x31,0x86,0x31,0x86,0x31,0x86,0x31,0x86,0x31,0x86,0x31,0x86,0x31,0x86,0x31,0x86,0x31,0x86,0x31,0x86,0x31,0x86,0x31,0x86,0x31,0x86,0x31,0x86,0x31,0x86,0x31,0x86,0x31,0x86,0x31,0x86,0x31,0x86,0x31,0x86,0x31,0x86,0x31,0x86,0x31,0x86,0x31,0x86,0x31,0x86,0x31,0x86,0x31,0x86,0x31,
	0x86,0x31,0x86,0x31,0x86,0x31,0x86,0x31,0x86,0x31,0x86,0x31,0x86,0x31,0x86,0x31,0x86,0x31,0x86,0x31,0x86,0x31,0x86,0x31,0x86,0x31,0x86,0x31,0x86,0x31,0x86,0x31,0x86,0x31,0x86,0x31,0x86,0x31,0x86,0x31,0x86,0x31,0x86,0x31,0x86,0x31,0x86,0x31,0x86,0x31,0x86,0x31,0x86,0x31,0x86,0x31,0x86,0x31,0x86,0x31,0x86,0x31,0x86,0x31,
	0x86,0x31,0x86,0x31,0x86,0x31,0x86,0x31,0x86,0x31,0x86,0x31,0x86,0x31,0x86,0x31,0x86,0x31,0x86,0x31,0x86,0x31,0x86,0x31,0x86,0x31,0x86,0x31,0x86,0x31,0x86,0x31,0x86,0x31,0x86,0x31,0x86,0x31,0x86,0x31,0x65,0x29,0x24,0x21,0x61,0x08,0x00,0x00,0x00,0x00,0x41,0x08,0xC3,0x18,0x45,0x29,0x86,0x31,0x86,0x31,0x86,0x31,0x86,0x31,
	0x86,0x31,0x86,0x31,0x86,0x31,0x86,0x31,0x86,0x31,0x86,0x31,0x86,0x31,0x86,0x31,0x86,0x31,0x86,0x31,0x86,0x31,0x86,0x31,0x86,0x31,0x86,0x31,0x86,0x31,0x86,0x31,0x86,0x31,0x86,0x31,0x86,0x31,0x86,0x31,0x86,0x31,0x86,0x31,0x86,0x31,0x86,0x31,0x86,0x31,0x86,0x31,0x86,0x31,0x86,0x31,0x86,0x31,0x86,0x31,0x86,0x31,0x86,0x31,
	0x86,0x31,0x86,0x31,0x86,0x31,0x86,0x31,0x86,0x31,0x86,0x31,0x86,0x31,0x86,0x31,0x86,0x31,0x86,0x31,0x86,0x31,0x86,0x31,0x86,0x31,0x86,0x31,0x86,0x31,0x86,0x31,0x86,0x31,0x86,0x31,0x86,0x31,0x86,0x31,0x86,0x31,0x86,0x31,0x86,0x31,0x86,0x31,0x86,0x31,0x86,0x31,0x86,0x31,0x86,0x31,0x86,0x31,0x86,0x31,0x86,0x31,0x86,0x31,
	0x86,0x31,0x86,0x31,0x86,0x31,0x86,0x31,0x86,0x31,0x86,0x31,0x86,0x31,0x86,0x31,0x86,0x31,0x86,0x31,0x86,0x31,0x86,0x31,0x86,0x31,0x86,0x31,0x86,0x31,0x86,0x31,0x86,0x31,0x86,0x31,0x86,0x31,0x86,0x31,0x86,0x31,0x86,0x31,0x86,0x31,0x86,0x31,0x86,0x31,0x86,0x31,0x86,0x31,0x86,0x31,0x45,0x29,0xC3,0x18,0x41,0x08,0x00,0x00,
	0x00,0x00,0x00,0x00,0x61,0x08,0x24,0x21,0x86,0x31,0x86,0x31,0x86,0x31,0x86,0x31,0x86,0x31,0x86,0x31,0x86,0x31,0x86,0x31,0x86,0x31,0x86,0x31,0x86,0x31,0x86,0x31,0x86,0x31,0x86,0x31,0x86,0x31,0x86,0x31,0x86,0x31,0x86,0x31,0x86,0x31,0x86,0x31,0x86,0x31,0x86,0x31,0x86,0x31,0x86,0x31,0x86,0x31,0x86,0x31,0x86,0x31,0x86,0x31,
	0x86,0x31,0x86,0x31,0x86,0x31,0x86,0x31,0x86,0x31,0x86,0x31,0x86,0x31,0x86,0x31,0x86,0x31,0x86,0x31,0x86,0x31,0x86,0x31,0x86,0x31,0x86,0x31,0x86,0x31,0x86,0x31,0x86,0x31,0x86,0x31,0x86,0x31,0x86,0x31,0x86,0x31,0x86,0x31,0x86,0x31,0x86,0x31,0x86,0x31,0x86,0x31,0x86,0x31,0x86,0x31,0x86,0x31,0x86,0x31,0x86,0x31,0x86,0x31,
	0x86,0x31,0x86,0x31,0x86,0x31,0x86,0x31,0x86,0x31,0x86,0x31,0x86,0x31,0x86,0x31,0x86,0x31,0x86,0x31,0x86,0x31,0x86,0x31,0x86,0x31,0x86,0x31,0x86,0x31,0x86,0x31,0x86,0x31,0x86,0x31,0x86,0x31,0x86,0x31,0x86,0x31,0x86,0x31,0x86,0x31,0x86,0x31,0x86,0x31,0x86,0x31,0x86,0x31,0x86,0x31,0x86,0x31,0x86,0x31,0x86,0x31,0x86,0x31,
	0x86,0x31,0x86,0x31,0x86,0x31,0x86,0x31,0x24,0x21,0x61,0x08,0x00,0x00,0x00,0x00,0x00,0x00,0x00,0x00,0x20,0x00,0x04,0x21,0x86,0x31,0x86,0x31,0x86,0x31,0x86,0x31,0x86,0x31,0x86,0x31,0x86,0x31,0x86,0x31,0x86,0x31,0x86,0x31,0x86,0x31,0x86,0x31,0x86,0x31,0x86,0x31,0x86,0x31,0x86,0x31,0x86,0x31,0x86,0x31,0x86,0x31,0x86,0x31,
	0x86,0x31,0x86,0x31,0x86,0x31,0x86,0x31,0x86,0x31,0x86,0x31,0x86,0x31,0x86,0x31,0x86,0x31,0x86,0x31,0x86,0x31,0x86,0x31,0x86,0x31,0x86,0x31,0x86,0x31,0x86,0x31,0x86,0x31,0x86,0x31,0x86,0x31,0x86,0x31,0x86,0x31,0x86,0x31,0x86,0x31,0x86,0x31,0x86,0x31,0x86,0x31,0x86,0x31,0x86,0x31,0x86,0x31,0x86,0x31,0x86,0x31,0x86,0x31,
	0x86,0x31,0x86,0x31,0x86,0x31,0x86,0x31,0x86,0x31,0x86,0x31,0x86,0x31,0x86,0x31,0x86,0x31,0x86,0x31,0x86,0x31,0x86,0x31,0x86,0x31,0x86,0x31,0x86,0x31,0x86,0x31,0x86,0x31,0x86,0x31,0x86,0x31,0x86,0x31,0x86,0x31,0x86,0x31,0x86,0x31,0x86,0x31,0x86,0x31,0x86,0x31,0x86,0x31,0x86,0x31,0x86,0x31,0x86,0x31,0x86,0x31,0x86,0x31,
	0x86,0x31,0x86,0x31,0x86,0x31,0x86,0x31,0x86,0x31,0x86,0x31,0x86,0x31,0x86,0x31,0x86,0x31,0x86,0x31,0x86,0x31,0x86,0x31,0x04,0x21,0x20,0x00,0x00,0x00,0x00,0x00,0x00,0x00,0x00,0x00,0x00,0x00,0xE3,0x18,0x65,0x29,0x86,0x31,0x86,0x31,0x86,0x31,0x86,0x31,0x86,0x31,0x86,0x31,0x86,0x31,0x86,0x31,0x86,0x31,0x86,0x31,0x86,0x31,
	0x86,0x31,0x86,0x31,0x86,0x31,0x86,0x31,0x86,0x31,0x86,0x31,0x86,0x31,0x86,0x31,0x86,0x31,0x86,0x31,0x86,0x31,0x86,0x31,0x86,0x31,0x86,0x31,0x86,0x31,0x86,0x31,0x86,0x31,0x86,0x31,0x86,0x31,0x86,0x31,0x86,0x31,0x86,0x31,0x86,0x31,0x86,0x31,0x86,0x31,0x86,0x31,0x86,0x31,0x86,0x31,0x86,0x31,0x86,0x31,0x86,0x31,0x86,0x31,
	0x86,0x31,0x86,0x31,0x86,0x31,0x86,0x31,0x86,0x31,0x86,0x31,0x86,0x31,0x86,0x31,0x86,0x31,0x86,0x31,0x86,0x31,0x86,0x31,0x86,0x31,0x86,0x31,0x86,0x31,0x86,0x31,0x86,0x31,0x86,0x31,0x86,0x31,0x86,0x31,0x86,0x31,0x86,0x31,0x86,0x31,0x86,0x31,0x86,0x31,0x86,0x31,0x86,0x31,0x86,0x31,0x86,0x31,0x86,0x31,0x86,0x31,0x86,0x31,
	0x86,0x31,0x86,0x31,0x86,0x31,0x86,0x31,0x86,0x31,0x86,0x31,0x86,0x31,0x86,0x31,0x86,0x31,0x86,0x31,0x86,0x31,0x86,0x31,0x86,0x31,0x86,0x31,0x86,0x31,0x86,0x31,0x86,0x31,0x86,0x31,0x86,0x31,0x65,0x29,0xE3,0x18,0x00,0x00,0x00,0x00,0x00,0x00,0x00,0x00,0x00,0x00,0x00,0x00,0xA2,0x10,0x24,0x21,0x66,0x31,0x86,0x31,0x86,0x31,
	0x86,0x31,0x86,0x31,0x86,0x31,0x86,0x31,0x86,0x31,0x86,0x31,0x86,0x31,0x86,0x31,0x86,0x31,0x86,0x31,0x86,0x31,0x86,0x31,0x86,0x31,0x86,0x31,0x86,0x31,0x86,0x31,0x86,0x31,0x86,0x31,0x86,0x31,0x86,0x31,0x86,0x31,0x86,0x31,0x86,0x31,0x86,0x31,0x86,0x31,0x86,0x31,0x86,0x31,0x86,0x31,0x86,0x31,0x86,0x31,0x86,0x31,0x86,0x31,
	0x86,0x31,0x86,0x31,0x86,0x31,0x86,0x31,0x86,0x31,0x86,0x31,0x86,0x31,0x86,0x31,0x86,0x31,0x86,0x31,0x86,0x31,0x86,0x31,0x86,0x31,0x86,0x31,0x86,0x31,0x86,0x31,0x86,0x31,0x86,0x31,0x86,0x31,0x86,0x31,0x86,0x31,0x86,0x31,0x86,0x31,0x86,0x31,0x86,0x31,0x86,0x31,0x86,0x31,0x86,0x31,0x86,0x31,0x86,0x31,0x86,0x31,0x86,0x31,
	0x86,0x31,0x86,0x31,0x86,0x31,0x86,0x31,0x86,0x31,0x86,0x31,0x86,0x31,0x86,0x31,0x86,0x31,0x86,0x31,0x86,0x31,0x86,0x31,0x86,0x31,0x86,0x31,0x86,0x31,0x86,0x31,0x86,0x31,0x86,0x31,0x86,0x31,0x86,0x31,0x86,0x31,0x86,0x31,0x86,0x31,0x86,0x31,0x86,0x31,0x86,0x31,0x66,0x31,0x24,0x21,0xA2,0x10,0x00,0x00,0x00,0x00,0x00,0x00,
	0x00,0x00,0x00,0x00,0x00,0x00,0x41,0x08,0xC3,0x18,0x65,0x29,0x86,0x31,0x86,0x31,0x86,0x31,0x86,0x31,0x86,0x31,0x86,0x31,0x86,0x31,0x86,0x31,0x86,0x31,0x86,0x31,0x86,0x31,0x86,0x31,0x86,0x31,0x86,0x31,0x86,0x31,0x86,0x31,0x86,0x31,0x86,0x31,0x86,0x31,0x86,0x31,0x86,0x31,0x86,0x31,0x86,0x31,0x86,0x31,0x86,0x31,0x86,0x31,
	0x86,0x31,0x86,0x31,0x86,0x31,0x86,0x31,0x86,0x31,0x86,0x31,0x86,0x31,0x86,0x31,0x86,0x31,0x86,0x31,0x86,0x31,0x86,0x31,0x86,0x31,0x86,0x31,0x86,0x31,0x86,0x31,0x86,0x31,0x86,0x31,0x86,0x31,0x86,0x31,0x86,0x31,0x86,0x31,0x86,0x31,0x86,0x31,0x86,0x31,0x86,0x31,0x86,0x31,0x86,0x31,0x86,0x31,0x86,0x31,0x86,0x31,0x86,0x31,
	0x86,0x31,0x86,0x31,0x86,0x31,0x86,0x31,0x86,0x31,0x86,0x31,0x86,0x31,0x86,0x31,0x86,0x31,0x86,0x31,0x86,0x31,0x86,0x31,0x86,0x31,0x86,0x31,0x86,0x31,0x86,0x31,0x86,0x31,0x86,0x31,0x86,0x31,0x86,0x31,0x86,0x31,0x86,0x31,0x86,0x31,0x86,0x31,0x86,0x31,0x86,0x31,0x86,0x31,0x86,0x31,0x86,0x31,0x86,0x31,0x86,0x31,0x86,0x31,
	0x86,0x31,0x86,0x31,0x65,0x29,0xC3,0x18,0x41,0x08,0x00,0x00,0x00,0x00,0x00,0x00,0x00,0x00,0x00,0x00,0x00,0x00,0x00,0x00,0x61,0x08,0x45,0x29,0x86,0x31,0x86,0x31,0x86,0x31,0x86,0x31,0x86,0x31,0x86,0x31,0x86,0x31,0x86,0x31,0x86,0x31,0x86,0x31,0x86,0x31,0x86,0x31,0x86,0x31,0x86,0x31,0x86,0x31,0x86,0x31,0x86,0x31,0x86,0x31,
	0x86,0x31,0x86,0x31,0x86,0x31,0x86,0x31,0x86,0x31,0x86,0x31,0x86,0x31,0x86,0x31,0x86,0x31,0x86,0x31,0x86,0x31,0x86,0x31,0x86,0x31,0x86,0x31,0x86,0x31,0x86,0x31,0x86,0x31,0x86,0x31,0x86,0x31,0x86,0x31,0x86,0x31,0x86,0x31,0x86,0x31,0x86,0x31,0x86,0x31,0x86,0x31,0x86,0x31,0x86,0x31,0x86,0x31,0x86,0x31,0x86,0x31,0x86,0x31,
	0x86,0x31,0x86,0x31,0x86,0x31,0x86,0x31,0x86,0x31,0x86,0x31,0x86,0x31,0x86,0x31,0x86,0x31,0x86,0x31,0x86,0x31,0x86,0x31,0x86,0x31,0x86,0x31,0x86,0x31,0x86,0x31,0x86,0x31,0x86,0x31,0x86,0x31,0x86,0x31,0x86,0x31,0x86,0x31,0x86,0x31,0x86,0x31,0x86,0x31,0x86,0x31,0x86,0x31,0x86,0x31,0x86,0x31,0x86,0x31,0x86,0x31,0x86,0x31,
	0x86,0x31,0x86,0x31,0x86,0x31,0x86,0x31,0x86,0x31,0x86,0x31,0x86,0x31,0x86,0x31,0x86,0x31,0x86,0x31,0x45,0x29,0x61,0x08,0x00,0x00,0x00,0x00,0x00,0x00,0x00,0x00,0x00,0x00,0x00,0x00,0x00,0x00,0x00,0x00,0x40,0x00,0x04,0x21,0x65,0x29,0x86,0x31,0x86,0x31,0x86,0x31,0x86,0x31,0x86,0x31,0x86,0x31,0x86,0x31,0x86,0x31,0x86,0x31,
	0x86,0x31,0x86,0x31,0x86,0x31,0x86,0x31,0x86,0x31,0x86,0x31,0x86,0x31,0x86,0x31,0x86,0x31,0x86,0x31,0x86,0x31,0x86,0x31,0x86,0x31,0x86,0x31,0x86,0x31,0x86,0x31,0x86,0x31,0x86,0x31,0x86,0x31,0x86,0x31,0x86,0x31,0x86,0x31,0x86,0x31,0x86,0x31,0x86,0x31,0x86,0x31,0x86,0x31,0x86,0x31,0x86,0x31,0x86,0x31,0x86,0x31,0x86,0x31,
	0x86,0x31,0x86,0x31,0x86,0x31,0x86,0x31,0x86,0x31,0x86,0x31,0x86,0x31,0x86,0x31,0x86,0x31,0x86,0x31,0x86,0x31,0x86,0x31,0x86,0x31,0x86,0x31,0x86,0x31,0x86,0x31,0x86,0x31,0x86,0x31,0x86,0x31,0x86,0x31,0x86,0x31,0x86,0x31,0x86,0x31,0x86,0x31,0x86,0x31,0x86,0x31,0x86,0x31,0x86,0x31,0x86,0x31,0x86,0x31,0x86,0x31,0x86,0x31,
	0x86,0x31,0x86,0x31,0x86,0x31,0x86,0x31,0x86,0x31,0x86,0x31,0x86,0x31,0x86,0x31,0x86,0x31,0x86,0x31,0x86,0x31,0x86,0x31,0x86,0x31,0x86,0x31,0x86,0x31,0x86,0x31,0x86,0x31,0x65,0x29,0x04,0x21,0x40,0x00,0x00,0x00,0x00,0x00,0x00,0x00,0x00,0x00,0x00,0x00,0x00,0x00,0x00,0x00,0x00,0x00,0x20,0x00,0xC2,0x10,0x24,0x21,0x86,0x31,
	0x86,0x31,0x86,0x31,0x86,0x31,0x86,0x31,0x86,0x31,0x86,0x31,0x86,0x31,0x86,0x31,0x86,0x31,0x86,0x31,0x86,0x31,0x86,0x31,0x86,0x31,0x86,0x31,0x86,0x31,0x86,0x31,0x86,0x31,0x86,0x31,0x86,0x31,0x86,0x31,0x86,0x31,0x86,0x31,0x86,0x31,0x86,0x31,0x86,0x31,0x86,0x31,0x86,0x31,0x86,0x31,0x86,0x31,0x86,0x31,0x86,0x31,0x86,0x31,
	0x86,0x31,0x86,0x31,0x86,0x31,0x86,0x31,0x86,0x31,0x86,0x31,0x86,0x31,0x86,0x31,0x86,0x31,0x86,0x31,0x86,0x31,0x86,0x31,0x86,0x31,0x86,0x31,0x86,0x31,0x86,0x31,0x86,0x31,0x86,0x31,0x86,0x31,0x86,0x31,0x86,0x31,0x86,0x31,0x86,0x31,0x86,0x31,0x86,0x31,0x86,0x31,0x86,0x31,0x86,0x31,0x86,0x31,0x86,0x31,0x86,0x31,0x86,0x31,
	0x86,0x31,0x86,0x31,0x86,0x31,0x86,0x31,0x86,0x31,0x86,0x31,0x86,0x31,0x86,0x31,0x86,0x31,0x86,0x31,0x86,0x31,0x86,0x31,0x86,0x31,0x86,0x31,0x86,0x31,0x86,0x31,0x86,0x31,0x86,0x31,0x86,0x31,0x86,0x31,0x86,0x31,0x86,0x31,0x86,0x31,0x86,0x31,0x86,0x31,0x24,0x21,0xC2,0x10,0x20,0x00,0x00,0x00,0x00,0x00,0x00,0x00,0x00,0x00,
	0x00,0x00,0x00,0x00,0x00,0x00,0x00,0x00,0x00,0x00,0x40,0x00,0xE3,0x18,0x86,0x31,0x86,0x31,0x86,0x31,0x86,0x31,0x86,0x31,0x86,0x31,0x86,0x31,0x86,0x31,0x86,0x31,0x86,0x31,0x86,0x31,0x86,0x31,0x86,0x31,0x86,0x31,0x86,0x31,0x86,0x31,0x86,0x31,0x86,0x31,0x86,0x31,0x86,0x31,0x86,0x31,0x86,0x31,0x86,0x31,0x86,0x31,0x86,0x31,
	0x86,0x31,0x86,0x31,0x86,0x31,0x86,0x31,0x86,0x31,0x86,0x31,0x86,0x31,0x86,0x31,0x86,0x31,0x86,0x31,0x86,0x31,0x86,0x31,0x86,0x31,0x86,0x31,0x86,0x31,0x86,0x31,0x86,0x31,0x86,0x31,0x86,0x31,0x86,0x31,0x86,0x31,0x86,0x31,0x86,0x31,0x86,0x31,0x86,0x31,0x86,0x31,0x86,0x31,0x86,0x31,0x86,0x31,0x86,0x31,0x86,0x31,0x86,0x31,
	0x86,0x31,0x86,0x31,0x86,0x31,0x86,0x31,0x86,0x31,0x86,0x31,0x86,0x31,0x86,0x31,0x86,0x31,0x86,0x31,0x86,0x31,0x86,0x31,0x86,0x31,0x86,0x31,0x86,0x31,0x86,0x31,0x86,0x31,0x86,0x31,0x86,0x31,0x86,0x31,0x86,0x31,0x86,0x31,0x86,0x31,0x86,0x31,0x86,0x31,0x86,0x31,0x86,0x31,0x86,0x31,0x86,0x31,0x86,0x31,0x86,0x31,0x86,0x31,
	0x86,0x31,0xE3,0x18,0x40,0x00,0x00,0x00,0x00,0x00,0x00,0x00,0x00,0x00,0x00,0x00,0x00,0x00,0x00,0x00,0x00,0x00,0x00,0x00,0x00,0x00,0x00,0x00,0xA2,0x10,0x44,0x21,0x65,0x29,0x86,0x31,0x86,0x31,0x86,0x31,0x86,0x31,0x86,0x31,0x86,0x31,0x86,0x31,0x86,0x31,0x86,0x31,0x86,0x31,0x86,0x31,0x86,0x31,0x86,0x31,0x86,0x31,0x86,0x31,
	0x86,0x31,0x86,0x31,0x86,0x31,0x86,0x31,0x86,0x31,0x86,0x31,0x86,0x31,0x86,0x31,0x86,0x31,0x86,0x31,0x86,0x31,0x86,0x31,0x86,0x31,0x86,0x31,0x86,0x31,0x86,0x31,0x86,0x31,0x86,0x31,0x86,0x31,0x86,0x31,0x86,0x31,0x86,0x31,0x86,0x31,0x86,0x31,0x86,0x31,0x86,0x31,0x86,0x31,0x86,0x31,0x86,0x31,0x86,0x31,0x86,0x31,0x86,0x31,
	0x86,0x31,0x86,0x31,0x86,0x31,0x86,0x31,0x86,0x31,0x86,0x31,0x86,0x31,0x86,0x31,0x86,0x31,0x86,0x31,0x86,0x31,0x86,0x31,0x86,0x31,0x86,0x31,0x86,0x31,0x86,0x31,0x86,0x31,0x86,0x31,0x86,0x31,0x86,0x31,0x86,0x31,0x86,0x31,0x86,0x31,0x86,0x31,0x86,0x31,0x86,0x31,0x86,0x31,0x86,0x31,0x86,0x31,0x86,0x31,0x86,0x31,0x86,0x31,
	0x86,0x31,0x86,0x31,0x86,0x31,0x86,0x31,0x86,0x31,0x86,0x31,0x86,0x31,0x65,0x29,0x44,0x21,0xA2,0x10,0x00,0x00,0x00,0x00,0x00,0x00,0x00,0x00,0x00,0x00,0x00,0x00,0x00,0x00,0x00,0x00,0x00,0x00,0x00,0x00,0x00,0x00,0x00,0x00,0x40,0x00,0xC2,0x10,0x45,0x29,0x86,0x31,0x86,0x31,0x86,0x31,0x86,0x31,0x86,0x31,0x86,0x31,0x86,0x31,
	0x86,0x31,0x86,0x31,0x86,0x31,0x86,0x31,0x86,0x31,0x86,0x31,0x86,0x31,0x86,0x31,0x86,0x31,0x86,0x31,0x86,0x31,0x86,0x31,0x86,0x31,0x86,0x31,0x86,0x31,0x86,0x31,0x86,0x31,0x86,0x31,0x86,0x31,0x86,0x31,0x86,0x31,0x86,0x31,0x86,0x31,0x86,0x31,0x86,0x31,0x86,0x31,0x86,0x31,0x86,0x31,0x86,0x31,0x86,0x31,0x86,0x31,0x86,0x31,
	0x86,0x31,0x86,0x31,0x86,0x31,0x86,0x31,0x86,0x31,0x86,0x31,0x86,0x31,0x86,0x31,0x86,0x31,0x86,0x31,0x86,0x31,0x86,0x31,0x86,0x31,0x86,0x31,0x86,0x31,0x86,0x31,0x86,0x31,0x86,0x31,0x86,0x31,0x86,0x31,0x86,0x31,0x86,0x31,0x86,0x31,0x86,0x31,0x86,0x31,0x86,0x31,0x86,0x31,0x86,0x31,0x86,0x31,0x86,0x31,0x86,0x31,0x86,0x31,
	0x86,0x31,0x86,0x31,0x86,0x31,0x86,0x31,0x86,0x31,0x86,0x31,0x86,0x31,0x86,0x31,0x86,0x31,0x86,0x31,0x86,0x31,0x86,0x31,0x86,0x31,0x86,0x31,0x86,0x31,0x45,0x29,0xC2,0x10,0x40,0x00,0x00,0x00,0x00,0x00,0x00,0x00,0x00,0x00,0x00,0x00,0x00,0x00,0x00,0x00,0x00,0x00,0x00,0x00,0x00,0x00,0x00,0x00,0x00,0x00,0x00,0x00,0x61,0x08,
	0x24,0x21,0x86,0x31,0x86,0x31,0x86,0x31,0x86,0x31,0x86,0x31,0x86,0x31,0x86,0x31,0x86,0x31,0x86,0x31,0x86,0x31,0x86,0x31,0x86,0x31,0x86,0x31,0x86,0x31,0x86,0x31,0x86,0x31,0x86,0x31,0x86,0x31,0x86,0x31,0x86,0x31,0x86,0x31,0x86,0x31,0x86,0x31,0x86,0x31,0x86,0x31,0x86,0x31,0x86,0x31,0x86,0x31,0x86,0x31,0x86,0x31,0x86,0x31,
	0x86,0x31,0x86,0x31,0x86,0x31,0x86,0x31,0x86,0x31,0x86,0x31,0x86,0x31,0x86,0x31,0x86,0x31,0x86,0x31,0x86,0x31,0x86,0x31,0x86,0x31,0x86,0x31,0x86,0x31,0x86,0x31,0x86,0x31,0x86,0x31,0x86,0x31,0x86,0x31,0x86,0x31,0x86,0x31,0x86,0x31,0x86,0x31,0x86,0x31,0x86,0x31,0x86,0x31,0x86,0x31,0x86,0x31,0x86,0x31,0x86,0x31,0x86,0x31,
	0x86,0x31,0x86,0x31,0x86,0x31,0x86,0x31,0x86,0x31,0x86,0x31,0x86,0x31,0x86,0x31,0x86,0x31,0x86,0x31,0x86,0x31,0x86,0x31,0x86,0x31,0x86,0x31,0x86,0x31,0x86,0x31,0x86,0x31,0x86,0x31,0x86,0x31,0x86,0x31,0x86,0x31,0x86,0x31,0x86,0x31,0x24,0x21,0x61,0x08,0x00,0x00,0x00,0x00,0x00,0x00,0x00,0x00,0x00,0x00,0x00,0x00,0x00,0x00,
	0x00,0x00,0x00,0x00,0x00,0x00,0x00,0x00,0x00,0x00,0x00,0x00,0x00,0x00,0x00,0x00,0xC3,0x18,0x44,0x21,0x86,0x31,0x86,0x31,0x86,0x31,0x86,0x31,0x86,0x31,0x86,0x31,0x86,0x31,0x86,0x31,0x86,0x31,0x86,0x31,0x86,0x31,0x86,0x31,0x86,0x31,0x86,0x31,0x86,0x31,0x86,0x31,0x86,0x31,0x86,0x31,0x86,0x31,0x86,0x31,0x86,0x31,0x86,0x31,
	0x86,0x31,0x86,0x31,0x86,0x31,0x86,0x31,0x86,0x31,0x86,0x31,0x86,0x31,0x86,0x31,0x86,0x31,0x86,0x31,0x86,0x31,0x86,0x31,0x86,0x31,0x86,0x31,0x86,0x31,0x86,0x31,0x86,0x31,0x86,0x31,0x86,0x31,0x86,0x31,0x86,0x31,0x86,0x31,0x86,0x31,0x86,0x31,0x86,0x31,0x86,0x31,0x86,0x31,0x86,0x31,0x86,0x31,0x86,0x31,0x86,0x31,0x86,0x31,
	0x86,0x31,0x86,0x31,0x86,0x31,0x86,0x31,0x86,0x31,0x86,0x31,0x86,0x31,0x86,0x31,0x86,0x31,0x86,0x31,0x86,0x31,0x86,0x31,0x86,0x31,0x86,0x31,0x86,0x31,0x86,0x31,0x86,0x31,0x86,0x31,0x86,0x31,0x86,0x31,0x86,0x31,0x86,0x31,0x86,0x31,0x86,0x31,0x86,0x31,0x86,0x31,0x86,0x31,0x86,0x31,0x86,0x31,0x86,0x31,0x44,0x21,0xC3,0x18,
	0x00,0x00,0x00,0x00,0x00,0x00,0x00,0x00,0x00,0x00,0x00,0x00,0x00,0x00,0x00,0x00,0x00,0x00,0x00,0x00,0x00,0x00,0x00,0x00,0x00,0x00,0x00,0x00,0x00,0x00,0x00,0x00,0x40,0x00,0xC2,0x10,0x65,0x29,0x86,0x31,0x86,0x31,0x86,0x31,0x86,0x31,0x86,0x31,0x86,0x31,0x86,0x31,0x86,0x31,0x86,0x31,0x86,0x31,0x86,0x31,0x86,0x31,0x86,0x31,
	0x86,0x31,0x86,0x31,0x86,0x31,0x86,0x31,0x86,0x31,0x86,0x31,0x86,0x31,0x86,0x31,0x86,0x31,0x86,0x31,0x86,0x31,0x86,0x31,0x86,0x31,0x86,0x31,0x86,0x31,0x86,0x31,0x86,0x31,0x86,0x31,0x86,0x31,0x86,0x31,0x86,0x31,0x86,0x31,0x86,0x31,0x86,0x31,0x86,0x31,0x86,0x31,0x86,0x31,0x86,0x31,0x86,0x31,0x86,0x31,0x86,0x31,0x86,0x31,
	0x86,0x31,0x86,0x31,0x86,0x31,0x86,0x31,0x86,0x31,0x86,0x31,0x86,0x31,0x86,0x31,0x86,0x31,0x86,0x31,0x86,0x31,0x86,0x31,0x86,0x31,0x86,0x31,0x86,0x31,0x86,0x31,0x86,0x31,0x86,0x31,0x86,0x31,0x86,0x31,0x86,0x31,0x86,0x31,0x86,0x31,0x86,0x31,0x86,0x31,0x86,0x31,0x86,0x31,0x86,0x31,0x86,0x31,0x86,0x31,0x86,0x31,0x86,0x31,
	0x86,0x31,0x86,0x31,0x86,0x31,0x86,0x31,0x86,0x31,0x65,0x29,0xC2,0x10,0x40,0x00,0x00,0x00,0x00,0x00,0x00,0x00,0x00,0x00,0x00,0x00,0x00,0x00,0x00,0x00,0x00,0x00,0x00,0x00,0x00,0x00,0x00,0x00,0x00,0x00,0x00,0x00,0x00,0x00,0x00,0x00,0x00,0x00,0x00,0x00,0x61,0x08,0x24,0x21,0x65,0x29,0x86,0x31,0x86,0x31,0x86,0x31,0x86,0x31,
	0x86,0x31,0x86,0x31,0x86,0x31,0x86,0x31,0x86,0x31,0x86,0x31,0x86,0x31,0x86,0x31,0x86,0x31,0x86,0x31,0x86,0x31,0x86,0x31,0x86,0x31,0x86,0x31,0x86,0x31,0x86,0x31,0x86,0x31,0x86,0x31,0x86,0x31,0x86,0x31,0x86,0x31,0x86,0x31,0x86,0x31,0x86,0x31,0x86,0x31,0x86,0x31,0x86,0x31,0x86,0x31,0x86,0x31,0x86,0x31,0x86,0x31,0x86,0x31,
	0x86,0x31,0x86,0x31,0x86,0x31,0x86,0x31,0x86,0x31,0x86,0x31,0x86,0x31,0x86,0x31,0x86,0x31,0x86,0x31,0x86,0x31,0x86,0x31,0x86,0x31,0x86,0x31,0x86,0x31,0x86,0x31,0x86,0x31,0x86,0x31,0x86,0x31,0x86,0x31,0x86,0x31,0x86,0x31,0x86,0x31,0x86,0x31,0x86,0x31,0x86,0x31,0x86,0x31,0x86,0x31,0x86,0x31,0x86,0x31,0x86,0x31,0x86,0x31,
	0x86,0x31,0x86,0x31,0x86,0x31,0x86,0x31,0x86,0x31,0x86,0x31,0x86,0x31,0x86,0x31,0x86,0x31,0x86,0x31,0x86,0x31,0x86,0x31,0x65,0x29,0x24,0x21,0x61,0x08,0x00,0x00,0x00,0x00,0x00,0x00,0x00,0x00,0x00,0x00,0x00,0x00,0x00,0x00,0x00,0x00,0x00,0x00,0x00,0x00,0x00,0x00,0x00,0x00,0x00,0x00,0x00,0x00,0x00,0x00,0x00,0x00,0x00,0x00,
	0x00,0x00,0x20,0x00,0xA2,0x10,0x24,0x21,0x86,0x31,0x86,0x31,0x86,0x31,0x86,0x31,0x86,0x31,0x86,0x31,0x86,0x31,0x86,0x31,0x86,0x31,0x86,0x31,0x86,0x31,0x86,0x31,0x86,0x31,0x86,0x31,0x86,0x31,0x86,0x31,0x86,0x31,0x86,0x31,0x86,0x31,0x86,0x31,0x86,0x31,0x86,0x31,0x86,0x31,0x86,0x31,0x86,0x31,0x86,0x31,0x86,0x31,0x86,0x31,
	0x86,0x31,0x86,0x31,0x86,0x31,0x86,0x31,0x86,0x31,0x86,0x31,0x86,0x31,0x86,0x31,0x86,0x31,0x86,0x31,0x86,0x31,0x86,0x31,0x86,0x31,0x86,0x31,0x86,0x31,0x86,0x31,0x86,0x31,0x86,0x31,0x86,0x31,0x86,0x31,0x86,0x31,0x86,0x31,0x86,0x31,0x86,0x31,0x86,0x31,0x86,0x31,0x86,0x31,0x86,0x31,0x86,0x31,0x86,0x31,0x86,0x31,0x86,0x31,
	0x86,0x31,0x86,0x31,0x86,0x31,0x86,0x31,0x86,0x31,0x86,0x31,0x86,0x31,0x86,0x31,0x86,0x31,0x86,0x31,0x86,0x31,0x86,0x31,0x86,0x31,0x86,0x31,0x86,0x31,0x86,0x31,0x86,0x31,0x86,0x31,0x86,0x31,0x86,0x31,0x24,0x21,0xA2,0x10,0x20,0x00,0x00,0x00,0x00,0x00,0x00,0x00,0x00,0x00,0x00,0x00,0x00,0x00,0x00,0x00,0x00,0x00,0x00,0x00,
	0x00,0x00,0x00,0x00,0x00,0x00,0x00,0x00,0x00,0x00,0x00,0x00,0x00,0x00,0x00,0x00,0x00,0x00,0x00,0x00,0x20,0x00,0xC3,0x18,0x45,0x29,0x86,0x31,0x86,0x31,0x86,0x31,0x86,0x31,0x86,0x31,0x86,0x31,0x86,0x31,0x86,0x31,0x86,0x31,0x86,0x31,0x86,0x31,0x86,0x31,0x86,0x31,0x86,0x31,0x86,0x31,0x86,0x31,0x86,0x31,0x86,0x31,0x86,0x31,
	0x86,0x31,0x86,0x31,0x86,0x31,0x86,0x31,0x86,0x31,0x86,0x31,0x86,0x31,0x86,0x31,0x86,0x31,0x86,0x31,0x86,0x31,0x86,0x31,0x86,0x31,0x86,0x31,0x86,0x31,0x86,0x31,0x86,0x31,0x86,0x31,0x86,0x31,0x86,0x31,0x86,0x31,0x86,0x31,0x86,0x31,0x86,0x31,0x86,0x31,0x86,0x31,0x86,0x31,0x86,0x31,0x86,0x31,0x86,0x31,0x86,0x31,0x86,0x31,
	0x86,0x31,0x86,0x31,0x86,0x31,0x86,0x31,0x86,0x31,0x86,0x31,0x86,0x31,0x86,0x31,0x86,0x31,0x86,0x31,0x86,0x31,0x86,0x31,0x86,0x31,0x86,0x31,0x86,0x31,0x86,0x31,0x86,0x31,0x86,0x31,0x86,0x31,0x86,0x31,0x86,0x31,0x86,0x31,0x86,0x31,0x86,0x31,0x86,0x31,0x86,0x31,0x86,0x31,0x45,0x29,0xC3,0x18,0x20,0x00,0x00,0x00,0x00,0x00,
	0x00,0x00,0x00,0x00,0x00,0x00,0x00,0x00,0x00,0x00,0x00,0x00,0x00,0x00,0x00,0x00,0x00,0x00,0x00,0x00,0x00,0x00,0x00,0x00,0x00,0x00,0x00,0x00,0x00,0x00,0x00,0x00,0x00,0x00,0x00,0x00,0x00,0x00,0x61,0x08,0xC3,0x18,0x45,0x29,0x86,0x31,0x86,0x31,0x86,0x31,0x86,0x31,0x86,0x31,0x86,0x31,0x86,0x31,0x86,0x31,0x86,0x31,0x86,0x31,
	0x86,0x31,0x86,0x31,0x86,0x31,0x86,0x31,0x86,0x31,0x86,0x31,0x86,0x31,0x86,0x31,0x86,0x31,0x86,0x31,0x86,0x31,0x86,0x31,0x86,0x31,0x86,0x31,0x86,0x31,0x86,0x31,0x86,0x31,0x86,0x31,0x86,0x31,0x86,0x31,0x86,0x31,0x86,0x31,0x86,0x31,0x86,0x31,0x86,0x31,0x86,0x31,0x86,0x31,0x86,0x31,0x86,0x31,0x86,0x31,0x86,0x31,0x86,0x31,
	0x86,0x31,0x86,0x31,0x86,0x31,0x86,0x31,0x86,0x31,0x86,0x31,0x86,0x31,0x86,0x31,0x86,0x31,0x86,0x31,0x86,0x31,0x86,0x31,0x86,0x31,0x86,0x31,0x86,0x31,0x86,0x31,0x86,0x31,0x86,0x31,0x86,0x31,0x86,0x31,0x86,0x31,0x86,0x31,0x86,0x31,0x86,0x31,0x86,0x31,0x86,0x31,0x86,0x31,0x86,0x31,0x86,0x31,0x86,0x31,0x86,0x31,0x86,0x31,
	0x86,0x31,0x86,0x31,0x45,0x29,0xC3,0x18,0x61,0x08,0x00,0x00,0x00,0x00,0x00,0x00,0x00,0x00,0x00,0x00,0x00,0x00,0x00,0x00,0x00,0x00,0x00,0x00,0x00,0x00,0x00,0x00,0x00,0x00,0x00,0x00,0x00,0x00,0x00,0x00,0x00,0x00,0x00,0x00,0x00,0x00,0x00,0x00,0x00,0x00,0x00,0x00,0x00,0x00,0x00,0x00,0x41,0x08,0x04,0x21,0x65,0x29,0x86,0x31,
	0x86,0x31,0x86,0x31,0x86,0x31,0x86,0x31,0x86,0x31,0x86,0x31,0x86,0x31,0x86,0x31,0x86,0x31,0x86,0x31,0x86,0x31,0x86,0x31,0x86,0x31,0x86,0x31,0x86,0x31,0x86,0x31,0x86,0x31,0x86,0x31,0x86,0x31,0x86,0x31,0x86,0x31,0x86,0x31,0x86,0x31,0x86,0x31,0x86,0x31,0x86,0x31,0x86,0x31,0x86,0x31,0x86,0x31,0x86,0x31,0x86,0x31,0x86,0x31,
	0x86,0x31,0x86,0x31,0x86,0x31,0x86,0x31,0x86,0x31,0x86,0x31,0x86,0x31,0x86,0x31,0x86,0x31,0x86,0x31,0x86,0x31,0x86,0x31,0x86,0x31,0x86,0x31,0x86,0x31,0x86,0x31,0x86,0x31,0x86,0x31,0x86,0x31,0x86,0x31,0x86,0x31,0x86,0x31,0x86,0x31,0x86,0x31,0x86,0x31,0x86,0x31,0x86,0x31,0x86,0x31,0x86,0x31,0x86,0x31,0x86,0x31,0x86,0x31,
	0x86,0x31,0x86,0x31,0x86,0x31,0x86,0x31,0x86,0x31,0x86,0x31,0x86,0x31,0x86,0x31,0x86,0x31,0x65,0x29,0x04,0x21,0x41,0x08,0x00,0x00,0x00,0x00,0x00,0x00,0x00,0x00,0x00,0x00,0x00,0x00,0x00,0x00,0x00,0x00,0x00,0x00,0x00,0x00,0x00,0x00,0x00,0x00,0x00,0x00,0x00,0x00,0x00,0x00,0x00,0x00,0x00,0x00,0x00,0x00,0x00,0x00,0x00,0x00,
	0x00,0x00,0x00,0x00,0x00,0x00,0x00,0x00,0x00,0x00,0x82,0x10,0x04,0x21,0x65,0x29,0x86,0x31,0x86,0x31,0x86,0x31,0x86,0x31,0x86,0x31,0x86,0x31,0x86,0x31,0x86,0x31,0x86,0x31,0x86,0x31,0x86,0x31,0x86,0x31,0x86,0x31,0x86,0x31,0x86,0x31,0x86,0x31,0x86,0x31,0x86,0x31,0x86,0x31,0x86,0x31,0x86,0x31,0x86,0x31,0x86,0x31,0x86,0x31,
	0x86,0x31,0x86,0x31,0x86,0x31,0x86,0x31,0x86,0x31,0x86,0x31,0x86,0x31,0x86,0x31,0x86,0x31,0x86,0x31,0x86,0x31,0x86,0x31,0x86,0x31,0x86,0x31,0x86,0x31,0x86,0x31,0x86,0x31,0x86,0x31,0x86,0x31,0x86,0x31,0x86,0x31,0x86,0x31,0x86,0x31,0x86,0x31,0x86,0x31,0x86,0x31,0x86,0x31,0x86,0x31,0x86,0x31,0x86,0x31,0x86,0x31,0x86,0x31,
	0x86,0x31,0x86,0x31,0x86,0x31,0x86,0x31,0x86,0x31,0x86,0x31,0x86,0x31,0x86,0x31,0x86,0x31,0x86,0x31,0x86,0x31,0x86,0x31,0x86,0x31,0x86,0x31,0x86,0x31,0x86,0x31,0x65,0x29,0x04,0x21,0x82,0x10,0x00,0x00,0x00,0x00,0x00,0x00,0x00,0x00,0x00,0x00,0x00,0x00,0x00,0x00,0x00,0x00,0x00,0x00,0x00,0x00,0x00,0x00,0x00,0x00,0x00,0x00,
	0x00,0x00,0x00,0x00,0x00,0x00,0x00,0x00,0x00,0x00,0x00,0x00,0x00,0x00,0x00,0x00,0x00,0x00,0x00,0x00,0x00,0x00,0x00,0x00,0x00,0x00,0x00,0x00,0x61,0x08,0x04,0x21,0x65,0x29,0x86,0x31,0x86,0x31,0x86,0x31,0x86,0x31,0x86,0x31,0x86,0x31,0x86,0x31,0x86,0x31,0x86,0x31,0x86,0x31,0x86,0x31,0x86,0x31,0x86,0x31,0x86,0x31,0x86,0x31,
	0x86,0x31,0x86,0x31,0x86,0x31,0x86,0x31,0x86,0x31,0x86,0x31,0x86,0x31,0x86,0x31,0x86,0x31,0x86,0x31,0x86,0x31,0x86,0x31,0x86,0x31,0x86,0x31,0x86,0x31,0x86,0x31,0x86,0x31,0x86,0x31,0x86,0x31,0x86,0x31,0x86,0x31,0x86,0x31,0x86,0x31,0x86,0x31,0x86,0x31,0x86,0x31,0x86,0x31,0x86,0x31,0x86,0x31,0x86,0x31,0x86,0x31,0x86,0x31,
	0x86,0x31,0x86,0x31,0x86,0x31,0x86,0x31,0x86,0x31,0x86,0x31,0x86,0x31,0x86,0x31,0x86,0x31,0x86,0x31,0x86,0x31,0x86,0x31,0x86,0x31,0x86,0x31,0x86,0x31,0x86,0x31,0x86,0x31,0x86,0x31,0x86,0x31,0x86,0x31,0x86,0x31,0x86,0x31,0x86,0x31,0x65,0x29,0x04,0x21,0x61,0x08,0x00,0x00,0x00,0x00,0x00,0x00,0x00,0x00,0x00,0x00,0x00,0x00,
	0x00,0x00,0x00,0x00,0x00,0x00,0x00,0x00,0x00,0x00,0x00,0x00,0x00,0x00,0x00,0x00,0x00,0x00,0x00,0x00,0x00,0x00,0x00,0x00,0x00,0x00,0x00,0x00,0x00,0x00,0x00,0x00,0x00,0x00,0x00,0x00,0x00,0x00,0x00,0x00,0x00,0x00,0x00,0x00,0x00,0x00,0x61,0x08,0x04,0x21,0x65,0x29,0x86,0x31,0x86,0x31,0x86,0x31,0x86,0x31,0x86,0x31,0x86,0x31,
	0x86,0x31,0x86,0x31,0x86,0x31,0x86,0x31,0x86,0x31,0x86,0x31,0x86,0x31,0x86,0x31,0x86,0x31,0x86,0x31,0x86,0x31,0x86,0x31,0x86,0x31,0x86,0x31,0x86,0x31,0x86,0x31,0x86,0x31,0x86,0x31,0x86,0x31,0x86,0x31,0x86,0x31,0x86,0x31,0x86,0x31,0x86,0x31,0x86,0x31,0x86,0x31,0x86,0x31,0x86,0x31,0x86,0x31,0x86,0x31,0x86,0x31,0x86,0x31,
	0x86,0x31,0x86,0x31,0x86,0x31,0x86,0x31,0x86,0x31,0x86,0x31,0x86,0x31,0x86,0x31,0x86,0x31,0x86,0x31,0x86,0x31,0x86,0x31,0x86,0x31,0x86,0x31,0x86,0x31,0x86,0x31,0x86,0x31,0x86,0x31,0x86,0x31,0x86,0x31,0x86,0x31,0x86,0x31,0x86,0x31,0x86,0x31,0x86,0x31,0x86,0x31,0x86,0x31,0x86,0x31,0x86,0x31,0x86,0x31,0x65,0x29,0x04,0x21,
	0x61,0x08,0x00,0x00,0x00,0x00,0x00,0x00,0x00,0x00,0x00,0x00,0x00,0x00,0x00,0x00,0x00,0x00,0x00,0x00,0x00,0x00,0x00,0x00,0x00,0x00,0x00,0x00,0x00,0x00,0x00,0x00,0x00,0x00,0x00,0x00,0x00,0x00,0x00,0x00,0x00,0x00,0x00,0x00,0x00,0x00,0x00,0x00,0x00,0x00,0x00,0x00,0x00,0x00,0x00,0x00,0x00,0x00,0x00,0x00,0x00,0x00,0x00,0x00,
	0x82,0x10,0x04,0x21,0x45,0x29,0x86,0x31,0x86,0x31,0x86,0x31,0x86,0x31,0x86,0x31,0x86,0x31,0x86,0x31,0x86,0x31,0x86,0x31,0x86,0x31,0x86,0x31,0x86,0x31,0x86,0x31,0x86,0x31,0x86,0x31,0x86,0x31,0x86,0x31,0x86,0x31,0x86,0x31,0x86,0x31,0x86,0x31,0x86,0x31,0x86,0x31,0x86,0x31,0x86,0x31,0x86,0x31,0x86,0x31,0x86,0x31,0x86,0x31,
	0x86,0x31,0x86,0x31,0x86,0x31,0x86,0x31,0x86,0x31,0x86,0x31,0x86,0x31,0x86,0x31,0x86,0x31,0x86,0x31,0x86,0x31,0x86,0x31,0x86,0x31,0x86,0x31,0x86,0x31,0x86,0x31,0x86,0x31,0x86,0x31,0x86,0x31,0x86,0x31,0x86,0x31,0x86,0x31,0x86,0x31,0x86,0x31,0x86,0x31,0x86,0x31,0x86,0x31,0x86,0x31,0x86,0x31,0x86,0x31,0x86,0x31,0x86,0x31,
	0x86,0x31,0x86,0x31,0x86,0x31,0x86,0x31,0x86,0x31,0x45,0x29,0x04,0x21,0x82,0x10,0x00,0x00,0x00,0x00,0x00,0x00,0x00,0x00,0x00,0x00,0x00,0x00,0x00,0x00,0x00,0x00,0x00,0x00,0x00,0x00,0x00,0x00,0x00,0x00,0x00,0x00,0x00,0x00,0x00,0x00,0x00,0x00,0x00,0x00,0x00,0x00,0x00,0x00,0x00,0x00,0x00,0x00,0x00,0x00,0x00,0x00,0x00,0x00,
	0x00,0x00,0x00,0x00,0x00,0x00,0x00,0x00,0x00,0x00,0x00,0x00,0x00,0x00,0x00,0x00,0x00,0x00,0x61,0x08,0xC3,0x18,0x45,0x29,0x86,0x31,0x86,0x31,0x86,0x31,0x86,0x31,0x86,0x31,0x86,0x31,0x86,0x31,0x86,0x31,0x86,0x31,0x86,0x31,0x86,0x31,0x86,0x31,0x86,0x31,0x86,0x31,0x86,0x31,0x86,0x31,0x86,0x31,0x86,0x31,0x86,0x31,0x86,0x31,
	0x86,0x31,0x86,0x31,0x86,0x31,0x86,0x31,0x86,0x31,0x86,0x31,0x86,0x31,0x86,0x31,0x86,0x31,0x86,0x31,0x86,0x31,0x86,0x31,0x86,0x31,0x86,0x31,0x86,0x31,0x86,0x31,0x86,0x31,0x86,0x31,0x86,0x31,0x86,0x31,0x86,0x31,0x86,0x31,0x86,0x31,0x86,0x31,0x86,0x31,0x86,0x31,0x86,0x31,0x86,0x31,0x86,0x31,0x86,0x31,0x86,0x31,0x86,0x31,
	0x86,0x31,0x86,0x31,0x86,0x31,0x86,0x31,0x86,0x31,0x86,0x31,0x86,0x31,0x86,0x31,0x86,0x31,0x86,0x31,0x86,0x31,0x86,0x31,0x45,0x29,0xC3,0x18,0x61,0x08,0x00,0x00,0x00,0x00,0x00,0x00,0x00,0x00,0x00,0x00,0x00,0x00,0x00,0x00,0x00,0x00,0x00,0x00,0x00,0x00,0x00,0x00,0x00,0x00,0x00,0x00,0x00,0x00,0x00,0x00,0x00,0x00,0x00,0x00,
	0x00,0x00,0x00,0x00,0x00,0x00,0x00,0x00,0x00,0x00,0x00,0x00,0x00,0x00,0x00,0x00,0x00,0x00,0x00,0x00,0x00,0x00,0x00,0x00,0x00,0x00,0x00,0x00,0x00,0x00,0x00,0x00,0x00,0x00,0x00,0x00,0x61,0x08,0xC3,0x18,0x24,0x21,0x65,0x29,0x86,0x31,0x86,0x31,0x86,0x31,0x86,0x31,0x86,0x31,0x86,0x31,0x86,0x31,0x86,0x31,0x86,0x31,0x86,0x31,
	0x86,0x31,0x86,0x31,0x86,0x31,0x86,0x31,0x86,0x31,0x86,0x31,0x86,0x31,0x86,0x31,0x86,0x31,0x86,0x31,0x86,0x31,0x86,0x31,0x86,0x31,0x86,0x31,0x86,0x31,0x86,0x31,0x86,0x31,0x86,0x31,0x86,0x31,0x86,0x31,0x86,0x31,0x86,0x31,0x86,0x31,0x86,0x31,0x86,0x31,0x86,0x31,0x86,0x31,0x86,0x31,0x86,0x31,0x86,0x31,0x86,0x31,0x86,0x31,
	0x86,0x31,0x86,0x31,0x86,0x31,0x86,0x31,0x86,0x31,0x86,0x31,0x86,0x31,0x86,0x31,0x86,0x31,0x86,0x31,0x86,0x31,0x86,0x31,0x86,0x31,0x86,0x31,0x86,0x31,0x86,0x31,0x86,0x31,0x86,0x31,0x65,0x29,0x24,0x21,0xC3,0x18,0x61,0x08,0x00,0x00,0x00,0x00,0x00,0x00,0x00,0x00,0x00,0x00,0x00,0x00,0x00,0x00,0x00,0x00,0x00,0x00,0x00,0x00,
	0x00,0x00,0x00,0x00,0x00,0x00,0x00,0x00,0x00,0x00,0x00,0x00,0x00,0x00,0x00,0x00,0x00,0x00,0x00,0x00,0x00,0x00,0x00,0x00,0x00,0x00,0x00,0x00,0x00,0x00,0x00,0x00,0x00,0x00,0x00,0x00,0x00,0x00,0x00,0x00,0x00,0x00,0x00,0x00,0x00,0x00,0x00,0x00,0x00,0x00,0x00,0x00,0x00,0x00,0x20,0x00,0xA2,0x10,0x24,0x21,0x65,0x29,0x86,0x31,
	0x86,0x31,0x86,0x31,0x86,0x31,0x86,0x31,0x86,0x31,0x86,0x31,0x86,0x31,0x86,0x31,0x86,0x31,0x86,0x31,0x86,0x31,0x86,0x31,0x86,0x31,0x86,0x31,0x86,0x31,0x86,0x31,0x86,0x31,0x86,0x31,0x86,0x31,0x86,0x31,0x86,0x31,0x86,0x31,0x86,0x31,0x86,0x31,0x86,0x31,0x86,0x31,0x86,0x31,0x86,0x31,0x86,0x31,0x86,0x31,0x86,0x31,0x86,0x31,
	0x86,0x31,0x86,0x31,0x86,0x31,0x86,0x31,0x86,0x31,0x86,0x31,0x86,0x31,0x86,0x31,0x86,0x31,0x86,0x31,0x86,0x31,0x86,0x31,0x86,0x31,0x86,0x31,0x86,0x31,0x86,0x31,0x86,0x31,0x86,0x31,0x86,0x31,0x86,0x31,0x86,0x31,0x86,0x31,0x86,0x31,0x86,0x31,0x86,0x31,0x65,0x29,0x24,0x21,0xA2,0x10,0x20,0x00,0x00,0x00,0x00,0x00,0x00,0x00,
	0x00,0x00,0x00,0x00,0x00,0x00,0x00,0x00,0x00,0x00,0x00,0x00,0x00,0x00,0x00,0x00,0x00,0x00,0x00,0x00,0x00,0x00,0x00,0x00,0x00,0x00,0x00,0x00,0x00,0x00,0x00,0x00,0x00,0x00,0x00,0x00,0x00,0x00,0x00,0x00,0x00,0x00,0x00,0x00,0x00,0x00,0x00,0x00,0x00,0x00,0x00,0x00,0x00,0x00,0x00,0x00,0x00,0x00,0x00,0x00,0x00,0x00,0x00,0x00,
	0x00,0x00,0x00,0x00,0x00,0x00,0x00,0x00,0x20,0x00,0x61,0x08,0xC2,0x10,0x44,0x21,0x86,0x31,0x86,0x31,0x86,0x31,0x86,0x31,0x86,0x31,0x86,0x31,0x86,0x31,0x86,0x31,0x86,0x31,0x86,0x31,0x86,0x31,0x86,0x31,0x86,0x31,0x86,0x31,0x86,0x31,0x86,0x31,0x86,0x31,0x86,0x31,0x86,0x31,0x86,0x31,0x86,0x31,0x86,0x31,0x86,0x31,0x86,0x31,
	0x86,0x31,0x86,0x31,0x86,0x31,0x86,0x31,0x86,0x31,0x86,0x31,0x86,0x31,0x86,0x31,0x86,0x31,0x86,0x31,0x86,0x31,0x86,0x31,0x86,0x31,0x86,0x31,0x86,0x31,0x86,0x31,0x86,0x31,0x86,0x31,0x86,0x31,0x86,0x31,0x86,0x31,0x86,0x31,0x86,0x31,0x86,0x31,0x86,0x31,0x86,0x31,0x86,0x31,0x86,0x31,0x86,0x31,0x86,0x31,0x86,0x31,0x86,0x31,
	0x44,0x21,0xC2,0x10,0x61,0x08,0x20,0x00,0x00,0x00,0x00,0x00,0x00,0x00,0x00,0x00,0x00,0x00,0x00,0x00,0x00,0x00,0x00,0x00,0x00,0x00,0x00,0x00,0x00,0x00,0x00,0x00,0x00,0x00,0x00,0x00,0x00,0x00,0x00,0x00,0x00,0x00,0x00,0x00,0x00,0x00,0x00,0x00,0x00,0x00,0x00,0x00,0x00,0x00,0x00,0x00,0x00,0x00,0x00,0x00,0x00,0x00,0x00,0x00,
	0x00,0x00,0x00,0x00,0x00,0x00,0x00,0x00,0x00,0x00,0x00,0x00,0x00,0x00,0x00,0x00,0x00,0x00,0x00,0x00,0x00,0x00,0x00,0x00,0x00,0x00,0x00,0x00,0x20,0x00,0xC3,0x18,0x24,0x21,0x45,0x29,0x65,0x29,0x86,0x31,0x86,0x31,0x86,0x31,0x86,0x31,0x86,0x31,0x86,0x31,0x86,0x31,0x86,0x31,0x86,0x31,0x86,0x31,0x86,0x31,0x86,0x31,0x86,0x31,
	0x86,0x31,0x86,0x31,0x86,0x31,0x86,0x31,0x86,0x31,0x86,0x31,0x86,0x31,0x86,0x31,0x86,0x31,0x86,0x31,0x86,0x31,0x86,0x31,0x86,0x31,0x86,0x31,0x86,0x31,0x86,0x31,0x86,0x31,0x86,0x31,0x86,0x31,0x86,0x31,0x86,0x31,0x86,0x31,0x86,0x31,0x86,0x31,0x86,0x31,0x86,0x31,0x86,0x31,0x86,0x31,0x86,0x31,0x86,0x31,0x86,0x31,0x86,0x31,
	0x86,0x31,0x86,0x31,0x86,0x31,0x86,0x31,0x86,0x31,0x65,0x29,0x45,0x29,0x24,0x21,0xC3,0x18,0x20,0x00,0x00,0x00,0x00,0x00,0x00,0x00,0x00,0x00,0x00,0x00,0x00,0x00,0x00,0x00,0x00,0x00,0x00,0x00,0x00,0x00,0x00,0x00,0x00,0x00,0x00,0x00,0x00,0x00,0x00,0x00,0x00,0x00,0x00,0x00,0x00,0x00,0x00,0x00,0x00,0x00,0x00,0x00,0x00,0x00,
	0x00,0x00,0x00,0x00,0x00,0x00,0x00,0x00,0x00,0x00,0x00,0x00,0x00,0x00,0x00,0x00,0x00,0x00,0x00,0x00,0x00,0x00,0x00,0x00,0x00,0x00,0x00,0x00,0x00,0x00,0x00,0x00,0x00,0x00,0x00,0x00,0x00,0x00,0x00,0x00,0x00,0x00,0x00,0x00,0x00,0x00,0x00,0x00,0x61,0x08,0xC2,0x10,0x44,0x21,0x86,0x31,0x86,0x31,0x86,0x31,0x86,0x31,0x86,0x31,
	0x86,0x31,0x86,0x31,0x86,0x31,0x86,0x31,0x86,0x31,0x86,0x31,0x86,0x31,0x86,0x31,0x86,0x31,0x86,0x31,0x86,0x31,0x86,0x31,0x86,0x31,0x86,0x31,0x86,0x31,0x86,0x31,0x86,0x31,0x86,0x31,0x86,0x31,0x86,0x31,0x86,0x31,0x86,0x31,0x86,0x31,0x86,0x31,0x86,0x31,0x86,0x31,0x86,0x31,0x86,0x31,0x86,0x31,0x86,0x31,0x86,0x31,0x86,0x31,
	0x86,0x31,0x86,0x31,0x86,0x31,0x86,0x31,0x86,0x31,0x86,0x31,0x86,0x31,0x86,0x31,0x86,0x31,0x86,0x31,0x86,0x31,0x86,0x31,0x86,0x31,0x44,0x21,0xC2,0x10,0x61,0x08,0x00,0x00,0x00,0x00,0x00,0x00,0x00,0x00,0x00,0x00,0x00,0x00,0x00,0x00,0x00,0x00,0x00,0x00,0x00,0x00,0x00,0x00,0x00,0x00,0x00,0x00,0x00,0x00,0x00,0x00,0x00,0x00,
	0x00,0x00,0x00,0x00,0x00,0x00,0x00,0x00,0x00,0x00,0x00,0x00,0x00,0x00,0x00,0x00,0x00,0x00,0x00,0x00,0x00,0x00,0x00,0x00,0x00,0x00,0x00,0x00,0x00,0x00,0x00,0x00,0x00,0x00,0x00,0x00,0x00,0x00,0x00,0x00,0x00,0x00,0x00,0x00,0x00,0x00,0x00,0x00,0x00,0x00,0x00,0x00,0x00,0x00,0x00,0x00,0x00,0x00,0x00,0x00,0x00,0x00,0x00,0x00,
	0x00,0x00,0x41,0x08,0xA2,0x10,0xE3,0x18,0x24,0x21,0x65,0x29,0x86,0x31,0x86,0x31,0x86,0x31,0x86,0x31,0x86,0x31,0x86,0x31,0x86,0x31,0x86,0x31,0x86,0x31,0x86,0x31,0x86,0x31,0x86,0x31,0x86,0x31,0x86,0x31,0x86,0x31,0x86,0x31,0x86,0x31,0x86,0x31,0x86,0x31,0x86,0x31,0x86,0x31,0x86,0x31,0x86,0x31,0x86,0x31,0x86,0x31,0x86,0x31,
	0x86,0x31,0x86,0x31,0x86,0x31,0x86,0x31,0x86,0x31,0x86,0x31,0x86,0x31,0x86,0x31,0x86,0x31,0x86,0x31,0x86,0x31,0x86,0x31,0x86,0x31,0x86,0x31,0x86,0x31,0x86,0x31,0x86,0x31,0x86,0x31,0x65,0x29,0x24,0x21,0xE3,0x18,0xA2,0x10,0x41,0x08,0x00,0x00,0x00,0x00,0x00,0x00,0x00,0x00,0x00,0x00,0x00,0x00,0x00,0x00,0x00,0x00,0x00,0x00,
	0x00,0x00,0x00,0x00,0x00,0x00,0x00,0x00,0x00,0x00,0x00,0x00,0x00,0x00,0x00,0x00,0x00,0x00,0x00,0x00,0x00,0x00,0x00,0x00,0x00,0x00,0x00,0x00,0x00,0x00,0x00,0x00,0x00,0x00,0x00,0x00,0x00,0x00,0x00,0x00,0x00,0x00,0x00,0x00,0x00,0x00,0x00,0x00,0x00,0x00,0x00,0x00,0x00,0x00,0x00,0x00,0x00,0x00,0x00,0x00,0x00,0x00,0x00,0x00,
	0x00,0x00,0x00,0x00,0x00,0x00,0x00,0x00,0x00,0x00,0x00,0x00,0x00,0x00,0x00,0x00,0x00,0x00,0x00,0x00,0x00,0x00,0x40,0x00,0xC2,0x10,0x24,0x21,0x45,0x29,0x65,0x29,0x66,0x31,0x86,0x31,0x86,0x31,0x86,0x31,0x86,0x31,0x86,0x31,0x86,0x31,0x86,0x31,0x86,0x31,0x86,0x31,0x86,0x31,0x86,0x31,0x86,0x31,0x86,0x31,0x86,0x31,0x86,0x31,
	0x86,0x31,0x86,0x31,0x86,0x31,0x86,0x31,0x86,0x31,0x86,0x31,0x86,0x31,0x86,0x31,0x86,0x31,0x86,0x31,0x86,0x31,0x86,0x31,0x86,0x31,0x86,0x31,0x86,0x31,0x86,0x31,0x86,0x31,0x86,0x31,0x86,0x31,0x86,0x31,0x86,0x31,0x86,0x31,0x86,0x31,0x66,0x31,0x65,0x29,0x45,0x29,0x24,0x21,0xC2,0x10,0x40,0x00,0x00,0x00,0x00,0x00,0x00,0x00,
	0x00,0x00,0x00,0x00,0x00,0x00,0x00,0x00,0x00,0x00,0x00,0x00,0x00,0x00,0x00,0x00,0x00,0x00,0x00,0x00,0x00,0x00,0x00,0x00,0x00,0x00,0x00,0x00,0x00,0x00,0x00,0x00,0x00,0x00,0x00,0x00,0x00,0x00,0x00,0x00,0x00,0x00,0x00,0x00,0x00,0x00,0x00,0x00,0x00,0x00,0x00,0x00,0x00,0x00,0x00,0x00,0x00,0x00,0x00,0x00,0x00,0x00,0x00,0x00,
	0x00,0x00,0x00,0x00,0x00,0x00,0x00,0x00,0x00,0x00,0x00,0x00,0x00,0x00,0x00,0x00,0x00,0x00,0x00,0x00,0x00,0x00,0x00,0x00,0x00,0x00,0x00,0x00,0x00,0x00,0x00,0x00,0x00,0x00,0x00,0x00,0x00,0x00,0x00,0x00,0x20,0x00,0x40,0x00,0x61,0x08,0xC3,0x18,0x24,0x21,0x65,0x29,0x86,0x31,0x86,0x31,0x86,0x31,0x86,0x31,0x86,0x31,0x86,0x31,
	0x86,0x31,0x86,0x31,0x86,0x31,0x86,0x31,0x86,0x31,0x86,0x31,0x86,0x31,0x86,0x31,0x86,0x31,0x86,0x31,0x86,0x31,0x86,0x31,0x86,0x31,0x86,0x31,0x86,0x31,0x86,0x31,0x86,0x31,0x86,0x31,0x86,0x31,0x86,0x31,0x86,0x31,0x86,0x31,0x86,0x31,0x86,0x31,0x86,0x31,0x86,0x31,0x86,0x31,0x86,0x31,0x86,0x31,0x86,0x31,0x65,0x29,0x24,0x21,
	0xC3,0x18,0x61,0x08,0x40,0x00,0x20,0x00,0x00,0x00,0x00,0x00,0x00,0x00,0x00,0x00,0x00,0x00,0x00,0x00,0x00,0x00,0x00,0x00,0x00,0x00,0x00,0x00,0x00,0x00,0x00,0x00,0x00,0x00,0x00,0x00,0x00,0x00,0x00,0x00,0x00,0x00,0x00,0x00,0x00,0x00,0x00,0x00,0x00,0x00,0x00,0x00,0x00,0x00,0x00,0x00,0x00,0x00,0x00,0x00,0x00,0x00,0x00,0x00,
	0x00,0x00,0x00,0x00,0x00,0x00,0x00,0x00,0x00,0x00,0x00,0x00,0x00,0x00,0x00,0x00,0x00,0x00,0x00,0x00,0x00,0x00,0x00,0x00,0x00,0x00,0x00,0x00,0x00,0x00,0x00,0x00,0x00,0x00,0x00,0x00,0x00,0x00,0x00,0x00,0x00,0x00,0x00,0x00,0x00,0x00,0x00,0x00,0x00,0x00,0x00,0x00,0x00,0x00,0x00,0x00,0x00,0x00,0x00,0x00,0x00,0x00,0x41,0x08,
	0xA2,0x10,0xE3,0x18,0x04,0x21,0x24,0x21,0x45,0x29,0x65,0x29,0x86,0x31,0x86,0x31,0x86,0x31,0x86,0x31,0x86,0x31,0x86,0x31,0x86,0x31,0x86,0x31,0x86,0x31,0x86,0x31,0x86,0x31,0x86,0x31,0x86,0x31,0x86,0x31,0x86,0x31,0x86,0x31,0x86,0x31,0x86,0x31,0x86,0x31,0x86,0x31,0x86,0x31,0x86,0x31,0x86,0x31,0x86,0x31,0x86,0x31,0x86,0x31,
	0x86,0x31,0x86,0x31,0x65,0x29,0x45,0x29,0x24,0x21,0x04,0x21,0xE3,0x18,0xA2,0x10,0x41,0x08,0x00,0x00,0x00,0x00,0x00,0x00,0x00,0x00,0x00,0x00,0x00,0x00,0x00,0x00,0x00,0x00,0x00,0x00,0x00,0x00,0x00,0x00,0x00,0x00,0x00,0x00,0x00,0x00,0x00,0x00,0x00,0x00,0x00,0x00,0x00,0x00,0x00,0x00,0x00,0x00,0x00,0x00,0x00,0x00,0x00,0x00,
	0x00,0x00,0x00,0x00,0x00,0x00,0x00,0x00,0x00,0x00,0x00,0x00,0x00,0x00,0x00,0x00,0x00,0x00,0x00,0x00,0x00,0x00,0x00,0x00,0x00,0x00,0x00,0x00,0x00,0x00,0x00,0x00,0x00,0x00,0x00,0x00,0x00,0x00,0x00,0x00,0x00,0x00,0x00,0x00,0x00,0x00,0x00,0x00,0x00,0x00,0x00,0x00,0x00,0x00,0x00,0x00,0x00,0x00,0x00,0x00,0x00,0x00,0x00,0x00,
	0x00,0x00,0x00,0x00,0x00,0x00,0x00,0x00,0x00,0x00,0x00,0x00,0x00,0x00,0x00,0x00,0x00,0x00,0x00,0x00,0x20,0x00,0x61,0x08,0xC3,0x18,0x24,0x21,0x45,0x29,0x86,0x31,0x86,0x31,0x86,0x31,0x86,0x31,0x86,0x31,0x86,0x31,0x86,0x31,0x86,0x31,0x86,0x31,0x86,0x31,0x86,0x31,0x86,0x31,0x86,0x31,0x86,0x31,0x86,0x31,0x86,0x31,0x86,0x31,
	0x86,0x31,0x86,0x31,0x86,0x31,0x86,0x31,0x86,0x31,0x86,0x31,0x86,0x31,0x86,0x31,0x86,0x31,0x45,0x29,0x24,0x21,0xC3,0x18,0x61,0x08,0x20,0x00,0x00,0x00,0x00,0x00,0x00,0x00,0x00,0x00,0x00,0x00,0x00,0x00,0x00,0x00,0x00,0x00,0x00,0x00,0x00,0x00,0x00,0x00,0x00,0x00,0x00,0x00,0x00,0x00,0x00,0x00,0x00,0x00,0x00,0x00,0x00,0x00,
	0x00,0x00,0x00,0x00,0x00,0x00,0x00,0x00,0x00,0x00,0x00,0x00,0x00,0x00,0x00,0x00,0x00,0x00,0x00,0x00,0x00,0x00,0x00,0x00,0x00,0x00,0x00,0x00,0x00,0x00,0x00,0x00,0x00,0x00,0x00,0x00,0x00,0x00,0x00,0x00,0x00,0x00,0x00,0x00,0x00,0x00,0x00,0x00,0x00,0x00,0x00,0x00,0x00,0x00,0x00,0x00,0x00,0x00,0x00,0x00,0x00,0x00,0x00,0x00,
	0x00,0x00,0x00,0x00,0x00,0x00,0x00,0x00,0x00,0x00,0x00,0x00,0x00,0x00,0x00,0x00,0x00,0x00,0x00,0x00,0x00,0x00,0x00,0x00,0x00,0x00,0x00,0x00,0x00,0x00,0x00,0x00,0x00,0x00,0x00,0x00,0x00,0x00,0x00,0x00,0x40,0x00,0x61,0x08,0x82,0x10,0xA2,0x10,0xC2,0x10,0xE3,0x18,0xE3,0x18,0x04,0x21,0x24,0x21,0x24,0x21,0x44,0x21,0x65,0x29,
	0x65,0x29,0x65,0x29,0x65,0x29,0x86,0x31,0x86,0x31,0x65,0x29,0x65,0x29,0x45,0x29,0x45,0x29,0x44,0x21,0x24,0x21,0x24,0x21,0x04,0x21,0xE3,0x18,0xE3,0x18,0xC2,0x10,0xA2,0x10,0x82,0x10,0x61,0x08,0x40,0x00,0x00,0x00,0x00,0x00,0x00,0x00,0x00,0x00,0x00,0x00,0x00,0x00,0x00,0x00,0x00,0x00,0x00,0x00,0x00,0x00,0x00,0x00,0x00,0x00,
	0x00,0x00,0x00,0x00,0x00,0x00,0x00,0x00,0x00,0x00,0x00,0x00,0x00,0x00,0x00,0x00,0x00,0x00,0x00,0x00,0x00,0x00,0x00,0x00,0x00,0x00,0x00,0x00,0x00,0x00,0x00,0x00,0x00,0x00,0x00,0x00,0x00,0x00,0x00,0x00,0x00,0x00,0x00,0x00,0x00,0x00,0x00,0x00,0x00,0x00,0x00,0x00,0x00,0x00,0x00,0x00,0x00,0x00,0x00,0x00,0x00,0x00,0x00,0x00,
	0x00,0x00,0x00,0x00,0x00,0x00,0x00,0x00,0x00,0x00,0x00,0x00,0x00,0x00,0x00,0x00,0x00,0x00,0x00,0x00,0x00,0x00,0x00,0x00,0x00,0x00,0x00,0x00,0x00,0x00,0x00,0x00,0x00,0x00,0x00,0x00,0x00,0x00,0x00,0x00,0x00,0x00,0x00,0x00,0x00,0x00,0x00,0x00,0x00,0x00,0x00,0x00,0x00,0x00,0x00,0x00,0x00,0x00,0x00,0x00,0x00,0x00,0x00,0x00,
	0x20,0x00,0x61,0x08,0xA2,0x10,0xC3,0x18,0xE3,0x18,0x04,0x21,0x24,0x21,0x44,0x21,0x44,0x21,0x44,0x21,0x65,0x29,0x86,0x31,0x86,0x31,0x65,0x29,0x44,0x21,0x25,0x29,0x24,0x21,0x24,0x21,0x04,0x21,0xE3,0x18,0xC3,0x18,0xA2,0x10,0x61,0x08,0x20,0x00,0x00,0x00,0x00,0x00,0x00,0x00,0x00,0x00,0x00,0x00,0x00,0x00,0x00,0x00,0x00,0x00,
	0x00,0x00,0x00,0x00,0x00,0x00,0x00,0x00,0x00,0x00,0x00,0x00,0x00,0x00,0x00,0x00,0x00,0x00,0x00,0x00,0x00,0x00,0x00,0x00,0x00,0x00,0x00,0x00,0x00,0x00,0x00,0x00,0x00,0x00,0x00,0x00,0x00,0x00,0x00,0x00,0x00,0x00,0x00,0x00,0x00,0x00,0x00,0x00,0x00,0x00,0x00,0x00,0x00,0x00,0x00,0x00,0x00,0x00,0x00,0x00,0x00,0x00,0x00,0x00,
	

	// Alpha Channel 
	0x00,0x00,0x00,0x00,0x00,0x00,0x00,0x00,0x00,0x00,0x00,0x00,0x00,0x00,0x00,0x00,0x00,0x00,0x00,0x00,0x00,0x00,0x00,0x00,0x00,0x00,0x00,0x00,0x00,0x00,0x00,0x00,0x00,0x00,0x00,0x00,0x00,0x00,0x00,0x00,0xFF,0xFF,0xFF,0xFF,0xFF,0xFF,0xFF,0xFF,0xFF,0xFF,0xFF,0xFF,0xFF,0xFF,0xFF,0xFF,0xFF,0xFF,0xFF,0xFF,0xFF,0xFF,0xFF,0xFF,
	0x00,0x00,0x00,0x00,0x00,0x00,0x00,0x00,0x00,0x00,0x00,0x00,0x00,0x00,0x00,0x00,0x00,0x00,0x00,0x00,0x00,0x00,0x00,0x00,0x00,0x00,0x00,0x00,0x00,0x00,0x00,0x00,0x00,0x00,0x00,0x00,0x00,0x00,0x00,0x00,0x00,0x00,0x00,0x00,0x00,0x00,0x00,0x00,0x00,0x00,0x00,0x00,0x00,0x00,0x00,0x00,0x00,0x00,0x00,0x00,0x00,0x00,0x00,0x00,
	0x00,0x00,0x00,0x00,0x00,0x00,0x00,0x00,0x00,0x00,0x00,0x00,0xFF,0xFF,0xFF,0xFF,0xFF,0xFF,0xFF,0xFF,0xFF,0xFF,0xFF,0xFF,0xFF,0xFF,0xFF,0xFF,0xFF,0xFF,0xFF,0xFF,0xFF,0xFF,0xFF,0xFF,0xFF,0xFF,0xFF,0xFF,0xFF,0xFF,0xFF,0xFF,0x00,0x00,0x00,0x00,0x00,0x00,0x00,0x00,0x00,0x00,0x00,0x00,0x00,0x00,0x00,0x00,0x00,0x00,0x00,0x00,
	0x00,0x00,0x00,0x00,0x00,0x00,0x00,0x00,0x00,0x00,0x00,0x00,0x00,0x00,0x00,0x00,0x00,0x00,0x00,0x00,0x00,0x00,0x00,0x00,0x00,0x00,0x00,0x00,0x00,0x00,0x00,0x00,0x00,0x00,0x00,0x00,0x00,0x00,0x00,0x00,0x00,0x00,0x00,0x00,0x00,0x00,0x00,0x00,0x00,0x00,0xFF,0xFF,0xFF,0xFF,0xFF,0xFF,0xFF,0xFF,0xFF,0xFF,0xFF,0xFF,0xFF,0xFF,
	0xFF,0xFF,0xFF,0xFF,0xFF,0xFF,0xFF,0xFF,0xFF,0xFF,0xFF,0xFF,0xFF,0xFF,0xFF,0xFF,0xFF,0xFF,0xFF,0xFF,0xFF,0xFF,0x00,0x00,0x00,0x00,0x00,0x00,0x00,0x00,0x00,0x00,0x00,0x00,0x00,0x00,0x00,0x00,0x00,0x00,0x00,0x00,0x00,0x00,0x00,0x00,0x00,0x00,0x00,0x00,0x00,0x00,0x00,0x00,0x00,0x00,0x00,0x00,0x00,0x00,0x00,0x00,0x00,0x00,
	0x00,0x00,0x00,0x00,0x00,0x00,0x00,0x00,0x00,0x00,0x00,0x00,0x00,0x00,0x00,0x00,0x00,0x00,0x00,0x00,0x00,0x00,0x00,0xFF,0xFF,0xFF,0xFF,0xFF,0xFF,0xFF,0xFF,0xFF,0xFF,0xFF,0xFF,0xFF,0xFF,0xFF,0xFF,0xFF,0xFF,0xFF,0xFF,0xFF,0xFF,0xFF,0xFF,0xFF,0xFF,0xFF,0xFF,0xFF,0xFF,0xFF,0xFF,0xFF,0xFF,0xFF,0xFF,0xFF,0xFF,0xFF,0xFF,0xFF,
	0xFF,0x00,0x00,0x00,0x00,0x00,0x00,0x00,0x00,0x00,0x00,0x00,0x00,0x00,0x00,0x00,0x00,0x00,0x00,0x00,0x00,0x00,0x00,0x00,0x00,0x00,0x00,0x00,0x00,0x00,0x00,0x00,0x00,0x00,0x00,0x00,0x00,0x00,0x00,0x00,0x00,0x00,0x00,0x00,0x00,0x00,0x00,0x00,0x00,0x00,0x00,0x00,0x00,0x00,0x00,0x00,0x00,0x00,0x00,0x00,0xFF,0xFF,0xFF,0xFF,
	0xFF,0xFF,0xFF,0xFF,0xFF,0xFF,0xFF,0xFF,0xFF,0xFF,0xFF,0xFF,0xFF,0xFF,0xFF,0xFF,0xFF,0xFF,0xFF,0xFF,0xFF,0xFF,0xFF,0xFF,0xFF,0xFF,0xFF,0xFF,0xFF,0xFF,0xFF,0xFF,0xFF,0xFF,0xFF,0xFF,0xFF,0xFF,0xFF,0xFF,0xFF,0xFF,0xFF,0xFF,0x00,0x00,0x00,0x00,0x00,0x00,0x00,0x00,0x00,0x00,0x00,0x00,0x00,0x00,0x00,0x00,0x00,0x00,0x00,0x00,
	0x00,0x00,0x00,0x00,0x00,0x00,0x00,0x00,0x00,0x00,0x00,0x00,0x00,0x00,0x00,0x00,0x00,0x00,0x00,0x00,0x00,0x00,0x00,0x00,0x00,0x00,0x00,0x00,0x00,0x00,0x00,0x00,0x00,0x00,0x00,0xFF,0xFF,0xFF,0xFF,0xFF,0xFF,0xFF,0xFF,0xFF,0xFF,0xFF,0xFF,0xFF,0xFF,0xFF,0xFF,0xFF,0xFF,0xFF,0xFF,0xFF,0xFF,0xFF,0xFF,0xFF,0xFF,0xFF,0xFF,0xFF,
	0xFF,0xFF,0xFF,0xFF,0xFF,0xFF,0xFF,0xFF,0xFF,0xFF,0xFF,0xFF,0xFF,0xFF,0xFF,0xFF,0xFF,0xFF,0xFF,0xFF,0xFF,0x00,0x00,0x00,0x00,0x00,0x00,0x00,0x00,0x00,0x00,0x00,0x00,0x00,0x00,0x00,0x00,0x00,0x00,0x00,0x00,0x00,0x00,0x00,0x00,0x00,0x00,0x00,0x00,0x00,0x00,0x00,0x00,0x00,0x00,0x00,0x00,0x00,0x00,0x00,0x00,0x00,0x00,0x00,
	0x00,0x00,0x00,0x00,0x00,0x00,0x00,0x00,0x00,0xFF,0xFF,0xFF,0xFF,0xFF,0xFF,0xFF,0xFF,0xFF,0xFF,0xFF,0xFF,0xFF,0xFF,0xFF,0xFF,0xFF,0xFF,0xFF,0xFF,0xFF,0xFF,0xFF,0xFF,0xFF,0xFF,0xFF,0xFF,0xFF,0xFF,0xFF,0xFF,0xFF,0xFF,0xFF,0xFF,0xFF,0xFF,0xFF,0xFF,0xFF,0xFF,0xFF,0xFF,0xFF,0xFF,0xFF,0xFF,0xFF,0xFF,0xFF,0xFF,0xFF,0xFF,0x00,
	0x00,0x00,0x00,0x00,0x00,0x00,0x00,0x00,0x00,0x00,0x00,0x00,0x00,0x00,0x00,0x00,0x00,0x00,0x00,0x00,0x00,0x00,0x00,0x00,0x00,0x00,0x00,0x00,0x00,0x00,0x00,0x00,0x00,0x00,0x00,0x00,0x00,0x00,0x00,0x00,0x00,0x00,0x00,0x00,0x00,0x00,0x00,0x00,0xFF,0xFF,0xFF,0xFF,0xFF,0xFF,0xFF,0xFF,0xFF,0xFF,0xFF,0xFF,0xFF,0xFF,0xFF,0xFF,
	0xFF,0xFF,0xFF,0xFF,0xFF,0xFF,0xFF,0xFF,0xFF,0xFF,0xFF,0xFF,0xFF,0xFF,0xFF,0xFF,0xFF,0xFF,0xFF,0xFF,0xFF,0xFF,0xFF,0xFF,0xFF,0xFF,0xFF,0xFF,0xFF,0xFF,0xFF,0xFF,0xFF,0xFF,0xFF,0xFF,0xFF,0xFF,0xFF,0xFF,0x00,0x00,0x00,0x00,0x00,0x00,0x00,0x00,0x00,0x00,0x00,0x00,0x00,0x00,0x00,0x00,0x00,0x00,0x00,0x00,0x00,0x00,0x00,0x00,
	0x00,0x00,0x00,0x00,0x00,0x00,0x00,0x00,0x00,0x00,0x00,0x00,0x00,0x00,0x00,0x00,0x00,0x00,0x00,0x00,0x00,0x00,0xFF,0xFF,0xFF,0xFF,0xFF,0xFF,0xFF,0xFF,0xFF,0xFF,0xFF,0xFF,0xFF,0xFF,0xFF,0xFF,0xFF,0xFF,0xFF,0xFF,0xFF,0xFF,0xFF,0xFF,0xFF,0xFF,0xFF,0xFF,0xFF,0xFF,0xFF,0xFF,0xFF,0xFF,0xFF,0xFF,0xFF,0xFF,0xFF,0xFF,0xFF,0xFF,
	0xFF,0xFF,0xFF,0xFF,0xFF,0xFF,0xFF,0xFF,0xFF,0xFF,0xFF,0xFF,0xFF,0xFF,0xFF,0xFF,0xFF,0xFF,0x00,0x00,0x00,0x00,0x00,0x00,0x00,0x00,0x00,0x00,0x00,0x00,0x00,0x00,0x00,0x00,0x00,0x00,0x00,0x00,0x00,0x00,0x00,0x00,0x00,0x00,0x00,0x00,0x00,0x00,0x00,0x00,0x00,0x00,0x00,0x00,0x00,0x00,0x00,0x00,0x00,0x00,0xFF,0xFF,0xFF,0xFF,
	0xFF,0xFF,0xFF,0xFF,0xFF,0xFF,0xFF,0xFF,0xFF,0xFF,0xFF,0xFF,0xFF,0xFF,0xFF,0xFF,0xFF,0xFF,0xFF,0xFF,0xFF,0xFF,0xFF,0xFF,0xFF,0xFF,0xFF,0xFF,0xFF,0xFF,0xFF,0xFF,0xFF,0xFF,0xFF,0xFF,0xFF,0xFF,0xFF,0xFF,0xFF,0xFF,0xFF,0xFF,0xFF,0xFF,0xFF,0xFF,0xFF,0xFF,0xFF,0xFF,0xFF,0xFF,0xFF,0xFF,0xFF,0xFF,0xFF,0xFF,0x00,0x00,0x00,0x00,
	0x00,0x00,0x00,0x00,0x00,0x00,0x00,0x00,0x00,0x00,0x00,0x00,0x00,0x00,0x00,0x00,0x00,0x00,0x00,0x00,0x00,0x00,0x00,0x00,0x00,0x00,0x00,0x00,0x00,0x00,0x00,0x00,0x00,0x00,0x00,0xFF,0xFF,0xFF,0xFF,0xFF,0xFF,0xFF,0xFF,0xFF,0xFF,0xFF,0xFF,0xFF,0xFF,0xFF,0xFF,0xFF,0xFF,0xFF,0xFF,0xFF,0xFF,0xFF,0xFF,0xFF,0xFF,0xFF,0xFF,0xFF,
	0xFF,0xFF,0xFF,0xFF,0xFF,0xFF,0xFF,0xFF,0xFF,0xFF,0xFF,0xFF,0xFF,0xFF,0xFF,0xFF,0xFF,0xFF,0xFF,0xFF,0xFF,0xFF,0xFF,0xFF,0xFF,0xFF,0xFF,0xFF,0xFF,0xFF,0xFF,0xFF,0xFF,0xFF,0xFF,0xFF,0xFF,0x00,0x00,0x00,0x00,0x00,0x00,0x00,0x00,0x00,0x00,0x00,0x00,0x00,0x00,0x00,0x00,0x00,0x00,0x00,0x00,0x00,0x00,0x00,0x00,0x00,0x00,0x00,
	0x00,0x00,0x00,0x00,0x00,0x00,0x00,0x00,0x00,0x00,0xFF,0xFF,0xFF,0xFF,0xFF,0xFF,0xFF,0xFF,0xFF,0xFF,0xFF,0xFF,0xFF,0xFF,0xFF,0xFF,0xFF,0xFF,0xFF,0xFF,0xFF,0xFF,0xFF,0xFF,0xFF,0xFF,0xFF,0xFF,0xFF,0xFF,0xFF,0xFF,0xFF,0xFF,0xFF,0xFF,0xFF,0xFF,0xFF,0xFF,0xFF,0xFF,0xFF,0xFF,0xFF,0xFF,0xFF,0xFF,0xFF,0xFF,0xFF,0xFF,0xFF,0xFF,
	0xFF,0xFF,0xFF,0xFF,0xFF,0xFF,0xFF,0xFF,0xFF,0xFF,0xFF,0xFF,0xFF,0xFF,0x00,0x00,0x00,0x00,0x00,0x00,0x00,0x00,0x00,0x00,0x00,0x00,0x00,0x00,0x00,0x00,0x00,0x00,0x00,0x00,0x00,0x00,0x00,0x00,0x00,0x00,0x00,0x00,0x00,0x00,0x00,0x00,0x00,0x00,0x00,0xFF,0xFF,0xFF,0xFF,0xFF,0xFF,0xFF,0xFF,0xFF,0xFF,0xFF,0xFF,0xFF,0xFF,0xFF,
	0xFF,0xFF,0xFF,0xFF,0xFF,0xFF,0xFF,0xFF,0xFF,0xFF,0xFF,0xFF,0xFF,0xFF,0xFF,0xFF,0xFF,0xFF,0xFF,0xFF,0xFF,0xFF,0xFF,0xFF,0xFF,0xFF,0xFF,0xFF,0xFF,0xFF,0xFF,0xFF,0xFF,0xFF,0xFF,0xFF,0xFF,0xFF,0xFF,0xFF,0xFF,0xFF,0xFF,0xFF,0xFF,0xFF,0xFF,0xFF,0xFF,0xFF,0xFF,0xFF,0xFF,0xFF,0xFF,0x00,0x00,0x00,0x00,0x00,0x00,0x00,0x00,0x00,
	0x00,0x00,0x00,0x00,0x00,0x00,0x00,0x00,0x00,0x00,0x00,0x00,0x00,0x00,0x00,0x00,0x00,0x00,0x00,0x00,0x00,0x00,0x00,0x00,0xFF,0xFF,0xFF,0xFF,0xFF,0xFF,0xFF,0xFF,0xFF,0xFF,0xFF,0xFF,0xFF,0xFF,0xFF,0xFF,0xFF,0xFF,0xFF,0xFF,0xFF,0xFF,0xFF,0xFF,0xFF,0xFF,0xFF,0xFF,0xFF,0xFF,0xFF,0xFF,0xFF,0xFF,0xFF,0xFF,0xFF,0xFF,0xFF,0xFF,
	0xFF,0xFF,0xFF,0xFF,0xFF,0xFF,0xFF,0xFF,0xFF,0xFF,0xFF,0xFF,0xFF,0xFF,0xFF,0xFF,0xFF,0xFF,0xFF,0xFF,0xFF,0xFF,0xFF,0xFF,0xFF,0xFF,0xFF,0xFF,0xFF,0xFF,0xFF,0xFF,0x00,0x00,0x00,0x00,0x00,0x00,0x00,0x00,0x00,0x00,0x00,0x00,0x00,0x00,0x00,0x00,0x00,0x00,0x00,0x00,0x00,0x00,0x00,0x00,0x00,0x00,0x00,0x00,0x00,0x00,0x00,0xFF,
	0xFF,0xFF,0xFF,0xFF,0xFF,0xFF,0xFF,0xFF,0xFF,0xFF,0xFF,0xFF,0xFF,0xFF,0xFF,0xFF,0xFF,0xFF,0xFF,0xFF,0xFF,0xFF,0xFF,0xFF,0xFF,0xFF,0xFF,0xFF,0xFF,0xFF,0xFF,0xFF,0xFF,0xFF,0xFF,0xFF,0xFF,0xFF,0xFF,0xFF,0xFF,0xFF,0xFF,0xFF,0xFF,0xFF,0xFF,0xFF,0xFF,0xFF,0xFF,0xFF,0xFF,0xFF,0xFF,0xFF,0xFF,0xFF,0xFF,0xFF,0xFF,0xFF,0xFF,0xFF,
	0xFF,0xFF,0xFF,0xFF,0xFF,0xFF,0xFF,0xFF,0xFF,0x00,0x00,0x00,0x00,0x00,0x00,0x00,0x00,0x00,0x00,0x00,0x00,0x00,0x00,0x00,0x00,0x00,0x00,0x00,0x00,0x00,0x00,0x00,0x00,0x00,0x00,0x00,0x00,0x00,0xFF,0xFF,0xFF,0xFF,0xFF,0xFF,0xFF,0xFF,0xFF,0xFF,0xFF,0xFF,0xFF,0xFF,0xFF,0xFF,0xFF,0xFF,0xFF,0xFF,0xFF,0xFF,0xFF,0xFF,0xFF,0xFF,
	0xFF,0xFF,0xFF,0xFF,0xFF,0xFF,0xFF,0xFF,0xFF,0xFF,0xFF,0xFF,0xFF,0xFF,0xFF,0xFF,0xFF,0xFF,0xFF,0xFF,0xFF,0xFF,0xFF,0xFF,0xFF,0xFF,0xFF,0xFF,0xFF,0xFF,0xFF,0xFF,0xFF,0xFF,0xFF,0xFF,0xFF,0xFF,0xFF,0xFF,0xFF,0xFF,0xFF,0xFF,0xFF,0xFF,0xFF,0xFF,0xFF,0xFF,0x00,0x00,0x00,0x00,0x00,0x00,0x00,0x00,0x00,0x00,0x00,0x00,0x00,0x00,
	0x00,0x00,0x00,0x00,0x00,0x00,0x00,0x00,0x00,0x00,0x00,0x00,0x00,0xFF,0xFF,0xFF,0xFF,0xFF,0xFF,0xFF,0xFF,0xFF,0xFF,0xFF,0xFF,0xFF,0xFF,0xFF,0xFF,0xFF,0xFF,0xFF,0xFF,0xFF,0xFF,0xFF,0xFF,0xFF,0xFF,0xFF,0xFF,0xFF,0xFF,0xFF,0xFF,0xFF,0xFF,0xFF,0xFF,0xFF,0xFF,0xFF,0xFF,0xFF,0xFF,0xFF,0xFF,0xFF,0xFF,0xFF,0xFF,0xFF,0xFF,0xFF,
	0xFF,0xFF,0xFF,0xFF,0xFF,0xFF,0xFF,0xFF,0xFF,0xFF,0xFF,0xFF,0xFF,0xFF,0xFF,0xFF,0xFF,0xFF,0xFF,0xFF,0xFF,0xFF,0xFF,0xFF,0xFF,0xFF,0xFF,0x00,0x00,0x00,0x00,0x00,0x00,0x00,0x00,0x00,0x00,0x00,0x00,0x00,0x00,0x00,0x00,0x00,0x00,0x00,0x00,0x00,0x00,0x00,0x00,0x00,0xFF,0xFF,0xFF,0xFF,0xFF,0xFF,0xFF,0xFF,0xFF,0xFF,0xFF,0xFF,
	0xFF,0xFF,0xFF,0xFF,0xFF,0xFF,0xFF,0xFF,0xFF,0xFF,0xFF,0xFF,0xFF,0xFF,0xFF,0xFF,0xFF,0xFF,0xFF,0xFF,0xFF,0xFF,0xFF,0xFF,0xFF,0xFF,0xFF,0xFF,0xFF,0xFF,0xFF,0xFF,0xFF,0xFF,0xFF,0xFF,0xFF,0xFF,0xFF,0xFF,0xFF,0xFF,0xFF,0xFF,0xFF,0xFF,0xFF,0xFF,0xFF,0xFF,0xFF,0xFF,0xFF,0xFF,0xFF,0xFF,0xFF,0xFF,0xFF,0xFF,0xFF,0xFF,0xFF,0xFF,
	0xFF,0xFF,0xFF,0xFF,0x00,0x00,0x00,0x00,0x00,0x00,0x00,0x00,0x00,0x00,0x00,0x00,0x00,0x00,0x00,0x00,0x00,0x00,0x00,0x00,0x00,0x00,0x00,0xFF,0xFF,0xFF,0xFF,0xFF,0xFF,0xFF,0xFF,0xFF,0xFF,0xFF,0xFF,0xFF,0xFF,0xFF,0xFF,0xFF,0xFF,0xFF,0xFF,0xFF,0xFF,0xFF,0xFF,0xFF,0xFF,0xFF,0xFF,0xFF,0xFF,0xFF,0xFF,0xFF,0xFF,0xFF,0xFF,0xFF,
	0xFF,0xFF,0xFF,0xFF,0xFF,0xFF,0xFF,0xFF,0xFF,0xFF,0xFF,0xFF,0xFF,0xFF,0xFF,0xFF,0xFF,0xFF,0xFF,0xFF,0xFF,0xFF,0xFF,0xFF,0xFF,0xFF,0xFF,0xFF,0xFF,0xFF,0xFF,0xFF,0xFF,0xFF,0xFF,0xFF,0xFF,0xFF,0xFF,0xFF,0xFF,0xFF,0xFF,0xFF,0xFF,0x00,0x00,0x00,0x00,0x00,0x00,0x00,0x00,0x00,0x00,0x00,0x00,0x00,0x00,0x00,0x00,0x00,0x00,0x00,
	0x00,0x00,0xFF,0xFF,0xFF,0xFF,0xFF,0xFF,0xFF,0xFF,0xFF,0xFF,0xFF,0xFF,0xFF,0xFF,0xFF,0xFF,0xFF,0xFF,0xFF,0xFF,0xFF,0xFF,0xFF,0xFF,0xFF,0xFF,0xFF,0xFF,0xFF,0xFF,0xFF,0xFF,0xFF,0xFF,0xFF,0xFF,0xFF,0xFF,0xFF,0xFF,0xFF,0xFF,0xFF,0xFF,0xFF,0xFF,0xFF,0xFF,0xFF,0xFF,0xFF,0xFF,0xFF,0xFF,0xFF,0xFF,0xFF,0xFF,0xFF,0xFF,0xFF,0xFF,
	0xFF,0xFF,0xFF,0xFF,0xFF,0xFF,0xFF,0xFF,0xFF,0xFF,0xFF,0xFF,0xFF,0xFF,0xFF,0xFF,0xFF,0xFF,0xFF,0xFF,0xFF,0xFF,0x00,0x00,0x00,0x00,0x00,0x00,0x00,0x00,0x00,0x00,0x00,0x00,0x00,0x00,0x00,0x00,0x00,0x00,0x00,0xFF,0xFF,0xFF,0xFF,0xFF,0xFF,0xFF,0xFF,0xFF,0xFF,0xFF,0xFF,0xFF,0xFF,0xFF,0xFF,0xFF,0xFF,0xFF,0xFF,0xFF,0xFF,0xFF,
	0xFF,0xFF,0xFF,0xFF,0xFF,0xFF,0xFF,0xFF,0xFF,0xFF,0xFF,0xFF,0xFF,0xFF,0xFF,0xFF,0xFF,0xFF,0xFF,0xFF,0xFF,0xFF,0xFF,0xFF,0xFF,0xFF,0xFF,0xFF,0xFF,0xFF,0xFF,0xFF,0xFF,0xFF,0xFF,0xFF,0xFF,0xFF,0xFF,0xFF,0xFF,0xFF,0xFF,0xFF,0xFF,0xFF,0xFF,0xFF,0xFF,0xFF,0xFF,0xFF,0xFF,0xFF,0xFF,0xFF,0xFF,0xFF,0xFF,0xFF,0xFF,0xFF,0xFF,0x00,
	0x00,0x00,0x00,0x00,0x00,0x00,0x00,0x00,0x00,0x00,0x00,0x00,0x00,0x00,0x00,0x00,0x00,0xFF,0xFF,0xFF,0xFF,0xFF,0xFF,0xFF,0xFF,0xFF,0xFF,0xFF,0xFF,0xFF,0xFF,0xFF,0xFF,0xFF,0xFF,0xFF,0xFF,0xFF,0xFF,0xFF,0xFF,0xFF,0xFF,0xFF,0xFF,0xFF,0xFF,0xFF,0xFF,0xFF,0xFF,0xFF,0xFF,0xFF,0xFF,0xFF,0xFF,0xFF,0xFF,0xFF,0xFF,0xFF,0xFF,0xFF,
	0xFF,0xFF,0xFF,0xFF,0xFF,0xFF,0xFF,0xFF,0xFF,0xFF,0xFF,0xFF,0xFF,0xFF,0xFF,0xFF,0xFF,0xFF,0xFF,0xFF,0xFF,0xFF,0xFF,0xFF,0xFF,0xFF,0xFF,0xFF,0xFF,0xFF,0xFF,0xFF,0xFF,0xFF,0xFF,0xFF,0xFF,0xFF,0xFF,0x00,0x00,0x00,0x00,0x00,0x00,0x00,0x00,0x00,0x00,0x00,0x00,0x00,0x00,0x00,0x00,0x00,0xFF,0xFF,0xFF,0xFF,0xFF,0xFF,0xFF,0xFF,
	0xFF,0xFF,0xFF,0xFF,0xFF,0xFF,0xFF,0xFF,0xFF,0xFF,0xFF,0xFF,0xFF,0xFF,0xFF,0xFF,0xFF,0xFF,0xFF,0xFF,0xFF,0xFF,0xFF,0xFF,0xFF,0xFF,0xFF,0xFF,0xFF,0xFF,0xFF,0xFF,0xFF,0xFF,0xFF,0xFF,0xFF,0xFF,0xFF,0xFF,0xFF,0xFF,0xFF,0xFF,0xFF,0xFF,0xFF,0xFF,0xFF,0xFF,0xFF,0xFF,0xFF,0xFF,0xFF,0xFF,0xFF,0xFF,0xFF,0xFF,0xFF,0xFF,0xFF,0xFF,
	0xFF,0xFF,0xFF,0xFF,0xFF,0xFF,0xFF,0xFF,0xFF,0xFF,0xFF,0xFF,0xFF,0xFF,0xFF,0xFF,0x00,0x00,0x00,0x00,0x00,0x00,0x00,0x00,0x00,0x00,0x00,0x00,0x00,0x00,0x00,0x00,0xFF,0xFF,0xFF,0xFF,0xFF,0xFF,0xFF,0xFF,0xFF,0xFF,0xFF,0xFF,0xFF,0xFF,0xFF,0xFF,0xFF,0xFF,0xFF,0xFF,0xFF,0xFF,0xFF,0xFF,0xFF,0xFF,0xFF,0xFF,0xFF,0xFF,0xFF,0xFF,
	0xFF,0xFF,0xFF,0xFF,0xFF,0xFF,0xFF,0xFF,0xFF,0xFF,0xFF,0xFF,0xFF,0xFF,0xFF,0xFF,0xFF,0xFF,0xFF,0xFF,0xFF,0xFF,0xFF,0xFF,0xFF,0xFF,0xFF,0xFF,0xFF,0xFF,0xFF,0xFF,0xFF,0xFF,0xFF,0xFF,0xFF,0xFF,0xFF,0xFF,0xFF,0xFF,0xFF,0xFF,0xFF,0xFF,0xFF,0xFF,0xFF,0xFF,0xFF,0xFF,0xFF,0xFF,0xFF,0xFF,0x00,0x00,0x00,0x00,0x00,0x00,0x00,0x00,
	0x00,0x00,0x00,0x00,0x00,0x00,0x00,0xFF,0xFF,0xFF,0xFF,0xFF,0xFF,0xFF,0xFF,0xFF,0xFF,0xFF,0xFF,0xFF,0xFF,0xFF,0xFF,0xFF,0xFF,0xFF,0xFF,0xFF,0xFF,0xFF,0xFF,0xFF,0xFF,0xFF,0xFF,0xFF,0xFF,0xFF,0xFF,0xFF,0xFF,0xFF,0xFF,0xFF,0xFF,0xFF,0xFF,0xFF,0xFF,0xFF,0xFF,0xFF,0xFF,0xFF,0xFF,0xFF,0xFF,0xFF,0xFF,0xFF,0xFF,0xFF,0xFF,0xFF,
	0xFF,0xFF,0xFF,0xFF,0xFF,0xFF,0xFF,0xFF,0xFF,0xFF,0xFF,0xFF,0xFF,0xFF,0xFF,0xFF,0xFF,0xFF,0xFF,0xFF,0xFF,0xFF,0xFF,0xFF,0xFF,0xFF,0xFF,0xFF,0xFF,0xFF,0xFF,0xFF,0xFF,0x00,0x00,0x00,0x00,0x00,0x00,0x00,0x00,0x00,0x00,0x00,0x00,0x00,0xFF,0xFF,0xFF,0xFF,0xFF,0xFF,0xFF,0xFF,0xFF,0xFF,0xFF,0xFF,0xFF,0xFF,0xFF,0xFF,0xFF,0xFF,
	0xFF,0xFF,0xFF,0xFF,0xFF,0xFF,0xFF,0xFF,0xFF,0xFF,0xFF,0xFF,0xFF,0xFF,0xFF,0xFF,0xFF,0xFF,0xFF,0xFF,0xFF,0xFF,0xFF,0xFF,0xFF,0xFF,0xFF,0xFF,0xFF,0xFF,0xFF,0xFF,0xFF,0xFF,0xFF,0xFF,0xFF,0xFF,0xFF,0xFF,0xFF,0xFF,0xFF,0xFF,0xFF,0xFF,0xFF,0xFF,0xFF,0xFF,0xFF,0xFF,0xFF,0xFF,0xFF,0xFF,0xFF,0xFF,0xFF,0xFF,0xFF,0xFF,0xFF,0xFF,
	0xFF,0xFF,0xFF,0xFF,0xFF,0xFF,0xFF,0xFF,0xFF,0xFF,0x00,0x00,0x00,0x00,0x00,0x00,0x00,0x00,0x00,0x00,0x00,0x00,0xFF,0xFF,0xFF,0xFF,0xFF,0xFF,0xFF,0xFF,0xFF,0xFF,0xFF,0xFF,0xFF,0xFF,0xFF,0xFF,0xFF,0xFF,0xFF,0xFF,0xFF,0xFF,0xFF,0xFF,0xFF,0xFF,0xFF,0xFF,0xFF,0xFF,0xFF,0xFF,0xFF,0xFF,0xFF,0xFF,0xFF,0xFF,0xFF,0xFF,0xFF,0xFF,
	0xFF,0xFF,0xFF,0xFF,0xFF,0xFF,0xFF,0xFF,0xFF,0xFF,0xFF,0xFF,0xFF,0xFF,0xFF,0xFF,0xFF,0xFF,0xFF,0xFF,0xFF,0xFF,0xFF,0xFF,0xFF,0xFF,0xFF,0xFF,0xFF,0xFF,0xFF,0xFF,0xFF,0xFF,0xFF,0xFF,0xFF,0xFF,0xFF,0xFF,0xFF,0xFF,0xFF,0xFF,0xFF,0xFF,0xFF,0xFF,0xFF,0xFF,0x00,0x00,0x00,0x00,0x00,0x00,0x00,0x00,0x00,0x00,0x00,0xFF,0xFF,0xFF,
	0xFF,0xFF,0xFF,0xFF,0xFF,0xFF,0xFF,0xFF,0xFF,0xFF,0xFF,0xFF,0xFF,0xFF,0xFF,0xFF,0xFF,0xFF,0xFF,0xFF,0xFF,0xFF,0xFF,0xFF,0xFF,0xFF,0xFF,0xFF,0xFF,0xFF,0xFF,0xFF,0xFF,0xFF,0xFF,0xFF,0xFF,0xFF,0xFF,0xFF,0xFF,0xFF,0xFF,0xFF,0xFF,0xFF,0xFF,0xFF,0xFF,0xFF,0xFF,0xFF,0xFF,0xFF,0xFF,0xFF,0xFF,0xFF,0xFF,0xFF,0xFF,0xFF,0xFF,0xFF,
	0xFF,0xFF,0xFF,0xFF,0xFF,0xFF,0xFF,0xFF,0xFF,0xFF,0xFF,0xFF,0xFF,0xFF,0xFF,0xFF,0xFF,0xFF,0xFF,0xFF,0xFF,0xFF,0xFF,0xFF,0xFF,0xFF,0xFF,0x00,0x00,0x00,0x00,0x00,0x00,0x00,0x00,0x00,0xFF,0xFF,0xFF,0xFF,0xFF,0xFF,0xFF,0xFF,0xFF,0xFF,0xFF,0xFF,0xFF,0xFF,0xFF,0xFF,0xFF,0xFF,0xFF,0xFF,0xFF,0xFF,0xFF,0xFF,0xFF,0xFF,0xFF,0xFF,
	0xFF,0xFF,0xFF,0xFF,0xFF,0xFF,0xFF,0xFF,0xFF,0xFF,0xFF,0xFF,0xFF,0xFF,0xFF,0xFF,0xFF,0xFF,0xFF,0xFF,0xFF,0xFF,0xFF,0xFF,0xFF,0xFF,0xFF,0xFF,0xFF,0xFF,0xFF,0xFF,0xFF,0xFF,0xFF,0xFF,0xFF,0xFF,0xFF,0xFF,0xFF,0xFF,0xFF,0xFF,0xFF,0xFF,0xFF,0xFF,0xFF,0xFF,0xFF,0xFF,0xFF,0xFF,0xFF,0xFF,0xFF,0xFF,0xFF,0xFF,0xFF,0xFF,0xFF,0xFF,
	0xFF,0xFF,0xFF,0xFF,0x00,0x00,0x00,0x00,0x00,0x00,0x00,0x00,0xFF,0xFF,0xFF,0xFF,0xFF,0xFF,0xFF,0xFF,0xFF,0xFF,0xFF,0xFF,0xFF,0xFF,0xFF,0xFF,0xFF,0xFF,0xFF,0xFF,0xFF,0xFF,0xFF,0xFF,0xFF,0xFF,0xFF,0xFF,0xFF,0xFF,0xFF,0xFF,0xFF,0xFF,0xFF,0xFF,0xFF,0xFF,0xFF,0xFF,0xFF,0xFF,0xFF,0xFF,0xFF,0xFF,0xFF,0xFF,0xFF,0xFF,0xFF,0xFF,
	0xFF,0xFF,0xFF,0xFF,0xFF,0xFF,0xFF,0xFF,0xFF,0xFF,0xFF,0xFF,0xFF,0xFF,0xFF,0xFF,0xFF,0xFF,0xFF,0xFF,0xFF,0xFF,0xFF,0xFF,0xFF,0xFF,0xFF,0xFF,0xFF,0xFF,0xFF,0xFF,0xFF,0xFF,0xFF,0xFF,0xFF,0xFF,0xFF,0xFF,0xFF,0xFF,0xFF,0xFF,0x00,0x00,0x00,0x00,0x00,0x00,0x00,0x00,0xFF,0xFF,0xFF,0xFF,0xFF,0xFF,0xFF,0xFF,0xFF,0xFF,0xFF,0xFF,
	0xFF,0xFF,0xFF,0xFF,0xFF,0xFF,0xFF,0xFF,0xFF,0xFF,0xFF,0xFF,0xFF,0xFF,0xFF,0xFF,0xFF,0xFF,0xFF,0xFF,0xFF,0xFF,0xFF,0xFF,0xFF,0xFF,0xFF,0xFF,0xFF,0xFF,0xFF,0xFF,0xFF,0xFF,0xFF,0xFF,0xFF,0xFF,0xFF,0xFF,0xFF,0xFF,0xFF,0xFF,0xFF,0xFF,0xFF,0xFF,0xFF,0xFF,0xFF,0xFF,0xFF,0xFF,0xFF,0xFF,0xFF,0xFF,0xFF,0xFF,0xFF,0xFF,0xFF,0xFF,
	0xFF,0xFF,0xFF,0xFF,0xFF,0xFF,0xFF,0xFF,0xFF,0xFF,0xFF,0xFF,0xFF,0xFF,0xFF,0xFF,0xFF,0xFF,0xFF,0xFF,0x00,0x00,0x00,0x00,0x00,0x00,0x00,0xFF,0xFF,0xFF,0xFF,0xFF,0xFF,0xFF,0xFF,0xFF,0xFF,0xFF,0xFF,0xFF,0xFF,0xFF,0xFF,0xFF,0xFF,0xFF,0xFF,0xFF,0xFF,0xFF,0xFF,0xFF,0xFF,0xFF,0xFF,0xFF,0xFF,0xFF,0xFF,0xFF,0xFF,0xFF,0xFF,0xFF,
	0xFF,0xFF,0xFF,0xFF,0xFF,0xFF,0xFF,0xFF,0xFF,0xFF,0xFF,0xFF,0xFF,0xFF,0xFF,0xFF,0xFF,0xFF,0xFF,0xFF,0xFF,0xFF,0xFF,0xFF,0xFF,0xFF,0xFF,0xFF,0xFF,0xFF,0xFF,0xFF,0xFF,0xFF,0xFF,0xFF,0xFF,0xFF,0xFF,0xFF,0xFF,0xFF,0xFF,0xFF,0xFF,0xFF,0xFF,0xFF,0xFF,0xFF,0xFF,0xFF,0xFF,0xFF,0xFF,0xFF,0xFF,0xFF,0xFF,0xFF,0xFF,0x00,0x00,0x00,
	0x00,0x00,0x00,0xFF,0xFF,0xFF,0xFF,0xFF,0xFF,0xFF,0xFF,0xFF,0xFF,0xFF,0xFF,0xFF,0xFF,0xFF,0xFF,0xFF,0xFF,0xFF,0xFF,0xFF,0xFF,0xFF,0xFF,0xFF,0xFF,0xFF,0xFF,0xFF,0xFF,0xFF,0xFF,0xFF,0xFF,0xFF,0xFF,0xFF,0xFF,0xFF,0xFF,0xFF,0xFF,0xFF,0xFF,0xFF,0xFF,0xFF,0xFF,0xFF,0xFF,0xFF,0xFF,0xFF,0xFF,0xFF,0xFF,0xFF,0xFF,0xFF,0xFF,0xFF,
	0xFF,0xFF,0xFF,0xFF,0xFF,0xFF,0xFF,0xFF,0xFF,0xFF,0xFF,0xFF,0xFF,0xFF,0xFF,0xFF,0xFF,0xFF,0xFF,0xFF,0xFF,0xFF,0xFF,0xFF,0xFF,0xFF,0xFF,0xFF,0xFF,0xFF,0xFF,0xFF,0xFF,0xFF,0xFF,0xFF,0xFF,0x00,0x00,0x00,0x00,0x00,0x00,0xFF,0xFF,0xFF,0xFF,0xFF,0xFF,0xFF,0xFF,0xFF,0xFF,0xFF,0xFF,0xFF,0xFF,0xFF,0xFF,0xFF,0xFF,0xFF,0xFF,0xFF,
	0xFF,0xFF,0xFF,0xFF,0xFF,0xFF,0xFF,0xFF,0xFF,0xFF,0xFF,0xFF,0xFF,0xFF,0xFF,0xFF,0xFF,0xFF,0xFF,0xFF,0xFF,0xFF,0xFF,0xFF,0xFF,0xFF,0xFF,0xFF,0xFF,0xFF,0xFF,0xFF,0xFF,0xFF,0xFF,0xFF,0xFF,0xFF,0xFF,0xFF,0xFF,0xFF,0xFF,0xFF,0xFF,0xFF,0xFF,0xFF,0xFF,0xFF,0xFF,0xFF,0xFF,0xFF,0xFF,0xFF,0xFF,0xFF,0xFF,0xFF,0xFF,0xFF,0xFF,0xFF,
	0xFF,0xFF,0xFF,0xFF,0xFF,0xFF,0xFF,0xFF,0xFF,0xFF,0xFF,0xFF,0xFF,0x00,0x00,0x00,0x00,0x00,0xFF,0xFF,0xFF,0xFF,0xFF,0xFF,0xFF,0xFF,0xFF,0xFF,0xFF,0xFF,0xFF,0xFF,0xFF,0xFF,0xFF,0xFF,0xFF,0xFF,0xFF,0xFF,0xFF,0xFF,0xFF,0xFF,0xFF,0xFF,0xFF,0xFF,0xFF,0xFF,0xFF,0xFF,0xFF,0xFF,0xFF,0xFF,0xFF,0xFF,0xFF,0xFF,0xFF,0xFF,0xFF,0xFF,
	0xFF,0xFF,0xFF,0xFF,0xFF,0xFF,0xFF,0xFF,0xFF,0xFF,0xFF,0xFF,0xFF,0xFF,0xFF,0xFF,0xFF,0xFF,0xFF,0xFF,0xFF,0xFF,0xFF,0xFF,0xFF,0xFF,0xFF,0xFF,0xFF,0xFF,0xFF,0xFF,0xFF,0xFF,0xFF,0xFF,0xFF,0xFF,0xFF,0xFF,0xFF,0xFF,0xFF,0xFF,0xFF,0xFF,0xFF,0xFF,0xFF,0xFF,0xFF,0xFF,0xFF,0xFF,0x00,0x00,0x00,0x00,0xFF,0xFF,0xFF,0xFF,0xFF,0xFF,
	0xFF,0xFF,0xFF,0xFF,0xFF,0xFF,0xFF,0xFF,0xFF,0xFF,0xFF,0xFF,0xFF,0xFF,0xFF,0xFF,0xFF,0xFF,0xFF,0xFF,0xFF,0xFF,0xFF,0xFF,0xFF,0xFF,0xFF,0xFF,0xFF,0xFF,0xFF,0xFF,0xFF,0xFF,0xFF,0xFF,0xFF,0xFF,0xFF,0xFF,0xFF,0xFF,0xFF,0xFF,0xFF,0xFF,0xFF,0xFF,0xFF,0xFF,0xFF,0xFF,0xFF,0xFF,0xFF,0xFF,0xFF,0xFF,0xFF,0xFF,0xFF,0xFF,0xFF,0xFF,
	0xFF,0xFF,0xFF,0xFF,0xFF,0xFF,0xFF,0xFF,0xFF,0xFF,0xFF,0xFF,0xFF,0xFF,0xFF,0xFF,0xFF,0xFF,0xFF,0xFF,0xFF,0xFF,0xFF,0xFF,0xFF,0xFF,0xFF,0xFF,0xFF,0xFF,0x00,0x00,0x00,0xFF,0xFF,0xFF,0xFF,0xFF,0xFF,0xFF,0xFF,0xFF,0xFF,0xFF,0xFF,0xFF,0xFF,0xFF,0xFF,0xFF,0xFF,0xFF,0xFF,0xFF,0xFF,0xFF,0xFF,0xFF,0xFF,0xFF,0xFF,0xFF,0xFF,0xFF,
	0xFF,0xFF,0xFF,0xFF,0xFF,0xFF,0xFF,0xFF,0xFF,0xFF,0xFF,0xFF,0xFF,0xFF,0xFF,0xFF,0xFF,0xFF,0xFF,0xFF,0xFF,0xFF,0xFF,0xFF,0xFF,0xFF,0xFF,0xFF,0xFF,0xFF,0xFF,0xFF,0xFF,0xFF,0xFF,0xFF,0xFF,0xFF,0xFF,0xFF,0xFF,0xFF,0xFF,0xFF,0xFF,0xFF,0xFF,0xFF,0xFF,0xFF,0xFF,0xFF,0xFF,0xFF,0xFF,0xFF,0xFF,0xFF,0xFF,0xFF,0xFF,0xFF,0xFF,0xFF,
	0xFF,0xFF,0xFF,0xFF,0xFF,0xFF,0xFF,0x00,0x00,0xFF,0xFF,0xFF,0xFF,0xFF,0xFF,0xFF,0xFF,0xFF,0xFF,0xFF,0xFF,0xFF,0xFF,0xFF,0xFF,0xFF,0xFF,0xFF,0xFF,0xFF,0xFF,0xFF,0xFF,0xFF,0xFF,0xFF,0xFF,0xFF,0xFF,0xFF,0xFF,0xFF,0xFF,0xFF,0xFF,0xFF,0xFF,0xFF,0xFF,0xFF,0xFF,0xFF,0xFF,0xFF,0xFF,0xFF,0xFF,0xFF,0xFF,0xFF,0xFF,0xFF,0xFF,0xFF,
	0xFF,0xFF,0xFF,0xFF,0xFF,0xFF,0xFF,0xFF,0xFF,0xFF,0xFF,0xFF,0xFF,0xFF,0xFF,0xFF,0xFF,0xFF,0xFF,0xFF,0xFF,0xFF,0xFF,0xFF,0xFF,0xFF,0xFF,0xFF,0xFF,0xFF,0xFF,0xFF,0xFF,0xFF,0xFF,0xFF,0xFF,0xFF,0xFF,0xFF,0xFF,0xFF,0xFF,0xFF,0xFF,0xFF,0xFF,0x00,0x00,0xFF,0xFF,0xFF,0xFF,0xFF,0xFF,0xFF,0xFF,0xFF,0xFF,0xFF,0xFF,0xFF,0xFF,0xFF,
	0xFF,0xFF,0xFF,0xFF,0xFF,0xFF,0xFF,0xFF,0xFF,0xFF,0xFF,0xFF,0xFF,0xFF,0xFF,0xFF,0xFF,0xFF,0xFF,0xFF,0xFF,0xFF,0xFF,0xFF,0xFF,0xFF,0xFF,0xFF,0xFF,0xFF,0xFF,0xFF,0xFF,0xFF,0xFF,0xFF,0xFF,0xFF,0xFF,0xFF,0xFF,0xFF,0xFF,0xFF,0xFF,0xFF,0xFF,0xFF,0xFF,0xFF,0xFF,0xFF,0xFF,0xFF,0xFF,0xFF,0xFF,0xFF,0xFF,0xFF,0xFF,0xFF,0xFF,0xFF,
	0xFF,0xFF,0xFF,0xFF,0xFF,0xFF,0xFF,0xFF,0xFF,0xFF,0xFF,0xFF,0xFF,0xFF,0xFF,0xFF,0xFF,0xFF,0xFF,0xFF,0xFF,0xFF,0xFF,0x00,0x00,0xFF,0xFF,0xFF,0xFF,0xFF,0xFF,0xFF,0xFF,0xFF,0xFF,0xFF,0xFF,0xFF,0xFF,0xFF,0xFF,0xFF,0xFF,0xFF,0xFF,0xFF,0xFF,0xFF,0xFF,0xFF,0xFF,0xFF,0xFF,0xFF,0xFF,0xFF,0xFF,0xFF,0xFF,0xFF,0xFF,0xFF,0xFF,0xFF,
	0xFF,0xFF,0xFF,0xFF,0xFF,0xFF,0xFF,0xFF,0xFF,0xFF,0xFF,0xFF,0xFF,0xFF,0xFF,0xFF,0xFF,0xFF,0xFF,0xFF,0xFF,0xFF,0xFF,0xFF,0xFF,0xFF,0xFF,0xFF,0xFF,0xFF,0xFF,0xFF,0xFF,0xFF,0xFF,0xFF,0xFF,0xFF,0xFF,0xFF,0xFF,0xFF,0xFF,0xFF,0xFF,0xFF,0xFF,0xFF,0xFF,0xFF,0xFF,0xFF,0xFF,0xFF,0xFF,0xFF,0xFF,0xFF,0xFF,0xFF,0xFF,0xFF,0xFF,0x00,
	0xFF,0xFF,0xFF,0xFF,0xFF,0xFF,0xFF,0xFF,0xFF,0xFF,0xFF,0xFF,0xFF,0xFF,0xFF,0xFF,0xFF,0xFF,0xFF,0xFF,0xFF,0xFF,0xFF,0xFF,0xFF,0xFF,0xFF,0xFF,0xFF,0xFF,0xFF,0xFF,0xFF,0xFF,0xFF,0xFF,0xFF,0xFF,0xFF,0xFF,0xFF,0xFF,0xFF,0xFF,0xFF,0xFF,0xFF,0xFF,0xFF,0xFF,0xFF,0xFF,0xFF,0xFF,0xFF,0xFF,0xFF,0xFF,0xFF,0xFF,0xFF,0xFF,0xFF,0xFF,
	0xFF,0xFF,0xFF,0xFF,0xFF,0xFF,0xFF,0xFF,0xFF,0xFF,0xFF,0xFF,0xFF,0xFF,0xFF,0xFF,0xFF,0xFF,0xFF,0xFF,0xFF,0xFF,0xFF,0xFF,0xFF,0xFF,0xFF,0xFF,0xFF,0xFF,0xFF,0xFF,0xFF,0xFF,0xFF,0xFF,0xFF,0xFF,0xFF,0xFF,0xFF,0xFF,0xFF,0xFF,0xFF,0xFF,0xFF,0xFF,0xFF,0xFF,0xFF,0xFF,0xFF,0xFF,0xFF,0xFF,0xFF,0xFF,0xFF,0xFF,0xFF,0xFF,0xFF,0xFF,
	0xFF,0xFF,0xFF,0xFF,0xFF,0xFF,0xFF,0xFF,0xFF,0xFF,0xFF,0xFF,0xFF,0xFF,0xFF,0xFF,0xFF,0xFF,0xFF,0xFF,0xFF,0xFF,0xFF,0xFF,0xFF,0xFF,0xFF,0xFF,0xFF,0xFF,0xFF,0xFF,0xFF,0xFF,0xFF,0xFF,0xFF,0xFF,0xFF,0xFF,0xFF,0xFF,0xFF,0xFF,0xFF,0xFF,0xFF,0xFF,0xFF,0xFF,0xFF,0xFF,0xFF,0xFF,0xFF,0xFF,0xFF,0xFF,0xFF,0xFF,0xFF,0xFF,0xFF,0xFF,
	0xFF,0xFF,0xFF,0xFF,0xFF,0xFF,0xFF,0xFF,0xFF,0xFF,0xFF,0xFF,0xFF,0xFF,0xFF,0xFF,0xFF,0xFF,0xFF,0xFF,0xFF,0xFF,0xFF,0xFF,0xFF,0xFF,0xFF,0xFF,0xFF,0xFF,0xFF,0xFF,0xFF,0xFF,0xFF,0xFF,0xFF,0xFF,0xFF,0xFF,0xFF,0xFF,0xFF,0xFF,0xFF,0xFF,0xFF,0xFF,0xFF,0xFF,0xFF,0xFF,0xFF,0xFF,0xFF,0xFF,0xFF,0xFF,0xFF,0xFF,0xFF,0xFF,0xFF,0xFF,
	0xFF,0xFF,0xFF,0xFF,0xFF,0xFF,0xFF,0xFF,0xFF,0xFF,0xFF,0xFF,0xFF,0xFF,0xFF,0xFF,0xFF,0xFF,0xFF,0xFF,0xFF,0xFF,0xFF,0xFF,0xFF,0xFF,0xFF,0xFF,0xFF,0xFF,0xFF,0xFF,0xFF,0xFF,0xFF,0xFF,0xFF,0xFF,0xFF,0xFF,0xFF,0xFF,0xFF,0xFF,0xFF,0xFF,0xFF,0xFF,0xFF,0xFF,0xFF,0xFF,0xFF,0xFF,0xFF,0xFF,0xFF,0xFF,0xFF,0xFF,0xFF,0xFF,0xFF,0xFF,
	0xFF,0xFF,0xFF,0xFF,0xFF,0xFF,0xFF,0xFF,0xFF,0xFF,0xFF,0xFF,0xFF,0xFF,0xFF,0xFF,0xFF,0xFF,0xFF,0xFF,0xFF,0xFF,0xFF,0xFF,0xFF,0xFF,0xFF,0xFF,0xFF,0xFF,0xFF,0xFF,0xFF,0xFF,0xFF,0xFF,0xFF,0xFF,0xFF,0xFF,0xFF,0xFF,0xFF,0xFF,0xFF,0xFF,0xFF,0xFF,0xFF,0xFF,0xFF,0xFF,0xFF,0xFF,0xFF,0xFF,0xFF,0xFF,0xFF,0xFF,0xFF,0xFF,0xFF,0xFF,
	0xFF,0xFF,0xFF,0xFF,0xFF,0xFF,0xFF,0xFF,0xFF,0xFF,0xFF,0xFF,0xFF,0xFF,0xFF,0xFF,0xFF,0xFF,0xFF,0xFF,0xFF,0xFF,0xFF,0xFF,0xFF,0xFF,0xFF,0xFF,0xFF,0xFF,0xFF,0xFF,0xFF,0xFF,0xFF,0xFF,0xFF,0xFF,0xFF,0xFF,0xFF,0xFF,0xFF,0xFF,0xFF,0xFF,0xFF,0xFF,0xFF,0xFF,0xFF,0xFF,0xFF,0xFF,0xFF,0xFF,0xFF,0xFF,0xFF,0xFF,0xFF,0xFF,0xFF,0xFF,
	0xFF,0xFF,0xFF,0xFF,0xFF,0xFF,0xFF,0xFF,0xFF,0xFF,0xFF,0xFF,0xFF,0xFF,0xFF,0xFF,0xFF,0xFF,0xFF,0xFF,0xFF,0xFF,0xFF,0xFF,0xFF,0xFF,0xFF,0xFF,0xFF,0xFF,0xFF,0xFF,0xFF,0xFF,0xFF,0xFF,0xFF,0xFF,0xFF,0xFF,0xFF,0xFF,0xFF,0xFF,0xFF,0xFF,0xFF,0xFF,0xFF,0xFF,0xFF,0xFF,0xFF,0xFF,0xFF,0xFF,0xFF,0xFF,0xFF,0xFF,0xFF,0xFF,0xFF,0xFF,
	0xFF,0xFF,0xFF,0xFF,0xFF,0xFF,0xFF,0xFF,0xFF,0xFF,0xFF,0xFF,0xFF,0xFF,0xFF,0xFF,0xFF,0xFF,0xFF,0xFF,0xFF,0xFF,0xFF,0xFF,0xFF,0xFF,0xFF,0xFF,0xFF,0xFF,0xFF,0xFF,0xFF,0xFF,0xFF,0xFF,0xFF,0xFF,0xFF,0xFF,0xFF,0xFF,0xFF,0xFF,0xFF,0xFF,0xFF,0xFF,0xFF,0xFF,0xFF,0xFF,0xFF,0xFF,0xFF,0xFF,0xFF,0xFF,0xFF,0xFF,0xFF,0xFF,0xFF,0xFF,
	0xFF,0xFF,0xFF,0xFF,0xFF,0xFF,0xFF,0xFF,0xFF,0xFF,0xFF,0xFF,0xFF,0xFF,0xFF,0xFF,0xFF,0xFF,0xFF,0xFF,0xFF,0xFF,0xFF,0xFF,0xFF,0xFF,0xFF,0xFF,0xFF,0xFF,0xFF,0xFF,0xFF,0xFF,0xFF,0xFF,0xFF,0xFF,0xFF,0xFF,0xFF,0xFF,0xFF,0xFF,0xFF,0xFF,0xFF,0xFF,0xFF,0xFF,0xFF,0xFF,0xFF,0xFF,0xFF,0xFF,0xFF,0xFF,0xFF,0xFF,0xFF,0xFF,0xFF,0xFF,
	0xFF,0xFF,0xFF,0xFF,0xFF,0xFF,0xFF,0xFF,0xFF,0xFF,0xFF,0xFF,0xFF,0xFF,0xFF,0xFF,0xFF,0xFF,0xFF,0xFF,0xFF,0xFF,0xFF,0xFF,0xFF,0xFF,0xFF,0xFF,0xFF,0xFF,0xFF,0xFF,0xFF,0xFF,0xFF,0xFF,0xFF,0xFF,0xFF,0xFF,0xFF,0xFF,0xFF,0xFF,0xFF,0xFF,0xFF,0xFF,0xFF,0xFF,0xFF,0xFF,0xFF,0xFF,0xFF,0xFF,0xFF,0xFF,0xFF,0xFF,0xFF,0xFF,0xFF,0xFF,
	0xFF,0xFF,0xFF,0xFF,0xFF,0xFF,0xFF,0xFF,0xFF,0xFF,0xFF,0xFF,0xFF,0xFF,0xFF,0xFF,0xFF,0xFF,0xFF,0xFF,0xFF,0xFF,0xFF,0xFF,0xFF,0xFF,0xFF,0xFF,0xFF,0xFF,0xFF,0xFF,0xFF,0xFF,0xFF,0xFF,0xFF,0xFF,0xFF,0xFF,0xFF,0xFF,0xFF,0xFF,0xFF,0xFF,0xFF,0xFF,0xFF,0xFF,0xFF,0xFF,0xFF,0xFF,0xFF,0xFF,0xFF,0xFF,0xFF,0xFF,0xFF,0xFF,0xFF,0xFF,
	0xFF,0xFF,0xFF,0xFF,0xFF,0xFF,0xFF,0xFF,0xFF,0xFF,0xFF,0xFF,0xFF,0xFF,0xFF,0xFF,0xFF,0xFF,0xFF,0xFF,0xFF,0xFF,0xFF,0xFF,0xFF,0xFF,0xFF,0xFF,0xFF,0xFF,0xFF,0xFF,0xFF,0xFF,0xFF,0xFF,0xFF,0xFF,0xFF,0xFF,0xFF,0xFF,0xFF,0xFF,0xFF,0xFF,0xFF,0xFF,0xFF,0xFF,0xFF,0xFF,0xFF,0xFF,0xFF,0xFF,0xFF,0xFF,0xFF,0xFF,0xFF,0xFF,0xFF,0xFF,
	0xFF,0xFF,0xFF,0xFF,0xFF,0xFF,0xFF,0xFF,0xFF,0xFF,0xFF,0xFF,0xFF,0xFF,0xFF,0xFF,0xFF,0xFF,0xFF,0xFF,0xFF,0xFF,0xFF,0xFF,0xFF,0xFF,0xFF,0xFF,0xFF,0xFF,0xFF,0xFF,0xFF,0xFF,0xFF,0xFF,0xFF,0xFF,0xFF,0xFF,0xFF,0xFF,0xFF,0xFF,0xFF,0xFF,0xFF,0xFF,0xFF,0xFF,0xFF,0xFF,0xFF,0xFF,0xFF,0xFF,0xFF,0xFF,0xFF,0xFF,0xFF,0xFF,0xFF,0xFF,
	0xFF,0xFF,0xFF,0xFF,0xFF,0xFF,0xFF,0xFF,0xFF,0xFF,0xFF,0xFF,0xFF,0xFF,0xFF,0xFF,0xFF,0xFF,0xFF,0xFF,0xFF,0xFF,0xFF,0xFF,0xFF,0xFF,0xFF,0xFF,0xFF,0xFF,0xFF,0xFF,0xFF,0xFF,0xFF,0xFF,0xFF,0xFF,0xFF,0xFF,0xFF,0xFF,0xFF,0xFF,0xFF,0xFF,0xFF,0xFF,0xFF,0xFF,0xFF,0xFF,0xFF,0xFF,0xFF,0xFF,0xFF,0xFF,0xFF,0xFF,0xFF,0xFF,0xFF,0xFF,
	0xFF,0xFF,0xFF,0xFF,0xFF,0xFF,0xFF,0xFF,0xFF,0xFF,0xFF,0xFF,0xFF,0xFF,0xFF,0xFF,0xFF,0xFF,0xFF,0xFF,0xFF,0xFF,0xFF,0xFF,0xFF,0xFF,0xFF,0xFF,0xFF,0xFF,0xFF,0xFF,0xFF,0xFF,0xFF,0xFF,0xFF,0xFF,0xFF,0xFF,0xFF,0xFF,0xFF,0xFF,0xFF,0xFF,0xFF,0xFF,0xFF,0xFF,0xFF,0xFF,0xFF,0xFF,0xFF,0xFF,0xFF,0xFF,0xFF,0xFF,0xFF,0xFF,0xFF,0xFF,
	0xFF,0xFF,0xFF,0xFF,0xFF,0xFF,0xFF,0xFF,0xFF,0xFF,0xFF,0xFF,0xFF,0xFF,0xFF,0xFF,0xFF,0xFF,0xFF,0xFF,0xFF,0xFF,0xFF,0xFF,0xFF,0xFF,0xFF,0xFF,0xFF,0xFF,0xFF,0xFF,0xFF,0xFF,0xFF,0xFF,0xFF,0xFF,0xFF,0xFF,0xFF,0xFF,0xFF,0xFF,0xFF,0xFF,0xFF,0xFF,0xFF,0xFF,0xFF,0xFF,0xFF,0xFF,0xFF,0xFF,0xFF,0xFF,0xFF,0xFF,0xFF,0xFF,0xFF,0xFF,
	0xFF,0xFF,0xFF,0xFF,0xFF,0xFF,0xFF,0xFF,0xFF,0xFF,0xFF,0xFF,0xFF,0xFF,0xFF,0xFF,0xFF,0xFF,0xFF,0xFF,0xFF,0xFF,0xFF,0xFF,0xFF,0xFF,0xFF,0xFF,0xFF,0xFF,0xFF,0xFF,0xFF,0xFF,0xFF,0xFF,0xFF,0xFF,0xFF,0xFF,0xFF,0xFF,0xFF,0xFF,0xFF,0xFF,0xFF,0xFF,0xFF,0xFF,0xFF,0xFF,0xFF,0xFF,0xFF,0xFF,0xFF,0xFF,0xFF,0xFF,0xFF,0xFF,0xFF,0xFF,
	0xFF,0xFF,0xFF,0xFF,0xFF,0xFF,0xFF,0xFF,0xFF,0xFF,0xFF,0xFF,0xFF,0xFF,0xFF,0xFF,0xFF,0xFF,0xFF,0xFF,0xFF,0xFF,0xFF,0xFF,0xFF,0xFF,0xFF,0xFF,0xFF,0xFF,0xFF,0xFF,0xFF,0xFF,0xFF,0xFF,0xFF,0xFF,0xFF,0xFF,0xFF,0xFF,0xFF,0xFF,0xFF,0xFF,0xFF,0xFF,0xFF,0xFF,0xFF,0xFF,0xFF,0xFF,0xFF,0xFF,0xFF,0xFF,0xFF,0xFF,0xFF,0xFF,0xFF,0xFF,
	0xFF,0xFF,0xFF,0xFF,0xFF,0xFF,0xFF,0xFF,0xFF,0xFF,0xFF,0xFF,0xFF,0xFF,0xFF,0xFF,0xFF,0xFF,0xFF,0xFF,0xFF,0xFF,0xFF,0xFF,0xFF,0xFF,0xFF,0xFF,0xFF,0xFF,0xFF,0xFF,0xFF,0xFF,0xFF,0xFF,0xFF,0xFF,0xFF,0xFF,0xFF,0xFF,0xFF,0xFF,0xFF,0xFF,0xFF,0xFF,0xFF,0xFF,0xFF,0xFF,0xFF,0xFF,0xFF,0xFF,0xFF,0xFF,0xFF,0xFF,0xFF,0xFF,0xFF,0xFF,
	0xFF,0xFF,0xFF,0xFF,0xFF,0xFF,0xFF,0xFF,0xFF,0xFF,0xFF,0xFF,0xFF,0xFF,0xFF,0xFF,0xFF,0xFF,0xFF,0xFF,0xFF,0xFF,0xFF,0xFF,0xFF,0xFF,0xFF,0xFF,0xFF,0xFF,0xFF,0xFF,0xFF,0xFF,0xFF,0xFF,0xFF,0xFF,0xFF,0xFF,0xFF,0xFF,0xFF,0xFF,0xFF,0xFF,0xFF,0xFF,0xFF,0xFF,0xFF,0xFF,0xFF,0xFF,0xFF,0xFF,0xFF,0xFF,0xFF,0xFF,0xFF,0xFF,0xFF,0xFF,
	0xFF,0xFF,0xFF,0xFF,0xFF,0xFF,0xFF,0xFF,0xFF,0xFF,0xFF,0xFF,0xFF,0xFF,0xFF,0xFF,0xFF,0xFF,0xFF,0xFF,0xFF,0xFF,0xFF,0xFF,0xFF,0xFF,0xFF,0xFF,0xFF,0xFF,0xFF,0xFF,0xFF,0xFF,0xFF,0xFF,0xFF,0xFF,0xFF,0xFF,0xFF,0xFF,0xFF,0xFF,0xFF,0xFF,0xFF,0xFF,0xFF,0xFF,0xFF,0xFF,0xFF,0xFF,0xFF,0xFF,0xFF,0xFF,0xFF,0xFF,0xFF,0xFF,0xFF,0xFF,
	0xFF,0xFF,0xFF,0xFF,0xFF,0xFF,0xFF,0xFF,0xFF,0xFF,0xFF,0xFF,0xFF,0xFF,0xFF,0xFF,0xFF,0xFF,0xFF,0xFF,0xFF,0xFF,0xFF,0xFF,0xFF,0xFF,0xFF,0xFF,0xFF,0xFF,0xFF,0xFF,0xFF,0xFF,0xFF,0xFF,0xFF,0xFF,0xFF,0xFF,0xFF,0xFF,0xFF,0xFF,0xFF,0xFF,0xFF,0xFF,0xFF,0xFF,0xFF,0xFF,0xFF,0xFF,0xFF,0xFF,0xFF,0xFF,0xFF,0xFF,0xFF,0xFF,0xFF,0xFF,
	0xFF,0xFF,0xFF,0xFF,0xFF,0xFF,0xFF,0xFF,0xFF,0xFF,0xFF,0xFF,0xFF,0xFF,0xFF,0xFF,0xFF,0xFF,0xFF,0xFF,0xFF,0xFF,0xFF,0xFF,0xFF,0xFF,0xFF,0xFF,0xFF,0xFF,0xFF,0xFF,0xFF,0xFF,0xFF,0xFF,0xFF,0xFF,0xFF,0xFF,0xFF,0xFF,0xFF,0xFF,0xFF,0xFF,0xFF,0xFF,0xFF,0xFF,0xFF,0xFF,0xFF,0xFF,0xFF,0xFF,0xFF,0xFF,0xFF,0xFF,0xFF,0xFF,0xFF,0xFF,
	0xFF,0xFF,0xFF,0xFF,0xFF,0xFF,0xFF,0xFF,0xFF,0xFF,0xFF,0xFF,0xFF,0xFF,0xFF,0xFF,0xFF,0xFF,0xFF,0xFF,0xFF,0xFF,0xFF,0xFF,0xFF,0xFF,0xFF,0xFF,0xFF,0xFF,0xFF,0xFF,0xFF,0xFF,0xFF,0xFF,0xFF,0xFF,0xFF,0xFF,0xFF,0xFF,0xFF,0xFF,0xFF,0xFF,0xFF,0xFF,0xFF,0xFF,0xFF,0xFF,0xFF,0xFF,0xFF,0xFF,0xFF,0xFF,0xFF,0xFF,0xFF,0xFF,0xFF,0xFF,
	0xFF,0xFF,0xFF,0xFF,0xFF,0xFF,0xFF,0xFF,0xFF,0xFF,0xFF,0xFF,0xFF,0xFF,0xFF,0xFF,0xFF,0xFF,0xFF,0xFF,0xFF,0xFF,0xFF,0xFF,0xFF,0xFF,0xFF,0xFF,0xFF,0xFF,0xFF,0xFF,0xFF,0xFF,0xFF,0xFF,0xFF,0xFF,0xFF,0xFF,0xFF,0xFF,0xFF,0xFF,0xFF,0xFF,0xFF,0xFF,0xFF,0xFF,0xFF,0xFF,0xFF,0xFF,0xFF,0xFF,0xFF,0xFF,0xFF,0xFF,0xFF,0xFF,0xFF,0xFF,
	0xFF,0xFF,0xFF,0xFF,0xFF,0xFF,0xFF,0xFF,0xFF,0xFF,0xFF,0xFF,0xFF,0xFF,0xFF,0xFF,0xFF,0xFF,0xFF,0xFF,0xFF,0xFF,0xFF,0xFF,0xFF,0xFF,0xFF,0xFF,0xFF,0xFF,0xFF,0xFF,0xFF,0xFF,0xFF,0xFF,0xFF,0xFF,0xFF,0xFF,0xFF,0xFF,0xFF,0xFF,0xFF,0xFF,0xFF,0xFF,0xFF,0xFF,0xFF,0xFF,0xFF,0xFF,0xFF,0xFF,0xFF,0xFF,0xFF,0xFF,0xFF,0xFF,0xFF,0xFF,
	0xFF,0xFF,0xFF,0xFF,0xFF,0xFF,0xFF,0xFF,0xFF,0xFF,0xFF,0xFF,0xFF,0xFF,0xFF,0xFF,0xFF,0xFF,0xFF,0xFF,0xFF,0xFF,0xFF,0xFF,0xFF,0xFF,0xFF,0xFF,0xFF,0xFF,0xFF,0xFF,0xFF,0xFF,0xFF,0xFF,0xFF,0xFF,0xFF,0xFF,0xFF,0xFF,0xFF,0xFF,0xFF,0xFF,0xFF,0xFF,0xFF,0xFF,0xFF,0xFF,0xFF,0xFF,0xFF,0xFF,0xFF,0xFF,0xFF,0xFF,0xFF,0xFF,0xFF,0xFF,
	0xFF,0xFF,0xFF,0xFF,0xFF,0xFF,0xFF,0xFF,0xFF,0xFF,0xFF,0xFF,0xFF,0xFF,0xFF,0xFF,0xFF,0xFF,0xFF,0xFF,0xFF,0xFF,0xFF,0xFF,0xFF,0xFF,0xFF,0xFF,0xFF,0xFF,0xFF,0xFF,0xFF,0xFF,0xFF,0xFF,0xFF,0xFF,0xFF,0xFF,0xFF,0xFF,0xFF,0xFF,0xFF,0xFF,0xFF,0xFF,0xFF,0xFF,0xFF,0xFF,0xFF,0xFF,0xFF,0xFF,0xFF,0xFF,0xFF,0xFF,0xFF,0xFF,0xFF,0xFF,
	0xFF,0xFF,0xFF,0xFF,0xFF,0xFF,0xFF,0xFF,0xFF,0xFF,0xFF,0xFF,0xFF,0xFF,0xFF,0xFF,0xFF,0xFF,0xFF,0xFF,0xFF,0xFF,0xFF,0xFF,0xFF,0xFF,0xFF,0xFF,0xFF,0xFF,0xFF,0xFF,0xFF,0xFF,0xFF,0xFF,0xFF,0xFF,0xFF,0xFF,0xFF,0xFF,0xFF,0xFF,0xFF,0xFF,0xFF,0xFF,0xFF,0xFF,0xFF,0xFF,0xFF,0xFF,0xFF,0xFF,0xFF,0xFF,0xFF,0xFF,0xFF,0xFF,0xFF,0xFF,
	0xFF,0xFF,0xFF,0xFF,0xFF,0xFF,0xFF,0xFF,0xFF,0xFF,0xFF,0xFF,0xFF,0xFF,0xFF,0xFF,0xFF,0xFF,0xFF,0xFF,0xFF,0xFF,0xFF,0xFF,0xFF,0xFF,0xFF,0xFF,0xFF,0xFF,0xFF,0xFF,0xFF,0xFF,0xFF,0xFF,0xFF,0xFF,0xFF,0xFF,0xFF,0xFF,0xFF,0xFF,0xFF,0xFF,0xFF,0xFF,0xFF,0xFF,0xFF,0xFF,0xFF,0xFF,0xFF,0xFF,0xFF,0xFF,0xFF,0xFF,0xFF,0xFF,0xFF,0xFF,
	0xFF,0xFF,0xFF,0xFF,0xFF,0xFF,0xFF,0xFF,0xFF,0xFF,0xFF,0xFF,0xFF,0xFF,0xFF,0xFF,0xFF,0xFF,0xFF,0xFF,0xFF,0xFF,0xFF,0xFF,0xFF,0xFF,0xFF,0xFF,0xFF,0xFF,0xFF,0xFF,0xFF,0xFF,0xFF,0xFF,0xFF,0xFF,0xFF,0xFF,0xFF,0xFF,0xFF,0xFF,0xFF,0xFF,0xFF,0xFF,0xFF,0xFF,0xFF,0xFF,0xFF,0xFF,0xFF,0xFF,0xFF,0xFF,0xFF,0xFF,0xFF,0xFF,0xFF,0xFF,
	0xFF,0xFF,0xFF,0xFF,0xFF,0xFF,0xFF,0xFF,0xFF,0xFF,0xFF,0xFF,0xFF,0xFF,0xFF,0xFF,0xFF,0xFF,0xFF,0xFF,0xFF,0xFF,0xFF,0xFF,0xFF,0xFF,0xFF,0xFF,0xFF,0xFF,0xFF,0xFF,0xFF,0xFF,0xFF,0xFF,0xFF,0xFF,0xFF,0xFF,0xFF,0xFF,0xFF,0xFF,0xFF,0xFF,0xFF,0xFF,0xFF,0xFF,0xFF,0xFF,0xFF,0xFF,0xFF,0xFF,0xFF,0xFF,0xFF,0xFF,0xFF,0xFF,0xFF,0xFF,
	0xFF,0xFF,0xFF,0xFF,0xFF,0xFF,0xFF,0xFF,0xFF,0xFF,0xFF,0xFF,0xFF,0xFF,0xFF,0xFF,0xFF,0xFF,0xFF,0xFF,0xFF,0xFF,0xFF,0xFF,0xFF,0xFF,0xFF,0xFF,0xFF,0xFF,0xFF,0xFF,0xFF,0xFF,0xFF,0xFF,0xFF,0xFF,0xFF,0xFF,0xFF,0xFF,0xFF,0xFF,0xFF,0xFF,0xFF,0xFF,0xFF,0xFF,0xFF,0xFF,0xFF,0xFF,0xFF,0xFF,0xFF,0xFF,0xFF,0xFF,0xFF,0xFF,0xFF,0xFF,
	0xFF,0xFF,0xFF,0xFF,0xFF,0xFF,0xFF,0xFF,0xFF,0xFF,0xFF,0xFF,0xFF,0xFF,0xFF,0xFF,0xFF,0xFF,0xFF,0xFF,0xFF,0xFF,0xFF,0xFF,0xFF,0xFF,0xFF,0xFF,0xFF,0xFF,0xFF,0xFF,0xFF,0xFF,0xFF,0xFF,0xFF,0xFF,0xFF,0xFF,0xFF,0xFF,0xFF,0xFF,0xFF,0xFF,0xFF,0xFF,0xFF,0xFF,0xFF,0xFF,0xFF,0xFF,0xFF,0xFF,0xFF,0xFF,0xFF,0xFF,0xFF,0xFF,0xFF,0xFF,
	0xFF,0xFF,0xFF,0xFF,0xFF,0xFF,0xFF,0xFF,0xFF,0xFF,0xFF,0xFF,0xFF,0xFF,0xFF,0xFF,0xFF,0xFF,0xFF,0xFF,0xFF,0xFF,0xFF,0xFF,0xFF,0xFF,0xFF,0xFF,0xFF,0xFF,0xFF,0xFF,0xFF,0xFF,0xFF,0xFF,0xFF,0xFF,0xFF,0xFF,0xFF,0xFF,0xFF,0xFF,0xFF,0xFF,0xFF,0xFF,0xFF,0xFF,0xFF,0xFF,0xFF,0xFF,0xFF,0xFF,0xFF,0xFF,0xFF,0xFF,0xFF,0xFF,0xFF,0xFF,
	0xFF,0xFF,0xFF,0xFF,0xFF,0xFF,0xFF,0xFF,0xFF,0xFF,0xFF,0xFF,0xFF,0xFF,0xFF,0xFF,0xFF,0xFF,0xFF,0xFF,0xFF,0xFF,0xFF,0xFF,0xFF,0xFF,0xFF,0xFF,0xFF,0xFF,0xFF,0xFF,0xFF,0xFF,0xFF,0xFF,0xFF,0xFF,0xFF,0xFF,0xFF,0xFF,0xFF,0xFF,0xFF,0xFF,0xFF,0xFF,0xFF,0xFF,0xFF,0xFF,0xFF,0xFF,0xFF,0xFF,0xFF,0xFF,0xFF,0xFF,0xFF,0xFF,0xFF,0xFF,
	0xFF,0xFF,0xFF,0xFF,0xFF,0xFF,0xFF,0xFF,0xFF,0xFF,0xFF,0xFF,0xFF,0xFF,0xFF,0xFF,0xFF,0xFF,0xFF,0xFF,0xFF,0xFF,0xFF,0xFF,0xFF,0xFF,0xFF,0xFF,0xFF,0xFF,0xFF,0xFF,0xFF,0xFF,0xFF,0xFF,0xFF,0xFF,0xFF,0xFF,0xFF,0xFF,0xFF,0xFF,0xFF,0xFF,0xFF,0xFF,0xFF,0xFF,0xFF,0xFF,0xFF,0xFF,0xFF,0xFF,0xFF,0xFF,0xFF,0xFF,0xFF,0xFF,0xFF,0xFF,
	0xFF,0xFF,0xFF,0xFF,0xFF,0xFF,0xFF,0xFF,0xFF,0xFF,0xFF,0xFF,0xFF,0xFF,0xFF,0xFF,0xFF,0xFF,0xFF,0xFF,0xFF,0xFF,0xFF,0xFF,0xFF,0xFF,0xFF,0xFF,0xFF,0xFF,0xFF,0xFF,0xFF,0xFF,0xFF,0xFF,0xFF,0xFF,0xFF,0xFF,0xFF,0xFF,0xFF,0xFF,0xFF,0xFF,0xFF,0xFF,0xFF,0xFF,0xFF,0xFF,0xFF,0xFF,0xFF,0xFF,0xFF,0xFF,0xFF,0xFF,0xFF,0xFF,0xFF,0xFF,
	0x00,0xFF,0xFF,0xFF,0xFF,0xFF,0xFF,0xFF,0xFF,0xFF,0xFF,0xFF,0xFF,0xFF,0xFF,0xFF,0xFF,0xFF,0xFF,0xFF,0xFF,0xFF,0xFF,0xFF,0xFF,0xFF,0xFF,0xFF,0xFF,0xFF,0xFF,0xFF,0xFF,0xFF,0xFF,0xFF,0xFF,0xFF,0xFF,0xFF,0xFF,0xFF,0xFF,0xFF,0xFF,0xFF,0xFF,0xFF,0xFF,0xFF,0xFF,0xFF,0xFF,0xFF,0xFF,0xFF,0xFF,0xFF,0xFF,0xFF,0xFF,0xFF,0xFF,0xFF,
	0xFF,0xFF,0xFF,0xFF,0xFF,0xFF,0xFF,0xFF,0xFF,0xFF,0xFF,0xFF,0xFF,0xFF,0xFF,0xFF,0xFF,0xFF,0xFF,0xFF,0xFF,0xFF,0xFF,0xFF,0xFF,0xFF,0xFF,0xFF,0xFF,0xFF,0xFF,0xFF,0xFF,0xFF,0xFF,0xFF,0xFF,0xFF,0xFF,0x00,0x00,0xFF,0xFF,0xFF,0xFF,0xFF,0xFF,0xFF,0xFF,0xFF,0xFF,0xFF,0xFF,0xFF,0xFF,0xFF,0xFF,0xFF,0xFF,0xFF,0xFF,0xFF,0xFF,0xFF,
	0xFF,0xFF,0xFF,0xFF,0xFF,0xFF,0xFF,0xFF,0xFF,0xFF,0xFF,0xFF,0xFF,0xFF,0xFF,0xFF,0xFF,0xFF,0xFF,0xFF,0xFF,0xFF,0xFF,0xFF,0xFF,0xFF,0xFF,0xFF,0xFF,0xFF,0xFF,0xFF,0xFF,0xFF,0xFF,0xFF,0xFF,0xFF,0xFF,0xFF,0xFF,0xFF,0xFF,0xFF,0xFF,0xFF,0xFF,0xFF,0xFF,0xFF,0xFF,0xFF,0xFF,0xFF,0xFF,0xFF,0xFF,0xFF,0xFF,0xFF,0xFF,0xFF,0xFF,0xFF,
	0xFF,0xFF,0xFF,0xFF,0xFF,0xFF,0xFF,0xFF,0xFF,0xFF,0xFF,0xFF,0xFF,0xFF,0xFF,0x00,0x00,0xFF,0xFF,0xFF,0xFF,0xFF,0xFF,0xFF,0xFF,0xFF,0xFF,0xFF,0xFF,0xFF,0xFF,0xFF,0xFF,0xFF,0xFF,0xFF,0xFF,0xFF,0xFF,0xFF,0xFF,0xFF,0xFF,0xFF,0xFF,0xFF,0xFF,0xFF,0xFF,0xFF,0xFF,0xFF,0xFF,0xFF,0xFF,0xFF,0xFF,0xFF,0xFF,0xFF,0xFF,0xFF,0xFF,0xFF,
	0xFF,0xFF,0xFF,0xFF,0xFF,0xFF,0xFF,0xFF,0xFF,0xFF,0xFF,0xFF,0xFF,0xFF,0xFF,0xFF,0xFF,0xFF,0xFF,0xFF,0xFF,0xFF,0xFF,0xFF,0xFF,0xFF,0xFF,0xFF,0xFF,0xFF,0xFF,0xFF,0xFF,0xFF,0xFF,0xFF,0xFF,0xFF,0xFF,0xFF,0xFF,0xFF,0xFF,0xFF,0xFF,0xFF,0xFF,0xFF,0xFF,0xFF,0xFF,0xFF,0xFF,0xFF,0xFF,0x00,0x00,0xFF,0xFF,0xFF,0xFF,0xFF,0xFF,0xFF,
	0xFF,0xFF,0xFF,0xFF,0xFF,0xFF,0xFF,0xFF,0xFF,0xFF,0xFF,0xFF,0xFF,0xFF,0xFF,0xFF,0xFF,0xFF,0xFF,0xFF,0xFF,0xFF,0xFF,0xFF,0xFF,0xFF,0xFF,0xFF,0xFF,0xFF,0xFF,0xFF,0xFF,0xFF,0xFF,0xFF,0xFF,0xFF,0xFF,0xFF,0xFF,0xFF,0xFF,0xFF,0xFF,0xFF,0xFF,0xFF,0xFF,0xFF,0xFF,0xFF,0xFF,0xFF,0xFF,0xFF,0xFF,0xFF,0xFF,0xFF,0xFF,0xFF,0xFF,0xFF,
	0xFF,0xFF,0xFF,0xFF,0xFF,0xFF,0xFF,0xFF,0xFF,0xFF,0xFF,0xFF,0xFF,0xFF,0xFF,0xFF,0xFF,0xFF,0xFF,0xFF,0xFF,0xFF,0xFF,0xFF,0xFF,0xFF,0xFF,0xFF,0xFF,0xFF,0xFF,0x00,0x00,0x00,0xFF,0xFF,0xFF,0xFF,0xFF,0xFF,0xFF,0xFF,0xFF,0xFF,0xFF,0xFF,0xFF,0xFF,0xFF,0xFF,0xFF,0xFF,0xFF,0xFF,0xFF,0xFF,0xFF,0xFF,0xFF,0xFF,0xFF,0xFF,0xFF,0xFF,
	0xFF,0xFF,0xFF,0xFF,0xFF,0xFF,0xFF,0xFF,0xFF,0xFF,0xFF,0xFF,0xFF,0xFF,0xFF,0xFF,0xFF,0xFF,0xFF,0xFF,0xFF,0xFF,0xFF,0xFF,0xFF,0xFF,0xFF,0xFF,0xFF,0xFF,0xFF,0xFF,0xFF,0xFF,0xFF,0xFF,0xFF,0xFF,0xFF,0xFF,0xFF,0xFF,0xFF,0xFF,0xFF,0xFF,0xFF,0xFF,0xFF,0xFF,0xFF,0xFF,0xFF,0xFF,0xFF,0xFF,0xFF,0xFF,0xFF,0xFF,0xFF,0xFF,0xFF,0xFF,
	0xFF,0xFF,0xFF,0xFF,0xFF,0xFF,0x00,0x00,0x00,0x00,0xFF,0xFF,0xFF,0xFF,0xFF,0xFF,0xFF,0xFF,0xFF,0xFF,0xFF,0xFF,0xFF,0xFF,0xFF,0xFF,0xFF,0xFF,0xFF,0xFF,0xFF,0xFF,0xFF,0xFF,0xFF,0xFF,0xFF,0xFF,0xFF,0xFF,0xFF,0xFF,0xFF,0xFF,0xFF,0xFF,0xFF,0xFF,0xFF,0xFF,0xFF,0xFF,0xFF,0xFF,0xFF,0xFF,0xFF,0xFF,0xFF,0xFF,0xFF,0xFF,0xFF,0xFF,
	0xFF,0xFF,0xFF,0xFF,0xFF,0xFF,0xFF,0xFF,0xFF,0xFF,0xFF,0xFF,0xFF,0xFF,0xFF,0xFF,0xFF,0xFF,0xFF,0xFF,0xFF,0xFF,0xFF,0xFF,0xFF,0xFF,0xFF,0xFF,0xFF,0xFF,0xFF,0xFF,0xFF,0xFF,0xFF,0xFF,0xFF,0xFF,0xFF,0xFF,0xFF,0xFF,0xFF,0xFF,0xFF,0xFF,0x00,0x00,0x00,0x00,0x00,0xFF,0xFF,0xFF,0xFF,0xFF,0xFF,0xFF,0xFF,0xFF,0xFF,0xFF,0xFF,0xFF,
	0xFF,0xFF,0xFF,0xFF,0xFF,0xFF,0xFF,0xFF,0xFF,0xFF,0xFF,0xFF,0xFF,0xFF,0xFF,0xFF,0xFF,0xFF,0xFF,0xFF,0xFF,0xFF,0xFF,0xFF,0xFF,0xFF,0xFF,0xFF,0xFF,0xFF,0xFF,0xFF,0xFF,0xFF,0xFF,0xFF,0xFF,0xFF,0xFF,0xFF,0xFF,0xFF,0xFF,0xFF,0xFF,0xFF,0xFF,0xFF,0xFF,0xFF,0xFF,0xFF,0xFF,0xFF,0xFF,0xFF,0xFF,0xFF,0xFF,0xFF,0xFF,0xFF,0xFF,0xFF,
	0xFF,0xFF,0xFF,0xFF,0xFF,0xFF,0xFF,0xFF,0xFF,0xFF,0xFF,0xFF,0xFF,0xFF,0xFF,0xFF,0xFF,0xFF,0xFF,0xFF,0xFF,0x00,0x00,0x00,0x00,0x00,0x00,0xFF,0xFF,0xFF,0xFF,0xFF,0xFF,0xFF,0xFF,0xFF,0xFF,0xFF,0xFF,0xFF,0xFF,0xFF,0xFF,0xFF,0xFF,0xFF,0xFF,0xFF,0xFF,0xFF,0xFF,0xFF,0xFF,0xFF,0xFF,0xFF,0xFF,0xFF,0xFF,0xFF,0xFF,0xFF,0xFF,0xFF,
	0xFF,0xFF,0xFF,0xFF,0xFF,0xFF,0xFF,0xFF,0xFF,0xFF,0xFF,0xFF,0xFF,0xFF,0xFF,0xFF,0xFF,0xFF,0xFF,0xFF,0xFF,0xFF,0xFF,0xFF,0xFF,0xFF,0xFF,0xFF,0xFF,0xFF,0xFF,0xFF,0xFF,0xFF,0xFF,0xFF,0xFF,0xFF,0xFF,0xFF,0xFF,0xFF,0xFF,0xFF,0xFF,0xFF,0xFF,0xFF,0xFF,0xFF,0xFF,0xFF,0xFF,0xFF,0xFF,0xFF,0xFF,0xFF,0xFF,0xFF,0xFF,0x00,0x00,0x00,
	0x00,0x00,0x00,0xFF,0xFF,0xFF,0xFF,0xFF,0xFF,0xFF,0xFF,0xFF,0xFF,0xFF,0xFF,0xFF,0xFF,0xFF,0xFF,0xFF,0xFF,0xFF,0xFF,0xFF,0xFF,0xFF,0xFF,0xFF,0xFF,0xFF,0xFF,0xFF,0xFF,0xFF,0xFF,0xFF,0xFF,0xFF,0xFF,0xFF,0xFF,0xFF,0xFF,0xFF,0xFF,0xFF,0xFF,0xFF,0xFF,0xFF,0xFF,0xFF,0xFF,0xFF,0xFF,0xFF,0xFF,0xFF,0xFF,0xFF,0xFF,0xFF,0xFF,0xFF,
	0xFF,0xFF,0xFF,0xFF,0xFF,0xFF,0xFF,0xFF,0xFF,0xFF,0xFF,0xFF,0xFF,0xFF,0xFF,0xFF,0xFF,0xFF,0xFF,0xFF,0xFF,0xFF,0xFF,0xFF,0xFF,0xFF,0xFF,0xFF,0xFF,0xFF,0xFF,0xFF,0xFF,0xFF,0xFF,0xFF,0xFF,0x00,0x00,0x00,0x00,0x00,0x00,0x00,0xFF,0xFF,0xFF,0xFF,0xFF,0xFF,0xFF,0xFF,0xFF,0xFF,0xFF,0xFF,0xFF,0xFF,0xFF,0xFF,0xFF,0xFF,0xFF,0xFF,
	0xFF,0xFF,0xFF,0xFF,0xFF,0xFF,0xFF,0xFF,0xFF,0xFF,0xFF,0xFF,0xFF,0xFF,0xFF,0xFF,0xFF,0xFF,0xFF,0xFF,0xFF,0xFF,0xFF,0xFF,0xFF,0xFF,0xFF,0xFF,0xFF,0xFF,0xFF,0xFF,0xFF,0xFF,0xFF,0xFF,0xFF,0xFF,0xFF,0xFF,0xFF,0xFF,0xFF,0xFF,0xFF,0xFF,0xFF,0xFF,0xFF,0xFF,0xFF,0xFF,0xFF,0xFF,0xFF,0xFF,0xFF,0xFF,0xFF,0xFF,0xFF,0xFF,0xFF,0xFF,
	0xFF,0xFF,0xFF,0xFF,0xFF,0xFF,0xFF,0xFF,0xFF,0xFF,0xFF,0xFF,0x00,0x00,0x00,0x00,0x00,0x00,0x00,0x00,0xFF,0xFF,0xFF,0xFF,0xFF,0xFF,0xFF,0xFF,0xFF,0xFF,0xFF,0xFF,0xFF,0xFF,0xFF,0xFF,0xFF,0xFF,0xFF,0xFF,0xFF,0xFF,0xFF,0xFF,0xFF,0xFF,0xFF,0xFF,0xFF,0xFF,0xFF,0xFF,0xFF,0xFF,0xFF,0xFF,0xFF,0xFF,0xFF,0xFF,0xFF,0xFF,0xFF,0xFF,
	0xFF,0xFF,0xFF,0xFF,0xFF,0xFF,0xFF,0xFF,0xFF,0xFF,0xFF,0xFF,0xFF,0xFF,0xFF,0xFF,0xFF,0xFF,0xFF,0xFF,0xFF,0xFF,0xFF,0xFF,0xFF,0xFF,0xFF,0xFF,0xFF,0xFF,0xFF,0xFF,0xFF,0xFF,0xFF,0xFF,0xFF,0xFF,0xFF,0xFF,0xFF,0xFF,0xFF,0xFF,0xFF,0xFF,0xFF,0xFF,0xFF,0xFF,0xFF,0xFF,0x00,0x00,0x00,0x00,0x00,0x00,0x00,0x00,0xFF,0xFF,0xFF,0xFF,
	0xFF,0xFF,0xFF,0xFF,0xFF,0xFF,0xFF,0xFF,0xFF,0xFF,0xFF,0xFF,0xFF,0xFF,0xFF,0xFF,0xFF,0xFF,0xFF,0xFF,0xFF,0xFF,0xFF,0xFF,0xFF,0xFF,0xFF,0xFF,0xFF,0xFF,0xFF,0xFF,0xFF,0xFF,0xFF,0xFF,0xFF,0xFF,0xFF,0xFF,0xFF,0xFF,0xFF,0xFF,0xFF,0xFF,0xFF,0xFF,0xFF,0xFF,0xFF,0xFF,0xFF,0xFF,0xFF,0xFF,0xFF,0xFF,0xFF,0xFF,0xFF,0xFF,0xFF,0xFF,
	0xFF,0xFF,0xFF,0xFF,0xFF,0xFF,0xFF,0xFF,0xFF,0xFF,0xFF,0xFF,0xFF,0xFF,0xFF,0xFF,0xFF,0xFF,0xFF,0xFF,0xFF,0xFF,0xFF,0xFF,0xFF,0xFF,0xFF,0xFF,0x00,0x00,0x00,0x00,0x00,0x00,0x00,0x00,0x00,0xFF,0xFF,0xFF,0xFF,0xFF,0xFF,0xFF,0xFF,0xFF,0xFF,0xFF,0xFF,0xFF,0xFF,0xFF,0xFF,0xFF,0xFF,0xFF,0xFF,0xFF,0xFF,0xFF,0xFF,0xFF,0xFF,0xFF,
	0xFF,0xFF,0xFF,0xFF,0xFF,0xFF,0xFF,0xFF,0xFF,0xFF,0xFF,0xFF,0xFF,0xFF,0xFF,0xFF,0xFF,0xFF,0xFF,0xFF,0xFF,0xFF,0xFF,0xFF,0xFF,0xFF,0xFF,0xFF,0xFF,0xFF,0xFF,0xFF,0xFF,0xFF,0xFF,0xFF,0xFF,0xFF,0xFF,0xFF,0xFF,0xFF,0xFF,0xFF,0xFF,0xFF,0xFF,0xFF,0xFF,0xFF,0xFF,0xFF,0xFF,0xFF,0xFF,0xFF,0xFF,0xFF,0xFF,0xFF,0xFF,0xFF,0xFF,0xFF,
	0xFF,0xFF,0xFF,0x00,0x00,0x00,0x00,0x00,0x00,0x00,0x00,0x00,0x00,0x00,0xFF,0xFF,0xFF,0xFF,0xFF,0xFF,0xFF,0xFF,0xFF,0xFF,0xFF,0xFF,0xFF,0xFF,0xFF,0xFF,0xFF,0xFF,0xFF,0xFF,0xFF,0xFF,0xFF,0xFF,0xFF,0xFF,0xFF,0xFF,0xFF,0xFF,0xFF,0xFF,0xFF,0xFF,0xFF,0xFF,0xFF,0xFF,0xFF,0xFF,0xFF,0xFF,0xFF,0xFF,0xFF,0xFF,0xFF,0xFF,0xFF,0xFF,
	0xFF,0xFF,0xFF,0xFF,0xFF,0xFF,0xFF,0xFF,0xFF,0xFF,0xFF,0xFF,0xFF,0xFF,0xFF,0xFF,0xFF,0xFF,0xFF,0xFF,0xFF,0xFF,0xFF,0xFF,0xFF,0xFF,0xFF,0xFF,0xFF,0xFF,0xFF,0xFF,0xFF,0xFF,0xFF,0xFF,0xFF,0xFF,0xFF,0xFF,0xFF,0xFF,0x00,0x00,0x00,0x00,0x00,0x00,0x00,0x00,0x00,0x00,0x00,0x00,0xFF,0xFF,0xFF,0xFF,0xFF,0xFF,0xFF,0xFF,0xFF,0xFF,
	0xFF,0xFF,0xFF,0xFF,0xFF,0xFF,0xFF,0xFF,0xFF,0xFF,0xFF,0xFF,0xFF,0xFF,0xFF,0xFF,0xFF,0xFF,0xFF,0xFF,0xFF,0xFF,0xFF,0xFF,0xFF,0xFF,0xFF,0xFF,0xFF,0xFF,0xFF,0xFF,0xFF,0xFF,0xFF,0xFF,0xFF,0xFF,0xFF,0xFF,0xFF,0xFF,0xFF,0xFF,0xFF,0xFF,0xFF,0xFF,0xFF,0xFF,0xFF,0xFF,0xFF,0xFF,0xFF,0xFF,0xFF,0xFF,0xFF,0xFF,0xFF,0xFF,0xFF,0xFF,
	0xFF,0xFF,0xFF,0xFF,0xFF,0xFF,0xFF,0xFF,0xFF,0xFF,0xFF,0xFF,0xFF,0xFF,0xFF,0xFF,0xFF,0xFF,0x00,0x00,0x00,0x00,0x00,0x00,0x00,0x00,0x00,0x00,0x00,0x00,0x00,0xFF,0xFF,0xFF,0xFF,0xFF,0xFF,0xFF,0xFF,0xFF,0xFF,0xFF,0xFF,0xFF,0xFF,0xFF,0xFF,0xFF,0xFF,0xFF,0xFF,0xFF,0xFF,0xFF,0xFF,0xFF,0xFF,0xFF,0xFF,0xFF,0xFF,0xFF,0xFF,0xFF,
	0xFF,0xFF,0xFF,0xFF,0xFF,0xFF,0xFF,0xFF,0xFF,0xFF,0xFF,0xFF,0xFF,0xFF,0xFF,0xFF,0xFF,0xFF,0xFF,0xFF,0xFF,0xFF,0xFF,0xFF,0xFF,0xFF,0xFF,0xFF,0xFF,0xFF,0xFF,0xFF,0xFF,0xFF,0xFF,0xFF,0xFF,0xFF,0xFF,0xFF,0xFF,0xFF,0xFF,0xFF,0xFF,0xFF,0xFF,0xFF,0xFF,0xFF,0xFF,0xFF,0xFF,0xFF,0xFF,0xFF,0xFF,0x00,0x00,0x00,0x00,0x00,0x00,0x00,
	0x00,0x00,0x00,0x00,0x00,0x00,0x00,0x00,0xFF,0xFF,0xFF,0xFF,0xFF,0xFF,0xFF,0xFF,0xFF,0xFF,0xFF,0xFF,0xFF,0xFF,0xFF,0xFF,0xFF,0xFF,0xFF,0xFF,0xFF,0xFF,0xFF,0xFF,0xFF,0xFF,0xFF,0xFF,0xFF,0xFF,0xFF,0xFF,0xFF,0xFF,0xFF,0xFF,0xFF,0xFF,0xFF,0xFF,0xFF,0xFF,0xFF,0xFF,0xFF,0xFF,0xFF,0xFF,0xFF,0xFF,0xFF,0xFF,0xFF,0xFF,0xFF,0xFF,
	0xFF,0xFF,0xFF,0xFF,0xFF,0xFF,0xFF,0xFF,0xFF,0xFF,0xFF,0xFF,0xFF,0xFF,0xFF,0xFF,0xFF,0xFF,0xFF,0xFF,0xFF,0xFF,0xFF,0xFF,0xFF,0xFF,0xFF,0xFF,0xFF,0xFF,0xFF,0xFF,0x00,0x00,0x00,0x00,0x00,0x00,0x00,0x00,0x00,0x00,0x00,0x00,0x00,0x00,0x00,0x00,0xFF,0xFF,0xFF,0xFF,0xFF,0xFF,0xFF,0xFF,0xFF,0xFF,0xFF,0xFF,0xFF,0xFF,0xFF,0xFF,
	0xFF,0xFF,0xFF,0xFF,0xFF,0xFF,0xFF,0xFF,0xFF,0xFF,0xFF,0xFF,0xFF,0xFF,0xFF,0xFF,0xFF,0xFF,0xFF,0xFF,0xFF,0xFF,0xFF,0xFF,0xFF,0xFF,0xFF,0xFF,0xFF,0xFF,0xFF,0xFF,0xFF,0xFF,0xFF,0xFF,0xFF,0xFF,0xFF,0xFF,0xFF,0xFF,0xFF,0xFF,0xFF,0xFF,0xFF,0xFF,0xFF,0xFF,0xFF,0xFF,0xFF,0xFF,0xFF,0xFF,0xFF,0xFF,0xFF,0xFF,0xFF,0xFF,0xFF,0xFF,
	0xFF,0xFF,0xFF,0xFF,0xFF,0xFF,0xFF,0xFF,0x00,0x00,0x00,0x00,0x00,0x00,0x00,0x00,0x00,0x00,0x00,0x00,0x00,0x00,0x00,0x00,0x00,0xFF,0xFF,0xFF,0xFF,0xFF,0xFF,0xFF,0xFF,0xFF,0xFF,0xFF,0xFF,0xFF,0xFF,0xFF,0xFF,0xFF,0xFF,0xFF,0xFF,0xFF,0xFF,0xFF,0xFF,0xFF,0xFF,0xFF,0xFF,0xFF,0xFF,0xFF,0xFF,0xFF,0xFF,0xFF,0xFF,0xFF,0xFF,0xFF,
	0xFF,0xFF,0xFF,0xFF,0xFF,0xFF,0xFF,0xFF,0xFF,0xFF,0xFF,0xFF,0xFF,0xFF,0xFF,0xFF,0xFF,0xFF,0xFF,0xFF,0xFF,0xFF,0xFF,0xFF,0xFF,0xFF,0xFF,0xFF,0xFF,0xFF,0xFF,0xFF,0xFF,0xFF,0xFF,0xFF,0xFF,0xFF,0xFF,0xFF,0xFF,0xFF,0xFF,0xFF,0xFF,0xFF,0xFF,0x00,0x00,0x00,0x00,0x00,0x00,0x00,0x00,0x00,0x00,0x00,0x00,0x00,0x00,0x00,0x00,0x00,
	0x00,0xFF,0xFF,0xFF,0xFF,0xFF,0xFF,0xFF,0xFF,0xFF,0xFF,0xFF,0xFF,0xFF,0xFF,0xFF,0xFF,0xFF,0xFF,0xFF,0xFF,0xFF,0xFF,0xFF,0xFF,0xFF,0xFF,0xFF,0xFF,0xFF,0xFF,0xFF,0xFF,0xFF,0xFF,0xFF,0xFF,0xFF,0xFF,0xFF,0xFF,0xFF,0xFF,0xFF,0xFF,0xFF,0xFF,0xFF,0xFF,0xFF,0xFF,0xFF,0xFF,0xFF,0xFF,0xFF,0xFF,0xFF,0xFF,0xFF,0xFF,0xFF,0xFF,0xFF,
	0xFF,0xFF,0xFF,0xFF,0xFF,0xFF,0xFF,0xFF,0xFF,0xFF,0xFF,0xFF,0xFF,0xFF,0xFF,0xFF,0xFF,0xFF,0xFF,0xFF,0xFF,0xFF,0xFF,0x00,0x00,0x00,0x00,0x00,0x00,0x00,0x00,0x00,0x00,0x00,0x00,0x00,0x00,0x00,0x00,0x00,0x00,0x00,0xFF,0xFF,0xFF,0xFF,0xFF,0xFF,0xFF,0xFF,0xFF,0xFF,0xFF,0xFF,0xFF,0xFF,0xFF,0xFF,0xFF,0xFF,0xFF,0xFF,0xFF,0xFF,
	0xFF,0xFF,0xFF,0xFF,0xFF,0xFF,0xFF,0xFF,0xFF,0xFF,0xFF,0xFF,0xFF,0xFF,0xFF,0xFF,0xFF,0xFF,0xFF,0xFF,0xFF,0xFF,0xFF,0xFF,0xFF,0xFF,0xFF,0xFF,0xFF,0xFF,0xFF,0xFF,0xFF,0xFF,0xFF,0xFF,0xFF,0xFF,0xFF,0xFF,0xFF,0xFF,0xFF,0xFF,0xFF,0xFF,0xFF,0xFF,0xFF,0xFF,0xFF,0xFF,0xFF,0xFF,0xFF,0xFF,0xFF,0xFF,0xFF,0xFF,0xFF,0xFF,0x00,0x00,
	0x00,0x00,0x00,0x00,0x00,0x00,0x00,0x00,0x00,0x00,0x00,0x00,0x00,0x00,0x00,0x00,0x00,0x00,0x00,0xFF,0xFF,0xFF,0xFF,0xFF,0xFF,0xFF,0xFF,0xFF,0xFF,0xFF,0xFF,0xFF,0xFF,0xFF,0xFF,0xFF,0xFF,0xFF,0xFF,0xFF,0xFF,0xFF,0xFF,0xFF,0xFF,0xFF,0xFF,0xFF,0xFF,0xFF,0xFF,0xFF,0xFF,0xFF,0xFF,0xFF,0xFF,0xFF,0xFF,0xFF,0xFF,0xFF,0xFF,0xFF,
	0xFF,0xFF,0xFF,0xFF,0xFF,0xFF,0xFF,0xFF,0xFF,0xFF,0xFF,0xFF,0xFF,0xFF,0xFF,0xFF,0xFF,0xFF,0xFF,0xFF,0xFF,0xFF,0xFF,0xFF,0xFF,0xFF,0xFF,0xFF,0xFF,0xFF,0xFF,0xFF,0xFF,0xFF,0xFF,0xFF,0xFF,0x00,0x00,0x00,0x00,0x00,0x00,0x00,0x00,0x00,0x00,0x00,0x00,0x00,0x00,0x00,0x00,0x00,0x00,0x00,0x00,0x00,0x00,0x00,0xFF,0xFF,0xFF,0xFF,
	0xFF,0xFF,0xFF,0xFF,0xFF,0xFF,0xFF,0xFF,0xFF,0xFF,0xFF,0xFF,0xFF,0xFF,0xFF,0xFF,0xFF,0xFF,0xFF,0xFF,0xFF,0xFF,0xFF,0xFF,0xFF,0xFF,0xFF,0xFF,0xFF,0xFF,0xFF,0xFF,0xFF,0xFF,0xFF,0xFF,0xFF,0xFF,0xFF,0xFF,0xFF,0xFF,0xFF,0xFF,0xFF,0xFF,0xFF,0xFF,0xFF,0xFF,0xFF,0xFF,0xFF,0xFF,0xFF,0xFF,0xFF,0xFF,0xFF,0xFF,0xFF,0xFF,0xFF,0xFF,
	0xFF,0xFF,0xFF,0xFF,0xFF,0xFF,0xFF,0xFF,0xFF,0xFF,0xFF,0xFF,0x00,0x00,0x00,0x00,0x00,0x00,0x00,0x00,0x00,0x00,0x00,0x00,0x00,0x00,0x00,0x00,0x00,0x00,0x00,0x00,0x00,0x00,0x00,0x00,0x00,0xFF,0xFF,0xFF,0xFF,0xFF,0xFF,0xFF,0xFF,0xFF,0xFF,0xFF,0xFF,0xFF,0xFF,0xFF,0xFF,0xFF,0xFF,0xFF,0xFF,0xFF,0xFF,0xFF,0xFF,0xFF,0xFF,0xFF,
	0xFF,0xFF,0xFF,0xFF,0xFF,0xFF,0xFF,0xFF,0xFF,0xFF,0xFF,0xFF,0xFF,0xFF,0xFF,0xFF,0xFF,0xFF,0xFF,0xFF,0xFF,0xFF,0xFF,0xFF,0xFF,0xFF,0xFF,0xFF,0xFF,0xFF,0xFF,0xFF,0xFF,0xFF,0xFF,0xFF,0xFF,0xFF,0xFF,0xFF,0xFF,0xFF,0xFF,0xFF,0xFF,0xFF,0xFF,0xFF,0xFF,0xFF,0xFF,0x00,0x00,0x00,0x00,0x00,0x00,0x00,0x00,0x00,0x00,0x00,0x00,0x00,
	0x00,0x00,0x00,0x00,0x00,0x00,0x00,0x00,0x00,0x00,0x00,0x00,0x00,0x00,0xFF,0xFF,0xFF,0xFF,0xFF,0xFF,0xFF,0xFF,0xFF,0xFF,0xFF,0xFF,0xFF,0xFF,0xFF,0xFF,0xFF,0xFF,0xFF,0xFF,0xFF,0xFF,0xFF,0xFF,0xFF,0xFF,0xFF,0xFF,0xFF,0xFF,0xFF,0xFF,0xFF,0xFF,0xFF,0xFF,0xFF,0xFF,0xFF,0xFF,0xFF,0xFF,0xFF,0xFF,0xFF,0xFF,0xFF,0xFF,0xFF,0xFF,
	0xFF,0xFF,0xFF,0xFF,0xFF,0xFF,0xFF,0xFF,0xFF,0xFF,0xFF,0xFF,0xFF,0xFF,0xFF,0xFF,0xFF,0xFF,0xFF,0xFF,0xFF,0xFF,0xFF,0xFF,0xFF,0xFF,0x00,0x00,0x00,0x00,0x00,0x00,0x00,0x00,0x00,0x00,0x00,0x00,0x00,0x00,0x00,0x00,0x00,0x00,0x00,0x00,0x00,0x00,0x00,0x00,0x00,0x00,0x00,0x00,0x00,0xFF,0xFF,0xFF,0xFF,0xFF,0xFF,0xFF,0xFF,0xFF,
	0xFF,0xFF,0xFF,0xFF,0xFF,0xFF,0xFF,0xFF,0xFF,0xFF,0xFF,0xFF,0xFF,0xFF,0xFF,0xFF,0xFF,0xFF,0xFF,0xFF,0xFF,0xFF,0xFF,0xFF,0xFF,0xFF,0xFF,0xFF,0xFF,0xFF,0xFF,0xFF,0xFF,0xFF,0xFF,0xFF,0xFF,0xFF,0xFF,0xFF,0xFF,0xFF,0xFF,0xFF,0xFF,0xFF,0xFF,0xFF,0xFF,0xFF,0xFF,0xFF,0xFF,0xFF,0xFF,0xFF,0xFF,0xFF,0xFF,0xFF,0xFF,0xFF,0xFF,0xFF,
	0xFF,0x00,0x00,0x00,0x00,0x00,0x00,0x00,0x00,0x00,0x00,0x00,0x00,0x00,0x00,0x00,0x00,0x00,0x00,0x00,0x00,0x00,0x00,0x00,0x00,0x00,0x00,0x00,0x00,0x00,0x00,0x00,0xFF,0xFF,0xFF,0xFF,0xFF,0xFF,0xFF,0xFF,0xFF,0xFF,0xFF,0xFF,0xFF,0xFF,0xFF,0xFF,0xFF,0xFF,0xFF,0xFF,0xFF,0xFF,0xFF,0xFF,0xFF,0xFF,0xFF,0xFF,0xFF,0xFF,0xFF,0xFF,
	0xFF,0xFF,0xFF,0xFF,0xFF,0xFF,0xFF,0xFF,0xFF,0xFF,0xFF,0xFF,0xFF,0xFF,0xFF,0xFF,0xFF,0xFF,0xFF,0xFF,0xFF,0xFF,0xFF,0xFF,0xFF,0xFF,0xFF,0xFF,0xFF,0xFF,0xFF,0xFF,0xFF,0xFF,0xFF,0xFF,0xFF,0xFF,0xFF,0xFF,0x00,0x00,0x00,0x00,0x00,0x00,0x00,0x00,0x00,0x00,0x00,0x00,0x00,0x00,0x00,0x00,0x00,0x00,0x00,0x00,0x00,0x00,0x00,0x00,
	0x00,0x00,0x00,0x00,0x00,0x00,0x00,0x00,0x00,0xFF,0xFF,0xFF,0xFF,0xFF,0xFF,0xFF,0xFF,0xFF,0xFF,0xFF,0xFF,0xFF,0xFF,0xFF,0xFF,0xFF,0xFF,0xFF,0xFF,0xFF,0xFF,0xFF,0xFF,0xFF,0xFF,0xFF,0xFF,0xFF,0xFF,0xFF,0xFF,0xFF,0xFF,0xFF,0xFF,0xFF,0xFF,0xFF,0xFF,0xFF,0xFF,0xFF,0xFF,0xFF,0xFF,0xFF,0xFF,0xFF,0xFF,0xFF,0xFF,0xFF,0xFF,0xFF,
	0xFF,0xFF,0xFF,0xFF,0xFF,0xFF,0xFF,0xFF,0xFF,0xFF,0xFF,0xFF,0xFF,0xFF,0xFF,0x00,0x00,0x00,0x00,0x00,0x00,0x00,0x00,0x00,0x00,0x00,0x00,0x00,0x00,0x00,0x00,0x00,0x00,0x00,0x00,0x00,0x00,0x00,0x00,0x00,0x00,0x00,0x00,0x00,0x00,0x00,0x00,0x00,0x00,0x00,0xFF,0xFF,0xFF,0xFF,0xFF,0xFF,0xFF,0xFF,0xFF,0xFF,0xFF,0xFF,0xFF,0xFF,
	0xFF,0xFF,0xFF,0xFF,0xFF,0xFF,0xFF,0xFF,0xFF,0xFF,0xFF,0xFF,0xFF,0xFF,0xFF,0xFF,0xFF,0xFF,0xFF,0xFF,0xFF,0xFF,0xFF,0xFF,0xFF,0xFF,0xFF,0xFF,0xFF,0xFF,0xFF,0xFF,0xFF,0xFF,0xFF,0xFF,0xFF,0xFF,0xFF,0xFF,0xFF,0xFF,0xFF,0xFF,0xFF,0xFF,0xFF,0xFF,0xFF,0xFF,0xFF,0xFF,0xFF,0xFF,0x00,0x00,0x00,0x00,0x00,0x00,0x00,0x00,0x00,0x00,
	0x00,0x00,0x00,0x00,0x00,0x00,0x00,0x00,0x00,0x00,0x00,0x00,0x00,0x00,0x00,0x00,0x00,0x00,0x00,0x00,0x00,0x00,0x00,0x00,0x00,0x00,0x00,0xFF,0xFF,0xFF,0xFF,0xFF,0xFF,0xFF,0xFF,0xFF,0xFF,0xFF,0xFF,0xFF,0xFF,0xFF,0xFF,0xFF,0xFF,0xFF,0xFF,0xFF,0xFF,0xFF,0xFF,0xFF,0xFF,0xFF,0xFF,0xFF,0xFF,0xFF,0xFF,0xFF,0xFF,0xFF,0xFF,0xFF,
	0xFF,0xFF,0xFF,0xFF,0xFF,0xFF,0xFF,0xFF,0xFF,0xFF,0xFF,0xFF,0xFF,0xFF,0xFF,0xFF,0xFF,0xFF,0xFF,0xFF,0xFF,0xFF,0xFF,0xFF,0xFF,0xFF,0xFF,0xFF,0xFF,0x00,0x00,0x00,0x00,0x00,0x00,0x00,0x00,0x00,0x00,0x00,0x00,0x00,0x00,0x00,0x00,0x00,0x00,0x00,0x00,0x00,0x00,0x00,0x00,0x00,0x00,0x00,0x00,0x00,0x00,0x00,0x00,0x00,0x00,0x00,
	0x00,0x00,0x00,0x00,0xFF,0xFF,0xFF,0xFF,0xFF,0xFF,0xFF,0xFF,0xFF,0xFF,0xFF,0xFF,0xFF,0xFF,0xFF,0xFF,0xFF,0xFF,0xFF,0xFF,0xFF,0xFF,0xFF,0xFF,0xFF,0xFF,0xFF,0xFF,0xFF,0xFF,0xFF,0xFF,0xFF,0xFF,0xFF,0xFF,0xFF,0xFF,0xFF,0xFF,0xFF,0xFF,0xFF,0xFF,0xFF,0xFF,0xFF,0xFF,0xFF,0xFF,0xFF,0xFF,0xFF,0xFF,0xFF,0xFF,0xFF,0xFF,0xFF,0xFF,
	0xFF,0xFF,0xFF,0xFF,0x00,0x00,0x00,0x00,0x00,0x00,0x00,0x00,0x00,0x00,0x00,0x00,0x00,0x00,0x00,0x00,0x00,0x00,0x00,0x00,0x00,0x00,0x00,0x00,0x00,0x00,0x00,0x00,0x00,0x00,0x00,0x00,0x00,0x00,0x00,0x00,0x00,0x00,0x00,0x00,0x00,0x00,0xFF,0xFF,0xFF,0xFF,0xFF,0xFF,0xFF,0xFF,0xFF,0xFF,0xFF,0xFF,0xFF,0xFF,0xFF,0xFF,0xFF,0xFF,
	0xFF,0xFF,0xFF,0xFF,0xFF,0xFF,0xFF,0xFF,0xFF,0xFF,0xFF,0xFF,0xFF,0xFF,0xFF,0xFF,0xFF,0xFF,0xFF,0xFF,0xFF,0xFF,0xFF,0xFF,0xFF,0xFF,0xFF,0xFF,0xFF,0xFF,0xFF,0xFF,0xFF,0xFF,0xFF,0xFF,0xFF,0xFF,0xFF,0xFF,0xFF,0xFF,0x00,0x00,0x00,0x00,0x00,0x00,0x00,0x00,0x00,0x00,0x00,0x00,0x00,0x00,0x00,0x00,0x00,0x00,0x00,0x00,0x00,0x00,
	0x00,0x00,0x00,0x00,0x00,0x00,0x00,0x00,0x00,0x00,0x00,0x00,0x00,0x00,0x00,0x00,0x00,0x00,0x00,0x00,0x00,0x00,0x00,0x00,0xFF,0xFF,0xFF,0xFF,0xFF,0xFF,0xFF,0xFF,0xFF,0xFF,0xFF,0xFF,0xFF,0xFF,0xFF,0xFF,0xFF,0xFF,0xFF,0xFF,0xFF,0xFF,0xFF,0xFF,0xFF,0xFF,0xFF,0xFF,0xFF,0xFF,0xFF,0xFF,0xFF,0xFF,0xFF,0xFF,0xFF,0xFF,0xFF,0xFF,
	0xFF,0xFF,0xFF,0xFF,0xFF,0xFF,0xFF,0xFF,0xFF,0xFF,0xFF,0xFF,0xFF,0xFF,0xFF,0xFF,0x00,0x00,0x00,0x00,0x00,0x00,0x00,0x00,0x00,0x00,0x00,0x00,0x00,0x00,0x00,0x00,0x00,0x00,0x00,0x00,0x00,0x00,0x00,0x00,0x00,0x00,0x00,0x00,0x00,0x00,0x00,0x00,0x00,0x00,0x00,0x00,0x00,0x00,0x00,0x00,0x00,0x00,0x00,0x00,0x00,0x00,0x00,0x00,
	0x00,0xFF,0xFF,0xFF,0xFF,0xFF,0xFF,0xFF,0xFF,0xFF,0xFF,0xFF,0xFF,0xFF,0xFF,0xFF,0xFF,0xFF,0xFF,0xFF,0xFF,0xFF,0xFF,0xFF,0xFF,0xFF,0xFF,0xFF,0xFF,0xFF,0xFF,0xFF,0xFF,0xFF,0xFF,0xFF,0xFF,0xFF,0xFF,0xFF,0xFF,0xFF,0xFF,0xFF,0xFF,0xFF,0xFF,0xFF,0xFF,0xFF,0xFF,0xFF,0xFF,0xFF,0xFF,0x00,0x00,0x00,0x00,0x00,0x00,0x00,0x00,0x00,
	0x00,0x00,0x00,0x00,0x00,0x00,0x00,0x00,0x00,0x00,0x00,0x00,0x00,0x00,0x00,0x00,0x00,0x00,0x00,0x00,0x00,0x00,0x00,0x00,0x00,0x00,0x00,0x00,0x00,0x00,0x00,0x00,0x00,0x00,0x00,0x00,0x00,0x00,0x00,0x00,0x00,0x00,0x00,0xFF,0xFF,0xFF,0xFF,0xFF,0xFF,0xFF,0xFF,0xFF,0xFF,0xFF,0xFF,0xFF,0xFF,0xFF,0xFF,0xFF,0xFF,0xFF,0xFF,0xFF,
	0xFF,0xFF,0xFF,0xFF,0xFF,0xFF,0xFF,0xFF,0xFF,0xFF,0xFF,0xFF,0xFF,0xFF,0xFF,0xFF,0xFF,0xFF,0xFF,0xFF,0xFF,0xFF,0xFF,0xFF,0xFF,0xFF,0xFF,0xFF,0xFF,0x00,0x00,0x00,0x00,0x00,0x00,0x00,0x00,0x00,0x00,0x00,0x00,0x00,0x00,0x00,0x00,0x00,0x00,0x00,0x00,0x00,0x00,0x00,0x00,0x00,0x00,0x00,0x00,0x00,0x00,0x00,0x00,0x00,0x00,0x00,
	0x00,0x00,0x00,0x00,0x00,0x00,0x00,0x00,0x00,0x00,0x00,0x00,0x00,0x00,0x00,0x00,0x00,0x00,0x00,0x00,0xFF,0xFF,0xFF,0xFF,0xFF,0xFF,0xFF,0xFF,0xFF,0xFF,0xFF,0xFF,0xFF,0xFF,0xFF,0xFF,0xFF,0xFF,0xFF,0xFF,0xFF,0xFF,0xFF,0xFF,0xFF,0xFF,0xFF,0xFF,0xFF,0xFF,0xFF,0xFF,0xFF,0xFF,0xFF,0xFF,0xFF,0xFF,0xFF,0xFF,0xFF,0xFF,0xFF,0xFF,
	0xFF,0xFF,0xFF,0xFF,0x00,0x00,0x00,0x00,0x00,0x00,0x00,0x00,0x00,0x00,0x00,0x00,0x00,0x00,0x00,0x00,0x00,0x00,0x00,0x00,0x00,0x00,0x00,0x00,0x00,0x00,0x00,0x00,0x00,0x00,0x00,0x00,0x00,0x00,0x00,0x00,0x00,0x00,0x00,0x00,0x00,0x00,0x00,0x00,0x00,0x00,0x00,0x00,0x00,0x00,0x00,0x00,0x00,0x00,0x00,0x00,0x00,0x00,0x00,0xFF,
	0xFF,0xFF,0xFF,0xFF,0xFF,0xFF,0xFF,0xFF,0xFF,0xFF,0xFF,0xFF,0xFF,0xFF,0xFF,0xFF,0xFF,0xFF,0xFF,0xFF,0xFF,0xFF,0xFF,0xFF,0xFF,0xFF,0xFF,0xFF,0xFF,0xFF,0xFF,0xFF,0xFF,0xFF,0xFF,0xFF,0xFF,0xFF,0xFF,0xFF,0xFF,0x00,0x00,0x00,0x00,0x00,0x00,0x00,0x00,0x00,0x00,0x00,0x00,0x00,0x00,0x00,0x00,0x00,0x00,0x00,0x00,0x00,0x00,0x00,
	0x00,0x00,0x00,0x00,0x00,0x00,0x00,0x00,0x00,0x00,0x00,0x00,0x00,0x00,0x00,0x00,0x00,0x00,0x00,0x00,0x00,0x00,0x00,0x00,0x00,0x00,0x00,0x00,0x00,0x00,0x00,0x00,0x00,0x00,0x00,0x00,0x00,0x00,0x00,0x00,0x00,0x00,0xFF,0xFF,0xFF,0xFF,0xFF,0xFF,0xFF,0xFF,0xFF,0xFF,0xFF,0xFF,0xFF,0xFF,0xFF,0xFF,0xFF,0xFF,0xFF,0xFF,0xFF,0xFF,
	0xFF,0xFF,0xFF,0xFF,0xFF,0xFF,0xFF,0xFF,0xFF,0xFF,0xFF,0xFF,0xFF,0xFF,0x00,0x00,0x00,0x00,0x00,0x00,0x00,0x00,0x00,0x00,0x00,0x00,0x00,0x00,0x00,0x00,0x00,0x00,0x00,0x00,0x00,0x00,0x00,0x00,0x00,0x00,0x00,0x00,0x00,0x00,0x00,0x00,0x00,0x00,0x00,0x00,0x00,0x00,0x00,0x00,0x00,0x00,0x00,0x00,0x00,0x00,0x00,0x00,0x00,0x00,
	0x00,0x00,0x00,0x00,0x00,0x00,0x00,0x00,0x00,0x00,0x00,0x00,0x00,0x00,0x00,0x00,0x00,0x00,0x00,0x00,0xFF,0xFF,0xFF,0xFF,0xFF,0xFF,0xFF,0xFF,0xFF,0xFF,0xFF,0xFF,0xFF,0xFF,0xFF,0xFF,0xFF,0xFF,0xFF,0xFF,0xFF,0xFF,0xFF,0xFF,0xFF,0xFF,0xFF,0xFF,0xFF,0xFF,0xFF,0xFF,0x00,0x00,0x00,0x00,0x00,0x00,0x00,0x00,0x00,0x00,0x00,0x00,
	0x00,0x00,0x00,0x00,0x00,0x00,0x00,0x00,0x00,0x00,0x00,0x00,0x00,0x00,0x00,0x00,0x00,0x00,0x00,0x00,0x00,0x00,0x00,0x00,0x00,0x00,0x00,0x00,0x00,0x00,0x00,0x00,0x00,0x00,0x00,0x00,0x00,0x00,0x00,0x00,0x00,0x00,0x00,0x00,0x00,0x00,0x00,0x00,0x00,0x00,0x00,0x00,0x00,0x00,0x00,0x00,0x00,0x00,0x00,0x00,0x00,0x00,0x00,0x00,
	0xFF,0xFF,0xFF,0xFF,0xFF,0xFF,0xFF,0xFF,0xFF,0xFF,0xFF,0xFF,0xFF,0xFF,0xFF,0xFF,0xFF,0xFF,0xFF,0xFF,0xFF,0xFF,0xFF,0xFF,0x00,0x00,0x00,0x00,0x00,0x00,0x00,0x00,0x00,0x00,0x00,0x00,0x00,0x00,0x00,0x00,0x00,0x00,0x00,0x00,0x00,0x00,0x00,0x00,0x00,0x00,0x00,0x00,0x00,0x00,0x00,0x00,0x00,0x00,0x00,0x00,0x00,0x00,0x00,0x00,
	
    };
        


const lv_img_dsc_t face_1889_2_390_dial_img_13_96484_0 = {
    .header.magic = LV_IMAGE_HEADER_MAGIC,
    .header.w = 104,
    .header.h = 104,
    .data_size = sizeof(face_1889_2_390_dial_img_13_96484_data_0),
    .header.cf = LV_COLOR_FORMAT_RGB565A8,
    .data = face_1889_2_390_dial_img_13_96484_data_0};

    