
// File generated by bin2lvgl
// developed by fbiego. 
// https://github.com/fbiego
// Watchface: 1889_2_390

#include "../1889_2_390.h"

#ifndef LV_ATTRIBUTE_MEM_ALIGN
#define LV_ATTRIBUTE_MEM_ALIGN
#endif


// LVGL 9 format (RGB565) // LVGL_9 compatible 
const LV_ATTRIBUTE_MEM_ALIGN uint8_t face_1889_2_390_dial_img_0_1370_data_0[] = {
	//RGB565 data 
	0x00,0x00,0x00,0x00,0x00,0x00,0x00,0x00,0x00,0x00,0x00,0x00,0x00,0x00,0x00,0x00,0x00,0x00,0x00,0x00,0x00,0x00,0x00,0x00,0x00,0x00,0x00,0x00,0x00,0x00,0x00,0x00,0x00,0x00,0x00,0x00,0x00,0x00,0x00,0x00,0x00,0x00,0x00,0x00,0x00,0x00,0x00,0x08,0x40,0x18,0x60,0x20,0x80,0x28,0xA0,0x30,0xC0,0x38,0xC0,0x40,0xE0,0x48,0x00,0x49,
	0x00,0x49,0x00,0x49,0x00,0x49,0x00,0x49,0x00,0x49,0x00,0x49,0x00,0x49,0x00,0x49,0x00,0x49,0x00,0x49,0x00,0x49,0x00,0x49,0x00,0x49,0x00,0x49,0x00,0x49,0x00,0x49,0x00,0x49,0x00,0x49,0x00,0x49,0x00,0x49,0x00,0x49,0x00,0x49,0x00,0x49,0x00,0x49,0x00,0x49,0x00,0x49,0x00,0x49,0x00,0x49,0x00,0x49,0x00,0x49,0x00,0x49,0x00,0x49,
	0x00,0x49,0x00,0x49,0x00,0x49,0x00,0x49,0x00,0x49,0x00,0x49,0x00,0x49,0x00,0x49,0x00,0x49,0x00,0x49,0x00,0x49,0x00,0x49,0x00,0x49,0x00,0x49,0x00,0x49,0x00,0x49,0x00,0x49,0x00,0x49,0x00,0x49,0x00,0x49,0x00,0x49,0x00,0x49,0x00,0x49,0x00,0x49,0x00,0x49,0x00,0x49,0x00,0x49,0x00,0x49,0x00,0x49,0x00,0x49,0x00,0x49,0x00,0x49,
	0x00,0x49,0x00,0x49,0x00,0x49,0x00,0x49,0x00,0x49,0x00,0x49,0x00,0x49,0x00,0x49,0x00,0x49,0x00,0x49,0x00,0x49,0x00,0x49,0x00,0x49,0x00,0x49,0x00,0x49,0x00,0x49,0x00,0x49,0x00,0x49,0x00,0x49,0x00,0x49,0x00,0x49,0x00,0x49,0x00,0x49,0x00,0x49,0x00,0x49,0x00,0x49,0x00,0x49,0x00,0x49,0x00,0x49,0x00,0x49,0x00,0x49,0x00,0x49,
	0x00,0x49,0x00,0x49,0x00,0x49,0x00,0x49,0x00,0x49,0x00,0x49,0x00,0x49,0x00,0x49,0x00,0x49,0x00,0x49,0x00,0x49,0x00,0x49,0x00,0x49,0x00,0x49,0x00,0x49,0x00,0x49,0x00,0x49,0x00,0x49,0x00,0x49,0x00,0x49,0x00,0x49,0x00,0x49,0x00,0x49,0x00,0x49,0x00,0x49,0x00,0x49,0x00,0x49,0x00,0x49,0x00,0x49,0x00,0x49,0x00,0x49,0x00,0x49,
	0x00,0x49,0x00,0x49,0x00,0x49,0x00,0x49,0x00,0x49,0x00,0x49,0x00,0x49,0x00,0x49,0x00,0x49,0x00,0x49,0x00,0x49,0x00,0x49,0x00,0x49,0x00,0x49,0x00,0x49,0x00,0x49,0x00,0x49,0x00,0x49,0x00,0x49,0x00,0x49,0x00,0x49,0x00,0x49,0x00,0x49,0x00,0x49,0x00,0x49,0x00,0x49,0x00,0x49,0x00,0x49,0x00,0x49,0x00,0x49,0x00,0x49,0x00,0x49,
	0x00,0x49,0x00,0x49,0x00,0x49,0x00,0x49,0x00,0x49,0x00,0x49,0x00,0x49,0x00,0x49,0x00,0x49,0x00,0x49,0x00,0x49,0x00,0x49,0x00,0x49,0x00,0x49,0x00,0x49,0x00,0x49,0x00,0x49,0x00,0x49,0x00,0x49,0x00,0x49,0x00,0x49,0x00,0x49,0x00,0x49,0x00,0x49,0x00,0x49,0x00,0x49,0x00,0x49,0x00,0x49,0x00,0x49,0x00,0x49,0x00,0x49,0x00,0x49,
	0x00,0x49,0x00,0x49,0x00,0x49,0x00,0x49,0x00,0x49,0x00,0x49,0x00,0x49,0x00,0x49,0x00,0x49,0x00,0x49,0x00,0x49,0x00,0x49,0x00,0x49,0x00,0x49,0x00,0x49,0x00,0x49,0x00,0x49,0x00,0x49,0x00,0x49,0x00,0x49,0x00,0x49,0x00,0x49,0x00,0x49,0x00,0x49,0x00,0x49,0x00,0x49,0x00,0x49,0x00,0x49,0x00,0x49,0x00,0x49,0x00,0x49,0x00,0x49,
	0x00,0x49,0x00,0x49,0x00,0x49,0x00,0x49,0x00,0x49,0x00,0x49,0x00,0x49,0x00,0x49,0x00,0x49,0x00,0x49,0x00,0x49,0x00,0x49,0x00,0x49,0x00,0x49,0x00,0x49,0x00,0x49,0x00,0x49,0x00,0x49,0x00,0x49,0x00,0x49,0x00,0x49,0x00,0x49,0x00,0x49,0x00,0x49,0x00,0x49,0x00,0x49,0x00,0x49,0x00,0x49,0x00,0x49,0x00,0x49,0x00,0x49,0x00,0x49,
	0x00,0x49,0x00,0x49,0x00,0x49,0x00,0x49,0x00,0x49,0x00,0x49,0x00,0x49,0x00,0x49,0x00,0x49,0x00,0x49,0x00,0x49,0x00,0x49,0x00,0x49,0x00,0x49,0x00,0x49,0x00,0x49,0x00,0x49,0x00,0x49,0x00,0x49,0x00,0x49,0x00,0x49,0x00,0x49,0x00,0x49,0x00,0x49,0x00,0x49,0x00,0x49,0x00,0x49,0x00,0x49,0x00,0x49,0x00,0x49,0x00,0x49,0x00,0x49,
	0x00,0x49,0x00,0x49,0x00,0x49,0x00,0x49,0x00,0x49,0x00,0x49,0x00,0x49,0x00,0x49,0x00,0x49,0x00,0x49,0x00,0x49,0x00,0x49,0x00,0x49,0x00,0x49,0x00,0x49,0x00,0x49,0x00,0x49,0x00,0x49,0x00,0x49,0x00,0x49,0x00,0x49,0x00,0x49,0xE0,0x48,0xC0,0x40,0xC0,0x38,0xA0,0x30,0x80,0x28,0x60,0x20,0x40,0x18,0x00,0x08,0x00,0x00,0x00,0x00,
	0x00,0x00,0x00,0x00,0x00,0x00,0x00,0x00,0x00,0x00,0x00,0x00,0x00,0x00,0x00,0x00,0x00,0x00,0x00,0x00,0x00,0x00,0x00,0x00,0x00,0x00,0x00,0x00,0x00,0x00,0x00,0x00,0x00,0x00,0x00,0x00,0x00,0x00,0x00,0x00,0x00,0x00,0x00,0x00,0x00,0x00,0x00,0x00,0x00,0x00,0x00,0x00,0x00,0x00,0x00,0x00,0x00,0x00,0x00,0x00,0x00,0x00,0x00,0x00,
	0x00,0x00,0x00,0x00,0x00,0x00,0x00,0x00,0x00,0x00,0x00,0x00,0x00,0x00,0x00,0x00,0x00,0x00,0x20,0x10,0x40,0x18,0x60,0x18,0x60,0x20,0x80,0x28,0xA0,0x30,0xC0,0x38,0xC0,0x38,0xC0,0x40,0xE0,0x40,0xE0,0x48,0x00,0x49,0x00,0x49,0x00,0x49,0x00,0x49,0x00,0x49,0x00,0x49,0x00,0x49,0x00,0x49,0x00,0x49,0x00,0x49,0x00,0x49,0x00,0x49,
	0x00,0x49,0x00,0x49,0x00,0x49,0x00,0x49,0x00,0x49,0x00,0x49,0x00,0x49,0x00,0x49,0x00,0x49,0x00,0x49,0x00,0x49,0x00,0x49,0x00,0x49,0x00,0x49,0x00,0x49,0x00,0x49,0x00,0x49,0x00,0x49,0x00,0x49,0x00,0x49,0x00,0x49,0x00,0x49,0x00,0x49,0x00,0x49,0x00,0x49,0x00,0x49,0x00,0x49,0x00,0x49,0x00,0x49,0x00,0x49,0x00,0x49,0x00,0x49,
	0x00,0x49,0x00,0x49,0x00,0x49,0x00,0x49,0x00,0x49,0x00,0x49,0x00,0x49,0x00,0x49,0x00,0x49,0x00,0x49,0x00,0x49,0x00,0x49,0x00,0x49,0x00,0x49,0x00,0x49,0x00,0x49,0x00,0x49,0x00,0x49,0x00,0x49,0x00,0x49,0x00,0x49,0x00,0x49,0x00,0x49,0x00,0x49,0x00,0x49,0x00,0x49,0x00,0x49,0x00,0x49,0x00,0x49,0x00,0x49,0x00,0x49,0x00,0x49,
	0x00,0x49,0x00,0x49,0x00,0x49,0x00,0x49,0x00,0x49,0x00,0x49,0x00,0x49,0x00,0x49,0x00,0x49,0x00,0x49,0x00,0x49,0x00,0x49,0x00,0x49,0x00,0x49,0x00,0x49,0x00,0x49,0x00,0x49,0x00,0x49,0x00,0x49,0x00,0x49,0x00,0x49,0x00,0x49,0x00,0x49,0x00,0x49,0x00,0x49,0x00,0x49,0x00,0x49,0x00,0x49,0x00,0x49,0x00,0x49,0x00,0x49,0x00,0x49,
	0x00,0x49,0x00,0x49,0x00,0x49,0x00,0x49,0x00,0x49,0x00,0x49,0x00,0x49,0x00,0x49,0x00,0x49,0x00,0x49,0x00,0x49,0x00,0x49,0x00,0x49,0x00,0x49,0x00,0x49,0x00,0x49,0x00,0x49,0x00,0x49,0x00,0x49,0x00,0x49,0x00,0x49,0x00,0x49,0x00,0x49,0x00,0x49,0x00,0x49,0x00,0x49,0x00,0x49,0x00,0x49,0x00,0x49,0x00,0x49,0x00,0x49,0x00,0x49,
	0x00,0x49,0x00,0x49,0x00,0x49,0x00,0x49,0x00,0x49,0x00,0x49,0x00,0x49,0x00,0x49,0x00,0x49,0x00,0x49,0x00,0x49,0x00,0x49,0x00,0x49,0x00,0x49,0x00,0x49,0x00,0x49,0x00,0x49,0x00,0x49,0x00,0x49,0x00,0x49,0x00,0x49,0x00,0x49,0x00,0x49,0x00,0x49,0x00,0x49,0x00,0x49,0x00,0x49,0x00,0x49,0x00,0x49,0x00,0x49,0x00,0x49,0x00,0x49,
	0x00,0x49,0x00,0x49,0x00,0x49,0x00,0x49,0x00,0x49,0x00,0x49,0x00,0x49,0x00,0x49,0x00,0x49,0x00,0x49,0x00,0x49,0x00,0x49,0x00,0x49,0x00,0x49,0x00,0x49,0x00,0x49,0x00,0x49,0x00,0x49,0x00,0x49,0x00,0x49,0x00,0x49,0x00,0x49,0x00,0x49,0x00,0x49,0x00,0x49,0x00,0x49,0x00,0x49,0x00,0x49,0x00,0x49,0x00,0x49,0x00,0x49,0x00,0x49,
	0x00,0x49,0x00,0x49,0x00,0x49,0x00,0x49,0x00,0x49,0x00,0x49,0x00,0x49,0x00,0x49,0x00,0x49,0x00,0x49,0x00,0x49,0x00,0x49,0x00,0x49,0x00,0x49,0x00,0x49,0x00,0x49,0x00,0x49,0x00,0x49,0x00,0x49,0x00,0x49,0x00,0x49,0x00,0x49,0x00,0x49,0x00,0x49,0x00,0x49,0x00,0x49,0x00,0x49,0x00,0x49,0x00,0x49,0x00,0x49,0x00,0x49,0x00,0x49,
	0x00,0x49,0x00,0x49,0x00,0x49,0x00,0x49,0x00,0x49,0x00,0x49,0x00,0x49,0x00,0x49,0x00,0x49,0x00,0x49,0x00,0x49,0x00,0x49,0x00,0x49,0x00,0x49,0x00,0x49,0x00,0x49,0x00,0x49,0x00,0x49,0x00,0x49,0x00,0x49,0x00,0x49,0x00,0x49,0x00,0x49,0x00,0x49,0x00,0x49,0x00,0x49,0x00,0x49,0x00,0x49,0x00,0x49,0x00,0x49,0x00,0x49,0x00,0x49,
	0x00,0x49,0x00,0x49,0x00,0x49,0x00,0x49,0x00,0x49,0x00,0x49,0x00,0x49,0x00,0x49,0x00,0x49,0x00,0x49,0x00,0x49,0x00,0x49,0x00,0x49,0x00,0x49,0x00,0x49,0x00,0x49,0x00,0x49,0x00,0x49,0x00,0x49,0x00,0x49,0x00,0x49,0x00,0x49,0x00,0x49,0x00,0x49,0x00,0x49,0x00,0x49,0x00,0x49,0x00,0x49,0x00,0x49,0x00,0x49,0x00,0x49,0x00,0x49,
	0x00,0x49,0x00,0x49,0x00,0x49,0x00,0x49,0x00,0x49,0x00,0x49,0x00,0x49,0x00,0x49,0x00,0x49,0x00,0x49,0x00,0x49,0xE0,0x48,0xE0,0x40,0xC0,0x40,0xC0,0x38,0xC0,0x38,0xA0,0x30,0x80,0x28,0x60,0x20,0x60,0x18,0x40,0x18,0x20,0x10,0x00,0x00,0x00,0x00,0x00,0x00,0x00,0x00,0x00,0x00,0x00,0x00,0x00,0x00,0x00,0x00,0x00,0x00,0x00,0x00,
	0x00,0x00,0x00,0x00,0x00,0x00,0x00,0x00,0x00,0x00,0x00,0x00,0x00,0x00,0x00,0x00,0x00,0x00,0x00,0x00,0x00,0x00,0x00,0x00,0x00,0x00,0x00,0x00,0x00,0x00,0x00,0x00,0x00,0x00,0x00,0x00,0x00,0x00,0x00,0x00,0x00,0x00,0x00,0x00,0x00,0x00,0x00,0x00,0x00,0x00,0x00,0x00,0x00,0x00,0x00,0x00,0x00,0x00,0x40,0x18,0x80,0x28,0xC0,0x38,
	0xE0,0x48,0x00,0x49,0x00,0x49,0x00,0x49,0x00,0x49,0x00,0x49,0x00,0x49,0x00,0x49,0x00,0x49,0x00,0x49,0x00,0x49,0x00,0x49,0x00,0x49,0x00,0x49,0x00,0x49,0x00,0x49,0x00,0x49,0x00,0x49,0x00,0x49,0x00,0x49,0x00,0x49,0x00,0x49,0x00,0x49,0x00,0x49,0x00,0x49,0x00,0x49,0x00,0x49,0x00,0x49,0x00,0x49,0x00,0x49,0x00,0x49,0x00,0x49,
	0x00,0x49,0x00,0x49,0x00,0x49,0x00,0x49,0x00,0x49,0x00,0x49,0x00,0x49,0x00,0x49,0x00,0x49,0x00,0x49,0x00,0x49,0x00,0x49,0x00,0x49,0x00,0x49,0x00,0x49,0x00,0x49,0x00,0x49,0x00,0x49,0x00,0x49,0x00,0x49,0x00,0x49,0x00,0x49,0x00,0x49,0x00,0x49,0x00,0x49,0x00,0x49,0x00,0x49,0x00,0x49,0x00,0x49,0x00,0x49,0x00,0x49,0x00,0x49,
	0x00,0x49,0x00,0x49,0x00,0x49,0x00,0x49,0x00,0x49,0x00,0x49,0x00,0x49,0x00,0x49,0x00,0x49,0x00,0x49,0x00,0x49,0x00,0x49,0x00,0x49,0x00,0x49,0x00,0x49,0x00,0x49,0x00,0x49,0x00,0x49,0x00,0x49,0x00,0x49,0x00,0x49,0x00,0x49,0x00,0x49,0x00,0x49,0x00,0x49,0x00,0x49,0x00,0x49,0x00,0x49,0x00,0x49,0x00,0x49,0x00,0x49,0x00,0x49,
	0x00,0x49,0x00,0x49,0x00,0x49,0x00,0x49,0x00,0x49,0x00,0x49,0x00,0x49,0x00,0x49,0x00,0x49,0x00,0x49,0x00,0x49,0x00,0x49,0x00,0x49,0x00,0x49,0x00,0x49,0x00,0x49,0x00,0x49,0x00,0x49,0x00,0x49,0x00,0x49,0x00,0x49,0x00,0x49,0x00,0x49,0x00,0x49,0x00,0x49,0x00,0x49,0x00,0x49,0x00,0x49,0x00,0x49,0x00,0x49,0x00,0x49,0x00,0x49,
	0x00,0x49,0x00,0x49,0x00,0x49,0x00,0x49,0x00,0x49,0x00,0x49,0x00,0x49,0x00,0x49,0x00,0x49,0x00,0x49,0x00,0x49,0x00,0x49,0x00,0x49,0x00,0x49,0x00,0x49,0x00,0x49,0x00,0x49,0x00,0x49,0x00,0x49,0x00,0x49,0x00,0x49,0x00,0x49,0x00,0x49,0x00,0x49,0x00,0x49,0x00,0x49,0x00,0x49,0x00,0x49,0x00,0x49,0x00,0x49,0x00,0x49,0x00,0x49,
	0x00,0x49,0x00,0x49,0x00,0x49,0x00,0x49,0x00,0x49,0x00,0x49,0x00,0x49,0x00,0x49,0x00,0x49,0x00,0x49,0x00,0x49,0x00,0x49,0x00,0x49,0x00,0x49,0x00,0x49,0x00,0x49,0x00,0x49,0x00,0x49,0x00,0x49,0x00,0x49,0x00,0x49,0x00,0x49,0x00,0x49,0x00,0x49,0x00,0x49,0x00,0x49,0x00,0x49,0x00,0x49,0x00,0x49,0x00,0x49,0x00,0x49,0x00,0x49,
	0x00,0x49,0x00,0x49,0x00,0x49,0x00,0x49,0x00,0x49,0x00,0x49,0x00,0x49,0x00,0x49,0x00,0x49,0x00,0x49,0x00,0x49,0x00,0x49,0x00,0x49,0x00,0x49,0x00,0x49,0x00,0x49,0x00,0x49,0x00,0x49,0x00,0x49,0x00,0x49,0x00,0x49,0x00,0x49,0x00,0x49,0x00,0x49,0x00,0x49,0x00,0x49,0x00,0x49,0x00,0x49,0x00,0x49,0x00,0x49,0x00,0x49,0x00,0x49,
	0x00,0x49,0x00,0x49,0x00,0x49,0x00,0x49,0x00,0x49,0x00,0x49,0x00,0x49,0x00,0x49,0x00,0x49,0x00,0x49,0x00,0x49,0x00,0x49,0x00,0x49,0x00,0x49,0x00,0x49,0x00,0x49,0x00,0x49,0x00,0x49,0x00,0x49,0x00,0x49,0x00,0x49,0x00,0x49,0x00,0x49,0x00,0x49,0x00,0x49,0x00,0x49,0x00,0x49,0x00,0x49,0x00,0x49,0x00,0x49,0x00,0x49,0x00,0x49,
	0x00,0x49,0x00,0x49,0x00,0x49,0x00,0x49,0x00,0x49,0x00,0x49,0x00,0x49,0x00,0x49,0x00,0x49,0x00,0x49,0x00,0x49,0x00,0x49,0x00,0x49,0x00,0x49,0x00,0x49,0x00,0x49,0x00,0x49,0x00,0x49,0x00,0x49,0x00,0x49,0x00,0x49,0x00,0x49,0x00,0x49,0x00,0x49,0x00,0x49,0x00,0x49,0x00,0x49,0x00,0x49,0x00,0x49,0x00,0x49,0x00,0x49,0x00,0x49,
	0x00,0x49,0x00,0x49,0x00,0x49,0x00,0x49,0x00,0x49,0x00,0x49,0x00,0x49,0x00,0x49,0x00,0x49,0x00,0x49,0x00,0x49,0x00,0x49,0x00,0x49,0x00,0x49,0x00,0x49,0x00,0x49,0x00,0x49,0x00,0x49,0x00,0x49,0x00,0x49,0x00,0x49,0x00,0x49,0x00,0x49,0x00,0x49,0x00,0x49,0x00,0x49,0x00,0x49,0x00,0x49,0x00,0x49,0x00,0x49,0x00,0x49,0x00,0x49,
	0x00,0x49,0x00,0x49,0x00,0x49,0x00,0x49,0x00,0x49,0x00,0x49,0x00,0x49,0x00,0x49,0xE0,0x48,0xC0,0x38,0x80,0x28,0x40,0x18,0x00,0x00,0x00,0x00,0x00,0x00,0x00,0x00,0x00,0x00,0x00,0x00,0x00,0x00,0x00,0x00,0x00,0x00,0x00,0x00,0x00,0x00,0x00,0x00,0x00,0x00,0x00,0x00,0x00,0x00,0x00,0x00,0x00,0x00,0x00,0x00,0x00,0x00,0x00,0x00,
	0x00,0x00,0x00,0x00,0x00,0x00,0x00,0x00,0x00,0x00,0x00,0x00,0x00,0x00,0x00,0x00,0x00,0x00,0x00,0x00,0x00,0x00,0x00,0x00,0x00,0x00,0x00,0x00,0x00,0x00,0x20,0x08,0x60,0x20,0xA0,0x30,0xC0,0x38,0xE0,0x40,0xE0,0x48,0x00,0x49,0x00,0x49,0x00,0x49,0x00,0x49,0x00,0x49,0x00,0x49,0x00,0x49,0x00,0x49,0x00,0x49,0x00,0x49,0x00,0x49,
	0x00,0x49,0x00,0x49,0x00,0x49,0x00,0x49,0x00,0x49,0x00,0x49,0x00,0x49,0x00,0x49,0x00,0x49,0x00,0x49,0x00,0x49,0x00,0x49,0x00,0x49,0x00,0x49,0x00,0x49,0x00,0x49,0x00,0x49,0x00,0x49,0x00,0x49,0x00,0x49,0x00,0x49,0x00,0x49,0x00,0x49,0x00,0x49,0x00,0x49,0x00,0x49,0x00,0x49,0x00,0x49,0x00,0x49,0x00,0x49,0x00,0x49,0x00,0x49,
	0x00,0x49,0x00,0x49,0x00,0x49,0x00,0x49,0x00,0x49,0x00,0x49,0x00,0x49,0x00,0x49,0x00,0x49,0x00,0x49,0x00,0x49,0x00,0x49,0x00,0x49,0x00,0x49,0x00,0x49,0x00,0x49,0x00,0x49,0x00,0x49,0x00,0x49,0x00,0x49,0x00,0x49,0x00,0x49,0x00,0x49,0x00,0x49,0x00,0x49,0x00,0x49,0x00,0x49,0x00,0x49,0x00,0x49,0x00,0x49,0x00,0x49,0x00,0x49,
	0x00,0x49,0x00,0x49,0x00,0x49,0x00,0x49,0x00,0x49,0x00,0x49,0x00,0x49,0x00,0x49,0x00,0x49,0x00,0x49,0x00,0x49,0x00,0x49,0x00,0x49,0x00,0x49,0x00,0x49,0x00,0x49,0x00,0x49,0x00,0x49,0x00,0x49,0x00,0x49,0x00,0x49,0x00,0x49,0x00,0x49,0x00,0x49,0x00,0x49,0x00,0x49,0x00,0x49,0x00,0x49,0x00,0x49,0x00,0x49,0x00,0x49,0x00,0x49,
	0x00,0x49,0x00,0x49,0x00,0x49,0x00,0x49,0x00,0x49,0x00,0x49,0x00,0x49,0x00,0x49,0x00,0x49,0x00,0x49,0x00,0x49,0x00,0x49,0x00,0x49,0x00,0x49,0x00,0x49,0x00,0x49,0x00,0x49,0x00,0x49,0x00,0x49,0x00,0x49,0x00,0x49,0x00,0x49,0x00,0x49,0x00,0x49,0x00,0x49,0x00,0x49,0x00,0x49,0x00,0x49,0x00,0x49,0x00,0x49,0x00,0x49,0x00,0x49,
	0x00,0x49,0x00,0x49,0x00,0x49,0x00,0x49,0x00,0x49,0x00,0x49,0x00,0x49,0x00,0x49,0x00,0x49,0x00,0x49,0x00,0x49,0x00,0x49,0x00,0x49,0x00,0x49,0x00,0x49,0x00,0x49,0x00,0x49,0x00,0x49,0x00,0x49,0x00,0x49,0x00,0x49,0x00,0x49,0x00,0x49,0x00,0x49,0x00,0x49,0x00,0x49,0x00,0x49,0x00,0x49,0x00,0x49,0x00,0x49,0x00,0x49,0x00,0x49,
	0x00,0x49,0x00,0x49,0x00,0x49,0x00,0x49,0x00,0x49,0x00,0x49,0x00,0x49,0x00,0x49,0x00,0x49,0x00,0x49,0x00,0x49,0x00,0x49,0x00,0x49,0x00,0x49,0x00,0x49,0x00,0x49,0x00,0x49,0x00,0x49,0x00,0x49,0x00,0x49,0x00,0x49,0x00,0x49,0x00,0x49,0x00,0x49,0x00,0x49,0x00,0x49,0x00,0x49,0x00,0x49,0x00,0x49,0x00,0x49,0x00,0x49,0x00,0x49,
	0x00,0x49,0x00,0x49,0x00,0x49,0x00,0x49,0x00,0x49,0x00,0x49,0x00,0x49,0x00,0x49,0x00,0x49,0x00,0x49,0x00,0x49,0x00,0x49,0x00,0x49,0x00,0x49,0x00,0x49,0x00,0x49,0x00,0x49,0x00,0x49,0x00,0x49,0x00,0x49,0x00,0x49,0x00,0x49,0x00,0x49,0x00,0x49,0x00,0x49,0x00,0x49,0x00,0x49,0x00,0x49,0x00,0x49,0x00,0x49,0x00,0x49,0x00,0x49,
	0x00,0x49,0x00,0x49,0x00,0x49,0x00,0x49,0x00,0x49,0x00,0x49,0x00,0x49,0x00,0x49,0x00,0x49,0x00,0x49,0x00,0x49,0x00,0x49,0x00,0x49,0x00,0x49,0x00,0x49,0x00,0x49,0x00,0x49,0x00,0x49,0x00,0x49,0x00,0x49,0x00,0x49,0x00,0x49,0x00,0x49,0x00,0x49,0x00,0x49,0x00,0x49,0x00,0x49,0x00,0x49,0x00,0x49,0x00,0x49,0x00,0x49,0x00,0x49,
	0x00,0x49,0x00,0x49,0x00,0x49,0x00,0x49,0x00,0x49,0x00,0x49,0x00,0x49,0x00,0x49,0x00,0x49,0x00,0x49,0x00,0x49,0x00,0x49,0x00,0x49,0x00,0x49,0x00,0x49,0x00,0x49,0x00,0x49,0x00,0x49,0x00,0x49,0x00,0x49,0x00,0x49,0x00,0x49,0x00,0x49,0x00,0x49,0x00,0x49,0x00,0x49,0x00,0x49,0x00,0x49,0x00,0x49,0x00,0x49,0x00,0x49,0x00,0x49,
	0x00,0x49,0x00,0x49,0x00,0x49,0x00,0x49,0x00,0x49,0x00,0x49,0x00,0x49,0x00,0x49,0x00,0x49,0x00,0x49,0x00,0x49,0x00,0x49,0x00,0x49,0x00,0x49,0x00,0x49,0x00,0x49,0x00,0x49,0x00,0x49,0x00,0x49,0x00,0x49,0x00,0x49,0x00,0x49,0x00,0x49,0x00,0x49,0x00,0x49,0x00,0x49,0x00,0x49,0x00,0x49,0x00,0x49,0x00,0x49,0xE0,0x48,0xE0,0x40,
	0xC0,0x38,0xA0,0x30,0x60,0x20,0x20,0x08,0x00,0x00,0x00,0x00,0x00,0x00,0x00,0x00,0x00,0x00,0x00,0x00,0x00,0x00,0x00,0x00,0x00,0x00,0x00,0x00,0x00,0x00,0x00,0x00,0x00,0x00,0x00,0x00,0x00,0x00,0x00,0x00,0x00,0x00,0x00,0x00,0x00,0x00,0x00,0x00,0x00,0x00,0x00,0x00,0x00,0x00,0x00,0x00,0x00,0x00,0x00,0x00,0x00,0x00,0x00,0x00,
	0x00,0x00,0x00,0x00,0x00,0x08,0x20,0x10,0x80,0x28,0xC0,0x38,0x00,0x49,0x00,0x51,0x00,0x49,0x00,0x49,0x00,0x49,0x00,0x49,0x00,0x49,0x00,0x49,0x00,0x49,0x00,0x49,0x00,0x49,0x00,0x49,0x00,0x49,0x00,0x49,0x00,0x49,0x00,0x49,0x00,0x49,0x00,0x49,0x00,0x49,0x00,0x49,0x00,0x49,0x00,0x49,0x00,0x49,0x00,0x49,0x00,0x49,0x00,0x49,
	0x00,0x49,0x00,0x49,0x00,0x49,0x00,0x49,0x00,0x49,0x00,0x49,0x00,0x49,0x00,0x49,0x00,0x49,0x00,0x49,0x00,0x49,0x00,0x49,0x00,0x49,0x00,0x49,0x00,0x49,0x00,0x49,0x00,0x49,0x00,0x49,0x00,0x49,0x00,0x49,0x00,0x49,0x00,0x49,0x00,0x49,0x00,0x49,0x00,0x49,0x00,0x49,0x00,0x49,0x00,0x49,0x00,0x49,0x00,0x49,0x00,0x49,0x00,0x49,
	0x00,0x49,0x00,0x49,0x00,0x49,0x00,0x49,0x00,0x49,0x00,0x49,0x00,0x49,0x00,0x49,0x00,0x49,0x00,0x49,0x00,0x49,0x00,0x49,0x00,0x49,0x00,0x49,0x00,0x49,0x00,0x49,0x00,0x49,0x00,0x49,0x00,0x49,0x00,0x49,0x00,0x49,0x00,0x49,0x00,0x49,0x00,0x49,0x00,0x49,0x00,0x49,0x00,0x49,0x00,0x49,0x00,0x49,0x00,0x49,0x00,0x49,0x00,0x49,
	0x00,0x49,0x00,0x49,0x00,0x49,0x00,0x49,0x00,0x49,0x00,0x49,0x00,0x49,0x00,0x49,0x00,0x49,0x00,0x49,0x00,0x49,0x00,0x49,0x00,0x49,0x00,0x49,0x00,0x49,0x00,0x49,0x00,0x49,0x00,0x49,0x00,0x49,0x00,0x49,0x00,0x49,0x00,0x49,0x00,0x49,0x00,0x49,0x00,0x49,0x00,0x49,0x00,0x49,0x00,0x49,0x00,0x49,0x00,0x49,0x00,0x49,0x00,0x49,
	0x00,0x49,0x00,0x49,0x00,0x49,0x00,0x49,0x00,0x49,0x00,0x49,0x00,0x49,0x00,0x49,0x00,0x49,0x00,0x49,0x00,0x49,0x00,0x49,0x00,0x49,0x00,0x49,0x00,0x49,0x00,0x49,0x00,0x49,0x00,0x49,0x00,0x49,0x00,0x49,0x00,0x49,0x00,0x49,0x00,0x49,0x00,0x49,0x00,0x49,0x00,0x49,0x00,0x49,0x00,0x49,0x00,0x49,0x00,0x49,0x00,0x49,0x00,0x49,
	0x00,0x49,0x00,0x49,0x00,0x49,0x00,0x49,0x00,0x49,0x00,0x49,0x00,0x49,0x00,0x49,0x00,0x49,0x00,0x49,0x00,0x49,0x00,0x49,0x00,0x49,0x00,0x49,0x00,0x49,0x00,0x49,0x00,0x49,0x00,0x49,0x00,0x49,0x00,0x49,0x00,0x49,0x00,0x49,0x00,0x49,0x00,0x49,0x00,0x49,0x00,0x49,0x00,0x49,0x00,0x49,0x00,0x49,0x00,0x49,0x00,0x49,0x00,0x49,
	0x00,0x49,0x00,0x49,0x00,0x49,0x00,0x49,0x00,0x49,0x00,0x49,0x00,0x49,0x00,0x49,0x00,0x49,0x00,0x49,0x00,0x49,0x00,0x49,0x00,0x49,0x00,0x49,0x00,0x49,0x00,0x49,0x00,0x49,0x00,0x49,0x00,0x49,0x00,0x49,0x00,0x49,0x00,0x49,0x00,0x49,0x00,0x49,0x00,0x49,0x00,0x49,0x00,0x49,0x00,0x49,0x00,0x49,0x00,0x49,0x00,0x49,0x00,0x49,
	0x00,0x49,0x00,0x49,0x00,0x49,0x00,0x49,0x00,0x49,0x00,0x49,0x00,0x49,0x00,0x49,0x00,0x49,0x00,0x49,0x00,0x49,0x00,0x49,0x00,0x49,0x00,0x49,0x00,0x49,0x00,0x49,0x00,0x49,0x00,0x49,0x00,0x49,0x00,0x49,0x00,0x49,0x00,0x49,0x00,0x49,0x00,0x49,0x00,0x49,0x00,0x49,0x00,0x49,0x00,0x49,0x00,0x49,0x00,0x49,0x00,0x49,0x00,0x49,
	0x00,0x49,0x00,0x49,0x00,0x49,0x00,0x49,0x00,0x49,0x00,0x49,0x00,0x49,0x00,0x49,0x00,0x49,0x00,0x49,0x00,0x49,0x00,0x49,0x00,0x49,0x00,0x49,0x00,0x49,0x00,0x49,0x00,0x49,0x00,0x49,0x00,0x49,0x00,0x49,0x00,0x49,0x00,0x49,0x00,0x49,0x00,0x49,0x00,0x49,0x00,0x49,0x00,0x49,0x00,0x49,0x00,0x49,0x00,0x49,0x00,0x49,0x00,0x49,
	0x00,0x49,0x00,0x49,0x00,0x49,0x00,0x49,0x00,0x49,0x00,0x49,0x00,0x49,0x00,0x49,0x00,0x49,0x00,0x49,0x00,0x49,0x00,0x49,0x00,0x49,0x00,0x49,0x00,0x49,0x00,0x49,0x00,0x49,0x00,0x49,0x00,0x49,0x00,0x49,0x00,0x49,0x00,0x49,0x00,0x49,0x00,0x49,0x00,0x49,0x00,0x49,0x00,0x49,0x00,0x49,0x00,0x49,0x00,0x49,0x00,0x49,0x00,0x49,
	0x00,0x49,0x00,0x49,0x00,0x49,0x00,0x49,0x00,0x49,0x00,0x49,0x00,0x49,0x00,0x49,0x00,0x49,0x00,0x49,0x00,0x49,0x00,0x49,0x00,0x49,0x00,0x49,0x00,0x49,0x00,0x49,0x00,0x49,0x00,0x49,0x00,0x49,0x00,0x49,0x00,0x49,0x00,0x51,0x00,0x49,0xC0,0x38,0x80,0x28,0x20,0x10,0x00,0x08,0x00,0x00,0x00,0x00,0x00,0x00,0x00,0x00,0x00,0x00,
	0x00,0x00,0x00,0x00,0x00,0x00,0x00,0x00,0x00,0x00,0x00,0x00,0x00,0x00,0x00,0x00,0x00,0x00,0x00,0x00,0x00,0x00,0x00,0x00,0x00,0x00,0x00,0x00,0x00,0x00,0x00,0x00,0x00,0x00,0x00,0x00,0x00,0x00,0x00,0x00,0x00,0x00,0x00,0x00,0x00,0x08,0x60,0x20,0xC0,0x38,0xE0,0x40,0xE0,0x48,0x00,0x49,0x00,0x49,0x00,0x49,0x00,0x49,0x00,0x49,
	0x00,0x49,0x00,0x49,0x00,0x49,0x00,0x49,0x00,0x49,0x00,0x49,0x00,0x49,0x00,0x49,0x00,0x49,0x00,0x49,0x00,0x49,0x00,0x49,0x00,0x49,0x00,0x49,0x00,0x49,0x00,0x49,0x00,0x49,0x00,0x49,0x00,0x49,0x00,0x49,0x00,0x49,0x00,0x49,0x00,0x49,0x00,0x49,0x00,0x49,0x00,0x49,0x00,0x49,0x00,0x49,0x00,0x49,0x00,0x49,0x00,0x49,0x00,0x49,
	0x00,0x49,0x00,0x49,0x00,0x49,0x00,0x49,0x00,0x49,0x00,0x49,0x00,0x49,0x00,0x49,0x00,0x49,0x00,0x49,0x00,0x49,0x00,0x49,0x00,0x49,0x00,0x49,0x00,0x49,0x00,0x49,0x00,0x49,0x00,0x49,0x00,0x49,0x00,0x49,0x00,0x49,0x00,0x49,0x00,0x49,0x00,0x49,0x00,0x49,0x00,0x49,0x00,0x49,0x00,0x49,0x00,0x49,0x00,0x49,0x00,0x49,0x00,0x49,
	0x00,0x49,0x00,0x49,0x00,0x49,0x00,0x49,0x00,0x49,0x00,0x49,0x00,0x49,0x00,0x49,0x00,0x49,0x00,0x49,0x00,0x49,0x00,0x49,0x00,0x49,0x00,0x49,0x00,0x49,0x00,0x49,0x00,0x49,0x00,0x49,0x00,0x49,0x00,0x49,0x00,0x49,0x00,0x49,0x00,0x49,0x00,0x49,0x00,0x49,0x00,0x49,0x00,0x49,0x00,0x49,0x00,0x49,0x00,0x49,0x00,0x49,0x00,0x49,
	0x00,0x49,0x00,0x49,0x00,0x49,0x00,0x49,0x00,0x49,0x00,0x49,0x00,0x49,0x00,0x49,0x00,0x49,0x00,0x49,0x00,0x49,0x00,0x49,0x00,0x49,0x00,0x49,0x00,0x49,0x00,0x49,0x00,0x49,0x00,0x49,0x00,0x49,0x00,0x49,0x00,0x49,0x00,0x49,0x00,0x49,0x00,0x49,0x00,0x49,0x00,0x49,0x00,0x49,0x00,0x49,0x00,0x49,0x00,0x49,0x00,0x49,0x00,0x49,
	0x00,0x49,0x00,0x49,0x00,0x49,0x00,0x49,0x00,0x49,0x00,0x49,0x00,0x49,0x00,0x49,0x00,0x49,0x00,0x49,0x00,0x49,0x00,0x49,0x00,0x49,0x00,0x49,0x00,0x49,0x00,0x49,0x00,0x49,0x00,0x49,0x00,0x49,0x00,0x49,0x00,0x49,0x00,0x49,0x00,0x49,0x00,0x49,0x00,0x49,0x00,0x49,0x00,0x49,0x00,0x49,0x00,0x49,0x00,0x49,0x00,0x49,0x00,0x49,
	0x00,0x49,0x00,0x49,0x00,0x49,0x00,0x49,0x00,0x49,0x00,0x49,0x00,0x49,0x00,0x49,0x00,0x49,0x00,0x49,0x00,0x49,0x00,0x49,0x00,0x49,0x00,0x49,0x00,0x49,0x00,0x49,0x00,0x49,0x00,0x49,0x00,0x49,0x00,0x49,0x00,0x49,0x00,0x49,0x00,0x49,0x00,0x49,0x00,0x49,0x00,0x49,0x00,0x49,0x00,0x49,0x00,0x49,0x00,0x49,0x00,0x49,0x00,0x49,
	0x00,0x49,0x00,0x49,0x00,0x49,0x00,0x49,0x00,0x49,0x00,0x49,0x00,0x49,0x00,0x49,0x00,0x49,0x00,0x49,0x00,0x49,0x00,0x49,0x00,0x49,0x00,0x49,0x00,0x49,0x00,0x49,0x00,0x49,0x00,0x49,0x00,0x49,0x00,0x49,0x00,0x49,0x00,0x49,0x00,0x49,0x00,0x49,0x00,0x49,0x00,0x49,0x00,0x49,0x00,0x49,0x00,0x49,0x00,0x49,0x00,0x49,0x00,0x49,
	0x00,0x49,0x00,0x49,0x00,0x49,0x00,0x49,0x00,0x49,0x00,0x49,0x00,0x49,0x00,0x49,0x00,0x49,0x00,0x49,0x00,0x49,0x00,0x49,0x00,0x49,0x00,0x49,0x00,0x49,0x00,0x49,0x00,0x49,0x00,0x49,0x00,0x49,0x00,0x49,0x00,0x49,0x00,0x49,0x00,0x49,0x00,0x49,0x00,0x49,0x00,0x49,0x00,0x49,0x00,0x49,0x00,0x49,0x00,0x49,0x00,0x49,0x00,0x49,
	0x00,0x49,0x00,0x49,0x00,0x49,0x00,0x49,0x00,0x49,0x00,0x49,0x00,0x49,0x00,0x49,0x00,0x49,0x00,0x49,0x00,0x49,0x00,0x49,0x00,0x49,0x00,0x49,0x00,0x49,0x00,0x49,0x00,0x49,0x00,0x49,0x00,0x49,0x00,0x49,0x00,0x49,0x00,0x49,0x00,0x49,0x00,0x49,0x00,0x49,0x00,0x49,0x00,0x49,0x00,0x49,0x00,0x49,0x00,0x49,0x00,0x49,0x00,0x49,
	0x00,0x49,0x00,0x49,0x00,0x49,0x00,0x49,0x00,0x49,0x00,0x49,0x00,0x49,0x00,0x49,0x00,0x49,0x00,0x49,0x00,0x49,0x00,0x49,0x00,0x49,0x00,0x49,0x00,0x49,0x00,0x49,0x00,0x49,0x00,0x49,0x00,0x49,0x00,0x49,0x00,0x49,0x00,0x49,0x00,0x49,0x00,0x49,0x00,0x49,0x00,0x49,0x00,0x49,0x00,0x49,0x00,0x49,0x00,0x49,0x00,0x49,0x00,0x49,
	0x00,0x49,0x00,0x49,0x00,0x49,0x00,0x49,0x00,0x49,0x00,0x49,0x00,0x49,0x00,0x49,0x00,0x49,0x00,0x49,0x00,0x49,0x00,0x49,0xE0,0x48,0xE0,0x40,0xC0,0x38,0x60,0x20,0x00,0x08,0x00,0x00,0x00,0x00,0x00,0x00,0x00,0x00,0x00,0x00,0x00,0x00,0x00,0x00,0x00,0x00,0x00,0x00,0x00,0x00,0x00,0x00,0x00,0x00,0x00,0x00,0x00,0x00,0x00,0x00,
	0x00,0x00,0x00,0x00,0x00,0x00,0x00,0x00,0x00,0x00,0x00,0x00,0x00,0x00,0x00,0x00,0x00,0x00,0x00,0x08,0x40,0x18,0x80,0x28,0xC0,0x40,0x00,0x49,0x00,0x49,0x00,0x49,0x00,0x49,0x00,0x49,0x00,0x49,0x00,0x49,0x00,0x49,0x00,0x49,0x00,0x49,0x00,0x49,0x00,0x49,0x00,0x49,0x00,0x49,0x00,0x49,0x00,0x49,0x00,0x49,0x00,0x49,0x00,0x49,
	0x00,0x49,0x00,0x49,0x00,0x49,0x00,0x49,0x00,0x49,0x00,0x49,0x00,0x49,0x00,0x49,0x00,0x49,0x00,0x49,0x00,0x49,0x00,0x49,0x00,0x49,0x00,0x49,0x00,0x49,0x00,0x49,0x00,0x49,0x00,0x49,0x00,0x49,0x00,0x49,0x00,0x49,0x00,0x49,0x00,0x49,0x00,0x49,0x00,0x49,0x00,0x49,0x00,0x49,0x00,0x49,0x00,0x49,0x00,0x49,0x00,0x49,0x00,0x49,
	0x00,0x49,0x00,0x49,0x00,0x49,0x00,0x49,0x00,0x49,0x00,0x49,0x00,0x49,0x00,0x49,0x00,0x49,0x00,0x49,0x00,0x49,0x00,0x49,0x00,0x49,0x00,0x49,0x00,0x49,0x00,0x49,0x00,0x49,0x00,0x49,0x00,0x49,0x00,0x49,0x00,0x49,0x00,0x49,0x00,0x49,0x00,0x49,0x00,0x49,0x00,0x49,0x00,0x49,0x00,0x49,0x00,0x49,0x00,0x49,0x00,0x49,0x00,0x49,
	0x00,0x49,0x00,0x49,0x00,0x49,0x00,0x49,0x00,0x49,0x00,0x49,0x00,0x49,0x00,0x49,0x00,0x49,0x00,0x49,0x00,0x49,0x00,0x49,0x00,0x49,0x00,0x49,0x00,0x49,0x00,0x49,0x00,0x49,0x00,0x49,0x00,0x49,0x00,0x49,0x00,0x49,0x00,0x49,0x00,0x49,0x00,0x49,0x00,0x49,0x00,0x49,0x00,0x49,0x00,0x49,0x00,0x49,0x00,0x49,0x00,0x49,0x00,0x49,
	0x00,0x49,0x00,0x49,0x00,0x49,0x00,0x49,0x00,0x49,0x00,0x49,0x00,0x49,0x00,0x49,0x00,0x49,0x00,0x49,0x00,0x49,0x00,0x49,0x00,0x49,0x00,0x49,0x00,0x49,0x00,0x49,0x00,0x49,0x00,0x49,0x00,0x49,0x00,0x49,0x00,0x49,0x00,0x49,0x00,0x49,0x00,0x49,0x00,0x49,0x00,0x49,0x00,0x49,0x00,0x49,0x00,0x49,0x00,0x49,0x00,0x49,0x00,0x49,
	0x00,0x49,0x00,0x49,0x00,0x49,0x00,0x49,0x00,0x49,0x00,0x49,0x00,0x49,0x00,0x49,0x00,0x49,0x00,0x49,0x00,0x49,0x00,0x49,0x00,0x49,0x00,0x49,0x00,0x49,0x00,0x49,0x00,0x49,0x00,0x49,0x00,0x49,0x00,0x49,0x00,0x49,0x00,0x49,0x00,0x49,0x00,0x49,0x00,0x49,0x00,0x49,0x00,0x49,0x00,0x49,0x00,0x49,0x00,0x49,0x00,0x49,0x00,0x49,
	0x00,0x49,0x00,0x49,0x00,0x49,0x00,0x49,0x00,0x49,0x00,0x49,0x00,0x49,0x00,0x49,0x00,0x49,0x00,0x49,0x00,0x49,0x00,0x49,0x00,0x49,0x00,0x49,0x00,0x49,0x00,0x49,0x00,0x49,0x00,0x49,0x00,0x49,0x00,0x49,0x00,0x49,0x00,0x49,0x00,0x49,0x00,0x49,0x00,0x49,0x00,0x49,0x00,0x49,0x00,0x49,0x00,0x49,0x00,0x49,0x00,0x49,0x00,0x49,
	0x00,0x49,0x00,0x49,0x00,0x49,0x00,0x49,0x00,0x49,0x00,0x49,0x00,0x49,0x00,0x49,0x00,0x49,0x00,0x49,0x00,0x49,0x00,0x49,0x00,0x49,0x00,0x49,0x00,0x49,0x00,0x49,0x00,0x49,0x00,0x49,0x00,0x49,0x00,0x49,0x00,0x49,0x00,0x49,0x00,0x49,0x00,0x49,0x00,0x49,0x00,0x49,0x00,0x49,0x00,0x49,0x00,0x49,0x00,0x49,0x00,0x49,0x00,0x49,
	0x00,0x49,0x00,0x49,0x00,0x49,0x00,0x49,0x00,0x49,0x00,0x49,0x00,0x49,0x00,0x49,0x00,0x49,0x00,0x49,0x00,0x49,0x00,0x49,0x00,0x49,0x00,0x49,0x00,0x49,0x00,0x49,0x00,0x49,0x00,0x49,0x00,0x49,0x00,0x49,0x00,0x49,0x00,0x49,0x00,0x49,0x00,0x49,0x00,0x49,0x00,0x49,0x00,0x49,0x00,0x49,0x00,0x49,0x00,0x49,0x00,0x49,0x00,0x49,
	0x00,0x49,0x00,0x49,0x00,0x49,0x00,0x49,0x00,0x49,0x00,0x49,0x00,0x49,0x00,0x49,0x00,0x49,0x00,0x49,0x00,0x49,0x00,0x49,0x00,0x49,0x00,0x49,0x00,0x49,0x00,0x49,0x00,0x49,0x00,0x49,0x00,0x49,0x00,0x49,0x00,0x49,0x00,0x49,0x00,0x49,0x00,0x49,0x00,0x49,0x00,0x49,0x00,0x49,0x00,0x49,0x00,0x49,0x00,0x49,0x00,0x49,0x00,0x49,
	0x00,0x49,0x00,0x49,0x00,0x49,0x00,0x49,0x00,0x49,0x00,0x49,0x00,0x49,0x00,0x49,0x00,0x49,0x00,0x49,0x00,0x49,0x00,0x49,0x00,0x49,0x00,0x49,0x00,0x49,0x00,0x49,0x00,0x49,0x00,0x49,0x00,0x49,0x00,0x49,0x00,0x49,0x00,0x49,0x00,0x49,0x00,0x49,0x00,0x49,0x00,0x49,0x00,0x49,0x00,0x49,0x00,0x49,0x00,0x49,0x00,0x49,0x00,0x49,
	0x00,0x49,0x00,0x49,0x00,0x49,0x00,0x49,0xC0,0x40,0x80,0x28,0x40,0x18,0x00,0x08,0x00,0x00,0x00,0x00,0x00,0x00,0x00,0x00,0x00,0x00,0x00,0x00,0x00,0x00,0x00,0x00,0x00,0x00,0x00,0x00,0x00,0x00,0x00,0x00,0x00,0x00,0x00,0x00,0x00,0x00,0x00,0x00,0x00,0x00,0x00,0x00,0x00,0x00,0x00,0x00,0x00,0x00,0x00,0x00,0x60,0x18,0xC0,0x30,
	0x00,0x49,0x00,0x49,0x00,0x49,0x00,0x49,0x00,0x49,0x00,0x49,0x00,0x49,0x00,0x49,0x00,0x49,0x00,0x49,0x00,0x49,0x00,0x49,0x00,0x49,0x00,0x49,0x00,0x49,0x00,0x49,0x00,0x49,0x00,0x49,0x00,0x49,0x00,0x49,0x00,0x49,0x00,0x49,0x00,0x49,0x00,0x49,0x00,0x49,0x00,0x49,0x00,0x49,0x00,0x49,0x00,0x49,0x00,0x49,0x00,0x49,0x00,0x49,
	0x00,0x49,0x00,0x49,0x00,0x49,0x00,0x49,0x00,0x49,0x00,0x49,0x00,0x49,0x00,0x49,0x00,0x49,0x00,0x49,0x00,0x49,0x00,0x49,0x00,0x49,0x00,0x49,0x00,0x49,0x00,0x49,0x00,0x49,0x00,0x49,0x00,0x49,0x00,0x49,0x00,0x49,0x00,0x49,0x00,0x49,0x00,0x49,0x00,0x49,0x00,0x49,0x00,0x49,0x00,0x49,0x00,0x49,0x00,0x49,0x00,0x49,0x00,0x49,
	0x00,0x49,0x00,0x49,0x00,0x49,0x00,0x49,0x00,0x49,0x00,0x49,0x00,0x49,0x00,0x49,0x00,0x49,0x00,0x49,0x00,0x49,0x00,0x49,0x00,0x49,0x00,0x49,0x00,0x49,0x00,0x49,0x00,0x49,0x00,0x49,0x00,0x49,0x00,0x49,0x00,0x49,0x00,0x49,0x00,0x49,0x00,0x49,0x00,0x49,0x00,0x49,0x00,0x49,0x00,0x49,0x00,0x49,0x00,0x49,0x00,0x49,0x00,0x49,
	0x00,0x49,0x00,0x49,0x00,0x49,0x00,0x49,0x00,0x49,0x00,0x49,0x00,0x49,0x00,0x49,0x00,0x49,0x00,0x49,0x00,0x49,0x00,0x49,0x00,0x49,0x00,0x49,0x00,0x49,0x00,0x49,0x00,0x49,0x00,0x49,0x00,0x49,0x00,0x49,0x00,0x49,0x00,0x49,0x00,0x49,0x00,0x49,0x00,0x49,0x00,0x49,0x00,0x49,0x00,0x49,0x00,0x49,0x00,0x49,0x00,0x49,0x00,0x49,
	0x00,0x49,0x00,0x49,0x00,0x49,0x00,0x49,0x00,0x49,0x00,0x49,0x00,0x49,0x00,0x49,0x00,0x49,0x00,0x49,0x00,0x49,0x00,0x49,0x00,0x49,0x00,0x49,0x00,0x49,0x00,0x49,0x00,0x49,0x00,0x49,0x00,0x49,0x00,0x49,0x00,0x49,0x00,0x49,0x00,0x49,0x00,0x49,0x00,0x49,0x00,0x49,0x00,0x49,0x00,0x49,0x00,0x49,0x00,0x49,0x00,0x49,0x00,0x49,
	0x00,0x49,0x00,0x49,0x00,0x49,0x00,0x49,0x00,0x49,0x00,0x49,0x00,0x49,0x00,0x49,0x00,0x49,0x00,0x49,0x00,0x49,0x00,0x49,0x00,0x49,0x00,0x49,0x00,0x49,0x00,0x49,0x00,0x49,0x00,0x49,0x00,0x49,0x00,0x49,0x00,0x49,0x00,0x49,0x00,0x49,0x00,0x49,0x00,0x49,0x00,0x49,0x00,0x49,0x00,0x49,0x00,0x49,0x00,0x49,0x00,0x49,0x00,0x49,
	0x00,0x49,0x00,0x49,0x00,0x49,0x00,0x49,0x00,0x49,0x00,0x49,0x00,0x49,0x00,0x49,0x00,0x49,0x00,0x49,0x00,0x49,0x00,0x49,0x00,0x49,0x00,0x49,0x00,0x49,0x00,0x49,0x00,0x49,0x00,0x49,0x00,0x49,0x00,0x49,0x00,0x49,0x00,0x49,0x00,0x49,0x00,0x49,0x00,0x49,0x00,0x49,0x00,0x49,0x00,0x49,0x00,0x49,0x00,0x49,0x00,0x49,0x00,0x49,
	0x00,0x49,0x00,0x49,0x00,0x49,0x00,0x49,0x00,0x49,0x00,0x49,0x00,0x49,0x00,0x49,0x00,0x49,0x00,0x49,0x00,0x49,0x00,0x49,0x00,0x49,0x00,0x49,0x00,0x49,0x00,0x49,0x00,0x49,0x00,0x49,0x00,0x49,0x00,0x49,0x00,0x49,0x00,0x49,0x00,0x49,0x00,0x49,0x00,0x49,0x00,0x49,0x00,0x49,0x00,0x49,0x00,0x49,0x00,0x49,0x00,0x49,0x00,0x49,
	0x00,0x49,0x00,0x49,0x00,0x49,0x00,0x49,0x00,0x49,0x00,0x49,0x00,0x49,0x00,0x49,0x00,0x49,0x00,0x49,0x00,0x49,0x00,0x49,0x00,0x49,0x00,0x49,0x00,0x49,0x00,0x49,0x00,0x49,0x00,0x49,0x00,0x49,0x00,0x49,0x00,0x49,0x00,0x49,0x00,0x49,0x00,0x49,0x00,0x49,0x00,0x49,0x00,0x49,0x00,0x49,0x00,0x49,0x00,0x49,0x00,0x49,0x00,0x49,
	0x00,0x49,0x00,0x49,0x00,0x49,0x00,0x49,0x00,0x49,0x00,0x49,0x00,0x49,0x00,0x49,0x00,0x49,0x00,0x49,0x00,0x49,0x00,0x49,0x00,0x49,0x00,0x49,0x00,0x49,0x00,0x49,0x00,0x49,0x00,0x49,0x00,0x49,0x00,0x49,0x00,0x49,0x00,0x49,0x00,0x49,0x00,0x49,0x00,0x49,0x00,0x49,0x00,0x49,0x00,0x49,0x00,0x49,0x00,0x49,0x00,0x49,0x00,0x49,
	0x00,0x49,0x00,0x49,0x00,0x49,0x00,0x49,0x00,0x49,0x00,0x49,0x00,0x49,0x00,0x49,0x00,0x49,0x00,0x49,0x00,0x49,0x00,0x49,0x00,0x49,0x00,0x49,0x00,0x49,0x00,0x49,0x00,0x49,0x00,0x49,0x00,0x49,0x00,0x49,0x00,0x49,0x00,0x49,0x00,0x49,0x00,0x49,0x00,0x49,0x00,0x49,0x00,0x49,0xC0,0x30,0x60,0x18,0x00,0x00,0x00,0x00,0x00,0x00,
	0x00,0x00,0x00,0x00,0x00,0x00,0x00,0x00,0x00,0x00,0x00,0x00,0x00,0x00,0x00,0x00,0x00,0x00,0x00,0x00,0x00,0x00,0x00,0x00,0x00,0x00,0x00,0x00,0x00,0x00,0x00,0x00,0x00,0x00,0x00,0x08,0x60,0x20,0xC0,0x38,0xE0,0x48,0x00,0x49,0x00,0x49,0x00,0x49,0x00,0x49,0x00,0x49,0x00,0x49,0x00,0x49,0x00,0x49,0x00,0x49,0x00,0x49,0x00,0x49,
	0x00,0x49,0x00,0x49,0x00,0x49,0x00,0x49,0x00,0x49,0x00,0x49,0x00,0x49,0x00,0x49,0x00,0x49,0x00,0x49,0x00,0x49,0x00,0x49,0x00,0x49,0x00,0x49,0x00,0x49,0x00,0x49,0x00,0x49,0x00,0x49,0x00,0x49,0x00,0x49,0x00,0x49,0x00,0x49,0x00,0x49,0x00,0x49,0x00,0x49,0x00,0x49,0x00,0x49,0x00,0x49,0x00,0x49,0x00,0x49,0x00,0x49,0x00,0x49,
	0x00,0x49,0x00,0x49,0x00,0x49,0x00,0x49,0x00,0x49,0x00,0x49,0x00,0x49,0x00,0x49,0x00,0x49,0x00,0x49,0x00,0x49,0x00,0x49,0x00,0x49,0x00,0x49,0x00,0x49,0x00,0x49,0x00,0x49,0x00,0x49,0x00,0x49,0x00,0x49,0x00,0x49,0x00,0x49,0x00,0x49,0x00,0x49,0x00,0x49,0x00,0x49,0x00,0x49,0x00,0x49,0x00,0x49,0x00,0x49,0x00,0x49,0x00,0x49,
	0x00,0x49,0x00,0x49,0x00,0x49,0x00,0x49,0x00,0x49,0x00,0x49,0x00,0x49,0x00,0x49,0x00,0x49,0x00,0x49,0x00,0x49,0x00,0x49,0x00,0x49,0x00,0x49,0x00,0x49,0x00,0x49,0x00,0x49,0x00,0x49,0x00,0x49,0x00,0x49,0x00,0x49,0x00,0x49,0x00,0x49,0x00,0x49,0x00,0x49,0x00,0x49,0x00,0x49,0x00,0x49,0x00,0x49,0x00,0x49,0x00,0x49,0x00,0x49,
	0x00,0x49,0x00,0x49,0x00,0x49,0x00,0x49,0x00,0x49,0x00,0x49,0x00,0x49,0x00,0x49,0x00,0x49,0x00,0x49,0x00,0x49,0x00,0x49,0x00,0x49,0x00,0x49,0x00,0x49,0x00,0x49,0x00,0x49,0x00,0x49,0x00,0x49,0x00,0x49,0x00,0x49,0x00,0x49,0x00,0x49,0x00,0x49,0x00,0x49,0x00,0x49,0x00,0x49,0x00,0x49,0x00,0x49,0x00,0x49,0x00,0x49,0x00,0x49,
	0x00,0x49,0x00,0x49,0x00,0x49,0x00,0x49,0x00,0x49,0x00,0x49,0x00,0x49,0x00,0x49,0x00,0x49,0x00,0x49,0x00,0x49,0x00,0x49,0x00,0x49,0x00,0x49,0x00,0x49,0x00,0x49,0x00,0x49,0x00,0x49,0x00,0x49,0x00,0x49,0x00,0x49,0x00,0x49,0x00,0x49,0x00,0x49,0x00,0x49,0x00,0x49,0x00,0x49,0x00,0x49,0x00,0x49,0x00,0x49,0x00,0x49,0x00,0x49,
	0x00,0x49,0x00,0x49,0x00,0x49,0x00,0x49,0x00,0x49,0x00,0x49,0x00,0x49,0x00,0x49,0x00,0x49,0x00,0x49,0x00,0x49,0x00,0x49,0x00,0x49,0x00,0x49,0x00,0x49,0x00,0x49,0x00,0x49,0x00,0x49,0x00,0x49,0x00,0x49,0x00,0x49,0x00,0x49,0x00,0x49,0x00,0x49,0x00,0x49,0x00,0x49,0x00,0x49,0x00,0x49,0x00,0x49,0x00,0x49,0x00,0x49,0x00,0x49,
	0x00,0x49,0x00,0x49,0x00,0x49,0x00,0x49,0x00,0x49,0x00,0x49,0x00,0x49,0x00,0x49,0x00,0x49,0x00,0x49,0x00,0x49,0x00,0x49,0x00,0x49,0x00,0x49,0x00,0x49,0x00,0x49,0x00,0x49,0x00,0x49,0x00,0x49,0x00,0x49,0x00,0x49,0x00,0x49,0x00,0x49,0x00,0x49,0x00,0x49,0x00,0x49,0x00,0x49,0x00,0x49,0x00,0x49,0x00,0x49,0x00,0x49,0x00,0x49,
	0x00,0x49,0x00,0x49,0x00,0x49,0x00,0x49,0x00,0x49,0x00,0x49,0x00,0x49,0x00,0x49,0x00,0x49,0x00,0x49,0x00,0x49,0x00,0x49,0x00,0x49,0x00,0x49,0x00,0x49,0x00,0x49,0x00,0x49,0x00,0x49,0x00,0x49,0x00,0x49,0x00,0x49,0x00,0x49,0x00,0x49,0x00,0x49,0x00,0x49,0x00,0x49,0x00,0x49,0x00,0x49,0x00,0x49,0x00,0x49,0x00,0x49,0x00,0x49,
	0x00,0x49,0x00,0x49,0x00,0x49,0x00,0x49,0x00,0x49,0x00,0x49,0x00,0x49,0x00,0x49,0x00,0x49,0x00,0x49,0x00,0x49,0x00,0x49,0x00,0x49,0x00,0x49,0x00,0x49,0x00,0x49,0x00,0x49,0x00,0x49,0x00,0x49,0x00,0x49,0x00,0x49,0x00,0x49,0x00,0x49,0x00,0x49,0x00,0x49,0x00,0x49,0x00,0x49,0x00,0x49,0x00,0x49,0x00,0x49,0x00,0x49,0x00,0x49,
	0x00,0x49,0x00,0x49,0x00,0x49,0x00,0x49,0x00,0x49,0x00,0x49,0x00,0x49,0x00,0x49,0x00,0x49,0x00,0x49,0x00,0x49,0x00,0x49,0x00,0x49,0x00,0x49,0x00,0x49,0x00,0x49,0x00,0x49,0x00,0x49,0x00,0x49,0x00,0x49,0x00,0x49,0x00,0x49,0x00,0x49,0x00,0x49,0x00,0x49,0x00,0x49,0x00,0x49,0x00,0x49,0x00,0x49,0x00,0x49,0x00,0x49,0x00,0x49,
	0x00,0x49,0x00,0x49,0x00,0x49,0x00,0x49,0x00,0x49,0x00,0x49,0x00,0x49,0x00,0x49,0x00,0x49,0x00,0x49,0x00,0x49,0x00,0x49,0x00,0x49,0x00,0x49,0x00,0x49,0x00,0x49,0xE0,0x48,0xC0,0x38,0x60,0x20,0x00,0x08,0x00,0x00,0x00,0x00,0x00,0x00,0x00,0x00,0x00,0x00,0x00,0x00,0x00,0x00,0x00,0x00,0x00,0x00,0x00,0x00,0x00,0x00,0x00,0x00,
	0x00,0x00,0x00,0x00,0x00,0x00,0x00,0x00,0x00,0x00,0x00,0x08,0x60,0x18,0xC0,0x38,0xE0,0x48,0x00,0x49,0x00,0x49,0x00,0x49,0x00,0x49,0x00,0x49,0x00,0x49,0x00,0x49,0x00,0x49,0x00,0x49,0x00,0x49,0x00,0x49,0x00,0x49,0x00,0x49,0x00,0x49,0x00,0x49,0x00,0x49,0x00,0x49,0x00,0x49,0x00,0x49,0x00,0x49,0x00,0x49,0x00,0x49,0x00,0x49,
	0x00,0x49,0x00,0x49,0x00,0x49,0x00,0x49,0x00,0x49,0x00,0x49,0x00,0x49,0x00,0x49,0x00,0x49,0x00,0x49,0x00,0x49,0x00,0x49,0x00,0x49,0x00,0x49,0x00,0x49,0x00,0x49,0x00,0x49,0x00,0x49,0x00,0x49,0x00,0x49,0x00,0x49,0x00,0x49,0x00,0x49,0x00,0x49,0x00,0x49,0x00,0x49,0x00,0x49,0x00,0x49,0x00,0x49,0x00,0x49,0x00,0x49,0x00,0x49,
	0x00,0x49,0x00,0x49,0x00,0x49,0x00,0x49,0x00,0x49,0x00,0x49,0x00,0x49,0x00,0x49,0x00,0x49,0x00,0x49,0x00,0x49,0x00,0x49,0x00,0x49,0x00,0x49,0x00,0x49,0x00,0x49,0x00,0x49,0x00,0x49,0x00,0x49,0x00,0x49,0x00,0x49,0x00,0x49,0x00,0x49,0x00,0x49,0x00,0x49,0x00,0x49,0x00,0x49,0x00,0x49,0x00,0x49,0x00,0x49,0x00,0x49,0x00,0x49,
	0x00,0x49,0x00,0x49,0x00,0x49,0x00,0x49,0x00,0x49,0x00,0x49,0x00,0x49,0x00,0x49,0x00,0x49,0x00,0x49,0x00,0x49,0x00,0x49,0x00,0x49,0x00,0x49,0x00,0x49,0x00,0x49,0x00,0x49,0x00,0x49,0x00,0x49,0x00,0x49,0x00,0x49,0x00,0x49,0x00,0x49,0x00,0x49,0x00,0x49,0x00,0x49,0x00,0x49,0x00,0x49,0x00,0x49,0x00,0x49,0x00,0x49,0x00,0x49,
	0x00,0x49,0x00,0x49,0x00,0x49,0x00,0x49,0x00,0x49,0x00,0x49,0x00,0x49,0x00,0x49,0x00,0x49,0x00,0x49,0x00,0x49,0x00,0x49,0x00,0x49,0x00,0x49,0x00,0x49,0x00,0x49,0x00,0x49,0x00,0x49,0x00,0x49,0x00,0x49,0x00,0x49,0x00,0x49,0x00,0x49,0x00,0x49,0x00,0x49,0x00,0x49,0x00,0x49,0x00,0x49,0x00,0x49,0x00,0x49,0x00,0x49,0x00,0x49,
	0x00,0x49,0x00,0x49,0x00,0x49,0x00,0x49,0x00,0x49,0x00,0x49,0x00,0x49,0x00,0x49,0x00,0x49,0x00,0x49,0x00,0x49,0x00,0x49,0x00,0x49,0x00,0x49,0x00,0x49,0x00,0x49,0x00,0x49,0x00,0x49,0x00,0x49,0x00,0x49,0x00,0x49,0x00,0x49,0x00,0x49,0x00,0x49,0x00,0x49,0x00,0x49,0x00,0x49,0x00,0x49,0x00,0x49,0x00,0x49,0x00,0x49,0x00,0x49,
	0x00,0x49,0x00,0x49,0x00,0x49,0x00,0x49,0x00,0x49,0x00,0x49,0x00,0x49,0x00,0x49,0x00,0x49,0x00,0x49,0x00,0x49,0x00,0x49,0x00,0x49,0x00,0x49,0x00,0x49,0x00,0x49,0x00,0x49,0x00,0x49,0x00,0x49,0x00,0x49,0x00,0x49,0x00,0x49,0x00,0x49,0x00,0x49,0x00,0x49,0x00,0x49,0x00,0x49,0x00,0x49,0x00,0x49,0x00,0x49,0x00,0x49,0x00,0x49,
	0x00,0x49,0x00,0x49,0x00,0x49,0x00,0x49,0x00,0x49,0x00,0x49,0x00,0x49,0x00,0x49,0x00,0x49,0x00,0x49,0x00,0x49,0x00,0x49,0x00,0x49,0x00,0x49,0x00,0x49,0x00,0x49,0x00,0x49,0x00,0x49,0x00,0x49,0x00,0x49,0x00,0x49,0x00,0x49,0x00,0x49,0x00,0x49,0x00,0x49,0x00,0x49,0x00,0x49,0x00,0x49,0x00,0x49,0x00,0x49,0x00,0x49,0x00,0x49,
	0x00,0x49,0x00,0x49,0x00,0x49,0x00,0x49,0x00,0x49,0x00,0x49,0x00,0x49,0x00,0x49,0x00,0x49,0x00,0x49,0x00,0x49,0x00,0x49,0x00,0x49,0x00,0x49,0x00,0x49,0x00,0x49,0x00,0x49,0x00,0x49,0x00,0x49,0x00,0x49,0x00,0x49,0x00,0x49,0x00,0x49,0x00,0x49,0x00,0x49,0x00,0x49,0x00,0x49,0x00,0x49,0x00,0x49,0x00,0x49,0x00,0x49,0x00,0x49,
	0x00,0x49,0x00,0x49,0x00,0x49,0x00,0x49,0x00,0x49,0x00,0x49,0x00,0x49,0x00,0x49,0x00,0x49,0x00,0x49,0x00,0x49,0x00,0x49,0x00,0x49,0x00,0x49,0x00,0x49,0x00,0x49,0x00,0x49,0x00,0x49,0x00,0x49,0x00,0x49,0x00,0x49,0x00,0x49,0x00,0x49,0x00,0x49,0x00,0x49,0x00,0x49,0x00,0x49,0x00,0x49,0x00,0x49,0x00,0x49,0x00,0x49,0x00,0x49,
	0x00,0x49,0x00,0x49,0x00,0x49,0x00,0x49,0x00,0x49,0x00,0x49,0x00,0x49,0x00,0x49,0x00,0x49,0x00,0x49,0x00,0x49,0x00,0x49,0x00,0x49,0x00,0x49,0x00,0x49,0x00,0x49,0x00,0x49,0x00,0x49,0x00,0x49,0x00,0x49,0x00,0x49,0x00,0x49,0x00,0x49,0x00,0x49,0x00,0x49,0x00,0x49,0x00,0x49,0x00,0x49,0x00,0x49,0x00,0x49,0x00,0x49,0x00,0x49,
	0x00,0x49,0x00,0x49,0x00,0x49,0x00,0x49,0x00,0x49,0x00,0x49,0xE0,0x48,0xC0,0x38,0x60,0x18,0x00,0x08,0x00,0x00,0x00,0x00,0x00,0x00,0x00,0x00,0x00,0x00,0x00,0x00,0x00,0x00,0x00,0x00,0x00,0x00,0x00,0x00,0x00,0x00,0x00,0x00,0x00,0x00,0x00,0x00,0x00,0x00,0x00,0x00,0x60,0x20,0xC0,0x38,0x00,0x49,0x00,0x49,0x00,0x49,0x00,0x49,
	0x00,0x49,0x00,0x49,0x00,0x49,0x00,0x49,0x00,0x49,0x00,0x49,0x00,0x49,0x00,0x49,0x00,0x49,0x00,0x49,0x00,0x49,0x00,0x49,0x00,0x49,0x00,0x49,0x00,0x49,0x00,0x49,0x00,0x49,0x00,0x49,0x00,0x49,0x00,0x49,0x00,0x49,0x00,0x49,0x00,0x49,0x00,0x49,0x00,0x49,0x00,0x49,0x00,0x49,0x00,0x49,0x00,0x49,0x00,0x49,0x00,0x49,0x00,0x49,
	0x00,0x49,0x00,0x49,0x00,0x49,0x00,0x49,0x00,0x49,0x00,0x49,0x00,0x49,0x00,0x49,0x00,0x49,0x00,0x49,0x00,0x49,0x00,0x49,0x00,0x49,0x00,0x49,0x00,0x49,0x00,0x49,0x00,0x49,0x00,0x49,0x00,0x49,0x00,0x49,0x00,0x49,0x00,0x49,0x00,0x49,0x00,0x49,0x00,0x49,0x00,0x49,0x00,0x49,0x00,0x49,0x00,0x49,0x00,0x49,0x00,0x49,0x00,0x49,
	0x00,0x49,0x00,0x49,0x00,0x49,0x00,0x49,0x00,0x49,0x00,0x49,0x00,0x49,0x00,0x49,0x00,0x49,0x00,0x49,0x00,0x49,0x00,0x49,0x00,0x49,0x00,0x49,0x00,0x49,0x00,0x49,0x00,0x49,0x00,0x49,0x00,0x49,0x00,0x49,0x00,0x49,0x00,0x49,0x00,0x49,0x00,0x49,0x00,0x49,0x00,0x49,0x00,0x49,0x00,0x49,0x00,0x49,0x00,0x49,0x00,0x49,0x00,0x49,
	0x00,0x49,0x00,0x49,0x00,0x49,0x00,0x49,0x00,0x49,0x00,0x49,0x00,0x49,0x00,0x49,0x00,0x49,0x00,0x49,0x00,0x49,0x00,0x49,0x00,0x49,0x00,0x49,0x00,0x49,0x00,0x49,0x00,0x49,0x00,0x49,0x00,0x49,0x00,0x49,0x00,0x49,0x00,0x49,0x00,0x49,0x00,0x49,0x00,0x49,0x00,0x49,0x00,0x49,0x00,0x49,0x00,0x49,0x00,0x49,0x00,0x49,0x00,0x49,
	0x00,0x49,0x00,0x49,0x00,0x49,0x00,0x49,0x00,0x49,0x00,0x49,0x00,0x49,0x00,0x49,0x00,0x49,0x00,0x49,0x00,0x49,0x00,0x49,0x00,0x49,0x00,0x49,0x00,0x49,0x00,0x49,0x00,0x49,0x00,0x49,0x00,0x49,0x00,0x49,0x00,0x49,0x00,0x49,0x00,0x49,0x00,0x49,0x00,0x49,0x00,0x49,0x00,0x49,0x00,0x49,0x00,0x49,0x00,0x49,0x00,0x49,0x00,0x49,
	0x00,0x49,0x00,0x49,0x00,0x49,0x00,0x49,0x00,0x49,0x00,0x49,0x00,0x49,0x00,0x49,0x00,0x49,0x00,0x49,0x00,0x49,0x00,0x49,0x00,0x49,0x00,0x49,0x00,0x49,0x00,0x49,0x00,0x49,0x00,0x49,0x00,0x49,0x00,0x49,0x00,0x49,0x00,0x49,0x00,0x49,0x00,0x49,0x00,0x49,0x00,0x49,0x00,0x49,0x00,0x49,0x00,0x49,0x00,0x49,0x00,0x49,0x00,0x49,
	0x00,0x49,0x00,0x49,0x00,0x49,0x00,0x49,0x00,0x49,0x00,0x49,0x00,0x49,0x00,0x49,0x00,0x49,0x00,0x49,0x00,0x49,0x00,0x49,0x00,0x49,0x00,0x49,0x00,0x49,0x00,0x49,0x00,0x49,0x00,0x49,0x00,0x49,0x00,0x49,0x00,0x49,0x00,0x49,0x00,0x49,0x00,0x49,0x00,0x49,0x00,0x49,0x00,0x49,0x00,0x49,0x00,0x49,0x00,0x49,0x00,0x49,0x00,0x49,
	0x00,0x49,0x00,0x49,0x00,0x49,0x00,0x49,0x00,0x49,0x00,0x49,0x00,0x49,0x00,0x49,0x00,0x49,0x00,0x49,0x00,0x49,0x00,0x49,0x00,0x49,0x00,0x49,0x00,0x49,0x00,0x49,0x00,0x49,0x00,0x49,0x00,0x49,0x00,0x49,0x00,0x49,0x00,0x49,0x00,0x49,0x00,0x49,0x00,0x49,0x00,0x49,0x00,0x49,0x00,0x49,0x00,0x49,0x00,0x49,0x00,0x49,0x00,0x49,
	0x00,0x49,0x00,0x49,0x00,0x49,0x00,0x49,0x00,0x49,0x00,0x49,0x00,0x49,0x00,0x49,0x00,0x49,0x00,0x49,0x00,0x49,0x00,0x49,0x00,0x49,0x00,0x49,0x00,0x49,0x00,0x49,0x00,0x49,0x00,0x49,0x00,0x49,0x00,0x49,0x00,0x49,0x00,0x49,0x00,0x49,0x00,0x49,0x00,0x49,0x00,0x49,0x00,0x49,0x00,0x49,0x00,0x49,0x00,0x49,0x00,0x49,0x00,0x49,
	0x00,0x49,0x00,0x49,0x00,0x49,0x00,0x49,0x00,0x49,0x00,0x49,0x00,0x49,0x00,0x49,0x00,0x49,0x00,0x49,0x00,0x49,0x00,0x49,0x00,0x49,0x00,0x49,0x00,0x49,0x00,0x49,0x00,0x49,0x00,0x49,0x00,0x49,0x00,0x49,0x00,0x49,0x00,0x49,0x00,0x49,0x00,0x49,0x00,0x49,0x00,0x49,0x00,0x49,0x00,0x49,0x00,0x49,0x00,0x49,0x00,0x49,0x00,0x49,
	0x00,0x49,0x00,0x49,0x00,0x49,0x00,0x49,0x00,0x49,0x00,0x49,0x00,0x49,0x00,0x49,0x00,0x49,0x00,0x49,0x00,0x49,0x00,0x49,0x00,0x49,0x00,0x49,0x00,0x49,0x00,0x49,0x00,0x49,0x00,0x49,0x00,0x49,0x00,0x49,0x00,0x49,0x00,0x49,0x00,0x49,0x00,0x49,0x00,0x49,0x00,0x49,0x00,0x49,0x00,0x49,0x00,0x49,0xC0,0x38,0x60,0x20,0x00,0x00,
	0x00,0x00,0x00,0x00,0x00,0x00,0x00,0x00,0x00,0x00,0x00,0x00,0x00,0x00,0x00,0x00,0x00,0x00,0x00,0x00,0x00,0x00,0x00,0x00,0x00,0x00,0x00,0x08,0x60,0x18,0xC0,0x38,0xE0,0x48,0x00,0x49,0x00,0x49,0x00,0x49,0x00,0x49,0x00,0x49,0x00,0x49,0x00,0x49,0x00,0x49,0x00,0x49,0x00,0x49,0x00,0x49,0x00,0x49,0x00,0x49,0x00,0x49,0x00,0x49,
	0x00,0x49,0x00,0x49,0x00,0x49,0x00,0x49,0x00,0x49,0x00,0x49,0x00,0x49,0x00,0x49,0x00,0x49,0x00,0x49,0x00,0x49,0x00,0x49,0x00,0x49,0x00,0x49,0x00,0x49,0x00,0x49,0x00,0x49,0x00,0x49,0x00,0x49,0x00,0x49,0x00,0x49,0x00,0x49,0x00,0x49,0x00,0x49,0x00,0x49,0x00,0x49,0x00,0x49,0x00,0x49,0x00,0x49,0x00,0x49,0x00,0x49,0x00,0x49,
	0x00,0x49,0x00,0x49,0x00,0x49,0x00,0x49,0x00,0x49,0x00,0x49,0x00,0x49,0x00,0x49,0x00,0x49,0x00,0x49,0x00,0x49,0x00,0x49,0x00,0x49,0x00,0x49,0x00,0x49,0x00,0x49,0x00,0x49,0x00,0x49,0x00,0x49,0x00,0x49,0x00,0x49,0x00,0x49,0x00,0x49,0x00,0x49,0x00,0x49,0x00,0x49,0x00,0x49,0x00,0x49,0x00,0x49,0x00,0x49,0x00,0x49,0x00,0x49,
	0x00,0x49,0x00,0x49,0x00,0x49,0x00,0x49,0x00,0x49,0x00,0x49,0x00,0x49,0x00,0x49,0x00,0x49,0x00,0x49,0x00,0x49,0x00,0x49,0x00,0x49,0x00,0x49,0x00,0x49,0x00,0x49,0x00,0x49,0x00,0x49,0x00,0x49,0x00,0x49,0x00,0x49,0x00,0x49,0x00,0x49,0x00,0x49,0x00,0x49,0x00,0x49,0x00,0x49,0x00,0x49,0x00,0x49,0x00,0x49,0x00,0x49,0x00,0x49,
	0x00,0x49,0x00,0x49,0x00,0x49,0x00,0x49,0x00,0x49,0x00,0x49,0x00,0x49,0x00,0x49,0x00,0x49,0x00,0x49,0x00,0x49,0x00,0x49,0x00,0x49,0x00,0x49,0x00,0x49,0x00,0x49,0x00,0x49,0x00,0x49,0x00,0x49,0x00,0x49,0x00,0x49,0x00,0x49,0x00,0x49,0x00,0x49,0x00,0x49,0x00,0x49,0x00,0x49,0x00,0x49,0x00,0x49,0x00,0x49,0x00,0x49,0x00,0x49,
	0x00,0x49,0x00,0x49,0x00,0x49,0x00,0x49,0x00,0x49,0x00,0x49,0x00,0x49,0x00,0x49,0x00,0x49,0x00,0x49,0x00,0x49,0x00,0x49,0x00,0x49,0x00,0x49,0x00,0x49,0x00,0x49,0x00,0x49,0x00,0x49,0x00,0x49,0x00,0x49,0x00,0x49,0x00,0x49,0x00,0x49,0x00,0x49,0x00,0x49,0x00,0x49,0x00,0x49,0x00,0x49,0x00,0x49,0x00,0x49,0x00,0x49,0x00,0x49,
	0x00,0x49,0x00,0x49,0x00,0x49,0x00,0x49,0x00,0x49,0x00,0x49,0x00,0x49,0x00,0x49,0x00,0x49,0x00,0x49,0x00,0x49,0x00,0x49,0x00,0x49,0x00,0x49,0x00,0x49,0x00,0x49,0x00,0x49,0x00,0x49,0x00,0x49,0x00,0x49,0x00,0x49,0x00,0x49,0x00,0x49,0x00,0x49,0x00,0x49,0x00,0x49,0x00,0x49,0x00,0x49,0x00,0x49,0x00,0x49,0x00,0x49,0x00,0x49,
	0x00,0x49,0x00,0x49,0x00,0x49,0x00,0x49,0x00,0x49,0x00,0x49,0x00,0x49,0x00,0x49,0x00,0x49,0x00,0x49,0x00,0x49,0x00,0x49,0x00,0x49,0x00,0x49,0x00,0x49,0x00,0x49,0x00,0x49,0x00,0x49,0x00,0x49,0x00,0x49,0x00,0x49,0x00,0x49,0x00,0x49,0x00,0x49,0x00,0x49,0x00,0x49,0x00,0x49,0x00,0x49,0x00,0x49,0x00,0x49,0x00,0x49,0x00,0x49,
	0x00,0x49,0x00,0x49,0x00,0x49,0x00,0x49,0x00,0x49,0x00,0x49,0x00,0x49,0x00,0x49,0x00,0x49,0x00,0x49,0x00,0x49,0x00,0x49,0x00,0x49,0x00,0x49,0x00,0x49,0x00,0x49,0x00,0x49,0x00,0x49,0x00,0x49,0x00,0x49,0x00,0x49,0x00,0x49,0x00,0x49,0x00,0x49,0x00,0x49,0x00,0x49,0x00,0x49,0x00,0x49,0x00,0x49,0x00,0x49,0x00,0x49,0x00,0x49,
	0x00,0x49,0x00,0x49,0x00,0x49,0x00,0x49,0x00,0x49,0x00,0x49,0x00,0x49,0x00,0x49,0x00,0x49,0x00,0x49,0x00,0x49,0x00,0x49,0x00,0x49,0x00,0x49,0x00,0x49,0x00,0x49,0x00,0x49,0x00,0x49,0x00,0x49,0x00,0x49,0x00,0x49,0x00,0x49,0x00,0x49,0x00,0x49,0x00,0x49,0x00,0x49,0x00,0x49,0x00,0x49,0x00,0x49,0x00,0x49,0x00,0x49,0x00,0x49,
	0x00,0x49,0x00,0x49,0x00,0x49,0x00,0x49,0x00,0x49,0x00,0x49,0x00,0x49,0x00,0x49,0x00,0x49,0x00,0x49,0x00,0x49,0x00,0x49,0x00,0x49,0x00,0x49,0x00,0x49,0x00,0x49,0x00,0x49,0x00,0x49,0x00,0x49,0x00,0x49,0x00,0x49,0x00,0x49,0x00,0x49,0x00,0x49,0x00,0x49,0x00,0x49,0x00,0x49,0x00,0x49,0x00,0x49,0x00,0x49,0x00,0x49,0x00,0x49,
	0x00,0x49,0x00,0x49,0x00,0x49,0x00,0x49,0x00,0x49,0x00,0x49,0x00,0x49,0x00,0x49,0x00,0x49,0x00,0x49,0x00,0x49,0x00,0x49,0x00,0x49,0x00,0x49,0x00,0x49,0x00,0x49,0x00,0x49,0x00,0x49,0xE0,0x48,0xC0,0x38,0x60,0x18,0x00,0x08,0x00,0x00,0x00,0x00,0x00,0x00,0x00,0x00,0x00,0x00,0x00,0x00,0x00,0x00,0x00,0x00,0x00,0x00,0x00,0x00,
	0x00,0x00,0x00,0x00,0x40,0x18,0xC0,0x30,0xE0,0x40,0x00,0x49,0x00,0x49,0x00,0x49,0x00,0x49,0x00,0x49,0x00,0x49,0x00,0x49,0x00,0x49,0x00,0x49,0x00,0x49,0x00,0x49,0x00,0x49,0x00,0x49,0x00,0x49,0x00,0x49,0x00,0x49,0x00,0x49,0x00,0x49,0x00,0x49,0x00,0x49,0x00,0x49,0x00,0x49,0x00,0x49,0x00,0x49,0x00,0x49,0x00,0x49,0x00,0x49,
	0x00,0x49,0x00,0x49,0x00,0x49,0x00,0x49,0x00,0x49,0x00,0x49,0x00,0x49,0x00,0x49,0x00,0x49,0x00,0x49,0x00,0x49,0x00,0x49,0x00,0x49,0x00,0x49,0x00,0x49,0x00,0x49,0x00,0x49,0x00,0x49,0x00,0x49,0x00,0x49,0x00,0x49,0x00,0x49,0x00,0x49,0x00,0x49,0x00,0x49,0x00,0x49,0x00,0x49,0x00,0x49,0x00,0x49,0x00,0x49,0x00,0x49,0x00,0x49,
	0x00,0x49,0x00,0x49,0x00,0x49,0x00,0x49,0x00,0x49,0x00,0x49,0x00,0x49,0x00,0x49,0x00,0x49,0x00,0x49,0x00,0x49,0x00,0x49,0x00,0x49,0x00,0x49,0x00,0x49,0x00,0x49,0x00,0x49,0x00,0x49,0x00,0x49,0x00,0x49,0x00,0x49,0x00,0x49,0x00,0x49,0x00,0x49,0x00,0x49,0x00,0x49,0x00,0x49,0x00,0x49,0x00,0x49,0x00,0x49,0x00,0x49,0x00,0x49,
	0x00,0x49,0x00,0x49,0x00,0x49,0x00,0x49,0x00,0x49,0x00,0x49,0x00,0x49,0x00,0x49,0x00,0x49,0x00,0x49,0x00,0x49,0x00,0x49,0x00,0x49,0x00,0x49,0x00,0x49,0x00,0x49,0x00,0x49,0x00,0x49,0x00,0x49,0x00,0x49,0x00,0x49,0x00,0x49,0x00,0x49,0x00,0x49,0x00,0x49,0x00,0x49,0x00,0x49,0x00,0x49,0x00,0x49,0x00,0x49,0x00,0x49,0x00,0x49,
	0x00,0x49,0x00,0x49,0x00,0x49,0x00,0x49,0x00,0x49,0x00,0x49,0x00,0x49,0x00,0x49,0x00,0x49,0x00,0x49,0x00,0x49,0x00,0x49,0x00,0x49,0x00,0x49,0x00,0x49,0x00,0x49,0x00,0x49,0x00,0x49,0x00,0x49,0x00,0x49,0x00,0x49,0x00,0x49,0x00,0x49,0x00,0x49,0x00,0x49,0x00,0x49,0x00,0x49,0x00,0x49,0x00,0x49,0x00,0x49,0x00,0x49,0x00,0x49,
	0x00,0x49,0x00,0x49,0x00,0x49,0x00,0x49,0x00,0x49,0x00,0x49,0x00,0x49,0x00,0x49,0x00,0x49,0x00,0x49,0x00,0x49,0x00,0x49,0x00,0x49,0x00,0x49,0x00,0x49,0x00,0x49,0x00,0x49,0x00,0x49,0x00,0x49,0x00,0x49,0x00,0x49,0x00,0x49,0x00,0x49,0x00,0x49,0x00,0x49,0x00,0x49,0x00,0x49,0x00,0x49,0x00,0x49,0x00,0x49,0x00,0x49,0x00,0x49,
	0x00,0x49,0x00,0x49,0x00,0x49,0x00,0x49,0x00,0x49,0x00,0x49,0x00,0x49,0x00,0x49,0x00,0x49,0x00,0x49,0x00,0x49,0x00,0x49,0x00,0x49,0x00,0x49,0x00,0x49,0x00,0x49,0x00,0x49,0x00,0x49,0x00,0x49,0x00,0x49,0x00,0x49,0x00,0x49,0x00,0x49,0x00,0x49,0x00,0x49,0x00,0x49,0x00,0x49,0x00,0x49,0x00,0x49,0x00,0x49,0x00,0x49,0x00,0x49,
	0x00,0x49,0x00,0x49,0x00,0x49,0x00,0x49,0x00,0x49,0x00,0x49,0x00,0x49,0x00,0x49,0x00,0x49,0x00,0x49,0x00,0x49,0x00,0x49,0x00,0x49,0x00,0x49,0x00,0x49,0x00,0x49,0x00,0x49,0x00,0x49,0x00,0x49,0x00,0x49,0x00,0x49,0x00,0x49,0x00,0x49,0x00,0x49,0x00,0x49,0x00,0x49,0x00,0x49,0x00,0x49,0x00,0x49,0x00,0x49,0x00,0x49,0x00,0x49,
	0x00,0x49,0x00,0x49,0x00,0x49,0x00,0x49,0x00,0x49,0x00,0x49,0x00,0x49,0x00,0x49,0x00,0x49,0x00,0x49,0x00,0x49,0x00,0x49,0xE0,0x48,0xE0,0x48,0xE0,0x48,0xE0,0x48,0xE0,0x48,0xE0,0x40,0xE0,0x40,0xE0,0x40,0xE0,0x40,0xE0,0x40,0xE0,0x40,0xE0,0x40,0xE0,0x48,0xE0,0x48,0xE0,0x48,0xE0,0x48,0xE0,0x48,0xE0,0x48,0x00,0x49,0x00,0x49,
	0x00,0x49,0x00,0x49,0x00,0x49,0x00,0x49,0x00,0x49,0x00,0x49,0x00,0x49,0x00,0x49,0x00,0x49,0x00,0x49,0x00,0x49,0x00,0x49,0x00,0x49,0x00,0x49,0x00,0x49,0x00,0x49,0x00,0x49,0x00,0x49,0x00,0x49,0x00,0x49,0x00,0x49,0x00,0x49,0x00,0x49,0x00,0x49,0x00,0x49,0x00,0x49,0x00,0x49,0x00,0x49,0x00,0x49,0x00,0x49,0x00,0x49,0x00,0x49,
	0x00,0x49,0x00,0x49,0x00,0x49,0x00,0x49,0x00,0x49,0x00,0x49,0x00,0x49,0x00,0x49,0x00,0x49,0x00,0x49,0x00,0x49,0x00,0x49,0x00,0x49,0x00,0x49,0x00,0x49,0x00,0x49,0x00,0x49,0x00,0x49,0x00,0x49,0x00,0x49,0x00,0x49,0x00,0x49,0x00,0x49,0x00,0x49,0x00,0x49,0x00,0x49,0x00,0x49,0x00,0x49,0x00,0x49,0x00,0x49,0x00,0x49,0x00,0x49,
	0x00,0x49,0x00,0x49,0x00,0x49,0x00,0x49,0x00,0x49,0x00,0x49,0x00,0x49,0x00,0x49,0xE0,0x40,0xC0,0x30,0x40,0x18,0x00,0x00,0x00,0x00,0x00,0x00,0x00,0x00,0x00,0x00,0x00,0x00,0x00,0x00,0x00,0x00,0x00,0x00,0x00,0x00,0x00,0x00,0x20,0x08,0x80,0x28,0x00,0x49,0x00,0x49,0x00,0x49,0x00,0x49,0x00,0x49,0x00,0x49,0x00,0x49,0x00,0x49,
	0x00,0x49,0x00,0x49,0x00,0x49,0x00,0x49,0x00,0x49,0x00,0x49,0x00,0x49,0x00,0x49,0x00,0x49,0x00,0x49,0x00,0x49,0x00,0x49,0x00,0x49,0x00,0x49,0x00,0x49,0x00,0x49,0x00,0x49,0x00,0x49,0x00,0x49,0x00,0x49,0x00,0x49,0x00,0x49,0x00,0x49,0x00,0x49,0x00,0x49,0x00,0x49,0x00,0x49,0x00,0x49,0x00,0x49,0x00,0x49,0x00,0x49,0x00,0x49,
	0x00,0x49,0x00,0x49,0x00,0x49,0x00,0x49,0x00,0x49,0x00,0x49,0x00,0x49,0x00,0x49,0x00,0x49,0x00,0x49,0x00,0x49,0x00,0x49,0x00,0x49,0x00,0x49,0x00,0x49,0x00,0x49,0x00,0x49,0x00,0x49,0x00,0x49,0x00,0x49,0x00,0x49,0x00,0x49,0x00,0x49,0x00,0x49,0x00,0x49,0x00,0x49,0x00,0x49,0x00,0x49,0x00,0x49,0x00,0x49,0x00,0x49,0x00,0x49,
	0x00,0x49,0x00,0x49,0x00,0x49,0x00,0x49,0x00,0x49,0x00,0x49,0x00,0x49,0x00,0x49,0x00,0x49,0x00,0x49,0x00,0x49,0x00,0x49,0x00,0x49,0x00,0x49,0x00,0x49,0x00,0x49,0x00,0x49,0x00,0x49,0x00,0x49,0x00,0x49,0x00,0x49,0x00,0x49,0x00,0x49,0x00,0x49,0x00,0x49,0x00,0x49,0x00,0x49,0x00,0x49,0x00,0x49,0x00,0x49,0x00,0x49,0x00,0x49,
	0x00,0x49,0x00,0x49,0x00,0x49,0x00,0x49,0x00,0x49,0x00,0x49,0x00,0x49,0x00,0x49,0x00,0x49,0x00,0x49,0x00,0x49,0x00,0x49,0x00,0x49,0x00,0x49,0x00,0x49,0x00,0x49,0x00,0x49,0x00,0x49,0x00,0x49,0x00,0x49,0x00,0x49,0x00,0x49,0x00,0x49,0x00,0x49,0x00,0x49,0x00,0x49,0x00,0x49,0x00,0x49,0x00,0x49,0x00,0x49,0x00,0x49,0x00,0x49,
	0x00,0x49,0x00,0x49,0x00,0x49,0x00,0x49,0x00,0x49,0x00,0x49,0x00,0x49,0x00,0x49,0x00,0x49,0x00,0x49,0x00,0x49,0x00,0x49,0x00,0x49,0x00,0x49,0x00,0x49,0x00,0x49,0x00,0x49,0x00,0x49,0x00,0x49,0x00,0x49,0x00,0x49,0x00,0x49,0x00,0x49,0x00,0x49,0x00,0x49,0x00,0x49,0x00,0x49,0x00,0x49,0x00,0x49,0x00,0x49,0x00,0x49,0x00,0x49,
	0x00,0x49,0x00,0x49,0x00,0x49,0x00,0x49,0x00,0x49,0x00,0x49,0x00,0x49,0x00,0x49,0x00,0x49,0x00,0x49,0x00,0x49,0x00,0x49,0x00,0x49,0x00,0x49,0x00,0x49,0x00,0x49,0x00,0x49,0x00,0x49,0x00,0x49,0x00,0x49,0x00,0x49,0x00,0x49,0x00,0x49,0x00,0x49,0x00,0x49,0x00,0x49,0x00,0x49,0x00,0x49,0x00,0x49,0x00,0x49,0x00,0x49,0x00,0x49,
	0x00,0x49,0x00,0x49,0x00,0x49,0x00,0x49,0x00,0x49,0x00,0x49,0x00,0x49,0x00,0x49,0x00,0x49,0x00,0x49,0x00,0x49,0x00,0x49,0x00,0x49,0x00,0x49,0x00,0x49,0x00,0x49,0x00,0x49,0x00,0x49,0x00,0x49,0x00,0x49,0x00,0x49,0x00,0x49,0x00,0x49,0x00,0x49,0x00,0x49,0x00,0x49,0x00,0x49,0x00,0x49,0x00,0x49,0x00,0x49,0x00,0x49,0x00,0x49,
	0x00,0x49,0x00,0x49,0x00,0x49,0x00,0x49,0x00,0x49,0x00,0x49,0x00,0x49,0x00,0x49,0x00,0x49,0x00,0x49,0x00,0x49,0x00,0x49,0x00,0x49,0x00,0x49,0x00,0x49,0x00,0x49,0x00,0x49,0x00,0x49,0x00,0x49,0x00,0x49,0x00,0x49,0x00,0x49,0x00,0x49,0x00,0x49,0x00,0x49,0x00,0x49,0x00,0x49,0x00,0x49,0x00,0x49,0xE0,0x40,0xE0,0x40,0xE0,0x40,
	0xE0,0x40,0xE0,0x40,0xE0,0x40,0xE0,0x40,0xE0,0x40,0xE0,0x40,0xE0,0x40,0xE0,0x40,0xE0,0x40,0xE0,0x40,0xE0,0x40,0xE0,0x40,0xE0,0x40,0xE0,0x40,0xE0,0x40,0xE0,0x40,0xE0,0x40,0xE0,0x40,0xE0,0x40,0xE0,0x40,0xE0,0x40,0xE0,0x40,0xE0,0x48,0x00,0x49,0x00,0x49,0x00,0x49,0x00,0x49,0x00,0x49,0x00,0x49,0x00,0x49,0x00,0x49,0x00,0x49,
	0x00,0x49,0x00,0x49,0x00,0x49,0x00,0x49,0x00,0x49,0x00,0x49,0x00,0x49,0x00,0x49,0x00,0x49,0x00,0x49,0x00,0x49,0x00,0x49,0x00,0x49,0x00,0x49,0x00,0x49,0x00,0x49,0x00,0x49,0x00,0x49,0x00,0x49,0x00,0x49,0x00,0x49,0x00,0x49,0x00,0x49,0x00,0x49,0x00,0x49,0x00,0x49,0x00,0x49,0x00,0x49,0x00,0x49,0x00,0x49,0x00,0x49,0x00,0x49,
	0x00,0x49,0x00,0x49,0x00,0x49,0x00,0x49,0x00,0x49,0x00,0x49,0x00,0x49,0x00,0x49,0x00,0x49,0x00,0x49,0x00,0x49,0x00,0x49,0x00,0x49,0x00,0x49,0x00,0x49,0x00,0x49,0x00,0x49,0x00,0x49,0x00,0x49,0x00,0x49,0x00,0x49,0x00,0x49,0x00,0x49,0x00,0x49,0x00,0x49,0x00,0x49,0x00,0x49,0x00,0x49,0x00,0x49,0x00,0x49,0x00,0x49,0x80,0x28,
	0x20,0x08,0x00,0x00,0x00,0x00,0x00,0x00,0x00,0x00,0x00,0x00,0x00,0x00,0x00,0x00,0x00,0x00,0x00,0x00,0x00,0x00,0x60,0x20,0xC0,0x40,0x00,0x49,0x00,0x49,0x00,0x49,0x00,0x49,0x00,0x49,0x00,0x49,0x00,0x49,0x00,0x49,0x00,0x49,0x00,0x49,0x00,0x49,0x00,0x49,0x00,0x49,0x00,0x49,0x00,0x49,0x00,0x49,0x00,0x49,0x00,0x49,0x00,0x49,
	0x00,0x49,0x00,0x49,0x00,0x49,0x00,0x49,0x00,0x49,0x00,0x49,0x00,0x49,0x00,0x49,0x00,0x49,0x00,0x49,0x00,0x49,0x00,0x49,0x00,0x49,0x00,0x49,0x00,0x49,0x00,0x49,0x00,0x49,0x00,0x49,0x00,0x49,0x00,0x49,0x00,0x49,0x00,0x49,0x00,0x49,0x00,0x49,0x00,0x49,0x00,0x49,0x00,0x49,0x00,0x49,0x00,0x49,0x00,0x49,0x00,0x49,0x00,0x49,
	0x00,0x49,0x00,0x49,0x00,0x49,0x00,0x49,0x00,0x49,0x00,0x49,0x00,0x49,0x00,0x49,0x00,0x49,0x00,0x49,0x00,0x49,0x00,0x49,0x00,0x49,0x00,0x49,0x00,0x49,0x00,0x49,0x00,0x49,0x00,0x49,0x00,0x49,0x00,0x49,0x00,0x49,0x00,0x49,0x00,0x49,0x00,0x49,0x00,0x49,0x00,0x49,0x00,0x49,0x00,0x49,0x00,0x49,0x00,0x49,0x00,0x49,0x00,0x49,
	0x00,0x49,0x00,0x49,0x00,0x49,0x00,0x49,0x00,0x49,0x00,0x49,0x00,0x49,0x00,0x49,0x00,0x49,0x00,0x49,0x00,0x49,0x00,0x49,0x00,0x49,0x00,0x49,0x00,0x49,0x00,0x49,0x00,0x49,0x00,0x49,0x00,0x49,0x00,0x49,0x00,0x49,0x00,0x49,0x00,0x49,0x00,0x49,0x00,0x49,0x00,0x49,0x00,0x49,0x00,0x49,0x00,0x49,0x00,0x49,0x00,0x49,0x00,0x49,
	0x00,0x49,0x00,0x49,0x00,0x49,0x00,0x49,0x00,0x49,0x00,0x49,0x00,0x49,0x00,0x49,0x00,0x49,0x00,0x49,0x00,0x49,0x00,0x49,0x00,0x49,0x00,0x49,0x00,0x49,0x00,0x49,0x00,0x49,0x00,0x49,0x00,0x49,0x00,0x49,0x00,0x49,0x00,0x49,0x00,0x49,0x00,0x49,0x00,0x49,0x00,0x49,0x00,0x49,0x00,0x49,0x00,0x49,0x00,0x49,0x00,0x49,0x00,0x49,
	0x00,0x49,0x00,0x49,0x00,0x49,0x00,0x49,0x00,0x49,0x00,0x49,0x00,0x49,0x00,0x49,0x00,0x49,0x00,0x49,0x00,0x49,0x00,0x49,0x00,0x49,0x00,0x49,0x00,0x49,0x00,0x49,0x00,0x49,0x00,0x49,0x00,0x49,0x00,0x49,0x00,0x49,0x00,0x49,0x00,0x49,0x00,0x49,0x00,0x49,0x00,0x49,0x00,0x49,0x00,0x49,0x00,0x49,0x00,0x49,0x00,0x49,0x00,0x49,
	0x00,0x49,0x00,0x49,0x00,0x49,0x00,0x49,0x00,0x49,0x00,0x49,0x00,0x49,0x00,0x49,0x00,0x49,0x00,0x49,0x00,0x49,0x00,0x49,0x00,0x49,0x00,0x49,0x00,0x49,0x00,0x49,0x00,0x49,0x00,0x49,0x00,0x49,0x00,0x49,0x00,0x49,0x00,0x49,0x00,0x49,0x00,0x49,0x00,0x49,0x00,0x49,0x00,0x49,0x00,0x49,0x00,0x49,0x00,0x49,0x00,0x49,0x00,0x49,
	0x00,0x49,0x00,0x49,0x00,0x49,0x00,0x49,0x00,0x49,0x00,0x49,0x00,0x49,0x00,0x49,0x00,0x49,0x00,0x49,0x00,0x49,0x00,0x49,0x00,0x49,0x00,0x49,0x00,0x49,0x00,0x49,0x00,0x49,0x00,0x49,0x00,0x49,0x00,0x49,0x00,0x49,0x00,0x49,0x00,0x49,0x00,0x49,0x00,0x49,0x00,0x49,0x00,0x49,0x00,0x49,0x00,0x49,0x00,0x49,0x00,0x49,0x00,0x49,
	0x00,0x49,0x00,0x49,0x00,0x49,0x00,0x49,0x00,0x49,0x00,0x49,0x00,0x49,0x00,0x49,0x00,0x49,0x00,0x49,0x00,0x49,0x00,0x49,0xE0,0x40,0xE0,0x40,0xE0,0x40,0xE0,0x40,0xE0,0x40,0xE0,0x48,0x00,0x59,0x40,0x59,0x20,0x61,0x20,0x69,0x60,0x71,0x80,0x81,0x80,0x81,0xC0,0x89,0x80,0x89,0xC0,0x89,0xC0,0x89,0xC0,0x89,0xC0,0x89,0xC0,0x89,
	0xC0,0x89,0xC0,0x89,0xC0,0x89,0xC0,0x89,0x80,0x81,0x80,0x81,0x60,0x71,0x60,0x71,0x60,0x69,0x20,0x61,0x20,0x59,0x00,0x49,0xE0,0x40,0xE0,0x40,0xE0,0x40,0xE0,0x40,0xE0,0x40,0xE0,0x48,0x00,0x49,0x00,0x49,0x00,0x49,0x00,0x49,0x00,0x49,0x00,0x49,0x00,0x49,0x00,0x49,0x00,0x49,0x00,0x49,0x00,0x49,0x00,0x49,0x00,0x49,0x00,0x49,
	0x00,0x49,0x00,0x49,0x00,0x49,0x00,0x49,0x00,0x49,0x00,0x49,0x00,0x49,0x00,0x49,0x00,0x49,0x00,0x49,0x00,0x49,0x00,0x49,0x00,0x49,0x00,0x49,0x00,0x49,0x00,0x49,0x00,0x49,0x00,0x49,0x00,0x49,0x00,0x49,0x00,0x49,0x00,0x49,0x00,0x49,0x00,0x49,0x00,0x49,0x00,0x49,0x00,0x49,0x00,0x49,0x00,0x49,0x00,0x49,0x00,0x49,0x00,0x49,
	0x00,0x49,0x00,0x49,0x00,0x49,0x00,0x49,0x00,0x49,0x00,0x49,0x00,0x49,0x00,0x49,0x00,0x49,0x00,0x49,0x00,0x49,0x00,0x49,0x00,0x49,0x00,0x49,0x00,0x49,0x00,0x49,0x00,0x49,0x00,0x49,0x00,0x49,0x00,0x49,0xE0,0x40,0x80,0x28,0x00,0x00,0x00,0x00,0x00,0x00,0x00,0x00,0x00,0x00,0x00,0x00,0x00,0x00,0x00,0x00,0x00,0x00,0x20,0x10,
	0xC0,0x38,0x00,0x49,0x00,0x49,0x00,0x49,0x00,0x49,0x00,0x49,0x00,0x49,0x00,0x49,0x00,0x49,0x00,0x49,0x00,0x49,0x00,0x49,0x00,0x49,0x00,0x49,0x00,0x49,0x00,0x49,0x00,0x49,0x00,0x49,0x00,0x49,0x00,0x49,0x00,0x49,0x00,0x49,0x00,0x49,0x00,0x49,0x00,0x49,0x00,0x49,0x00,0x49,0x00,0x49,0x00,0x49,0x00,0x49,0x00,0x49,0x00,0x49,
	0x00,0x49,0x00,0x49,0x00,0x49,0x00,0x49,0x00,0x49,0x00,0x49,0x00,0x49,0x00,0x49,0x00,0x49,0x00,0x49,0x00,0x49,0x00,0x49,0x00,0x49,0x00,0x49,0x00,0x49,0x00,0x49,0x00,0x49,0x00,0x49,0x00,0x49,0x00,0x49,0x00,0x49,0x00,0x49,0x00,0x49,0x00,0x49,0x00,0x49,0x00,0x49,0x00,0x49,0x00,0x49,0x00,0x49,0x00,0x49,0x00,0x49,0x00,0x49,
	0x00,0x49,0x00,0x49,0x00,0x49,0x00,0x49,0x00,0x49,0x00,0x49,0x00,0x49,0x00,0x49,0x00,0x49,0x00,0x49,0x00,0x49,0x00,0x49,0x00,0x49,0x00,0x49,0x00,0x49,0x00,0x49,0x00,0x49,0x00,0x49,0x00,0x49,0x00,0x49,0x00,0x49,0x00,0x49,0x00,0x49,0x00,0x49,0x00,0x49,0x00,0x49,0x00,0x49,0x00,0x49,0x00,0x49,0x00,0x49,0x00,0x49,0x00,0x49,
	0x00,0x49,0x00,0x49,0x00,0x49,0x00,0x49,0x00,0x49,0x00,0x49,0x00,0x49,0x00,0x49,0x00,0x49,0x00,0x49,0x00,0x49,0x00,0x49,0x00,0x49,0x00,0x49,0x00,0x49,0x00,0x49,0x00,0x49,0x00,0x49,0x00,0x49,0x00,0x49,0x00,0x49,0x00,0x49,0x00,0x49,0x00,0x49,0x00,0x49,0x00,0x49,0x00,0x49,0x00,0x49,0x00,0x49,0x00,0x49,0x00,0x49,0x00,0x49,
	0x00,0x49,0x00,0x49,0x00,0x49,0x00,0x49,0x00,0x49,0x00,0x49,0x00,0x49,0x00,0x49,0x00,0x49,0x00,0x49,0x00,0x49,0x00,0x49,0x00,0x49,0x00,0x49,0x00,0x49,0x00,0x49,0x00,0x49,0x00,0x49,0x00,0x49,0x00,0x49,0x00,0x49,0x00,0x49,0x00,0x49,0x00,0x49,0x00,0x49,0x00,0x49,0x00,0x49,0x00,0x49,0x00,0x49,0x00,0x49,0x00,0x49,0x00,0x49,
	0x00,0x49,0x00,0x49,0x00,0x49,0x00,0x49,0x00,0x49,0x00,0x49,0x00,0x49,0x00,0x49,0x00,0x49,0x00,0x49,0x00,0x49,0x00,0x49,0x00,0x49,0x00,0x49,0x00,0x49,0x00,0x49,0x00,0x49,0x00,0x49,0x00,0x49,0x00,0x49,0x00,0x49,0x00,0x49,0x00,0x49,0x00,0x49,0x00,0x49,0x00,0x49,0x00,0x49,0x00,0x49,0x00,0x49,0x00,0x49,0x00,0x49,0x00,0x49,
	0x00,0x49,0x00,0x49,0x00,0x49,0x00,0x49,0x00,0x49,0x00,0x49,0x00,0x49,0x00,0x49,0x00,0x49,0x00,0x49,0x00,0x49,0x00,0x49,0x00,0x49,0x00,0x49,0x00,0x49,0x00,0x49,0x00,0x49,0x00,0x49,0x00,0x49,0x00,0x49,0x00,0x49,0x00,0x49,0x00,0x49,0x00,0x49,0x00,0x49,0x00,0x49,0x00,0x49,0x00,0x49,0x00,0x49,0x00,0x49,0x00,0x49,0x00,0x49,
	0x00,0x49,0x00,0x49,0x00,0x49,0x00,0x49,0x00,0x49,0x00,0x49,0x00,0x49,0x00,0x49,0x00,0x49,0x00,0x49,0x00,0x49,0x00,0x49,0x00,0x49,0x00,0x49,0x00,0x49,0x00,0x49,0x00,0x49,0x00,0x49,0x00,0x49,0x00,0x49,0x00,0x49,0x00,0x49,0x00,0x49,0x00,0x49,0x00,0x49,0x00,0x49,0x00,0x49,0x00,0x49,0x00,0x49,0x00,0x49,0x00,0x49,0x00,0x49,
	0x00,0x49,0x00,0x49,0x00,0x49,0x00,0x49,0x00,0x49,0x00,0x51,0x20,0x61,0x60,0x71,0x80,0x89,0x80,0x99,0xC0,0xA1,0xE0,0xB1,0x80,0xD2,0x80,0xD2,0xA0,0xDA,0xA0,0xDA,0xA1,0xEA,0xA1,0xEA,0xC1,0xF2,0xE1,0xF2,0xE1,0xF2,0xE1,0xEA,0xE1,0xE2,0xE1,0xE2,0xA0,0xDA,0x80,0xD2,0x80,0xD2,0x40,0xC2,0x41,0xB2,0x00,0x9A,0x00,0x92,0xC0,0x81,
	0x60,0x69,0x20,0x51,0x00,0x51,0x00,0x49,0x00,0x49,0x00,0x49,0x00,0x49,0x00,0x49,0x00,0x49,0x00,0x49,0x00,0x49,0x00,0x49,0x00,0x49,0x00,0x49,0x00,0x49,0x00,0x49,0x00,0x49,0x00,0x49,0x00,0x49,0x00,0x49,0x00,0x49,0x00,0x49,0x00,0x49,0x00,0x49,0x00,0x49,0x00,0x49,0x00,0x49,0x00,0x49,0x00,0x49,0x00,0x49,0x00,0x49,0x00,0x49,
	0x00,0x49,0x00,0x49,0x00,0x49,0x00,0x49,0x00,0x49,0x00,0x49,0x00,0x49,0x00,0x49,0x00,0x49,0x00,0x49,0x00,0x49,0x00,0x49,0x00,0x49,0x00,0x49,0x00,0x49,0x00,0x49,0x00,0x49,0x00,0x49,0x00,0x49,0x00,0x49,0x00,0x49,0x00,0x49,0x00,0x49,0x00,0x49,0x00,0x49,0x00,0x49,0x00,0x49,0x00,0x49,0x00,0x49,0x00,0x49,0x00,0x49,0x00,0x49,
	0x00,0x49,0x00,0x49,0x00,0x49,0x00,0x49,0x00,0x49,0x00,0x49,0x00,0x49,0x00,0x49,0x00,0x49,0x00,0x49,0xC0,0x40,0x20,0x10,0x00,0x00,0x00,0x00,0x00,0x00,0x00,0x00,0x00,0x00,0x00,0x00,0x00,0x00,0x20,0x10,0x80,0x28,0xE0,0x40,0x00,0x49,0x00,0x49,0x00,0x49,0x00,0x49,0x00,0x49,0x00,0x49,0x00,0x49,0x00,0x49,0x00,0x49,0x00,0x49,
	0x00,0x49,0x00,0x49,0x00,0x49,0x00,0x49,0x00,0x49,0x00,0x49,0x00,0x49,0x00,0x49,0x00,0x49,0x00,0x49,0x00,0x49,0x00,0x49,0x00,0x49,0x00,0x49,0x00,0x49,0x00,0x49,0x00,0x49,0x00,0x49,0x00,0x49,0x00,0x49,0x00,0x49,0x00,0x49,0x00,0x49,0x00,0x49,0x00,0x49,0x00,0x49,0x00,0x49,0x00,0x49,0x00,0x49,0x00,0x49,0x00,0x49,0x00,0x49,
	0x00,0x49,0x00,0x49,0x00,0x49,0x00,0x49,0x00,0x49,0x00,0x49,0x00,0x49,0x00,0x49,0x00,0x49,0x00,0x49,0x00,0x49,0x00,0x49,0x00,0x49,0x00,0x49,0x00,0x49,0x00,0x49,0x00,0x49,0x00,0x49,0x00,0x49,0x00,0x49,0x00,0x49,0x00,0x49,0x00,0x49,0x00,0x49,0x00,0x49,0x00,0x49,0x00,0x49,0x00,0x49,0x00,0x49,0x00,0x49,0x00,0x49,0x00,0x49,
	0x00,0x49,0x00,0x49,0x00,0x49,0x00,0x49,0x00,0x49,0x00,0x49,0x00,0x49,0x00,0x49,0x00,0x49,0x00,0x49,0x00,0x49,0x00,0x49,0x00,0x49,0x00,0x49,0x00,0x49,0x00,0x49,0x00,0x49,0x00,0x49,0x00,0x49,0x00,0x49,0x00,0x49,0x00,0x49,0x00,0x49,0x00,0x49,0x00,0x49,0x00,0x49,0x00,0x49,0x00,0x49,0x00,0x49,0x00,0x49,0x00,0x49,0x00,0x49,
	0x00,0x49,0x00,0x49,0x00,0x49,0x00,0x49,0x00,0x49,0x00,0x49,0x00,0x49,0x00,0x49,0x00,0x49,0x00,0x49,0x00,0x49,0x00,0x49,0x00,0x49,0x00,0x49,0x00,0x49,0x00,0x49,0x00,0x49,0x00,0x49,0x00,0x49,0x00,0x49,0x00,0x49,0x00,0x49,0x00,0x49,0x00,0x49,0x00,0x49,0x00,0x49,0x00,0x49,0x00,0x49,0x00,0x49,0x00,0x49,0x00,0x49,0x00,0x49,
	0x00,0x49,0x00,0x49,0x00,0x49,0x00,0x49,0x00,0x49,0x00,0x49,0x00,0x49,0x00,0x49,0x00,0x49,0x00,0x49,0x00,0x49,0x00,0x49,0x00,0x49,0x00,0x49,0x00,0x49,0x00,0x49,0x00,0x49,0x00,0x49,0x00,0x49,0x00,0x49,0x00,0x49,0x00,0x49,0x00,0x49,0x00,0x49,0x00,0x49,0x00,0x49,0x00,0x49,0x00,0x49,0x00,0x49,0x00,0x49,0x00,0x49,0x00,0x49,
	0x00,0x49,0x00,0x49,0x00,0x49,0x00,0x49,0x00,0x49,0x00,0x49,0x00,0x49,0x00,0x49,0x00,0x49,0x00,0x49,0x00,0x49,0x00,0x49,0x00,0x49,0x00,0x49,0x00,0x49,0x00,0x49,0x00,0x49,0x00,0x49,0x00,0x49,0x00,0x49,0x00,0x49,0x00,0x49,0x00,0x49,0x00,0x49,0x00,0x49,0x00,0x49,0x00,0x49,0x00,0x49,0x00,0x49,0x00,0x49,0x00,0x49,0x00,0x49,
	0x00,0x49,0x00,0x49,0x00,0x49,0x00,0x49,0x00,0x49,0x00,0x49,0x00,0x49,0x00,0x49,0x00,0x49,0x00,0x49,0x00,0x49,0x00,0x49,0x00,0x49,0x00,0x49,0x00,0x49,0x00,0x49,0x00,0x49,0x00,0x49,0x00,0x49,0x00,0x49,0x00,0x49,0x00,0x49,0x00,0x49,0x00,0x49,0x00,0x49,0x00,0x49,0x00,0x49,0x00,0x49,0x00,0x49,0x00,0x49,0x00,0x49,0x00,0x49,
	0x00,0x49,0x00,0x49,0x00,0x49,0x00,0x49,0x00,0x49,0x00,0x49,0x00,0x49,0x00,0x49,0x00,0x49,0x00,0x49,0x00,0x49,0x00,0x49,0x00,0x49,0x00,0x49,0x00,0x49,0x00,0x49,0x00,0x49,0xE0,0x40,0xE0,0x40,0xE0,0x38,0xE0,0x40,0x00,0x51,0x20,0x69,0x60,0x81,0x80,0x99,0xC0,0xB1,0xE0,0xB1,0x40,0xC2,0x40,0xC2,0x80,0xD2,0x80,0xD2,0xA0,0xDA,
	0xA0,0xDA,0xA1,0xEA,0xC1,0xEA,0xC1,0xEA,0xC1,0xEA,0xC1,0xF2,0xE1,0xF2,0xE1,0xF2,0xE1,0xFA,0xE1,0xFA,0xE1,0xFA,0xE1,0xF2,0xE1,0xF2,0xE1,0xF2,0xE1,0xF2,0xE1,0xEA,0xE1,0xE2,0xE1,0xE2,0xA0,0xDA,0xA0,0xDA,0xC1,0xD2,0x80,0xD2,0x81,0xC2,0x41,0xB2,0x00,0x9A,0xC0,0x89,0x60,0x71,0x20,0x51,0xE0,0x40,0xC0,0x38,0xE0,0x40,0xE0,0x40,
	0xE0,0x48,0x00,0x49,0x00,0x49,0x00,0x49,0x00,0x49,0x00,0x49,0x00,0x49,0x00,0x49,0x00,0x49,0x00,0x49,0x00,0x49,0x00,0x49,0x00,0x49,0x00,0x49,0x00,0x49,0x00,0x49,0x00,0x49,0x00,0x49,0x00,0x49,0x00,0x49,0x00,0x49,0x00,0x49,0x00,0x49,0x00,0x49,0x00,0x49,0x00,0x49,0x00,0x49,0x00,0x49,0x00,0x49,0x00,0x49,0x00,0x49,0x00,0x49,
	0x00,0x49,0x00,0x49,0x00,0x49,0x00,0x49,0x00,0x49,0x00,0x49,0x00,0x49,0x00,0x49,0x00,0x49,0x00,0x49,0x00,0x49,0x00,0x49,0x00,0x49,0x00,0x49,0x00,0x49,0x00,0x49,0x00,0x49,0x00,0x49,0x00,0x49,0x00,0x49,0x00,0x49,0x00,0x49,0x00,0x49,0x00,0x49,0x00,0x49,0x00,0x49,0x00,0x49,0x00,0x49,0x00,0x49,0x00,0x49,0x00,0x49,0xE0,0x48,
	0x80,0x28,0x20,0x10,0x00,0x00,0x00,0x00,0x00,0x00,0x00,0x00,0x00,0x00,0x00,0x00,0x60,0x20,0xE0,0x38,0x00,0x49,0x00,0x49,0x00,0x49,0x00,0x49,0x00,0x49,0x00,0x49,0x00,0x49,0x00,0x49,0x00,0x49,0x00,0x49,0x00,0x49,0x00,0x49,0x00,0x49,0x00,0x49,0x00,0x49,0x00,0x49,0x00,0x49,0x00,0x49,0x00,0x49,0x00,0x49,0x00,0x49,0x00,0x49,
	0x00,0x49,0x00,0x49,0x00,0x49,0x00,0x49,0x00,0x49,0x00,0x49,0x00,0x49,0x00,0x49,0x00,0x49,0x00,0x49,0x00,0x49,0x00,0x49,0x00,0x49,0x00,0x49,0x00,0x49,0x00,0x49,0x00,0x49,0x00,0x49,0x00,0x49,0x00,0x49,0x00,0x49,0x00,0x49,0x00,0x49,0x00,0x49,0x00,0x49,0x00,0x49,0x00,0x49,0x00,0x49,0x00,0x49,0x00,0x49,0x00,0x49,0x00,0x49,
	0x00,0x49,0x00,0x49,0x00,0x49,0x00,0x49,0x00,0x49,0x00,0x49,0x00,0x49,0x00,0x49,0x00,0x49,0x00,0x49,0x00,0x49,0x00,0x49,0x00,0x49,0x00,0x49,0x00,0x49,0x00,0x49,0x00,0x49,0x00,0x49,0x00,0x49,0x00,0x49,0x00,0x49,0x00,0x49,0x00,0x49,0x00,0x49,0x00,0x49,0x00,0x49,0x00,0x49,0x00,0x49,0x00,0x49,0x00,0x49,0x00,0x49,0x00,0x49,
	0x00,0x49,0x00,0x49,0x00,0x49,0x00,0x49,0x00,0x49,0x00,0x49,0x00,0x49,0x00,0x49,0x00,0x49,0x00,0x49,0x00,0x49,0x00,0x49,0x00,0x49,0x00,0x49,0x00,0x49,0x00,0x49,0x00,0x49,0x00,0x49,0x00,0x49,0x00,0x49,0x00,0x49,0x00,0x49,0x00,0x49,0x00,0x49,0x00,0x49,0x00,0x49,0x00,0x49,0x00,0x49,0x00,0x49,0x00,0x49,0x00,0x49,0x00,0x49,
	0x00,0x49,0x00,0x49,0x00,0x49,0x00,0x49,0x00,0x49,0x00,0x49,0x00,0x49,0x00,0x49,0x00,0x49,0x00,0x49,0x00,0x49,0x00,0x49,0x00,0x49,0x00,0x49,0x00,0x49,0x00,0x49,0x00,0x49,0x00,0x49,0x00,0x49,0x00,0x49,0x00,0x49,0x00,0x49,0x00,0x49,0x00,0x49,0x00,0x49,0x00,0x49,0x00,0x49,0x00,0x49,0x00,0x49,0x00,0x49,0x00,0x49,0x00,0x49,
	0x00,0x49,0x00,0x49,0x00,0x49,0x00,0x49,0x00,0x49,0x00,0x49,0x00,0x49,0x00,0x49,0x00,0x49,0x00,0x49,0x00,0x49,0x00,0x49,0x00,0x49,0x00,0x49,0x00,0x49,0x00,0x49,0x00,0x49,0x00,0x49,0x00,0x49,0x00,0x49,0x00,0x49,0x00,0x49,0x00,0x49,0x00,0x49,0x00,0x49,0x00,0x49,0x00,0x49,0x00,0x49,0x00,0x49,0x00,0x49,0x00,0x49,0x00,0x49,
	0x00,0x49,0x00,0x49,0x00,0x49,0x00,0x49,0x00,0x49,0x00,0x49,0x00,0x49,0x00,0x49,0x00,0x49,0x00,0x49,0x00,0x49,0x00,0x49,0x00,0x49,0x00,0x49,0x00,0x49,0x00,0x49,0x00,0x49,0x00,0x49,0x00,0x49,0x00,0x49,0x00,0x49,0x00,0x49,0x00,0x49,0x00,0x49,0x00,0x49,0x00,0x49,0x00,0x49,0x00,0x49,0x00,0x49,0x00,0x49,0x00,0x49,0x00,0x49,
	0x00,0x49,0x00,0x49,0x00,0x49,0x00,0x49,0x00,0x49,0x00,0x49,0x00,0x49,0x00,0x49,0x00,0x49,0x00,0x49,0x00,0x49,0x00,0x49,0x00,0x49,0x00,0x49,0x00,0x49,0x00,0x49,0x00,0x49,0x00,0x49,0x00,0x49,0x00,0x49,0x00,0x49,0x00,0x49,0x00,0x49,0x00,0x49,0x00,0x49,0x00,0x49,0x00,0x49,0x00,0x49,0x00,0x49,0x00,0x49,0x00,0x49,0x00,0x49,
	0x00,0x49,0x00,0x49,0x00,0x49,0xE0,0x48,0xE0,0x40,0x00,0x49,0x00,0x51,0x00,0x59,0x20,0x61,0x60,0x71,0x80,0x89,0xC0,0xA1,0xE0,0xB1,0x00,0xD2,0xA1,0xEA,0xC1,0xF2,0xE1,0xFA,0xC1,0xF2,0xC1,0xF2,0xE1,0xF2,0xC1,0xF2,0xC1,0xF2,0xC1,0xF2,0xC1,0xF2,0xC1,0xF2,0xC1,0xEA,0xC1,0xF2,0xC1,0xEA,0xE1,0xEA,0xE1,0xF2,0xE1,0xFA,0xE1,0xFA,
	0xE1,0xFA,0xE1,0xFA,0xE1,0xFA,0x01,0xFB,0x01,0xFB,0x01,0xFB,0x01,0xFB,0x01,0xFB,0x21,0xFB,0x21,0xFB,0x41,0xFB,0x41,0xFB,0x01,0xF3,0xE1,0xDA,0x81,0xC2,0x41,0xA2,0x00,0x92,0x80,0x71,0x60,0x69,0x40,0x59,0x20,0x51,0x00,0x49,0xE0,0x40,0xE0,0x40,0xE0,0x48,0x00,0x49,0x00,0x49,0x00,0x49,0x00,0x49,0x00,0x49,0x00,0x49,0x00,0x49,
	0x00,0x49,0x00,0x49,0x00,0x49,0x00,0x49,0x00,0x49,0x00,0x49,0x00,0x49,0x00,0x49,0x00,0x49,0x00,0x49,0x00,0x49,0x00,0x49,0x00,0x49,0x00,0x49,0x00,0x49,0x00,0x49,0x00,0x49,0x00,0x49,0x00,0x49,0x00,0x49,0x00,0x49,0x00,0x49,0x00,0x49,0x00,0x49,0x00,0x49,0x00,0x49,0x00,0x49,0x00,0x49,0x00,0x49,0x00,0x49,0x00,0x49,0x00,0x49,
	0x00,0x49,0x00,0x49,0x00,0x49,0x00,0x49,0x00,0x49,0x00,0x49,0x00,0x49,0x00,0x49,0x00,0x49,0x00,0x49,0x00,0x49,0x00,0x49,0x00,0x49,0x00,0x49,0x00,0x49,0x00,0x49,0x00,0x49,0x00,0x49,0x00,0x49,0x00,0x49,0x00,0x49,0xE0,0x38,0x60,0x20,0x00,0x00,0x00,0x00,0x00,0x00,0x00,0x00,0x00,0x00,0x00,0x00,0xA0,0x30,0x00,0x49,0x00,0x49,
	0x00,0x49,0x00,0x49,0x00,0x49,0x00,0x49,0x00,0x49,0x00,0x49,0x00,0x49,0x00,0x49,0x00,0x49,0x00,0x49,0x00,0x49,0x00,0x49,0x00,0x49,0x00,0x49,0x00,0x49,0x00,0x49,0x00,0x49,0x00,0x49,0x00,0x49,0x00,0x49,0x00,0x49,0x00,0x49,0x00,0x49,0x00,0x49,0x00,0x49,0x00,0x49,0x00,0x49,0x00,0x49,0x00,0x49,0x00,0x49,0x00,0x49,0x00,0x49,
	0x00,0x49,0x00,0x49,0x00,0x49,0x00,0x49,0x00,0x49,0x00,0x49,0x00,0x49,0x00,0x49,0x00,0x49,0x00,0x49,0x00,0x49,0x00,0x49,0x00,0x49,0x00,0x49,0x00,0x49,0x00,0x49,0x00,0x49,0x00,0x49,0x00,0x49,0x00,0x49,0x00,0x49,0x00,0x49,0x00,0x49,0x00,0x49,0x00,0x49,0x00,0x49,0x00,0x49,0x00,0x49,0x00,0x49,0x00,0x49,0x00,0x49,0x00,0x49,
	0x00,0x49,0x00,0x49,0x00,0x49,0x00,0x49,0x00,0x49,0x00,0x49,0x00,0x49,0x00,0x49,0x00,0x49,0x00,0x49,0x00,0x49,0x00,0x49,0x00,0x49,0x00,0x49,0x00,0x49,0x00,0x49,0x00,0x49,0x00,0x49,0x00,0x49,0x00,0x49,0x00,0x49,0x00,0x49,0x00,0x49,0x00,0x49,0x00,0x49,0x00,0x49,0x00,0x49,0x00,0x49,0x00,0x49,0x00,0x49,0x00,0x49,0x00,0x49,
	0x00,0x49,0x00,0x49,0x00,0x49,0x00,0x49,0x00,0x49,0x00,0x49,0x00,0x49,0x00,0x49,0x00,0x49,0x00,0x49,0x00,0x49,0x00,0x49,0x00,0x49,0x00,0x49,0x00,0x49,0x00,0x49,0x00,0x49,0x00,0x49,0x00,0x49,0x00,0x49,0x00,0x49,0x00,0x49,0x00,0x49,0x00,0x49,0x00,0x49,0x00,0x49,0x00,0x49,0x00,0x49,0x00,0x49,0x00,0x49,0x00,0x49,0x00,0x49,
	0x00,0x49,0x00,0x49,0x00,0x49,0x00,0x49,0x00,0x49,0x00,0x49,0x00,0x49,0x00,0x49,0x00,0x49,0x00,0x49,0x00,0x49,0x00,0x49,0x00,0x49,0x00,0x49,0x00,0x49,0x00,0x49,0x00,0x49,0x00,0x49,0x00,0x49,0x00,0x49,0x00,0x49,0x00,0x49,0x00,0x49,0x00,0x49,0x00,0x49,0x00,0x49,0x00,0x49,0x00,0x49,0x00,0x49,0x00,0x49,0x00,0x49,0x00,0x49,
	0x00,0x49,0x00,0x49,0x00,0x49,0x00,0x49,0x00,0x49,0x00,0x49,0x00,0x49,0x00,0x49,0x00,0x49,0x00,0x49,0x00,0x49,0x00,0x49,0x00,0x49,0x00,0x49,0x00,0x49,0x00,0x49,0x00,0x49,0x00,0x49,0x00,0x49,0x00,0x49,0x00,0x49,0x00,0x49,0x00,0x49,0x00,0x49,0x00,0x49,0x00,0x49,0x00,0x49,0x00,0x49,0x00,0x49,0x00,0x49,0x00,0x49,0x00,0x49,
	0x00,0x49,0x00,0x49,0x00,0x49,0x00,0x49,0x00,0x49,0x00,0x49,0x00,0x49,0x00,0x49,0x00,0x49,0x00,0x49,0x00,0x49,0x00,0x49,0x00,0x49,0x00,0x49,0x00,0x49,0x00,0x49,0x00,0x49,0x00,0x49,0x00,0x49,0x00,0x49,0x00,0x49,0x00,0x49,0x00,0x49,0x00,0x49,0x00,0x49,0x00,0x49,0x00,0x49,0x00,0x49,0x00,0x49,0x00,0x49,0x00,0x49,0x00,0x49,
	0x00,0x49,0x00,0x49,0x00,0x49,0x00,0x49,0x00,0x49,0x00,0x49,0x00,0x49,0x00,0x49,0x00,0x49,0x00,0x49,0x00,0x49,0x00,0x49,0x00,0x49,0x00,0x49,0x00,0x49,0x00,0x49,0x00,0x49,0x00,0x49,0x00,0x49,0x00,0x49,0x00,0x49,0x00,0x49,0x00,0x49,0x00,0x49,0xE0,0x40,0xE0,0x40,0x00,0x51,0x20,0x69,0x80,0x91,0xE0,0xB1,0x40,0xDA,0x60,0xE2,
	0xA1,0xEA,0xA1,0xEA,0x81,0xEA,0xA1,0xEA,0xA1,0xEA,0xA1,0xEA,0xA1,0xEA,0xC1,0xEA,0xC1,0xEA,0xC1,0xEA,0xC1,0xEA,0xC1,0xEA,0xC1,0xEA,0xC1,0xEA,0xC1,0xEA,0xC1,0xEA,0xC1,0xEA,0xE1,0xEA,0xE1,0xF2,0xE1,0xF2,0xE1,0xF2,0xE1,0xF2,0xE1,0xF2,0xE1,0xF2,0x01,0xF3,0x01,0xF3,0x01,0xF3,0x01,0xF3,0x01,0xF3,0x01,0xF3,0x21,0xF3,0x21,0xF3,
	0x21,0xF3,0x21,0xF3,0x21,0xF3,0x41,0xF3,0x21,0xF3,0x21,0xEB,0xE1,0xE2,0xC1,0xC2,0x00,0x9A,0xA0,0x79,0x00,0x59,0xE0,0x40,0xE0,0x40,0xE0,0x48,0x00,0x49,0x00,0x49,0x00,0x49,0x00,0x49,0x00,0x49,0x00,0x49,0x00,0x49,0x00,0x49,0x00,0x49,0x00,0x49,0x00,0x49,0x00,0x49,0x00,0x49,0x00,0x49,0x00,0x49,0x00,0x49,0x00,0x49,0x00,0x49,
	0x00,0x49,0x00,0x49,0x00,0x49,0x00,0x49,0x00,0x49,0x00,0x49,0x00,0x49,0x00,0x49,0x00,0x49,0x00,0x49,0x00,0x49,0x00,0x49,0x00,0x49,0x00,0x49,0x00,0x49,0x00,0x49,0x00,0x49,0x00,0x49,0x00,0x49,0x00,0x49,0x00,0x49,0x00,0x49,0x00,0x49,0x00,0x49,0x00,0x49,0x00,0x49,0x00,0x49,0x00,0x49,0x00,0x49,0x00,0x49,0x00,0x49,0x00,0x49,
	0x00,0x49,0x00,0x49,0x00,0x49,0x00,0x49,0x00,0x49,0x00,0x49,0x00,0x49,0x00,0x49,0x00,0x49,0x00,0x49,0x00,0x49,0xA0,0x30,0x00,0x00,0x00,0x00,0x00,0x00,0x00,0x00,0x00,0x00,0x40,0x18,0xC0,0x38,0x00,0x51,0x00,0x49,0x00,0x49,0x00,0x49,0x00,0x49,0x00,0x49,0x00,0x49,0x00,0x49,0x00,0x49,0x00,0x49,0x00,0x49,0x00,0x49,0x00,0x49,
	0x00,0x49,0x00,0x49,0x00,0x49,0x00,0x49,0x00,0x49,0x00,0x49,0x00,0x49,0x00,0x49,0x00,0x49,0x00,0x49,0x00,0x49,0x00,0x49,0x00,0x49,0x00,0x49,0x00,0x49,0x00,0x49,0x00,0x49,0x00,0x49,0x00,0x49,0x00,0x49,0x00,0x49,0x00,0x49,0x00,0x49,0x00,0x49,0x00,0x49,0x00,0x49,0x00,0x49,0x00,0x49,0x00,0x49,0x00,0x49,0x00,0x49,0x00,0x49,
	0x00,0x49,0x00,0x49,0x00,0x49,0x00,0x49,0x00,0x49,0x00,0x49,0x00,0x49,0x00,0x49,0x00,0x49,0x00,0x49,0x00,0x49,0x00,0x49,0x00,0x49,0x00,0x49,0x00,0x49,0x00,0x49,0x00,0x49,0x00,0x49,0x00,0x49,0x00,0x49,0x00,0x49,0x00,0x49,0x00,0x49,0x00,0x49,0x00,0x49,0x00,0x49,0x00,0x49,0x00,0x49,0x00,0x49,0x00,0x49,0x00,0x49,0x00,0x49,
	0x00,0x49,0x00,0x49,0x00,0x49,0x00,0x49,0x00,0x49,0x00,0x49,0x00,0x49,0x00,0x49,0x00,0x49,0x00,0x49,0x00,0x49,0x00,0x49,0x00,0x49,0x00,0x49,0x00,0x49,0x00,0x49,0x00,0x49,0x00,0x49,0x00,0x49,0x00,0x49,0x00,0x49,0x00,0x49,0x00,0x49,0x00,0x49,0x00,0x49,0x00,0x49,0x00,0x49,0x00,0x49,0x00,0x49,0x00,0x49,0x00,0x49,0x00,0x49,
	0x00,0x49,0x00,0x49,0x00,0x49,0x00,0x49,0x00,0x49,0x00,0x49,0x00,0x49,0x00,0x49,0x00,0x49,0x00,0x49,0x00,0x49,0x00,0x49,0x00,0x49,0x00,0x49,0x00,0x49,0x00,0x49,0x00,0x49,0x00,0x49,0x00,0x49,0x00,0x49,0x00,0x49,0x00,0x49,0x00,0x49,0x00,0x49,0x00,0x49,0x00,0x49,0x00,0x49,0x00,0x49,0x00,0x49,0x00,0x49,0x00,0x49,0x00,0x49,
	0x00,0x49,0x00,0x49,0x00,0x49,0x00,0x49,0x00,0x49,0x00,0x49,0x00,0x49,0x00,0x49,0x00,0x49,0x00,0x49,0x00,0x49,0x00,0x49,0x00,0x49,0x00,0x49,0x00,0x49,0x00,0x49,0x00,0x49,0x00,0x49,0x00,0x49,0x00,0x49,0x00,0x49,0x00,0x49,0x00,0x49,0x00,0x49,0x00,0x49,0x00,0x49,0x00,0x49,0x00,0x49,0x00,0x49,0x00,0x49,0x00,0x49,0x00,0x49,
	0x00,0x49,0x00,0x49,0x00,0x49,0x00,0x49,0x00,0x49,0x00,0x49,0x00,0x49,0x00,0x49,0x00,0x49,0x00,0x49,0x00,0x49,0x00,0x49,0x00,0x49,0x00,0x49,0x00,0x49,0x00,0x49,0x00,0x49,0x00,0x49,0x00,0x49,0x00,0x49,0x00,0x49,0x00,0x49,0x00,0x49,0x00,0x49,0x00,0x49,0x00,0x49,0x00,0x49,0x00,0x49,0x00,0x49,0x00,0x49,0x00,0x49,0x00,0x49,
	0x00,0x49,0x00,0x49,0x00,0x49,0x00,0x49,0x00,0x49,0x00,0x49,0x00,0x49,0x00,0x49,0x00,0x49,0x00,0x49,0x00,0x49,0x00,0x49,0x00,0x49,0x00,0x49,0x00,0x49,0x00,0x49,0x00,0x49,0x00,0x49,0x00,0x49,0x00,0x49,0x00,0x49,0x00,0x49,0x00,0x49,0x00,0x49,0x00,0x49,0x00,0x49,0x00,0x49,0x00,0x49,0x00,0x49,0x00,0x49,0x00,0x49,0x00,0x49,
	0x00,0x49,0x00,0x49,0x00,0x49,0x00,0x49,0x00,0x49,0x00,0x49,0x00,0x49,0x00,0x49,0x00,0x49,0x00,0x49,0xE0,0x40,0xE0,0x40,0x00,0x51,0x60,0x69,0x80,0x89,0xC0,0xA1,0xE0,0xB1,0x00,0xD2,0x40,0xE2,0x80,0xF2,0x81,0xF2,0x81,0xF2,0x81,0xF2,0x81,0xF2,0xA1,0xEA,0xA1,0xEA,0xA1,0xEA,0xA1,0xEA,0xC1,0xEA,0xC1,0xEA,0xC1,0xEA,0xC1,0xEA,
	0xC1,0xEA,0xC1,0xEA,0xC1,0xEA,0xC1,0xEA,0xC1,0xEA,0xC1,0xEA,0xE1,0xEA,0xE1,0xF2,0xE1,0xF2,0xE1,0xF2,0xE1,0xF2,0xE1,0xF2,0xE1,0xF2,0x01,0xF3,0x01,0xF3,0x01,0xF3,0x01,0xF3,0x01,0xF3,0x01,0xF3,0x21,0xF3,0x21,0xF3,0x21,0xF3,0x21,0xF3,0x21,0xFB,0x41,0xFB,0x41,0xFB,0x41,0xFB,0x41,0xFB,0x21,0xEB,0xE1,0xDA,0x81,0xC2,0x41,0xA2,
	0x00,0x92,0x80,0x71,0x20,0x59,0xE0,0x40,0xE0,0x40,0xE0,0x40,0x00,0x49,0x00,0x49,0x00,0x49,0x00,0x49,0x00,0x49,0x00,0x49,0x00,0x49,0x00,0x49,0x00,0x49,0x00,0x49,0x00,0x49,0x00,0x49,0x00,0x49,0x00,0x49,0x00,0x49,0x00,0x49,0x00,0x49,0x00,0x49,0x00,0x49,0x00,0x49,0x00,0x49,0x00,0x49,0x00,0x49,0x00,0x49,0x00,0x49,0x00,0x49,
	0x00,0x49,0x00,0x49,0x00,0x49,0x00,0x49,0x00,0x49,0x00,0x49,0x00,0x49,0x00,0x49,0x00,0x49,0x00,0x49,0x00,0x49,0x00,0x49,0x00,0x49,0x00,0x49,0x00,0x49,0x00,0x49,0x00,0x49,0x00,0x49,0x00,0x49,0x00,0x49,0x00,0x49,0x00,0x49,0x00,0x49,0x00,0x49,0x00,0x49,0x00,0x49,0x00,0x49,0x00,0x49,0x00,0x49,0x00,0x49,0x00,0x49,0x00,0x51,
	0xC0,0x38,0x40,0x18,0x00,0x00,0x00,0x00,0x00,0x00,0x20,0x10,0x80,0x28,0xE0,0x40,0x00,0x49,0x00,0x49,0x00,0x49,0x00,0x49,0x00,0x49,0x00,0x49,0x00,0x49,0x00,0x49,0x00,0x49,0x00,0x49,0x00,0x49,0x00,0x49,0x00,0x49,0x00,0x49,0x00,0x49,0x00,0x49,0x00,0x49,0x00,0x49,0x00,0x49,0x00,0x49,0x00,0x49,0x00,0x49,0x00,0x49,0x00,0x49,
	0x00,0x49,0x00,0x49,0x00,0x49,0x00,0x49,0x00,0x49,0x00,0x49,0x00,0x49,0x00,0x49,0x00,0x49,0x00,0x49,0x00,0x49,0x00,0x49,0x00,0x49,0x00,0x49,0x00,0x49,0x00,0x49,0x00,0x49,0x00,0x49,0x00,0x49,0x00,0x49,0x00,0x49,0x00,0x49,0x00,0x49,0x00,0x49,0x00,0x49,0x00,0x49,0x00,0x49,0x00,0x49,0x00,0x49,0x00,0x49,0x00,0x49,0x00,0x49,
	0x00,0x49,0x00,0x49,0x00,0x49,0x00,0x49,0x00,0x49,0x00,0x49,0x00,0x49,0x00,0x49,0x00,0x49,0x00,0x49,0x00,0x49,0x00,0x49,0x00,0x49,0x00,0x49,0x00,0x49,0x00,0x49,0x00,0x49,0x00,0x49,0x00,0x49,0x00,0x49,0x00,0x49,0x00,0x49,0x00,0x49,0x00,0x49,0x00,0x49,0x00,0x49,0x00,0x49,0x00,0x49,0x00,0x49,0x00,0x49,0x00,0x49,0x00,0x49,
	0x00,0x49,0x00,0x49,0x00,0x49,0x00,0x49,0x00,0x49,0x00,0x49,0x00,0x49,0x00,0x49,0x00,0x49,0x00,0x49,0x00,0x49,0x00,0x49,0x00,0x49,0x00,0x49,0x00,0x49,0x00,0x49,0x00,0x49,0x00,0x49,0x00,0x49,0x00,0x49,0x00,0x49,0x00,0x49,0x00,0x49,0x00,0x49,0x00,0x49,0x00,0x49,0x00,0x49,0x00,0x49,0x00,0x49,0x00,0x49,0x00,0x49,0x00,0x49,
	0x00,0x49,0x00,0x49,0x00,0x49,0x00,0x49,0x00,0x49,0x00,0x49,0x00,0x49,0x00,0x49,0x00,0x49,0x00,0x49,0x00,0x49,0x00,0x49,0x00,0x49,0x00,0x49,0x00,0x49,0x00,0x49,0x00,0x49,0x00,0x49,0x00,0x49,0x00,0x49,0x00,0x49,0x00,0x49,0x00,0x49,0x00,0x49,0x00,0x49,0x00,0x49,0x00,0x49,0x00,0x49,0x00,0x49,0x00,0x49,0x00,0x49,0x00,0x49,
	0x00,0x49,0x00,0x49,0x00,0x49,0x00,0x49,0x00,0x49,0x00,0x49,0x00,0x49,0x00,0x49,0x00,0x49,0x00,0x49,0x00,0x49,0x00,0x49,0x00,0x49,0x00,0x49,0x00,0x49,0x00,0x49,0x00,0x49,0x00,0x49,0x00,0x49,0x00,0x49,0x00,0x49,0x00,0x49,0x00,0x49,0x00,0x49,0x00,0x49,0x00,0x49,0x00,0x49,0x00,0x49,0x00,0x49,0x00,0x49,0x00,0x49,0x00,0x49,
	0x00,0x49,0x00,0x49,0x00,0x49,0x00,0x49,0x00,0x49,0x00,0x49,0x00,0x49,0x00,0x49,0x00,0x49,0x00,0x49,0x00,0x49,0x00,0x49,0x00,0x49,0x00,0x49,0x00,0x49,0x00,0x49,0x00,0x49,0x00,0x49,0x00,0x49,0x00,0x49,0x00,0x49,0x00,0x49,0x00,0x49,0x00,0x49,0x00,0x49,0x00,0x49,0x00,0x49,0x00,0x49,0x00,0x49,0x00,0x49,0x00,0x49,0x00,0x49,
	0x00,0x49,0x00,0x49,0x00,0x49,0x00,0x49,0x00,0x49,0x00,0x49,0x00,0x49,0x00,0x49,0x00,0x49,0x00,0x49,0x00,0x49,0x00,0x49,0x00,0x49,0x00,0x49,0x00,0x49,0x00,0x49,0x00,0x49,0x00,0x49,0x00,0x49,0x00,0x49,0x00,0x49,0x00,0x49,0x00,0x49,0x00,0x49,0x00,0x49,0x00,0x49,0x00,0x49,0x00,0x49,0x00,0x49,0x00,0x49,0x00,0x49,0x00,0x49,
	0x00,0x59,0x60,0x71,0xC0,0xA1,0x40,0xC2,0x60,0xEA,0x81,0xF2,0x81,0xF2,0x80,0xF2,0x81,0xEA,0x81,0xEA,0x81,0xEA,0x81,0xEA,0x81,0xEA,0xA1,0xEA,0xA1,0xEA,0xA1,0xEA,0xA1,0xEA,0xC1,0xEA,0xC1,0xEA,0xC1,0xEA,0xC1,0xEA,0xC1,0xEA,0xC1,0xEA,0xC1,0xEA,0xC1,0xEA,0xC1,0xEA,0xC1,0xEA,0xE1,0xEA,0xE1,0xF2,0xE1,0xF2,0xE1,0xF2,0xE1,0xF2,
	0xE1,0xF2,0xE1,0xF2,0x01,0xF3,0x01,0xF3,0x01,0xF3,0x01,0xF3,0x01,0xF3,0x01,0xF3,0x21,0xF3,0x21,0xF3,0x21,0xF3,0x21,0xF3,0x21,0xF3,0x41,0xF3,0x41,0xF3,0x41,0xF3,0x42,0xFB,0x42,0xFB,0x62,0xFB,0x62,0xFB,0x42,0xF3,0xE1,0xDA,0x41,0xB2,0xC0,0x81,0x40,0x59,0x00,0x51,0x00,0x49,0x00,0x49,0x00,0x49,0x00,0x49,0x00,0x49,0x00,0x49,
	0x00,0x49,0x00,0x49,0x00,0x49,0x00,0x49,0x00,0x49,0x00,0x49,0x00,0x49,0x00,0x49,0x00,0x49,0x00,0x49,0x00,0x49,0x00,0x49,0x00,0x49,0x00,0x49,0x00,0x49,0x00,0x49,0x00,0x49,0x00,0x49,0x00,0x49,0x00,0x49,0x00,0x49,0x00,0x49,0x00,0x49,0x00,0x49,0x00,0x49,0x00,0x49,0x00,0x49,0x00,0x49,0x00,0x49,0x00,0x49,0x00,0x49,0x00,0x49,
	0x00,0x49,0x00,0x49,0x00,0x49,0x00,0x49,0x00,0x49,0x00,0x49,0x00,0x49,0x00,0x49,0x00,0x49,0x00,0x49,0x00,0x49,0x00,0x49,0x00,0x49,0x00,0x49,0x00,0x49,0x00,0x49,0x00,0x49,0x00,0x49,0x00,0x49,0x00,0x49,0x00,0x49,0xE0,0x40,0x80,0x28,0x20,0x10,0x00,0x00,0x00,0x00,0x40,0x18,0xC0,0x38,0xE0,0x48,0x00,0x49,0x00,0x49,0x00,0x49,
	0x00,0x49,0x00,0x49,0x00,0x49,0x00,0x49,0x00,0x49,0x00,0x49,0x00,0x49,0x00,0x49,0x00,0x49,0x00,0x49,0x00,0x49,0x00,0x49,0x00,0x49,0x00,0x49,0x00,0x49,0x00,0x49,0x00,0x49,0x00,0x49,0x00,0x49,0x00,0x49,0x00,0x49,0x00,0x49,0x00,0x49,0x00,0x49,0x00,0x49,0x00,0x49,0x00,0x49,0x00,0x49,0x00,0x49,0x00,0x49,0x00,0x49,0x00,0x49,
	0x00,0x49,0x00,0x49,0x00,0x49,0x00,0x49,0x00,0x49,0x00,0x49,0x00,0x49,0x00,0x49,0x00,0x49,0x00,0x49,0x00,0x49,0x00,0x49,0x00,0x49,0x00,0x49,0x00,0x49,0x00,0x49,0x00,0x49,0x00,0x49,0x00,0x49,0x00,0x49,0x00,0x49,0x00,0x49,0x00,0x49,0x00,0x49,0x00,0x49,0x00,0x49,0x00,0x49,0x00,0x49,0x00,0x49,0x00,0x49,0x00,0x49,0x00,0x49,
	0x00,0x49,0x00,0x49,0x00,0x49,0x00,0x49,0x00,0x49,0x00,0x49,0x00,0x49,0x00,0x49,0x00,0x49,0x00,0x49,0x00,0x49,0x00,0x49,0x00,0x49,0x00,0x49,0x00,0x49,0x00,0x49,0x00,0x49,0x00,0x49,0x00,0x49,0x00,0x49,0x00,0x49,0x00,0x49,0x00,0x49,0x00,0x49,0x00,0x49,0x00,0x49,0x00,0x49,0x00,0x49,0x00,0x49,0x00,0x49,0x00,0x49,0x00,0x49,
	0x00,0x49,0x00,0x49,0x00,0x49,0x00,0x49,0x00,0x49,0x00,0x49,0x00,0x49,0x00,0x49,0x00,0x49,0x00,0x49,0x00,0x49,0x00,0x49,0x00,0x49,0x00,0x49,0x00,0x49,0x00,0x49,0x00,0x49,0x00,0x49,0x00,0x49,0x00,0x49,0x00,0x49,0x00,0x49,0x00,0x49,0x00,0x49,0x00,0x49,0x00,0x49,0x00,0x49,0x00,0x49,0x00,0x49,0x00,0x49,0x00,0x49,0x00,0x49,
	0x00,0x49,0x00,0x49,0x00,0x49,0x00,0x49,0x00,0x49,0x00,0x49,0x00,0x49,0x00,0x49,0x00,0x49,0x00,0x49,0x00,0x49,0x00,0x49,0x00,0x49,0x00,0x49,0x00,0x49,0x00,0x49,0x00,0x49,0x00,0x49,0x00,0x49,0x00,0x49,0x00,0x49,0x00,0x49,0x00,0x49,0x00,0x49,0x00,0x49,0x00,0x49,0x00,0x49,0x00,0x49,0x00,0x49,0x00,0x49,0x00,0x49,0x00,0x49,
	0x00,0x49,0x00,0x49,0x00,0x49,0x00,0x49,0x00,0x49,0x00,0x49,0x00,0x49,0x00,0x49,0x00,0x49,0x00,0x49,0x00,0x49,0x00,0x49,0x00,0x49,0x00,0x49,0x00,0x49,0x00,0x49,0x00,0x49,0x00,0x49,0x00,0x49,0x00,0x49,0x00,0x49,0x00,0x49,0x00,0x49,0x00,0x49,0x00,0x49,0x00,0x49,0x00,0x49,0x00,0x49,0x00,0x49,0x00,0x49,0x00,0x49,0x00,0x49,
	0x00,0x49,0x00,0x49,0x00,0x49,0x00,0x49,0x00,0x49,0x00,0x49,0x00,0x49,0x00,0x49,0x00,0x49,0x00,0x49,0x00,0x49,0x00,0x49,0x00,0x49,0x00,0x49,0x00,0x49,0x00,0x49,0x00,0x49,0x00,0x49,0x00,0x49,0x00,0x49,0x00,0x49,0x00,0x49,0x00,0x49,0x00,0x49,0x00,0x49,0x00,0x49,0x00,0x49,0x00,0x49,0x00,0x49,0x00,0x49,0x00,0x49,0x00,0x49,
	0x00,0x49,0x00,0x49,0x00,0x49,0x00,0x49,0x00,0x49,0x00,0x49,0x00,0x49,0x00,0x49,0x00,0x49,0x00,0x49,0x00,0x49,0x00,0x49,0x00,0x49,0x00,0x49,0x00,0x49,0x00,0x49,0x00,0x49,0xE0,0x40,0x00,0x41,0x00,0x59,0x80,0x89,0xE0,0xB1,0x00,0xD2,0x40,0xE2,0x60,0xE2,0x60,0xF2,0x80,0xF2,0x80,0xF2,0x81,0xEA,0x81,0xEA,0x81,0xEA,0x81,0xEA,
	0x81,0xEA,0x81,0xEA,0xA1,0xEA,0xA1,0xEA,0xA1,0xEA,0xA1,0xEA,0xC1,0xEA,0xC1,0xEA,0xC1,0xEA,0xC1,0xEA,0xC1,0xEA,0xC1,0xEA,0xC1,0xEA,0xC1,0xEA,0xC1,0xEA,0xC1,0xEA,0xE1,0xEA,0xE1,0xF2,0xE1,0xF2,0xE1,0xF2,0xE1,0xF2,0xE1,0xF2,0xE1,0xF2,0x01,0xF3,0x01,0xF3,0x01,0xF3,0x01,0xF3,0x01,0xF3,0x01,0xF3,0x21,0xF3,0x21,0xF3,0x21,0xF3,
	0x21,0xF3,0x21,0xF3,0x41,0xF3,0x41,0xF3,0x41,0xF3,0x42,0xF3,0x42,0xF3,0x42,0xFB,0x42,0xFB,0x42,0xFB,0x21,0xF3,0x21,0xEB,0xE1,0xDA,0x81,0xC2,0x00,0x92,0x20,0x61,0xE0,0x48,0xE0,0x40,0xE0,0x40,0x00,0x49,0x00,0x49,0x00,0x49,0x00,0x49,0x00,0x49,0x00,0x49,0x00,0x49,0x00,0x49,0x00,0x49,0x00,0x49,0x00,0x49,0x00,0x49,0x00,0x49,
	0x00,0x49,0x00,0x49,0x00,0x49,0x00,0x49,0x00,0x49,0x00,0x49,0x00,0x49,0x00,0x49,0x00,0x49,0x00,0x49,0x00,0x49,0x00,0x49,0x00,0x49,0x00,0x49,0x00,0x49,0x00,0x49,0x00,0x49,0x00,0x49,0x00,0x49,0x00,0x49,0x00,0x49,0x00,0x49,0x00,0x49,0x00,0x49,0x00,0x49,0x00,0x49,0x00,0x49,0x00,0x49,0x00,0x49,0x00,0x49,0x00,0x49,0x00,0x49,
	0x00,0x49,0x00,0x49,0x00,0x49,0x00,0x49,0x00,0x49,0x00,0x49,0x00,0x49,0x00,0x49,0x00,0x49,0x00,0x49,0xE0,0x48,0xC0,0x38,0x40,0x18,0x00,0x00,0x00,0x00,0x60,0x18,0xE0,0x40,0x00,0x49,0x00,0x49,0x00,0x49,0x00,0x49,0x00,0x49,0x00,0x49,0x00,0x49,0x00,0x49,0x00,0x49,0x00,0x49,0x00,0x49,0x00,0x49,0x00,0x49,0x00,0x49,0x00,0x49,
	0x00,0x49,0x00,0x49,0x00,0x49,0x00,0x49,0x00,0x49,0x00,0x49,0x00,0x49,0x00,0x49,0x00,0x49,0x00,0x49,0x00,0x49,0x00,0x49,0x00,0x49,0x00,0x49,0x00,0x49,0x00,0x49,0x00,0x49,0x00,0x49,0x00,0x49,0x00,0x49,0x00,0x49,0x00,0x49,0x00,0x49,0x00,0x49,0x00,0x49,0x00,0x49,0x00,0x49,0x00,0x49,0x00,0x49,0x00,0x49,0x00,0x49,0x00,0x49,
	0x00,0x49,0x00,0x49,0x00,0x49,0x00,0x49,0x00,0x49,0x00,0x49,0x00,0x49,0x00,0x49,0x00,0x49,0x00,0x49,0x00,0x49,0x00,0x49,0x00,0x49,0x00,0x49,0x00,0x49,0x00,0x49,0x00,0x49,0x00,0x49,0x00,0x49,0x00,0x49,0x00,0x49,0x00,0x49,0x00,0x49,0x00,0x49,0x00,0x49,0x00,0x49,0x00,0x49,0x00,0x49,0x00,0x49,0x00,0x49,0x00,0x49,0x00,0x49,
	0x00,0x49,0x00,0x49,0x00,0x49,0x00,0x49,0x00,0x49,0x00,0x49,0x00,0x49,0x00,0x49,0x00,0x49,0x00,0x49,0x00,0x49,0x00,0x49,0x00,0x49,0x00,0x49,0x00,0x49,0x00,0x49,0x00,0x49,0x00,0x49,0x00,0x49,0x00,0x49,0x00,0x49,0x00,0x49,0x00,0x49,0x00,0x49,0x00,0x49,0x00,0x49,0x00,0x49,0x00,0x49,0x00,0x49,0x00,0x49,0x00,0x49,0x00,0x49,
	0x00,0x49,0x00,0x49,0x00,0x49,0x00,0x49,0x00,0x49,0x00,0x49,0x00,0x49,0x00,0x49,0x00,0x49,0x00,0x49,0x00,0x49,0x00,0x49,0x00,0x49,0x00,0x49,0x00,0x49,0x00,0x49,0x00,0x49,0x00,0x49,0x00,0x49,0x00,0x49,0x00,0x49,0x00,0x49,0x00,0x49,0x00,0x49,0x00,0x49,0x00,0x49,0x00,0x49,0x00,0x49,0x00,0x49,0x00,0x49,0x00,0x49,0x00,0x49,
	0x00,0x49,0x00,0x49,0x00,0x49,0x00,0x49,0x00,0x49,0x00,0x49,0x00,0x49,0x00,0x49,0x00,0x49,0x00,0x49,0x00,0x49,0x00,0x49,0x00,0x49,0x00,0x49,0x00,0x49,0x00,0x49,0x00,0x49,0x00,0x49,0x00,0x49,0x00,0x49,0x00,0x49,0x00,0x49,0x00,0x49,0x00,0x49,0x00,0x49,0x00,0x49,0x00,0x49,0x00,0x49,0x00,0x49,0x00,0x49,0x00,0x49,0x00,0x49,
	0x00,0x49,0x00,0x49,0x00,0x49,0x00,0x49,0x00,0x49,0x00,0x49,0x00,0x49,0x00,0x49,0x00,0x49,0x00,0x49,0x00,0x49,0x00,0x49,0x00,0x49,0x00,0x49,0x00,0x49,0x00,0x49,0x00,0x49,0x00,0x49,0x00,0x49,0x00,0x49,0x00,0x49,0x00,0x49,0x00,0x49,0x00,0x49,0x00,0x49,0x00,0x49,0x00,0x49,0x00,0x49,0x00,0x49,0x00,0x49,0x00,0x49,0x00,0x49,
	0x00,0x49,0x00,0x49,0x00,0x49,0x00,0x49,0x00,0x49,0x00,0x49,0x00,0x49,0x00,0x49,0x00,0x49,0x00,0x49,0x00,0x49,0x00,0x49,0x00,0x49,0x00,0x49,0x00,0x49,0x00,0x49,0x00,0x49,0x00,0x49,0x00,0x49,0x00,0x49,0x00,0x49,0x00,0x49,0x00,0x49,0x00,0x49,0x00,0x49,0x00,0x49,0x00,0x49,0x00,0x49,0x00,0x49,0x00,0x49,0x00,0x49,0x00,0x49,
	0x00,0x49,0x00,0x49,0x00,0x49,0x00,0x49,0xE0,0x40,0x00,0x49,0x20,0x59,0x60,0x71,0x80,0x91,0xE0,0xC1,0x40,0xE2,0x60,0xF2,0x60,0xF2,0x60,0xF2,0x60,0xF2,0x60,0xEA,0x81,0xEA,0x81,0xEA,0x81,0xEA,0x81,0xEA,0x81,0xEA,0x81,0xEA,0x81,0xEA,0xA1,0xEA,0xA1,0xEA,0xA1,0xEA,0xA1,0xEA,0xC1,0xEA,0xC1,0xEA,0xC1,0xEA,0xC1,0xEA,0xC1,0xEA,
	0xC1,0xEA,0xC1,0xEA,0xC1,0xEA,0xC1,0xEA,0xC1,0xEA,0xE1,0xEA,0xE1,0xF2,0xE1,0xF2,0xE1,0xF2,0xE1,0xF2,0xE1,0xF2,0xE1,0xF2,0x01,0xF3,0x01,0xF3,0x01,0xF3,0x01,0xF3,0x01,0xF3,0x01,0xF3,0x21,0xF3,0x21,0xF3,0x21,0xF3,0x21,0xF3,0x21,0xF3,0x41,0xF3,0x41,0xF3,0x41,0xF3,0x42,0xF3,0x42,0xF3,0x42,0xF3,0x42,0xF3,0x42,0xFB,0x42,0xFB,
	0x62,0xFB,0x82,0xFB,0x21,0xF3,0xC1,0xD2,0x41,0xA2,0xC0,0x81,0x40,0x61,0x00,0x49,0xE0,0x40,0xE0,0x40,0x00,0x49,0x00,0x49,0x00,0x49,0x00,0x49,0x00,0x49,0x00,0x49,0x00,0x49,0x00,0x49,0x00,0x49,0x00,0x49,0x00,0x49,0x00,0x49,0x00,0x49,0x00,0x49,0x00,0x49,0x00,0x49,0x00,0x49,0x00,0x49,0x00,0x49,0x00,0x49,0x00,0x49,0x00,0x49,
	0x00,0x49,0x00,0x49,0x00,0x49,0x00,0x49,0x00,0x49,0x00,0x49,0x00,0x49,0x00,0x49,0x00,0x49,0x00,0x49,0x00,0x49,0x00,0x49,0x00,0x49,0x00,0x49,0x00,0x49,0x00,0x49,0x00,0x49,0x00,0x49,0x00,0x49,0x00,0x49,0x00,0x49,0x00,0x49,0x00,0x49,0x00,0x49,0x00,0x49,0x00,0x49,0x00,0x49,0x00,0x49,0x00,0x49,0x00,0x49,0x00,0x49,0x00,0x49,
	0xE0,0x40,0x60,0x18,0x00,0x00,0x00,0x08,0x60,0x20,0x00,0x49,0x00,0x49,0x00,0x49,0x00,0x49,0x00,0x49,0x00,0x49,0x00,0x49,0x00,0x49,0x00,0x49,0x00,0x49,0x00,0x49,0x00,0x49,0x00,0x49,0x00,0x49,0x00,0x49,0x00,0x49,0x00,0x49,0x00,0x49,0x00,0x49,0x00,0x49,0x00,0x49,0x00,0x49,0x00,0x49,0x00,0x49,0x00,0x49,0x00,0x49,0x00,0x49,
	0x00,0x49,0x00,0x49,0x00,0x49,0x00,0x49,0x00,0x49,0x00,0x49,0x00,0x49,0x00,0x49,0x00,0x49,0x00,0x49,0x00,0x49,0x00,0x49,0x00,0x49,0x00,0x49,0x00,0x49,0x00,0x49,0x00,0x49,0x00,0x49,0x00,0x49,0x00,0x49,0x00,0x49,0x00,0x49,0x00,0x49,0x00,0x49,0x00,0x49,0x00,0x49,0x00,0x49,0x00,0x49,0x00,0x49,0x00,0x49,0x00,0x49,0x00,0x49,
	0x00,0x49,0x00,0x49,0x00,0x49,0x00,0x49,0x00,0x49,0x00,0x49,0x00,0x49,0x00,0x49,0x00,0x49,0x00,0x49,0x00,0x49,0x00,0x49,0x00,0x49,0x00,0x49,0x00,0x49,0x00,0x49,0x00,0x49,0x00,0x49,0x00,0x49,0x00,0x49,0x00,0x49,0x00,0x49,0x00,0x49,0x00,0x49,0x00,0x49,0x00,0x49,0x00,0x49,0x00,0x49,0x00,0x49,0x00,0x49,0x00,0x49,0x00,0x49,
	0x00,0x49,0x00,0x49,0x00,0x49,0x00,0x49,0x00,0x49,0x00,0x49,0x00,0x49,0x00,0x49,0x00,0x49,0x00,0x49,0x00,0x49,0x00,0x49,0x00,0x49,0x00,0x49,0x00,0x49,0x00,0x49,0x00,0x49,0x00,0x49,0x00,0x49,0x00,0x49,0x00,0x49,0x00,0x49,0x00,0x49,0x00,0x49,0x00,0x49,0x00,0x49,0x00,0x49,0x00,0x49,0x00,0x49,0x00,0x49,0x00,0x49,0x00,0x49,
	0x00,0x49,0x00,0x49,0x00,0x49,0x00,0x49,0x00,0x49,0x00,0x49,0x00,0x49,0x00,0x49,0x00,0x49,0x00,0x49,0x00,0x49,0x00,0x49,0x00,0x49,0x00,0x49,0x00,0x49,0x00,0x49,0x00,0x49,0x00,0x49,0x00,0x49,0x00,0x49,0x00,0x49,0x00,0x49,0x00,0x49,0x00,0x49,0x00,0x49,0x00,0x49,0x00,0x49,0x00,0x49,0x00,0x49,0x00,0x49,0x00,0x49,0x00,0x49,
	0x00,0x49,0x00,0x49,0x00,0x49,0x00,0x49,0x00,0x49,0x00,0x49,0x00,0x49,0x00,0x49,0x00,0x49,0x00,0x49,0x00,0x49,0x00,0x49,0x00,0x49,0x00,0x49,0x00,0x49,0x00,0x49,0x00,0x49,0x00,0x49,0x00,0x49,0x00,0x49,0x00,0x49,0x00,0x49,0x00,0x49,0x00,0x49,0x00,0x49,0x00,0x49,0x00,0x49,0x00,0x49,0x00,0x49,0x00,0x49,0x00,0x49,0x00,0x49,
	0x00,0x49,0x00,0x49,0x00,0x49,0x00,0x49,0x00,0x49,0x00,0x49,0x00,0x49,0x00,0x49,0x00,0x49,0x00,0x49,0x00,0x49,0x00,0x49,0x00,0x49,0x00,0x49,0x00,0x49,0x00,0x49,0x00,0x49,0x00,0x49,0x00,0x49,0x00,0x49,0x00,0x49,0x00,0x49,0x00,0x49,0x00,0x49,0x00,0x49,0x00,0x49,0x00,0x49,0x00,0x49,0x00,0x49,0x00,0x49,0x00,0x49,0x00,0x49,
	0x00,0x49,0x00,0x49,0x00,0x49,0x00,0x49,0x00,0x49,0x00,0x49,0x00,0x49,0x00,0x49,0x00,0x49,0x00,0x49,0x00,0x49,0x00,0x49,0x00,0x49,0x00,0x49,0x00,0x49,0x00,0x49,0x00,0x49,0x00,0x49,0x00,0x49,0x00,0x49,0x00,0x49,0x00,0x49,0x00,0x49,0x00,0x49,0x00,0x49,0x00,0x49,0x20,0x61,0x80,0x91,0xE0,0xC1,0x40,0xE2,0x40,0xEA,0x60,0xF2,
	0x60,0xEA,0x60,0xEA,0x60,0xEA,0x60,0xEA,0x60,0xEA,0x81,0xEA,0x81,0xEA,0x81,0xEA,0x81,0xEA,0x81,0xEA,0x81,0xEA,0x81,0xEA,0xA1,0xEA,0xA1,0xEA,0xA1,0xEA,0xA1,0xEA,0xC1,0xEA,0xC1,0xEA,0xC1,0xEA,0xC1,0xEA,0xC1,0xEA,0xC1,0xEA,0xC1,0xEA,0xC1,0xEA,0xC1,0xEA,0xC1,0xEA,0xE1,0xEA,0xE1,0xF2,0xE1,0xF2,0xE1,0xF2,0xE1,0xF2,0xE1,0xF2,
	0xE1,0xF2,0x01,0xF3,0x01,0xF3,0x01,0xF3,0x01,0xF3,0x01,0xF3,0x01,0xF3,0x21,0xF3,0x21,0xF3,0x21,0xF3,0x21,0xF3,0x21,0xF3,0x41,0xF3,0x41,0xF3,0x41,0xF3,0x42,0xF3,0x42,0xF3,0x42,0xF3,0x42,0xF3,0x42,0xF3,0x42,0xF3,0x42,0xF3,0x62,0xF3,0x62,0xF3,0x62,0xFB,0x62,0xF3,0x01,0xD3,0x41,0xA2,0x40,0x61,0x00,0x49,0x00,0x49,0x00,0x49,
	0x00,0x49,0x00,0x49,0x00,0x49,0x00,0x49,0x00,0x49,0x00,0x49,0x00,0x49,0x00,0x49,0x00,0x49,0x00,0x49,0x00,0x49,0x00,0x49,0x00,0x49,0x00,0x49,0x00,0x49,0x00,0x49,0x00,0x49,0x00,0x49,0x00,0x49,0x00,0x49,0x00,0x49,0x00,0x49,0x00,0x49,0x00,0x49,0x00,0x49,0x00,0x49,0x00,0x49,0x00,0x49,0x00,0x49,0x00,0x49,0x00,0x49,0x00,0x49,
	0x00,0x49,0x00,0x49,0x00,0x49,0x00,0x49,0x00,0x49,0x00,0x49,0x00,0x49,0x00,0x49,0x00,0x49,0x00,0x49,0x00,0x49,0x00,0x49,0x00,0x49,0x00,0x49,0x00,0x49,0x00,0x49,0x00,0x49,0x00,0x49,0x00,0x49,0x00,0x49,0x00,0x49,0x00,0x49,0x60,0x20,0x00,0x08,0x40,0x18,0x80,0x28,0x00,0x49,0x00,0x49,0x00,0x49,0x00,0x49,0x00,0x49,0x00,0x49,
	0x00,0x49,0x00,0x49,0x00,0x49,0x00,0x49,0x00,0x49,0x00,0x49,0x00,0x49,0x00,0x49,0x00,0x49,0x00,0x49,0x00,0x49,0x00,0x49,0x00,0x49,0x00,0x49,0x00,0x49,0x00,0x49,0x00,0x49,0x00,0x49,0x00,0x49,0x00,0x49,0x00,0x49,0x00,0x49,0x00,0x49,0x00,0x49,0x00,0x49,0x00,0x49,0x00,0x49,0x00,0x49,0x00,0x49,0x00,0x49,0x00,0x49,0x00,0x49,
	0x00,0x49,0x00,0x49,0x00,0x49,0x00,0x49,0x00,0x49,0x00,0x49,0x00,0x49,0x00,0x49,0x00,0x49,0x00,0x49,0x00,0x49,0x00,0x49,0x00,0x49,0x00,0x49,0x00,0x49,0x00,0x49,0x00,0x49,0x00,0x49,0x00,0x49,0x00,0x49,0x00,0x49,0x00,0x49,0x00,0x49,0x00,0x49,0x00,0x49,0x00,0x49,0x00,0x49,0x00,0x49,0x00,0x49,0x00,0x49,0x00,0x49,0x00,0x49,
	0x00,0x49,0x00,0x49,0x00,0x49,0x00,0x49,0x00,0x49,0x00,0x49,0x00,0x49,0x00,0x49,0x00,0x49,0x00,0x49,0x00,0x49,0x00,0x49,0x00,0x49,0x00,0x49,0x00,0x49,0x00,0x49,0x00,0x49,0x00,0x49,0x00,0x49,0x00,0x49,0x00,0x49,0x00,0x49,0x00,0x49,0x00,0x49,0x00,0x49,0x00,0x49,0x00,0x49,0x00,0x49,0x00,0x49,0x00,0x49,0x00,0x49,0x00,0x49,
	0x00,0x49,0x00,0x49,0x00,0x49,0x00,0x49,0x00,0x49,0x00,0x49,0x00,0x49,0x00,0x49,0x00,0x49,0x00,0x49,0x00,0x49,0x00,0x49,0x00,0x49,0x00,0x49,0x00,0x49,0x00,0x49,0x00,0x49,0x00,0x49,0x00,0x49,0x00,0x49,0x00,0x49,0x00,0x49,0x00,0x49,0x00,0x49,0x00,0x49,0x00,0x49,0x00,0x49,0x00,0x49,0x00,0x49,0x00,0x49,0x00,0x49,0x00,0x49,
	0x00,0x49,0x00,0x49,0x00,0x49,0x00,0x49,0x00,0x49,0x00,0x49,0x00,0x49,0x00,0x49,0x00,0x49,0x00,0x49,0x00,0x49,0x00,0x49,0x00,0x49,0x00,0x49,0x00,0x49,0x00,0x49,0x00,0x49,0x00,0x49,0x00,0x49,0x00,0x49,0x00,0x49,0x00,0x49,0x00,0x49,0x00,0x49,0x00,0x49,0x00,0x49,0x00,0x49,0x00,0x49,0x00,0x49,0x00,0x49,0x00,0x49,0x00,0x49,
	0x00,0x49,0x00,0x49,0x00,0x49,0x00,0x49,0x00,0x49,0x00,0x49,0x00,0x49,0x00,0x49,0x00,0x49,0x00,0x49,0x00,0x49,0x00,0x49,0x00,0x49,0x00,0x49,0x00,0x49,0x00,0x49,0x00,0x49,0x00,0x49,0x00,0x49,0x00,0x49,0x00,0x49,0x00,0x49,0x00,0x49,0x00,0x49,0x00,0x49,0x00,0x49,0x00,0x49,0x00,0x49,0x00,0x49,0x00,0x49,0x00,0x49,0x00,0x49,
	0x00,0x49,0x00,0x49,0x00,0x49,0x00,0x49,0x00,0x49,0x00,0x49,0x00,0x49,0x00,0x49,0x00,0x49,0x00,0x49,0x00,0x49,0x00,0x49,0x00,0x49,0x00,0x49,0x00,0x49,0x00,0x49,0x00,0x49,0x00,0x49,0x00,0x49,0x00,0x49,0x00,0x49,0x00,0x49,0x00,0x49,0x00,0x49,0x00,0x49,0x00,0x49,0x00,0x49,0x00,0x49,0x00,0x49,0x00,0x49,0x00,0x49,0x00,0x49,
	0x00,0x49,0x00,0x49,0x00,0x49,0x00,0x49,0x00,0x49,0x00,0x49,0x00,0x49,0x00,0x49,0x00,0x49,0x00,0x49,0x00,0x49,0xE0,0x40,0xE0,0x48,0x20,0x59,0x80,0x89,0xC0,0xB1,0xE0,0xC1,0x00,0xE2,0x40,0xEA,0x40,0xF2,0x60,0xF2,0x60,0xEA,0x60,0xEA,0x60,0xEA,0x60,0xEA,0x60,0xEA,0x81,0xEA,0x81,0xEA,0x81,0xEA,0x81,0xEA,0x81,0xEA,0x81,0xEA,
	0x81,0xEA,0xA1,0xEA,0xA1,0xEA,0xA1,0xEA,0xA1,0xEA,0xC1,0xEA,0xC1,0xEA,0xC1,0xEA,0xC1,0xEA,0xC1,0xEA,0xC1,0xEA,0xC1,0xEA,0xC1,0xEA,0xC1,0xEA,0xC1,0xEA,0xE1,0xEA,0xE1,0xF2,0xE1,0xF2,0xE1,0xF2,0xE1,0xF2,0xE1,0xF2,0xE1,0xF2,0x01,0xF3,0x01,0xF3,0x01,0xF3,0x01,0xF3,0x01,0xF3,0x01,0xF3,0x21,0xF3,0x21,0xF3,0x21,0xF3,0x21,0xF3,
	0x21,0xF3,0x41,0xF3,0x41,0xF3,0x41,0xF3,0x42,0xF3,0x42,0xF3,0x42,0xF3,0x42,0xF3,0x42,0xF3,0x42,0xF3,0x42,0xF3,0x62,0xF3,0x62,0xFB,0x62,0xFB,0x82,0xFB,0x62,0xF3,0x21,0xE3,0x81,0xC2,0x00,0x92,0x60,0x69,0x00,0x49,0xE0,0x40,0xE0,0x48,0x00,0x49,0x00,0x49,0x00,0x49,0x00,0x49,0x00,0x49,0x00,0x49,0x00,0x49,0x00,0x49,0x00,0x49,
	0x00,0x49,0x00,0x49,0x00,0x49,0x00,0x49,0x00,0x49,0x00,0x49,0x00,0x49,0x00,0x49,0x00,0x49,0x00,0x49,0x00,0x49,0x00,0x49,0x00,0x49,0x00,0x49,0x00,0x49,0x00,0x49,0x00,0x49,0x00,0x49,0x00,0x49,0x00,0x49,0x00,0x49,0x00,0x49,0x00,0x49,0x00,0x49,0x00,0x49,0x00,0x49,0x00,0x49,0x00,0x49,0x00,0x49,0x00,0x49,0x00,0x49,0x00,0x49,
	0x00,0x49,0x00,0x49,0x00,0x49,0x00,0x49,0x00,0x49,0x00,0x49,0x00,0x49,0x00,0x49,0x00,0x49,0x00,0x49,0x00,0x49,0x80,0x28,0x40,0x18,0x60,0x20,0xA0,0x30,0x00,0x49,0x00,0x49,0x00,0x49,0x00,0x49,0x00,0x49,0x00,0x49,0x00,0x49,0x00,0x49,0x00,0x49,0x00,0x49,0x00,0x49,0x00,0x49,0x00,0x49,0x00,0x49,0x00,0x49,0x00,0x49,0x00,0x49,
	0x00,0x49,0x00,0x49,0x00,0x49,0x00,0x49,0x00,0x49,0x00,0x49,0x00,0x49,0x00,0x49,0x00,0x49,0x00,0x49,0x00,0x49,0x00,0x49,0x00,0x49,0x00,0x49,0x00,0x49,0x00,0x49,0x00,0x49,0x00,0x49,0x00,0x49,0x00,0x49,0x00,0x49,0x00,0x49,0x00,0x49,0x00,0x49,0x00,0x49,0x00,0x49,0x00,0x49,0x00,0x49,0x00,0x49,0x00,0x49,0x00,0x49,0x00,0x49,
	0x00,0x49,0x00,0x49,0x00,0x49,0x00,0x49,0x00,0x49,0x00,0x49,0x00,0x49,0x00,0x49,0x00,0x49,0x00,0x49,0x00,0x49,0x00,0x49,0x00,0x49,0x00,0x49,0x00,0x49,0x00,0x49,0x00,0x49,0x00,0x49,0x00,0x49,0x00,0x49,0x00,0x49,0x00,0x49,0x00,0x49,0x00,0x49,0x00,0x49,0x00,0x49,0x00,0x49,0x00,0x49,0x00,0x49,0x00,0x49,0x00,0x49,0x00,0x49,
	0x00,0x49,0x00,0x49,0x00,0x49,0x00,0x49,0x00,0x49,0x00,0x49,0x00,0x49,0x00,0x49,0x00,0x49,0x00,0x49,0x00,0x49,0x00,0x49,0x00,0x49,0x00,0x49,0x00,0x49,0x00,0x49,0x00,0x49,0x00,0x49,0x00,0x49,0x00,0x49,0x00,0x49,0x00,0x49,0x00,0x49,0x00,0x49,0x00,0x49,0x00,0x49,0x00,0x49,0x00,0x49,0x00,0x49,0x00,0x49,0x00,0x49,0x00,0x49,
	0x00,0x49,0x00,0x49,0x00,0x49,0x00,0x49,0x00,0x49,0x00,0x49,0x00,0x49,0x00,0x49,0x00,0x49,0x00,0x49,0x00,0x49,0x00,0x49,0x00,0x49,0x00,0x49,0x00,0x49,0x00,0x49,0x00,0x49,0x00,0x49,0x00,0x49,0x00,0x49,0x00,0x49,0x00,0x49,0x00,0x49,0x00,0x49,0x00,0x49,0x00,0x49,0x00,0x49,0x00,0x49,0x00,0x49,0x00,0x49,0x00,0x49,0x00,0x49,
	0x00,0x49,0x00,0x49,0x00,0x49,0x00,0x49,0x00,0x49,0x00,0x49,0x00,0x49,0x00,0x49,0x00,0x49,0x00,0x49,0x00,0x49,0x00,0x49,0x00,0x49,0x00,0x49,0x00,0x49,0x00,0x49,0x00,0x49,0x00,0x49,0x00,0x49,0x00,0x49,0x00,0x49,0x00,0x49,0x00,0x49,0x00,0x49,0x00,0x49,0x00,0x49,0x00,0x49,0x00,0x49,0x00,0x49,0x00,0x49,0x00,0x49,0x00,0x49,
	0x00,0x49,0x00,0x49,0x00,0x49,0x00,0x49,0x00,0x49,0x00,0x49,0x00,0x49,0x00,0x49,0x00,0x49,0x00,0x49,0x00,0x49,0x00,0x49,0x00,0x49,0x00,0x49,0x00,0x49,0x00,0x49,0x00,0x49,0x00,0x49,0x00,0x49,0x00,0x49,0x00,0x49,0x00,0x49,0x00,0x49,0x00,0x49,0x00,0x49,0x00,0x49,0x00,0x49,0x00,0x49,0x00,0x49,0x00,0x49,0x00,0x49,0x00,0x49,
	0x00,0x49,0x00,0x49,0x00,0x49,0x00,0x49,0x00,0x49,0x00,0x49,0x00,0x49,0x00,0x49,0x00,0x49,0x00,0x49,0x00,0x49,0x00,0x49,0x00,0x49,0x00,0x49,0x00,0x49,0x00,0x49,0x00,0x49,0x00,0x49,0x00,0x49,0x00,0x49,0x00,0x49,0x00,0x49,0x00,0x49,0x00,0x49,0x00,0x49,0x00,0x49,0x00,0x49,0x00,0x49,0x00,0x49,0x00,0x49,0xE0,0x48,0xE0,0x48,
	0x00,0x51,0x20,0x61,0x60,0x91,0xE0,0xC1,0x40,0xEA,0x40,0xEA,0x40,0xEA,0x40,0xE2,0x40,0xEA,0x60,0xF2,0x60,0xEA,0x60,0xEA,0x60,0xEA,0x60,0xEA,0x60,0xEA,0x81,0xEA,0x81,0xEA,0x81,0xEA,0x81,0xEA,0x81,0xEA,0x81,0xEA,0x81,0xEA,0xA1,0xEA,0xA1,0xEA,0xA1,0xEA,0xA1,0xEA,0xC1,0xEA,0xC1,0xEA,0xC1,0xEA,0xC1,0xEA,0xC1,0xEA,0xC1,0xEA,
	0xC1,0xEA,0xC1,0xEA,0xC1,0xEA,0xC1,0xEA,0xE1,0xEA,0xE1,0xF2,0xE1,0xF2,0xE1,0xF2,0xE1,0xF2,0xE1,0xF2,0xE1,0xF2,0x01,0xF3,0x01,0xF3,0x01,0xF3,0x01,0xF3,0x01,0xF3,0x01,0xF3,0x21,0xF3,0x21,0xF3,0x21,0xF3,0x21,0xF3,0x21,0xF3,0x41,0xF3,0x41,0xF3,0x41,0xF3,0x42,0xF3,0x42,0xF3,0x42,0xF3,0x42,0xF3,0x42,0xF3,0x42,0xF3,0x42,0xF3,
	0x62,0xF3,0x62,0xF3,0x62,0xF3,0x62,0xF3,0x62,0xFB,0x62,0xFB,0x82,0xFB,0xE1,0xDA,0x00,0x9A,0x80,0x71,0x20,0x51,0x00,0x49,0xE0,0x48,0x00,0x49,0x00,0x49,0x00,0x49,0x00,0x49,0x00,0x49,0x00,0x49,0x00,0x49,0x00,0x49,0x00,0x49,0x00,0x49,0x00,0x49,0x00,0x49,0x00,0x49,0x00,0x49,0x00,0x49,0x00,0x49,0x00,0x49,0x00,0x49,0x00,0x49,
	0x00,0x49,0x00,0x49,0x00,0x49,0x00,0x49,0x00,0x49,0x00,0x49,0x00,0x49,0x00,0x49,0x00,0x49,0x00,0x49,0x00,0x49,0x00,0x49,0x00,0x49,0x00,0x49,0x00,0x49,0x00,0x49,0x00,0x49,0x00,0x49,0x00,0x49,0x00,0x49,0x00,0x49,0x00,0x49,0x00,0x49,0x00,0x49,0x00,0x49,0x00,0x49,0x00,0x49,0x00,0x49,0x00,0x49,0x00,0x49,0x00,0x49,0x00,0x49,
	0xA0,0x30,0x60,0x20,0x80,0x28,0xC0,0x30,0x00,0x49,0x00,0x49,0x00,0x49,0x00,0x49,0x00,0x49,0x00,0x49,0x00,0x49,0x00,0x49,0x00,0x49,0x00,0x49,0x00,0x49,0x00,0x49,0x00,0x49,0x00,0x49,0x00,0x49,0x00,0x49,0x00,0x49,0x00,0x49,0x00,0x49,0x00,0x49,0x00,0x49,0x00,0x49,0x00,0x49,0x00,0x49,0x00,0x49,0x00,0x49,0x00,0x49,0x00,0x49,
	0x00,0x49,0x00,0x49,0x00,0x49,0x00,0x49,0x00,0x49,0x00,0x49,0x00,0x49,0x00,0x49,0x00,0x49,0x00,0x49,0x00,0x49,0x00,0x49,0x00,0x49,0x00,0x49,0x00,0x49,0x00,0x49,0x00,0x49,0x00,0x49,0x00,0x49,0x00,0x49,0x00,0x49,0x00,0x49,0x00,0x49,0x00,0x49,0x00,0x49,0x00,0x49,0x00,0x49,0x00,0x49,0x00,0x49,0x00,0x49,0x00,0x49,0x00,0x49,
	0x00,0x49,0x00,0x49,0x00,0x49,0x00,0x49,0x00,0x49,0x00,0x49,0x00,0x49,0x00,0x49,0x00,0x49,0x00,0x49,0x00,0x49,0x00,0x49,0x00,0x49,0x00,0x49,0x00,0x49,0x00,0x49,0x00,0x49,0x00,0x49,0x00,0x49,0x00,0x49,0x00,0x49,0x00,0x49,0x00,0x49,0x00,0x49,0x00,0x49,0x00,0x49,0x00,0x49,0x00,0x49,0x00,0x49,0x00,0x49,0x00,0x49,0x00,0x49,
	0x00,0x49,0x00,0x49,0x00,0x49,0x00,0x49,0x00,0x49,0x00,0x49,0x00,0x49,0x00,0x49,0x00,0x49,0x00,0x49,0x00,0x49,0x00,0x49,0x00,0x49,0x00,0x49,0x00,0x49,0x00,0x49,0x00,0x49,0x00,0x49,0x00,0x49,0x00,0x49,0x00,0x49,0x00,0x49,0x00,0x49,0x00,0x49,0x00,0x49,0x00,0x49,0x00,0x49,0x00,0x49,0x00,0x49,0x00,0x49,0x00,0x49,0x00,0x49,
	0x00,0x49,0x00,0x49,0x00,0x49,0x00,0x49,0x00,0x49,0x00,0x49,0x00,0x49,0x00,0x49,0x00,0x49,0x00,0x49,0x00,0x49,0x00,0x49,0x00,0x49,0x00,0x49,0x00,0x49,0x00,0x49,0x00,0x49,0x00,0x49,0x00,0x49,0x00,0x49,0x00,0x49,0x00,0x49,0x00,0x49,0x00,0x49,0x00,0x49,0x00,0x49,0x00,0x49,0x00,0x49,0x00,0x49,0x00,0x49,0x00,0x49,0x00,0x49,
	0x00,0x49,0x00,0x49,0x00,0x49,0x00,0x49,0x00,0x49,0x00,0x49,0x00,0x49,0x00,0x49,0x00,0x49,0x00,0x49,0x00,0x49,0x00,0x49,0x00,0x49,0x00,0x49,0x00,0x49,0x00,0x49,0x00,0x49,0x00,0x49,0x00,0x49,0x00,0x49,0x00,0x49,0x00,0x49,0x00,0x49,0x00,0x49,0x00,0x49,0x00,0x49,0x00,0x49,0x00,0x49,0x00,0x49,0x00,0x49,0x00,0x49,0x00,0x49,
	0x00,0x49,0x00,0x49,0x00,0x49,0x00,0x49,0x00,0x49,0x00,0x49,0x00,0x49,0x00,0x49,0x00,0x49,0x00,0x49,0x00,0x49,0x00,0x49,0x00,0x49,0x00,0x49,0x00,0x49,0x00,0x49,0x00,0x49,0x00,0x49,0x00,0x49,0x00,0x49,0x00,0x49,0x00,0x49,0x00,0x49,0x00,0x49,0x00,0x49,0x00,0x49,0x00,0x49,0x00,0x49,0x00,0x49,0x00,0x49,0x00,0x49,0x00,0x49,
	0x00,0x49,0x00,0x49,0x00,0x49,0x00,0x49,0x00,0x49,0x00,0x49,0x00,0x49,0x00,0x49,0x00,0x49,0x00,0x49,0x00,0x49,0x00,0x49,0x00,0x49,0x00,0x49,0x00,0x49,0x00,0x49,0x00,0x49,0x00,0x49,0x00,0x49,0xE0,0x40,0xE0,0x48,0x60,0x81,0xE0,0xB1,0x00,0xD2,0x40,0xE2,0x40,0xEA,0x40,0xEA,0x40,0xE2,0x40,0xE2,0x40,0xEA,0x60,0xF2,0x60,0xEA,
	0x60,0xEA,0x60,0xEA,0x60,0xEA,0x60,0xEA,0x81,0xEA,0x81,0xEA,0x81,0xEA,0x81,0xEA,0x81,0xEA,0x81,0xEA,0x81,0xEA,0xA1,0xEA,0xA1,0xEA,0xA1,0xEA,0xA1,0xEA,0xC1,0xEA,0xC1,0xEA,0xC1,0xEA,0xC1,0xEA,0xC1,0xEA,0xC1,0xEA,0xC1,0xEA,0xC1,0xEA,0xC1,0xEA,0xC1,0xEA,0xE1,0xEA,0xE1,0xF2,0xE1,0xF2,0xE1,0xF2,0xE1,0xF2,0xE1,0xF2,0xE1,0xF2,
	0x01,0xF3,0x01,0xF3,0x01,0xF3,0x01,0xF3,0x01,0xF3,0x01,0xF3,0x21,0xF3,0x21,0xF3,0x21,0xF3,0x21,0xF3,0x21,0xF3,0x41,0xF3,0x41,0xF3,0x41,0xF3,0x42,0xF3,0x42,0xF3,0x42,0xF3,0x42,0xF3,0x42,0xF3,0x42,0xF3,0x42,0xF3,0x62,0xF3,0x62,0xF3,0x62,0xF3,0x62,0xF3,0x62,0xFB,0x62,0xFB,0x62,0xFB,0x62,0xFB,0x21,0xEB,0xC1,0xD2,0x00,0x92,
	0x00,0x51,0xE0,0x40,0x00,0x49,0x00,0x49,0x00,0x49,0x00,0x49,0x00,0x49,0x00,0x49,0x00,0x49,0x00,0x49,0x00,0x49,0x00,0x49,0x00,0x49,0x00,0x49,0x00,0x49,0x00,0x49,0x00,0x49,0x00,0x49,0x00,0x49,0x00,0x49,0x00,0x49,0x00,0x49,0x00,0x49,0x00,0x49,0x00,0x49,0x00,0x49,0x00,0x49,0x00,0x49,0x00,0x49,0x00,0x49,0x00,0x49,0x00,0x49,
	0x00,0x49,0x00,0x49,0x00,0x49,0x00,0x49,0x00,0x49,0x00,0x49,0x00,0x49,0x00,0x49,0x00,0x49,0x00,0x49,0x00,0x49,0x00,0x49,0x00,0x49,0x00,0x49,0x00,0x49,0x00,0x49,0x00,0x49,0x00,0x49,0x00,0x49,0x00,0x49,0x00,0x49,0xC0,0x30,0x80,0x28,0xC0,0x30,0xC0,0x40,0x00,0x49,0x00,0x49,0x00,0x49,0x00,0x49,0x00,0x49,0x00,0x49,0x00,0x49,
	0x00,0x49,0x00,0x49,0x00,0x49,0x00,0x49,0x00,0x49,0x00,0x49,0x00,0x49,0x00,0x49,0x00,0x49,0x00,0x49,0x00,0x49,0x00,0x49,0x00,0x49,0x00,0x49,0x00,0x49,0x00,0x49,0x00,0x49,0x00,0x49,0x00,0x49,0x00,0x49,0x00,0x49,0x00,0x49,0x00,0x49,0x00,0x49,0x00,0x49,0x00,0x49,0x00,0x49,0x00,0x49,0x00,0x49,0x00,0x49,0x00,0x49,0x00,0x49,
	0x00,0x49,0x00,0x49,0x00,0x49,0x00,0x49,0x00,0x49,0x00,0x49,0x00,0x49,0x00,0x49,0x00,0x49,0x00,0x49,0x00,0x49,0x00,0x49,0x00,0x49,0x00,0x49,0x00,0x49,0x00,0x49,0x00,0x49,0x00,0x49,0x00,0x49,0x00,0x49,0x00,0x49,0x00,0x49,0x00,0x49,0x00,0x49,0x00,0x49,0x00,0x49,0x00,0x49,0x00,0x49,0x00,0x49,0x00,0x49,0x00,0x49,0x00,0x49,
	0x00,0x49,0x00,0x49,0x00,0x49,0x00,0x49,0x00,0x49,0x00,0x49,0x00,0x49,0x00,0x49,0x00,0x49,0x00,0x49,0x00,0x49,0x00,0x49,0x00,0x49,0x00,0x49,0x00,0x49,0x00,0x49,0x00,0x49,0x00,0x49,0x00,0x49,0x00,0x49,0x00,0x49,0x00,0x49,0x00,0x49,0x00,0x49,0x00,0x49,0x00,0x49,0x00,0x49,0x00,0x49,0x00,0x49,0x00,0x49,0x00,0x49,0x00,0x49,
	0x00,0x49,0x00,0x49,0x00,0x49,0x00,0x49,0x00,0x49,0x00,0x49,0x00,0x49,0x00,0x49,0x00,0x49,0x00,0x49,0x00,0x49,0x00,0x49,0x00,0x49,0x00,0x49,0x00,0x49,0x00,0x49,0x00,0x49,0x00,0x49,0x00,0x49,0x00,0x49,0x00,0x49,0x00,0x49,0x00,0x49,0x00,0x49,0x00,0x49,0x00,0x49,0x00,0x49,0x00,0x49,0x00,0x49,0x00,0x49,0x00,0x49,0x00,0x49,
	0x00,0x49,0x00,0x49,0x00,0x49,0x00,0x49,0x00,0x49,0x00,0x49,0x00,0x49,0x00,0x49,0x00,0x49,0x00,0x49,0x00,0x49,0x00,0x49,0x00,0x49,0x00,0x49,0x00,0x49,0x00,0x49,0x00,0x49,0x00,0x49,0x00,0x49,0x00,0x49,0x00,0x49,0x00,0x49,0x00,0x49,0x00,0x49,0x00,0x49,0x00,0x49,0x00,0x49,0x00,0x49,0x00,0x49,0x00,0x49,0x00,0x49,0x00,0x49,
	0x00,0x49,0x00,0x49,0x00,0x49,0x00,0x49,0x00,0x49,0x00,0x49,0x00,0x49,0x00,0x49,0x00,0x49,0x00,0x49,0x00,0x49,0x00,0x49,0x00,0x49,0x00,0x49,0x00,0x49,0x00,0x49,0x00,0x49,0x00,0x49,0x00,0x49,0x00,0x49,0x00,0x49,0x00,0x49,0x00,0x49,0x00,0x49,0x00,0x49,0x00,0x49,0x00,0x49,0x00,0x49,0x00,0x49,0x00,0x49,0x00,0x49,0x00,0x49,
	0x00,0x49,0x00,0x49,0x00,0x49,0x00,0x49,0x00,0x49,0x00,0x49,0x00,0x49,0x00,0x49,0x00,0x49,0x00,0x49,0x00,0x49,0x00,0x49,0x00,0x49,0x00,0x49,0x00,0x49,0x00,0x49,0x00,0x49,0x00,0x49,0x00,0x49,0x00,0x49,0x00,0x49,0x00,0x49,0x00,0x49,0x00,0x49,0x00,0x49,0x00,0x49,0x00,0x49,0x00,0x49,0x00,0x49,0x00,0x49,0x00,0x49,0x00,0x49,
	0x00,0x49,0x00,0x49,0x00,0x49,0x00,0x49,0x00,0x49,0x00,0x49,0xE0,0x48,0xE0,0x48,0x20,0x61,0x80,0x89,0xE0,0xB1,0x00,0xE2,0x40,0xEA,0x40,0xEA,0x40,0xE2,0x40,0xE2,0x40,0xE2,0x40,0xE2,0x40,0xEA,0x60,0xF2,0x60,0xEA,0x60,0xEA,0x60,0xEA,0x60,0xEA,0x60,0xEA,0x81,0xEA,0x81,0xEA,0x81,0xEA,0x81,0xEA,0x81,0xEA,0x81,0xEA,0x81,0xEA,
	0xA1,0xEA,0xA1,0xEA,0xA1,0xEA,0xA1,0xEA,0xC1,0xEA,0xC1,0xEA,0xC1,0xEA,0xC1,0xEA,0xC1,0xEA,0xC1,0xEA,0xC1,0xEA,0xC1,0xEA,0xC1,0xEA,0xC1,0xEA,0xE1,0xEA,0xE1,0xF2,0xE1,0xF2,0xE1,0xF2,0xE1,0xF2,0xE1,0xF2,0xE1,0xF2,0x01,0xF3,0x01,0xF3,0x01,0xF3,0x01,0xF3,0x01,0xF3,0x01,0xF3,0x21,0xF3,0x21,0xF3,0x21,0xF3,0x21,0xF3,0x21,0xF3,
	0x41,0xF3,0x41,0xF3,0x41,0xF3,0x42,0xF3,0x42,0xF3,0x42,0xF3,0x42,0xF3,0x42,0xF3,0x42,0xF3,0x42,0xF3,0x62,0xF3,0x62,0xF3,0x62,0xF3,0x62,0xF3,0x62,0xFB,0x62,0xFB,0x62,0xFB,0x62,0xFB,0x82,0xFB,0x42,0xF3,0xC1,0xD2,0x21,0x9A,0x60,0x69,0x00,0x49,0xE0,0x48,0xE0,0x48,0x00,0x49,0x00,0x49,0x00,0x49,0x00,0x49,0x00,0x49,0x00,0x49,
	0x00,0x49,0x00,0x49,0x00,0x49,0x00,0x49,0x00,0x49,0x00,0x49,0x00,0x49,0x00,0x49,0x00,0x49,0x00,0x49,0x00,0x49,0x00,0x49,0x00,0x49,0x00,0x49,0x00,0x49,0x00,0x49,0x00,0x49,0x00,0x49,0x00,0x49,0x00,0x49,0x00,0x49,0x00,0x49,0x00,0x49,0x00,0x49,0x00,0x49,0x00,0x49,0x00,0x49,0x00,0x49,0x00,0x49,0x00,0x49,0x00,0x49,0x00,0x49,
	0x00,0x49,0x00,0x49,0x00,0x49,0x00,0x49,0x00,0x49,0x00,0x49,0x00,0x49,0x00,0x49,0x00,0x49,0x00,0x49,0xC0,0x40,0xC0,0x30,0xE0,0x40,0xE0,0x40,0x00,0x49,0x00,0x49,0x00,0x49,0x00,0x49,0x00,0x49,0x00,0x49,0x00,0x49,0x00,0x49,0x00,0x49,0x00,0x49,0x00,0x49,0x00,0x49,0x00,0x49,0x00,0x49,0x00,0x49,0x00,0x49,0x00,0x49,0x00,0x49,
	0x00,0x49,0x00,0x49,0x00,0x49,0x00,0x49,0x00,0x49,0x00,0x49,0x00,0x49,0x00,0x49,0x00,0x49,0x00,0x49,0x00,0x49,0x00,0x49,0x00,0x49,0x00,0x49,0x00,0x49,0x00,0x49,0x00,0x49,0x00,0x49,0x00,0x49,0x00,0x49,0x00,0x49,0x00,0x49,0x00,0x49,0x00,0x49,0x00,0x49,0x00,0x49,0x00,0x49,0x00,0x49,0x00,0x49,0x00,0x49,0x00,0x49,0x00,0x49,
	0x00,0x49,0x00,0x49,0x00,0x49,0x00,0x49,0x00,0x49,0x00,0x49,0x00,0x49,0x00,0x49,0x00,0x49,0x00,0x49,0x00,0x49,0x00,0x49,0x00,0x49,0x00,0x49,0x00,0x49,0x00,0x49,0x00,0x49,0x00,0x49,0x00,0x49,0x00,0x49,0x00,0x49,0x00,0x49,0x00,0x49,0x00,0x49,0x00,0x49,0x00,0x49,0x00,0x49,0x00,0x49,0x00,0x49,0x00,0x49,0x00,0x49,0x00,0x49,
	0x00,0x49,0x00,0x49,0x00,0x49,0x00,0x49,0x00,0x49,0x00,0x49,0x00,0x49,0x00,0x49,0x00,0x49,0x00,0x49,0x00,0x49,0x00,0x49,0x00,0x49,0x00,0x49,0x00,0x49,0x00,0x49,0x00,0x49,0x00,0x49,0x00,0x49,0x00,0x49,0x00,0x49,0x00,0x49,0x00,0x49,0x00,0x49,0x00,0x49,0x00,0x49,0x00,0x49,0x00,0x49,0x00,0x49,0x00,0x49,0x00,0x49,0x00,0x49,
	0x00,0x49,0x00,0x49,0x00,0x49,0x00,0x49,0x00,0x49,0x00,0x49,0x00,0x49,0x00,0x49,0x00,0x49,0x00,0x49,0x00,0x49,0x00,0x49,0x00,0x49,0x00,0x49,0x00,0x49,0x00,0x49,0x00,0x49,0x00,0x49,0x00,0x49,0x00,0x49,0x00,0x49,0x00,0x49,0x00,0x49,0x00,0x49,0x00,0x49,0x00,0x49,0x00,0x49,0x00,0x49,0x00,0x49,0x00,0x49,0x00,0x49,0x00,0x49,
	0x00,0x49,0x00,0x49,0x00,0x49,0x00,0x49,0x00,0x49,0x00,0x49,0x00,0x49,0x00,0x49,0x00,0x49,0x00,0x49,0x00,0x49,0x00,0x49,0x00,0x49,0x00,0x49,0x00,0x49,0x00,0x49,0x00,0x49,0x00,0x49,0x00,0x49,0x00,0x49,0x00,0x49,0x00,0x49,0x00,0x49,0x00,0x49,0x00,0x49,0x00,0x49,0x00,0x49,0x00,0x49,0x00,0x49,0x00,0x49,0x00,0x49,0x00,0x49,
	0x00,0x49,0x00,0x49,0x00,0x49,0x00,0x49,0x00,0x49,0x00,0x49,0x00,0x49,0x00,0x49,0x00,0x49,0x00,0x49,0x00,0x49,0x00,0x49,0x00,0x49,0x00,0x49,0x00,0x49,0x00,0x49,0x00,0x49,0x00,0x49,0x00,0x49,0x00,0x49,0x00,0x49,0x00,0x49,0x00,0x49,0x00,0x49,0x00,0x49,0x00,0x49,0x00,0x49,0x00,0x49,0x00,0x49,0x00,0x49,0x00,0x49,0x00,0x49,
	0x00,0x49,0x00,0x49,0x00,0x49,0x00,0x49,0x00,0x49,0x00,0x49,0x00,0x49,0x00,0x49,0x00,0x49,0x00,0x49,0x00,0x49,0x00,0x49,0x00,0x49,0x00,0x49,0x00,0x49,0x00,0x49,0x00,0x49,0x00,0x49,0x00,0x49,0x00,0x49,0x00,0x49,0x00,0x49,0x00,0x49,0x00,0x49,0x00,0x49,0x00,0x49,0x00,0x49,0x00,0x49,0x00,0x59,0x80,0x91,0x00,0xD2,0x40,0xE2,
	0x40,0xEA,0x40,0xE2,0x40,0xE2,0x40,0xE2,0x40,0xE2,0x40,0xE2,0x40,0xE2,0x40,0xEA,0x60,0xF2,0x60,0xEA,0x60,0xEA,0x60,0xEA,0x60,0xEA,0x60,0xEA,0x81,0xEA,0x81,0xEA,0x81,0xEA,0x81,0xEA,0x81,0xEA,0x81,0xEA,0x81,0xEA,0xA1,0xEA,0xA1,0xEA,0xA1,0xEA,0xA1,0xEA,0xC1,0xEA,0xC1,0xEA,0xC1,0xEA,0xC1,0xEA,0xC1,0xEA,0xC1,0xEA,0xC1,0xEA,
	0xC1,0xEA,0xC1,0xEA,0xC1,0xEA,0xE1,0xEA,0xE1,0xF2,0xE1,0xF2,0xE1,0xF2,0xE1,0xF2,0xE1,0xF2,0xE1,0xF2,0x01,0xF3,0x01,0xF3,0x01,0xF3,0x01,0xF3,0x01,0xF3,0x01,0xF3,0x21,0xF3,0x21,0xF3,0x21,0xF3,0x21,0xF3,0x21,0xF3,0x41,0xF3,0x41,0xF3,0x41,0xF3,0x42,0xF3,0x42,0xF3,0x42,0xF3,0x42,0xF3,0x42,0xF3,0x42,0xF3,0x42,0xF3,0x62,0xF3,
	0x62,0xF3,0x62,0xF3,0x62,0xF3,0x62,0xFB,0x62,0xFB,0x62,0xFB,0x62,0xFB,0x62,0xFB,0x82,0xFB,0x82,0xFB,0x62,0xF3,0x41,0xB2,0x60,0x69,0x00,0x51,0xE0,0x48,0x00,0x49,0x00,0x49,0x00,0x49,0x00,0x49,0x00,0x49,0x00,0x49,0x00,0x49,0x00,0x49,0x00,0x49,0x00,0x49,0x00,0x49,0x00,0x49,0x00,0x49,0x00,0x49,0x00,0x49,0x00,0x49,0x00,0x49,
	0x00,0x49,0x00,0x49,0x00,0x49,0x00,0x49,0x00,0x49,0x00,0x49,0x00,0x49,0x00,0x49,0x00,0x49,0x00,0x49,0x00,0x49,0x00,0x49,0x00,0x49,0x00,0x49,0x00,0x49,0x00,0x49,0x00,0x49,0x00,0x49,0x00,0x49,0x00,0x49,0x00,0x49,0x00,0x49,0x00,0x49,0x00,0x49,0x00,0x49,0x00,0x49,0x00,0x49,0x00,0x49,0x00,0x49,0x00,0x49,0x00,0x49,0xE0,0x40,
	0xE0,0x40,0xE0,0x40,0xE0,0x40,0x00,0x49,0x00,0x49,0x00,0x49,0x00,0x49,0x00,0x49,0x00,0x49,0x00,0x49,0x00,0x49,0x00,0x49,0x00,0x49,0x00,0x49,0x00,0x49,0x00,0x49,0x00,0x49,0x00,0x49,0x00,0x49,0x00,0x49,0x00,0x49,0x00,0x49,0x00,0x49,0x00,0x49,0x00,0x49,0x00,0x49,0x00,0x49,0x00,0x49,0x00,0x49,0x00,0x49,0x00,0x49,0x00,0x49,
	0x00,0x49,0x00,0x49,0x00,0x49,0x00,0x49,0x00,0x49,0x00,0x49,0x00,0x49,0x00,0x49,0x00,0x49,0x00,0x49,0x00,0x49,0x00,0x49,0x00,0x49,0x00,0x49,0x00,0x49,0x00,0x49,0x00,0x49,0x00,0x49,0x00,0x49,0x00,0x49,0x00,0x49,0x00,0x49,0x00,0x49,0x00,0x49,0x00,0x49,0x00,0x49,0x00,0x49,0x00,0x49,0x00,0x49,0x00,0x49,0x00,0x49,0x00,0x49,
	0x00,0x49,0x00,0x49,0x00,0x49,0x00,0x49,0x00,0x49,0x00,0x49,0x00,0x49,0x00,0x49,0x00,0x49,0x00,0x49,0x00,0x49,0x00,0x49,0x00,0x49,0x00,0x49,0x00,0x49,0x00,0x49,0x00,0x49,0x00,0x49,0x00,0x49,0x00,0x49,0x00,0x49,0x00,0x49,0x00,0x49,0x00,0x49,0x00,0x49,0x00,0x49,0x00,0x49,0x00,0x49,0x00,0x49,0x00,0x49,0x00,0x49,0x00,0x49,
	0x00,0x49,0x00,0x49,0x00,0x49,0x00,0x49,0x00,0x49,0x00,0x49,0x00,0x49,0x00,0x49,0x00,0x49,0x00,0x49,0x00,0x49,0x00,0x49,0x00,0x49,0x00,0x49,0x00,0x49,0x00,0x49,0x00,0x49,0x00,0x49,0x00,0x49,0x00,0x49,0x00,0x49,0x00,0x49,0x00,0x49,0x00,0x49,0x00,0x49,0x00,0x49,0x00,0x49,0x00,0x49,0x00,0x49,0x00,0x49,0x00,0x49,0x00,0x49,
	0x00,0x49,0x00,0x49,0x00,0x49,0x00,0x49,0x00,0x49,0x00,0x49,0x00,0x49,0x00,0x49,0x00,0x49,0x00,0x49,0x00,0x49,0x00,0x49,0x00,0x49,0x00,0x49,0x00,0x49,0x00,0x49,0x00,0x49,0x00,0x49,0x00,0x49,0x00,0x49,0x00,0x49,0x00,0x49,0x00,0x49,0x00,0x49,0x00,0x49,0x00,0x49,0x00,0x49,0x00,0x49,0x00,0x49,0x00,0x49,0x00,0x49,0x00,0x49,
	0x00,0x49,0x00,0x49,0x00,0x49,0x00,0x49,0x00,0x49,0x00,0x49,0x00,0x49,0x00,0x49,0x00,0x49,0x00,0x49,0x00,0x49,0x00,0x49,0x00,0x49,0x00,0x49,0x00,0x49,0x00,0x49,0x00,0x49,0x00,0x49,0x00,0x49,0x00,0x49,0x00,0x49,0x00,0x49,0x00,0x49,0x00,0x49,0x00,0x49,0x00,0x49,0x00,0x49,0x00,0x49,0x00,0x49,0x00,0x49,0x00,0x49,0x00,0x49,
	0x00,0x49,0x00,0x49,0x00,0x49,0x00,0x49,0x00,0x49,0x00,0x49,0x00,0x49,0x00,0x49,0x00,0x49,0x00,0x49,0x00,0x49,0x00,0x49,0x00,0x49,0x00,0x49,0x00,0x49,0x00,0x49,0x00,0x49,0x00,0x49,0x00,0x49,0x00,0x49,0x00,0x49,0x00,0x49,0x00,0x49,0x00,0x49,0x00,0x49,0x00,0x49,0x00,0x49,0x00,0x49,0x00,0x49,0x00,0x49,0x00,0x49,0x00,0x49,
	0x00,0x49,0x00,0x49,0x00,0x49,0x00,0x49,0x00,0x49,0x00,0x49,0x00,0x49,0x00,0x49,0x00,0x49,0x00,0x49,0x00,0x49,0x00,0x49,0x00,0x49,0x00,0x49,0xE0,0x40,0x00,0x49,0x20,0x69,0xC0,0xB1,0x00,0xD2,0x40,0xE2,0x40,0xEA,0x40,0xEA,0x40,0xE2,0x40,0xE2,0x40,0xE2,0x40,0xE2,0x40,0xE2,0x40,0xE2,0x40,0xEA,0x60,0xF2,0x60,0xEA,0x60,0xEA,
	0x60,0xEA,0x60,0xEA,0x60,0xEA,0x81,0xEA,0x81,0xEA,0x81,0xEA,0x81,0xEA,0x81,0xEA,0x81,0xEA,0x81,0xEA,0xA1,0xEA,0xA1,0xEA,0xA1,0xEA,0xA1,0xEA,0xC1,0xF2,0xC1,0xF2,0xE1,0xF2,0xE1,0xF2,0xE1,0xF2,0xE1,0xF2,0xE1,0xFA,0xE1,0xFA,0xE1,0xFA,0xE1,0xFA,0x01,0xFB,0x01,0xFB,0x01,0xFB,0x01,0xFB,0x01,0xFB,0x01,0xFB,0x01,0xFB,0x21,0xFB,
	0x01,0xFB,0x01,0xFB,0x01,0xFB,0x01,0xFB,0x01,0xF3,0x21,0xF3,0x21,0xF3,0x21,0xF3,0x21,0xF3,0x21,0xF3,0x41,0xF3,0x41,0xF3,0x41,0xF3,0x42,0xF3,0x42,0xF3,0x42,0xF3,0x42,0xF3,0x42,0xF3,0x42,0xF3,0x42,0xF3,0x62,0xF3,0x62,0xF3,0x62,0xF3,0x62,0xF3,0x62,0xFB,0x62,0xFB,0x62,0xFB,0x62,0xFB,0x62,0xFB,0x82,0xFB,0x82,0xFB,0x82,0xFB,
	0x41,0xEB,0x81,0xC2,0xA0,0x79,0x20,0x51,0xE0,0x40,0xE0,0x40,0x00,0x49,0x00,0x49,0x00,0x49,0x00,0x49,0x00,0x49,0x00,0x49,0x00,0x49,0x00,0x49,0x00,0x49,0x00,0x49,0x00,0x49,0x00,0x49,0x00,0x49,0x00,0x49,0x00,0x49,0x00,0x49,0x00,0x49,0x00,0x49,0x00,0x49,0x00,0x49,0x00,0x49,0x00,0x49,0x00,0x49,0x00,0x49,0x00,0x49,0x00,0x49,
	0x00,0x49,0x00,0x49,0x00,0x49,0x00,0x49,0x00,0x49,0x00,0x49,0x00,0x49,0x00,0x49,0x00,0x49,0x00,0x49,0x00,0x49,0x00,0x49,0x00,0x49,0x00,0x49,0x00,0x49,0x00,0x49,0x00,0x49,0x00,0x49,0x00,0x49,0x00,0x49,0xE0,0x40,0xE0,0x40,0xE0,0x40,0xE0,0x40,0x00,0x49,0x00,0x49,0x00,0x49,0x00,0x49,0x00,0x49,0x00,0x49,0x00,0x49,0x00,0x49,
	0x00,0x49,0x00,0x49,0x00,0x49,0x00,0x49,0x00,0x49,0x00,0x49,0x00,0x49,0x00,0x49,0x00,0x49,0x00,0x49,0x00,0x49,0x00,0x49,0x00,0x49,0x00,0x49,0x00,0x49,0x00,0x49,0x00,0x49,0x00,0x49,0x00,0x49,0x00,0x49,0x00,0x49,0x00,0x49,0x00,0x49,0x00,0x49,0x00,0x49,0x00,0x49,0x00,0x49,0x00,0x49,0x00,0x49,0x00,0x49,0x00,0x49,0x00,0x49,
	0x00,0x49,0x00,0x49,0x00,0x49,0x00,0x49,0x00,0x49,0x00,0x49,0x00,0x49,0x00,0x49,0x00,0x49,0x00,0x49,0x00,0x49,0x00,0x49,0x00,0x49,0x00,0x49,0x00,0x49,0x00,0x49,0x00,0x49,0x00,0x49,0x00,0x49,0x00,0x49,0x00,0x49,0x00,0x49,0x00,0x49,0x00,0x49,0x00,0x49,0x00,0x49,0x00,0x49,0x00,0x49,0x00,0x49,0x00,0x49,0x00,0x49,0x00,0x49,
	0x00,0x49,0x00,0x49,0x00,0x49,0x00,0x49,0x00,0x49,0x00,0x49,0x00,0x49,0x00,0x49,0x00,0x49,0x00,0x49,0x00,0x49,0x00,0x49,0x00,0x49,0x00,0x49,0x00,0x49,0x00,0x49,0x00,0x49,0x00,0x49,0x00,0x49,0x00,0x49,0x00,0x49,0x00,0x49,0x00,0x49,0x00,0x49,0x00,0x49,0x00,0x49,0x00,0x49,0x00,0x49,0x00,0x49,0x00,0x49,0x00,0x49,0x00,0x49,
	0x00,0x49,0x00,0x49,0x00,0x49,0x00,0x49,0x00,0x49,0x00,0x49,0x00,0x49,0x00,0x49,0x00,0x49,0x00,0x49,0x00,0x49,0x00,0x49,0x00,0x49,0x00,0x49,0x00,0x49,0x00,0x49,0x00,0x49,0x00,0x49,0x00,0x49,0x00,0x49,0x00,0x49,0x00,0x49,0x00,0x49,0x00,0x49,0x00,0x49,0x00,0x49,0x00,0x49,0x00,0x49,0x00,0x49,0x00,0x49,0x00,0x49,0x00,0x49,
	0x00,0x49,0x00,0x49,0x00,0x49,0x00,0x49,0x00,0x49,0x00,0x49,0x00,0x49,0x00,0x49,0x00,0x49,0x00,0x49,0x00,0x49,0x00,0x49,0x00,0x49,0x00,0x49,0x00,0x49,0x00,0x49,0x00,0x49,0x00,0x49,0x00,0x49,0x00,0x49,0x00,0x49,0x00,0x49,0x00,0x49,0x00,0x49,0x00,0x49,0x00,0x49,0x00,0x49,0x00,0x49,0x00,0x49,0x00,0x49,0x00,0x49,0x00,0x49,
	0x00,0x49,0x00,0x49,0x00,0x49,0x00,0x49,0x00,0x49,0x00,0x49,0x00,0x49,0x00,0x49,0x00,0x49,0x00,0x49,0x00,0x49,0x00,0x49,0x00,0x49,0x00,0x49,0x00,0x49,0x00,0x49,0x00,0x49,0x00,0x49,0x00,0x49,0x00,0x49,0x00,0x49,0x00,0x49,0x00,0x49,0x00,0x49,0x00,0x49,0x00,0x49,0x00,0x49,0x00,0x49,0x00,0x49,0x00,0x49,0x00,0x49,0x00,0x49,
	0x00,0x49,0x00,0x49,0x00,0x49,0x00,0x49,0x00,0x49,0x00,0x49,0x00,0x49,0x00,0x49,0x00,0x49,0x00,0x49,0x00,0x49,0x00,0x49,0x00,0x49,0x00,0x49,0x00,0x49,0x00,0x49,0x00,0x49,0x00,0x49,0x00,0x49,0x00,0x49,0x00,0x49,0x00,0x49,0x00,0x49,0x00,0x49,0x00,0x49,0x00,0x49,0x00,0x49,0x00,0x49,0x00,0x49,0x00,0x49,0x00,0x49,0x00,0x49,
	0x00,0x49,0xE0,0x48,0x00,0x49,0x00,0x51,0x40,0x71,0x80,0xA1,0x00,0xE2,0x40,0xEA,0x40,0xEA,0x40,0xE2,0x40,0xE2,0x40,0xE2,0x40,0xE2,0x40,0xE2,0x40,0xE2,0x40,0xE2,0x40,0xE2,0x40,0xEA,0x60,0xF2,0x60,0xEA,0x60,0xEA,0x60,0xEA,0x60,0xEA,0x60,0xEA,0x81,0xEA,0x81,0xEA,0x81,0xEA,0x81,0xEA,0x81,0xEA,0x81,0xEA,0x81,0xEA,0xA1,0xEA,
	0xC1,0xF2,0xC1,0xF2,0xC1,0xF2,0xA1,0xEA,0xA1,0xEA,0xA0,0xDA,0xA0,0xDA,0x80,0xD2,0x80,0xD2,0x40,0xC2,0x40,0xC2,0x40,0xC2,0x40,0xC2,0x40,0xC2,0x40,0xC2,0x40,0xC2,0x40,0xC2,0x80,0xD2,0x80,0xD2,0x80,0xD2,0x80,0xD2,0xA0,0xDA,0xA0,0xDA,0xE1,0xE2,0xE1,0xEA,0x01,0xF3,0x21,0xFB,0x21,0xFB,0x21,0xFB,0x21,0xFB,0x21,0xF3,0x41,0xF3,
	0x41,0xF3,0x41,0xF3,0x42,0xF3,0x42,0xF3,0x42,0xF3,0x42,0xF3,0x42,0xF3,0x42,0xF3,0x42,0xF3,0x62,0xF3,0x62,0xF3,0x62,0xF3,0x62,0xF3,0x62,0xFB,0x62,0xFB,0x62,0xFB,0x62,0xFB,0x62,0xFB,0x82,0xFB,0x82,0xFB,0x82,0xFB,0xA2,0xFB,0x82,0xF3,0x81,0xB2,0xC0,0x81,0x20,0x51,0xE0,0x48,0xE0,0x48,0x00,0x49,0x00,0x49,0x00,0x49,0x00,0x49,
	0x00,0x49,0x00,0x49,0x00,0x49,0x00,0x49,0x00,0x49,0x00,0x49,0x00,0x49,0x00,0x49,0x00,0x49,0x00,0x49,0x00,0x49,0x00,0x49,0x00,0x49,0x00,0x49,0x00,0x49,0x00,0x49,0x00,0x49,0x00,0x49,0x00,0x49,0x00,0x49,0x00,0x49,0x00,0x49,0x00,0x49,0x00,0x49,0x00,0x49,0x00,0x49,0x00,0x49,0x00,0x49,0x00,0x49,0x00,0x49,0x00,0x49,0x00,0x49,
	0x00,0x49,0x00,0x49,0x00,0x49,0x00,0x49,0x00,0x49,0x00,0x49,0x00,0x49,0x00,0x49,0x00,0x49,0xE0,0x40,0xE0,0x40,0x00,0x49,0x00,0x49,0x00,0x49,0x00,0x49,0x00,0x49,0x00,0x49,0x00,0x49,0x00,0x49,0x00,0x49,0x00,0x49,0x00,0x49,0x00,0x49,0x00,0x49,0x00,0x49,0x00,0x49,0x00,0x49,0x00,0x49,0x00,0x49,0x00,0x49,0x00,0x49,0x00,0x49,
	0x00,0x49,0x00,0x49,0x00,0x49,0x00,0x49,0x00,0x49,0x00,0x49,0x00,0x49,0x00,0x49,0x00,0x49,0x00,0x49,0x00,0x49,0x00,0x49,0x00,0x49,0x00,0x49,0x00,0x49,0x00,0x49,0x00,0x49,0x00,0x49,0x00,0x49,0x00,0x49,0x00,0x49,0x00,0x49,0x00,0x49,0x00,0x49,0x00,0x49,0x00,0x49,0x00,0x49,0x00,0x49,0x00,0x49,0x00,0x49,0x00,0x49,0x00,0x49,
	0x00,0x49,0x00,0x49,0x00,0x49,0x00,0x49,0x00,0x49,0x00,0x49,0x00,0x49,0x00,0x49,0x00,0x49,0x00,0x49,0x00,0x49,0x00,0x49,0x00,0x49,0x00,0x49,0x00,0x49,0x00,0x49,0x00,0x49,0x00,0x49,0x00,0x49,0x00,0x49,0x00,0x49,0x00,0x49,0x00,0x49,0x00,0x49,0x00,0x49,0x00,0x49,0x00,0x49,0x00,0x49,0x00,0x49,0x00,0x49,0x00,0x49,0x00,0x49,
	0x00,0x49,0x00,0x49,0x00,0x49,0x00,0x49,0x00,0x49,0x00,0x49,0x00,0x49,0x00,0x49,0x00,0x49,0x00,0x49,0x00,0x49,0x00,0x49,0x00,0x49,0x00,0x49,0x00,0x49,0x00,0x49,0x00,0x49,0x00,0x49,0x00,0x49,0x00,0x49,0x00,0x49,0x00,0x49,0x00,0x49,0x00,0x49,0x00,0x49,0x00,0x49,0x00,0x49,0x00,0x49,0x00,0x49,0x00,0x49,0x00,0x49,0x00,0x49,
	0x00,0x49,0x00,0x49,0x00,0x49,0x00,0x49,0x00,0x49,0x00,0x49,0x00,0x49,0x00,0x49,0x00,0x49,0x00,0x49,0x00,0x49,0x00,0x49,0x00,0x49,0x00,0x49,0x00,0x49,0x00,0x49,0x00,0x49,0x00,0x49,0x00,0x49,0x00,0x49,0x00,0x49,0x00,0x49,0x00,0x49,0x00,0x49,0x00,0x49,0x00,0x49,0x00,0x49,0x00,0x49,0x00,0x49,0x00,0x49,0x00,0x49,0x00,0x49,
	0x00,0x49,0x00,0x49,0x00,0x49,0x00,0x49,0x00,0x49,0x00,0x49,0x00,0x49,0x00,0x49,0x00,0x49,0x00,0x49,0x00,0x49,0x00,0x49,0x00,0x49,0x00,0x49,0x00,0x49,0x00,0x49,0x00,0x49,0x00,0x49,0x00,0x49,0x00,0x49,0x00,0x49,0x00,0x49,0x00,0x49,0x00,0x49,0x00,0x49,0x00,0x49,0x00,0x49,0x00,0x49,0x00,0x49,0x00,0x49,0x00,0x49,0x00,0x49,
	0x00,0x49,0x00,0x49,0x00,0x49,0x00,0x49,0x00,0x49,0x00,0x49,0x00,0x49,0x00,0x49,0x00,0x49,0x00,0x49,0x00,0x49,0x00,0x49,0x00,0x49,0x00,0x49,0x00,0x49,0x00,0x49,0x00,0x49,0x00,0x49,0x00,0x49,0x00,0x49,0x00,0x49,0x00,0x49,0x00,0x49,0x00,0x49,0x00,0x49,0x00,0x49,0x00,0x49,0x00,0x49,0x00,0x49,0x00,0x49,0x00,0x49,0x00,0x49,
	0x00,0x49,0x00,0x49,0x00,0x49,0x00,0x49,0x00,0x49,0x00,0x49,0x00,0x49,0x00,0x49,0x00,0x49,0x00,0x49,0x00,0x49,0x00,0x49,0x00,0x49,0x00,0x49,0x00,0x49,0x00,0x49,0x00,0x49,0x00,0x49,0x00,0x49,0x00,0x49,0x00,0x49,0x00,0x49,0xE0,0x40,0x00,0x51,0x40,0x71,0xC0,0xB1,0x20,0xEA,0x20,0xEA,0x20,0xE2,0x40,0xE2,0x40,0xE2,0x40,0xE2,
	0x40,0xE2,0x40,0xE2,0x40,0xE2,0x40,0xE2,0x40,0xE2,0x40,0xE2,0x40,0xEA,0x60,0xF2,0x60,0xEA,0x60,0xEA,0x60,0xEA,0x60,0xEA,0x60,0xEA,0x81,0xEA,0x81,0xEA,0x81,0xEA,0x81,0xEA,0x81,0xEA,0x81,0xEA,0x81,0xEA,0xA1,0xEA,0xC1,0xF2,0xC1,0xF2,0xC1,0xF2,0xA0,0xDA,0x40,0xC2,0xE0,0xB1,0xC0,0xA1,0x80,0x91,0x80,0x81,0x60,0x71,0x40,0x61,
	0x40,0x59,0x20,0x59,0x20,0x51,0x00,0x51,0x20,0x51,0x20,0x59,0x40,0x59,0x40,0x61,0x60,0x71,0x80,0x81,0xC0,0x89,0x00,0x9A,0x41,0xB2,0x81,0xC2,0xA0,0xDA,0x01,0xF3,0x21,0xFB,0x21,0xFB,0x21,0xFB,0x21,0xF3,0x41,0xF3,0x41,0xF3,0x41,0xF3,0x42,0xF3,0x42,0xF3,0x42,0xF3,0x42,0xF3,0x42,0xF3,0x42,0xF3,0x42,0xF3,0x62,0xF3,0x62,0xF3,
	0x62,0xF3,0x62,0xF3,0x62,0xFB,0x62,0xFB,0x62,0xFB,0x62,0xFB,0x62,0xFB,0x82,0xFB,0x82,0xFB,0x82,0xFB,0x82,0xFB,0x82,0xFB,0x82,0xFB,0xE1,0xD2,0xC0,0x81,0x20,0x51,0xE0,0x40,0x00,0x49,0x00,0x49,0x00,0x49,0x00,0x49,0x00,0x49,0x00,0x49,0x00,0x49,0x00,0x49,0x00,0x49,0x00,0x49,0x00,0x49,0x00,0x49,0x00,0x49,0x00,0x49,0x00,0x49,
	0x00,0x49,0x00,0x49,0x00,0x49,0x00,0x49,0x00,0x49,0x00,0x49,0x00,0x49,0x00,0x49,0x00,0x49,0x00,0x49,0x00,0x49,0x00,0x49,0x00,0x49,0x00,0x49,0x00,0x49,0x00,0x49,0x00,0x49,0x00,0x49,0x00,0x49,0x00,0x49,0x00,0x49,0x00,0x49,0x00,0x49,0x00,0x49,0x00,0x49,0x00,0x49,0x00,0x49,0x00,0x49,0x00,0x49,0x00,0x49,0x00,0x49,0x00,0x49,
	0x00,0x49,0x00,0x49,0x00,0x49,0x00,0x49,0x00,0x49,0x00,0x49,0x00,0x49,0x00,0x49,0x00,0x49,0x00,0x49,0x00,0x49,0x00,0x49,0x00,0x49,0x00,0x49,0x00,0x49,0x00,0x49,0x00,0x49,0x00,0x49,0x00,0x49,0x00,0x49,0x00,0x49,0x00,0x49,0x00,0x49,0x00,0x49,0x00,0x49,0x00,0x49,0x00,0x49,0x00,0x49,0x00,0x49,0x00,0x49,0x00,0x49,0x00,0x49,
	0x00,0x49,0x00,0x49,0x00,0x49,0x00,0x49,0x00,0x49,0x00,0x49,0x00,0x49,0x00,0x49,0x00,0x49,0x00,0x49,0x00,0x49,0x00,0x49,0x00,0x49,0x00,0x49,0x00,0x49,0x00,0x49,0x00,0x49,0x00,0x49,0x00,0x49,0x00,0x49,0x00,0x49,0x00,0x49,0x00,0x49,0x00,0x49,0x00,0x49,0x00,0x49,0x00,0x49,0x00,0x49,0x00,0x49,0x00,0x49,0x00,0x49,0x00,0x49,
	0x00,0x49,0x00,0x49,0x00,0x49,0x00,0x49,0x00,0x49,0x00,0x49,0x00,0x49,0x00,0x49,0x00,0x49,0x00,0x49,0x00,0x49,0x00,0x49,0x00,0x49,0x00,0x49,0x00,0x49,0x00,0x49,0x00,0x49,0x00,0x49,0x00,0x49,0x00,0x49,0x00,0x49,0x00,0x49,0x00,0x49,0x00,0x49,0x00,0x49,0x00,0x49,0x00,0x49,0x00,0x49,0x00,0x49,0x00,0x49,0x00,0x49,0x00,0x49,
	0x00,0x49,0x00,0x49,0x00,0x49,0x00,0x49,0x00,0x49,0x00,0x49,0x00,0x49,0x00,0x49,0x00,0x49,0x00,0x49,0x00,0x49,0x00,0x49,0x00,0x49,0x00,0x49,0x00,0x49,0x00,0x49,0x00,0x49,0x00,0x49,0x00,0x49,0x00,0x49,0x00,0x49,0x00,0x49,0x00,0x49,0x00,0x49,0x00,0x49,0x00,0x49,0x00,0x49,0x00,0x49,0x00,0x49,0x00,0x49,0x00,0x49,0x00,0x49,
	0x00,0x49,0x00,0x49,0x00,0x49,0x00,0x49,0x00,0x49,0x00,0x49,0x00,0x49,0x00,0x49,0x00,0x49,0x00,0x49,0x00,0x49,0x00,0x49,0x00,0x49,0x00,0x49,0x00,0x49,0x00,0x49,0x00,0x49,0x00,0x49,0x00,0x49,0x00,0x49,0x00,0x49,0x00,0x49,0x00,0x49,0x00,0x49,0x00,0x49,0x00,0x49,0x00,0x49,0x00,0x49,0x00,0x49,0x00,0x49,0x00,0x49,0x00,0x49,
	0x00,0x49,0x00,0x49,0x00,0x49,0x00,0x49,0x00,0x49,0x00,0x49,0x00,0x49,0x00,0x49,0x00,0x49,0x00,0x49,0x00,0x49,0x00,0x49,0x00,0x49,0x00,0x49,0x00,0x49,0x00,0x49,0x00,0x49,0x00,0x49,0x00,0x49,0x00,0x49,0x00,0x49,0x00,0x49,0x00,0x49,0x00,0x49,0x00,0x49,0x00,0x49,0x00,0x49,0x00,0x49,0x00,0x49,0x00,0x49,0x00,0x49,0x00,0x49,
	0x00,0x49,0x00,0x49,0x00,0x49,0x00,0x49,0x00,0x49,0x00,0x49,0x00,0x49,0x00,0x49,0x00,0x49,0x00,0x49,0x00,0x49,0x00,0x49,0x00,0x49,0x00,0x49,0x00,0x49,0x00,0x49,0x00,0x49,0x00,0x49,0x00,0x49,0x00,0x49,0x00,0x49,0x00,0x49,0x00,0x49,0x00,0x49,0x00,0x49,0x00,0x49,0x00,0x49,0x00,0x49,0x00,0x49,0x00,0x49,0x00,0x49,0x00,0x49,
	0x00,0x49,0x00,0x49,0x00,0x49,0x00,0x49,0x00,0x49,0x00,0x49,0x00,0x49,0x00,0x49,0x00,0x49,0xE0,0x40,0x00,0x49,0x00,0x51,0x60,0x71,0xC0,0xB1,0x00,0xE2,0x20,0xEA,0x20,0xEA,0x20,0xE2,0x40,0xE2,0x40,0xE2,0x40,0xE2,0x40,0xE2,0x40,0xE2,0x40,0xE2,0x40,0xE2,0x40,0xE2,0x40,0xE2,0x40,0xEA,0x60,0xF2,0x60,0xEA,0x60,0xEA,0x60,0xEA,
	0x60,0xEA,0x60,0xEA,0x81,0xEA,0x81,0xEA,0x80,0xF2,0x81,0xF2,0x81,0xF2,0x81,0xF2,0x60,0xEA,0x40,0xDA,0xE0,0xB1,0xC0,0xA1,0x80,0x99,0x80,0x89,0x80,0x81,0x60,0x71,0x60,0x69,0x20,0x61,0x00,0x59,0x00,0x51,0x00,0x49,0x00,0x41,0xE0,0x40,0xE0,0x40,0xE0,0x40,0xE0,0x40,0xE0,0x40,0xE0,0x40,0x00,0x49,0x00,0x51,0x00,0x59,0x20,0x61,
	0x60,0x69,0x80,0x71,0x80,0x81,0xC0,0x89,0x00,0x9A,0x41,0xA2,0x81,0xC2,0xC1,0xD2,0x21,0xEB,0x41,0xFB,0x41,0xFB,0x41,0xFB,0x42,0xFB,0x42,0xF3,0x42,0xF3,0x42,0xF3,0x42,0xF3,0x42,0xF3,0x42,0xF3,0x62,0xF3,0x62,0xF3,0x62,0xF3,0x62,0xF3,0x62,0xFB,0x62,0xFB,0x62,0xFB,0x62,0xFB,0x62,0xFB,0x82,0xFB,0x82,0xFB,0x82,0xFB,0x82,0xFB,
	0x82,0xFB,0xA2,0xFB,0x62,0xF3,0xC1,0xC2,0xE0,0x81,0x20,0x59,0x00,0x49,0xE0,0x40,0x00,0x49,0x00,0x49,0x00,0x49,0x00,0x49,0x00,0x49,0x00,0x49,0x00,0x49,0x00,0x49,0x00,0x49,0x00,0x49,0x00,0x49,0x00,0x49,0x00,0x49,0x00,0x49,0x00,0x49,0x00,0x49,0x00,0x49,0x00,0x49,0x00,0x49,0x00,0x49,0x00,0x49,0x00,0x49,0x00,0x49,0x00,0x49,
	0x00,0x49,0x00,0x49,0x00,0x49,0x00,0x49,0x00,0x49,0x00,0x49,0x00,0x49,0x00,0x49,0x00,0x49,0x00,0x49,0x00,0x49,0x00,0x49,0x00,0x49,0x00,0x49,0x00,0x49,0x00,0x49,0x00,0x49,0x00,0x49,0x00,0x49,0x00,0x49,0x00,0x49,0x00,0x49,0x00,0x49,0x00,0x49,0x00,0x49,0x00,0x49,0x00,0x49,0x00,0x49,0x00,0x49,0x00,0x49,0x00,0x49,0x00,0x49,
	0x00,0x49,0x00,0x49,0x00,0x49,0x00,0x49,0x00,0x49,0x00,0x49,0x00,0x49,0x00,0x49,0x00,0x49,0x00,0x49,0x00,0x49,0x00,0x49,0x00,0x49,0x00,0x49,0x00,0x49,0x00,0x49,0x00,0x49,0x00,0x49,0x00,0x49,0x00,0x49,0x00,0x49,0x00,0x49,0x00,0x49,0x00,0x49,0x00,0x49,0x00,0x49,0x00,0x49,0x00,0x49,0x00,0x49,0x00,0x49,0x00,0x49,0x00,0x49,
	0x00,0x49,0x00,0x49,0x00,0x49,0x00,0x49,0x00,0x49,0x00,0x49,0x00,0x49,0x00,0x49,0x00,0x49,0x00,0x49,0x00,0x49,0x00,0x49,0x00,0x49,0x00,0x49,0x00,0x49,0x00,0x49,0x00,0x49,0x00,0x49,0x00,0x49,0x00,0x49,0x00,0x49,0x00,0x49,0x00,0x49,0x00,0x49,0x00,0x49,0x00,0x49,0x00,0x49,0x00,0x49,0x00,0x49,0x00,0x49,0x00,0x49,0x00,0x49,
	0x00,0x49,0x00,0x49,0x00,0x49,0x00,0x49,0x00,0x49,0x00,0x49,0x00,0x49,0x00,0x49,0x00,0x49,0x00,0x49,0x00,0x49,0x00,0x49,0x00,0x49,0x00,0x49,0x00,0x49,0x00,0x49,0x00,0x49,0x00,0x49,0x00,0x49,0x00,0x49,0x00,0x49,0x00,0x49,0x00,0x49,0x00,0x49,0x00,0x49,0x00,0x49,0x00,0x49,0x00,0x49,0x00,0x49,0x00,0x49,0x00,0x49,0x00,0x49,
	0x00,0x49,0x00,0x49,0x00,0x49,0x00,0x49,0x00,0x49,0x00,0x49,0x00,0x49,0x00,0x49,0x00,0x49,0x00,0x49,0x00,0x49,0x00,0x49,0x00,0x49,0x00,0x49,0x00,0x49,0x00,0x49,0x00,0x49,0x00,0x49,0x00,0x49,0x00,0x49,0x00,0x49,0x00,0x49,0x00,0x49,0x00,0x49,0x00,0x49,0x00,0x49,0x00,0x49,0x00,0x49,0x00,0x49,0x00,0x49,0x00,0x49,0x00,0x49,
	0x00,0x49,0x00,0x49,0x00,0x49,0x00,0x49,0x00,0x49,0x00,0x49,0x00,0x49,0x00,0x49,0x00,0x49,0x00,0x49,0x00,0x49,0x00,0x49,0x00,0x49,0x00,0x49,0x00,0x49,0x00,0x49,0x00,0x49,0x00,0x49,0x00,0x49,0x00,0x49,0x00,0x49,0x00,0x49,0x00,0x49,0x00,0x49,0x00,0x49,0x00,0x49,0x00,0x49,0x00,0x49,0x00,0x49,0x00,0x49,0x00,0x49,0x00,0x49,
	0x00,0x49,0x00,0x49,0x00,0x49,0x00,0x49,0x00,0x49,0x00,0x49,0x00,0x49,0x00,0x49,0x00,0x49,0x00,0x49,0x00,0x49,0x00,0x49,0x00,0x49,0x00,0x49,0x00,0x49,0x00,0x49,0x00,0x49,0x00,0x49,0x00,0x49,0x00,0x49,0x00,0x49,0x00,0x49,0x00,0x49,0x00,0x49,0x00,0x49,0x00,0x49,0x00,0x49,0x00,0x49,0x00,0x49,0x00,0x49,0x00,0x49,0x00,0x49,
	0x00,0x49,0x00,0x49,0x00,0x49,0x00,0x49,0x00,0x49,0x00,0x49,0x00,0x49,0x00,0x49,0x00,0x49,0x00,0x49,0x00,0x49,0x00,0x49,0x00,0x49,0x00,0x49,0x00,0x49,0x00,0x49,0x00,0x49,0x00,0x49,0x00,0x49,0x00,0x49,0x00,0x49,0x00,0x49,0x00,0x49,0x00,0x49,0x00,0x49,0x00,0x49,0x00,0x49,0x00,0x49,0x00,0x49,0x00,0x49,0xE0,0x48,0x00,0x51,
	0x40,0x71,0x80,0xA1,0x20,0xEA,0x20,0xEA,0x20,0xE2,0x20,0xE2,0x20,0xE2,0x40,0xE2,0x40,0xE2,0x40,0xE2,0x40,0xE2,0x40,0xE2,0x40,0xE2,0x40,0xE2,0x40,0xE2,0x40,0xE2,0x40,0xEA,0x60,0xF2,0x60,0xEA,0x60,0xEA,0x60,0xEA,0x60,0xEA,0x60,0xEA,0x81,0xEA,0x81,0xEA,0x81,0xEA,0xA1,0xEA,0x40,0xE2,0x40,0xDA,0xE0,0xC1,0xC0,0xA1,0x80,0x81,
	0x20,0x59,0xE0,0x40,0xE0,0x40,0xE0,0x40,0xE0,0x40,0xE0,0x40,0xE0,0x40,0xE0,0x40,0xE0,0x48,0x00,0x49,0x00,0x49,0x00,0x49,0x00,0x49,0x00,0x49,0x00,0x49,0x00,0x49,0x00,0x49,0x00,0x49,0xE0,0x48,0xE0,0x48,0xE0,0x40,0xE0,0x40,0xE0,0x40,0xE0,0x40,0xE0,0x40,0xE0,0x40,0x40,0x59,0xA0,0x79,0x00,0x9A,0x81,0xC2,0xE1,0xE2,0xE1,0xEA,
	0x21,0xEB,0x21,0xF3,0x42,0xFB,0x42,0xFB,0x42,0xF3,0x42,0xF3,0x42,0xF3,0x42,0xF3,0x62,0xF3,0x62,0xF3,0x62,0xF3,0x62,0xF3,0x62,0xFB,0x62,0xFB,0x62,0xFB,0x62,0xFB,0x62,0xFB,0x82,0xFB,0x82,0xFB,0x82,0xFB,0x82,0xFB,0x82,0xFB,0x82,0xFB,0xA2,0xFB,0xA2,0xFB,0xC1,0xC2,0xC0,0x81,0x20,0x51,0xE0,0x40,0x00,0x49,0x00,0x49,0x00,0x49,
	0x00,0x49,0x00,0x49,0x00,0x49,0x00,0x49,0x00,0x49,0x00,0x49,0x00,0x49,0x00,0x49,0x00,0x49,0x00,0x49,0x00,0x49,0x00,0x49,0x00,0x49,0x00,0x49,0x00,0x49,0x00,0x49,0x00,0x49,0x00,0x49,0x00,0x49,0x00,0x49,0x00,0x49,0x00,0x49,0x00,0x49,0x00,0x49,0x00,0x49,0x00,0x49,0x00,0x49,0x00,0x49,0x00,0x49,0x00,0x49,0x00,0x49,0x00,0x49,
	0x00,0x49,0x00,0x49,0x00,0x49,0x00,0x49,0x00,0x49,0x00,0x49,0x00,0x49,0x00,0x49,0x00,0x49,0x00,0x49,0x00,0x49,0x00,0x49,0x00,0x49,0x00,0x49,0x00,0x49,0x00,0x49,0x00,0x49,0x00,0x49,0x00,0x49,0x00,0x49,0x00,0x49,0x00,0x49,0x00,0x49,0x00,0x49,0x00,0x49,0x00,0x49,0x00,0x49,0x00,0x49,0x00,0x49,0x00,0x49,0x00,0x49,0x00,0x49,
	0x00,0x49,0x00,0x49,0x00,0x49,0x00,0x49,0x00,0x49,0x00,0x49,0x00,0x49,0x00,0x49,0x00,0x49,0x00,0x49,0x00,0x49,0x00,0x49,0x00,0x49,0x00,0x49,0x00,0x49,0x00,0x49,0x00,0x49,0x00,0x49,0x00,0x49,0x00,0x49,0x00,0x49,0x00,0x49,0x00,0x49,0x00,0x49,0x00,0x49,0x00,0x49,0x00,0x49,0x00,0x49,0x00,0x49,0x00,0x49,0x00,0x49,0x00,0x49,
	0x00,0x49,0x00,0x49,0x00,0x49,0x00,0x49,0x00,0x49,0x00,0x49,0x00,0x49,0x00,0x49,0x00,0x49,0x00,0x49,0x00,0x49,0x00,0x49,0x00,0x49,0x00,0x49,0x00,0x49,0x00,0x49,0x00,0x49,0x00,0x49,0x00,0x49,0x00,0x49,0x00,0x49,0x00,0x49,0x00,0x49,0x00,0x49,0x00,0x49,0x00,0x49,0x00,0x49,0x00,0x49,0x00,0x49,0x00,0x49,0x00,0x49,0x00,0x49,
	0x00,0x49,0x00,0x49,0x00,0x49,0x00,0x49,0x00,0x49,0x00,0x49,0x00,0x49,0x00,0x49,0x00,0x49,0x00,0x49,0x00,0x49,0x00,0x49,0x00,0x49,0x00,0x49,0x00,0x49,0x00,0x49,0x00,0x49,0x00,0x49,0x00,0x49,0x00,0x49,0x00,0x49,0x00,0x49,0x00,0x49,0x00,0x49,0x00,0x49,0x00,0x49,0x00,0x49,0x00,0x49,0x00,0x49,0x00,0x49,0x00,0x49,0x00,0x49,
	0x00,0x49,0x00,0x49,0x00,0x49,0x00,0x49,0x00,0x49,0x00,0x49,0x00,0x49,0x00,0x49,0x00,0x49,0x00,0x49,0x00,0x49,0x00,0x49,0x00,0x49,0x00,0x49,0x00,0x49,0x00,0x49,0x00,0x49,0x00,0x49,0x00,0x49,0x00,0x49,0x00,0x49,0x00,0x49,0x00,0x49,0x00,0x49,0x00,0x49,0x00,0x49,0x00,0x49,0x00,0x49,0x00,0x49,0x00,0x49,0x00,0x49,0x00,0x49,
	0x00,0x49,0x00,0x49,0x00,0x49,0x00,0x49,0x00,0x49,0x00,0x49,0x00,0x49,0x00,0x49,0x00,0x49,0x00,0x49,0x00,0x49,0x00,0x49,0x00,0x49,0x00,0x49,0x00,0x49,0x00,0x49,0x00,0x49,0x00,0x49,0x00,0x49,0x00,0x49,0x00,0x49,0x00,0x49,0x00,0x49,0x00,0x49,0x00,0x49,0x00,0x49,0x00,0x49,0x00,0x49,0x00,0x49,0x00,0x49,0x00,0x49,0x00,0x49,
	0x00,0x49,0x00,0x49,0x00,0x49,0x00,0x49,0x00,0x49,0x00,0x49,0x00,0x49,0x00,0x49,0x00,0x49,0x00,0x49,0x00,0x49,0x00,0x49,0x00,0x49,0x00,0x49,0x00,0x49,0x00,0x49,0x00,0x49,0x00,0x49,0x00,0x49,0x00,0x49,0x00,0x49,0x00,0x49,0x00,0x49,0x00,0x49,0x00,0x49,0x00,0x49,0x00,0x49,0x00,0x49,0x00,0x49,0x00,0x49,0x00,0x49,0x00,0x49,
	0x00,0x49,0x00,0x49,0x00,0x49,0x00,0x49,0x00,0x49,0x00,0x49,0x00,0x49,0x00,0x49,0x00,0x49,0x00,0x49,0x00,0x49,0x00,0x49,0x00,0x49,0x00,0x49,0x00,0x49,0x00,0x49,0x00,0x49,0x00,0x49,0x00,0x41,0x00,0x49,0x20,0x69,0xC0,0xB1,0x00,0xE2,0x20,0xEA,0x20,0xEA,0x20,0xE2,0x20,0xE2,0x20,0xE2,0x40,0xE2,0x40,0xE2,0x40,0xE2,0x40,0xE2,
	0x40,0xE2,0x40,0xE2,0x40,0xE2,0x40,0xE2,0x40,0xE2,0x40,0xEA,0x60,0xF2,0x60,0xEA,0x60,0xEA,0x60,0xEA,0x60,0xEA,0x60,0xF2,0x81,0xF2,0x81,0xF2,0x60,0xE2,0xE0,0xB1,0x80,0x91,0x60,0x71,0x20,0x61,0x40,0x59,0x00,0x51,0x00,0x49,0xE0,0x48,0xE0,0x40,0xE0,0x40,0xE0,0x48,0x00,0x49,0x00,0x49,0x00,0x49,0x00,0x49,0x00,0x49,0x00,0x49,
	0x00,0x49,0x00,0x49,0x00,0x49,0x00,0x49,0x00,0x49,0x00,0x49,0x00,0x49,0x00,0x49,0x00,0x49,0x00,0x49,0xE0,0x48,0xE0,0x48,0xE0,0x40,0xE0,0x40,0xE0,0x48,0x00,0x49,0x20,0x51,0x20,0x59,0x40,0x61,0x60,0x71,0x00,0x92,0x81,0xC2,0x21,0xEB,0x41,0xFB,0x62,0xFB,0x42,0xFB,0x42,0xF3,0x42,0xF3,0x42,0xF3,0x62,0xF3,0x62,0xF3,0x62,0xF3,
	0x62,0xF3,0x62,0xFB,0x62,0xFB,0x62,0xFB,0x62,0xFB,0x62,0xFB,0x82,0xFB,0x82,0xFB,0x82,0xFB,0x82,0xFB,0x82,0xFB,0x82,0xFB,0x82,0xFB,0xA2,0xFB,0x82,0xF3,0xE1,0xD2,0xA0,0x79,0x20,0x51,0xE0,0x40,0xE0,0x48,0x00,0x49,0x00,0x49,0x00,0x49,0x00,0x49,0x00,0x49,0x00,0x49,0x00,0x49,0x00,0x49,0x00,0x49,0x00,0x49,0x00,0x49,0x00,0x49,
	0x00,0x49,0x00,0x49,0x00,0x49,0x00,0x49,0x00,0x49,0x00,0x49,0x00,0x49,0x00,0x49,0x00,0x49,0x00,0x49,0x00,0x49,0x00,0x49,0x00,0x49,0x00,0x49,0x00,0x49,0x00,0x49,0x00,0x49,0x00,0x49,0x00,0x49,0x00,0x49,0x00,0x49,0x00,0x49,0x00,0x49,0x00,0x49,0x00,0x49,0x00,0x49,0x00,0x49,0x00,0x49,0x00,0x49,0x00,0x49,0x00,0x49,0x00,0x49,
	0x00,0x49,0x00,0x49,0x00,0x49,0x00,0x49,0x00,0x49,0x00,0x49,0x00,0x49,0x00,0x49,0x00,0x49,0x00,0x49,0x00,0x49,0x00,0x49,0x00,0x49,0x00,0x49,0x00,0x49,0x00,0x49,0x00,0x49,0x00,0x49,0x00,0x49,0x00,0x49,0x00,0x49,0x00,0x49,0x00,0x49,0x00,0x49,0x00,0x49,0x00,0x49,0x00,0x49,0x00,0x49,0x00,0x49,0x00,0x49,0x00,0x49,0x00,0x49,
	0x00,0x49,0x00,0x49,0x00,0x49,0x00,0x49,0x00,0x49,0x00,0x49,0x00,0x49,0x00,0x49,0x00,0x49,0x00,0x49,0x00,0x49,0x00,0x49,0x00,0x49,0x00,0x49,0x00,0x49,0x00,0x49,0x00,0x49,0x00,0x49,0x00,0x49,0x00,0x49,0x00,0x49,0x00,0x49,0x00,0x49,0x00,0x49,0x00,0x49,0x00,0x49,0x00,0x49,0x00,0x49,0x00,0x49,0x00,0x49,0x00,0x49,0x00,0x49,
	0x00,0x49,0x00,0x49,0x00,0x49,0x00,0x49,0x00,0x49,0x00,0x49,0x00,0x49,0x00,0x49,0x00,0x49,0x00,0x49,0x00,0x49,0x00,0x49,0x00,0x49,0x00,0x49,0x00,0x49,0x00,0x49,0x00,0x49,0x00,0x49,0x00,0x49,0x00,0x49,0x00,0x49,0x00,0x49,0x00,0x49,0x00,0x49,0x00,0x49,0x00,0x49,0x00,0x49,0x00,0x49,0x00,0x49,0x00,0x49,0x00,0x49,0x00,0x49,
	0x00,0x49,0x00,0x49,0x00,0x49,0x00,0x49,0x00,0x49,0x00,0x49,0x00,0x49,0x00,0x49,0x00,0x49,0x00,0x49,0x00,0x49,0x00,0x49,0x00,0x49,0x00,0x49,0x00,0x49,0x00,0x49,0x00,0x49,0x00,0x49,0x00,0x49,0x00,0x49,0x00,0x49,0x00,0x49,0x00,0x49,0x00,0x49,0x00,0x49,0x00,0x49,0x00,0x49,0x00,0x49,0x00,0x49,0x00,0x49,0x00,0x49,0x00,0x49,
	0x00,0x49,0x00,0x49,0x00,0x49,0x00,0x49,0x00,0x49,0x00,0x49,0x00,0x49,0x00,0x49,0x00,0x49,0x00,0x49,0x00,0x49,0x00,0x49,0x00,0x49,0x00,0x49,0x00,0x49,0x00,0x49,0x00,0x49,0x00,0x49,0x00,0x49,0x00,0x49,0x00,0x49,0x00,0x49,0x00,0x49,0x00,0x49,0x00,0x49,0x00,0x49,0x00,0x49,0x00,0x49,0x00,0x49,0x00,0x49,0x00,0x49,0x00,0x49,
	0x00,0x49,0x00,0x49,0x00,0x49,0x00,0x49,0x00,0x49,0x00,0x49,0x00,0x49,0x00,0x49,0x00,0x49,0x00,0x49,0x00,0x49,0x00,0x49,0x00,0x49,0x00,0x49,0x00,0x49,0x00,0x49,0x00,0x49,0x00,0x49,0x00,0x49,0x00,0x49,0x00,0x49,0x00,0x49,0x00,0x49,0x00,0x49,0x00,0x49,0x00,0x49,0x00,0x49,0x00,0x49,0x00,0x49,0x00,0x49,0x00,0x49,0x00,0x49,
	0x00,0x49,0x00,0x49,0x00,0x49,0x00,0x49,0x00,0x49,0x00,0x49,0x00,0x49,0x00,0x49,0x00,0x49,0x00,0x49,0x00,0x49,0x00,0x49,0x00,0x49,0x00,0x49,0x00,0x49,0x00,0x49,0x00,0x49,0x00,0x49,0x00,0x49,0x00,0x49,0x00,0x49,0x00,0x49,0x00,0x49,0x00,0x49,0x00,0x49,0x00,0x49,0x00,0x49,0x00,0x49,0x00,0x49,0x00,0x49,0x00,0x49,0x00,0x49,
	0x00,0x49,0x00,0x49,0x00,0x49,0x00,0x49,0x00,0x49,0x00,0x49,0x00,0x49,0x00,0x49,0x20,0x69,0x80,0xA1,0x00,0xE2,0x40,0xF2,0x20,0xE2,0x20,0xE2,0x20,0xE2,0x20,0xE2,0x20,0xE2,0x40,0xE2,0x40,0xE2,0x40,0xE2,0x40,0xE2,0x40,0xE2,0x40,0xE2,0x40,0xE2,0x40,0xE2,0x40,0xE2,0x40,0xEA,0x60,0xF2,0x60,0xEA,0x60,0xF2,0x60,0xF2,0x80,0xF2,
	0xA1,0xEA,0x40,0xDA,0xE0,0xC1,0xC0,0xA1,0x80,0x81,0x20,0x59,0xE0,0x40,0xE0,0x38,0xE0,0x40,0xE0,0x40,0xE0,0x48,0x00,0x49,0x00,0x49,0x00,0x49,0x00,0x49,0x00,0x49,0x00,0x49,0x00,0x49,0x00,0x49,0x00,0x49,0x00,0x49,0x00,0x49,0x00,0x49,0x00,0x49,0x00,0x49,0x00,0x49,0x00,0x49,0x00,0x49,0x00,0x49,0x00,0x49,0x00,0x49,0x00,0x49,
	0x00,0x49,0x00,0x49,0x00,0x49,0x00,0x49,0xE0,0x48,0xE0,0x40,0xE0,0x40,0xE0,0x40,0xE0,0x40,0x40,0x59,0xC0,0x81,0x41,0xA2,0x81,0xC2,0xE1,0xDA,0x21,0xF3,0x41,0xFB,0x42,0xFB,0x42,0xFB,0x62,0xF3,0x62,0xF3,0x62,0xF3,0x62,0xF3,0x62,0xFB,0x62,0xFB,0x62,0xFB,0x62,0xFB,0x62,0xFB,0x82,0xFB,0x82,0xFB,0x82,0xFB,0x82,0xFB,0x82,0xFB,
	0x82,0xFB,0x82,0xFB,0xA2,0xFB,0xC2,0xFB,0x82,0xF3,0xA1,0xBA,0xC0,0x81,0x00,0x49,0xE0,0x48,0x00,0x49,0x00,0x49,0x00,0x49,0x00,0x49,0x00,0x49,0x00,0x49,0x00,0x49,0x00,0x49,0x00,0x49,0x00,0x49,0x00,0x49,0x00,0x49,0x00,0x49,0x00,0x49,0x00,0x49,0x00,0x49,0x00,0x49,0x00,0x49,0x00,0x49,0x00,0x49,0x00,0x49,0x00,0x49,0x00,0x49,
	0x00,0x49,0x00,0x49,0x00,0x49,0x00,0x49,0x00,0x49,0x00,0x49,0x00,0x49,0x00,0x49,0x00,0x49,0x00,0x49,0x00,0x49,0x00,0x49,0x00,0x49,0x00,0x49,0x00,0x49,0x00,0x49,0x00,0x49,0x00,0x49,0x00,0x49,0x00,0x49,0x00,0x49,0x00,0x49,0x00,0x49,0x00,0x49,0x00,0x49,0x00,0x49,0x00,0x49,0x00,0x49,0x00,0x49,0x00,0x49,0x00,0x49,0x00,0x49,
	0x00,0x49,0x00,0x49,0x00,0x49,0x00,0x49,0x00,0x49,0x00,0x49,0x00,0x49,0x00,0x49,0x00,0x49,0x00,0x49,0x00,0x49,0x00,0x49,0x00,0x49,0x00,0x49,0x00,0x49,0x00,0x49,0x00,0x49,0x00,0x49,0x00,0x49,0x00,0x49,0x00,0x49,0x00,0x49,0x00,0x49,0x00,0x49,0x00,0x49,0x00,0x49,0x00,0x49,0x00,0x49,0x00,0x49,0x00,0x49,0x00,0x49,0x00,0x49,
	0x00,0x49,0x00,0x49,0x00,0x49,0x00,0x49,0x00,0x49,0x00,0x49,0x00,0x49,0x00,0x49,0x00,0x49,0x00,0x49,0x00,0x49,0x00,0x49,0x00,0x49,0x00,0x49,0x00,0x49,0x00,0x49,0x00,0x49,0x00,0x49,0x00,0x49,0x00,0x49,0x00,0x49,0x00,0x49,0x00,0x49,0x00,0x49,0x00,0x49,0x00,0x49,0x00,0x49,0x00,0x49,0x00,0x49,0x00,0x49,0x00,0x49,0x00,0x49,
	0x00,0x49,0x00,0x49,0x00,0x49,0x00,0x49,0x00,0x49,0x00,0x49,0x00,0x49,0x00,0x49,0x00,0x49,0x00,0x49,0x00,0x49,0x00,0x49,0x00,0x49,0x00,0x49,0x00,0x49,0x00,0x49,0x00,0x49,0x00,0x49,0x00,0x49,0x00,0x49,0x00,0x49,0x00,0x49,0x00,0x49,0x00,0x49,0x00,0x49,0x00,0x49,0x00,0x49,0x00,0x49,0x00,0x49,0x00,0x49,0x00,0x49,0x00,0x49,
	0x00,0x49,0x00,0x49,0x00,0x49,0x00,0x49,0x00,0x49,0x00,0x49,0x00,0x49,0x00,0x49,0x00,0x49,0x00,0x49,0x00,0x49,0x00,0x49,0x00,0x49,0x00,0x49,0x00,0x49,0x00,0x49,0x00,0x49,0x00,0x49,0x00,0x49,0x00,0x49,0x00,0x49,0x00,0x49,0x00,0x49,0x00,0x49,0x00,0x49,0x00,0x49,0x00,0x49,0x00,0x49,0x00,0x49,0x00,0x49,0x00,0x49,0x00,0x49,
	0x00,0x49,0x00,0x49,0x00,0x49,0x00,0x49,0x00,0x49,0x00,0x49,0x00,0x49,0x00,0x49,0x00,0x49,0x00,0x49,0x00,0x49,0x00,0x49,0x00,0x49,0x00,0x49,0x00,0x49,0x00,0x49,0x00,0x49,0x00,0x49,0x00,0x49,0x00,0x49,0x00,0x49,0x00,0x49,0x00,0x49,0x00,0x49,0x00,0x49,0x00,0x49,0x00,0x49,0x00,0x49,0x00,0x49,0x00,0x49,0x00,0x49,0x00,0x49,
	0x00,0x49,0x00,0x49,0x00,0x49,0x00,0x49,0x00,0x49,0x00,0x49,0x00,0x49,0x00,0x49,0x00,0x49,0x00,0x49,0x00,0x49,0x00,0x49,0x00,0x49,0x00,0x49,0x00,0x49,0x00,0x49,0x00,0x49,0x00,0x49,0x00,0x49,0x00,0x49,0x00,0x49,0x00,0x49,0x00,0x49,0x00,0x49,0x00,0x49,0x00,0x49,0x00,0x49,0x00,0x49,0x00,0x49,0x00,0x49,0x00,0x49,0x00,0x49,
	0x00,0x49,0x00,0x49,0x00,0x49,0x00,0x49,0x00,0x49,0x00,0x49,0x00,0x49,0x00,0x49,0x00,0x49,0x00,0x49,0x00,0x49,0x00,0x49,0x00,0x49,0x00,0x49,0x00,0x49,0x00,0x49,0x00,0x49,0x00,0x49,0x00,0x49,0x00,0x49,0x00,0x49,0x00,0x49,0x00,0x49,0x00,0x49,0x00,0x49,0x00,0x49,0x00,0x49,0x00,0x49,0x00,0x59,0x80,0x99,0x00,0xE2,0x20,0xEA,
	0x20,0xEA,0x20,0xE2,0x20,0xE2,0x20,0xE2,0x20,0xE2,0x20,0xE2,0x40,0xE2,0x40,0xE2,0x40,0xE2,0x40,0xE2,0x40,0xE2,0x40,0xE2,0x40,0xE2,0x40,0xE2,0x40,0xE2,0x40,0xEA,0x60,0xF2,0x60,0xEA,0x60,0xF2,0x60,0xEA,0x60,0xEA,0x40,0xC2,0x80,0x99,0x20,0x69,0x00,0x49,0x00,0x49,0x00,0x49,0x00,0x49,0x00,0x49,0x00,0x49,0x00,0x49,0x00,0x49,
	0x00,0x49,0x00,0x49,0x00,0x49,0x00,0x49,0x00,0x49,0x00,0x49,0x00,0x49,0x00,0x49,0x00,0x49,0x00,0x49,0x00,0x49,0x00,0x49,0x00,0x49,0x00,0x49,0x00,0x49,0x00,0x49,0x00,0x49,0x00,0x49,0x00,0x49,0x00,0x49,0x00,0x49,0x00,0x49,0x00,0x49,0x00,0x49,0x00,0x49,0x00,0x49,0x00,0x49,0x00,0x49,0x00,0x49,0x00,0x49,0x00,0x49,0x00,0x49,
	0xE0,0x48,0x60,0x69,0x21,0x9A,0xE1,0xDA,0x21,0xF3,0x42,0xF3,0x42,0xFB,0x62,0xF3,0x62,0xF3,0x62,0xF3,0x62,0xF3,0x62,0xFB,0x62,0xFB,0x62,0xFB,0x62,0xFB,0x62,0xFB,0x82,0xFB,0x82,0xFB,0x82,0xFB,0x82,0xFB,0x82,0xFB,0x82,0xFB,0x82,0xFB,0xA2,0xFB,0xA2,0xFB,0xA2,0xFB,0xA2,0xFB,0xA1,0xBA,0x60,0x69,0x00,0x49,0xE0,0x48,0x00,0x49,
	0x00,0x49,0x00,0x49,0x00,0x49,0x00,0x49,0x00,0x49,0x00,0x49,0x00,0x49,0x00,0x49,0x00,0x49,0x00,0x49,0x00,0x49,0x00,0x49,0x00,0x49,0x00,0x49,0x00,0x49,0x00,0x49,0x00,0x49,0x00,0x49,0x00,0x49,0x00,0x49,0x00,0x49,0x00,0x49,0x00,0x49,0x00,0x49,0x00,0x49,0x00,0x49,0x00,0x49,0x00,0x49,0x00,0x49,0x00,0x49,0x00,0x49,0x00,0x49,
	0x00,0x49,0x00,0x49,0x00,0x49,0x00,0x49,0x00,0x49,0x00,0x49,0x00,0x49,0x00,0x49,0x00,0x49,0x00,0x49,0x00,0x49,0x00,0x49,0x00,0x49,0x00,0x49,0x00,0x49,0x00,0x49,0x00,0x49,0x00,0x49,0x00,0x49,0x00,0x49,0x00,0x49,0x00,0x49,0x00,0x49,0x00,0x49,0x00,0x49,0x00,0x49,0x00,0x49,0x00,0x49,0x00,0x49,0x00,0x49,0x00,0x49,0x00,0x49,
	0x00,0x49,0x00,0x49,0x00,0x49,0x00,0x49,0x00,0x49,0x00,0x49,0x00,0x49,0x00,0x49,0x00,0x49,0x00,0x49,0x00,0x49,0x00,0x49,0x00,0x49,0x00,0x49,0x00,0x49,0x00,0x49,0x00,0x49,0x00,0x49,0x00,0x49,0x00,0x49,0x00,0x49,0x00,0x49,0x00,0x49,0x00,0x49,0x00,0x49,0x00,0x49,0x00,0x49,0x00,0x49,0x00,0x49,0x00,0x49,0x00,0x49,0x00,0x49,
	0x00,0x49,0x00,0x49,0x00,0x49,0x00,0x49,0x00,0x49,0x00,0x49,0x00,0x49,0x00,0x49,0x00,0x49,0x00,0x49,0x00,0x49,0x00,0x49,0x00,0x49,0x00,0x49,0x00,0x49,0x00,0x49,0x00,0x49,0x00,0x49,0x00,0x49,0x00,0x49,0x00,0x49,0x00,0x49,0x00,0x49,0x00,0x49,0x00,0x49,0x00,0x49,0x00,0x49,0x00,0x49,0x00,0x49,0x00,0x49,0x00,0x49,0x00,0x49,
	0x00,0x49,0x00,0x49,0x00,0x49,0x00,0x49,0x00,0x49,0x00,0x49,0x00,0x49,0x00,0x49,0x00,0x49,0x00,0x49,0x00,0x49,0x00,0x49,0x00,0x49,0x00,0x49,0x00,0x49,0x00,0x49,0x00,0x49,0x00,0x49,0x00,0x49,0x00,0x49,0x00,0x49,0x00,0x49,0x00,0x49,0x00,0x49,0x00,0x49,0x00,0x49,0x00,0x49,0x00,0x49,0x00,0x49,0x00,0x49,0x00,0x49,0x00,0x49,
	0x00,0x49,0x00,0x49,0x00,0x49,0x00,0x49,0x00,0x49,0x00,0x49,0x00,0x49,0x00,0x49,0x00,0x49,0x00,0x49,0x00,0x49,0x00,0x49,0x00,0x49,0x00,0x49,0x00,0x49,0x00,0x49,0x00,0x49,0x00,0x49,0x00,0x49,0x00,0x49,0x00,0x49,0x00,0x49,0x00,0x49,0x00,0x49,0x00,0x49,0x00,0x49,0x00,0x49,0x00,0x49,0x00,0x49,0x00,0x49,0x00,0x49,0x00,0x49,
	0x00,0x49,0x00,0x49,0x00,0x49,0x00,0x49,0x00,0x49,0x00,0x49,0x00,0x49,0x00,0x49,0x00,0x49,0x00,0x49,0x00,0x49,0x00,0x49,0x00,0x49,0x00,0x49,0x00,0x49,0x00,0x49,0x00,0x49,0x00,0x49,0x00,0x49,0x00,0x49,0x00,0x49,0x00,0x49,0x00,0x49,0x00,0x49,0x00,0x49,0x00,0x49,0x00,0x49,0x00,0x49,0x00,0x49,0x00,0x49,0x00,0x49,0x00,0x49,
	0x00,0x49,0x00,0x49,0x00,0x49,0x00,0x49,0x00,0x49,0x00,0x49,0x00,0x49,0x00,0x49,0x00,0x49,0x00,0x49,0x00,0x49,0x00,0x49,0x00,0x49,0x00,0x49,0x00,0x49,0x00,0x49,0x00,0x49,0x00,0x49,0x00,0x49,0x00,0x49,0x00,0x49,0x00,0x49,0x00,0x49,0x00,0x49,0x00,0x49,0x00,0x49,0x00,0x49,0x00,0x49,0x00,0x49,0x00,0x49,0x00,0x49,0x00,0x49,
	0x00,0x49,0x00,0x49,0x00,0x49,0x00,0x49,0x00,0x49,0x00,0x49,0x00,0x49,0x00,0x49,0x00,0x49,0x00,0x49,0x00,0x49,0x00,0x49,0x00,0x49,0x00,0x49,0x00,0x49,0xE0,0x40,0x00,0x59,0x80,0x99,0xC0,0xC9,0x00,0xEA,0x20,0xEA,0x20,0xE2,0x20,0xE2,0x20,0xE2,0x20,0xE2,0x20,0xE2,0x20,0xE2,0x40,0xE2,0x40,0xE2,0x40,0xE2,0x40,0xE2,0x40,0xE2,
	0x40,0xE2,0x40,0xE2,0x40,0xE2,0x40,0xE2,0x40,0xEA,0x60,0xF2,0x60,0xF2,0x40,0xEA,0x00,0xD2,0xC0,0xA1,0x60,0x79,0x20,0x61,0x00,0x51,0xE0,0x40,0xE0,0x40,0xE0,0x40,0x00,0x49,0x00,0x49,0x00,0x49,0x00,0x49,0x00,0x49,0x00,0x49,0x00,0x49,0x00,0x49,0x00,0x49,0x00,0x49,0x00,0x49,0x00,0x49,0x00,0x49,0x00,0x49,0x00,0x49,0x00,0x49,
	0x00,0x49,0x00,0x49,0x00,0x49,0x00,0x49,0x00,0x49,0x00,0x49,0x00,0x49,0x00,0x49,0x00,0x49,0x00,0x49,0x00,0x49,0x00,0x49,0x00,0x49,0x00,0x49,0x00,0x49,0x00,0x49,0x00,0x49,0x00,0x49,0x00,0x49,0xE0,0x40,0xE0,0x40,0xE0,0x40,0x00,0x51,0x40,0x61,0xC0,0x81,0x21,0x9A,0xC1,0xD2,0x21,0xF3,0x82,0xFB,0x62,0xFB,0x62,0xF3,0x62,0xF3,
	0x62,0xFB,0x62,0xFB,0x62,0xFB,0x62,0xFB,0x62,0xFB,0x82,0xFB,0x82,0xFB,0x82,0xFB,0x82,0xFB,0x82,0xFB,0x82,0xFB,0x82,0xFB,0xA2,0xFB,0xA2,0xFB,0xA2,0xFB,0xC2,0xFB,0x41,0xEB,0x81,0xB2,0x60,0x69,0xE0,0x40,0x00,0x49,0x00,0x49,0x00,0x49,0x00,0x49,0x00,0x49,0x00,0x49,0x00,0x49,0x00,0x49,0x00,0x49,0x00,0x49,0x00,0x49,0x00,0x49,
	0x00,0x49,0x00,0x49,0x00,0x49,0x00,0x49,0x00,0x49,0x00,0x49,0x00,0x49,0x00,0x49,0x00,0x49,0x00,0x49,0x00,0x49,0x00,0x49,0x00,0x49,0x00,0x49,0x00,0x49,0x00,0x49,0x00,0x49,0x00,0x49,0x00,0x49,0x00,0x49,0x00,0x49,0x00,0x49,0x00,0x49,0x00,0x49,0x00,0x49,0x00,0x49,0x00,0x49,0x00,0x49,0x00,0x49,0x00,0x49,0x00,0x49,0x00,0x49,
	0x00,0x49,0x00,0x49,0x00,0x49,0x00,0x49,0x00,0x49,0x00,0x49,0x00,0x49,0x00,0x49,0x00,0x49,0x00,0x49,0x00,0x49,0x00,0x49,0x00,0x49,0x00,0x49,0x00,0x49,0x00,0x49,0x00,0x49,0x00,0x49,0x00,0x49,0x00,0x49,0x00,0x49,0x00,0x49,0x00,0x49,0x00,0x49,0x00,0x49,0x00,0x49,0x00,0x49,0x00,0x49,0x00,0x49,0x00,0x49,0x00,0x49,0x00,0x49,
	0x00,0x49,0x00,0x49,0x00,0x49,0x00,0x49,0x00,0x49,0x00,0x49,0x00,0x49,0x00,0x49,0x00,0x49,0x00,0x49,0x00,0x49,0x00,0x49,0x00,0x49,0x00,0x49,0x00,0x49,0x00,0x49,0x00,0x49,0x00,0x49,0x00,0x49,0x00,0x49,0x00,0x49,0x00,0x49,0x00,0x49,0x00,0x49,0x00,0x49,0x00,0x49,0x00,0x49,0x00,0x49,0x00,0x49,0x00,0x49,0x00,0x49,0x00,0x49,
	0x00,0x49,0x00,0x49,0x00,0x49,0x00,0x49,0x00,0x49,0x00,0x49,0x00,0x49,0x00,0x49,0x00,0x49,0x00,0x49,0x00,0x49,0x00,0x49,0x00,0x49,0x00,0x49,0x00,0x49,0x00,0x49,0x00,0x49,0x00,0x49,0x00,0x49,0x00,0x49,0x00,0x49,0x00,0x49,0x00,0x49,0x00,0x49,0x00,0x49,0x00,0x49,0x00,0x49,0x00,0x49,0x00,0x49,0x00,0x49,0x00,0x49,0x00,0x49,
	0x00,0x49,0x00,0x49,0x00,0x49,0x00,0x49,0x00,0x49,0x00,0x49,0x00,0x49,0x00,0x49,0x00,0x49,0x00,0x49,0x00,0x49,0x00,0x49,0x00,0x49,0x00,0x49,0x00,0x49,0x00,0x49,0x00,0x49,0x00,0x49,0x00,0x49,0x00,0x49,0x00,0x49,0x00,0x49,0x00,0x49,0x00,0x49,0x00,0x49,0x00,0x49,0x00,0x49,0x00,0x49,0x00,0x49,0x00,0x49,0x00,0x49,0x00,0x49,
	0x00,0x49,0x00,0x49,0x00,0x49,0x00,0x49,0x00,0x49,0x00,0x49,0x00,0x49,0x00,0x49,0x00,0x49,0x00,0x49,0x00,0x49,0x00,0x49,0x00,0x49,0x00,0x49,0x00,0x49,0x00,0x49,0x00,0x49,0x00,0x49,0x00,0x49,0x00,0x49,0x00,0x49,0x00,0x49,0x00,0x49,0x00,0x49,0x00,0x49,0x00,0x49,0x00,0x49,0x00,0x49,0x00,0x49,0x00,0x49,0x00,0x49,0x00,0x49,
	0x00,0x49,0x00,0x49,0x00,0x49,0x00,0x49,0x00,0x49,0x00,0x49,0x00,0x49,0x00,0x49,0x00,0x49,0x00,0x49,0x00,0x49,0x00,0x49,0x00,0x49,0x00,0x49,0x00,0x49,0x00,0x49,0x00,0x49,0x00,0x49,0x00,0x49,0x00,0x49,0x00,0x49,0x00,0x49,0x00,0x49,0x00,0x49,0x00,0x49,0x00,0x49,0x00,0x49,0x00,0x49,0x00,0x49,0x00,0x49,0x00,0x49,0x00,0x49,
	0x00,0x49,0x00,0x49,0x00,0x49,0x00,0x49,0x00,0x49,0x00,0x49,0x00,0x49,0x00,0x49,0x00,0x49,0x00,0x49,0x00,0x49,0x00,0x49,0x00,0x49,0x00,0x49,0x00,0x49,0x00,0x49,0x00,0x49,0x00,0x49,0x00,0x49,0x00,0x49,0x00,0x49,0x00,0x49,0x00,0x49,0x00,0x49,0x00,0x49,0x00,0x49,0x00,0x49,0x00,0x49,0x00,0x49,0x00,0x49,0x00,0x49,0x00,0x49,
	0x00,0x49,0x00,0x49,0x00,0x49,0x00,0x49,0x00,0x51,0x60,0x79,0xC0,0xC9,0x00,0xEA,0x00,0xEA,0x20,0xEA,0x20,0xE2,0x20,0xE2,0x20,0xE2,0x20,0xE2,0x20,0xE2,0x20,0xE2,0x40,0xE2,0x40,0xE2,0x40,0xE2,0x40,0xE2,0x40,0xE2,0x40,0xE2,0x40,0xE2,0x40,0xE2,0x40,0xE2,0x40,0xEA,0x60,0xEA,0x40,0xE2,0xE0,0xC1,0x80,0x99,0x20,0x61,0xE0,0x40,
	0xE0,0x40,0xE0,0x40,0x00,0x49,0x00,0x49,0x00,0x49,0x00,0x49,0x00,0x49,0x00,0x49,0x00,0x49,0x00,0x49,0x00,0x49,0x00,0x49,0x00,0x49,0x00,0x49,0x00,0x49,0x00,0x49,0x00,0x49,0x00,0x49,0x00,0x49,0x00,0x49,0x00,0x49,0x00,0x49,0x00,0x49,0x00,0x49,0x00,0x49,0x00,0x49,0x00,0x49,0x00,0x49,0x00,0x49,0x00,0x49,0x00,0x49,0x00,0x49,
	0x00,0x49,0x00,0x49,0x00,0x49,0x00,0x49,0x00,0x49,0x00,0x49,0x00,0x49,0x00,0x49,0x00,0x49,0x00,0x49,0x00,0x49,0xE0,0x40,0xE0,0x40,0xE0,0x40,0x40,0x59,0x00,0x9A,0xC1,0xC2,0x21,0xEB,0x62,0xF3,0x62,0xFB,0x62,0xF3,0x62,0xFB,0x62,0xFB,0x62,0xFB,0x62,0xFB,0x62,0xFB,0x82,0xFB,0x82,0xFB,0x82,0xFB,0x82,0xFB,0x82,0xFB,0x82,0xFB,
	0x82,0xFB,0xA2,0xFB,0xA2,0xFB,0xA2,0xFB,0xA2,0xFB,0xC2,0xFB,0x61,0xEB,0x00,0x92,0x20,0x59,0x00,0x49,0xE0,0x40,0x00,0x49,0x00,0x49,0x00,0x49,0x00,0x49,0x00,0x49,0x00,0x49,0x00,0x49,0x00,0x49,0x00,0x49,0x00,0x49,0x00,0x49,0x00,0x49,0x00,0x49,0x00,0x49,0x00,0x49,0x00,0x49,0x00,0x49,0x00,0x49,0x00,0x49,0x00,0x49,0x00,0x49,
	0x00,0x49,0x00,0x49,0x00,0x49,0x00,0x49,0x00,0x49,0x00,0x49,0x00,0x49,0x00,0x49,0x00,0x49,0x00,0x49,0x00,0x49,0x00,0x49,0x00,0x49,0x00,0x49,0x00,0x49,0x00,0x49,0x00,0x49,0x00,0x49,0x00,0x49,0x00,0x49,0x00,0x49,0x00,0x49,0x00,0x49,0x00,0x49,0x00,0x49,0x00,0x49,0x00,0x49,0x00,0x49,0x00,0x49,0x00,0x49,0x00,0x49,0x00,0x49,
	0x00,0x49,0x00,0x49,0x00,0x49,0x00,0x49,0x00,0x49,0x00,0x49,0x00,0x49,0x00,0x49,0x00,0x49,0x00,0x49,0x00,0x49,0x00,0x49,0x00,0x49,0x00,0x49,0x00,0x49,0x00,0x49,0x00,0x49,0x00,0x49,0x00,0x49,0x00,0x49,0x00,0x49,0x00,0x49,0x00,0x49,0x00,0x49,0x00,0x49,0x00,0x49,0x00,0x49,0x00,0x49,0x00,0x49,0x00,0x49,0x00,0x49,0x00,0x49,
	0x00,0x49,0x00,0x49,0x00,0x49,0x00,0x49,0x00,0x49,0x00,0x49,0x00,0x49,0x00,0x49,0x00,0x49,0x00,0x49,0x00,0x49,0x00,0x49,0x00,0x49,0x00,0x49,0x00,0x49,0x00,0x49,0x00,0x49,0x00,0x49,0x00,0x49,0x00,0x49,0x00,0x49,0x00,0x49,0x00,0x49,0x00,0x49,0x00,0x49,0x00,0x49,0x00,0x49,0x00,0x49,0x00,0x49,0x00,0x49,0x00,0x49,0x00,0x49,
	0x00,0x49,0x00,0x49,0x00,0x49,0x00,0x49,0x00,0x49,0x00,0x49,0x00,0x49,0x00,0x49,0x00,0x49,0x00,0x49,0x00,0x49,0x00,0x49,0x00,0x49,0x00,0x49,0x00,0x49,0x00,0x49,0x00,0x49,0x00,0x49,0x00,0x49,0x00,0x49,0x00,0x49,0x00,0x49,0x00,0x49,0x00,0x49,0x00,0x49,0x00,0x49,0x00,0x49,0x00,0x49,0x00,0x49,0x00,0x49,0x00,0x49,0x00,0x49,
	0x00,0x49,0x00,0x49,0x00,0x49,0x00,0x49,0x00,0x49,0x00,0x49,0x00,0x49,0x00,0x49,0x00,0x49,0x00,0x49,0x00,0x49,0x00,0x49,0x00,0x49,0x00,0x49,0x00,0x49,0x00,0x49,0x00,0x49,0x00,0x49,0x00,0x49,0x00,0x49,0x00,0x49,0x00,0x49,0x00,0x49,0x00,0x49,0x00,0x49,0x00,0x49,0x00,0x49,0x00,0x49,0x00,0x49,0x00,0x49,0x00,0x49,0x00,0x49,
	0x00,0x49,0x00,0x49,0x00,0x49,0x00,0x49,0x00,0x49,0x00,0x49,0x00,0x49,0x00,0x49,0x00,0x49,0x00,0x49,0x00,0x49,0x00,0x49,0x00,0x49,0x00,0x49,0x00,0x49,0x00,0x49,0x00,0x49,0x00,0x49,0x00,0x49,0x00,0x49,0x00,0x49,0x00,0x49,0x00,0x49,0x00,0x49,0x00,0x49,0x00,0x49,0x00,0x49,0x00,0x49,0x00,0x49,0x00,0x49,0x00,0x49,0x00,0x49,
	0x00,0x49,0x00,0x49,0x00,0x49,0x00,0x49,0x00,0x49,0x00,0x49,0x00,0x49,0x00,0x49,0x00,0x49,0x00,0x49,0x00,0x49,0x00,0x49,0x00,0x49,0x00,0x49,0x00,0x49,0x00,0x49,0x00,0x49,0x00,0x49,0x00,0x49,0x00,0x49,0x00,0x49,0x00,0x49,0x00,0x49,0x00,0x49,0x00,0x49,0x00,0x49,0x00,0x49,0x00,0x49,0x00,0x49,0x00,0x49,0x00,0x49,0x00,0x49,
	0x00,0x49,0x00,0x49,0x00,0x49,0x00,0x49,0x00,0x49,0x00,0x49,0x00,0x49,0x00,0x49,0x00,0x49,0x00,0x49,0x00,0x49,0x00,0x49,0x00,0x49,0x00,0x49,0x00,0x49,0x00,0x49,0x00,0x49,0x00,0x49,0x00,0x49,0x00,0x49,0x00,0x49,0x00,0x49,0x00,0x49,0xE0,0x40,0xE0,0x40,0x60,0x81,0xC0,0xB9,0xE0,0xE1,0x00,0xEA,0x00,0xE2,0x20,0xE2,0x20,0xE2,
	0x20,0xE2,0x20,0xE2,0x20,0xE2,0x20,0xE2,0x20,0xE2,0x40,0xE2,0x40,0xE2,0x40,0xE2,0x40,0xE2,0x40,0xE2,0x40,0xE2,0x40,0xE2,0x40,0xE2,0x40,0xEA,0x40,0xF2,0x40,0xE2,0xC0,0xA1,0x60,0x71,0x20,0x51,0x00,0x49,0x00,0x49,0x00,0x49,0x00,0x49,0x00,0x49,0x00,0x49,0x00,0x49,0x00,0x49,0x00,0x49,0x00,0x49,0x00,0x49,0x00,0x49,0x00,0x49,
	0x00,0x49,0x00,0x49,0x00,0x49,0x00,0x49,0x00,0x49,0x00,0x49,0x00,0x49,0x00,0x49,0x00,0x49,0x00,0x49,0x00,0x49,0x00,0x49,0x00,0x49,0x00,0x49,0x00,0x49,0x00,0x49,0x00,0x49,0x00,0x49,0x00,0x49,0x00,0x49,0x00,0x49,0x00,0x49,0x00,0x49,0x00,0x49,0x00,0x49,0x00,0x49,0x00,0x49,0x00,0x49,0x00,0x49,0x00,0x49,0x00,0x49,0x00,0x49,
	0x00,0x49,0x00,0x49,0x00,0x49,0x00,0x49,0x20,0x51,0x60,0x71,0x21,0x9A,0x21,0xE3,0x82,0xFB,0x62,0xFB,0x62,0xFB,0x62,0xFB,0x62,0xFB,0x62,0xFB,0x62,0xFB,0x82,0xFB,0x82,0xFB,0x82,0xFB,0x82,0xFB,0x82,0xFB,0x82,0xFB,0x82,0xFB,0xA2,0xFB,0xA2,0xFB,0xA2,0xFB,0xA2,0xFB,0xA2,0xFB,0x82,0xFB,0x01,0xD3,0x00,0x92,0x00,0x49,0xE0,0x40,
	0x00,0x49,0x00,0x49,0x00,0x49,0x00,0x49,0x00,0x49,0x00,0x49,0x00,0x49,0x00,0x49,0x00,0x49,0x00,0x49,0x00,0x49,0x00,0x49,0x00,0x49,0x00,0x49,0x00,0x49,0x00,0x49,0x00,0x49,0x00,0x49,0x00,0x49,0x00,0x49,0x00,0x49,0x00,0x49,0x00,0x49,0x00,0x49,0x00,0x49,0x00,0x49,0x00,0x49,0x00,0x49,0x00,0x49,0x00,0x49,0x00,0x49,0x00,0x49,
	0x00,0x49,0x00,0x49,0x00,0x49,0x00,0x49,0x00,0x49,0x00,0x49,0x00,0x49,0x00,0x49,0x00,0x49,0x00,0x49,0x00,0x49,0x00,0x49,0x00,0x49,0x00,0x49,0x00,0x49,0x00,0x49,0x00,0x49,0x00,0x49,0x00,0x49,0x00,0x49,0x00,0x49,0x00,0x49,0x00,0x49,0x00,0x49,0x00,0x49,0x00,0x49,0x00,0x49,0x00,0x49,0x00,0x49,0x00,0x49,0x00,0x49,0x00,0x49,
	0x00,0x49,0x00,0x49,0x00,0x49,0x00,0x49,0x00,0x49,0x00,0x49,0x00,0x49,0x00,0x49,0x00,0x49,0x00,0x49,0x00,0x49,0x00,0x49,0x00,0x49,0x00,0x49,0x00,0x49,0x00,0x49,0x00,0x49,0x00,0x49,0x00,0x49,0x00,0x49,0x00,0x49,0x00,0x49,0x00,0x49,0x00,0x49,0x00,0x49,0x00,0x49,0x00,0x49,0x00,0x49,0x00,0x49,0x00,0x49,0x00,0x49,0x00,0x49,
	0x00,0x49,0x00,0x49,0x00,0x49,0x00,0x49,0x00,0x49,0x00,0x49,0x00,0x49,0x00,0x49,0x00,0x49,0x00,0x49,0x00,0x49,0x00,0x49,0x00,0x49,0x00,0x49,0x00,0x49,0x00,0x49,0x00,0x49,0x00,0x49,0x00,0x49,0x00,0x49,0x00,0x49,0x00,0x49,0x00,0x49,0x00,0x49,0x00,0x49,0x00,0x49,0x00,0x49,0x00,0x49,0x00,0x49,0x00,0x49,0x00,0x49,0x00,0x49,
	0x00,0x49,0x00,0x49,0x00,0x49,0x00,0x49,0x00,0x49,0x00,0x49,0x00,0x49,0x00,0x49,0x00,0x49,0x00,0x49,0x00,0x49,0x00,0x49,0x00,0x49,0x00,0x49,0x00,0x49,0x00,0x49,0x00,0x49,0x00,0x49,0x00,0x49,0x00,0x49,0x00,0x49,0x00,0x49,0x00,0x49,0x00,0x49,0x00,0x49,0x00,0x49,0x00,0x49,0x00,0x49,0x00,0x49,0x00,0x49,0x00,0x49,0x00,0x49,
	0x00,0x49,0x00,0x49,0x00,0x49,0x00,0x49,0x00,0x49,0x00,0x49,0x00,0x49,0x00,0x49,0x00,0x49,0x00,0x49,0x00,0x49,0x00,0x49,0x00,0x49,0x00,0x49,0x00,0x49,0x00,0x49,0x00,0x49,0x00,0x49,0x00,0x49,0x00,0x49,0x00,0x49,0x00,0x49,0x00,0x49,0x00,0x49,0x00,0x49,0x00,0x49,0x00,0x49,0x00,0x49,0x00,0x49,0x00,0x49,0x00,0x49,0x00,0x49,
	0x00,0x49,0x00,0x49,0x00,0x49,0x00,0x49,0x00,0x49,0x00,0x49,0x00,0x49,0x00,0x49,0x00,0x49,0x00,0x49,0x00,0x49,0x00,0x49,0x00,0x49,0x00,0x49,0x00,0x49,0x00,0x49,0x00,0x49,0x00,0x49,0x00,0x49,0x00,0x49,0x00,0x49,0x00,0x49,0x00,0x49,0x00,0x49,0x00,0x49,0x00,0x49,0x00,0x49,0x00,0x49,0x00,0x49,0x00,0x49,0x00,0x49,0x00,0x49,
	0x00,0x49,0x00,0x49,0x00,0x49,0x00,0x49,0x00,0x49,0x00,0x49,0x00,0x49,0x00,0x49,0x00,0x49,0x00,0x49,0x00,0x49,0x00,0x49,0x00,0x49,0x00,0x49,0x00,0x49,0x00,0x49,0x00,0x49,0x00,0x49,0x00,0x49,0x00,0x49,0x00,0x49,0x00,0x49,0x00,0x49,0x00,0x49,0x00,0x49,0x00,0x49,0x00,0x49,0x00,0x49,0x00,0x49,0x00,0x49,0x00,0x49,0x00,0x49,
	0x00,0x49,0x00,0x49,0x00,0x49,0x00,0x49,0x00,0x49,0x00,0x49,0x00,0x49,0x00,0x49,0x00,0x49,0x00,0x49,0x00,0x49,0xE0,0x48,0x00,0x49,0x20,0x61,0xA0,0xB1,0xE0,0xE1,0x00,0xEA,0x00,0xEA,0x00,0xE2,0x20,0xE2,0x20,0xE2,0x20,0xE2,0x20,0xE2,0x20,0xE2,0x20,0xE2,0x20,0xE2,0x40,0xE2,0x40,0xE2,0x40,0xE2,0x40,0xE2,0x40,0xE2,0x40,0xE2,
	0x40,0xEA,0x40,0xEA,0x20,0xE2,0xE0,0xC1,0x80,0x99,0x20,0x69,0x00,0x51,0xE0,0x40,0xE0,0x40,0x00,0x49,0x00,0x49,0x00,0x49,0x00,0x49,0x00,0x49,0x00,0x49,0x00,0x49,0x00,0x49,0x00,0x49,0x00,0x49,0x00,0x49,0x00,0x49,0x00,0x49,0x00,0x49,0x00,0x49,0x00,0x49,0x00,0x49,0x00,0x49,0x00,0x49,0x00,0x49,0x00,0x49,0x00,0x49,0x00,0x49,
	0x00,0x49,0x00,0x49,0x00,0x49,0x00,0x49,0x00,0x49,0x00,0x49,0x00,0x49,0x00,0x49,0x00,0x49,0x00,0x49,0x00,0x49,0x00,0x49,0x00,0x49,0x00,0x49,0x00,0x49,0x00,0x49,0x00,0x49,0x00,0x49,0x00,0x49,0x00,0x49,0x00,0x49,0x00,0x49,0x00,0x49,0x00,0x49,0xE0,0x40,0xE0,0x40,0x00,0x49,0x60,0x69,0x00,0x9A,0xC1,0xD2,0x62,0xF3,0x62,0xFB,
	0x62,0xFB,0x62,0xFB,0x62,0xFB,0x62,0xFB,0x82,0xFB,0x82,0xFB,0x82,0xFB,0x82,0xFB,0x82,0xFB,0x82,0xFB,0x82,0xFB,0xA2,0xFB,0xA2,0xFB,0xA2,0xFB,0xA2,0xFB,0xA2,0xFB,0xA2,0xFB,0x82,0xF3,0xC1,0xC2,0x80,0x71,0x00,0x51,0xE0,0x40,0xE0,0x48,0x00,0x49,0x00,0x49,0x00,0x49,0x00,0x49,0x00,0x49,0x00,0x49,0x00,0x49,0x00,0x49,0x00,0x49,
	0x00,0x49,0x00,0x49,0x00,0x49,0x00,0x49,0x00,0x49,0x00,0x49,0x00,0x49,0x00,0x49,0x00,0x49,0x00,0x49,0x00,0x49,0x00,0x49,0x00,0x49,0x00,0x49,0x00,0x49,0x00,0x49,0x00,0x49,0x00,0x49,0x00,0x49,0x00,0x49,0x00,0x49,0x00,0x49,0x00,0x49,0x00,0x49,0x00,0x49,0x00,0x49,0x00,0x49,0x00,0x49,0x00,0x49,0x00,0x49,0x00,0x49,0x00,0x49,
	0x00,0x49,0x00,0x49,0x00,0x49,0x00,0x49,0x00,0x49,0x00,0x49,0x00,0x49,0x00,0x49,0x00,0x49,0x00,0x49,0x00,0x49,0x00,0x49,0x00,0x49,0x00,0x49,0x00,0x49,0x00,0x49,0x00,0x49,0x00,0x49,0x00,0x49,0x00,0x49,0x00,0x49,0x00,0x49,0x00,0x49,0x00,0x49,0x00,0x49,0x00,0x49,0x00,0x49,0x00,0x49,0x00,0x49,0x00,0x49,0x00,0x49,0x00,0x49,
	0x00,0x49,0x00,0x49,0x00,0x49,0x00,0x49,0x00,0x49,0x00,0x49,0x00,0x49,0x00,0x49,0x00,0x49,0x00,0x49,0x00,0x49,0x00,0x49,0x00,0x49,0x00,0x49,0x00,0x49,0x00,0x49,0x00,0x49,0x00,0x49,0x00,0x49,0x00,0x49,0x00,0x49,0x00,0x49,0x00,0x49,0x00,0x49,0x00,0x49,0x00,0x49,0x00,0x49,0x00,0x49,0x00,0x49,0x00,0x49,0x00,0x49,0x00,0x49,
	0x00,0x49,0x00,0x49,0x00,0x49,0x00,0x49,0x00,0x49,0x00,0x49,0x00,0x49,0x00,0x49,0x00,0x49,0x00,0x49,0x00,0x49,0x00,0x49,0x00,0x49,0x00,0x49,0x00,0x49,0x00,0x49,0x00,0x49,0x00,0x49,0x00,0x49,0x00,0x49,0x00,0x49,0x00,0x49,0x00,0x49,0x00,0x49,0x00,0x49,0x00,0x49,0x00,0x49,0x00,0x49,0x00,0x49,0x00,0x49,0x00,0x49,0x00,0x49,
	0x00,0x49,0x00,0x49,0x00,0x49,0x00,0x49,0x00,0x49,0x00,0x49,0x00,0x49,0x00,0x49,0x00,0x49,0x00,0x49,0x00,0x49,0x00,0x49,0x00,0x49,0x00,0x49,0x00,0x49,0x00,0x49,0x00,0x49,0x00,0x49,0x00,0x49,0x00,0x49,0x00,0x49,0x00,0x49,0x00,0x49,0x00,0x49,0x00,0x49,0x00,0x49,0x00,0x49,0x00,0x49,0x00,0x49,0x00,0x49,0x00,0x49,0x00,0x49,
	0x00,0x49,0x00,0x49,0x00,0x49,0x00,0x49,0x00,0x49,0x00,0x49,0x00,0x49,0x00,0x49,0x00,0x49,0x00,0x49,0x00,0x49,0x00,0x49,0x00,0x49,0x00,0x49,0x00,0x49,0x00,0x49,0x00,0x49,0x00,0x49,0x00,0x49,0x00,0x49,0x00,0x49,0x00,0x49,0x00,0x49,0x00,0x49,0x00,0x49,0x00,0x49,0x00,0x49,0x00,0x49,0x00,0x49,0x00,0x49,0x00,0x49,0x00,0x49,
	0x00,0x49,0x00,0x49,0x00,0x49,0x00,0x49,0x00,0x49,0x00,0x49,0x00,0x49,0x00,0x49,0x00,0x49,0x00,0x49,0x00,0x49,0x00,0x49,0x00,0x49,0x00,0x49,0x00,0x49,0x00,0x49,0x00,0x49,0x00,0x49,0x00,0x49,0x00,0x49,0x00,0x49,0x00,0x49,0x00,0x49,0x00,0x49,0x00,0x49,0x00,0x49,0x00,0x49,0x00,0x49,0x00,0x49,0x00,0x49,0x00,0x49,0x00,0x49,
	0x00,0x49,0x00,0x49,0x00,0x49,0x00,0x49,0x00,0x49,0x00,0x49,0x00,0x49,0x00,0x49,0x00,0x49,0x00,0x49,0x00,0x49,0x00,0x49,0x00,0x49,0x00,0x49,0x00,0x49,0x00,0x49,0x00,0x49,0x00,0x49,0x00,0x49,0x00,0x49,0x00,0x49,0x00,0x49,0x00,0x49,0x00,0x49,0x00,0x49,0x00,0x49,0x00,0x49,0x00,0x49,0x00,0x49,0x00,0x49,0x00,0x49,0x00,0x49,
	0xE0,0x40,0x20,0x59,0x60,0x91,0xC0,0xD1,0x00,0xEA,0x00,0xEA,0x00,0xE2,0x00,0xE2,0x20,0xE2,0x20,0xE2,0x20,0xE2,0x20,0xE2,0x20,0xE2,0x20,0xE2,0x20,0xE2,0x40,0xE2,0x40,0xE2,0x40,0xE2,0x40,0xE2,0x40,0xE2,0x40,0xE2,0x40,0xEA,0x00,0xE2,0x00,0xD2,0x80,0x89,0x20,0x51,0x00,0x49,0xE0,0x40,0x00,0x49,0x00,0x49,0x00,0x49,0x00,0x49,
	0x00,0x49,0x00,0x49,0x00,0x49,0x00,0x49,0x00,0x49,0x00,0x49,0x00,0x49,0x00,0x49,0x00,0x49,0x00,0x49,0x00,0x49,0x00,0x49,0x00,0x49,0x00,0x49,0x00,0x49,0x00,0x49,0x00,0x49,0x00,0x49,0x00,0x49,0x00,0x49,0x00,0x49,0x00,0x49,0x00,0x49,0x00,0x49,0x00,0x49,0x00,0x49,0x00,0x49,0x00,0x49,0x00,0x49,0x00,0x49,0x00,0x49,0x00,0x49,
	0x00,0x49,0x00,0x49,0x00,0x49,0x00,0x49,0x00,0x49,0x00,0x49,0x00,0x49,0x00,0x49,0x00,0x49,0x00,0x49,0x00,0x49,0x00,0x49,0x00,0x49,0x00,0x49,0x00,0x49,0xE0,0x40,0x00,0x49,0x00,0x59,0xC0,0x89,0xE1,0xDA,0x42,0xFB,0x62,0xFB,0x62,0xFB,0x62,0xFB,0x62,0xFB,0x82,0xFB,0x82,0xFB,0x82,0xFB,0x82,0xFB,0x82,0xFB,0x82,0xFB,0x82,0xFB,
	0xA2,0xFB,0xA2,0xFB,0xA2,0xFB,0xA2,0xFB,0xA2,0xFB,0xA2,0xFB,0xC2,0xFB,0x41,0xEB,0x41,0xA2,0x60,0x69,0xE0,0x40,0xE0,0x48,0x00,0x49,0x00,0x49,0x00,0x49,0x00,0x49,0x00,0x49,0x00,0x49,0x00,0x49,0x00,0x49,0x00,0x49,0x00,0x49,0x00,0x49,0x00,0x49,0x00,0x49,0x00,0x49,0x00,0x49,0x00,0x49,0x00,0x49,0x00,0x49,0x00,0x49,0x00,0x49,
	0x00,0x49,0x00,0x49,0x00,0x49,0x00,0x49,0x00,0x49,0x00,0x49,0x00,0x49,0x00,0x49,0x00,0x49,0x00,0x49,0x00,0x49,0x00,0x49,0x00,0x49,0x00,0x49,0x00,0x49,0x00,0x49,0x00,0x49,0x00,0x49,0x00,0x49,0x00,0x49,0x00,0x49,0x00,0x49,0x00,0x49,0x00,0x49,0x00,0x49,0x00,0x49,0x00,0x49,0x00,0x49,0x00,0x49,0x00,0x49,0x00,0x49,0x00,0x49,
	0x00,0x49,0x00,0x49,0x00,0x49,0x00,0x49,0x00,0x49,0x00,0x49,0x00,0x49,0x00,0x49,0x00,0x49,0x00,0x49,0x00,0x49,0x00,0x49,0x00,0x49,0x00,0x49,0x00,0x49,0x00,0x49,0x00,0x49,0x00,0x49,0x00,0x49,0x00,0x49,0x00,0x49,0x00,0x49,0x00,0x49,0x00,0x49,0x00,0x49,0x00,0x49,0x00,0x49,0x00,0x49,0x00,0x49,0x00,0x49,0x00,0x49,0x00,0x49,
	0x00,0x49,0x00,0x49,0x00,0x49,0x00,0x49,0x00,0x49,0x00,0x49,0x00,0x49,0x00,0x49,0x00,0x49,0x00,0x49,0x00,0x49,0x00,0x49,0x00,0x49,0x00,0x49,0x00,0x49,0x00,0x49,0x00,0x49,0x00,0x49,0x00,0x49,0x00,0x49,0x00,0x49,0x00,0x49,0x00,0x49,0x00,0x49,0x00,0x49,0x00,0x49,0x00,0x49,0x00,0x49,0x00,0x49,0x00,0x49,0x00,0x49,0x00,0x49,
	0x00,0x49,0x00,0x49,0x00,0x49,0x00,0x49,0x00,0x49,0x00,0x49,0x00,0x49,0x00,0x49,0x00,0x49,0x00,0x49,0x00,0x49,0x00,0x49,0x00,0x49,0x00,0x49,0x00,0x49,0x00,0x49,0x00,0x49,0x00,0x49,0x00,0x49,0x00,0x49,0x00,0x49,0x00,0x49,0x00,0x49,0x00,0x49,0x00,0x49,0x00,0x49,0x00,0x49,0x00,0x49,0x00,0x49,0x00,0x49,0x00,0x49,0x00,0x49,
	0x00,0x49,0x00,0x49,0x00,0x49,0x00,0x49,0x00,0x49,0x00,0x49,0x00,0x49,0x00,0x49,0x00,0x49,0x00,0x49,0x00,0x49,0x00,0x49,0x00,0x49,0x00,0x49,0x00,0x49,0x00,0x49,0x00,0x49,0x00,0x49,0x00,0x49,0x00,0x49,0x00,0x49,0x00,0x49,0x00,0x49,0x00,0x49,0x00,0x49,0x00,0x49,0x00,0x49,0x00,0x49,0x00,0x49,0x00,0x49,0x00,0x49,0x00,0x49,
	0x00,0x49,0x00,0x49,0x00,0x49,0x00,0x49,0x00,0x49,0x00,0x49,0x00,0x49,0x00,0x49,0x00,0x49,0x00,0x49,0x00,0x49,0x00,0x49,0x00,0x49,0x00,0x49,0x00,0x49,0x00,0x49,0x00,0x49,0x00,0x49,0x00,0x49,0x00,0x49,0x00,0x49,0x00,0x49,0x00,0x49,0x00,0x49,0x00,0x49,0x00,0x49,0x00,0x49,0x00,0x49,0x00,0x49,0x00,0x49,0x00,0x49,0x00,0x49,
	0x00,0x49,0x00,0x49,0x00,0x49,0x00,0x49,0x00,0x49,0x00,0x49,0x00,0x49,0x00,0x49,0x00,0x49,0x00,0x49,0x00,0x49,0x00,0x49,0x00,0x49,0x00,0x49,0x00,0x49,0x00,0x49,0x00,0x49,0x00,0x49,0x00,0x49,0x00,0x49,0x00,0x49,0x00,0x49,0x00,0x49,0x00,0x49,0x00,0x49,0x00,0x49,0x00,0x49,0x00,0x49,0x00,0x49,0x00,0x49,0x00,0x49,0x00,0x49,
	0x00,0x49,0x00,0x49,0x00,0x49,0x00,0x49,0x00,0x49,0x00,0x49,0x00,0x49,0x00,0x49,0x00,0x49,0x00,0x49,0x00,0x49,0x00,0x49,0x00,0x49,0x00,0x49,0x00,0x49,0x00,0x49,0x00,0x49,0x00,0x49,0x00,0x49,0x00,0x49,0x00,0x49,0xE0,0x40,0x60,0x79,0xC0,0xC9,0x00,0xE2,0x00,0xEA,0x00,0xE2,0x00,0xE2,0x00,0xE2,0x20,0xE2,0x20,0xE2,0x20,0xE2,
	0x20,0xE2,0x20,0xE2,0x20,0xE2,0x20,0xE2,0x40,0xE2,0x40,0xE2,0x40,0xE2,0x40,0xE2,0x40,0xEA,0x40,0xEA,0x60,0xE2,0xE0,0xC1,0x60,0x79,0x00,0x59,0x00,0x49,0x00,0x49,0xE0,0x48,0x00,0x49,0x00,0x49,0x00,0x49,0x00,0x49,0x00,0x49,0x00,0x49,0x00,0x49,0x00,0x49,0x00,0x49,0x00,0x49,0x00,0x49,0x00,0x49,0x00,0x49,0x00,0x49,0x00,0x49,
	0x00,0x49,0x00,0x49,0x00,0x49,0x00,0x49,0x00,0x49,0x00,0x49,0x00,0x49,0x00,0x49,0x00,0x49,0x00,0x49,0x00,0x49,0x00,0x49,0x00,0x49,0x00,0x49,0x00,0x49,0x00,0x49,0x00,0x49,0x00,0x49,0x00,0x49,0x00,0x49,0x00,0x49,0x00,0x49,0x00,0x49,0x00,0x49,0x00,0x49,0x00,0x49,0x00,0x49,0x00,0x49,0x00,0x49,0x00,0x49,0x00,0x49,0x00,0x49,
	0x00,0x49,0x00,0x49,0x00,0x49,0x00,0x49,0xE0,0x48,0xE0,0x48,0xE0,0x48,0x20,0x59,0xA0,0x79,0x81,0xC2,0x41,0xFB,0x62,0xFB,0x62,0xFB,0x62,0xFB,0x82,0xFB,0x82,0xFB,0x82,0xFB,0x82,0xFB,0x82,0xFB,0x82,0xFB,0x82,0xFB,0xA2,0xFB,0xA2,0xFB,0xA2,0xFB,0xA2,0xFB,0xA2,0xFB,0xA2,0xFB,0xA2,0xFB,0x82,0xFB,0x41,0xE3,0x00,0x92,0xE0,0x48,
	0xE0,0x48,0xE0,0x48,0x00,0x49,0x00,0x49,0x00,0x49,0x00,0x49,0x00,0x49,0x00,0x49,0x00,0x49,0x00,0x49,0x00,0x49,0x00,0x49,0x00,0x49,0x00,0x49,0x00,0x49,0x00,0x49,0x00,0x49,0x00,0x49,0x00,0x49,0x00,0x49,0x00,0x49,0x00,0x49,0x00,0x49,0x00,0x49,0x00,0x49,0x00,0x49,0x00,0x49,0x00,0x49,0x00,0x49,0x00,0x49,0x00,0x49,0x00,0x49,
	0x00,0x49,0x00,0x49,0x00,0x49,0x00,0x49,0x00,0x49,0x00,0x49,0x00,0x49,0x00,0x49,0x00,0x49,0x00,0x49,0x00,0x49,0x00,0x49,0x00,0x49,0x00,0x49,0x00,0x49,0x00,0x49,0x00,0x49,0x00,0x49,0x00,0x49,0x00,0x49,0x00,0x49,0x00,0x49,0x00,0x49,0x00,0x49,0x00,0x49,0x00,0x49,0x00,0x49,0x00,0x49,0x00,0x49,0x00,0x49,0x00,0x49,0x00,0x49,
	0x00,0x49,0x00,0x49,0x00,0x49,0x00,0x49,0x00,0x49,0x00,0x49,0x00,0x49,0x00,0x49,0x00,0x49,0x00,0x49,0x00,0x49,0x00,0x49,0x00,0x49,0x00,0x49,0x00,0x49,0x00,0x49,0x00,0x49,0x00,0x49,0x00,0x49,0x00,0x49,0x00,0x49,0x00,0x49,0x00,0x49,0x00,0x49,0x00,0x49,0x00,0x49,0x00,0x49,0x00,0x49,0x00,0x49,0x00,0x49,0x00,0x49,0x00,0x49,
	0x00,0x49,0x00,0x49,0x00,0x49,0x00,0x49,0x00,0x49,0x00,0x49,0x00,0x49,0x00,0x49,0x00,0x49,0x00,0x49,0x00,0x49,0x00,0x49,0x00,0x49,0x00,0x49,0x00,0x49,0x00,0x49,0x00,0x49,0x00,0x49,0x00,0x49,0x00,0x49,0x00,0x49,0x00,0x49,0x00,0x49,0x00,0x49,0x00,0x49,0x00,0x49,0x00,0x49,0x00,0x49,0x00,0x49,0x00,0x49,0x00,0x49,0x00,0x49,
	0x00,0x49,0x00,0x49,0x00,0x49,0x00,0x49,0x00,0x49,0x00,0x49,0x00,0x49,0x00,0x49,0x00,0x49,0x00,0x49,0x00,0x49,0x00,0x49,0x00,0x49,0x00,0x49,0x00,0x49,0x00,0x49,0x00,0x49,0x00,0x49,0x00,0x49,0x00,0x49,0x00,0x49,0x00,0x49,0x00,0x49,0x00,0x49,0x00,0x49,0x00,0x49,0x00,0x49,0x00,0x49,0x00,0x49,0x00,0x49,0x00,0x49,0x00,0x49,
	0x00,0x49,0x00,0x49,0x00,0x49,0x00,0x49,0x00,0x49,0x00,0x49,0x00,0x49,0x00,0x49,0x00,0x49,0x00,0x49,0x00,0x49,0x00,0x49,0x00,0x49,0x00,0x49,0x00,0x49,0x00,0x49,0x00,0x49,0x00,0x49,0x00,0x49,0x00,0x49,0x00,0x49,0x00,0x49,0x00,0x49,0x00,0x49,0x00,0x49,0x00,0x49,0x00,0x49,0x00,0x49,0x00,0x49,0x00,0x49,0x00,0x49,0x00,0x49,
	0x00,0x49,0x00,0x49,0x00,0x49,0x00,0x49,0x00,0x49,0x00,0x49,0x00,0x49,0x00,0x49,0x00,0x49,0x00,0x49,0x00,0x49,0x00,0x49,0x00,0x49,0x00,0x49,0x00,0x49,0x00,0x49,0x00,0x49,0x00,0x49,0x00,0x49,0x00,0x49,0x00,0x49,0x00,0x49,0x00,0x49,0x00,0x49,0x00,0x49,0x00,0x49,0x00,0x49,0x00,0x49,0x00,0x49,0x00,0x49,0x00,0x49,0x00,0x49,
	0x00,0x49,0x00,0x49,0x00,0x49,0x00,0x49,0x00,0x49,0x00,0x49,0x00,0x49,0x00,0x49,0x00,0x49,0x00,0x49,0x00,0x49,0x00,0x49,0x00,0x49,0x00,0x49,0x00,0x49,0x00,0x49,0x00,0x49,0x00,0x49,0x00,0x49,0x00,0x49,0x00,0x49,0x00,0x49,0x00,0x49,0x00,0x49,0x00,0x49,0x00,0x49,0x00,0x49,0x00,0x49,0x00,0x49,0x00,0x49,0x00,0x49,0x00,0x49,
	0x00,0x49,0x00,0x49,0x00,0x49,0x00,0x49,0x00,0x49,0x00,0x49,0x00,0x49,0x00,0x49,0x00,0x41,0x00,0x49,0x20,0x61,0x80,0xA1,0x20,0xE2,0x00,0xEA,0x00,0xE2,0x00,0xE2,0x00,0xE2,0x00,0xE2,0x20,0xE2,0x20,0xE2,0x20,0xE2,0x20,0xE2,0x20,0xE2,0x20,0xE2,0x20,0xE2,0x40,0xE2,0x40,0xE2,0x40,0xE2,0x40,0xEA,0x40,0xEA,0x00,0xE2,0xC0,0xB9,
	0x80,0x89,0x00,0x49,0xE0,0x40,0x00,0x49,0x00,0x49,0x00,0x49,0x00,0x49,0x00,0x49,0x00,0x49,0x00,0x49,0x00,0x49,0x00,0x49,0x00,0x49,0x00,0x49,0x00,0x49,0x00,0x49,0x00,0x49,0x00,0x49,0x00,0x49,0x00,0x49,0x00,0x49,0x00,0x49,0x00,0x49,0x00,0x49,0x00,0x49,0x00,0x49,0x00,0x49,0x00,0x49,0x00,0x49,0x00,0x49,0x00,0x49,0x00,0x49,
	0x00,0x49,0x00,0x49,0x00,0x49,0x00,0x49,0x00,0x49,0x00,0x49,0x00,0x49,0x00,0x49,0x00,0x49,0x00,0x49,0x00,0x49,0x00,0x49,0x00,0x49,0x00,0x49,0x00,0x49,0x00,0x49,0x00,0x49,0x00,0x49,0x00,0x49,0x00,0x49,0x00,0x49,0x00,0x49,0x00,0x49,0x00,0x49,0x00,0x49,0x00,0x49,0x00,0x49,0xE0,0x48,0xE0,0x40,0x00,0x49,0xC0,0x89,0x81,0xC2,
	0x21,0xF3,0x62,0xFB,0x62,0xFB,0x82,0xFB,0x82,0xFB,0x82,0xFB,0x82,0xFB,0x82,0xFB,0x82,0xFB,0x82,0xFB,0xA2,0xFB,0xA2,0xFB,0xA2,0xFB,0xA2,0xFB,0xA2,0xFB,0xA2,0xFB,0xA2,0xFB,0xA2,0xFB,0xC2,0xFB,0x81,0xC2,0x80,0x71,0x00,0x51,0xE0,0x40,0x00,0x49,0x00,0x49,0x00,0x49,0x00,0x49,0x00,0x49,0x00,0x49,0x00,0x49,0x00,0x49,0x00,0x49,
	0x00,0x49,0x00,0x49,0x00,0x49,0x00,0x49,0x00,0x49,0x00,0x49,0x00,0x49,0x00,0x49,0x00,0x49,0x00,0x49,0x00,0x49,0x00,0x49,0x00,0x49,0x00,0x49,0x00,0x49,0x00,0x49,0x00,0x49,0x00,0x49,0x00,0x49,0x00,0x49,0x00,0x49,0x00,0x49,0x00,0x49,0x00,0x49,0x00,0x49,0x00,0x49,0x00,0x49,0x00,0x49,0x00,0x49,0x00,0x49,0x00,0x49,0x00,0x49,
	0x00,0x49,0x00,0x49,0x00,0x49,0x00,0x49,0x00,0x49,0x00,0x49,0x00,0x49,0x00,0x49,0x00,0x49,0x00,0x49,0x00,0x49,0x00,0x49,0x00,0x49,0x00,0x49,0x00,0x49,0x00,0x49,0x00,0x49,0x00,0x49,0x00,0x49,0x00,0x49,0x00,0x49,0x00,0x49,0x00,0x49,0x00,0x49,0x00,0x49,0x00,0x49,0x00,0x49,0x00,0x49,0x00,0x49,0x00,0x49,0x00,0x49,0x00,0x49,
	0x00,0x49,0x00,0x49,0x00,0x49,0x00,0x49,0x00,0x49,0x00,0x49,0x00,0x49,0x00,0x49,0x00,0x49,0x00,0x49,0x00,0x49,0x00,0x49,0x00,0x49,0x00,0x49,0x00,0x49,0x00,0x49,0x00,0x49,0x00,0x49,0x00,0x49,0x00,0x49,0x00,0x49,0x00,0x49,0x00,0x49,0x00,0x49,0x00,0x49,0x00,0x49,0x00,0x49,0x00,0x49,0x00,0x49,0x00,0x49,0x00,0x49,0x00,0x49,
	0x00,0x49,0x00,0x49,0x00,0x49,0x00,0x49,0x00,0x49,0x00,0x49,0x00,0x49,0x00,0x49,0x00,0x49,0x00,0x49,0x00,0x49,0x00,0x49,0x00,0x49,0x00,0x49,0x00,0x49,0x00,0x49,0x00,0x49,0x00,0x49,0x00,0x49,0x00,0x49,0x00,0x49,0x00,0x49,0x00,0x49,0x00,0x49,0x00,0x49,0x00,0x49,0x00,0x49,0x00,0x49,0x00,0x49,0x00,0x49,0x00,0x49,0x00,0x49,
	0x00,0x49,0x00,0x49,0x00,0x49,0x00,0x49,0x00,0x49,0x00,0x49,0x00,0x49,0x00,0x49,0x00,0x49,0x00,0x49,0x00,0x49,0x00,0x49,0x00,0x49,0x00,0x49,0x00,0x49,0x00,0x49,0x00,0x49,0x00,0x49,0x00,0x49,0x00,0x49,0x00,0x49,0x00,0x49,0x00,0x49,0x00,0x49,0x00,0x49,0x00,0x49,0x00,0x49,0x00,0x49,0x00,0x49,0x00,0x49,0x00,0x49,0x00,0x49,
	0x00,0x49,0x00,0x49,0x00,0x49,0x00,0x49,0x00,0x49,0x00,0x49,0x00,0x49,0x00,0x49,0x00,0x49,0x00,0x49,0x00,0x49,0x00,0x49,0x00,0x49,0x00,0x49,0x00,0x49,0x00,0x49,0x00,0x49,0x00,0x49,0x00,0x49,0x00,0x49,0x00,0x49,0x00,0x49,0x00,0x49,0x00,0x49,0x00,0x49,0x00,0x49,0x00,0x49,0x00,0x49,0x00,0x49,0x00,0x49,0x00,0x49,0x00,0x49,
	0x00,0x49,0x00,0x49,0x00,0x49,0x00,0x49,0x00,0x49,0x00,0x49,0x00,0x49,0x00,0x49,0x00,0x49,0x00,0x49,0x00,0x49,0x00,0x49,0x00,0x49,0x00,0x49,0x00,0x49,0x00,0x49,0x00,0x49,0x00,0x49,0x00,0x49,0x00,0x49,0x00,0x49,0x00,0x49,0x00,0x49,0x00,0x49,0x00,0x49,0x00,0x49,0x00,0x49,0x00,0x49,0x00,0x49,0x00,0x49,0x00,0x49,0x00,0x49,
	0x00,0x49,0x00,0x49,0x00,0x49,0x00,0x49,0x00,0x49,0x00,0x49,0x00,0x49,0x00,0x49,0x00,0x49,0x00,0x49,0x00,0x49,0x00,0x49,0x00,0x49,0x00,0x49,0x00,0x49,0x00,0x49,0x00,0x49,0x00,0x49,0x00,0x49,0x00,0x49,0x00,0x49,0x00,0x49,0x00,0x49,0x00,0x49,0x00,0x49,0x00,0x49,0x00,0x49,0x00,0x49,0x00,0x49,0xE0,0x40,0x00,0x51,0x80,0x99,
	0xC0,0xC9,0x00,0xE2,0x00,0xEA,0x00,0xE2,0x00,0xE2,0x00,0xE2,0x00,0xE2,0x20,0xE2,0x20,0xE2,0x20,0xE2,0x20,0xE2,0x20,0xE2,0x20,0xE2,0x20,0xE2,0x40,0xE2,0x40,0xE2,0x40,0xEA,0x40,0xEA,0x40,0xE2,0xE0,0xC1,0x40,0x71,0xE0,0x48,0x00,0x49,0x00,0x49,0x00,0x49,0x00,0x49,0x00,0x49,0x00,0x49,0x00,0x49,0x00,0x49,0x00,0x49,0x00,0x49,
	0x00,0x49,0x00,0x49,0x00,0x49,0x00,0x49,0x00,0x49,0x00,0x49,0x00,0x49,0x00,0x49,0x00,0x49,0x00,0x49,0x00,0x49,0x00,0x49,0x00,0x49,0x00,0x49,0x00,0x49,0x00,0x49,0x00,0x49,0x00,0x49,0x00,0x49,0x00,0x49,0x00,0x49,0x00,0x49,0x00,0x49,0x00,0x49,0x00,0x49,0x00,0x49,0x00,0x49,0x00,0x49,0x00,0x49,0x00,0x49,0x00,0x49,0x00,0x49,
	0x00,0x49,0x00,0x49,0x00,0x49,0x00,0x49,0x00,0x49,0x00,0x49,0x00,0x49,0x00,0x49,0x00,0x49,0x00,0x49,0x00,0x49,0x00,0x49,0x00,0x49,0x00,0x49,0x00,0x49,0x00,0x49,0x00,0x49,0x00,0x49,0x00,0x49,0x00,0x49,0x60,0x69,0xE1,0xD2,0x62,0xFB,0x62,0xFB,0x82,0xFB,0x82,0xFB,0x82,0xFB,0x82,0xFB,0x82,0xFB,0x82,0xFB,0x82,0xFB,0xA2,0xFB,
	0xA2,0xFB,0xA2,0xFB,0xA2,0xFB,0xA2,0xFB,0xA2,0xFB,0xA2,0xFB,0xA2,0xFB,0xA2,0xFB,0x41,0xE3,0x81,0xB2,0x40,0x59,0xE0,0x40,0x00,0x49,0x00,0x49,0x00,0x49,0x00,0x49,0x00,0x49,0x00,0x49,0x00,0x49,0x00,0x49,0x00,0x49,0x00,0x49,0x00,0x49,0x00,0x49,0x00,0x49,0x00,0x49,0x00,0x49,0x00,0x49,0x00,0x49,0x00,0x49,0x00,0x49,0x00,0x49,
	0x00,0x49,0x00,0x49,0x00,0x49,0x00,0x49,0x00,0x49,0x00,0x49,0x00,0x49,0x00,0x49,0x00,0x49,0x00,0x49,0x00,0x49,0x00,0x49,0x00,0x49,0x00,0x49,0x00,0x49,0x00,0x49,0x00,0x49,0x00,0x49,0x00,0x49,0x00,0x49,0x00,0x49,0x00,0x49,0x00,0x49,0x00,0x49,0x00,0x49,0x00,0x49,0x00,0x49,0x00,0x49,0x00,0x49,0x00,0x49,0x00,0x49,0x00,0x49,
	0x00,0x49,0x00,0x49,0x00,0x49,0x00,0x49,0x00,0x49,0x00,0x49,0x00,0x49,0x00,0x49,0x00,0x49,0x00,0x49,0x00,0x49,0x00,0x49,0x00,0x49,0x00,0x49,0x00,0x49,0x00,0x49,0x00,0x49,0x00,0x49,0x00,0x49,0x00,0x49,0x00,0x49,0x00,0x49,0x00,0x49,0x00,0x49,0x00,0x49,0x00,0x49,0x00,0x49,0x00,0x49,0x00,0x49,0x00,0x49,0x00,0x49,0x00,0x49,
	0x00,0x49,0x00,0x49,0x00,0x49,0x00,0x49,0x00,0x49,0x00,0x49,0x00,0x49,0x00,0x49,0x00,0x49,0x00,0x49,0x00,0x49,0x00,0x49,0x00,0x49,0x00,0x49,0x00,0x49,0x00,0x49,0x00,0x49,0x00,0x49,0x00,0x49,0x00,0x49,0x00,0x49,0x00,0x49,0x00,0x49,0x00,0x49,0x00,0x49,0x00,0x49,0x00,0x49,0x00,0x49,0x00,0x49,0x00,0x49,0x00,0x49,0x00,0x49,
	0x00,0x49,0x00,0x49,0x00,0x49,0x00,0x49,0x00,0x49,0x00,0x49,0x00,0x49,0x00,0x49,0x00,0x49,0x00,0x49,0x00,0x49,0x00,0x49,0x00,0x49,0x00,0x49,0x00,0x49,0x00,0x49,0x00,0x49,0x00,0x49,0x00,0x49,0x00,0x49,0x00,0x49,0x00,0x49,0x00,0x49,0x00,0x49,0x00,0x49,0x00,0x49,0x00,0x49,0x00,0x49,0x00,0x49,0x00,0x49,0x00,0x49,0x00,0x49,
	0x00,0x49,0x00,0x49,0x00,0x49,0x00,0x49,0x00,0x49,0x00,0x49,0x00,0x49,0x00,0x49,0x00,0x49,0x00,0x49,0x00,0x49,0x00,0x49,0x00,0x49,0x00,0x49,0x00,0x49,0x00,0x49,0x00,0x49,0x00,0x49,0x00,0x49,0x00,0x49,0x00,0x49,0x00,0x49,0x00,0x49,0x00,0x49,0x00,0x49,0x00,0x49,0x00,0x49,0x00,0x49,0x00,0x49,0x00,0x49,0x00,0x49,0x00,0x49,
	0x00,0x49,0x00,0x49,0x00,0x49,0x00,0x49,0x00,0x49,0x00,0x49,0x00,0x49,0x00,0x49,0x00,0x49,0x00,0x49,0x00,0x49,0x00,0x49,0x00,0x49,0x00,0x49,0x00,0x49,0x00,0x49,0x00,0x49,0x00,0x49,0x00,0x49,0x00,0x49,0x00,0x49,0x00,0x49,0x00,0x49,0x00,0x49,0x00,0x49,0x00,0x49,0x00,0x49,0x00,0x49,0x00,0x49,0x00,0x49,0x00,0x49,0x00,0x49,
	0x00,0x49,0x00,0x49,0x00,0x49,0x00,0x49,0x00,0x49,0x00,0x49,0x00,0x49,0x00,0x49,0x00,0x49,0x00,0x49,0x00,0x49,0x00,0x49,0x00,0x49,0x00,0x49,0x00,0x49,0x00,0x49,0x00,0x49,0x00,0x49,0x00,0x49,0x00,0x49,0x00,0x49,0x00,0x49,0x00,0x49,0x00,0x49,0x00,0x49,0x00,0x49,0x00,0x49,0x00,0x49,0x00,0x49,0x00,0x49,0x00,0x49,0x00,0x49,
	0x00,0x49,0x00,0x49,0x00,0x49,0x00,0x49,0x00,0x49,0x00,0x49,0x00,0x49,0x00,0x49,0x00,0x49,0x00,0x49,0x00,0x49,0x00,0x49,0x00,0x49,0x00,0x49,0x00,0x49,0x00,0x49,0x00,0x49,0x00,0x49,0x00,0x49,0x20,0x69,0xC0,0xB9,0x00,0xE2,0x00,0xE2,0x00,0xEA,0x00,0xE2,0x00,0xE2,0x00,0xE2,0x00,0xE2,0x00,0xE2,0x20,0xE2,0x20,0xE2,0x20,0xE2,
	0x20,0xE2,0x20,0xE2,0x20,0xE2,0x40,0xE2,0x40,0xEA,0x40,0xEA,0x20,0xEA,0xC0,0xB9,0x60,0x81,0x00,0x51,0xE0,0x40,0x00,0x49,0x00,0x49,0x00,0x49,0x00,0x49,0x00,0x49,0x00,0x49,0x00,0x49,0x00,0x49,0x00,0x49,0x00,0x49,0x00,0x49,0x00,0x49,0x00,0x49,0x00,0x49,0x00,0x49,0x00,0x49,0x00,0x49,0x00,0x49,0x00,0x49,0x00,0x49,0x00,0x49,
	0x00,0x49,0x00,0x49,0x00,0x49,0x00,0x49,0x00,0x49,0x00,0x49,0x00,0x49,0x00,0x49,0x00,0x49,0x00,0x49,0x00,0x49,0x00,0x49,0x00,0x49,0x00,0x49,0x00,0x49,0x00,0x49,0x00,0x49,0x00,0x49,0x00,0x49,0x00,0x49,0x00,0x49,0x00,0x49,0x00,0x49,0x00,0x49,0x00,0x49,0x00,0x49,0x00,0x49,0x00,0x49,0x00,0x49,0x00,0x49,0x00,0x49,0x00,0x49,
	0x00,0x49,0x00,0x49,0x00,0x49,0x00,0x49,0x00,0x49,0x00,0x49,0x00,0x49,0x00,0x49,0xE0,0x40,0x00,0x51,0xC0,0x81,0xC1,0xC2,0x62,0xFB,0x82,0xFB,0x82,0xFB,0x82,0xFB,0x82,0xFB,0x82,0xFB,0x82,0xFB,0x82,0xFB,0xA2,0xFB,0xA2,0xFB,0xA2,0xFB,0xA2,0xFB,0xA2,0xFB,0xA2,0xFB,0xA2,0xFB,0xA2,0xFB,0xA2,0xFB,0xA2,0xFB,0x41,0xE3,0xA0,0x79,
	0x00,0x49,0x00,0x49,0x00,0x49,0x00,0x49,0x00,0x49,0x00,0x49,0x00,0x49,0x00,0x49,0x00,0x49,0x00,0x49,0x00,0x49,0x00,0x49,0x00,0x49,0x00,0x49,0x00,0x49,0x00,0x49,0x00,0x49,0x00,0x49,0x00,0x49,0x00,0x49,0x00,0x49,0x00,0x49,0x00,0x49,0x00,0x49,0x00,0x49,0x00,0x49,0x00,0x49,0x00,0x49,0x00,0x49,0x00,0x49,0x00,0x49,0x00,0x49,
	0x00,0x49,0x00,0x49,0x00,0x49,0x00,0x49,0x00,0x49,0x00,0x49,0x00,0x49,0x00,0x49,0x00,0x49,0x00,0x49,0x00,0x49,0x00,0x49,0x00,0x49,0x00,0x49,0x00,0x49,0x00,0x49,0x00,0x49,0x00,0x49,0x00,0x49,0x00,0x49,0x00,0x49,0x00,0x49,0x00,0x49,0x00,0x49,0x00,0x49,0x00,0x49,0x00,0x49,0x00,0x49,0x00,0x49,0x00,0x49,0x00,0x49,0x00,0x49,
	0x00,0x49,0x00,0x49,0x00,0x49,0x00,0x49,0x00,0x49,0x00,0x49,0x00,0x49,0x00,0x49,0x00,0x49,0x00,0x49,0x00,0x49,0x00,0x49,0x00,0x49,0x00,0x49,0x00,0x49,0x00,0x49,0x00,0x49,0x00,0x49,0x00,0x49,0x00,0x49,0x00,0x49,0x00,0x49,0x00,0x49,0x00,0x49,0x00,0x49,0x00,0x49,0x00,0x49,0x00,0x49,0x00,0x49,0x00,0x49,0x00,0x49,0x00,0x49,
	0x00,0x49,0x00,0x49,0x00,0x49,0x00,0x49,0x00,0x49,0x00,0x49,0x00,0x49,0x00,0x49,0x00,0x49,0x00,0x49,0x00,0x49,0x00,0x49,0x00,0x49,0x00,0x49,0x00,0x49,0x00,0x49,0x00,0x49,0x00,0x49,0x00,0x49,0x00,0x49,0x00,0x49,0x00,0x49,0x00,0x49,0x00,0x49,0x00,0x49,0x00,0x49,0x00,0x49,0x00,0x49,0x00,0x49,0x00,0x49,0x00,0x49,0x00,0x49,
	0x00,0x49,0x00,0x49,0x00,0x49,0x00,0x49,0x00,0x49,0x00,0x49,0x00,0x49,0x00,0x49,0x00,0x49,0x00,0x49,0x00,0x49,0x00,0x49,0x00,0x49,0x00,0x49,0x00,0x49,0x00,0x49,0x00,0x49,0x00,0x49,0x00,0x49,0x00,0x49,0x00,0x49,0x00,0x49,0x00,0x49,0x00,0x49,0x00,0x49,0x00,0x49,0x00,0x49,0x00,0x49,0x00,0x49,0x00,0x49,0x00,0x49,0x00,0x49,
	0x00,0x49,0x00,0x49,0x00,0x49,0x00,0x49,0x00,0x49,0x00,0x49,0x00,0x49,0x00,0x49,0x00,0x49,0x00,0x49,0x00,0x49,0x00,0x49,0x00,0x49,0x00,0x49,0x00,0x49,0x00,0x49,0x00,0x49,0x00,0x49,0x00,0x49,0x00,0x49,0x00,0x49,0x00,0x49,0x00,0x49,0x00,0x49,0x00,0x49,0x00,0x49,0x00,0x49,0x00,0x49,0x00,0x49,0x00,0x49,0x00,0x49,0x00,0x49,
	0x00,0x49,0x00,0x49,0x00,0x49,0x00,0x49,0x00,0x49,0x00,0x49,0x00,0x49,0x00,0x49,0x00,0x49,0x00,0x49,0x00,0x49,0x00,0x49,0x00,0x49,0x00,0x49,0x00,0x49,0x00,0x49,0x00,0x49,0x00,0x49,0x00,0x49,0x00,0x49,0x00,0x49,0x00,0x49,0x00,0x49,0x00,0x49,0x00,0x49,0x00,0x49,0x00,0x49,0x00,0x49,0x00,0x49,0x00,0x49,0x00,0x49,0x00,0x49,
	0x00,0x49,0x00,0x49,0x00,0x49,0x00,0x49,0x00,0x49,0x00,0x49,0x00,0x49,0x00,0x49,0x00,0x49,0x00,0x49,0x00,0x49,0x00,0x49,0x00,0x49,0x00,0x49,0x00,0x49,0x00,0x49,0x00,0x49,0x00,0x49,0x00,0x49,0x00,0x49,0x00,0x49,0x00,0x49,0x00,0x49,0x00,0x49,0x00,0x49,0x00,0x49,0x00,0x49,0x00,0x49,0x00,0x49,0x00,0x49,0x00,0x49,0x00,0x49,
	0x00,0x49,0x00,0x49,0x00,0x49,0x00,0x49,0x00,0x49,0x00,0x49,0x00,0x49,0x20,0x59,0x60,0x91,0xE0,0xD1,0x00,0xEA,0x00,0xE2,0x00,0xE2,0x00,0xE2,0x00,0xE2,0x00,0xE2,0x00,0xE2,0x00,0xE2,0x00,0xE2,0x20,0xE2,0x20,0xE2,0x20,0xE2,0x20,0xE2,0x20,0xE2,0x40,0xE2,0x40,0xEA,0x40,0xE2,0x00,0xD2,0x80,0x89,0x00,0x49,0x00,0x49,0x00,0x49,
	0x00,0x49,0x00,0x49,0x00,0x49,0x00,0x49,0x00,0x49,0x00,0x49,0x00,0x49,0x00,0x49,0x00,0x49,0x00,0x49,0x00,0x49,0x00,0x49,0x00,0x49,0x00,0x49,0x00,0x49,0x00,0x49,0x00,0x49,0x00,0x49,0x00,0x49,0x00,0x49,0x00,0x49,0x00,0x49,0x00,0x49,0x00,0x49,0x00,0x49,0x00,0x49,0x00,0x49,0x00,0x49,0x00,0x49,0x00,0x49,0x00,0x49,0x00,0x49,
	0x00,0x49,0x00,0x49,0x00,0x49,0x00,0x49,0x00,0x49,0x00,0x49,0x00,0x49,0x00,0x49,0x00,0x49,0x00,0x49,0x00,0x49,0x00,0x49,0x00,0x49,0x00,0x49,0x00,0x49,0x00,0x49,0x00,0x49,0x00,0x49,0x00,0x49,0x00,0x49,0x00,0x49,0x00,0x49,0x00,0x49,0x00,0x49,0x00,0x49,0x00,0x49,0x00,0x49,0x00,0x49,0x00,0x49,0xE0,0x48,0xE0,0x48,0xE0,0x40,
	0xE0,0x81,0xE1,0xDA,0x62,0xFB,0x82,0xFB,0x82,0xFB,0x82,0xFB,0x82,0xFB,0x82,0xFB,0x82,0xFB,0xA2,0xFB,0xA2,0xFB,0xA2,0xFB,0xA2,0xFB,0xA2,0xFB,0xA2,0xFB,0xA2,0xFB,0xA2,0xFB,0xA2,0xFB,0xE2,0xFB,0xA2,0xFB,0x41,0xA2,0x60,0x69,0x00,0x49,0xE0,0x40,0x00,0x49,0x00,0x49,0x00,0x49,0x00,0x49,0x00,0x49,0x00,0x49,0x00,0x49,0x00,0x49,
	0x00,0x49,0x00,0x49,0x00,0x49,0x00,0x49,0x00,0x49,0x00,0x49,0x00,0x49,0x00,0x49,0x00,0x49,0x00,0x49,0x00,0x49,0x00,0x49,0x00,0x49,0x00,0x49,0x00,0x49,0x00,0x49,0x00,0x49,0x00,0x49,0x00,0x49,0x00,0x49,0x00,0x49,0x00,0x49,0x00,0x49,0x00,0x49,0x00,0x49,0x00,0x49,0x00,0x49,0x00,0x49,0x00,0x49,0x00,0x49,0x00,0x49,0x00,0x49,
	0x00,0x49,0x00,0x49,0x00,0x49,0x00,0x49,0x00,0x49,0x00,0x49,0x00,0x49,0x00,0x49,0x00,0x49,0x00,0x49,0x00,0x49,0x00,0x49,0x00,0x49,0x00,0x49,0x00,0x49,0x00,0x49,0x00,0x49,0x00,0x49,0x00,0x49,0x00,0x49,0x00,0x49,0x00,0x49,0x00,0x49,0x00,0x49,0x00,0x49,0x00,0x49,0x00,0x49,0x00,0x49,0x00,0x49,0x00,0x49,0x00,0x49,0x00,0x49,
	0x00,0x49,0x00,0x49,0x00,0x49,0x00,0x49,0x00,0x49,0x00,0x49,0x00,0x49,0x00,0x49,0x00,0x49,0x00,0x49,0x00,0x49,0x00,0x49,0x00,0x49,0x00,0x49,0x00,0x49,0x00,0x49,0x00,0x49,0x00,0x49,0x00,0x49,0x00,0x49,0x00,0x49,0x00,0x49,0x00,0x49,0x00,0x49,0x00,0x49,0x00,0x49,0x00,0x49,0x00,0x49,0x00,0x49,0x00,0x49,0x00,0x49,0x00,0x49,
	0x00,0x49,0x00,0x49,0x00,0x49,0x00,0x49,0x00,0x49,0x00,0x49,0x00,0x49,0x00,0x49,0x00,0x49,0x00,0x49,0x00,0x49,0x00,0x49,0x00,0x49,0x00,0x49,0x00,0x49,0x00,0x49,0x00,0x49,0x00,0x49,0x00,0x49,0x00,0x49,0x00,0x49,0x00,0x49,0x00,0x49,0x00,0x49,0x00,0x49,0x00,0x49,0x00,0x49,0x00,0x49,0x00,0x49,0x00,0x49,0x00,0x49,0x00,0x49,
	0x00,0x49,0x00,0x49,0x00,0x49,0x00,0x49,0x00,0x49,0x00,0x49,0x00,0x49,0x00,0x49,0x00,0x49,0x00,0x49,0x00,0x49,0x00,0x49,0x00,0x49,0x00,0x49,0x00,0x49,0x00,0x49,0x00,0x49,0x00,0x49,0x00,0x49,0x00,0x49,0x00,0x49,0x00,0x49,0x00,0x49,0x00,0x49,0x00,0x49,0x00,0x49,0x00,0x49,0x00,0x49,0x00,0x49,0x00,0x49,0x00,0x49,0x00,0x49,
	0x00,0x49,0x00,0x49,0x00,0x49,0x00,0x49,0x00,0x49,0x00,0x49,0x00,0x49,0x00,0x49,0x00,0x49,0x00,0x49,0x00,0x49,0x00,0x49,0x00,0x49,0x00,0x49,0x00,0x49,0x00,0x49,0x00,0x49,0x00,0x49,0x00,0x49,0x00,0x49,0x00,0x49,0x00,0x49,0x00,0x49,0x00,0x49,0x00,0x49,0x00,0x49,0x00,0x49,0x00,0x49,0x00,0x49,0x00,0x49,0x00,0x49,0x00,0x49,
	0x00,0x49,0x00,0x49,0x00,0x49,0x00,0x49,0x00,0x49,0x00,0x49,0x00,0x49,0x00,0x49,0x00,0x49,0x00,0x49,0x00,0x49,0x00,0x49,0x00,0x49,0x00,0x49,0x00,0x49,0x00,0x49,0x00,0x49,0x00,0x49,0x00,0x49,0x00,0x49,0x00,0x49,0x00,0x49,0x00,0x49,0x00,0x49,0x00,0x49,0x00,0x49,0x00,0x49,0x00,0x49,0x00,0x49,0x00,0x49,0x00,0x49,0x00,0x49,
	0x00,0x49,0x00,0x49,0x00,0x49,0x00,0x49,0x00,0x49,0x00,0x49,0x00,0x49,0x00,0x49,0x00,0x49,0x00,0x49,0x00,0x49,0x00,0x49,0x00,0x49,0x00,0x49,0x00,0x49,0x00,0x49,0x00,0x49,0x00,0x49,0x00,0x49,0x00,0x49,0x00,0x49,0x00,0x49,0x00,0x49,0x00,0x49,0x00,0x49,0x00,0x49,0xE0,0x40,0xE0,0x40,0x60,0x81,0xC0,0xB9,0xE0,0xE1,0x00,0xEA,
	0x00,0xE2,0x00,0xE2,0x00,0xE2,0x00,0xE2,0x00,0xE2,0x00,0xE2,0x00,0xE2,0x00,0xE2,0x20,0xE2,0x20,0xE2,0x20,0xE2,0x20,0xE2,0x20,0xE2,0x40,0xE2,0x40,0xEA,0x00,0xD2,0x60,0x81,0x00,0x59,0x00,0x49,0x00,0x49,0x00,0x49,0x00,0x49,0x00,0x49,0x00,0x49,0x00,0x49,0x00,0x49,0x00,0x49,0x00,0x49,0x00,0x49,0x00,0x49,0x00,0x49,0x00,0x49,
	0x00,0x49,0x00,0x49,0x00,0x49,0x00,0x49,0x00,0x49,0x00,0x49,0x00,0x49,0x00,0x49,0x00,0x49,0x00,0x49,0x00,0x49,0x00,0x49,0x00,0x49,0x00,0x49,0x00,0x49,0x00,0x49,0x00,0x49,0x00,0x49,0x00,0x49,0x00,0x49,0x00,0x49,0x00,0x49,0x00,0x49,0x00,0x49,0x00,0x49,0x00,0x49,0x00,0x49,0x00,0x49,0x00,0x49,0x00,0x49,0x00,0x49,0x00,0x49,
	0x00,0x49,0x00,0x49,0x00,0x49,0x00,0x49,0x00,0x49,0x00,0x49,0x00,0x49,0x00,0x49,0x00,0x49,0x00,0x49,0x00,0x49,0x00,0x49,0x00,0x49,0x00,0x49,0x00,0x49,0x00,0x49,0x00,0x49,0x00,0x49,0x00,0x49,0x00,0x49,0xE0,0x40,0x20,0x59,0xC0,0x81,0xE1,0xDA,0xA2,0xFB,0x82,0xFB,0x82,0xFB,0x82,0xFB,0x82,0xFB,0x82,0xFB,0xA2,0xFB,0xA2,0xFB,
	0xA2,0xFB,0xA2,0xFB,0xA2,0xFB,0xA2,0xFB,0xA2,0xFB,0xA2,0xFB,0xA2,0xFB,0xC2,0xFB,0xA2,0xFB,0x41,0xE3,0x21,0x9A,0xE0,0x40,0xE0,0x40,0x00,0x49,0x00,0x49,0x00,0x49,0x00,0x49,0x00,0x49,0x00,0x49,0x00,0x49,0x00,0x49,0x00,0x49,0x00,0x49,0x00,0x49,0x00,0x49,0x00,0x49,0x00,0x49,0x00,0x49,0x00,0x49,0x00,0x49,0x00,0x49,0x00,0x49,
	0x00,0x49,0x00,0x49,0x00,0x49,0x00,0x49,0x00,0x49,0x00,0x49,0x00,0x49,0x00,0x49,0x00,0x49,0x00,0x49,0x00,0x49,0x00,0x49,0x00,0x49,0x00,0x49,0x00,0x49,0x00,0x49,0x00,0x49,0x00,0x49,0x00,0x49,0x00,0x49,0x00,0x49,0x00,0x49,0x00,0x49,0x00,0x49,0x00,0x49,0x00,0x49,0x00,0x49,0x00,0x49,0x00,0x49,0x00,0x49,0x00,0x49,0x00,0x49,
	0x00,0x49,0x00,0x49,0x00,0x49,0x00,0x49,0x00,0x49,0x00,0x49,0x00,0x49,0x00,0x49,0x00,0x49,0x00,0x49,0x00,0x49,0x00,0x49,0x00,0x49,0x00,0x49,0x00,0x49,0x00,0x49,0x00,0x49,0x00,0x49,0x00,0x49,0x00,0x49,0x00,0x49,0x00,0x49,0x00,0x49,0x00,0x49,0x00,0x49,0x00,0x49,0x00,0x49,0x00,0x49,0x00,0x49,0x00,0x49,0x00,0x49,0x00,0x49,
	0x00,0x49,0x00,0x49,0x00,0x49,0x00,0x49,0x00,0x49,0x00,0x49,0x00,0x49,0x00,0x49,0x00,0x49,0x00,0x49,0x00,0x49,0x00,0x49,0x00,0x49,0x00,0x49,0x00,0x49,0x00,0x49,0x00,0x49,0x00,0x49,0x00,0x49,0x00,0x49,0x00,0x49,0x00,0x49,0x00,0x49,0x00,0x49,0x00,0x49,0x00,0x49,0x00,0x49,0x00,0x49,0x00,0x49,0x00,0x49,0x00,0x49,0x00,0x49,
	0x00,0x49,0x00,0x49,0x00,0x49,0x00,0x49,0x00,0x49,0x00,0x49,0x00,0x49,0x00,0x49,0x00,0x49,0x00,0x49,0x00,0x49,0x00,0x49,0x00,0x49,0x00,0x49,0x00,0x49,0x00,0x49,0x00,0x49,0x00,0x49,0x00,0x49,0x00,0x49,0x00,0x49,0x00,0x49,0x00,0x49,0x00,0x49,0x00,0x49,0x00,0x49,0x00,0x49,0x00,0x49,0x00,0x49,0x00,0x49,0x00,0x49,0x00,0x49,
	0x00,0x49,0x00,0x49,0x00,0x49,0x00,0x49,0x00,0x49,0x00,0x49,0x00,0x49,0x00,0x49,0x00,0x49,0x00,0x49,0x00,0x49,0x00,0x49,0x00,0x49,0x00,0x49,0x00,0x49,0x00,0x49,0x00,0x49,0x00,0x49,0x00,0x49,0x00,0x49,0x00,0x49,0x00,0x49,0x00,0x49,0x00,0x49,0x00,0x49,0x00,0x49,0x00,0x49,0x00,0x49,0x00,0x49,0x00,0x49,0x00,0x49,0x00,0x49,
	0x00,0x49,0x00,0x49,0x00,0x49,0x00,0x49,0x00,0x49,0x00,0x49,0x00,0x49,0x00,0x49,0x00,0x49,0x00,0x49,0x00,0x49,0x00,0x49,0x00,0x49,0x00,0x49,0x00,0x49,0x00,0x49,0x00,0x49,0x00,0x49,0x00,0x49,0x00,0x49,0x00,0x49,0x00,0x49,0x00,0x49,0x00,0x49,0x00,0x49,0x00,0x49,0x00,0x49,0x00,0x49,0x00,0x49,0x00,0x49,0x00,0x49,0x00,0x49,
	0x00,0x49,0x00,0x49,0x00,0x49,0x00,0x49,0x00,0x49,0x00,0x49,0x00,0x49,0x00,0x49,0x00,0x49,0x00,0x49,0x00,0x49,0x00,0x49,0x00,0x49,0x00,0x49,0x00,0x49,0x00,0x49,0x00,0x49,0x00,0x49,0x00,0x49,0x00,0x49,0x00,0x49,0x00,0x49,0x00,0x49,0x00,0x49,0x00,0x49,0x00,0x49,0x00,0x49,0x00,0x49,0x00,0x49,0x00,0x49,0x00,0x49,0x00,0x49,
	0x00,0x49,0x00,0x49,0x00,0x49,0x00,0x49,0x00,0x49,0x00,0x49,0x00,0x49,0x00,0x49,0x00,0x49,0x00,0x49,0x00,0x49,0x00,0x49,0x00,0x49,0x00,0x49,0x00,0x49,0xE0,0x48,0x00,0x51,0x80,0xA1,0xE0,0xE1,0x00,0xE2,0x00,0xEA,0x00,0xE2,0x00,0xE2,0x00,0xE2,0x00,0xE2,0x00,0xE2,0x00,0xE2,0x00,0xE2,0x00,0xE2,0x20,0xE2,0x20,0xE2,0x20,0xE2,
	0x20,0xE2,0x20,0xEA,0x20,0xEA,0x00,0xD2,0x80,0xA1,0x00,0x59,0xE0,0x40,0x00,0x49,0x00,0x49,0x00,0x49,0x00,0x49,0x00,0x49,0x00,0x49,0x00,0x49,0x00,0x49,0x00,0x49,0x00,0x49,0x00,0x49,0x00,0x49,0x00,0x49,0x00,0x49,0x00,0x49,0x00,0x49,0x00,0x49,0x00,0x49,0x00,0x49,0x00,0x49,0x00,0x49,0x00,0x49,0x00,0x49,0x00,0x49,0x00,0x49,
	0x00,0x49,0x00,0x49,0x00,0x49,0x00,0x49,0x00,0x49,0x00,0x49,0x00,0x49,0x00,0x49,0x00,0x49,0x00,0x49,0x00,0x49,0x00,0x49,0x00,0x49,0x00,0x49,0x00,0x49,0x00,0x49,0x00,0x49,0x00,0x49,0x00,0x49,0x00,0x49,0x00,0x49,0x00,0x49,0x00,0x49,0x00,0x49,0x00,0x49,0x00,0x49,0x00,0x49,0x00,0x49,0x00,0x49,0x00,0x49,0x00,0x49,0x00,0x49,
	0x00,0x49,0x00,0x49,0x00,0x49,0x00,0x49,0x00,0x49,0x00,0x49,0x00,0x49,0x00,0x49,0x00,0x49,0xE0,0x48,0xE0,0x40,0x20,0x51,0x41,0xA2,0x21,0xE3,0x82,0xFB,0x82,0xFB,0x82,0xFB,0x82,0xFB,0x82,0xFB,0xA2,0xFB,0xA2,0xFB,0xA2,0xFB,0xA2,0xFB,0xA2,0xFB,0xA2,0xFB,0xA2,0xFB,0xA2,0xFB,0xA2,0xFB,0xA2,0xFB,0xC2,0xFB,0xA2,0xFB,0xA1,0xBA,
	0x40,0x59,0xE0,0x48,0xE0,0x48,0x00,0x49,0x00,0x49,0x00,0x49,0x00,0x49,0x00,0x49,0x00,0x49,0x00,0x49,0x00,0x49,0x00,0x49,0x00,0x49,0x00,0x49,0x00,0x49,0x00,0x49,0x00,0x49,0x00,0x49,0x00,0x49,0x00,0x49,0x00,0x49,0x00,0x49,0x00,0x49,0x00,0x49,0x00,0x49,0x00,0x49,0x00,0x49,0x00,0x49,0x00,0x49,0x00,0x49,0x00,0x49,0x00,0x49,
	0x00,0x49,0x00,0x49,0x00,0x49,0x00,0x49,0x00,0x49,0x00,0x49,0x00,0x49,0x00,0x49,0x00,0x49,0x00,0x49,0x00,0x49,0x00,0x49,0x00,0x49,0x00,0x49,0x00,0x49,0x00,0x49,0x00,0x49,0x00,0x49,0x00,0x49,0x00,0x49,0x00,0x49,0x00,0x49,0x00,0x49,0x00,0x49,0x00,0x49,0x00,0x49,0x00,0x49,0x00,0x49,0x00,0x49,0x00,0x49,0x00,0x49,0x00,0x49,
	0x00,0x49,0x00,0x49,0x00,0x49,0x00,0x49,0x00,0x49,0x00,0x49,0x00,0x49,0x00,0x49,0x00,0x49,0x00,0x49,0x00,0x49,0x00,0x49,0x00,0x49,0x00,0x49,0x00,0x49,0x00,0x49,0x00,0x49,0x00,0x49,0x00,0x49,0x00,0x49,0x00,0x49,0x00,0x49,0x00,0x49,0x00,0x49,0x00,0x49,0x00,0x49,0x00,0x49,0x00,0x49,0x00,0x49,0x00,0x49,0x00,0x49,0x00,0x49,
	0x00,0x49,0x00,0x49,0x00,0x49,0x00,0x49,0x00,0x49,0x00,0x49,0x00,0x49,0x00,0x49,0x00,0x49,0x00,0x49,0x00,0x49,0x00,0x49,0x00,0x49,0x00,0x49,0x00,0x49,0x00,0x49,0x00,0x49,0x00,0x49,0x00,0x49,0x00,0x49,0x00,0x49,0x00,0x49,0x00,0x49,0x00,0x49,0x00,0x49,0x00,0x49,0x00,0x49,0x00,0x49,0x00,0x49,0x00,0x49,0x00,0x49,0x00,0x49,
	0x00,0x49,0x00,0x49,0x00,0x49,0x00,0x49,0x00,0x49,0x00,0x49,0x00,0x49,0x00,0x49,0x00,0x49,0x00,0x49,0x00,0x49,0x00,0x49,0x00,0x49,0x00,0x49,0x00,0x49,0x00,0x49,0x00,0x49,0x00,0x49,0x00,0x49,0x00,0x49,0x00,0x49,0x00,0x49,0x00,0x49,0x00,0x49,0x00,0x49,0x00,0x49,0x00,0x49,0x00,0x49,0x00,0x49,0x00,0x49,0x00,0x49,0x00,0x49,
	0x00,0x49,0x00,0x49,0x00,0x49,0x00,0x49,0x00,0x49,0x00,0x49,0x00,0x49,0x00,0x49,0x00,0x49,0x00,0x49,0x00,0x49,0x00,0x49,0x00,0x49,0x00,0x49,0x00,0x49,0x00,0x49,0x00,0x49,0x00,0x49,0x00,0x49,0x00,0x49,0x00,0x49,0x00,0x49,0x00,0x49,0x00,0x49,0x00,0x49,0x00,0x49,0x00,0x49,0x00,0x49,0x00,0x49,0x00,0x49,0x00,0x49,0x00,0x49,
	0x00,0x49,0x00,0x49,0x00,0x49,0x00,0x49,0x00,0x49,0x00,0x49,0x00,0x49,0x00,0x49,0x00,0x49,0x00,0x49,0x00,0x49,0x00,0x49,0x00,0x49,0x00,0x49,0x00,0x49,0x00,0x49,0x00,0x49,0x00,0x49,0x00,0x49,0x00,0x49,0x00,0x49,0x00,0x49,0x00,0x49,0x00,0x49,0x00,0x49,0x00,0x49,0x00,0x49,0x00,0x49,0x00,0x49,0x00,0x49,0x00,0x49,0x00,0x49,
	0x00,0x49,0x00,0x49,0x00,0x49,0x00,0x49,0x00,0x49,0x00,0x49,0x00,0x49,0x00,0x49,0x00,0x49,0x00,0x49,0x00,0x49,0x00,0x49,0x00,0x49,0x00,0x49,0x00,0x49,0x00,0x49,0x00,0x49,0x00,0x49,0x00,0x49,0x00,0x49,0x00,0x49,0x00,0x49,0x00,0x49,0x00,0x49,0x00,0x49,0x00,0x49,0x00,0x49,0x00,0x49,0x00,0x49,0x00,0x49,0x00,0x49,0x00,0x49,
	0x00,0x49,0x00,0x49,0x00,0x49,0xE0,0x40,0x00,0x51,0x40,0x71,0xC0,0xB9,0x00,0xEA,0x00,0xEA,0x00,0xE2,0x00,0xE2,0x00,0xE2,0x00,0xE2,0x00,0xE2,0x00,0xE2,0x00,0xE2,0x00,0xE2,0x00,0xE2,0x20,0xE2,0x20,0xE2,0x20,0xE2,0x20,0xE2,0x20,0xEA,0x20,0xE2,0x80,0xA1,0x20,0x69,0x00,0x49,0xE0,0x40,0x00,0x49,0x00,0x49,0x00,0x49,0x00,0x49,
	0x00,0x49,0x00,0x49,0x00,0x49,0x00,0x49,0x00,0x49,0x00,0x49,0x00,0x49,0x00,0x49,0x00,0x49,0x00,0x49,0x00,0x49,0x00,0x49,0x00,0x49,0x00,0x49,0x00,0x49,0x00,0x49,0x00,0x49,0x00,0x49,0x00,0x49,0x00,0x49,0x00,0x49,0x00,0x49,0x00,0x49,0x00,0x49,0x00,0x49,0x00,0x49,0x00,0x49,0x00,0x49,0x00,0x49,0x00,0x49,0x00,0x49,0x00,0x49,
	0x00,0x49,0x00,0x49,0x00,0x49,0x00,0x49,0x00,0x49,0x00,0x49,0x00,0x49,0x00,0x49,0x00,0x49,0x00,0x49,0x00,0x49,0x00,0x49,0x00,0x49,0x00,0x49,0x00,0x49,0x00,0x49,0x00,0x49,0x00,0x49,0x00,0x49,0x00,0x49,0x00,0x49,0x00,0x49,0x00,0x49,0x00,0x49,0x00,0x49,0x00,0x49,0x00,0x49,0x00,0x49,0x00,0x49,0x00,0x49,0x00,0x49,0xE0,0x40,
	0x00,0x49,0x60,0x71,0x41,0xA2,0x62,0xF3,0xA2,0xFB,0x82,0xFB,0x82,0xFB,0x82,0xFB,0xA2,0xFB,0xA2,0xFB,0xA2,0xFB,0xA2,0xFB,0xA2,0xFB,0xA2,0xFB,0xA2,0xFB,0xA2,0xFB,0xA2,0xFB,0xA2,0xFB,0xC2,0xFB,0xE2,0xFB,0x01,0xD3,0xC0,0x89,0x20,0x59,0xE0,0x40,0x00,0x49,0x00,0x49,0x00,0x49,0x00,0x49,0x00,0x49,0x00,0x49,0x00,0x49,0x00,0x49,
	0x00,0x49,0x00,0x49,0x00,0x49,0x00,0x49,0x00,0x49,0x00,0x49,0x00,0x49,0x00,0x49,0x00,0x49,0x00,0x49,0x00,0x49,0x00,0x49,0x00,0x49,0x00,0x49,0x00,0x49,0x00,0x49,0x00,0x49,0x00,0x49,0x00,0x49,0x00,0x49,0x00,0x49,0x00,0x49,0x00,0x49,0x00,0x49,0x00,0x49,0x00,0x49,0x00,0x49,0x00,0x49,0x00,0x49,0x00,0x49,0x00,0x49,0x00,0x49,
	0x00,0x49,0x00,0x49,0x00,0x49,0x00,0x49,0x00,0x49,0x00,0x49,0x00,0x49,0x00,0x49,0x00,0x49,0x00,0x49,0x00,0x49,0x00,0x49,0x00,0x49,0x00,0x49,0x00,0x49,0x00,0x49,0x00,0x49,0x00,0x49,0x00,0x49,0x00,0x49,0x00,0x49,0x00,0x49,0x00,0x49,0x00,0x49,0x00,0x49,0x00,0x49,0x00,0x49,0x00,0x49,0x00,0x49,0x00,0x49,0x00,0x49,0x00,0x49,
	0x00,0x49,0x00,0x49,0x00,0x49,0x00,0x49,0x00,0x49,0x00,0x49,0x00,0x49,0x00,0x49,0x00,0x49,0x00,0x49,0x00,0x49,0x00,0x49,0x00,0x49,0x00,0x49,0x00,0x49,0x00,0x49,0x00,0x49,0x00,0x49,0x00,0x49,0x00,0x49,0x00,0x49,0x00,0x49,0x00,0x49,0x00,0x49,0x00,0x49,0x00,0x49,0x00,0x49,0x00,0x49,0x00,0x49,0x00,0x49,0x00,0x49,0x00,0x49,
	0x00,0x49,0x00,0x49,0x00,0x49,0x00,0x49,0x00,0x49,0x00,0x49,0x00,0x49,0x00,0x49,0x00,0x49,0x00,0x49,0x00,0x49,0x00,0x49,0x00,0x49,0x00,0x49,0x00,0x49,0x00,0x49,0x00,0x49,0x00,0x49,0x00,0x49,0x00,0x49,0x00,0x49,0x00,0x49,0x00,0x49,0x00,0x49,0x00,0x49,0x00,0x49,0x00,0x49,0x00,0x49,0x00,0x49,0x00,0x49,0x00,0x49,0x00,0x49,
	0x00,0x49,0x00,0x49,0x00,0x49,0x00,0x49,0x00,0x49,0x00,0x49,0x00,0x49,0x00,0x49,0x00,0x49,0x00,0x49,0x00,0x49,0x00,0x49,0x00,0x49,0x00,0x49,0x00,0x49,0x00,0x49,0x00,0x49,0x00,0x49,0x00,0x49,0x00,0x49,0x00,0x49,0x00,0x49,0x00,0x49,0x00,0x49,0x00,0x49,0x00,0x49,0x00,0x49,0x00,0x49,0x00,0x49,0x00,0x49,0x00,0x49,0x00,0x49,
	0x00,0x49,0x00,0x49,0x00,0x49,0x00,0x49,0x00,0x49,0x00,0x49,0x00,0x49,0x00,0x49,0x00,0x49,0x00,0x49,0x00,0x49,0x00,0x49,0x00,0x49,0x00,0x49,0x00,0x49,0x00,0x49,0x00,0x49,0x00,0x49,0x00,0x49,0x00,0x49,0x00,0x49,0x00,0x49,0x00,0x49,0x00,0x49,0x00,0x49,0x00,0x49,0x00,0x49,0x00,0x49,0x00,0x49,0x00,0x49,0x00,0x49,0x00,0x49,
	0x00,0x49,0x00,0x49,0x00,0x49,0x00,0x49,0x00,0x49,0x00,0x49,0x00,0x49,0x00,0x49,0x00,0x49,0x00,0x49,0x00,0x49,0x00,0x49,0x00,0x49,0x00,0x49,0x00,0x49,0x00,0x49,0x00,0x49,0x00,0x49,0x00,0x49,0x00,0x49,0x00,0x49,0x00,0x49,0x00,0x49,0x00,0x49,0x00,0x49,0x00,0x49,0x00,0x49,0x00,0x49,0x00,0x49,0x00,0x49,0x00,0x49,0x00,0x49,
	0x00,0x49,0x00,0x49,0x00,0x49,0x00,0x49,0x00,0x49,0x00,0x49,0x00,0x49,0x00,0x49,0x00,0x49,0x00,0x49,0x00,0x49,0x00,0x49,0x00,0x49,0x00,0x49,0x00,0x49,0x00,0x49,0x00,0x49,0x00,0x49,0x00,0x49,0x00,0x49,0x00,0x49,0x00,0x49,0x00,0x49,0x00,0x49,0xE0,0x40,0x20,0x59,0x80,0xA1,0xC0,0xD1,0x00,0xEA,0x00,0xEA,0x00,0xE2,0x00,0xE2,
	0x00,0xE2,0x00,0xE2,0x00,0xE2,0x00,0xE2,0x00,0xE2,0x00,0xE2,0x00,0xE2,0x20,0xE2,0x20,0xE2,0x20,0xEA,0x20,0xEA,0x00,0xE2,0xE0,0xC1,0x60,0x79,0x00,0x49,0x00,0x49,0x00,0x49,0x00,0x49,0x00,0x49,0x00,0x49,0x00,0x49,0x00,0x49,0x00,0x49,0x00,0x49,0x00,0x49,0x00,0x49,0x00,0x49,0x00,0x49,0x00,0x49,0x00,0x49,0x00,0x49,0x00,0x49,
	0x00,0x49,0x00,0x49,0x00,0x49,0x00,0x49,0x00,0x49,0x00,0x49,0x00,0x49,0x00,0x49,0x00,0x49,0x00,0x49,0x00,0x49,0x00,0x49,0x00,0x49,0x00,0x49,0x00,0x49,0x00,0x49,0x00,0x49,0x00,0x49,0x00,0x49,0x00,0x49,0x00,0x49,0x00,0x49,0x00,0x49,0x00,0x49,0x00,0x49,0x00,0x49,0x00,0x49,0x00,0x49,0x00,0x49,0x00,0x49,0x00,0x49,0x00,0x49,
	0x00,0x49,0x00,0x49,0x00,0x49,0x00,0x49,0x00,0x49,0x00,0x49,0x00,0x49,0x00,0x49,0x00,0x49,0x00,0x49,0x00,0x49,0x00,0x49,0x00,0x49,0x00,0x49,0x00,0x49,0x00,0x49,0x00,0x49,0x00,0x49,0x00,0x49,0x00,0x49,0x00,0x49,0x00,0x49,0x00,0x49,0xA0,0x79,0xE1,0xD2,0x82,0xF3,0x82,0xFB,0x82,0xFB,0x82,0xFB,0xA2,0xFB,0xA2,0xFB,0xA2,0xFB,
	0xA2,0xFB,0xA2,0xFB,0xA2,0xFB,0xA2,0xFB,0xA2,0xFB,0xA2,0xFB,0xA2,0xFB,0xC2,0xFB,0xC2,0xFB,0x61,0xEB,0xA1,0xBA,0x60,0x69,0xC0,0x40,0xE0,0x48,0x00,0x49,0x00,0x49,0x00,0x49,0x00,0x49,0x00,0x49,0x00,0x49,0x00,0x49,0x00,0x49,0x00,0x49,0x00,0x49,0x00,0x49,0x00,0x49,0x00,0x49,0x00,0x49,0x00,0x49,0x00,0x49,0x00,0x49,0x00,0x49,
	0x00,0x49,0x00,0x49,0x00,0x49,0x00,0x49,0x00,0x49,0x00,0x49,0x00,0x49,0x00,0x49,0x00,0x49,0x00,0x49,0x00,0x49,0x00,0x49,0x00,0x49,0x00,0x49,0x00,0x49,0x00,0x49,0x00,0x49,0x00,0x49,0x00,0x49,0x00,0x49,0x00,0x49,0x00,0x49,0x00,0x49,0x00,0x49,0x00,0x49,0x00,0x49,0x00,0x49,0x00,0x49,0x00,0x49,0x00,0x49,0x00,0x49,0x00,0x49,
	0x00,0x49,0x00,0x49,0x00,0x49,0x00,0x49,0x00,0x49,0x00,0x49,0x00,0x49,0x00,0x49,0x00,0x49,0x00,0x49,0x00,0x49,0x00,0x49,0x00,0x49,0x00,0x49,0x00,0x49,0x00,0x49,0x00,0x49,0x00,0x49,0x00,0x49,0x00,0x49,0x00,0x49,0x00,0x49,0x00,0x49,0x00,0x49,0x00,0x49,0x00,0x49,0x00,0x49,0x00,0x49,0x00,0x49,0x00,0x49,0x00,0x49,0x00,0x49,
	0x00,0x49,0x00,0x49,0x00,0x49,0x00,0x49,0x00,0x49,0x00,0x49,0x00,0x49,0x00,0x49,0x00,0x49,0x00,0x49,0x00,0x49,0x00,0x49,0x00,0x49,0x00,0x49,0x00,0x49,0x00,0x49,0x00,0x49,0x00,0x49,0x00,0x49,0x00,0x49,0x00,0x49,0x00,0x49,0x00,0x49,0x00,0x49,0x00,0x49,0x00,0x49,0x00,0x49,0x00,0x49,0x00,0x49,0x00,0x49,0x00,0x49,0x00,0x49,
	0x00,0x49,0x00,0x49,0x00,0x49,0x00,0x49,0x00,0x49,0x00,0x49,0x00,0x49,0x00,0x49,0x00,0x49,0x00,0x49,0x00,0x49,0x00,0x49,0x00,0x49,0x00,0x49,0x00,0x49,0x00,0x49,0x00,0x49,0x00,0x49,0x00,0x49,0x00,0x49,0x00,0x49,0x00,0x49,0x00,0x49,0x00,0x49,0x00,0x49,0x00,0x49,0x00,0x49,0x00,0x49,0x00,0x49,0x00,0x49,0x00,0x49,0x00,0x49,
	0x00,0x49,0x00,0x49,0x00,0x49,0x00,0x49,0x00,0x49,0x00,0x49,0x00,0x49,0x00,0x49,0x00,0x49,0x00,0x49,0x00,0x49,0x00,0x49,0x00,0x49,0x00,0x49,0x00,0x49,0x00,0x49,0x00,0x49,0x00,0x49,0x00,0x49,0x00,0x49,0x00,0x49,0x00,0x49,0x00,0x49,0x00,0x49,0x00,0x49,0x00,0x49,0x00,0x49,0x00,0x49,0x00,0x49,0x00,0x49,0x00,0x49,0x00,0x49,
	0x00,0x49,0x00,0x49,0x00,0x49,0x00,0x49,0x00,0x49,0x00,0x49,0x00,0x49,0x00,0x49,0x00,0x49,0x00,0x49,0x00,0x49,0x00,0x49,0x00,0x49,0x00,0x49,0x00,0x49,0x00,0x49,0x00,0x49,0x00,0x49,0x00,0x49,0x00,0x49,0x00,0x49,0x00,0x49,0x00,0x49,0x00,0x49,0x00,0x49,0x00,0x49,0x00,0x49,0x00,0x49,0x00,0x49,0x00,0x49,0x00,0x49,0x00,0x49,
	0x00,0x49,0x00,0x49,0x00,0x49,0x00,0x49,0x00,0x49,0x00,0x49,0x00,0x49,0x00,0x49,0x00,0x49,0x00,0x49,0x00,0x49,0x00,0x49,0x00,0x49,0x00,0x49,0x00,0x49,0x00,0x49,0x00,0x49,0x00,0x49,0x00,0x49,0x00,0x49,0x00,0x49,0x00,0x49,0x00,0x49,0x00,0x49,0x00,0x49,0x00,0x49,0x00,0x49,0x00,0x49,0x00,0x49,0x00,0x49,0x00,0x49,0x00,0x49,
	0x00,0x49,0x00,0x49,0x00,0x49,0x00,0x49,0x00,0x49,0x00,0x49,0x00,0x49,0x00,0x49,0x00,0x49,0x00,0x49,0x00,0x49,0x00,0x49,0x00,0x49,0xE0,0x40,0x20,0x69,0xC0,0xC9,0xE0,0xE1,0x00,0xEA,0x00,0xEA,0x00,0xE2,0x00,0xE2,0x00,0xE2,0x00,0xE2,0x00,0xE2,0x00,0xE2,0x00,0xE2,0x00,0xE2,0x00,0xE2,0x20,0xE2,0x20,0xE2,0x20,0xEA,0x20,0xEA,
	0xE0,0xC1,0x80,0x91,0x20,0x59,0xE0,0x40,0x00,0x49,0x00,0x49,0x00,0x49,0x00,0x49,0x00,0x49,0x00,0x49,0x00,0x49,0x00,0x49,0x00,0x49,0x00,0x49,0x00,0x49,0x00,0x49,0x00,0x49,0x00,0x49,0x00,0x49,0x00,0x49,0x00,0x49,0x00,0x49,0x00,0x49,0x00,0x49,0x00,0x49,0x00,0x49,0x00,0x49,0x00,0x49,0x00,0x49,0x00,0x49,0x00,0x49,0x00,0x49,
	0x00,0x49,0x00,0x49,0x00,0x49,0x00,0x49,0x00,0x49,0x00,0x49,0x00,0x49,0x00,0x49,0x00,0x49,0x00,0x49,0x00,0x49,0x00,0x49,0x00,0x49,0x00,0x49,0x00,0x49,0x00,0x49,0x00,0x49,0x00,0x49,0x00,0x49,0x00,0x49,0x00,0x49,0x00,0x49,0x00,0x49,0x00,0x49,0x00,0x49,0x00,0x49,0x00,0x49,0x00,0x49,0x00,0x49,0x00,0x49,0x00,0x49,0x00,0x49,
	0x00,0x49,0x00,0x49,0x00,0x49,0x00,0x49,0x00,0x49,0x00,0x49,0x00,0x49,0x00,0x49,0x00,0x49,0x00,0x49,0x00,0x49,0xC0,0x40,0x20,0x59,0x21,0x9A,0xE1,0xDA,0x82,0xFB,0x82,0xFB,0x82,0xFB,0xA2,0xFB,0xA2,0xFB,0xA2,0xFB,0xA2,0xFB,0xA2,0xFB,0xA2,0xFB,0xA2,0xFB,0xA2,0xFB,0xA2,0xFB,0xA2,0xFB,0xC2,0xFB,0xC2,0xFB,0xA2,0xFB,0x41,0xE3,
	0xE0,0x81,0xE0,0x40,0xE0,0x48,0x00,0x49,0x00,0x49,0x00,0x49,0x00,0x49,0x00,0x49,0x00,0x49,0x00,0x49,0x00,0x49,0x00,0x49,0x00,0x49,0x00,0x49,0x00,0x49,0x00,0x49,0x00,0x49,0x00,0x49,0x00,0x49,0x00,0x49,0x00,0x49,0x00,0x49,0x00,0x49,0x00,0x49,0x00,0x49,0x00,0x49,0x00,0x49,0x00,0x49,0x00,0x49,0x00,0x49,0x00,0x49,0x00,0x49,
	0x00,0x49,0x00,0x49,0x00,0x49,0x00,0x49,0x00,0x49,0x00,0x49,0x00,0x49,0x00,0x49,0x00,0x49,0x00,0x49,0x00,0x49,0x00,0x49,0x00,0x49,0x00,0x49,0x00,0x49,0x00,0x49,0x00,0x49,0x00,0x49,0x00,0x49,0x00,0x49,0x00,0x49,0x00,0x49,0x00,0x49,0x00,0x49,0x00,0x49,0x00,0x49,0x00,0x49,0x00,0x49,0x00,0x49,0x00,0x49,0x00,0x49,0x00,0x49,
	0x00,0x49,0x00,0x49,0x00,0x49,0x00,0x49,0x00,0x49,0x00,0x49,0x00,0x49,0x00,0x49,0x00,0x49,0x00,0x49,0x00,0x49,0x00,0x49,0x00,0x49,0x00,0x49,0x00,0x49,0x00,0x49,0x00,0x49,0x00,0x49,0x00,0x49,0x00,0x49,0x00,0x49,0x00,0x49,0x00,0x49,0x00,0x49,0x00,0x49,0x00,0x49,0x00,0x49,0x00,0x49,0x00,0x49,0x00,0x49,0x00,0x49,0x00,0x49,
	0x00,0x49,0x00,0x49,0x00,0x49,0x00,0x49,0x00,0x49,0x00,0x49,0x00,0x49,0x00,0x49,0x00,0x49,0x00,0x49,0x00,0x49,0x00,0x49,0x00,0x49,0x00,0x49,0x00,0x49,0x00,0x49,0x00,0x49,0x00,0x49,0x00,0x49,0x00,0x49,0x00,0x49,0x00,0x49,0x00,0x49,0x00,0x49,0x00,0x49,0x00,0x49,0x00,0x49,0x00,0x49,0x00,0x49,0x00,0x49,0x00,0x49,0x00,0x49,
	0x00,0x49,0x00,0x49,0x00,0x49,0x00,0x49,0x00,0x49,0x00,0x49,0x00,0x49,0x00,0x49,0x00,0x49,0x00,0x49,0x00,0x49,0x00,0x49,0x00,0x49,0x00,0x49,0x00,0x49,0x00,0x49,0x00,0x49,0x00,0x49,0x00,0x49,0x00,0x49,0x00,0x49,0x00,0x49,0x00,0x49,0x00,0x49,0x00,0x49,0x00,0x49,0x00,0x49,0x00,0x49,0x00,0x49,0x00,0x49,0x00,0x49,0x00,0x49,
	0x00,0x49,0x00,0x49,0x00,0x49,0x00,0x49,0x00,0x49,0x00,0x49,0x00,0x49,0x00,0x49,0x00,0x49,0x00,0x49,0x00,0x49,0x00,0x49,0x00,0x49,0x00,0x49,0x00,0x49,0x00,0x49,0x00,0x49,0x00,0x49,0x00,0x49,0x00,0x49,0x00,0x49,0x00,0x49,0x00,0x49,0x00,0x49,0x00,0x49,0x00,0x49,0x00,0x49,0x00,0x49,0x00,0x49,0x00,0x49,0x00,0x49,0x00,0x49,
	0x00,0x49,0x00,0x49,0x00,0x49,0x00,0x49,0x00,0x49,0x00,0x49,0x00,0x49,0x00,0x49,0x00,0x49,0x00,0x49,0x00,0x49,0x00,0x49,0x00,0x49,0x00,0x49,0x00,0x49,0x00,0x49,0x00,0x49,0x00,0x49,0x00,0x49,0x00,0x49,0x00,0x49,0x00,0x49,0x00,0x49,0x00,0x49,0x00,0x49,0x00,0x49,0x00,0x49,0x00,0x49,0x00,0x49,0x00,0x49,0x00,0x49,0x00,0x49,
	0x00,0x49,0x00,0x49,0x00,0x49,0x00,0x49,0x00,0x49,0x00,0x49,0x00,0x49,0x00,0x49,0x00,0x49,0x00,0x49,0x00,0x49,0x00,0x49,0x00,0x49,0x00,0x49,0x00,0x49,0x00,0x49,0x00,0x49,0x00,0x49,0x00,0x49,0x00,0x49,0x00,0x49,0x00,0x49,0x00,0x49,0x00,0x49,0x00,0x49,0x00,0x49,0x00,0x49,0x00,0x49,0x00,0x49,0x00,0x49,0x00,0x49,0x00,0x49,
	0x00,0x49,0x00,0x49,0x00,0x51,0x60,0x81,0xE0,0xE1,0x00,0xEA,0x00,0xE2,0x00,0xE2,0x00,0xE2,0x00,0xE2,0x00,0xE2,0x00,0xE2,0x00,0xE2,0x00,0xE2,0x00,0xE2,0x00,0xE2,0x00,0xE2,0x20,0xE2,0x20,0xEA,0x20,0xEA,0x20,0xEA,0xC0,0xB1,0x20,0x59,0x00,0x49,0x00,0x49,0x00,0x49,0x00,0x49,0x00,0x49,0x00,0x49,0x00,0x49,0x00,0x49,0x00,0x49,
	0x00,0x49,0x00,0x49,0x00,0x49,0x00,0x49,0x00,0x49,0x00,0x49,0x00,0x49,0x00,0x49,0x00,0x49,0x00,0x49,0x00,0x49,0x00,0x49,0x00,0x49,0x00,0x49,0x00,0x49,0x00,0x49,0x00,0x49,0x00,0x49,0x00,0x49,0x00,0x49,0x00,0x49,0x00,0x49,0x00,0x49,0x00,0x49,0x00,0x49,0x00,0x49,0x00,0x49,0x00,0x49,0x00,0x49,0x00,0x49,0x00,0x49,0x00,0x49,
	0x00,0x49,0x00,0x49,0x00,0x49,0x00,0x49,0x00,0x49,0x00,0x49,0x00,0x49,0x00,0x49,0x00,0x49,0x00,0x49,0x00,0x49,0x00,0x49,0x00,0x49,0x00,0x49,0x00,0x49,0x00,0x49,0x00,0x49,0x00,0x49,0x00,0x49,0x00,0x49,0x00,0x49,0x00,0x49,0x00,0x49,0x00,0x49,0x00,0x49,0x00,0x49,0x00,0x49,0x00,0x49,0x00,0x49,0x00,0x49,0x00,0x49,0x00,0x49,
	0xE0,0x48,0x00,0x49,0x40,0x59,0x81,0xB2,0x82,0xFB,0x82,0xFB,0x82,0xFB,0xA2,0xFB,0xA2,0xFB,0xA2,0xFB,0xA2,0xFB,0xA2,0xFB,0xA2,0xFB,0xA2,0xFB,0xA2,0xFB,0xA2,0xFB,0xA2,0xFB,0xC2,0xFB,0xC2,0xFB,0xE2,0xFB,0xA2,0xFB,0x21,0x9A,0x20,0x51,0x00,0x49,0xE0,0x48,0x00,0x49,0x00,0x49,0x00,0x49,0x00,0x49,0x00,0x49,0x00,0x49,0x00,0x49,
	0x00,0x49,0x00,0x49,0x00,0x49,0x00,0x49,0x00,0x49,0x00,0x49,0x00,0x49,0x00,0x49,0x00,0x49,0x00,0x49,0x00,0x49,0x00,0x49,0x00,0x49,0x00,0x49,0x00,0x49,0x00,0x49,0x00,0x49,0x00,0x49,0x00,0x49,0x00,0x49,0x00,0x49,0x00,0x49,0x00,0x49,0x00,0x49,0x00,0x49,0x00,0x49,0x00,0x49,0x00,0x49,0x00,0x49,0x00,0x49,0x00,0x49,0x00,0x49,
	0x00,0x49,0x00,0x49,0x00,0x49,0x00,0x49,0x00,0x49,0x00,0x49,0x00,0x49,0x00,0x49,0x00,0x49,0x00,0x49,0x00,0x49,0x00,0x49,0x00,0x49,0x00,0x49,0x00,0x49,0x00,0x49,0x00,0x49,0x00,0x49,0x00,0x49,0x00,0x49,0x00,0x49,0x00,0x49,0x00,0x49,0x00,0x49,0x00,0x49,0x00,0x49,0x00,0x49,0x00,0x49,0x00,0x49,0x00,0x49,0x00,0x49,0x00,0x49,
	0x00,0x49,0x00,0x49,0x00,0x49,0x00,0x49,0x00,0x49,0x00,0x49,0x00,0x49,0x00,0x49,0x00,0x49,0x00,0x49,0x00,0x49,0x00,0x49,0x00,0x49,0x00,0x49,0x00,0x49,0x00,0x49,0x00,0x49,0x00,0x49,0x00,0x49,0x00,0x49,0x00,0x49,0x00,0x49,0x00,0x49,0x00,0x49,0x00,0x49,0x00,0x49,0x00,0x49,0x00,0x49,0x00,0x49,0x00,0x49,0x00,0x49,0x00,0x49,
	0x00,0x49,0x00,0x49,0x00,0x49,0x00,0x49,0x00,0x49,0x00,0x49,0x00,0x49,0x00,0x49,0x00,0x49,0x00,0x49,0x00,0x49,0x00,0x49,0x00,0x49,0x00,0x49,0x00,0x49,0x00,0x49,0x00,0x49,0x00,0x49,0x00,0x49,0x00,0x49,0x00,0x49,0x00,0x49,0x00,0x49,0x00,0x49,0x00,0x49,0x00,0x49,0x00,0x49,0x00,0x49,0x00,0x49,0x00,0x49,0x00,0x49,0x00,0x49,
	0x00,0x49,0x00,0x49,0x00,0x49,0x00,0x49,0x00,0x49,0x00,0x49,0x00,0x49,0x00,0x49,0x00,0x49,0x00,0x49,0x00,0x49,0x00,0x49,0x00,0x49,0x00,0x49,0x00,0x49,0x00,0x49,0x00,0x49,0x00,0x49,0x00,0x49,0x00,0x49,0x00,0x49,0x00,0x49,0x00,0x49,0x00,0x49,0x00,0x49,0x00,0x49,0x00,0x49,0x00,0x49,0x00,0x49,0x00,0x49,0x00,0x49,0x00,0x49,
	0x00,0x49,0x00,0x49,0x00,0x49,0x00,0x49,0x00,0x49,0x00,0x49,0x00,0x49,0x00,0x49,0x00,0x49,0x00,0x49,0x00,0x49,0x00,0x49,0x00,0x49,0x00,0x49,0x00,0x49,0x00,0x49,0x00,0x49,0x00,0x49,0x00,0x49,0x00,0x49,0x00,0x49,0x00,0x49,0x00,0x49,0x00,0x49,0x00,0x49,0x00,0x49,0x00,0x49,0x00,0x49,0x00,0x49,0x00,0x49,0x00,0x49,0x00,0x49,
	0x00,0x49,0x00,0x49,0x00,0x49,0x00,0x49,0x00,0x49,0x00,0x49,0x00,0x49,0x00,0x49,0x00,0x49,0x00,0x49,0x00,0x49,0x00,0x49,0x00,0x49,0x00,0x49,0x00,0x49,0x00,0x49,0x00,0x49,0x00,0x49,0x00,0x49,0x00,0x49,0x00,0x49,0x00,0x49,0x00,0x49,0x00,0x49,0x00,0x49,0x00,0x49,0x00,0x49,0x00,0x49,0x00,0x49,0x00,0x49,0x00,0x49,0x00,0x49,
	0x00,0x49,0x00,0x49,0x00,0x49,0x00,0x49,0x00,0x49,0x00,0x49,0x00,0x49,0x00,0x49,0x00,0x49,0x00,0x49,0x00,0x49,0x00,0x49,0x00,0x49,0x00,0x49,0x00,0x49,0x00,0x49,0x00,0x49,0x00,0x49,0x00,0x49,0x00,0x49,0x00,0x49,0x00,0x41,0x00,0x49,0x20,0x69,0x80,0xA1,0xE0,0xE1,0x00,0xEA,0x00,0xE2,0x00,0xE2,0x00,0xE2,0x00,0xE2,0x00,0xE2,
	0x00,0xE2,0x00,0xE2,0x00,0xE2,0x00,0xE2,0x00,0xE2,0x00,0xE2,0x20,0xE2,0x20,0xEA,0x20,0xE2,0xE0,0xC1,0x80,0x89,0x00,0x49,0xE0,0x40,0x00,0x49,0x00,0x49,0x00,0x49,0x00,0x49,0x00,0x49,0x00,0x49,0x00,0x49,0x00,0x49,0x00,0x49,0x00,0x49,0x00,0x49,0x00,0x49,0x00,0x49,0x00,0x49,0x00,0x49,0x00,0x49,0x00,0x49,0x00,0x49,0x00,0x49,
	0x00,0x49,0x00,0x49,0x00,0x49,0x00,0x49,0x00,0x49,0x00,0x49,0x00,0x49,0x00,0x49,0x00,0x49,0x00,0x49,0x00,0x49,0x00,0x49,0x00,0x49,0x00,0x49,0x00,0x49,0x00,0x49,0x00,0x49,0x00,0x49,0x00,0x49,0x00,0x49,0x00,0x49,0x00,0x49,0x00,0x49,0x00,0x49,0x00,0x49,0x00,0x49,0x00,0x49,0x00,0x49,0x00,0x49,0x00,0x49,0x00,0x49,0x00,0x49,
	0x00,0x49,0x00,0x49,0x00,0x49,0x00,0x49,0x00,0x49,0x00,0x49,0x00,0x49,0x00,0x49,0x00,0x49,0x00,0x49,0x00,0x49,0x00,0x49,0x00,0x49,0x00,0x49,0x00,0x49,0x00,0x49,0x00,0x49,0x00,0x49,0x00,0x49,0x00,0x49,0x00,0x49,0x00,0x49,0xE0,0x40,0xE0,0x40,0xE0,0x81,0xE1,0xD2,0x62,0xF3,0xA2,0xFB,0xA2,0xFB,0xA2,0xFB,0xA2,0xFB,0xA2,0xFB,
	0xA2,0xFB,0xA2,0xFB,0xA2,0xFB,0xA2,0xFB,0xA2,0xFB,0xA2,0xFB,0xC2,0xFB,0xC2,0xFB,0xE2,0xFB,0xC2,0xFB,0xA1,0xBA,0xA0,0x79,0x00,0x51,0xE0,0x40,0x00,0x49,0x00,0x49,0x00,0x49,0x00,0x49,0x00,0x49,0x00,0x49,0x00,0x49,0x00,0x49,0x00,0x49,0x00,0x49,0x00,0x49,0x00,0x49,0x00,0x49,0x00,0x49,0x00,0x49,0x00,0x49,0x00,0x49,0x00,0x49,
	0x00,0x49,0x00,0x49,0x00,0x49,0x00,0x49,0x00,0x49,0x00,0x49,0x00,0x49,0x00,0x49,0x00,0x49,0x00,0x49,0x00,0x49,0x00,0x49,0x00,0x49,0x00,0x49,0x00,0x49,0x00,0x49,0x00,0x49,0x00,0x49,0x00,0x49,0x00,0x49,0x00,0x49,0x00,0x49,0x00,0x49,0x00,0x49,0x00,0x49,0x00,0x49,0x00,0x49,0x00,0x49,0x00,0x49,0x00,0x49,0x00,0x49,0x00,0x49,
	0x00,0x49,0x00,0x49,0x00,0x49,0x00,0x49,0x00,0x49,0x00,0x49,0x00,0x49,0x00,0x49,0x00,0x49,0x00,0x49,0x00,0x49,0x00,0x49,0x00,0x49,0x00,0x49,0x00,0x49,0x00,0x49,0x00,0x49,0x00,0x49,0x00,0x49,0x00,0x49,0x00,0x49,0x00,0x49,0x00,0x49,0x00,0x49,0x00,0x49,0x00,0x49,0x00,0x49,0x00,0x49,0x00,0x49,0x00,0x49,0x00,0x49,0x00,0x49,
	0x00,0x49,0x00,0x49,0x00,0x49,0x00,0x49,0x00,0x49,0x00,0x49,0x00,0x49,0x00,0x49,0x00,0x49,0x00,0x49,0x00,0x49,0x00,0x49,0x00,0x49,0x00,0x49,0x00,0x49,0x00,0x49,0x00,0x49,0x00,0x49,0x00,0x49,0x00,0x49,0x00,0x49,0x00,0x49,0x00,0x49,0x00,0x49,0x00,0x49,0x00,0x49,0x00,0x49,0x00,0x49,0x00,0x49,0x00,0x49,0x00,0x49,0x00,0x49,
	0x00,0x49,0x00,0x49,0x00,0x49,0x00,0x49,0x00,0x49,0x00,0x49,0x00,0x49,0x00,0x49,0x00,0x49,0x00,0x49,0x00,0x49,0x00,0x49,0x00,0x49,0x00,0x49,0x00,0x49,0x00,0x49,0x00,0x49,0x00,0x49,0x00,0x49,0x00,0x49,0x00,0x49,0x00,0x49,0x00,0x49,0x00,0x49,0x00,0x49,0x00,0x49,0x00,0x49,0x00,0x49,0x00,0x49,0x00,0x49,0x00,0x49,0x00,0x49,
	0x00,0x49,0x00,0x49,0x00,0x49,0x00,0x49,0x00,0x49,0x00,0x49,0x00,0x49,0x00,0x49,0x00,0x49,0x00,0x49,0x00,0x49,0x00,0x49,0x00,0x49,0x00,0x49,0x00,0x49,0x00,0x49,0x00,0x49,0x00,0x49,0x00,0x49,0x00,0x49,0x00,0x49,0x00,0x49,0x00,0x49,0x00,0x49,0x00,0x49,0x00,0x49,0x00,0x49,0x00,0x49,0x00,0x49,0x00,0x49,0x00,0x49,0x00,0x49,
	0x00,0x49,0x00,0x49,0x00,0x49,0x00,0x49,0x00,0x49,0x00,0x49,0x00,0x49,0x00,0x49,0x00,0x49,0x00,0x49,0x00,0x49,0x00,0x49,0x00,0x49,0x00,0x49,0x00,0x49,0x00,0x49,0x00,0x49,0x00,0x49,0x00,0x49,0x00,0x49,0x00,0x49,0x00,0x49,0x00,0x49,0x00,0x49,0x00,0x49,0x00,0x49,0x00,0x49,0x00,0x49,0x00,0x49,0x00,0x49,0x00,0x49,0x00,0x49,
	0x00,0x49,0x00,0x49,0x00,0x49,0x00,0x49,0x00,0x49,0x00,0x49,0x00,0x49,0x00,0x49,0x00,0x49,0x00,0x49,0x00,0x49,0x00,0x49,0x00,0x49,0x00,0x49,0x00,0x49,0x00,0x49,0x00,0x49,0x00,0x49,0x00,0x49,0x00,0x49,0x00,0x49,0x00,0x49,0x00,0x49,0x00,0x49,0x00,0x49,0x00,0x49,0x00,0x49,0x00,0x49,0x00,0x49,0x00,0x49,0x00,0x49,0x00,0x49,
	0x00,0x49,0x00,0x49,0x00,0x49,0x00,0x49,0x00,0x49,0x00,0x49,0x00,0x49,0x00,0x49,0x00,0x49,0x00,0x49,0xE0,0x40,0x00,0x49,0x80,0x89,0xC0,0xB9,0xE0,0xE1,0x00,0xEA,0x00,0xE2,0x00,0xE2,0x00,0xE2,0x00,0xE2,0x00,0xE2,0x00,0xE2,0x00,0xE2,0x00,0xE2,0x00,0xE2,0x00,0xE2,0x00,0xE2,0x20,0xE2,0x20,0xEA,0x00,0xD2,0x80,0x99,0x20,0x61,
	0x00,0x49,0xE0,0x40,0x00,0x49,0x00,0x49,0x00,0x49,0x00,0x49,0x00,0x49,0x00,0x49,0x00,0x49,0x00,0x49,0x00,0x49,0x00,0x49,0x00,0x49,0x00,0x49,0x00,0x49,0x00,0x49,0x00,0x49,0x00,0x49,0x00,0x49,0x00,0x49,0x00,0x49,0x00,0x49,0x00,0x49,0x00,0x49,0x00,0x49,0x00,0x49,0x00,0x49,0x00,0x49,0x00,0x49,0x00,0x49,0x00,0x49,0x00,0x49,
	0x00,0x49,0x00,0x49,0x00,0x49,0x00,0x49,0x00,0x49,0x00,0x49,0x00,0x49,0x00,0x49,0x00,0x49,0x00,0x49,0x00,0x49,0x00,0x49,0x00,0x49,0x00,0x49,0x00,0x49,0x00,0x49,0x00,0x49,0x00,0x49,0x00,0x49,0x00,0x49,0x00,0x49,0x00,0x49,0x00,0x49,0x00,0x49,0x00,0x49,0x00,0x49,0x00,0x49,0x00,0x49,0x00,0x49,0x00,0x49,0x00,0x49,0x00,0x49,
	0x00,0x49,0x00,0x49,0x00,0x49,0x00,0x49,0x00,0x49,0x00,0x49,0x00,0x49,0x00,0x49,0x00,0x49,0x00,0x49,0x00,0x49,0xE0,0x48,0xE0,0x40,0x40,0x61,0x00,0x9A,0x21,0xEB,0xA2,0xFB,0xA2,0xFB,0xA2,0xFB,0xA2,0xFB,0xA2,0xFB,0xA2,0xFB,0xA2,0xFB,0xA2,0xFB,0xA2,0xFB,0xA2,0xFB,0xA2,0xFB,0xC2,0xFB,0xC2,0xFB,0xC2,0xFB,0xC2,0xFB,0x41,0xE3,
	0x41,0xA2,0x20,0x51,0xE0,0x40,0x00,0x49,0x00,0x49,0x00,0x49,0x00,0x49,0x00,0x49,0x00,0x49,0x00,0x49,0x00,0x49,0x00,0x49,0x00,0x49,0x00,0x49,0x00,0x49,0x00,0x49,0x00,0x49,0x00,0x49,0x00,0x49,0x00,0x49,0x00,0x49,0x00,0x49,0x00,0x49,0x00,0x49,0x00,0x49,0x00,0x49,0x00,0x49,0x00,0x49,0x00,0x49,0x00,0x49,0x00,0x49,0x00,0x49,
	0x00,0x49,0x00,0x49,0x00,0x49,0x00,0x49,0x00,0x49,0x00,0x49,0x00,0x49,0x00,0x49,0x00,0x49,0x00,0x49,0x00,0x49,0x00,0x49,0x00,0x49,0x00,0x49,0x00,0x49,0x00,0x49,0x00,0x49,0x00,0x49,0x00,0x49,0x00,0x49,0x00,0x49,0x00,0x49,0x00,0x49,0x00,0x49,0x00,0x49,0x00,0x49,0x00,0x49,0x00,0x49,0x00,0x49,0x00,0x49,0x00,0x49,0x00,0x49,
	0x00,0x49,0x00,0x49,0x00,0x49,0x00,0x49,0x00,0x49,0x00,0x49,0x00,0x49,0x00,0x49,0x00,0x49,0x00,0x49,0x00,0x49,0x00,0x49,0x00,0x49,0x00,0x49,0x00,0x49,0x00,0x49,0x00,0x49,0x00,0x49,0x00,0x49,0x00,0x49,0x00,0x49,0x00,0x49,0x00,0x49,0x00,0x49,0x00,0x49,0x00,0x49,0x00,0x49,0x00,0x49,0x00,0x49,0x00,0x49,0x00,0x49,0x00,0x49,
	0x00,0x49,0x00,0x49,0x00,0x49,0x00,0x49,0x00,0x49,0x00,0x49,0x00,0x49,0x00,0x49,0x00,0x49,0x00,0x49,0x00,0x49,0x00,0x49,0x00,0x49,0x00,0x49,0x00,0x49,0x00,0x49,0x00,0x49,0x00,0x49,0x00,0x49,0x00,0x49,0x00,0x49,0x00,0x49,0x00,0x49,0x00,0x49,0x00,0x49,0x00,0x49,0x00,0x49,0x00,0x49,0x00,0x49,0x00,0x49,0x00,0x49,0x00,0x49,
	0x00,0x49,0x00,0x49,0x00,0x49,0x00,0x49,0x00,0x49,0x00,0x49,0x00,0x49,0x00,0x49,0x00,0x49,0x00,0x49,0x00,0x49,0x00,0x49,0x00,0x49,0x00,0x49,0x00,0x49,0x00,0x49,0x00,0x49,0x00,0x49,0x00,0x49,0x00,0x49,0x00,0x49,0x00,0x49,0x00,0x49,0x00,0x49,0x00,0x49,0x00,0x49,0x00,0x49,0x00,0x49,0x00,0x49,0x00,0x49,0x00,0x49,0x00,0x49,
	0x00,0x49,0x00,0x49,0x00,0x49,0x00,0x49,0x00,0x49,0x00,0x49,0x00,0x49,0x00,0x49,0x00,0x49,0x00,0x49,0x00,0x49,0x00,0x49,0x00,0x49,0x00,0x49,0x00,0x49,0x00,0x49,0x00,0x49,0x00,0x49,0x00,0x49,0x00,0x49,0x00,0x49,0x00,0x49,0x00,0x49,0x00,0x49,0x00,0x49,0x00,0x49,0x00,0x49,0x00,0x49,0x00,0x49,0x00,0x49,0x00,0x49,0x00,0x49,
	0x00,0x49,0x00,0x49,0x00,0x49,0x00,0x49,0x00,0x49,0x00,0x49,0x00,0x49,0x00,0x49,0x00,0x49,0x00,0x49,0x00,0x49,0x00,0x49,0x00,0x49,0x00,0x49,0x00,0x49,0x00,0x49,0x00,0x49,0x00,0x49,0x00,0x49,0x00,0x49,0x00,0x49,0x00,0x49,0x00,0x49,0x00,0x49,0x00,0x49,0x00,0x49,0x00,0x49,0x00,0x49,0x00,0x49,0x00,0x49,0x00,0x49,0x00,0x49,
	0x00,0x49,0x00,0x49,0x00,0x49,0x00,0x49,0x00,0x49,0x00,0x49,0x00,0x49,0x00,0x49,0x00,0x49,0x00,0x49,0x00,0x49,0x00,0x49,0x00,0x49,0x00,0x49,0x00,0x49,0x00,0x49,0x00,0x49,0x00,0x49,0x00,0x49,0x00,0x49,0x00,0x49,0x00,0x49,0x00,0x49,0x00,0x49,0x00,0x49,0x00,0x49,0x00,0x49,0x00,0x49,0x00,0x49,0x00,0x49,0x00,0x49,0xE0,0x40,
	0x00,0x49,0x80,0xA1,0xE0,0xE1,0xE0,0xE1,0xE0,0xE1,0x00,0xE2,0x00,0xE2,0x00,0xE2,0x00,0xE2,0x00,0xE2,0x00,0xE2,0x00,0xE2,0x00,0xE2,0x00,0xE2,0x00,0xE2,0x00,0xEA,0x20,0xE2,0x20,0xEA,0xC0,0xC9,0x40,0x71,0x00,0x49,0x00,0x49,0x00,0x49,0x00,0x49,0x00,0x49,0x00,0x49,0x00,0x49,0x00,0x49,0x00,0x49,0x00,0x49,0x00,0x49,0x00,0x49,
	0x00,0x49,0x00,0x49,0x00,0x49,0x00,0x49,0x00,0x49,0x00,0x49,0x00,0x49,0x00,0x49,0x00,0x49,0x00,0x49,0x00,0x49,0x00,0x49,0x00,0x49,0x00,0x49,0x00,0x49,0x00,0x49,0x00,0x49,0x00,0x49,0x00,0x49,0x00,0x49,0x00,0x49,0x00,0x49,0x00,0x49,0x00,0x49,0x00,0x49,0x00,0x49,0x00,0x49,0x00,0x49,0x00,0x49,0x00,0x49,0x00,0x49,0x00,0x49,
	0x00,0x49,0x00,0x49,0x00,0x49,0x00,0x49,0x00,0x49,0x00,0x49,0x00,0x49,0x00,0x49,0x00,0x49,0x00,0x49,0x00,0x49,0x00,0x49,0x00,0x49,0x00,0x49,0x00,0x49,0x00,0x49,0x00,0x49,0x00,0x49,0x00,0x49,0x00,0x49,0x00,0x49,0x00,0x49,0x00,0x49,0x00,0x49,0x00,0x49,0x00,0x49,0x00,0x49,0x00,0x49,0x00,0x49,0x00,0x49,0x00,0x49,0x00,0x49,
	0x00,0x49,0x00,0x49,0x00,0x49,0x60,0x71,0xE1,0xD2,0xA2,0xFB,0xA2,0xFB,0xA2,0xFB,0xA2,0xFB,0xA2,0xFB,0xA2,0xFB,0xA2,0xFB,0xA2,0xFB,0xA2,0xFB,0xA2,0xFB,0xA2,0xFB,0xC2,0xFB,0xC2,0xFB,0xC2,0xFB,0xC2,0xFB,0xA2,0xFB,0xE1,0xD2,0x20,0x59,0xC0,0x40,0x00,0x49,0x00,0x49,0x00,0x49,0x00,0x49,0x00,0x49,0x00,0x49,0x00,0x49,0x00,0x49,
	0x00,0x49,0x00,0x49,0x00,0x49,0x00,0x49,0x00,0x49,0x00,0x49,0x00,0x49,0x00,0x49,0x00,0x49,0x00,0x49,0x00,0x49,0x00,0x49,0x00,0x49,0x00,0x49,0x00,0x49,0x00,0x49,0x00,0x49,0x00,0x49,0x00,0x49,0x00,0x49,0x00,0x49,0x00,0x49,0x00,0x49,0x00,0x49,0x00,0x49,0x00,0x49,0x00,0x49,0x00,0x49,0x00,0x49,0x00,0x49,0x00,0x49,0x00,0x49,
	0x00,0x49,0x00,0x49,0x00,0x49,0x00,0x49,0x00,0x49,0x00,0x49,0x00,0x49,0x00,0x49,0x00,0x49,0x00,0x49,0x00,0x49,0x00,0x49,0x00,0x49,0x00,0x49,0x00,0x49,0x00,0x49,0x00,0x49,0x00,0x49,0x00,0x49,0x00,0x49,0x00,0x49,0x00,0x49,0x00,0x49,0x00,0x49,0x00,0x49,0x00,0x49,0x00,0x49,0x00,0x49,0x00,0x49,0x00,0x49,0x00,0x49,0x00,0x49,
	0x00,0x49,0x00,0x49,0x00,0x49,0x00,0x49,0x00,0x49,0x00,0x49,0x00,0x49,0x00,0x49,0x00,0x49,0x00,0x49,0x00,0x49,0x00,0x49,0x00,0x49,0x00,0x49,0x00,0x49,0x00,0x49,0x00,0x49,0x00,0x49,0x00,0x49,0x00,0x49,0x00,0x49,0x00,0x49,0x00,0x49,0x00,0x49,0x00,0x49,0x00,0x49,0x00,0x49,0x00,0x49,0x00,0x49,0x00,0x49,0x00,0x49,0x00,0x49,
	0x00,0x49,0x00,0x49,0x00,0x49,0x00,0x49,0x00,0x49,0x00,0x49,0x00,0x49,0x00,0x49,0x00,0x49,0x00,0x49,0x00,0x49,0x00,0x49,0x00,0x49,0x00,0x49,0x00,0x49,0x00,0x49,0x00,0x49,0x00,0x49,0x00,0x49,0x00,0x49,0x00,0x49,0x00,0x49,0x00,0x49,0x00,0x49,0x00,0x49,0x00,0x49,0x00,0x49,0x00,0x49,0x00,0x49,0x00,0x49,0x00,0x49,0x00,0x49,
	0x00,0x49,0x00,0x49,0x00,0x49,0x00,0x49,0x00,0x49,0x00,0x49,0x00,0x49,0x00,0x49,0x00,0x49,0x00,0x49,0x00,0x49,0x00,0x49,0x00,0x49,0x00,0x49,0x00,0x49,0x00,0x49,0x00,0x49,0x00,0x49,0x00,0x49,0x00,0x49,0x00,0x49,0x00,0x49,0x00,0x49,0x00,0x49,0x00,0x49,0x00,0x49,0x00,0x49,0x00,0x49,0x00,0x49,0x00,0x49,0x00,0x49,0x00,0x49,
	0x00,0x49,0x00,0x49,0x00,0x49,0x00,0x49,0x00,0x49,0x00,0x49,0x00,0x49,0x00,0x49,0x00,0x49,0x00,0x49,0x00,0x49,0x00,0x49,0x00,0x49,0x00,0x49,0x00,0x49,0x00,0x49,0x00,0x49,0x00,0x49,0x00,0x49,0x00,0x49,0x00,0x49,0x00,0x49,0x00,0x49,0x00,0x49,0x00,0x49,0x00,0x49,0x00,0x49,0x00,0x49,0x00,0x49,0x00,0x49,0x00,0x49,0x00,0x49,
	0x00,0x49,0x00,0x49,0x00,0x49,0x00,0x49,0x00,0x49,0x00,0x49,0x00,0x49,0x00,0x49,0x00,0x49,0x00,0x49,0x00,0x49,0x00,0x49,0x00,0x49,0x00,0x49,0x00,0x49,0x00,0x49,0x00,0x49,0x00,0x49,0x00,0x49,0x00,0x49,0x00,0x49,0x00,0x49,0x00,0x49,0x00,0x49,0x00,0x49,0x00,0x49,0x00,0x49,0x00,0x49,0x00,0x49,0x00,0x49,0x00,0x49,0x00,0x49,
	0x00,0x49,0x00,0x49,0x00,0x49,0x00,0x49,0x00,0x49,0x00,0x49,0x00,0x49,0x00,0x49,0x00,0x49,0x00,0x49,0x00,0x49,0x00,0x49,0x00,0x49,0x00,0x49,0x00,0x49,0x00,0x49,0x00,0x49,0x00,0x49,0x00,0x49,0x00,0x49,0xE0,0x40,0x00,0x59,0xC0,0xB9,0xE0,0xE9,0xE0,0xE1,0xE0,0xE1,0x00,0xE2,0x00,0xE2,0x00,0xE2,0x00,0xE2,0x00,0xE2,0x00,0xE2,
	0x00,0xE2,0x00,0xE2,0x00,0xE2,0x00,0xE2,0x00,0xEA,0x20,0xEA,0x00,0xD2,0xC0,0xB1,0x00,0x59,0xE0,0x40,0x00,0x49,0x00,0x49,0x00,0x49,0x00,0x49,0x00,0x49,0x00,0x49,0x00,0x49,0x00,0x49,0x00,0x49,0x00,0x49,0x00,0x49,0x00,0x49,0x00,0x49,0x00,0x49,0x00,0x49,0x00,0x49,0x00,0x49,0x00,0x49,0x00,0x49,0x00,0x49,0x00,0x49,0x00,0x49,
	0x00,0x49,0x00,0x49,0x00,0x49,0x00,0x49,0x00,0x49,0x00,0x49,0x00,0x49,0x00,0x49,0x00,0x49,0x00,0x49,0x00,0x49,0x00,0x49,0xE0,0x40,0xE0,0x40,0xE0,0x40,0xE0,0x40,0x00,0x49,0x00,0x49,0x00,0x49,0x00,0x49,0x00,0x49,0x00,0x49,0x00,0x49,0x00,0x49,0x00,0x49,0x00,0x49,0x00,0x49,0x00,0x49,0x00,0x49,0x00,0x49,0x00,0x49,0x00,0x49,
	0x00,0x49,0x00,0x49,0x00,0x49,0x00,0x49,0x00,0x49,0x00,0x49,0x00,0x49,0x00,0x49,0x00,0x49,0x00,0x49,0x00,0x49,0x00,0x49,0x00,0x49,0x00,0x49,0x00,0x49,0x00,0x49,0x00,0x49,0x00,0x49,0x00,0x49,0x00,0x49,0x00,0x49,0x00,0x49,0x00,0x49,0xC0,0x40,0x00,0x59,0x81,0xB2,0x41,0xEB,0xA2,0xFB,0xA2,0xFB,0xA2,0xFB,0xA2,0xFB,0xA2,0xFB,
	0xA2,0xFB,0xA2,0xFB,0xA2,0xFB,0xA2,0xFB,0xA2,0xFB,0xC2,0xFB,0xC2,0xFB,0xC2,0xFB,0xC2,0xFB,0xE2,0xFB,0x41,0xE3,0x80,0x71,0xE0,0x48,0x00,0x49,0x00,0x49,0x00,0x49,0x00,0x49,0x00,0x49,0x00,0x49,0x00,0x49,0x00,0x49,0x00,0x49,0x00,0x49,0x00,0x49,0x00,0x49,0x00,0x49,0x00,0x49,0x00,0x49,0x00,0x49,0x00,0x49,0x00,0x49,0x00,0x49,
	0x00,0x49,0x00,0x49,0x00,0x49,0x00,0x49,0x00,0x49,0x00,0x49,0x00,0x49,0x00,0x49,0x00,0x49,0x00,0x49,0x00,0x49,0x00,0x49,0x00,0x49,0x00,0x49,0x00,0x49,0x00,0x49,0x00,0x49,0x00,0x49,0x00,0x49,0x00,0x49,0x00,0x49,0x00,0x49,0x00,0x49,0x00,0x49,0x00,0x49,0x00,0x49,0x00,0x49,0x00,0x49,0x00,0x49,0x00,0x49,0x00,0x49,0x00,0x49,
	0x00,0x49,0x00,0x49,0x00,0x49,0x00,0x49,0x00,0x49,0x00,0x49,0x00,0x49,0x00,0x49,0x00,0x49,0x00,0x49,0x00,0x49,0x00,0x49,0x00,0x49,0x00,0x49,0x00,0x49,0x00,0x49,0x00,0x49,0x00,0x49,0x00,0x49,0x00,0x49,0x00,0x49,0x00,0x49,0x00,0x49,0x00,0x49,0x00,0x49,0x00,0x49,0x00,0x49,0x00,0x49,0x00,0x49,0x00,0x49,0x00,0x49,0x00,0x49,
	0x00,0x49,0x00,0x49,0x00,0x49,0x00,0x49,0x00,0x49,0x00,0x49,0x00,0x49,0x00,0x49,0x00,0x49,0x00,0x49,0x00,0x49,0x00,0x49,0x00,0x49,0x00,0x49,0x00,0x49,0x00,0x49,0x00,0x49,0x00,0x49,0x00,0x49,0x00,0x49,0x00,0x49,0x00,0x49,0x00,0x49,0x00,0x49,0x00,0x49,0x00,0x49,0x00,0x49,0x00,0x49,0x00,0x49,0x00,0x49,0x00,0x49,0x00,0x49,
	0x00,0x49,0x00,0x49,0x00,0x49,0x00,0x49,0x00,0x49,0x00,0x49,0x00,0x49,0x00,0x49,0x00,0x49,0x00,0x49,0x00,0x49,0x00,0x49,0x00,0x49,0x00,0x49,0x00,0x49,0x00,0x49,0x00,0x49,0x00,0x49,0x00,0x49,0x00,0x49,0x00,0x49,0x00,0x49,0x00,0x49,0x00,0x49,0x00,0x49,0x00,0x49,0x00,0x49,0x00,0x49,0x00,0x49,0x00,0x49,0x00,0x49,0x00,0x49,
	0x00,0x49,0x00,0x49,0x00,0x49,0x00,0x49,0x00,0x49,0x00,0x49,0x00,0x49,0x00,0x49,0x00,0x49,0x00,0x49,0x00,0x49,0x00,0x49,0x00,0x49,0x00,0x49,0x00,0x49,0x00,0x49,0x00,0x49,0x00,0x49,0x00,0x49,0x00,0x49,0x00,0x49,0x00,0x49,0x00,0x49,0x00,0x49,0x00,0x49,0x00,0x49,0x00,0x49,0x00,0x49,0x00,0x49,0x00,0x49,0x00,0x49,0x00,0x49,
	0x00,0x49,0x00,0x49,0x00,0x49,0x00,0x49,0x00,0x49,0x00,0x49,0x00,0x49,0x00,0x49,0x00,0x49,0x00,0x49,0x00,0x49,0x00,0x49,0x00,0x49,0x00,0x49,0x00,0x49,0x00,0x49,0x00,0x49,0x00,0x49,0x00,0x49,0x00,0x49,0x00,0x49,0x00,0x49,0x00,0x49,0x00,0x49,0x00,0x49,0x00,0x49,0x00,0x49,0x00,0x49,0x00,0x49,0x00,0x49,0x00,0x49,0x00,0x49,
	0x00,0x49,0x00,0x49,0x00,0x49,0x00,0x49,0x00,0x49,0x00,0x49,0x00,0x49,0x00,0x49,0x00,0x49,0x00,0x49,0x00,0x49,0x00,0x49,0x00,0x49,0x00,0x49,0x00,0x49,0x00,0x49,0x00,0x49,0x00,0x49,0x00,0x49,0x00,0x49,0x00,0x49,0x00,0x49,0x00,0x49,0x00,0x49,0x00,0x49,0x00,0x49,0x00,0x49,0x00,0x49,0x00,0x49,0x00,0x49,0x00,0x49,0x00,0x49,
	0x00,0x49,0x00,0x49,0x00,0x49,0x00,0x49,0x00,0x49,0x00,0x49,0x00,0x49,0x00,0x49,0x00,0x49,0x00,0x51,0x40,0x71,0xC0,0xC9,0xE0,0xE9,0xE0,0xE1,0xE0,0xE1,0x00,0xE2,0x00,0xE2,0x00,0xE2,0x00,0xE2,0x00,0xE2,0x00,0xE2,0x00,0xE2,0x00,0xE2,0x00,0xE2,0x00,0xE2,0x00,0xEA,0x20,0xEA,0xC0,0xB9,0x60,0x79,0x00,0x51,0xE0,0x40,0x00,0x49,
	0x00,0x49,0x00,0x49,0x00,0x49,0x00,0x49,0x00,0x49,0x00,0x49,0x00,0x49,0x00,0x49,0x00,0x49,0x00,0x49,0x00,0x49,0x00,0x49,0x00,0x49,0x00,0x49,0x00,0x49,0x00,0x49,0x00,0x49,0x00,0x49,0x00,0x49,0x00,0x49,0x00,0x49,0x00,0x49,0x00,0x49,0x00,0x49,0x00,0x49,0x00,0x49,0x00,0x49,0x00,0x49,0x00,0x49,0x00,0x49,0x00,0x49,0x00,0x49,
	0x00,0x49,0x00,0x49,0xE0,0x40,0xE0,0x40,0x00,0x49,0x00,0x49,0x00,0x49,0x00,0x49,0x00,0x49,0x00,0x49,0x00,0x49,0x00,0x49,0x00,0x49,0x00,0x49,0x00,0x49,0x00,0x49,0x00,0x49,0x00,0x49,0x00,0x49,0x00,0x49,0x00,0x49,0x00,0x49,0x00,0x49,0x00,0x49,0x00,0x49,0x00,0x49,0x00,0x49,0x00,0x49,0x00,0x49,0x00,0x49,0x00,0x49,0x00,0x49,
	0x00,0x49,0x00,0x49,0x00,0x49,0x00,0x49,0x00,0x49,0x00,0x49,0x00,0x49,0x00,0x49,0x00,0x49,0x00,0x49,0x00,0x49,0x00,0x49,0xE0,0x40,0x00,0x51,0xC0,0x81,0xC1,0xC2,0x82,0xFB,0xA2,0xFB,0xA2,0xFB,0xA2,0xFB,0xA2,0xFB,0xA2,0xFB,0xA2,0xFB,0xA2,0xFB,0xA2,0xFB,0xA2,0xFB,0xC2,0xFB,0xC2,0xFB,0xC2,0xFB,0xC2,0xFB,0xE2,0xFB,0x61,0xEB,
	0x00,0x92,0x40,0x59,0xE0,0x48,0xE0,0x48,0x00,0x49,0x00,0x49,0x00,0x49,0x00,0x49,0x00,0x49,0x00,0x49,0x00,0x49,0x00,0x49,0x00,0x49,0x00,0x49,0x00,0x49,0x00,0x49,0x00,0x49,0x00,0x49,0x00,0x49,0x00,0x49,0x00,0x49,0x00,0x49,0x00,0x49,0x00,0x49,0x00,0x49,0x00,0x49,0x00,0x49,0x00,0x49,0x00,0x49,0x00,0x49,0x00,0x49,0x00,0x49,
	0x00,0x49,0x00,0x49,0x00,0x49,0x00,0x49,0x00,0x49,0x00,0x49,0x00,0x49,0x00,0x49,0x00,0x49,0x00,0x49,0x00,0x49,0x00,0x49,0x00,0x49,0x00,0x49,0x00,0x49,0x00,0x49,0x00,0x49,0x00,0x49,0x00,0x49,0x00,0x49,0x00,0x49,0x00,0x49,0x00,0x49,0x00,0x49,0x00,0x49,0x00,0x49,0x00,0x49,0x00,0x49,0x00,0x49,0x00,0x49,0x00,0x49,0x00,0x49,
	0x00,0x49,0x00,0x49,0x00,0x49,0x00,0x49,0x00,0x49,0x00,0x49,0x00,0x49,0x00,0x49,0x00,0x49,0x00,0x49,0x00,0x49,0x00,0x49,0x00,0x49,0x00,0x49,0x00,0x49,0x00,0x49,0x00,0x49,0x00,0x49,0x00,0x49,0x00,0x49,0x00,0x49,0x00,0x49,0x00,0x49,0x00,0x49,0x00,0x49,0x00,0x49,0x00,0x49,0x00,0x49,0x00,0x49,0x00,0x49,0x00,0x49,0x00,0x49,
	0x00,0x49,0x00,0x49,0x00,0x49,0x00,0x49,0x00,0x49,0x00,0x49,0x00,0x49,0x00,0x49,0x00,0x49,0x00,0x49,0x00,0x49,0x00,0x49,0x00,0x49,0x00,0x49,0x00,0x49,0x00,0x49,0x00,0x49,0x00,0x49,0x00,0x49,0x00,0x49,0x00,0x49,0x00,0x49,0x00,0x49,0x00,0x49,0x00,0x49,0x00,0x49,0x00,0x49,0x00,0x49,0x00,0x49,0x00,0x49,0x00,0x49,0x00,0x49,
	0x00,0x49,0x00,0x49,0x00,0x49,0x00,0x49,0x00,0x49,0x00,0x49,0x00,0x49,0x00,0x49,0x00,0x49,0x00,0x49,0x00,0x49,0x00,0x49,0x00,0x49,0x00,0x49,0x00,0x49,0x00,0x49,0x00,0x49,0x00,0x49,0x00,0x49,0x00,0x49,0x00,0x49,0x00,0x49,0x00,0x49,0x00,0x49,0x00,0x49,0x00,0x49,0x00,0x49,0x00,0x49,0x00,0x49,0x00,0x49,0x00,0x49,0x00,0x49,
	0x00,0x49,0x00,0x49,0x00,0x49,0x00,0x49,0x00,0x49,0x00,0x49,0x00,0x49,0x00,0x49,0x00,0x49,0x00,0x49,0x00,0x49,0x00,0x49,0x00,0x49,0x00,0x49,0x00,0x49,0x00,0x49,0x00,0x49,0x00,0x49,0x00,0x49,0x00,0x49,0x00,0x49,0x00,0x49,0x00,0x49,0x00,0x49,0x00,0x49,0x00,0x49,0x00,0x49,0x00,0x49,0x00,0x49,0x00,0x49,0x00,0x49,0x00,0x49,
	0x00,0x49,0x00,0x49,0x00,0x49,0x00,0x49,0x00,0x49,0x00,0x49,0x00,0x49,0x00,0x49,0x00,0x49,0x00,0x49,0x00,0x49,0x00,0x49,0x00,0x49,0x00,0x49,0x00,0x49,0x00,0x49,0x00,0x49,0x00,0x49,0x00,0x49,0x00,0x49,0x00,0x49,0x00,0x49,0x00,0x49,0x00,0x49,0x00,0x49,0x00,0x49,0x00,0x49,0x00,0x49,0x00,0x49,0x00,0x49,0x00,0x49,0x00,0x49,
	0x00,0x49,0x00,0x49,0x00,0x49,0x00,0x49,0x00,0x49,0x00,0x49,0x00,0x49,0x00,0x49,0x00,0x49,0x00,0x49,0x00,0x49,0x00,0x49,0x00,0x49,0x00,0x49,0x00,0x49,0x00,0x49,0x00,0x49,0x00,0x49,0x00,0x49,0x00,0x49,0x00,0x49,0x00,0x49,0x00,0x49,0x00,0x49,0x00,0x49,0x00,0x49,0x00,0x49,0x00,0x49,0x00,0x49,0xE0,0x40,0x20,0x61,0x60,0x91,
	0xC0,0xD1,0xE0,0xE9,0xE0,0xE1,0xE0,0xE1,0x00,0xE2,0x00,0xE2,0x00,0xE2,0x00,0xE2,0x00,0xE2,0x00,0xE2,0x00,0xE2,0x00,0xE2,0x00,0xE2,0x00,0xE2,0x00,0xEA,0x20,0xEA,0x80,0x99,0x00,0x59,0x00,0x49,0x00,0x41,0x00,0x49,0x00,0x49,0x00,0x49,0x00,0x49,0x00,0x49,0x00,0x49,0x00,0x49,0x00,0x49,0x00,0x49,0x00,0x49,0x00,0x49,0x00,0x49,
	0x00,0x49,0x00,0x49,0x00,0x49,0x00,0x49,0x00,0x49,0x00,0x49,0x00,0x49,0x00,0x49,0x00,0x49,0x00,0x49,0x00,0x49,0x00,0x49,0x00,0x49,0x00,0x49,0x00,0x49,0x00,0x49,0x00,0x49,0x00,0x49,0x00,0x49,0x00,0x49,0xE0,0x40,0x20,0x59,0x60,0x81,0x80,0x99,0x80,0x99,0x60,0x79,0x00,0x59,0xE0,0x40,0xE0,0x40,0x00,0x49,0x00,0x49,0x00,0x49,
	0x00,0x49,0x00,0x49,0x00,0x49,0x00,0x49,0x00,0x49,0x00,0x49,0x00,0x49,0x00,0x49,0x00,0x49,0x00,0x49,0x00,0x49,0x00,0x49,0x00,0x49,0x00,0x49,0x00,0x49,0x00,0x49,0x00,0x49,0x00,0x49,0x00,0x49,0x00,0x49,0x00,0x49,0x00,0x49,0x00,0x49,0x00,0x49,0x00,0x49,0x00,0x49,0x00,0x49,0x00,0x49,0x00,0x49,0x00,0x49,0x00,0x49,0x00,0x49,
	0x00,0x49,0xE0,0x40,0x00,0x49,0x20,0x59,0x21,0x9A,0xA2,0xFB,0xC2,0xFB,0xA2,0xFB,0xA2,0xFB,0xA2,0xFB,0xA2,0xFB,0xA2,0xFB,0xA2,0xFB,0xA2,0xFB,0xA2,0xFB,0xC2,0xFB,0xC2,0xFB,0xC2,0xFB,0xC2,0xFB,0xE2,0xFB,0x61,0xEB,0x81,0xB2,0xA0,0x71,0xE0,0x40,0xE0,0x40,0x00,0x49,0x00,0x49,0x00,0x49,0x00,0x49,0x00,0x49,0x00,0x49,0x00,0x49,
	0x00,0x49,0x00,0x49,0x00,0x49,0x00,0x49,0x00,0x49,0x00,0x49,0x00,0x49,0x00,0x49,0x00,0x49,0x00,0x49,0x00,0x49,0x00,0x49,0x00,0x49,0x00,0x49,0x00,0x49,0x00,0x49,0x00,0x49,0x00,0x49,0x00,0x49,0x00,0x49,0x00,0x49,0x00,0x49,0x00,0x49,0x00,0x49,0x00,0x49,0x00,0x49,0x00,0x49,0x00,0x49,0x00,0x49,0x00,0x49,0x00,0x49,0x00,0x49,
	0x00,0x49,0x00,0x49,0x00,0x49,0x00,0x49,0x00,0x49,0x00,0x49,0x00,0x49,0x00,0x49,0x00,0x49,0x00,0x49,0x00,0x49,0x00,0x49,0x00,0x49,0x00,0x49,0x00,0x49,0x00,0x49,0x00,0x49,0x00,0x49,0x00,0x49,0x00,0x49,0x00,0x49,0x00,0x49,0x00,0x49,0x00,0x49,0x00,0x49,0x00,0x49,0x00,0x49,0x00,0x49,0x00,0x49,0x00,0x49,0x00,0x49,0x00,0x49,
	0x00,0x49,0x00,0x49,0x00,0x49,0x00,0x49,0x00,0x49,0x00,0x49,0x00,0x49,0x00,0x49,0x00,0x49,0x00,0x49,0x00,0x49,0x00,0x49,0x00,0x49,0x00,0x49,0x00,0x49,0x00,0x49,0x00,0x49,0x00,0x49,0x00,0x49,0x00,0x49,0x00,0x49,0x00,0x49,0x00,0x49,0x00,0x49,0x00,0x49,0x00,0x49,0x00,0x49,0x00,0x49,0x00,0x49,0x00,0x49,0x00,0x49,0x00,0x49,
	0x00,0x49,0x00,0x49,0x00,0x49,0x00,0x49,0x00,0x49,0x00,0x49,0x00,0x49,0x00,0x49,0x00,0x49,0x00,0x49,0x00,0x49,0x00,0x49,0x00,0x49,0x00,0x49,0x00,0x49,0x00,0x49,0x00,0x49,0x00,0x49,0x00,0x49,0x00,0x49,0x00,0x49,0x00,0x49,0x00,0x49,0x00,0x49,0x00,0x49,0x00,0x49,0x00,0x49,0x00,0x49,0x00,0x49,0x00,0x49,0x00,0x49,0x00,0x49,
	0x00,0x49,0x00,0x49,0x00,0x49,0x00,0x49,0x00,0x49,0x00,0x49,0x00,0x49,0x00,0x49,0x00,0x49,0x00,0x49,0x00,0x49,0x00,0x49,0x00,0x49,0x00,0x49,0x00,0x49,0x00,0x49,0x00,0x49,0x00,0x49,0x00,0x49,0x00,0x49,0x00,0x49,0x00,0x49,0x00,0x49,0x00,0x49,0x00,0x49,0x00,0x49,0x00,0x49,0x00,0x49,0x00,0x49,0x00,0x49,0x00,0x49,0x00,0x49,
	0x00,0x49,0x00,0x49,0x00,0x49,0x00,0x49,0x00,0x49,0x00,0x49,0x00,0x49,0x00,0x49,0x00,0x49,0x00,0x49,0x00,0x49,0x00,0x49,0x00,0x49,0x00,0x49,0x00,0x49,0x00,0x49,0x00,0x49,0x00,0x49,0x00,0x49,0x00,0x49,0x00,0x49,0x00,0x49,0x00,0x49,0x00,0x49,0x00,0x49,0x00,0x49,0x00,0x49,0x00,0x49,0x00,0x49,0x00,0x49,0x00,0x49,0x00,0x49,
	0x00,0x49,0x00,0x49,0x00,0x49,0x00,0x49,0x00,0x49,0x00,0x49,0x00,0x49,0x00,0x49,0x00,0x49,0x00,0x49,0x00,0x49,0x00,0x49,0x00,0x49,0x00,0x49,0x00,0x49,0x00,0x49,0x00,0x49,0x00,0x49,0x00,0x49,0x00,0x49,0x00,0x49,0x00,0x49,0x00,0x49,0x00,0x49,0x00,0x49,0x00,0x49,0x00,0x49,0x00,0x49,0x00,0x49,0x00,0x49,0x00,0x49,0x00,0x49,
	0x00,0x49,0x00,0x49,0x00,0x49,0x00,0x49,0x00,0x49,0x00,0x49,0x00,0x49,0x00,0x49,0x00,0x49,0x00,0x49,0x00,0x49,0x00,0x49,0x00,0x49,0x00,0x49,0x00,0x49,0x00,0x49,0x00,0x49,0x00,0x49,0xE0,0x40,0x40,0x71,0xA0,0xB1,0xE0,0xD1,0xE0,0xE9,0xE0,0xE1,0xE0,0xE1,0x00,0xE2,0x00,0xE2,0x00,0xE2,0x00,0xE2,0x00,0xE2,0x00,0xE2,0x00,0xE2,
	0x00,0xE2,0x00,0xE2,0x00,0xEA,0x20,0xE2,0x00,0xE2,0x60,0x81,0xE0,0x40,0xE0,0x48,0x00,0x49,0x00,0x49,0x00,0x49,0x00,0x49,0x00,0x49,0x00,0x49,0x00,0x49,0x00,0x49,0x00,0x49,0x00,0x49,0x00,0x49,0x00,0x49,0x00,0x49,0x00,0x49,0x00,0x49,0x00,0x49,0x00,0x49,0x00,0x49,0x00,0x49,0x00,0x49,0x00,0x49,0x00,0x49,0x00,0x49,0x00,0x49,
	0x00,0x49,0x00,0x49,0x00,0x49,0x00,0x49,0x00,0x49,0x00,0x49,0x00,0x49,0x00,0x49,0x00,0x49,0xE0,0x40,0x20,0x69,0xA0,0xB1,0xE0,0xE1,0xE0,0xE1,0xA0,0xB1,0x60,0x81,0x00,0x51,0x00,0x49,0xE0,0x48,0x00,0x49,0x00,0x49,0x00,0x49,0x00,0x49,0x00,0x49,0x00,0x49,0x00,0x49,0x00,0x49,0x00,0x49,0x00,0x49,0x00,0x49,0x00,0x49,0x00,0x49,
	0x00,0x49,0x00,0x49,0x00,0x49,0x00,0x49,0x00,0x49,0x00,0x49,0x00,0x49,0x00,0x49,0x00,0x49,0x00,0x49,0x00,0x49,0x00,0x49,0x00,0x49,0x00,0x49,0x00,0x49,0x00,0x49,0x00,0x49,0x00,0x49,0x00,0x49,0x00,0x49,0x00,0x49,0x00,0x49,0x00,0x49,0x00,0x49,0xE0,0x40,0xC0,0x81,0x61,0xEB,0xA2,0xFB,0xA2,0xFB,0xA2,0xFB,0xA2,0xFB,0xA2,0xFB,
	0xA2,0xFB,0xA2,0xFB,0xA2,0xFB,0xA2,0xFB,0xC2,0xFB,0xC2,0xFB,0xC2,0xFB,0xC2,0xFB,0xE2,0xFB,0xA2,0xFB,0xE1,0xD2,0xE0,0x81,0xE0,0x40,0xE0,0x40,0x00,0x49,0x00,0x49,0x00,0x49,0x00,0x49,0x00,0x49,0x00,0x49,0x00,0x49,0x00,0x49,0x00,0x49,0x00,0x49,0x00,0x49,0x00,0x49,0x00,0x49,0x00,0x49,0x00,0x49,0x00,0x49,0x00,0x49,0x00,0x49,
	0x00,0x49,0x00,0x49,0x00,0x49,0x00,0x49,0x00,0x49,0x00,0x49,0x00,0x49,0x00,0x49,0x00,0x49,0x00,0x49,0x00,0x49,0x00,0x49,0x00,0x49,0x00,0x49,0x00,0x49,0x00,0x49,0x00,0x49,0x00,0x49,0x00,0x49,0x00,0x49,0x00,0x49,0x00,0x49,0x00,0x49,0x00,0x49,0x00,0x49,0x00,0x49,0x00,0x49,0x00,0x49,0x00,0x49,0x00,0x49,0x00,0x49,0x00,0x49,
	0x00,0x49,0x00,0x49,0x00,0x49,0x00,0x49,0x00,0x49,0x00,0x49,0x00,0x49,0x00,0x49,0x00,0x49,0x00,0x49,0x00,0x49,0x00,0x49,0x00,0x49,0x00,0x49,0x00,0x49,0x00,0x49,0x00,0x49,0x00,0x49,0x00,0x49,0x00,0x49,0x00,0x49,0x00,0x49,0x00,0x49,0x00,0x49,0x00,0x49,0x00,0x49,0x00,0x49,0x00,0x49,0x00,0x49,0x00,0x49,0x00,0x49,0x00,0x49,
	0x00,0x49,0x00,0x49,0x00,0x49,0x00,0x49,0x00,0x49,0x00,0x49,0x00,0x49,0x00,0x49,0x00,0x49,0x00,0x49,0x00,0x49,0x00,0x49,0x00,0x49,0x00,0x49,0x00,0x49,0x00,0x49,0x00,0x49,0x00,0x49,0x00,0x49,0x00,0x49,0x00,0x49,0x00,0x49,0x00,0x49,0x00,0x49,0x00,0x49,0x00,0x49,0x00,0x49,0x00,0x49,0x00,0x49,0x00,0x49,0x00,0x49,0x00,0x49,
	0x00,0x49,0x00,0x49,0x00,0x49,0x00,0x49,0x00,0x49,0x00,0x49,0x00,0x49,0x00,0x49,0x00,0x49,0x00,0x49,0x00,0x49,0x00,0x49,0x00,0x49,0x00,0x49,0x00,0x49,0x00,0x49,0x00,0x49,0x00,0x49,0x00,0x49,0x00,0x49,0x00,0x49,0x00,0x49,0x00,0x49,0x00,0x49,0x00,0x49,0x00,0x49,0x00,0x49,0x00,0x49,0x00,0x49,0x00,0x49,0x00,0x49,0x00,0x49,
	0x00,0x49,0x00,0x49,0x00,0x49,0x00,0x49,0x00,0x49,0x00,0x49,0x00,0x49,0x00,0x49,0x00,0x49,0x00,0x49,0x00,0x49,0x00,0x49,0x00,0x49,0x00,0x49,0x00,0x49,0x00,0x49,0x00,0x49,0x00,0x49,0x00,0x49,0x00,0x49,0x00,0x49,0x00,0x49,0x00,0x49,0x00,0x49,0x00,0x49,0x00,0x49,0x00,0x49,0x00,0x49,0x00,0x49,0x00,0x49,0x00,0x49,0x00,0x49,
	0x00,0x49,0x00,0x49,0x00,0x49,0x00,0x49,0x00,0x49,0x00,0x49,0x00,0x49,0x00,0x49,0x00,0x49,0x00,0x49,0x00,0x49,0x00,0x49,0x00,0x49,0x00,0x49,0x00,0x49,0x00,0x49,0x00,0x49,0x00,0x49,0x00,0x49,0x00,0x49,0x00,0x49,0x00,0x49,0x00,0x49,0x00,0x49,0x00,0x49,0x00,0x49,0x00,0x49,0x00,0x49,0x00,0x49,0x00,0x49,0x00,0x49,0x00,0x49,
	0x00,0x49,0x00,0x49,0x00,0x49,0x00,0x49,0x00,0x49,0x00,0x49,0x00,0x49,0x00,0x49,0x00,0x49,0x00,0x49,0x00,0x49,0x00,0x49,0x00,0x49,0x00,0x49,0x00,0x49,0x00,0x49,0x00,0x49,0x00,0x49,0x00,0x49,0x00,0x49,0x00,0x49,0x00,0x49,0x00,0x49,0x00,0x49,0x00,0x49,0x00,0x49,0x00,0x49,0x00,0x49,0x00,0x49,0x00,0x49,0x00,0x49,0x00,0x49,
	0x00,0x49,0x00,0x49,0x00,0x49,0x00,0x49,0x00,0x49,0x00,0x49,0x00,0x41,0xE0,0x40,0x60,0x79,0xC0,0xC9,0xE0,0xE1,0xE0,0xE9,0xE0,0xE1,0xE0,0xE1,0x00,0xE2,0x00,0xE2,0x00,0xE2,0x00,0xE2,0x00,0xE2,0x00,0xE2,0x00,0xE2,0x00,0xE2,0x00,0xE2,0x00,0xEA,0xE0,0xE1,0xC0,0xB9,0x60,0x71,0xE0,0x40,0x00,0x49,0x00,0x49,0x00,0x49,0x00,0x49,
	0x00,0x49,0x00,0x49,0x00,0x49,0x00,0x49,0x00,0x49,0x00,0x49,0x00,0x49,0x00,0x49,0x00,0x49,0x00,0x49,0x00,0x49,0x00,0x49,0x00,0x49,0x00,0x49,0x00,0x49,0x00,0x49,0x00,0x49,0x00,0x49,0x00,0x49,0x00,0x49,0x00,0x49,0x00,0x49,0x00,0x49,0x00,0x49,0x00,0x49,0x00,0x49,0x00,0x49,0x00,0x49,0x00,0x49,0x00,0x49,0xE0,0x40,0x20,0x69,
	0xA0,0xB1,0xE0,0xE1,0xE0,0xE9,0xE0,0xE1,0xC0,0xC9,0x80,0xA1,0x20,0x61,0xE0,0x40,0x00,0x49,0x00,0x49,0x00,0x49,0x00,0x49,0x00,0x49,0x00,0x49,0x00,0x49,0x00,0x49,0x00,0x49,0x00,0x49,0x00,0x49,0x00,0x49,0x00,0x49,0x00,0x49,0x00,0x49,0x00,0x49,0x00,0x49,0x00,0x49,0x00,0x49,0x00,0x49,0x00,0x49,0x00,0x49,0x00,0x49,0x00,0x49,
	0x00,0x49,0x00,0x49,0x00,0x49,0x00,0x49,0x00,0x49,0x00,0x49,0x00,0x49,0x00,0x49,0x00,0x49,0x00,0x49,0x00,0x49,0x00,0x49,0x00,0x49,0xE0,0x40,0x80,0x71,0xC1,0xC2,0x61,0xEB,0xA2,0xFB,0xA2,0xFB,0xA2,0xFB,0xA2,0xFB,0xA2,0xFB,0xA2,0xFB,0xA2,0xFB,0xA2,0xFB,0xC2,0xFB,0xC2,0xFB,0xC2,0xFB,0xC2,0xFB,0xC2,0xFB,0xA2,0xFB,0x61,0xEB,
	0x21,0x9A,0xE0,0x40,0xE0,0x40,0x00,0x49,0x00,0x49,0x00,0x49,0x00,0x49,0x00,0x49,0x00,0x49,0x00,0x49,0x00,0x49,0x00,0x49,0x00,0x49,0x00,0x49,0x00,0x49,0x00,0x49,0x00,0x49,0x00,0x49,0x00,0x49,0x00,0x49,0x00,0x49,0x00,0x49,0x00,0x49,0x00,0x49,0x00,0x49,0x00,0x49,0x00,0x49,0x00,0x49,0x00,0x49,0x00,0x49,0x00,0x49,0x00,0x49,
	0x00,0x49,0x00,0x49,0x00,0x49,0x00,0x49,0x00,0x49,0x00,0x49,0x00,0x49,0x00,0x49,0x00,0x49,0x00,0x49,0x00,0x49,0x00,0x49,0x00,0x49,0x00,0x49,0x00,0x49,0x00,0x49,0x00,0x49,0x00,0x49,0x00,0x49,0x00,0x49,0x00,0x49,0x00,0x49,0x00,0x49,0x00,0x49,0x00,0x49,0x00,0x49,0x00,0x49,0x00,0x49,0x00,0x49,0x00,0x49,0x00,0x49,0x00,0x49,
	0x00,0x49,0x00,0x49,0x00,0x49,0x00,0x49,0x00,0x49,0x00,0x49,0x00,0x49,0x00,0x49,0x00,0x49,0x00,0x49,0x00,0x49,0x00,0x49,0x00,0x49,0x00,0x49,0x00,0x49,0x00,0x49,0x00,0x49,0x00,0x49,0x00,0x49,0x00,0x49,0x00,0x49,0x00,0x49,0x00,0x49,0x00,0x49,0x00,0x49,0x00,0x49,0x00,0x49,0x00,0x49,0x00,0x49,0x00,0x49,0x00,0x49,0x00,0x49,
	0x00,0x49,0x00,0x49,0x00,0x49,0x00,0x49,0x00,0x49,0x00,0x49,0x00,0x49,0x00,0x49,0x00,0x49,0x00,0x49,0x00,0x49,0x00,0x49,0x00,0x49,0x00,0x49,0x00,0x49,0x00,0x49,0x00,0x49,0x00,0x49,0x00,0x49,0x00,0x49,0x00,0x49,0x00,0x49,0x00,0x49,0x00,0x49,0x00,0x49,0x00,0x49,0x00,0x49,0x00,0x49,0x00,0x49,0x00,0x49,0x00,0x49,0x00,0x49,
	0x00,0x49,0x00,0x49,0x00,0x49,0x00,0x49,0x00,0x49,0x00,0x49,0x00,0x49,0x00,0x49,0x00,0x49,0x00,0x49,0x00,0x49,0x00,0x49,0x00,0x49,0x00,0x49,0x00,0x49,0x00,0x49,0x00,0x49,0x00,0x49,0x00,0x49,0x00,0x49,0x00,0x49,0x00,0x49,0x00,0x49,0x00,0x49,0x00,0x49,0x00,0x49,0x00,0x49,0x00,0x49,0x00,0x49,0x00,0x49,0x00,0x49,0x00,0x49,
	0x00,0x49,0x00,0x49,0x00,0x49,0x00,0x49,0x00,0x49,0x00,0x49,0x00,0x49,0x00,0x49,0x00,0x49,0x00,0x49,0x00,0x49,0x00,0x49,0x00,0x49,0x00,0x49,0x00,0x49,0x00,0x49,0x00,0x49,0x00,0x49,0x00,0x49,0x00,0x49,0x00,0x49,0x00,0x49,0x00,0x49,0x00,0x49,0x00,0x49,0x00,0x49,0x00,0x49,0x00,0x49,0x00,0x49,0x00,0x49,0x00,0x49,0x00,0x49,
	0x00,0x49,0x00,0x49,0x00,0x49,0x00,0x49,0x00,0x49,0x00,0x49,0x00,0x49,0x00,0x49,0x00,0x49,0x00,0x49,0x00,0x49,0x00,0x49,0x00,0x49,0x00,0x49,0x00,0x49,0x00,0x49,0x00,0x49,0x00,0x49,0x00,0x49,0x00,0x49,0x00,0x49,0x00,0x49,0x00,0x49,0x00,0x49,0x00,0x49,0x00,0x49,0x00,0x49,0x00,0x49,0x00,0x49,0x00,0x49,0x00,0x49,0x00,0x49,
	0x00,0x49,0x00,0x49,0x00,0x49,0x00,0x49,0x00,0x49,0x00,0x49,0x00,0x49,0x00,0x49,0x00,0x49,0x00,0x49,0x00,0x49,0x00,0x49,0x00,0x49,0x00,0x49,0x00,0x49,0x00,0x49,0x00,0x49,0x00,0x49,0x00,0x49,0x00,0x49,0x00,0x49,0x00,0x49,0x00,0x49,0x00,0x49,0x00,0x49,0x00,0x49,0x00,0x49,0x00,0x49,0x00,0x41,0x80,0x89,0xE0,0xD1,0xE0,0xE1,
	0xE0,0xE9,0xE0,0xE1,0xE0,0xE1,0x00,0xE2,0x00,0xE2,0x00,0xE2,0x00,0xE2,0x00,0xE2,0x00,0xE2,0x00,0xE2,0x00,0xE2,0x00,0xE2,0x00,0xEA,0xE0,0xD1,0x80,0x99,0x20,0x61,0xE0,0x40,0x00,0x49,0x00,0x49,0x00,0x49,0x00,0x49,0x00,0x49,0x00,0x49,0x00,0x49,0x00,0x49,0x00,0x49,0x00,0x49,0x00,0x49,0x00,0x49,0x00,0x49,0x00,0x49,0x00,0x49,
	0x00,0x49,0x00,0x49,0x00,0x49,0x00,0x49,0x00,0x49,0x00,0x49,0x00,0x49,0x00,0x49,0x00,0x49,0x00,0x49,0x00,0x49,0x00,0x49,0x00,0x49,0x00,0x49,0x00,0x49,0x00,0x49,0x00,0x49,0x00,0x49,0x00,0x49,0xE0,0x40,0x20,0x69,0xA0,0xB1,0xE0,0xD1,0x00,0xEA,0x00,0xEA,0xE0,0xE1,0xE0,0xD1,0x80,0x99,0x40,0x71,0x00,0x51,0xE0,0x40,0x00,0x49,
	0x00,0x49,0x00,0x49,0x00,0x49,0x00,0x49,0x00,0x49,0x00,0x49,0x00,0x49,0x00,0x49,0x00,0x49,0x00,0x49,0x00,0x49,0x00,0x49,0x00,0x49,0x00,0x49,0x00,0x49,0x00,0x49,0x00,0x49,0x00,0x49,0x00,0x49,0x00,0x49,0x00,0x49,0x00,0x49,0x00,0x49,0x00,0x49,0x00,0x49,0x00,0x49,0x00,0x49,0x00,0x49,0x00,0x49,0x00,0x49,0x00,0x49,0x00,0x49,
	0x00,0x49,0x00,0x49,0xE0,0x40,0x40,0x61,0x21,0x9A,0x21,0xE3,0xC2,0xFB,0xA2,0xFB,0xA2,0xFB,0xA2,0xFB,0xA2,0xFB,0xA2,0xFB,0xA2,0xFB,0xA2,0xFB,0xC2,0xFB,0xC2,0xFB,0xC2,0xFB,0xC2,0xFB,0xC2,0xFB,0xC2,0xFB,0xC2,0xFB,0x41,0xA2,0xE0,0x48,0xE0,0x40,0x00,0x49,0x00,0x49,0x00,0x49,0x00,0x49,0x00,0x49,0x00,0x49,0x00,0x49,0x00,0x49,
	0x00,0x49,0x00,0x49,0x00,0x49,0x00,0x49,0x00,0x49,0x00,0x49,0x00,0x49,0x00,0x49,0x00,0x49,0x00,0x49,0x00,0x49,0x00,0x49,0x00,0x49,0x00,0x49,0x00,0x49,0x00,0x49,0x00,0x49,0x00,0x49,0x00,0x49,0x00,0x49,0x00,0x49,0x00,0x49,0x00,0x49,0x00,0x49,0x00,0x49,0x00,0x49,0x00,0x49,0x00,0x49,0x00,0x49,0x00,0x49,0x00,0x49,0x00,0x49,
	0x00,0x49,0x00,0x49,0x00,0x49,0x00,0x49,0x00,0x49,0x00,0x49,0x00,0x49,0x00,0x49,0x00,0x49,0x00,0x49,0x00,0x49,0x00,0x49,0x00,0x49,0x00,0x49,0x00,0x49,0x00,0x49,0x00,0x49,0x00,0x49,0x00,0x49,0x00,0x49,0x00,0x49,0x00,0x49,0x00,0x49,0x00,0x49,0x00,0x49,0x00,0x49,0x00,0x49,0x00,0x49,0x00,0x49,0x00,0x49,0x00,0x49,0x00,0x49,
	0x00,0x49,0x00,0x49,0x00,0x49,0x00,0x49,0x00,0x49,0x00,0x49,0x00,0x49,0x00,0x49,0x00,0x49,0x00,0x49,0x00,0x49,0x00,0x49,0x00,0x49,0x00,0x49,0x00,0x49,0x00,0x49,0x00,0x49,0x00,0x49,0x00,0x49,0x00,0x49,0x00,0x49,0x00,0x49,0x00,0x49,0x00,0x49,0x00,0x49,0x00,0x49,0x00,0x49,0x00,0x49,0x00,0x49,0x00,0x49,0x00,0x49,0x00,0x49,
	0x00,0x49,0x00,0x49,0x00,0x49,0x00,0x49,0x00,0x49,0x00,0x49,0x00,0x49,0x00,0x49,0x00,0x49,0x00,0x49,0x00,0x49,0x00,0x49,0x00,0x49,0x00,0x49,0x00,0x49,0x00,0x49,0x00,0x49,0x00,0x49,0x00,0x49,0x00,0x49,0x00,0x49,0x00,0x49,0x00,0x49,0x00,0x49,0x00,0x49,0x00,0x49,0x00,0x49,0x00,0x49,0x00,0x49,0x00,0x49,0x00,0x49,0x00,0x49,
	0x00,0x49,0x00,0x49,0x00,0x49,0x00,0x49,0x00,0x49,0x00,0x49,0x00,0x49,0x00,0x49,0x00,0x49,0x00,0x49,0x00,0x49,0x00,0x49,0x00,0x49,0x00,0x49,0x00,0x49,0x00,0x49,0x00,0x49,0x00,0x49,0x00,0x49,0x00,0x49,0x00,0x49,0x00,0x49,0x00,0x49,0x00,0x49,0x00,0x49,0x00,0x49,0x00,0x49,0x00,0x49,0x00,0x49,0x00,0x49,0x00,0x49,0x00,0x49,
	0x00,0x49,0x00,0x49,0x00,0x49,0x00,0x49,0x00,0x49,0x00,0x49,0x00,0x49,0x00,0x49,0x00,0x49,0x00,0x49,0x00,0x49,0x00,0x49,0x00,0x49,0x00,0x49,0x00,0x49,0x00,0x49,0x00,0x49,0x00,0x49,0x00,0x49,0x00,0x49,0x00,0x49,0x00,0x49,0x00,0x49,0x00,0x49,0x00,0x49,0x00,0x49,0x00,0x49,0x00,0x49,0x00,0x49,0x00,0x49,0x00,0x49,0x00,0x49,
	0x00,0x49,0x00,0x49,0x00,0x49,0x00,0x49,0x00,0x49,0x00,0x49,0x00,0x49,0x00,0x49,0x00,0x49,0x00,0x49,0x00,0x49,0x00,0x49,0x00,0x49,0x00,0x49,0x00,0x49,0x00,0x49,0x00,0x49,0x00,0x49,0x00,0x49,0x00,0x49,0x00,0x49,0x00,0x49,0x00,0x49,0x00,0x49,0x00,0x49,0x00,0x49,0x00,0x49,0x00,0x49,0x00,0x49,0x00,0x49,0x00,0x49,0x00,0x49,
	0x00,0x49,0x00,0x49,0x00,0x49,0x00,0x49,0x00,0x49,0x00,0x49,0x00,0x49,0x00,0x49,0x00,0x49,0x00,0x49,0x00,0x49,0x00,0x49,0x00,0x49,0x00,0x49,0x00,0x49,0x00,0x49,0x00,0x49,0x00,0x51,0x80,0x99,0xE0,0xE9,0xE0,0xE9,0xE0,0xE1,0xE0,0xE1,0xE0,0xE1,0x00,0xE2,0x00,0xE2,0x00,0xE2,0x00,0xE2,0x00,0xE2,0x00,0xE2,0x00,0xE2,0x00,0xE2,
	0x00,0xEA,0x00,0xEA,0xC0,0xC9,0x40,0x71,0x00,0x51,0x00,0x49,0x00,0x49,0x00,0x49,0x00,0x49,0x00,0x49,0x00,0x49,0x00,0x49,0x00,0x49,0x00,0x49,0x00,0x49,0x00,0x49,0x00,0x49,0x00,0x49,0x00,0x49,0x00,0x49,0x00,0x49,0x00,0x49,0x00,0x49,0x00,0x49,0x00,0x49,0x00,0x49,0x00,0x49,0x00,0x49,0x00,0x49,0x00,0x49,0x00,0x49,0x00,0x49,
	0x00,0x49,0x00,0x49,0x00,0x49,0x00,0x49,0x00,0x49,0x00,0x49,0x00,0x49,0x00,0x49,0xE0,0x40,0x20,0x69,0xA0,0xB1,0xE0,0xD1,0x00,0xEA,0x00,0xEA,0x00,0xEA,0x00,0xE2,0xE0,0xE1,0xA0,0xB1,0x20,0x69,0x00,0x49,0x00,0x49,0x00,0x49,0x00,0x49,0x00,0x49,0x00,0x49,0x00,0x49,0x00,0x49,0x00,0x49,0x00,0x49,0x00,0x49,0x00,0x49,0x00,0x49,
	0x00,0x49,0x00,0x49,0x00,0x49,0x00,0x49,0x00,0x49,0x00,0x49,0x00,0x49,0x00,0x49,0x00,0x49,0x00,0x49,0x00,0x49,0x00,0x49,0x00,0x49,0x00,0x49,0x00,0x49,0x00,0x49,0x00,0x49,0x00,0x49,0x00,0x49,0x00,0x49,0x00,0x49,0x00,0x49,0x00,0x49,0xE0,0x40,0x20,0x51,0xA0,0x79,0xE1,0xD2,0xC2,0xFB,0xA2,0xFB,0xA2,0xFB,0xA2,0xFB,0xA2,0xFB,
	0xA2,0xFB,0xA2,0xFB,0xA2,0xFB,0xC2,0xFB,0xC2,0xFB,0xC2,0xFB,0xC2,0xFB,0xC2,0xFB,0xC2,0xFB,0xE2,0xFB,0xA1,0xBA,0x20,0x51,0xE0,0x48,0xE0,0x48,0x00,0x49,0x00,0x49,0x00,0x49,0x00,0x49,0x00,0x49,0x00,0x49,0x00,0x49,0x00,0x49,0x00,0x49,0x00,0x49,0x00,0x49,0x00,0x49,0x00,0x49,0x00,0x49,0x00,0x49,0x00,0x49,0x00,0x49,0x00,0x49,
	0x00,0x49,0x00,0x49,0x00,0x49,0x00,0x49,0x00,0x49,0x00,0x49,0x00,0x49,0x00,0x49,0x00,0x49,0x00,0x49,0x00,0x49,0x00,0x49,0x00,0x49,0x00,0x49,0x00,0x49,0x00,0x49,0x00,0x49,0x00,0x49,0x00,0x49,0x00,0x49,0x00,0x49,0x00,0x49,0x00,0x49,0x00,0x49,0x00,0x49,0x00,0x49,0x00,0x49,0x00,0x49,0x00,0x49,0x00,0x49,0x00,0x49,0x00,0x49,
	0x00,0x49,0x00,0x49,0x00,0x49,0x00,0x49,0x00,0x49,0x00,0x49,0x00,0x49,0x00,0x49,0x00,0x49,0x00,0x49,0x00,0x49,0x00,0x49,0x00,0x49,0x00,0x49,0x00,0x49,0x00,0x49,0x00,0x49,0x00,0x49,0x00,0x49,0x00,0x49,0x00,0x49,0x00,0x49,0x00,0x49,0x00,0x49,0x00,0x49,0x00,0x49,0x00,0x49,0x00,0x49,0x00,0x49,0x00,0x49,0x00,0x49,0x00,0x49,
	0x00,0x49,0x00,0x49,0x00,0x49,0x00,0x49,0x00,0x49,0x00,0x49,0x00,0x49,0x00,0x49,0x00,0x49,0x00,0x49,0x00,0x49,0x00,0x49,0x00,0x49,0x00,0x49,0x00,0x49,0x00,0x49,0x00,0x49,0x00,0x49,0x00,0x49,0x00,0x49,0x00,0x49,0x00,0x49,0x00,0x49,0x00,0x49,0x00,0x49,0x00,0x49,0x00,0x49,0x00,0x49,0x00,0x49,0x00,0x49,0x00,0x49,0x00,0x49,
	0x00,0x49,0x00,0x49,0x00,0x49,0x00,0x49,0x00,0x49,0x00,0x49,0x00,0x49,0x00,0x49,0x00,0x49,0x00,0x49,0x00,0x49,0x00,0x49,0x00,0x49,0x00,0x49,0x00,0x49,0x00,0x49,0x00,0x49,0x00,0x49,0x00,0x49,0x00,0x49,0x00,0x49,0x00,0x49,0x00,0x49,0x00,0x49,0x00,0x49,0x00,0x49,0x00,0x49,0x00,0x49,0x00,0x49,0x00,0x49,0x00,0x49,0x00,0x49,
	0x00,0x49,0x00,0x49,0x00,0x49,0x00,0x49,0x00,0x49,0x00,0x49,0x00,0x49,0x00,0x49,0x00,0x49,0x00,0x49,0x00,0x49,0x00,0x49,0x00,0x49,0x00,0x49,0x00,0x49,0x00,0x49,0x00,0x49,0x00,0x49,0x00,0x49,0x00,0x49,0x00,0x49,0x00,0x49,0x00,0x49,0x00,0x49,0x00,0x49,0x00,0x49,0x00,0x49,0x00,0x49,0x00,0x49,0x00,0x49,0x00,0x49,0x00,0x49,
	0x00,0x49,0x00,0x49,0x00,0x49,0x00,0x49,0x00,0x49,0x00,0x49,0x00,0x49,0x00,0x49,0x00,0x49,0x00,0x49,0x00,0x49,0x00,0x49,0x00,0x49,0x00,0x49,0x00,0x49,0x00,0x49,0x00,0x49,0x00,0x49,0x00,0x49,0x00,0x49,0x00,0x49,0x00,0x49,0x00,0x49,0x00,0x49,0x00,0x49,0x00,0x49,0x00,0x49,0x00,0x49,0x00,0x49,0x00,0x49,0x00,0x49,0x00,0x49,
	0x00,0x49,0x00,0x49,0x00,0x49,0x00,0x49,0x00,0x49,0x00,0x49,0x00,0x49,0x00,0x49,0x00,0x49,0x00,0x49,0x00,0x49,0x00,0x49,0x00,0x49,0x00,0x49,0x00,0x49,0x00,0x49,0x00,0x49,0x00,0x49,0x00,0x49,0x00,0x49,0x00,0x49,0x00,0x49,0x00,0x49,0x00,0x49,0x00,0x49,0x00,0x49,0x00,0x49,0x00,0x49,0x00,0x49,0x00,0x49,0x00,0x49,0x00,0x49,
	0x00,0x49,0x00,0x49,0x00,0x49,0x00,0x49,0xE0,0x48,0x00,0x49,0x20,0x59,0x80,0xA1,0xE0,0xE9,0xE0,0xE9,0xE0,0xE1,0xE0,0xE1,0xE0,0xE1,0x00,0xE2,0x00,0xE2,0x00,0xE2,0x00,0xE2,0x00,0xE2,0x00,0xE2,0x00,0xE2,0x00,0xEA,0x00,0xEA,0x00,0xEA,0xC0,0xB9,0x00,0x59,0xE0,0x40,0x00,0x49,0x00,0x49,0x00,0x49,0x00,0x49,0x00,0x49,0x00,0x49,
	0x00,0x49,0x00,0x49,0x00,0x49,0x00,0x49,0x00,0x49,0x00,0x49,0x00,0x49,0x00,0x49,0x00,0x49,0x00,0x49,0x00,0x49,0x00,0x49,0x00,0x49,0x00,0x49,0x00,0x49,0x00,0x49,0x00,0x49,0x00,0x49,0x00,0x49,0x00,0x49,0x00,0x49,0x00,0x49,0x00,0x49,0x00,0x49,0x00,0x49,0x00,0x49,0x00,0x49,0x00,0x49,0x00,0x49,0xE0,0x38,0x40,0x71,0xC0,0xC9,
	0x00,0xE2,0x00,0xEA,0x00,0xE2,0x00,0xEA,0x00,0xEA,0x00,0xEA,0xE0,0xD1,0xC0,0xB9,0x60,0x81,0x00,0x59,0xE0,0x48,0xE0,0x40,0x00,0x49,0x00,0x49,0x00,0x49,0x00,0x49,0x00,0x49,0x00,0x49,0x00,0x49,0x00,0x49,0x00,0x49,0x00,0x49,0x00,0x49,0x00,0x49,0x00,0x49,0x00,0x49,0x00,0x49,0x00,0x49,0x00,0x49,0x00,0x49,0x00,0x49,0x00,0x49,
	0x00,0x49,0x00,0x49,0x00,0x49,0x00,0x49,0x00,0x49,0x00,0x49,0x00,0x49,0x00,0x49,0x00,0x49,0x00,0x49,0x00,0x49,0x00,0x49,0x00,0x49,0xE0,0x48,0x00,0x59,0x81,0xC2,0xC2,0xFB,0xA2,0xFB,0xA2,0xFB,0xA2,0xFB,0xA2,0xFB,0xA2,0xFB,0xA2,0xFB,0xA2,0xFB,0xC2,0xFB,0xC2,0xFB,0xC2,0xFB,0xC2,0xFB,0xC2,0xFB,0xC2,0xFB,0xE2,0xFB,0xC1,0xC2,
	0x80,0x71,0x00,0x51,0xE0,0x40,0x00,0x49,0x00,0x49,0x00,0x49,0x00,0x49,0x00,0x49,0x00,0x49,0x00,0x49,0x00,0x49,0x00,0x49,0x00,0x49,0x00,0x49,0x00,0x49,0x00,0x49,0x00,0x49,0x00,0x49,0x00,0x49,0x00,0x49,0x00,0x49,0x00,0x49,0x00,0x49,0x00,0x49,0x00,0x49,0x00,0x49,0x00,0x49,0x00,0x49,0x00,0x49,0x00,0x49,0x00,0x49,0x00,0x49,
	0x00,0x49,0x00,0x49,0x00,0x49,0x00,0x49,0x00,0x49,0x00,0x49,0x00,0x49,0x00,0x49,0x00,0x49,0x00,0x49,0x00,0x49,0x00,0x49,0x00,0x49,0x00,0x49,0x00,0x49,0x00,0x49,0x00,0x49,0x00,0x49,0x00,0x49,0x00,0x49,0x00,0x49,0x00,0x49,0x00,0x49,0x00,0x49,0x00,0x49,0x00,0x49,0x00,0x49,0x00,0x49,0x00,0x49,0x00,0x49,0x00,0x49,0x00,0x49,
	0x00,0x49,0x00,0x49,0x00,0x49,0x00,0x49,0x00,0x49,0x00,0x49,0x00,0x49,0x00,0x49,0x00,0x49,0x00,0x49,0x00,0x49,0x00,0x49,0x00,0x49,0x00,0x49,0x00,0x49,0x00,0x49,0x00,0x49,0x00,0x49,0x00,0x49,0x00,0x49,0x00,0x49,0x00,0x49,0x00,0x49,0x00,0x49,0x00,0x49,0x00,0x49,0x00,0x49,0x00,0x49,0x00,0x49,0x00,0x49,0x00,0x49,0x00,0x49,
	0x00,0x49,0x00,0x49,0x00,0x49,0x00,0x49,0x00,0x49,0x00,0x49,0x00,0x49,0x00,0x49,0x00,0x49,0x00,0x49,0x00,0x49,0x00,0x49,0x00,0x49,0x00,0x49,0x00,0x49,0x00,0x49,0x00,0x49,0x00,0x49,0x00,0x49,0x00,0x49,0x00,0x49,0x00,0x49,0x00,0x49,0x00,0x49,0x00,0x49,0x00,0x49,0x00,0x49,0x00,0x49,0x00,0x49,0x00,0x49,0x00,0x49,0x00,0x49,
	0x00,0x49,0x00,0x49,0x00,0x49,0x00,0x49,0x00,0x49,0x00,0x49,0x00,0x49,0x00,0x49,0x00,0x49,0x00,0x49,0x00,0x49,0x00,0x49,0x00,0x49,0x00,0x49,0x00,0x49,0x00,0x49,0x00,0x49,0x00,0x49,0x00,0x49,0x00,0x49,0x00,0x49,0x00,0x49,0x00,0x49,0x00,0x49,0x00,0x49,0x00,0x49,0x00,0x49,0x00,0x49,0x00,0x49,0x00,0x49,0x00,0x49,0x00,0x49,
	0x00,0x49,0x00,0x49,0x00,0x49,0x00,0x49,0x00,0x49,0x00,0x49,0x00,0x49,0x00,0x49,0x00,0x49,0x00,0x49,0x00,0x49,0x00,0x49,0x00,0x49,0x00,0x49,0x00,0x49,0x00,0x49,0x00,0x49,0x00,0x49,0x00,0x49,0x00,0x49,0x00,0x49,0x00,0x49,0x00,0x49,0x00,0x49,0x00,0x49,0x00,0x49,0x00,0x49,0x00,0x49,0x00,0x49,0x00,0x49,0x00,0x49,0x00,0x49,
	0x00,0x49,0x00,0x49,0x00,0x49,0x00,0x49,0x00,0x49,0x00,0x49,0x00,0x49,0x00,0x49,0x00,0x49,0x00,0x49,0x00,0x49,0x00,0x49,0x00,0x49,0x00,0x49,0x00,0x49,0x00,0x49,0x00,0x49,0x00,0x49,0x00,0x49,0x00,0x49,0x00,0x49,0x00,0x49,0x00,0x49,0x00,0x49,0x00,0x49,0x00,0x49,0x00,0x49,0x00,0x49,0x00,0x49,0x00,0x49,0x00,0x49,0x00,0x49,
	0x00,0x49,0x00,0x49,0x00,0x49,0x00,0x49,0x00,0x49,0x00,0x49,0x00,0x49,0x00,0x49,0x00,0x49,0x00,0x49,0x00,0x49,0x00,0x49,0x00,0x49,0x00,0x49,0x00,0x49,0x00,0x49,0x00,0x49,0x00,0x49,0x00,0x49,0x00,0x49,0x00,0x49,0x00,0x49,0x00,0x49,0x00,0x49,0x00,0x49,0xE0,0x40,0x00,0x51,0x20,0x69,0xA0,0xB1,0xE0,0xE9,0xE0,0xE9,0xE0,0xE1,
	0xE0,0xE1,0xE0,0xE1,0x00,0xE2,0x00,0xE2,0x00,0xE2,0x00,0xE2,0x00,0xE2,0x00,0xE2,0x00,0xE2,0x00,0xEA,0x00,0xE2,0x00,0xE2,0xA0,0xB1,0x00,0x49,0xE0,0x40,0x00,0x49,0x00,0x49,0x00,0x49,0x00,0x49,0x00,0x49,0x00,0x49,0x00,0x49,0x00,0x49,0x00,0x49,0x00,0x49,0x00,0x49,0x00,0x49,0x00,0x49,0x00,0x49,0x00,0x49,0x00,0x49,0x00,0x49,
	0x00,0x49,0x00,0x49,0x00,0x49,0x00,0x49,0x00,0x49,0x00,0x49,0x00,0x49,0x00,0x49,0x00,0x49,0x00,0x49,0x00,0x49,0x00,0x49,0x00,0x49,0x00,0x49,0x00,0x49,0x00,0x49,0x00,0x49,0x00,0x49,0xE0,0x40,0x60,0x79,0x00,0xE2,0x20,0xEA,0x00,0xEA,0x00,0xE2,0x00,0xE2,0x00,0xE2,0x00,0xEA,0x00,0xEA,0x20,0xEA,0xC0,0xB9,0x60,0x81,0x20,0x59,
	0x00,0x49,0x00,0x49,0x00,0x49,0x00,0x49,0x00,0x49,0x00,0x49,0x00,0x49,0x00,0x49,0x00,0x49,0x00,0x49,0x00,0x49,0x00,0x49,0x00,0x49,0x00,0x49,0x00,0x49,0x00,0x49,0x00,0x49,0x00,0x49,0x00,0x49,0x00,0x49,0x00,0x49,0x00,0x49,0x00,0x49,0x00,0x49,0x00,0x49,0x00,0x49,0x00,0x49,0x00,0x49,0x00,0x49,0x00,0x49,0x00,0x49,0x00,0x49,
	0x00,0x49,0x00,0x49,0xC0,0x40,0xE0,0x48,0x41,0xB2,0xA2,0xFB,0xA2,0xFB,0xA2,0xFB,0xA2,0xFB,0xA2,0xFB,0xA2,0xFB,0xA2,0xFB,0xA2,0xFB,0xC2,0xFB,0xC2,0xFB,0xC2,0xFB,0xC2,0xFB,0xC2,0xFB,0xC2,0xFB,0xC2,0xFB,0xE1,0xD2,0xE0,0x81,0x20,0x59,0xE0,0x40,0x00,0x49,0x00,0x49,0x00,0x49,0x00,0x49,0x00,0x49,0x00,0x49,0x00,0x49,0x00,0x49,
	0x00,0x49,0x00,0x49,0x00,0x49,0x00,0x49,0x00,0x49,0x00,0x49,0x00,0x49,0x00,0x49,0x00,0x49,0x00,0x49,0x00,0x49,0x00,0x49,0x00,0x49,0x00,0x49,0x00,0x49,0x00,0x49,0x00,0x49,0x00,0x49,0x00,0x49,0x00,0x49,0x00,0x49,0x00,0x49,0x00,0x49,0x00,0x49,0x00,0x49,0x00,0x49,0x00,0x49,0x00,0x49,0x00,0x49,0x00,0x49,0x00,0x49,0x00,0x49,
	0x00,0x49,0x00,0x49,0x00,0x49,0x00,0x49,0x00,0x49,0x00,0x49,0x00,0x49,0x00,0x49,0x00,0x49,0x00,0x49,0x00,0x49,0x00,0x49,0x00,0x49,0x00,0x49,0x00,0x49,0x00,0x49,0x00,0x49,0x00,0x49,0x00,0x49,0x00,0x49,0x00,0x49,0x00,0x49,0x00,0x49,0x00,0x49,0x00,0x49,0x00,0x49,0x00,0x49,0x00,0x49,0x00,0x49,0x00,0x49,0x00,0x49,0x00,0x49,
	0x00,0x49,0x00,0x49,0x00,0x49,0x00,0x49,0x00,0x49,0x00,0x49,0x00,0x49,0x00,0x49,0x00,0x49,0x00,0x49,0x00,0x49,0x00,0x49,0x00,0x49,0x00,0x49,0x00,0x49,0x00,0x49,0x00,0x49,0x00,0x49,0x00,0x49,0x00,0x49,0x00,0x49,0x00,0x49,0x00,0x49,0x00,0x49,0x00,0x49,0x00,0x49,0x00,0x49,0x00,0x49,0x00,0x49,0x00,0x49,0x00,0x49,0x00,0x49,
	0x00,0x49,0x00,0x49,0x00,0x49,0x00,0x49,0x00,0x49,0x00,0x49,0x00,0x49,0x00,0x49,0x00,0x49,0x00,0x49,0x00,0x49,0x00,0x49,0x00,0x49,0x00,0x49,0x00,0x49,0x00,0x49,0x00,0x49,0x00,0x49,0x00,0x49,0x00,0x49,0x00,0x49,0x00,0x49,0x00,0x49,0x00,0x49,0x00,0x49,0x00,0x49,0x00,0x49,0x00,0x49,0x00,0x49,0x00,0x49,0x00,0x49,0x00,0x49,
	0x00,0x49,0x00,0x49,0x00,0x49,0x00,0x49,0x00,0x49,0x00,0x49,0x00,0x49,0x00,0x49,0x00,0x49,0x00,0x49,0x00,0x49,0x00,0x49,0x00,0x49,0x00,0x49,0x00,0x49,0x00,0x49,0x00,0x49,0x00,0x49,0x00,0x49,0x00,0x49,0x00,0x49,0x00,0x49,0x00,0x49,0x00,0x49,0x00,0x49,0x00,0x49,0x00,0x49,0x00,0x49,0x00,0x49,0x00,0x49,0x00,0x49,0x00,0x49,
	0x00,0x49,0x00,0x49,0x00,0x49,0x00,0x49,0x00,0x49,0x00,0x49,0x00,0x49,0x00,0x49,0x00,0x49,0x00,0x49,0x00,0x49,0x00,0x49,0x00,0x49,0x00,0x49,0x00,0x49,0x00,0x49,0x00,0x49,0x00,0x49,0x00,0x49,0x00,0x49,0x00,0x49,0x00,0x49,0x00,0x49,0x00,0x49,0x00,0x49,0x00,0x49,0x00,0x49,0x00,0x49,0x00,0x49,0x00,0x49,0x00,0x49,0x00,0x49,
	0x00,0x49,0x00,0x49,0x00,0x49,0x00,0x49,0x00,0x49,0x00,0x49,0x00,0x49,0x00,0x49,0x00,0x49,0x00,0x49,0x00,0x49,0x00,0x49,0x00,0x49,0x00,0x49,0x00,0x49,0x00,0x49,0x00,0x49,0x00,0x49,0x00,0x49,0x00,0x49,0x00,0x49,0x00,0x49,0x00,0x49,0x00,0x49,0x00,0x49,0x00,0x49,0x00,0x49,0x00,0x49,0x00,0x49,0x00,0x49,0x00,0x49,0x00,0x49,
	0x00,0x49,0x00,0x49,0x00,0x49,0x00,0x49,0x00,0x49,0x00,0x49,0x00,0x49,0x00,0x49,0x00,0x49,0x00,0x49,0x00,0x49,0x00,0x49,0x00,0x49,0x00,0x49,0xE0,0x40,0x00,0x51,0x60,0x81,0xC0,0xB9,0xE0,0xE9,0xE0,0xE9,0xE0,0xE1,0xE0,0xE1,0xE0,0xE1,0x00,0xE2,0x00,0xE2,0x00,0xE2,0x00,0xE2,0x00,0xE2,0x00,0xE2,0x00,0xE2,0x00,0xEA,0x00,0xE2,
	0xE0,0xD1,0x80,0x99,0x00,0x49,0xE0,0x40,0x00,0x49,0x00,0x49,0x00,0x49,0x00,0x49,0x00,0x49,0x00,0x49,0x00,0x49,0x00,0x49,0x00,0x49,0x00,0x49,0x00,0x49,0x00,0x49,0x00,0x49,0x00,0x49,0x00,0x49,0x00,0x49,0x00,0x49,0x00,0x49,0x00,0x49,0x00,0x49,0x00,0x49,0x00,0x49,0x00,0x49,0x00,0x49,0x00,0x49,0x00,0x49,0x00,0x49,0x00,0x49,
	0x00,0x49,0x00,0x49,0x00,0x49,0x00,0x49,0x00,0x49,0x00,0x49,0x00,0x49,0x00,0x49,0x60,0x91,0x20,0xE2,0x20,0xEA,0x20,0xE2,0x20,0xE2,0x20,0xE2,0x20,0xE2,0x20,0xE2,0x20,0xE2,0x20,0xE2,0x20,0xEA,0x00,0xD2,0x60,0x91,0x20,0x59,0xE0,0x40,0xE0,0x40,0x00,0x49,0x00,0x49,0x00,0x49,0x00,0x49,0x00,0x49,0x00,0x49,0x00,0x49,0x00,0x49,
	0x00,0x49,0x00,0x49,0x00,0x49,0x00,0x49,0x00,0x49,0x00,0x49,0x00,0x49,0x00,0x49,0x00,0x49,0x00,0x49,0x00,0x49,0x00,0x49,0x00,0x49,0x00,0x49,0x00,0x49,0x00,0x49,0x00,0x49,0x00,0x49,0x00,0x49,0x00,0x49,0x00,0x49,0x00,0x49,0x00,0x49,0xE0,0x40,0xE0,0x48,0x21,0x9A,0x41,0xE3,0x82,0xFB,0xA2,0xFB,0xA2,0xFB,0xA2,0xFB,0xA2,0xFB,
	0xA2,0xFB,0xA2,0xFB,0xC2,0xFB,0xC2,0xFB,0xC2,0xFB,0xC2,0xFB,0xC2,0xFB,0xC2,0xFB,0xC2,0xFB,0x01,0xD3,0x21,0x9A,0x40,0x59,0xE0,0x40,0x00,0x49,0x00,0x49,0x00,0x49,0x00,0x49,0x00,0x49,0x00,0x49,0x00,0x49,0x00,0x49,0x00,0x49,0x00,0x49,0x00,0x49,0x00,0x49,0x00,0x49,0x00,0x49,0x00,0x49,0x00,0x49,0x00,0x49,0x00,0x49,0x00,0x49,
	0x00,0x49,0x00,0x49,0x00,0x49,0x00,0x49,0x00,0x49,0x00,0x49,0x00,0x49,0x00,0x49,0x00,0x49,0x00,0x49,0x00,0x49,0x00,0x49,0x00,0x49,0x00,0x49,0x00,0x49,0x00,0x49,0x00,0x49,0x00,0x49,0x00,0x49,0x00,0x49,0x00,0x49,0x00,0x49,0x00,0x49,0x00,0x49,0x00,0x49,0x00,0x49,0x00,0x49,0x00,0x49,0x00,0x49,0x00,0x49,0x00,0x49,0x00,0x49,
	0x00,0x49,0x00,0x49,0x00,0x49,0x00,0x49,0x00,0x49,0x00,0x49,0x00,0x49,0x00,0x49,0x00,0x49,0x00,0x49,0x00,0x49,0x00,0x49,0x00,0x49,0x00,0x49,0x00,0x49,0x00,0x49,0x00,0x49,0x00,0x49,0x00,0x49,0x00,0x49,0x00,0x49,0x00,0x49,0x00,0x49,0x00,0x49,0x00,0x49,0x00,0x49,0x00,0x49,0x00,0x49,0x00,0x49,0x00,0x49,0x00,0x49,0x00,0x49,
	0x00,0x49,0x00,0x49,0x00,0x49,0x00,0x49,0x00,0x49,0x00,0x49,0x00,0x49,0x00,0x49,0x00,0x49,0x00,0x49,0x00,0x49,0x00,0x49,0x00,0x49,0x00,0x49,0x00,0x49,0x00,0x49,0x00,0x49,0x00,0x49,0x00,0x49,0x00,0x49,0x00,0x49,0x00,0x49,0x00,0x49,0x00,0x49,0x00,0x49,0x00,0x49,0x00,0x49,0x00,0x49,0x00,0x49,0x00,0x49,0x00,0x49,0x00,0x49,
	0x00,0x49,0x00,0x49,0x00,0x49,0x00,0x49,0x00,0x49,0x00,0x49,0x00,0x49,0x00,0x49,0x00,0x49,0x00,0x49,0x00,0x49,0x00,0x49,0x00,0x49,0x00,0x49,0x00,0x49,0x00,0x49,0x00,0x49,0x00,0x49,0x00,0x49,0x00,0x49,0x00,0x49,0x00,0x49,0x00,0x49,0x00,0x49,0x00,0x49,0x00,0x49,0x00,0x49,0x00,0x49,0x00,0x49,0x00,0x49,0x00,0x49,0x00,0x49,
	0x00,0x49,0x00,0x49,0x00,0x49,0x00,0x49,0x00,0x49,0x00,0x49,0x00,0x49,0x00,0x49,0x00,0x49,0x00,0x49,0x00,0x49,0x00,0x49,0x00,0x49,0x00,0x49,0x00,0x49,0x00,0x49,0x00,0x49,0x00,0x49,0x00,0x49,0x00,0x49,0x00,0x49,0x00,0x49,0x00,0x49,0x00,0x49,0x00,0x49,0x00,0x49,0x00,0x49,0x00,0x49,0x00,0x49,0x00,0x49,0x00,0x49,0x00,0x49,
	0x00,0x49,0x00,0x49,0x00,0x49,0x00,0x49,0x00,0x49,0x00,0x49,0x00,0x49,0x00,0x49,0x00,0x49,0x00,0x49,0x00,0x49,0x00,0x49,0x00,0x49,0x00,0x49,0x00,0x49,0x00,0x49,0x00,0x49,0x00,0x49,0x00,0x49,0x00,0x49,0x00,0x49,0x00,0x49,0x00,0x49,0x00,0x49,0x00,0x49,0x00,0x49,0x00,0x49,0x00,0x49,0x00,0x49,0x00,0x49,0x00,0x49,0x00,0x49,
	0x00,0x49,0x00,0x49,0x00,0x49,0x00,0x49,0x00,0x49,0x00,0x49,0x00,0x49,0x00,0x49,0x00,0x49,0x00,0x49,0x00,0x49,0x00,0x49,0x00,0x49,0x00,0x49,0x00,0x49,0x00,0x49,0x00,0x49,0x00,0x49,0x00,0x49,0x00,0x49,0x00,0x49,0x00,0x49,0x00,0x49,0x00,0x49,0x00,0x49,0x00,0x49,0x00,0x49,0x00,0x49,0x00,0x49,0x00,0x49,0x00,0x49,0x00,0x49,
	0x00,0x49,0x00,0x49,0x00,0x49,0xE0,0x40,0x00,0x59,0x60,0x91,0xC0,0xC9,0xE0,0xE9,0xE0,0xE9,0xE0,0xE1,0xE0,0xE1,0xE0,0xE1,0x00,0xE2,0x00,0xE2,0x00,0xE2,0x00,0xE2,0x00,0xE2,0x00,0xE2,0x00,0xE2,0x00,0xEA,0x00,0xE2,0xE0,0xC1,0x80,0x89,0x00,0x49,0xE0,0x40,0x00,0x49,0x00,0x49,0x00,0x49,0x00,0x49,0x00,0x49,0x00,0x49,0x00,0x49,
	0x00,0x49,0x00,0x49,0x00,0x49,0x00,0x49,0x00,0x49,0x00,0x49,0x00,0x49,0x00,0x49,0x00,0x49,0x00,0x49,0x00,0x49,0x00,0x49,0x00,0x49,0x00,0x49,0x00,0x49,0x00,0x49,0x00,0x49,0x00,0x49,0x00,0x49,0x00,0x49,0x00,0x49,0x00,0x49,0x00,0x49,0x00,0x49,0x00,0x49,0x00,0x49,0x00,0x41,0x00,0x49,0x20,0x61,0x80,0xA1,0x20,0xEA,0x20,0xEA,
	0x20,0xE2,0x20,0xE2,0x20,0xE2,0x20,0xE2,0x20,0xE2,0x20,0xE2,0x20,0xE2,0x20,0xEA,0x20,0xEA,0xE0,0xC1,0x80,0x99,0x20,0x61,0x00,0x49,0xE0,0x40,0x00,0x49,0x00,0x49,0x00,0x49,0x00,0x49,0x00,0x49,0x00,0x49,0x00,0x49,0x00,0x49,0x00,0x49,0x00,0x49,0x00,0x49,0x00,0x49,0x00,0x49,0x00,0x49,0x00,0x49,0x00,0x49,0x00,0x49,0x00,0x49,
	0x00,0x49,0x00,0x49,0x00,0x49,0x00,0x49,0x00,0x49,0x00,0x49,0x00,0x49,0x00,0x49,0x00,0x49,0x00,0x49,0x00,0x49,0x00,0x49,0xE0,0x40,0xE0,0x48,0xE0,0x81,0xE1,0xD2,0xA2,0xFB,0xC2,0xFB,0xA2,0xFB,0xA2,0xFB,0xA2,0xFB,0xA2,0xFB,0xA2,0xFB,0xC2,0xFB,0xC2,0xFB,0xC2,0xFB,0xC2,0xFB,0xC2,0xFB,0xC2,0xFB,0xC2,0xFB,0x41,0xE3,0x41,0xA2,
	0x40,0x61,0xE0,0x40,0x00,0x49,0x00,0x49,0x00,0x49,0x00,0x49,0x00,0x49,0x00,0x49,0x00,0x49,0x00,0x49,0x00,0x49,0x00,0x49,0x00,0x49,0x00,0x49,0x00,0x49,0x00,0x49,0x00,0x49,0x00,0x49,0x00,0x49,0x00,0x49,0x00,0x49,0x00,0x49,0x00,0x49,0x00,0x49,0x00,0x49,0x00,0x49,0x00,0x49,0x00,0x49,0x00,0x49,0x00,0x49,0x00,0x49,0x00,0x49,
	0x00,0x49,0x00,0x49,0x00,0x49,0x00,0x49,0x00,0x49,0x00,0x49,0x00,0x49,0x00,0x49,0x00,0x49,0x00,0x49,0x00,0x49,0x00,0x49,0x00,0x49,0x00,0x49,0x00,0x49,0x00,0x49,0x00,0x49,0x00,0x49,0x00,0x49,0x00,0x49,0x00,0x49,0x00,0x49,0x00,0x49,0x00,0x49,0x00,0x49,0x00,0x49,0x00,0x49,0x00,0x49,0x00,0x49,0x00,0x49,0x00,0x49,0x00,0x49,
	0x00,0x49,0x00,0x49,0x00,0x49,0x00,0x49,0x00,0x49,0x00,0x49,0x00,0x49,0x00,0x49,0x00,0x49,0x00,0x49,0x00,0x49,0x00,0x49,0x00,0x49,0x00,0x49,0x00,0x49,0x00,0x49,0x00,0x49,0x00,0x49,0x00,0x49,0x00,0x49,0x00,0x49,0x00,0x49,0x00,0x49,0x00,0x49,0x00,0x49,0x00,0x49,0x00,0x49,0x00,0x49,0x00,0x49,0x00,0x49,0x00,0x49,0x00,0x49,
	0x00,0x49,0x00,0x49,0x00,0x49,0x00,0x49,0x00,0x49,0x00,0x49,0x00,0x49,0x00,0x49,0x00,0x49,0x00,0x49,0x00,0x49,0x00,0x49,0x00,0x49,0x00,0x49,0x00,0x49,0x00,0x49,0x00,0x49,0x00,0x49,0x00,0x49,0x00,0x49,0x00,0x49,0x00,0x49,0x00,0x49,0x00,0x49,0x00,0x49,0x00,0x49,0x00,0x49,0x00,0x49,0x00,0x49,0x00,0x49,0x00,0x49,0x00,0x49,
	0x00,0x49,0x00,0x49,0x00,0x49,0x00,0x49,0x00,0x49,0x00,0x49,0x00,0x49,0x00,0x49,0x00,0x49,0x00,0x49,0x00,0x49,0x00,0x49,0x00,0x49,0x00,0x49,0x00,0x49,0x00,0x49,0x00,0x49,0x00,0x49,0x00,0x49,0x00,0x49,0x00,0x49,0x00,0x49,0x00,0x49,0x00,0x49,0x00,0x49,0x00,0x49,0x00,0x49,0x00,0x49,0x00,0x49,0x00,0x49,0x00,0x49,0x00,0x49,
	0x00,0x49,0x00,0x49,0x00,0x49,0x00,0x49,0x00,0x49,0x00,0x49,0x00,0x49,0x00,0x49,0x00,0x49,0x00,0x49,0x00,0x49,0x00,0x49,0x00,0x49,0x00,0x49,0x00,0x49,0x00,0x49,0x00,0x49,0x00,0x49,0x00,0x49,0x00,0x49,0x00,0x49,0x00,0x49,0x00,0x49,0x00,0x49,0x00,0x49,0x00,0x49,0x00,0x49,0x00,0x49,0x00,0x49,0x00,0x49,0x00,0x49,0x00,0x49,
	0x00,0x49,0x00,0x49,0x00,0x49,0x00,0x49,0x00,0x49,0x00,0x49,0x00,0x49,0x00,0x49,0x00,0x49,0x00,0x49,0x00,0x49,0x00,0x49,0x00,0x49,0x00,0x49,0x00,0x49,0x00,0x49,0x00,0x49,0x00,0x49,0x00,0x49,0x00,0x49,0x00,0x49,0x00,0x49,0x00,0x49,0x00,0x49,0x00,0x49,0x00,0x49,0x00,0x49,0x00,0x49,0x00,0x49,0x00,0x49,0x00,0x49,0x00,0x49,
	0x00,0x49,0x00,0x49,0x00,0x49,0x00,0x49,0x00,0x49,0x00,0x49,0x00,0x49,0x00,0x49,0x00,0x49,0x00,0x49,0x00,0x49,0x00,0x49,0x00,0x49,0x00,0x49,0x00,0x49,0x00,0x49,0x00,0x49,0x00,0x49,0x00,0x49,0x00,0x49,0x00,0x49,0x00,0x49,0x00,0x49,0x00,0x49,0xE0,0x40,0x00,0x59,0x80,0xA1,0xC0,0xD1,0xE0,0xE9,0xE0,0xE9,0xE0,0xE1,0xE0,0xE1,
	0xE0,0xE1,0x00,0xE2,0x00,0xE2,0x00,0xE2,0x00,0xE2,0x00,0xE2,0x00,0xE2,0x00,0xE2,0x00,0xEA,0xE0,0xE1,0xC0,0xB1,0x60,0x79,0x00,0x49,0xE0,0x40,0x00,0x49,0x00,0x49,0x00,0x49,0x00,0x49,0x00,0x49,0x00,0x49,0x00,0x49,0x00,0x49,0x00,0x49,0x00,0x49,0x00,0x49,0x00,0x49,0x00,0x49,0x00,0x49,0x00,0x49,0x00,0x49,0x00,0x49,0x00,0x49,
	0x00,0x49,0x00,0x49,0x00,0x49,0x00,0x49,0x00,0x49,0x00,0x49,0x00,0x49,0x00,0x49,0x00,0x49,0x00,0x49,0x00,0x49,0x00,0x49,0x00,0x49,0x00,0x49,0x00,0x49,0xE0,0x40,0x00,0x51,0x60,0x81,0xC0,0xB9,0x20,0xE2,0x20,0xEA,0x20,0xE2,0x20,0xE2,0x20,0xE2,0x20,0xE2,0x20,0xE2,0x20,0xE2,0x20,0xE2,0x20,0xE2,0x20,0xEA,0x20,0xEA,0x00,0xD2,
	0x80,0x91,0x20,0x61,0x00,0x49,0x00,0x49,0x00,0x49,0x00,0x49,0x00,0x49,0x00,0x49,0x00,0x49,0x00,0x49,0x00,0x49,0x00,0x49,0x00,0x49,0x00,0x49,0x00,0x49,0x00,0x49,0x00,0x49,0x00,0x49,0x00,0x49,0x00,0x49,0x00,0x49,0x00,0x49,0x00,0x49,0x00,0x49,0x00,0x49,0x00,0x49,0x00,0x49,0x00,0x49,0x00,0x49,0x00,0x49,0x00,0x49,0x00,0x49,
	0x00,0x49,0xE0,0x40,0x00,0x49,0xA0,0x79,0xA1,0xBA,0x82,0xF3,0xC2,0xFB,0xA2,0xFB,0xA2,0xFB,0xA2,0xFB,0xA2,0xFB,0xA2,0xFB,0xC2,0xFB,0xC2,0xFB,0xC2,0xFB,0xC2,0xFB,0xC2,0xFB,0xC2,0xFB,0xC2,0xFB,0x61,0xEB,0xA1,0xBA,0x60,0x69,0xE0,0x40,0x00,0x49,0x00,0x49,0x00,0x49,0x00,0x49,0x00,0x49,0x00,0x49,0x00,0x49,0x00,0x49,0x00,0x49,
	0x00,0x49,0x00,0x49,0x00,0x49,0x00,0x49,0x00,0x49,0x00,0x49,0x00,0x49,0x00,0x49,0x00,0x49,0x00,0x49,0x00,0x49,0x00,0x49,0x00,0x49,0x00,0x49,0x00,0x49,0x00,0x49,0x00,0x49,0x00,0x49,0x00,0x49,0x00,0x49,0x00,0x49,0x00,0x49,0x00,0x49,0x00,0x49,0x00,0x49,0x00,0x49,0x00,0x49,0x00,0x49,0x00,0x49,0x00,0x49,0x00,0x49,0x00,0x49,
	0x00,0x49,0x00,0x49,0x00,0x49,0x00,0x49,0x00,0x49,0x00,0x49,0x00,0x49,0x00,0x49,0x00,0x49,0x00,0x49,0x00,0x49,0x00,0x49,0x00,0x49,0x00,0x49,0x00,0x49,0x00,0x49,0x00,0x49,0x00,0x49,0x00,0x49,0x00,0x49,0x00,0x49,0x00,0x49,0x00,0x49,0x00,0x49,0x00,0x49,0x00,0x49,0x00,0x49,0x00,0x49,0x00,0x49,0x00,0x49,0x00,0x49,0x00,0x49,
	0x00,0x49,0x00,0x49,0x00,0x49,0x00,0x49,0x00,0x49,0x00,0x49,0x00,0x49,0x00,0x49,0x00,0x49,0x00,0x49,0x00,0x49,0x00,0x49,0x00,0x49,0x00,0x49,0x00,0x49,0x00,0x49,0x00,0x49,0x00,0x49,0x00,0x49,0x00,0x49,0x00,0x49,0x00,0x49,0x00,0x49,0x00,0x49,0x00,0x49,0x00,0x49,0x00,0x49,0x00,0x49,0x00,0x49,0x00,0x49,0x00,0x49,0x00,0x49,
	0x00,0x49,0x00,0x49,0x00,0x49,0x00,0x49,0x00,0x49,0x00,0x49,0x00,0x49,0x00,0x49,0x00,0x49,0x00,0x49,0x00,0x49,0x00,0x49,0x00,0x49,0x00,0x49,0x00,0x49,0x00,0x49,0x00,0x49,0x00,0x49,0x00,0x49,0x00,0x49,0x00,0x49,0x00,0x49,0x00,0x49,0x00,0x49,0x00,0x49,0x00,0x49,0x00,0x49,0x00,0x49,0x00,0x49,0x00,0x49,0x00,0x49,0x00,0x49,
	0x00,0x49,0x00,0x49,0x00,0x49,0x00,0x49,0x00,0x49,0x00,0x49,0x00,0x49,0x00,0x49,0x00,0x49,0x00,0x49,0x00,0x49,0x00,0x49,0x00,0x49,0x00,0x49,0x00,0x49,0x00,0x49,0x00,0x49,0x00,0x49,0x00,0x49,0x00,0x49,0x00,0x49,0x00,0x49,0x00,0x49,0x00,0x49,0x00,0x49,0x00,0x49,0x00,0x49,0x00,0x49,0x00,0x49,0x00,0x49,0x00,0x49,0x00,0x49,
	0x00,0x49,0x00,0x49,0x00,0x49,0x00,0x49,0x00,0x49,0x00,0x49,0x00,0x49,0x00,0x49,0x00,0x49,0x00,0x49,0x00,0x49,0x00,0x49,0x00,0x49,0x00,0x49,0x00,0x49,0x00,0x49,0x00,0x49,0x00,0x49,0x00,0x49,0x00,0x49,0x00,0x49,0x00,0x49,0x00,0x49,0x00,0x49,0x00,0x49,0x00,0x49,0x00,0x49,0x00,0x49,0x00,0x49,0x00,0x49,0x00,0x49,0x00,0x49,
	0x00,0x49,0x00,0x49,0x00,0x49,0x00,0x49,0x00,0x49,0x00,0x49,0x00,0x49,0x00,0x49,0x00,0x49,0x00,0x49,0x00,0x49,0x00,0x49,0x00,0x49,0x00,0x49,0x00,0x49,0x00,0x49,0x00,0x49,0x00,0x49,0x00,0x49,0x00,0x49,0x00,0x49,0x00,0x49,0x00,0x49,0x00,0x49,0x00,0x49,0x00,0x49,0x00,0x49,0x00,0x49,0x00,0x49,0x00,0x49,0x00,0x49,0x00,0x49,
	0x00,0x49,0x00,0x49,0x00,0x49,0x00,0x49,0x00,0x49,0x00,0x49,0x00,0x49,0x00,0x49,0x00,0x49,0x00,0x49,0x00,0x49,0x00,0x49,0x00,0x49,0xE0,0x40,0x20,0x59,0x80,0xA1,0xC0,0xD1,0xE0,0xE9,0xE0,0xE9,0xE0,0xE1,0xE0,0xE1,0xE0,0xE1,0x00,0xE2,0x00,0xE2,0x00,0xE2,0x00,0xE2,0x00,0xE2,0x00,0xE2,0x00,0xE2,0x00,0xEA,0xE0,0xE1,0x80,0xA1,
	0x40,0x71,0x00,0x49,0xE0,0x40,0x00,0x49,0x00,0x49,0x00,0x49,0x00,0x49,0x00,0x49,0x00,0x49,0x00,0x49,0x00,0x49,0x00,0x49,0x00,0x49,0x00,0x49,0x00,0x49,0x00,0x49,0x00,0x49,0x00,0x49,0x00,0x49,0x00,0x49,0x00,0x49,0x00,0x49,0x00,0x49,0x00,0x49,0x00,0x49,0x00,0x49,0x00,0x49,0x00,0x49,0x00,0x49,0x00,0x49,0x00,0x49,0x00,0x49,
	0x00,0x49,0x00,0x49,0x00,0x49,0x00,0x49,0xE0,0x40,0x00,0x59,0xA0,0xB1,0x00,0xE2,0x40,0xE2,0x20,0xEA,0x40,0xE2,0x40,0xE2,0x40,0xE2,0x40,0xE2,0x40,0xE2,0x40,0xE2,0x40,0xE2,0x40,0xE2,0x40,0xE2,0x40,0xEA,0x40,0xE2,0x00,0xD2,0x80,0x99,0x20,0x61,0x00,0x49,0xE0,0x40,0x00,0x49,0x00,0x49,0x00,0x49,0x00,0x49,0x00,0x49,0x00,0x49,
	0x00,0x49,0x00,0x49,0x00,0x49,0x00,0x49,0x00,0x49,0x00,0x49,0x00,0x49,0x00,0x49,0x00,0x49,0x00,0x49,0x00,0x49,0x00,0x49,0x00,0x49,0x00,0x49,0x00,0x49,0x00,0x49,0x00,0x49,0x00,0x49,0x00,0x49,0x00,0x49,0x00,0x49,0x00,0x49,0xE0,0x40,0x00,0x49,0x60,0x71,0x41,0xA2,0x82,0xF3,0xC2,0xFB,0xA2,0xFB,0xA2,0xFB,0xA2,0xFB,0xA2,0xFB,
	0xA2,0xFB,0xC2,0xFB,0xC2,0xFB,0xC2,0xFB,0xC2,0xFB,0xC2,0xFB,0xC2,0xFB,0xC2,0xFB,0x82,0xF3,0xC1,0xC2,0x60,0x69,0xC0,0x40,0x00,0x49,0x00,0x49,0x00,0x49,0x00,0x49,0x00,0x49,0x00,0x49,0x00,0x49,0x00,0x49,0x00,0x49,0x00,0x49,0x00,0x49,0x00,0x49,0x00,0x49,0x00,0x49,0x00,0x49,0x00,0x49,0x00,0x49,0x00,0x49,0x00,0x49,0x00,0x49,
	0x00,0x49,0x00,0x49,0x00,0x49,0x00,0x49,0x00,0x49,0x00,0x49,0x00,0x49,0x00,0x49,0x00,0x49,0x00,0x49,0x00,0x49,0x00,0x49,0x00,0x49,0x00,0x49,0x00,0x49,0x00,0x49,0x00,0x49,0x00,0x49,0x00,0x49,0x00,0x49,0x00,0x49,0x00,0x49,0x00,0x49,0x00,0x49,0x00,0x49,0x00,0x49,0x00,0x49,0x00,0x49,0x00,0x49,0x00,0x49,0x00,0x49,0x00,0x49,
	0x00,0x49,0x00,0x49,0x00,0x49,0x00,0x49,0x00,0x49,0x00,0x49,0x00,0x49,0x00,0x49,0x00,0x49,0x00,0x49,0x00,0x49,0x00,0x49,0x00,0x49,0x00,0x49,0x00,0x49,0x00,0x49,0x00,0x49,0x00,0x49,0x00,0x49,0x00,0x49,0x00,0x49,0x00,0x49,0x00,0x49,0x00,0x49,0x00,0x49,0x00,0x49,0x00,0x49,0x00,0x49,0x00,0x49,0x00,0x49,0x00,0x49,0x00,0x49,
	0x00,0x49,0x00,0x49,0x00,0x49,0x00,0x49,0x00,0x49,0x00,0x49,0x00,0x49,0x00,0x49,0x00,0x49,0x00,0x49,0x00,0x49,0x00,0x49,0x00,0x49,0x00,0x49,0x00,0x49,0x00,0x49,0x00,0x49,0x00,0x49,0x00,0x49,0x00,0x49,0x00,0x49,0x00,0x49,0x00,0x49,0x00,0x49,0x00,0x49,0x00,0x49,0x00,0x49,0x00,0x49,0x00,0x49,0x00,0x49,0x00,0x49,0x00,0x49,
	0x00,0x49,0x00,0x49,0x00,0x49,0x00,0x49,0x00,0x49,0x00,0x49,0x00,0x49,0x00,0x49,0x00,0x49,0x00,0x49,0x00,0x49,0x00,0x49,0x00,0x49,0x00,0x49,0x00,0x49,0x00,0x49,0x00,0x49,0x00,0x49,0x00,0x49,0x00,0x49,0x00,0x49,0x00,0x49,0x00,0x49,0x00,0x49,0x00,0x49,0x00,0x49,0x00,0x49,0x00,0x49,0x00,0x49,0x00,0x49,0x00,0x49,0x00,0x49,
	0x00,0x49,0x00,0x49,0x00,0x49,0x00,0x49,0x00,0x49,0x00,0x49,0x00,0x49,0x00,0x49,0x00,0x49,0x00,0x49,0x00,0x49,0x00,0x49,0x00,0x49,0x00,0x49,0x00,0x49,0x00,0x49,0x00,0x49,0x00,0x49,0x00,0x49,0x00,0x49,0x00,0x49,0x00,0x49,0x00,0x49,0x00,0x49,0x00,0x49,0x00,0x49,0x00,0x49,0x00,0x49,0x00,0x49,0x00,0x49,0x00,0x49,0x00,0x49,
	0x00,0x49,0x00,0x49,0x00,0x49,0x00,0x49,0x00,0x49,0x00,0x49,0x00,0x49,0x00,0x49,0x00,0x49,0x00,0x49,0x00,0x49,0x00,0x49,0x00,0x49,0x00,0x49,0x00,0x49,0x00,0x49,0x00,0x49,0x00,0x49,0x00,0x49,0x00,0x49,0x00,0x49,0x00,0x49,0x00,0x49,0x00,0x49,0x00,0x49,0x00,0x49,0x00,0x49,0x00,0x49,0x00,0x49,0x00,0x49,0x00,0x49,0x00,0x49,
	0x00,0x49,0x00,0x49,0x00,0x49,0x00,0x49,0x00,0x49,0x00,0x49,0x00,0x49,0x00,0x49,0x00,0x49,0x00,0x49,0x00,0x49,0x00,0x49,0x00,0x49,0x00,0x49,0x00,0x49,0x00,0x49,0x00,0x49,0x00,0x49,0x00,0x49,0x00,0x49,0x00,0x49,0x00,0x49,0x00,0x49,0x00,0x49,0x00,0x49,0x00,0x49,0x00,0x49,0x00,0x49,0x00,0x49,0x00,0x49,0x00,0x49,0x00,0x49,
	0x00,0x49,0x00,0x49,0xE0,0x40,0x20,0x59,0xA0,0xB1,0xE0,0xD1,0xE0,0xE9,0xE0,0xE9,0xE0,0xE1,0xE0,0xE1,0xE0,0xE1,0x00,0xE2,0x00,0xE2,0x00,0xE2,0x00,0xE2,0x00,0xE2,0x00,0xE2,0x00,0xE2,0x00,0xEA,0xE0,0xE1,0x80,0x99,0x20,0x61,0x00,0x49,0xE0,0x40,0x00,0x49,0x00,0x49,0x00,0x49,0x00,0x49,0x00,0x49,0x00,0x49,0x00,0x49,0x00,0x49,
	0x00,0x49,0x00,0x49,0x00,0x49,0x00,0x49,0x00,0x49,0x00,0x49,0x00,0x49,0x00,0x49,0x00,0x49,0x00,0x49,0x00,0x49,0x00,0x49,0x00,0x49,0x00,0x49,0x00,0x49,0x00,0x49,0x00,0x49,0x00,0x49,0x00,0x49,0x00,0x49,0x00,0x49,0x00,0x49,0x00,0x49,0x00,0x49,0x00,0x49,0x00,0x49,0x20,0x69,0xE0,0xC1,0x20,0xEA,0x40,0xE2,0x40,0xE2,0x40,0xE2,
	0x40,0xE2,0x40,0xE2,0x40,0xE2,0x40,0xE2,0x40,0xE2,0x40,0xE2,0x40,0xE2,0x40,0xE2,0x40,0xE2,0x40,0xEA,0x40,0xEA,0xE0,0xC1,0x80,0x99,0x20,0x59,0x00,0x49,0x00,0x49,0x00,0x49,0x00,0x49,0x00,0x49,0x00,0x49,0x00,0x49,0x00,0x49,0x00,0x49,0x00,0x49,0x00,0x49,0x00,0x49,0x00,0x49,0x00,0x49,0x00,0x49,0x00,0x49,0x00,0x49,0x00,0x49,
	0x00,0x49,0x00,0x49,0x00,0x49,0x00,0x49,0x00,0x49,0x00,0x49,0x00,0x49,0x00,0x49,0x00,0x49,0x00,0x49,0x00,0x49,0xE0,0x40,0x00,0x49,0x40,0x61,0x00,0x9A,0x61,0xEB,0xC2,0xFB,0xA2,0xFB,0xA2,0xFB,0xA2,0xFB,0xA2,0xFB,0xA2,0xFB,0xC2,0xFB,0xC2,0xFB,0xC2,0xFB,0xC2,0xFB,0xC2,0xFB,0xC2,0xFB,0xC2,0xFB,0xA2,0xFB,0x01,0xD3,0x80,0x71,
	0xC0,0x40,0x00,0x49,0x00,0x49,0x00,0x49,0x00,0x49,0x00,0x49,0x00,0x49,0x00,0x49,0x00,0x49,0x00,0x49,0x00,0x49,0x00,0x49,0x00,0x49,0x00,0x49,0x00,0x49,0x00,0x49,0x00,0x49,0x00,0x49,0x00,0x49,0x00,0x49,0x00,0x49,0x00,0x49,0x00,0x49,0x00,0x49,0x00,0x49,0x00,0x49,0x00,0x49,0x00,0x49,0x00,0x49,0x00,0x49,0x00,0x49,0x00,0x49,
	0x00,0x49,0x00,0x49,0x00,0x49,0x00,0x49,0x00,0x49,0x00,0x49,0x00,0x49,0x00,0x49,0x00,0x49,0x00,0x49,0x00,0x49,0x00,0x49,0x00,0x49,0x00,0x49,0x00,0x49,0x00,0x49,0x00,0x49,0x00,0x49,0x00,0x49,0x00,0x49,0x00,0x49,0x00,0x49,0x00,0x49,0x00,0x49,0x00,0x49,0x00,0x49,0x00,0x49,0x00,0x49,0x00,0x49,0x00,0x49,0x00,0x49,0x00,0x49,
	0x00,0x49,0x00,0x49,0x00,0x49,0x00,0x49,0x00,0x49,0x00,0x49,0x00,0x49,0x00,0x49,0x00,0x49,0x00,0x49,0x00,0x49,0x00,0x49,0x00,0x49,0x00,0x49,0x00,0x49,0x00,0x49,0x00,0x49,0x00,0x49,0x00,0x49,0x00,0x49,0x00,0x49,0x00,0x49,0x00,0x49,0x00,0x49,0x00,0x49,0x00,0x49,0x00,0x49,0x00,0x49,0x00,0x49,0x00,0x49,0x00,0x49,0x00,0x49,
	0x00,0x49,0x00,0x49,0x00,0x49,0x00,0x49,0x00,0x49,0x00,0x49,0x00,0x49,0x00,0x49,0x00,0x49,0x00,0x49,0x00,0x49,0x00,0x49,0x00,0x49,0x00,0x49,0x00,0x49,0x00,0x49,0x00,0x49,0x00,0x49,0x00,0x49,0x00,0x49,0x00,0x49,0x00,0x49,0x00,0x49,0x00,0x49,0x00,0x49,0x00,0x49,0x00,0x49,0x00,0x49,0x00,0x49,0x00,0x49,0x00,0x49,0x00,0x49,
	0x00,0x49,0x00,0x49,0x00,0x49,0x00,0x49,0x00,0x49,0x00,0x49,0x00,0x49,0x00,0x49,0x00,0x49,0x00,0x49,0x00,0x49,0x00,0x49,0x00,0x49,0x00,0x49,0x00,0x49,0x00,0x49,0x00,0x49,0x00,0x49,0x00,0x49,0x00,0x49,0x00,0x49,0x00,0x49,0x00,0x49,0x00,0x49,0x00,0x49,0x00,0x49,0x00,0x49,0x00,0x49,0x00,0x49,0x00,0x49,0x00,0x49,0x00,0x49,
	0x00,0x49,0x00,0x49,0x00,0x49,0x00,0x49,0x00,0x49,0x00,0x49,0x00,0x49,0x00,0x49,0x00,0x49,0x00,0x49,0x00,0x49,0x00,0x49,0x00,0x49,0x00,0x49,0x00,0x49,0x00,0x49,0x00,0x49,0x00,0x49,0x00,0x49,0x00,0x49,0x00,0x49,0x00,0x49,0x00,0x49,0x00,0x49,0x00,0x49,0x00,0x49,0x00,0x49,0x00,0x49,0x00,0x49,0x00,0x49,0x00,0x49,0x00,0x49,
	0x00,0x49,0x00,0x49,0x00,0x49,0x00,0x49,0x00,0x49,0x00,0x49,0x00,0x49,0x00,0x49,0x00,0x49,0x00,0x49,0x00,0x49,0x00,0x49,0x00,0x49,0x00,0x49,0x00,0x49,0x00,0x49,0x00,0x49,0x00,0x49,0x00,0x49,0x00,0x49,0x00,0x49,0x00,0x49,0x00,0x49,0x00,0x49,0x00,0x49,0x00,0x49,0x00,0x49,0x00,0x49,0x00,0x49,0x00,0x49,0x00,0x49,0x00,0x49,
	0x00,0x49,0x00,0x49,0x00,0x49,0x00,0x49,0x00,0x49,0x00,0x49,0x00,0x49,0x00,0x49,0x00,0x49,0x00,0x49,0x00,0x49,0x00,0x49,0x00,0x49,0x00,0x49,0x00,0x49,0x00,0x49,0x00,0x49,0x00,0x49,0x00,0x49,0x00,0x49,0x00,0x49,0x00,0x49,0x00,0x49,0xE0,0x40,0x20,0x59,0xA0,0xB1,0xE0,0xE1,0xE0,0xE9,0xE0,0xE9,0xE0,0xE1,0xE0,0xE1,0xE0,0xE1,
	0x00,0xE2,0x00,0xE2,0x00,0xE2,0x00,0xE2,0x00,0xE2,0x00,0xE2,0x00,0xE2,0x00,0xEA,0xE0,0xE1,0x80,0x89,0x00,0x59,0x00,0x49,0x00,0x49,0x00,0x49,0x00,0x49,0x00,0x49,0x00,0x49,0x00,0x49,0x00,0x49,0x00,0x49,0x00,0x49,0x00,0x49,0x00,0x49,0x00,0x49,0x00,0x49,0x00,0x49,0x00,0x49,0x00,0x49,0x00,0x49,0x00,0x49,0x00,0x49,0x00,0x49,
	0x00,0x49,0x00,0x49,0x00,0x49,0x00,0x49,0x00,0x49,0x00,0x49,0x00,0x49,0x00,0x49,0x00,0x49,0x00,0x49,0x00,0x49,0x00,0x49,0x00,0x49,0xE0,0x48,0x20,0x61,0x80,0x91,0x00,0xD2,0x40,0xEA,0x40,0xE2,0x40,0xE2,0x40,0xE2,0x40,0xE2,0x40,0xE2,0x40,0xE2,0x40,0xE2,0x40,0xE2,0x40,0xE2,0x40,0xE2,0x40,0xE2,0x40,0xE2,0x40,0xE2,0x40,0xE2,
	0x40,0xEA,0x00,0xD2,0x80,0x89,0x20,0x59,0x00,0x49,0x00,0x49,0x00,0x49,0x00,0x49,0x00,0x49,0x00,0x49,0x00,0x49,0x00,0x49,0x00,0x49,0x00,0x49,0x00,0x49,0x00,0x49,0x00,0x49,0x00,0x49,0x00,0x49,0x00,0x49,0x00,0x49,0x00,0x49,0x00,0x49,0x00,0x49,0x00,0x49,0x00,0x49,0x00,0x49,0x00,0x49,0x00,0x49,0x00,0x49,0x00,0x49,0x00,0x49,
	0xE0,0x48,0x00,0x49,0x00,0x59,0xC0,0x89,0x41,0xEB,0xC2,0xFB,0xA2,0xFB,0xA2,0xFB,0xA2,0xFB,0xA2,0xFB,0xA2,0xFB,0xC2,0xFB,0xC2,0xFB,0xC2,0xFB,0xC2,0xFB,0xC2,0xFB,0xC2,0xFB,0xC2,0xFB,0xC2,0xFB,0x41,0xE3,0xA0,0x71,0xC0,0x38,0x00,0x49,0x00,0x49,0x00,0x49,0x00,0x49,0x00,0x49,0x00,0x49,0x00,0x49,0x00,0x49,0x00,0x49,0x00,0x49,
	0x00,0x49,0x00,0x49,0x00,0x49,0x00,0x49,0x00,0x49,0x00,0x49,0x00,0x49,0x00,0x49,0x00,0x49,0x00,0x49,0x00,0x49,0x00,0x49,0x00,0x49,0x00,0x49,0x00,0x49,0x00,0x49,0x00,0x49,0x00,0x49,0x00,0x49,0x00,0x49,0x00,0x49,0x00,0x49,0x00,0x49,0x00,0x49,0x00,0x49,0x00,0x49,0x00,0x49,0x00,0x49,0x00,0x49,0x00,0x49,0x00,0x49,0x00,0x49,
	0x00,0x49,0x00,0x49,0x00,0x49,0x00,0x49,0x00,0x49,0x00,0x49,0x00,0x49,0x00,0x49,0x00,0x49,0x00,0x49,0x00,0x49,0x00,0x49,0x00,0x49,0x00,0x49,0x00,0x49,0x00,0x49,0x00,0x49,0x00,0x49,0x00,0x49,0x00,0x49,0x00,0x49,0x00,0x49,0x00,0x49,0x00,0x49,0x00,0x49,0x00,0x49,0x00,0x49,0x00,0x49,0x00,0x49,0x00,0x49,0x00,0x49,0x00,0x49,
	0x00,0x49,0x00,0x49,0x00,0x49,0x00,0x49,0x00,0x49,0x00,0x49,0x00,0x49,0x00,0x49,0x00,0x49,0x00,0x49,0x00,0x49,0x00,0x49,0x00,0x49,0x00,0x49,0x00,0x49,0x00,0x49,0x00,0x49,0x00,0x49,0x00,0x49,0x00,0x49,0x00,0x49,0x00,0x49,0x00,0x49,0x00,0x49,0x00,0x49,0x00,0x49,0x00,0x49,0x00,0x49,0x00,0x49,0x00,0x49,0x00,0x49,0x00,0x49,
	0x00,0x49,0x00,0x49,0x00,0x49,0x00,0x49,0x00,0x49,0x00,0x49,0x00,0x49,0x00,0x49,0x00,0x49,0x00,0x49,0x00,0x49,0x00,0x49,0x00,0x49,0x00,0x49,0x00,0x49,0x00,0x49,0x00,0x49,0x00,0x49,0x00,0x49,0x00,0x49,0x00,0x49,0x00,0x49,0x00,0x49,0x00,0x49,0x00,0x49,0x00,0x49,0x00,0x49,0x00,0x49,0x00,0x49,0x00,0x49,0x00,0x49,0x00,0x49,
	0x00,0x49,0x00,0x49,0x00,0x49,0x00,0x49,0x00,0x49,0x00,0x49,0x00,0x49,0x00,0x49,0x00,0x49,0x00,0x49,0x00,0x49,0x00,0x49,0x00,0x49,0x00,0x49,0x00,0x49,0x00,0x49,0x00,0x49,0x00,0x49,0x00,0x49,0x00,0x49,0x00,0x49,0x00,0x49,0x00,0x49,0x00,0x49,0x00,0x49,0x00,0x49,0x00,0x49,0x00,0x49,0x00,0x49,0x00,0x49,0x00,0x49,0x00,0x49,
	0x00,0x49,0x00,0x49,0x00,0x49,0x00,0x49,0x00,0x49,0x00,0x49,0x00,0x49,0x00,0x49,0x00,0x49,0x00,0x49,0x00,0x49,0x00,0x49,0x00,0x49,0x00,0x49,0x00,0x49,0x00,0x49,0x00,0x49,0x00,0x49,0x00,0x49,0x00,0x49,0x00,0x49,0x00,0x49,0x00,0x49,0x00,0x49,0x00,0x49,0x00,0x49,0x00,0x49,0x00,0x49,0x00,0x49,0x00,0x49,0x00,0x49,0x00,0x49,
	0x00,0x49,0x00,0x49,0x00,0x49,0x00,0x49,0x00,0x49,0x00,0x49,0x00,0x49,0x00,0x49,0x00,0x49,0x00,0x49,0x00,0x49,0x00,0x49,0x00,0x49,0x00,0x49,0x00,0x49,0x00,0x49,0x00,0x49,0x00,0x49,0x00,0x49,0x00,0x49,0x00,0x49,0x00,0x49,0x00,0x49,0x00,0x49,0x00,0x49,0x00,0x49,0x00,0x49,0x00,0x49,0x00,0x49,0x00,0x49,0x00,0x49,0x00,0x49,
	0x00,0x49,0x00,0x49,0x00,0x49,0x00,0x49,0x00,0x49,0x00,0x49,0x00,0x49,0x00,0x49,0x00,0x49,0x00,0x49,0x00,0x49,0x00,0x49,0xE0,0x38,0x20,0x61,0xC0,0xB9,0xE0,0xE1,0xE0,0xE9,0xE0,0xE9,0xE0,0xE1,0xE0,0xE1,0xE0,0xE1,0x00,0xE2,0x00,0xE2,0x00,0xE2,0x00,0xE2,0x00,0xE2,0x00,0xE2,0x00,0xE2,0x00,0xEA,0xE0,0xE1,0x60,0x81,0x00,0x51,
	0x00,0x49,0x00,0x49,0x00,0x49,0x00,0x49,0x00,0x49,0x00,0x49,0x00,0x49,0x00,0x49,0x00,0x49,0x00,0x49,0x00,0x49,0x00,0x49,0x00,0x49,0x00,0x49,0x00,0x49,0x00,0x49,0x00,0x49,0x00,0x49,0x00,0x49,0x00,0x49,0x00,0x49,0x00,0x49,0x00,0x49,0x00,0x49,0x00,0x49,0x00,0x49,0x00,0x49,0x00,0x49,0x00,0x49,0x00,0x49,0x00,0x49,0x00,0x49,
	0x00,0x49,0xE0,0x40,0xE0,0x40,0x80,0x89,0x00,0xD2,0x40,0xEA,0x60,0xF2,0x40,0xEA,0x40,0xEA,0x40,0xEA,0x40,0xEA,0x40,0xEA,0x40,0xEA,0x40,0xEA,0x40,0xEA,0x40,0xEA,0x40,0xEA,0x40,0xEA,0x40,0xEA,0x40,0xEA,0x40,0xEA,0x60,0xF2,0x40,0xEA,0xE0,0xC1,0x80,0x89,0x00,0x51,0x00,0x49,0x00,0x49,0x00,0x49,0x00,0x49,0x00,0x49,0x00,0x49,
	0x00,0x49,0x00,0x49,0x00,0x49,0x00,0x49,0x00,0x49,0x00,0x49,0x00,0x49,0x00,0x49,0x00,0x49,0x00,0x49,0x00,0x49,0x00,0x49,0x00,0x49,0x00,0x49,0x00,0x49,0x00,0x49,0x00,0x49,0x00,0x49,0x00,0x49,0x00,0x49,0x00,0x49,0x00,0x49,0x00,0x49,0x00,0x51,0xC0,0x81,0x41,0xEB,0xC2,0xFB,0xA2,0xFB,0xA2,0xFB,0xA2,0xFB,0xA2,0xFB,0xA2,0xFB,
	0xC2,0xFB,0xC2,0xFB,0xC2,0xFB,0xC2,0xFB,0xC2,0xFB,0xC2,0xFB,0xC2,0xFB,0xC2,0xFB,0x41,0xEB,0xA0,0x71,0xC0,0x38,0x00,0x49,0x00,0x49,0x00,0x49,0x00,0x49,0x00,0x49,0x00,0x49,0x00,0x49,0x00,0x49,0x00,0x49,0x00,0x49,0x00,0x49,0x00,0x49,0x00,0x49,0x00,0x49,0x00,0x49,0x00,0x49,0x00,0x49,0x00,0x49,0x00,0x49,0x00,0x49,0x00,0x49,
	0x00,0x49,0x00,0x49,0x00,0x49,0x00,0x49,0x00,0x49,0x00,0x49,0x00,0x49,0x00,0x49,0x00,0x49,0x00,0x49,0x00,0x49,0x00,0x49,0x00,0x49,0x00,0x49,0x00,0x49,0x00,0x49,0x00,0x49,0x00,0x49,0x00,0x49,0x00,0x49,0x00,0x49,0x00,0x49,0x00,0x49,0x00,0x49,0x00,0x49,0x00,0x49,0x00,0x49,0x00,0x49,0x00,0x49,0x00,0x49,0x00,0x49,0x00,0x49,
	0x00,0x49,0x00,0x49,0x00,0x49,0x00,0x49,0x00,0x49,0x00,0x49,0x00,0x49,0x00,0x49,0x00,0x49,0x00,0x49,0x00,0x49,0x00,0x49,0x00,0x49,0x00,0x49,0x00,0x49,0x00,0x49,0x00,0x49,0x00,0x49,0x00,0x49,0x00,0x49,0x00,0x49,0x00,0x49,0x00,0x49,0x00,0x49,0x00,0x49,0x00,0x49,0x00,0x49,0x00,0x49,0x00,0x49,0x00,0x49,0x00,0x49,0x00,0x49,
	0x00,0x49,0x00,0x49,0x00,0x49,0x00,0x49,0x00,0x49,0x00,0x49,0x00,0x49,0x00,0x49,0x00,0x49,0x00,0x49,0x00,0x49,0x00,0x49,0x00,0x49,0x00,0x49,0x00,0x49,0x00,0x49,0x00,0x49,0x00,0x49,0x00,0x49,0x00,0x49,0x00,0x49,0x00,0x49,0x00,0x49,0x00,0x49,0x00,0x49,0x00,0x49,0x00,0x49,0x00,0x49,0x00,0x49,0x00,0x49,0x00,0x49,0x00,0x49,
	0x00,0x49,0x00,0x49,0x00,0x49,0x00,0x49,0x00,0x49,0x00,0x49,0x00,0x49,0x00,0x49,0x00,0x49,0x00,0x49,0x00,0x49,0x00,0x49,0x00,0x49,0x00,0x49,0x00,0x49,0x00,0x49,0x00,0x49,0x00,0x49,0x00,0x49,0x00,0x49,0x00,0x49,0x00,0x49,0x00,0x49,0x00,0x49,0x00,0x49,0x00,0x49,0x00,0x49,0x00,0x49,0x00,0x49,0x00,0x49,0x00,0x49,0x00,0x49,
	0x00,0x49,0x00,0x49,0x00,0x49,0x00,0x49,0x00,0x49,0x00,0x49,0x00,0x49,0x00,0x49,0x00,0x49,0x00,0x49,0x00,0x49,0x00,0x49,0x00,0x49,0x00,0x49,0x00,0x49,0x00,0x49,0x00,0x49,0x00,0x49,0x00,0x49,0x00,0x49,0x00,0x49,0x00,0x49,0x00,0x49,0x00,0x49,0x00,0x49,0x00,0x49,0x00,0x49,0x00,0x49,0x00,0x49,0x00,0x49,0x00,0x49,0x00,0x49,
	0x00,0x49,0x00,0x49,0x00,0x49,0x00,0x49,0x00,0x49,0x00,0x49,0x00,0x49,0x00,0x49,0x00,0x49,0x00,0x49,0x00,0x49,0x00,0x49,0x00,0x49,0x00,0x49,0x00,0x49,0x00,0x49,0x00,0x49,0x00,0x49,0x00,0x49,0x00,0x49,0x00,0x49,0x00,0x49,0x00,0x49,0x00,0x49,0x00,0x49,0x00,0x49,0x00,0x49,0x00,0x49,0x00,0x49,0x00,0x49,0x00,0x49,0x00,0x49,
	0x00,0x49,0x00,0x49,0x00,0x49,0x00,0x49,0x00,0x49,0x00,0x49,0x00,0x49,0x00,0x49,0x00,0x49,0x00,0x49,0x00,0x49,0x00,0x49,0x00,0x49,0x00,0x49,0x00,0x49,0x00,0x49,0x00,0x49,0x00,0x49,0x00,0x49,0x00,0x49,0x00,0x49,0x00,0x49,0x00,0x49,0x00,0x49,0x00,0x49,0x00,0x49,0x00,0x49,0x00,0x49,0x00,0x49,0x00,0x49,0x00,0x49,0x00,0x49,
	0x00,0x49,0xE0,0x38,0x20,0x61,0xC0,0xB9,0xE0,0xE1,0xE0,0xE9,0xE0,0xE9,0xE0,0xE1,0xE0,0xE1,0xE0,0xE1,0x00,0xE2,0x00,0xE2,0x00,0xE2,0x00,0xE2,0x00,0xE2,0x00,0xE2,0x00,0xE2,0x00,0xEA,0xE0,0xE1,0x60,0x79,0x00,0x49,0x00,0x49,0x00,0x49,0x00,0x49,0x00,0x49,0x00,0x49,0x00,0x49,0x00,0x49,0x00,0x49,0x00,0x49,0x00,0x49,0x00,0x49,
	0x00,0x49,0x00,0x49,0x00,0x49,0x00,0x49,0x00,0x49,0x00,0x49,0x00,0x49,0x00,0x49,0x00,0x49,0x00,0x49,0x00,0x49,0x00,0x49,0x00,0x49,0x00,0x49,0x00,0x49,0x00,0x49,0x00,0x49,0x00,0x49,0x00,0x49,0x00,0x49,0x00,0x49,0x00,0x49,0x00,0x49,0x20,0x61,0xC0,0xB1,0x60,0xF2,0x60,0xF2,0x60,0xF2,0x60,0xF2,0x60,0xF2,0x60,0xF2,0x60,0xF2,
	0x60,0xF2,0x60,0xF2,0x60,0xF2,0x60,0xF2,0x60,0xF2,0x60,0xF2,0x60,0xF2,0x60,0xF2,0x60,0xF2,0x60,0xF2,0x60,0xF2,0x60,0xF2,0x60,0xF2,0xE0,0xB1,0x60,0x71,0x00,0x51,0xE0,0x40,0x00,0x49,0x00,0x49,0x00,0x49,0x00,0x49,0x00,0x49,0x00,0x49,0x00,0x49,0x00,0x49,0x00,0x49,0x00,0x49,0x00,0x49,0x00,0x49,0x00,0x49,0x00,0x49,0x00,0x49,
	0x00,0x49,0x00,0x49,0x00,0x49,0x00,0x49,0x00,0x49,0x00,0x49,0x00,0x49,0x00,0x49,0x00,0x49,0x00,0x49,0x00,0x49,0x00,0x49,0xE0,0x48,0xA0,0x79,0x41,0xEB,0xC2,0xFB,0xA2,0xFB,0xA2,0xFB,0xA2,0xFB,0xA2,0xFB,0xA2,0xFB,0xC2,0xFB,0xC2,0xFB,0xC2,0xFB,0xC2,0xFB,0xC2,0xFB,0xC2,0xFB,0xC2,0xFB,0xE2,0xFB,0x61,0xEB,0xA0,0x79,0xC0,0x38,
	0x00,0x49,0x00,0x49,0x00,0x49,0x00,0x49,0x00,0x49,0x00,0x49,0x00,0x49,0x00,0x49,0x00,0x49,0x00,0x49,0x00,0x49,0x00,0x49,0x00,0x49,0x00,0x49,0x00,0x49,0x00,0x49,0x00,0x49,0x00,0x49,0x00,0x49,0x00,0x49,0x00,0x49,0x00,0x49,0x00,0x49,0x00,0x49,0x00,0x49,0x00,0x49,0x00,0x49,0x00,0x49,0x00,0x49,0x00,0x49,0x00,0x49,0x00,0x49,
	0x00,0x49,0x00,0x49,0x00,0x49,0x00,0x49,0x00,0x49,0x00,0x49,0x00,0x49,0x00,0x49,0x00,0x49,0x00,0x49,0x00,0x49,0x00,0x49,0x00,0x49,0x00,0x49,0x00,0x49,0x00,0x49,0x00,0x49,0x00,0x49,0x00,0x49,0x00,0x49,0x00,0x49,0x00,0x49,0x00,0x49,0x00,0x49,0x00,0x49,0x00,0x49,0x00,0x49,0x00,0x49,0x00,0x49,0x00,0x49,0x00,0x49,0x00,0x49,
	0x00,0x49,0x00,0x49,0x00,0x49,0x00,0x49,0x00,0x49,0x00,0x49,0x00,0x49,0x00,0x49,0x00,0x49,0x00,0x49,0x00,0x49,0x00,0x49,0x00,0x49,0x00,0x49,0x00,0x49,0x00,0x49,0x00,0x49,0x00,0x49,0x00,0x49,0x00,0x49,0x00,0x49,0x00,0x49,0x00,0x49,0x00,0x49,0x00,0x49,0x00,0x49,0x00,0x49,0x00,0x49,0x00,0x49,0x00,0x49,0x00,0x49,0x00,0x49,
	0x00,0x49,0x00,0x49,0x00,0x49,0x00,0x49,0x00,0x49,0x00,0x49,0x00,0x49,0x00,0x49,0x00,0x49,0x00,0x49,0x00,0x49,0x00,0x49,0x00,0x49,0x00,0x49,0x00,0x49,0x00,0x49,0x00,0x49,0x00,0x49,0x00,0x49,0x00,0x49,0x00,0x49,0x00,0x49,0x00,0x49,0x00,0x49,0x00,0x49,0x00,0x49,0x00,0x49,0x00,0x49,0x00,0x49,0x00,0x49,0x00,0x49,0x00,0x49,
	0x00,0x49,0x00,0x49,0x00,0x49,0x00,0x49,0x00,0x49,0x00,0x49,0x00,0x49,0x00,0x49,0x00,0x49,0x00,0x49,0x00,0x49,0x00,0x49,0x00,0x49,0x00,0x49,0x00,0x49,0x00,0x49,0x00,0x49,0x00,0x49,0x00,0x49,0x00,0x49,0x00,0x49,0x00,0x49,0x00,0x49,0x00,0x49,0x00,0x49,0x00,0x49,0x00,0x49,0x00,0x49,0x00,0x49,0x00,0x49,0x00,0x49,0x00,0x49,
	0x00,0x49,0x00,0x49,0x00,0x49,0x00,0x49,0x00,0x49,0x00,0x49,0x00,0x49,0x00,0x49,0x00,0x49,0x00,0x49,0x00,0x49,0x00,0x49,0x00,0x49,0x00,0x49,0x00,0x49,0x00,0x49,0x00,0x49,0x00,0x49,0x00,0x49,0x00,0x49,0x00,0x49,0x00,0x49,0x00,0x49,0x00,0x49,0x00,0x49,0x00,0x49,0x00,0x49,0x00,0x49,0x00,0x49,0x00,0x49,0x00,0x49,0x00,0x49,
	0x00,0x49,0x00,0x49,0x00,0x49,0x00,0x49,0x00,0x49,0x00,0x49,0x00,0x49,0x00,0x49,0x00,0x49,0x00,0x49,0x00,0x49,0x00,0x49,0x00,0x49,0x00,0x49,0x00,0x49,0x00,0x49,0x00,0x49,0x00,0x49,0x00,0x49,0x00,0x49,0x00,0x49,0x00,0x49,0x00,0x49,0x00,0x49,0x00,0x49,0x00,0x49,0x00,0x49,0x00,0x49,0x00,0x49,0x00,0x49,0x00,0x49,0x00,0x49,
	0x00,0x49,0x00,0x49,0x00,0x49,0x00,0x49,0x00,0x49,0x00,0x49,0x00,0x49,0x00,0x49,0x00,0x49,0x00,0x49,0x00,0x49,0x00,0x49,0x00,0x49,0x00,0x49,0x00,0x49,0x00,0x49,0x00,0x49,0x00,0x49,0x00,0x49,0x00,0x49,0x00,0x49,0x00,0x49,0xE0,0x38,0x20,0x61,0xC0,0xC9,0xE0,0xE9,0xE0,0xE1,0xE0,0xE1,0xE0,0xE1,0xE0,0xE1,0xE0,0xE1,0x00,0xE2,
	0x00,0xE2,0x00,0xE2,0x00,0xE2,0x00,0xE2,0x00,0xE2,0x00,0xE2,0x00,0xEA,0xE0,0xE1,0x40,0x71,0xE0,0x40,0x00,0x49,0x00,0x49,0x00,0x49,0x00,0x49,0x00,0x49,0x00,0x49,0x00,0x49,0x00,0x49,0x00,0x49,0x00,0x49,0x00,0x49,0x00,0x49,0x00,0x49,0x00,0x49,0x00,0x49,0x00,0x49,0x00,0x49,0x00,0x49,0x00,0x49,0x00,0x49,0x00,0x49,0x00,0x49,
	0x00,0x49,0x00,0x49,0x00,0x49,0x00,0x49,0x00,0x49,0x00,0x49,0x00,0x49,0x00,0x49,0x00,0x49,0x00,0x49,0xE0,0x40,0x20,0x69,0xE0,0xB1,0x40,0xDA,0x60,0xF2,0x60,0xF2,0x60,0xEA,0x60,0xEA,0x60,0xEA,0x60,0xEA,0x60,0xEA,0x60,0xEA,0x60,0xEA,0x60,0xEA,0x60,0xEA,0x60,0xEA,0x60,0xEA,0x60,0xEA,0x60,0xEA,0x60,0xEA,0x60,0xEA,0x60,0xEA,
	0x60,0xF2,0x60,0xF2,0x40,0xE2,0xE0,0xB1,0x20,0x61,0xE0,0x40,0x00,0x49,0x00,0x49,0x00,0x49,0x00,0x49,0x00,0x49,0x00,0x49,0x00,0x49,0x00,0x49,0x00,0x49,0x00,0x49,0x00,0x49,0x00,0x49,0x00,0x49,0x00,0x49,0x00,0x49,0x00,0x49,0x00,0x49,0x00,0x49,0x00,0x49,0x00,0x49,0x00,0x49,0x00,0x49,0x00,0x49,0x00,0x49,0x00,0x49,0x00,0x49,
	0x00,0x49,0xE0,0x40,0x80,0x71,0x41,0xEB,0xC2,0xFB,0xA2,0xFB,0xA2,0xFB,0xA2,0xFB,0xA2,0xFB,0xA2,0xFB,0xC2,0xFB,0xC2,0xFB,0xC2,0xFB,0xC2,0xFB,0xC2,0xFB,0xC2,0xFB,0xC2,0xFB,0xE2,0xFB,0x61,0xEB,0xA0,0x79,0xC0,0x38,0x00,0x49,0x00,0x49,0x00,0x49,0x00,0x49,0x00,0x49,0x00,0x49,0x00,0x49,0x00,0x49,0x00,0x49,0x00,0x49,0x00,0x49,
	0x00,0x49,0x00,0x49,0x00,0x49,0x00,0x49,0x00,0x49,0x00,0x49,0x00,0x49,0x00,0x49,0x00,0x49,0x00,0x49,0x00,0x49,0x00,0x49,0x00,0x49,0x00,0x49,0x00,0x49,0x00,0x49,0x00,0x49,0x00,0x49,0x00,0x49,0x00,0x49,0x00,0x49,0x00,0x49,0x00,0x49,0x00,0x49,0x00,0x49,0x00,0x49,0x00,0x49,0x00,0x49,0x00,0x49,0x00,0x49,0x00,0x49,0x00,0x49,
	0x00,0x49,0x00,0x49,0x00,0x49,0x00,0x49,0x00,0x49,0x00,0x49,0x00,0x49,0x00,0x49,0x00,0x49,0x00,0x49,0x00,0x49,0x00,0x49,0x00,0x49,0x00,0x49,0x00,0x49,0x00,0x49,0x00,0x49,0x00,0x49,0x00,0x49,0x00,0x49,0x00,0x49,0x00,0x49,0x00,0x49,0x00,0x49,0x00,0x49,0x00,0x49,0x00,0x49,0x00,0x49,0x00,0x49,0x00,0x49,0x00,0x49,0x00,0x49,
	0x00,0x49,0x00,0x49,0x00,0x49,0x00,0x49,0x00,0x49,0x00,0x49,0x00,0x49,0x00,0x49,0x00,0x49,0x00,0x49,0x00,0x49,0x00,0x49,0x00,0x49,0x00,0x49,0x00,0x49,0x00,0x49,0x00,0x49,0x00,0x49,0x00,0x49,0x00,0x49,0x00,0x49,0x00,0x49,0x00,0x49,0x00,0x49,0x00,0x49,0x00,0x49,0x00,0x49,0x00,0x49,0x00,0x49,0x00,0x49,0x00,0x49,0x00,0x49,
	0x00,0x49,0x00,0x49,0x00,0x49,0x00,0x49,0x00,0x49,0x00,0x49,0x00,0x49,0x00,0x49,0x00,0x49,0x00,0x49,0x00,0x49,0x00,0x49,0x00,0x49,0x00,0x49,0x00,0x49,0x00,0x49,0x00,0x49,0x00,0x49,0x00,0x49,0x00,0x49,0x00,0x49,0x00,0x49,0x00,0x49,0x00,0x49,0x00,0x49,0x00,0x49,0x00,0x49,0x00,0x49,0x00,0x49,0x00,0x49,0x00,0x49,0x00,0x49,
	0x00,0x49,0x00,0x49,0x00,0x49,0x00,0x49,0x00,0x49,0x00,0x49,0x00,0x49,0x00,0x49,0x00,0x49,0x00,0x49,0x00,0x49,0x00,0x49,0x00,0x49,0x00,0x49,0x00,0x49,0x00,0x49,0x00,0x49,0x00,0x49,0x00,0x49,0x00,0x49,0x00,0x49,0x00,0x49,0x00,0x49,0x00,0x49,0x00,0x49,0x00,0x49,0x00,0x49,0x00,0x49,0x00,0x49,0x00,0x49,0x00,0x49,0x00,0x49,
	0x00,0x49,0x00,0x49,0x00,0x49,0x00,0x49,0x00,0x49,0x00,0x49,0x00,0x49,0x00,0x49,0x00,0x49,0x00,0x49,0x00,0x49,0x00,0x49,0x00,0x49,0x00,0x49,0x00,0x49,0x00,0x49,0x00,0x49,0x00,0x49,0x00,0x49,0x00,0x49,0x00,0x49,0x00,0x49,0x00,0x49,0x00,0x49,0x00,0x49,0x00,0x49,0x00,0x49,0x00,0x49,0x00,0x49,0x00,0x49,0x00,0x49,0x00,0x49,
	0x00,0x49,0x00,0x49,0x00,0x49,0x00,0x49,0x00,0x49,0x00,0x49,0x00,0x49,0x00,0x49,0x00,0x49,0x00,0x49,0x00,0x49,0x00,0x49,0x00,0x49,0x00,0x49,0x00,0x49,0x00,0x49,0x00,0x49,0x00,0x49,0x00,0x49,0x00,0x49,0x00,0x49,0x00,0x49,0x00,0x49,0x00,0x49,0x00,0x49,0x00,0x49,0x00,0x49,0x00,0x49,0x00,0x49,0x00,0x49,0x00,0x49,0x00,0x49,
	0x00,0x49,0x00,0x49,0x00,0x49,0x00,0x49,0x00,0x49,0x00,0x49,0x00,0x49,0x00,0x49,0x00,0x49,0x00,0x49,0x00,0x49,0xE0,0x38,0x20,0x61,0xC0,0xD1,0xE0,0xE9,0xE0,0xE1,0xE0,0xE1,0xE0,0xE1,0xE0,0xE1,0xE0,0xE1,0x00,0xE2,0x00,0xE2,0x00,0xE2,0x00,0xE2,0x00,0xE2,0x00,0xE2,0x00,0xE2,0x00,0xEA,0xE0,0xE1,0x40,0x71,0xE0,0x40,0x00,0x49,
	0x00,0x49,0x00,0x49,0x00,0x49,0x00,0x49,0x00,0x49,0x00,0x49,0x00,0x49,0x00,0x49,0x00,0x49,0x00,0x49,0x00,0x49,0x00,0x49,0x00,0x49,0x00,0x49,0x00,0x49,0x00,0x49,0x00,0x49,0x00,0x49,0x00,0x49,0x00,0x49,0x00,0x49,0x00,0x49,0x00,0x49,0x00,0x49,0x00,0x49,0x00,0x49,0x00,0x49,0x00,0x49,0x00,0x49,0xE0,0x40,0x00,0x49,0x40,0x71,
	0xC0,0xA1,0x40,0xDA,0x60,0xF2,0x60,0xF2,0x60,0xF2,0x60,0xF2,0x60,0xF2,0x60,0xF2,0x60,0xF2,0x60,0xF2,0x60,0xF2,0x60,0xF2,0x60,0xF2,0x60,0xF2,0x60,0xF2,0x60,0xF2,0x60,0xF2,0x60,0xF2,0x60,0xF2,0x60,0xF2,0x60,0xF2,0x60,0xF2,0x60,0xF2,0x60,0xF2,0x40,0xDA,0x80,0x91,0x20,0x59,0x00,0x49,0xE0,0x40,0x00,0x49,0x00,0x49,0x00,0x49,
	0x00,0x49,0x00,0x49,0x00,0x49,0x00,0x49,0x00,0x49,0x00,0x49,0x00,0x49,0x00,0x49,0x00,0x49,0x00,0x49,0x00,0x49,0x00,0x49,0x00,0x49,0x00,0x49,0x00,0x49,0x00,0x49,0x00,0x49,0x00,0x49,0x00,0x49,0x00,0x49,0x00,0x49,0x00,0x49,0xE0,0x40,0x60,0x69,0x41,0xEB,0xC2,0xFB,0xA2,0xFB,0xA2,0xFB,0xA2,0xFB,0xA2,0xFB,0xA2,0xFB,0xC2,0xFB,
	0xC2,0xFB,0xC2,0xFB,0xC2,0xFB,0xC2,0xFB,0xC2,0xFB,0xC2,0xFB,0xE2,0xFB,0x82,0xF3,0xA0,0x79,0xC0,0x38,0x00,0x49,0x00,0x49,0x00,0x49,0x00,0x49,0x00,0x49,0x00,0x49,0x00,0x49,0x00,0x49,0x00,0x49,0x00,0x49,0x00,0x49,0x00,0x49,0x00,0x49,0x00,0x49,0x00,0x49,0x00,0x49,0x00,0x49,0x00,0x49,0x00,0x49,0x00,0x49,0x00,0x49,0x00,0x49,
	0x00,0x49,0x00,0x49,0x00,0x49,0x00,0x49,0x00,0x49,0x00,0x49,0x00,0x49,0x00,0x49,0x00,0x49,0x00,0x49,0x00,0x49,0x00,0x49,0x00,0x49,0x00,0x49,0x00,0x49,0x00,0x49,0x00,0x49,0x00,0x49,0x00,0x49,0x00,0x49,0x00,0x49,0x00,0x49,0x00,0x49,0x00,0x49,0x00,0x49,0x00,0x49,0x00,0x49,0x00,0x49,0x00,0x49,0x00,0x49,0x00,0x49,0x00,0x49,
	0x00,0x49,0x00,0x49,0x00,0x49,0x00,0x49,0x00,0x49,0x00,0x49,0x00,0x49,0x00,0x49,0x00,0x49,0x00,0x49,0x00,0x49,0x00,0x49,0x00,0x49,0x00,0x49,0x00,0x49,0x00,0x49,0x00,0x49,0x00,0x49,0x00,0x49,0x00,0x49,0x00,0x49,0x00,0x49,0x00,0x49,0x00,0x49,0x00,0x49,0x00,0x49,0x00,0x49,0x00,0x49,0x00,0x49,0x00,0x49,0x00,0x49,0x00,0x49,
	0x00,0x49,0x00,0x49,0x00,0x49,0x00,0x49,0x00,0x49,0x00,0x49,0x00,0x49,0x00,0x49,0x00,0x49,0x00,0x49,0x00,0x49,0x00,0x49,0x00,0x49,0x00,0x49,0x00,0x49,0x00,0x49,0x00,0x49,0x00,0x49,0x00,0x49,0x00,0x49,0x00,0x49,0x00,0x49,0x00,0x49,0x00,0x49,0x00,0x49,0x00,0x49,0x00,0x49,0x00,0x49,0x00,0x49,0x00,0x49,0x00,0x49,0x00,0x49,
	0x00,0x49,0x00,0x49,0x00,0x49,0x00,0x49,0x00,0x49,0x00,0x49,0x00,0x49,0x00,0x49,0x00,0x49,0x00,0x49,0x00,0x49,0x00,0x49,0x00,0x49,0x00,0x49,0x00,0x49,0x00,0x49,0x00,0x49,0x00,0x49,0x00,0x49,0x00,0x49,0x00,0x49,0x00,0x49,0x00,0x49,0x00,0x49,0x00,0x49,0x00,0x49,0x00,0x49,0x00,0x49,0x00,0x49,0x00,0x49,0x00,0x49,0x00,0x49,
	0x00,0x49,0x00,0x49,0x00,0x49,0x00,0x49,0x00,0x49,0x00,0x49,0x00,0x49,0x00,0x49,0x00,0x49,0x00,0x49,0x00,0x49,0x00,0x49,0x00,0x49,0x00,0x49,0x00,0x49,0x00,0x49,0x00,0x49,0x00,0x49,0x00,0x49,0x00,0x49,0x00,0x49,0x00,0x49,0x00,0x49,0x00,0x49,0x00,0x49,0x00,0x49,0x00,0x49,0x00,0x49,0x00,0x49,0x00,0x49,0x00,0x49,0x00,0x49,
	0x00,0x49,0x00,0x49,0x00,0x49,0x00,0x49,0x00,0x49,0x00,0x49,0x00,0x49,0x00,0x49,0x00,0x49,0x00,0x49,0x00,0x49,0x00,0x49,0x00,0x49,0x00,0x49,0x00,0x49,0x00,0x49,0x00,0x49,0x00,0x49,0x00,0x49,0x00,0x49,0x00,0x49,0x00,0x49,0x00,0x49,0x00,0x49,0x00,0x49,0x00,0x49,0x00,0x49,0x00,0x49,0x00,0x49,0x00,0x49,0x00,0x49,0x00,0x49,
	0x00,0x49,0x00,0x49,0x00,0x49,0x00,0x49,0x00,0x49,0x00,0x49,0x00,0x49,0x00,0x49,0x00,0x49,0x00,0x49,0x00,0x49,0x00,0x49,0x00,0x49,0x00,0x49,0x00,0x49,0x00,0x49,0x00,0x49,0x00,0x49,0x00,0x49,0x00,0x49,0x00,0x49,0x00,0x49,0x00,0x49,0x00,0x49,0x00,0x49,0x00,0x49,0x00,0x49,0x00,0x49,0x00,0x49,0x00,0x49,0x00,0x49,0x00,0x49,
	0xE0,0x38,0x20,0x61,0xC0,0xC9,0xE0,0xE9,0xE0,0xE1,0xE0,0xE1,0xE0,0xE1,0xE0,0xE1,0xE0,0xE1,0x00,0xE2,0x00,0xE2,0x00,0xE2,0x00,0xE2,0x00,0xE2,0x00,0xE2,0x00,0xE2,0x00,0xEA,0xE0,0xE1,0x40,0x71,0xE0,0x38,0x00,0x49,0x00,0x49,0x00,0x49,0x00,0x49,0x00,0x49,0x00,0x49,0x00,0x49,0x00,0x49,0x00,0x49,0x00,0x49,0x00,0x49,0x00,0x49,
	0x00,0x49,0x00,0x49,0x00,0x49,0x00,0x49,0x00,0x49,0x00,0x49,0x00,0x49,0x00,0x49,0x00,0x49,0x00,0x49,0x00,0x49,0x00,0x49,0x00,0x49,0x00,0x49,0x00,0x49,0x00,0x49,0x00,0x49,0x00,0x49,0x00,0x49,0x20,0x61,0xE0,0xB1,0x60,0xE2,0x81,0xEA,0x81,0xEA,0x81,0xEA,0x81,0xEA,0x81,0xEA,0x81,0xEA,0x81,0xEA,0x81,0xEA,0x81,0xEA,0x81,0xEA,
	0x81,0xEA,0x81,0xEA,0x81,0xEA,0x81,0xEA,0x81,0xEA,0x81,0xEA,0x81,0xEA,0x81,0xEA,0x81,0xEA,0x81,0xEA,0x81,0xEA,0x81,0xEA,0x81,0xF2,0x81,0xEA,0xE0,0xC1,0x80,0x89,0x00,0x49,0xE0,0x40,0x00,0x49,0x00,0x49,0x00,0x49,0x00,0x49,0x00,0x49,0x00,0x49,0x00,0x49,0x00,0x49,0x00,0x49,0x00,0x49,0x00,0x49,0x00,0x49,0x00,0x49,0x00,0x49,
	0x00,0x49,0x00,0x49,0x00,0x49,0x00,0x49,0x00,0x49,0x00,0x49,0x00,0x49,0x00,0x49,0x00,0x49,0x00,0x49,0x00,0x49,0xC0,0x38,0x60,0x69,0x41,0xEB,0xC2,0xFB,0xA2,0xFB,0xA2,0xFB,0xA2,0xFB,0xA2,0xFB,0xA2,0xFB,0xC2,0xFB,0xC2,0xFB,0xC2,0xFB,0xC2,0xFB,0xC2,0xFB,0xC2,0xFB,0xC2,0xFB,0xE2,0xFB,0xA2,0xFB,0xA0,0x79,0xC0,0x38,0x00,0x49,
	0x00,0x49,0x00,0x49,0x00,0x49,0x00,0x49,0x00,0x49,0x00,0x49,0x00,0x49,0x00,0x49,0x00,0x49,0x00,0x49,0x00,0x49,0x00,0x49,0x00,0x49,0x00,0x49,0x00,0x49,0x00,0x49,0x00,0x49,0x00,0x49,0x00,0x49,0x00,0x49,0x00,0x49,0x00,0x49,0x00,0x49,0x00,0x49,0x00,0x49,0x00,0x49,0x00,0x49,0x00,0x49,0x00,0x49,0x00,0x49,0x00,0x49,0x00,0x49,
	0x00,0x49,0x00,0x49,0x00,0x49,0x00,0x49,0x00,0x49,0x00,0x49,0x00,0x49,0x00,0x49,0x00,0x49,0x00,0x49,0x00,0x49,0x00,0x49,0x00,0x49,0x00,0x49,0x00,0x49,0x00,0x49,0x00,0x49,0x00,0x49,0x00,0x49,0x00,0x49,0x00,0x49,0x00,0x49,0x00,0x49,0x00,0x49,0x00,0x49,0x00,0x49,0x00,0x49,0x00,0x49,0x00,0x49,0x00,0x49,0x00,0x49,0x00,0x49,
	0x00,0x49,0x00,0x49,0x00,0x49,0x00,0x49,0x00,0x49,0x00,0x49,0x00,0x49,0x00,0x49,0x00,0x49,0x00,0x49,0x00,0x49,0x00,0x49,0x00,0x49,0x00,0x49,0x00,0x49,0x00,0x49,0x00,0x49,0x00,0x49,0x00,0x49,0x00,0x49,0x00,0x49,0x00,0x49,0x00,0x49,0x00,0x49,0x00,0x49,0x00,0x49,0x00,0x49,0x00,0x49,0x00,0x49,0x00,0x49,0x00,0x49,0x00,0x49,
	0x00,0x49,0x00,0x49,0x00,0x49,0x00,0x49,0x00,0x49,0x00,0x49,0x00,0x49,0x00,0x49,0x00,0x49,0x00,0x49,0x00,0x49,0x00,0x49,0x00,0x49,0x00,0x49,0x00,0x49,0x00,0x49,0x00,0x49,0x00,0x49,0x00,0x49,0x00,0x49,0x00,0x49,0x00,0x49,0x00,0x49,0x00,0x49,0x00,0x49,0x00,0x49,0x00,0x49,0x00,0x49,0x00,0x49,0x00,0x49,0x00,0x49,0x00,0x49,
	0x00,0x49,0x00,0x49,0x00,0x49,0x00,0x49,0x00,0x49,0x00,0x49,0x00,0x49,0x00,0x49,0x00,0x49,0x00,0x49,0x00,0x49,0x00,0x49,0x00,0x49,0x00,0x49,0x00,0x49,0x00,0x49,0x00,0x49,0x00,0x49,0x00,0x49,0x00,0x49,0x00,0x49,0x00,0x49,0x00,0x49,0x00,0x49,0x00,0x49,0x00,0x49,0x00,0x49,0x00,0x49,0x00,0x49,0x00,0x49,0x00,0x49,0x00,0x49,
	0x00,0x49,0x00,0x49,0x00,0x49,0x00,0x49,0x00,0x49,0x00,0x49,0x00,0x49,0x00,0x49,0x00,0x49,0x00,0x49,0x00,0x49,0x00,0x49,0x00,0x49,0x00,0x49,0x00,0x49,0x00,0x49,0x00,0x49,0x00,0x49,0x00,0x49,0x00,0x49,0x00,0x49,0x00,0x49,0x00,0x49,0x00,0x49,0x00,0x49,0x00,0x49,0x00,0x49,0x00,0x49,0x00,0x49,0x00,0x49,0x00,0x49,0x00,0x49,
	0x00,0x49,0x00,0x49,0x00,0x49,0x00,0x49,0x00,0x49,0x00,0x49,0x00,0x49,0x00,0x49,0x00,0x49,0x00,0x49,0x00,0x49,0x00,0x49,0x00,0x49,0x00,0x49,0x00,0x49,0x00,0x49,0x00,0x49,0x00,0x49,0x00,0x49,0x00,0x49,0x00,0x49,0x00,0x49,0x00,0x49,0x00,0x49,0x00,0x49,0x00,0x49,0x00,0x49,0x00,0x49,0x00,0x49,0x00,0x49,0x00,0x49,0x00,0x49,
	0x00,0x49,0x00,0x49,0x00,0x49,0x00,0x49,0x00,0x49,0x00,0x49,0x00,0x49,0x00,0x49,0x00,0x49,0x00,0x49,0x00,0x49,0x00,0x49,0x00,0x49,0x00,0x49,0x00,0x49,0x00,0x49,0x00,0x49,0x00,0x49,0x00,0x49,0x00,0x49,0x00,0x49,0xE0,0x38,0x20,0x61,0xC0,0xC9,0xE0,0xE9,0xE0,0xE1,0xE0,0xE1,0xE0,0xE1,0xE0,0xE1,0xE0,0xE1,0xE0,0xE1,0x00,0xE2,
	0x00,0xE2,0x00,0xE2,0x00,0xE2,0x00,0xE2,0x00,0xE2,0x00,0xEA,0xE0,0xE1,0x40,0x71,0xE0,0x40,0x00,0x49,0x00,0x49,0x00,0x49,0x00,0x49,0x00,0x49,0x00,0x49,0x00,0x49,0x00,0x49,0x00,0x49,0x00,0x49,0x00,0x49,0x00,0x49,0x00,0x49,0x00,0x49,0x00,0x49,0x00,0x49,0x00,0x49,0x00,0x49,0x00,0x49,0x00,0x49,0x00,0x49,0x00,0x49,0x00,0x49,
	0x00,0x49,0x00,0x49,0x00,0x49,0x00,0x49,0x00,0x49,0xE0,0x48,0xE0,0x40,0x60,0x71,0xE0,0xB1,0x40,0xDA,0x80,0xF2,0x81,0xEA,0x81,0xEA,0x81,0xEA,0x81,0xEA,0x81,0xEA,0x81,0xEA,0x81,0xEA,0x81,0xEA,0x81,0xEA,0x81,0xEA,0x81,0xEA,0x81,0xEA,0x81,0xEA,0x81,0xEA,0x81,0xEA,0x81,0xEA,0x81,0xEA,0x81,0xEA,0x81,0xEA,0x81,0xEA,0x81,0xEA,
	0x81,0xEA,0x80,0xF2,0x81,0xEA,0x81,0xEA,0xE0,0xB1,0x20,0x59,0xE0,0x48,0x00,0x49,0x00,0x49,0x00,0x49,0x00,0x49,0x00,0x49,0x00,0x49,0x00,0x49,0x00,0x49,0x00,0x49,0x00,0x49,0x00,0x49,0x00,0x49,0x00,0x49,0x00,0x49,0x00,0x49,0x00,0x49,0x00,0x49,0x00,0x49,0x00,0x49,0x00,0x49,0x00,0x49,0x00,0x49,0x00,0x49,0x00,0x49,0x00,0x49,
	0xC0,0x38,0x60,0x69,0x41,0xEB,0xC2,0xFB,0xA2,0xFB,0xA2,0xFB,0xA2,0xFB,0xA2,0xFB,0xA2,0xFB,0xC2,0xFB,0xC2,0xFB,0xC2,0xFB,0xC2,0xFB,0xC2,0xFB,0xC2,0xFB,0xC2,0xFB,0xE2,0xFB,0xA2,0xFB,0xA0,0x79,0xC0,0x38,0x00,0x49,0x00,0x49,0x00,0x49,0x00,0x49,0x00,0x49,0x00,0x49,0x00,0x49,0x00,0x49,0x00,0x49,0x00,0x49,0x00,0x49,0x00,0x49,
	0x00,0x49,0x00,0x49,0x00,0x49,0x00,0x49,0x00,0x49,0x00,0x49,0x00,0x49,0x00,0x49,0x00,0x49,0x00,0x49,0x00,0x49,0x00,0x49,0x00,0x49,0x00,0x49,0x00,0x49,0x00,0x49,0x00,0x49,0x00,0x49,0x00,0x49,0x00,0x49,0x00,0x49,0x00,0x49,0x00,0x49,0x00,0x49,0x00,0x49,0x00,0x49,0x00,0x49,0x00,0x49,0x00,0x49,0x00,0x49,0x00,0x49,0x00,0x49,
	0x00,0x49,0x00,0x49,0x00,0x49,0x00,0x49,0x00,0x49,0x00,0x49,0x00,0x49,0x00,0x49,0x00,0x49,0x00,0x49,0x00,0x49,0x00,0x49,0x00,0x49,0x00,0x49,0x00,0x49,0x00,0x49,0x00,0x49,0x00,0x49,0x00,0x49,0x00,0x49,0x00,0x49,0x00,0x49,0x00,0x49,0x00,0x49,0x00,0x49,0x00,0x49,0x00,0x49,0x00,0x49,0x00,0x49,0x00,0x49,0x00,0x49,0x00,0x49,
	0x00,0x49,0x00,0x49,0x00,0x49,0x00,0x49,0x00,0x49,0x00,0x49,0x00,0x49,0x00,0x49,0x00,0x49,0x00,0x49,0x00,0x49,0x00,0x49,0x00,0x49,0x00,0x49,0x00,0x49,0x00,0x49,0x00,0x49,0x00,0x49,0x00,0x49,0x00,0x49,0x00,0x49,0x00,0x49,0x00,0x49,0x00,0x49,0x00,0x49,0x00,0x49,0x00,0x49,0x00,0x49,0x00,0x49,0x00,0x49,0x00,0x49,0x00,0x49,
	0x00,0x49,0x00,0x49,0x00,0x49,0x00,0x49,0x00,0x49,0x00,0x49,0x00,0x49,0x00,0x49,0x00,0x49,0x00,0x49,0x00,0x49,0x00,0x49,0x00,0x49,0x00,0x49,0x00,0x49,0x00,0x49,0x00,0x49,0x00,0x49,0x00,0x49,0x00,0x49,0x00,0x49,0x00,0x49,0x00,0x49,0x00,0x49,0x00,0x49,0x00,0x49,0x00,0x49,0x00,0x49,0x00,0x49,0x00,0x49,0x00,0x49,0x00,0x49,
	0x00,0x49,0x00,0x49,0x00,0x49,0x00,0x49,0x00,0x49,0x00,0x49,0x00,0x49,0x00,0x49,0x00,0x49,0x00,0x49,0x00,0x49,0x00,0x49,0x00,0x49,0x00,0x49,0x00,0x49,0x00,0x49,0x00,0x49,0x00,0x49,0x00,0x49,0x00,0x49,0x00,0x49,0x00,0x49,0x00,0x49,0x00,0x49,0x00,0x49,0x00,0x49,0x00,0x49,0x00,0x49,0x00,0x49,0x00,0x49,0x00,0x49,0x00,0x49,
	0x00,0x49,0x00,0x49,0x00,0x49,0x00,0x49,0x00,0x49,0x00,0x49,0x00,0x49,0x00,0x49,0x00,0x49,0x00,0x49,0x00,0x49,0x00,0x49,0x00,0x49,0x00,0x49,0x00,0x49,0x00,0x49,0x00,0x49,0x00,0x49,0x00,0x49,0x00,0x49,0x00,0x49,0x00,0x49,0x00,0x49,0x00,0x49,0x00,0x49,0x00,0x49,0x00,0x49,0x00,0x49,0x00,0x49,0x00,0x49,0x00,0x49,0x00,0x49,
	0x00,0x49,0x00,0x49,0x00,0x49,0x00,0x49,0x00,0x49,0x00,0x49,0x00,0x49,0x00,0x49,0x00,0x49,0x00,0x49,0x00,0x49,0x00,0x49,0x00,0x49,0x00,0x49,0x00,0x49,0x00,0x49,0x00,0x49,0x00,0x49,0x00,0x49,0x00,0x49,0x00,0x49,0x00,0x49,0x00,0x49,0x00,0x49,0x00,0x49,0x00,0x49,0x00,0x49,0x00,0x49,0x00,0x49,0x00,0x49,0x00,0x49,0x00,0x49,
	0x00,0x49,0x00,0x49,0x00,0x49,0x00,0x49,0x00,0x49,0x00,0x49,0x00,0x49,0x00,0x49,0x00,0x49,0x00,0x49,0xE0,0x38,0x20,0x61,0xC0,0xC9,0xE0,0xE9,0xE0,0xE1,0xE0,0xE1,0xE0,0xE1,0xE0,0xE1,0xE0,0xE1,0xE0,0xE1,0x00,0xE2,0x00,0xE2,0x00,0xE2,0x00,0xE2,0x00,0xE2,0x00,0xE2,0x00,0xEA,0xE0,0xE1,0x40,0x71,0xE0,0x40,0x00,0x49,0x00,0x49,
	0x00,0x49,0x00,0x49,0x00,0x49,0x00,0x49,0x00,0x49,0x00,0x49,0x00,0x49,0x00,0x49,0x00,0x49,0x00,0x49,0x00,0x49,0x00,0x49,0x00,0x49,0x00,0x49,0x00,0x49,0x00,0x49,0x00,0x49,0x00,0x49,0x00,0x49,0x00,0x49,0x00,0x49,0x00,0x49,0x00,0x49,0x00,0x49,0x00,0x49,0xE0,0x40,0x00,0x49,0x20,0x61,0xC0,0xA1,0xA1,0xEA,0x81,0xF2,0x80,0xF2,
	0x81,0xEA,0x81,0xEA,0x81,0xEA,0x81,0xEA,0x81,0xEA,0x81,0xEA,0x81,0xEA,0x81,0xEA,0x81,0xEA,0x81,0xEA,0x81,0xEA,0x81,0xEA,0x81,0xEA,0x81,0xEA,0x81,0xEA,0x81,0xEA,0x81,0xEA,0x81,0xEA,0x81,0xEA,0x81,0xEA,0x81,0xEA,0x81,0xEA,0x81,0xEA,0x81,0xEA,0xC1,0xF2,0x40,0xDA,0x80,0x81,0x00,0x59,0xE0,0x40,0x00,0x49,0x00,0x49,0x00,0x49,
	0x00,0x49,0x00,0x49,0x00,0x49,0x00,0x49,0x00,0x49,0x00,0x49,0x00,0x49,0x00,0x49,0x00,0x49,0x00,0x49,0x00,0x49,0x00,0x49,0x00,0x49,0x00,0x49,0x00,0x49,0x00,0x49,0x00,0x49,0x00,0x49,0x00,0x49,0x00,0x49,0x00,0x49,0xC0,0x40,0x60,0x69,0x41,0xEB,0xC2,0xFB,0xA2,0xFB,0xA2,0xFB,0xA2,0xFB,0xA2,0xFB,0xA2,0xFB,0xC2,0xFB,0xC2,0xFB,
	0xC2,0xFB,0xC2,0xFB,0xC2,0xFB,0xC2,0xFB,0xC2,0xFB,0xE2,0xFB,0xA2,0xFB,0xA0,0x79,0xC0,0x38,0x00,0x49,0x00,0x49,0x00,0x49,0x00,0x49,0x00,0x49,0x00,0x49,0x00,0x49,0x00,0x49,0x00,0x49,0x00,0x49,0x00,0x49,0x00,0x49,0x00,0x49,0x00,0x49,0x00,0x49,0x00,0x49,0x00,0x49,0x00,0x49,0x00,0x49,0x00,0x49,0x00,0x49,0x00,0x49,0x00,0x49,
	0x00,0x49,0x00,0x49,0x00,0x49,0x00,0x49,0x00,0x49,0x00,0x49,0x00,0x49,0x00,0x49,0x00,0x49,0x00,0x49,0x00,0x49,0x00,0x49,0x00,0x49,0x00,0x49,0x00,0x49,0x00,0x49,0x00,0x49,0x00,0x49,0x00,0x49,0x00,0x49,0x00,0x49,0x00,0x49,0x00,0x49,0x00,0x49,0x00,0x49,0x00,0x49,0x00,0x49,0x00,0x49,0x00,0x49,0x00,0x49,0x00,0x49,0x00,0x49,
	0x00,0x49,0x00,0x49,0x00,0x49,0x00,0x49,0x00,0x49,0x00,0x49,0x00,0x49,0x00,0x49,0x00,0x49,0x00,0x49,0x00,0x49,0x00,0x49,0x00,0x49,0x00,0x49,0x00,0x49,0x00,0x49,0x00,0x49,0x00,0x49,0x00,0x49,0x00,0x49,0x00,0x49,0x00,0x49,0x00,0x49,0x00,0x49,0x00,0x49,0x00,0x49,0x00,0x49,0x00,0x49,0x00,0x49,0x00,0x49,0x00,0x49,0x00,0x49,
	0x00,0x49,0x00,0x49,0x00,0x49,0x00,0x49,0x00,0x49,0x00,0x49,0x00,0x49,0x00,0x49,0x00,0x49,0x00,0x49,0x00,0x49,0x00,0x49,0x00,0x49,0x00,0x49,0x00,0x49,0x00,0x49,0x00,0x49,0x00,0x49,0x00,0x49,0x00,0x49,0x00,0x49,0x00,0x49,0x00,0x49,0x00,0x49,0x00,0x49,0x00,0x49,0x00,0x49,0x00,0x49,0x00,0x49,0x00,0x49,0x00,0x49,0x00,0x49,
	0x00,0x49,0x00,0x49,0x00,0x49,0x00,0x49,0x00,0x49,0x00,0x49,0x00,0x49,0x00,0x49,0x00,0x49,0x00,0x49,0x00,0x49,0x00,0x49,0x00,0x49,0x00,0x49,0x00,0x49,0x00,0x49,0x00,0x49,0x00,0x49,0x00,0x49,0x00,0x49,0x00,0x49,0x00,0x49,0x00,0x49,0x00,0x49,0x00,0x49,0x00,0x49,0x00,0x49,0x00,0x49,0x00,0x49,0x00,0x49,0x00,0x49,0x00,0x49,
	0x00,0x49,0x00,0x49,0x00,0x49,0x00,0x49,0x00,0x49,0x00,0x49,0x00,0x49,0x00,0x49,0x00,0x49,0x00,0x49,0x00,0x49,0x00,0x49,0x00,0x49,0x00,0x49,0x00,0x49,0x00,0x49,0x00,0x49,0x00,0x49,0x00,0x49,0x00,0x49,0x00,0x49,0x00,0x49,0x00,0x49,0x00,0x49,0x00,0x49,0x00,0x49,0x00,0x49,0x00,0x49,0x00,0x49,0x00,0x49,0x00,0x49,0x00,0x49,
	0x00,0x49,0x00,0x49,0x00,0x49,0x00,0x49,0x00,0x49,0x00,0x49,0x00,0x49,0x00,0x49,0x00,0x49,0x00,0x49,0x00,0x49,0x00,0x49,0x00,0x49,0x00,0x49,0x00,0x49,0x00,0x49,0x00,0x49,0x00,0x49,0x00,0x49,0x00,0x49,0x00,0x49,0x00,0x49,0x00,0x49,0x00,0x49,0x00,0x49,0x00,0x49,0x00,0x49,0x00,0x49,0x00,0x49,0x00,0x49,0x00,0x49,0x00,0x49,
	0x00,0x49,0x00,0x49,0x00,0x49,0x00,0x49,0x00,0x49,0x00,0x49,0x00,0x49,0x00,0x49,0x00,0x49,0x00,0x49,0x00,0x49,0x00,0x49,0x00,0x49,0x00,0x49,0x00,0x49,0x00,0x49,0x00,0x49,0x00,0x49,0x00,0x49,0x00,0x49,0x00,0x49,0x00,0x49,0x00,0x49,0x00,0x49,0x00,0x49,0x00,0x49,0x00,0x49,0x00,0x49,0x00,0x49,0x00,0x49,0x00,0x49,0xE0,0x38,
	0x20,0x61,0xC0,0xD1,0xE0,0xE9,0xE0,0xE1,0xE0,0xE1,0xE0,0xE1,0xE0,0xE1,0xE0,0xE1,0xE0,0xE1,0x00,0xE2,0x00,0xE2,0x00,0xE2,0x00,0xE2,0x00,0xE2,0x00,0xE2,0x00,0xEA,0xE0,0xE1,0x60,0x79,0x00,0x49,0x00,0x49,0x00,0x49,0x00,0x49,0x00,0x49,0x00,0x49,0x00,0x49,0x00,0x49,0x00,0x49,0x00,0x49,0x00,0x49,0x00,0x49,0x00,0x49,0x00,0x49,
	0x00,0x49,0x00,0x49,0x00,0x49,0x00,0x49,0x00,0x49,0x00,0x49,0x00,0x49,0x00,0x49,0x00,0x49,0x00,0x49,0x00,0x49,0x00,0x49,0x00,0x49,0x00,0x49,0xE0,0x40,0x20,0x61,0xE0,0xB1,0xA0,0xDA,0xA1,0xEA,0xA1,0xEA,0xA1,0xEA,0xA1,0xEA,0xA1,0xEA,0xA1,0xEA,0xA1,0xEA,0xA1,0xEA,0xA1,0xEA,0xA1,0xEA,0xA1,0xEA,0xA1,0xEA,0xA1,0xEA,0xA1,0xEA,
	0xA1,0xEA,0xA1,0xEA,0xA1,0xEA,0xA1,0xEA,0xA1,0xEA,0xA1,0xEA,0xA1,0xEA,0xA1,0xEA,0xA1,0xEA,0xA1,0xEA,0xA1,0xEA,0xA1,0xEA,0xA1,0xEA,0x81,0xF2,0xA0,0xDA,0xE0,0xB1,0x60,0x71,0xE0,0x40,0xE0,0x48,0x00,0x49,0x00,0x49,0x00,0x49,0x00,0x49,0x00,0x49,0x00,0x49,0x00,0x49,0x00,0x49,0x00,0x49,0x00,0x49,0x00,0x49,0x00,0x49,0x00,0x49,
	0x00,0x49,0x00,0x49,0x00,0x49,0x00,0x49,0x00,0x49,0x00,0x49,0x00,0x49,0x00,0x49,0x00,0x49,0x00,0x49,0xE0,0x40,0x80,0x71,0x41,0xEB,0xC2,0xFB,0xA2,0xFB,0xA2,0xFB,0xA2,0xFB,0xA2,0xFB,0xA2,0xFB,0xC2,0xFB,0xC2,0xFB,0xC2,0xFB,0xC2,0xFB,0xC2,0xFB,0xC2,0xFB,0xC2,0xFB,0xE2,0xFB,0x61,0xEB,0xA0,0x79,0xC0,0x38,0x00,0x49,0x00,0x49,
	0x00,0x49,0x00,0x49,0x00,0x49,0x00,0x49,0x00,0x49,0x00,0x49,0x00,0x49,0x00,0x49,0x00,0x49,0x00,0x49,0x00,0x49,0x00,0x49,0x00,0x49,0x00,0x49,0x00,0x49,0x00,0x49,0x00,0x49,0x00,0x49,0x00,0x49,0x00,0x49,0x00,0x49,0x00,0x49,0x00,0x49,0x00,0x49,0x00,0x49,0x00,0x49,0x00,0x49,0x00,0x49,0x00,0x49,0x00,0x49,0x00,0x49,0x00,0x49,
	0x00,0x49,0x00,0x49,0x00,0x49,0x00,0x49,0x00,0x49,0x00,0x49,0x00,0x49,0x00,0x49,0x00,0x49,0x00,0x49,0x00,0x49,0x00,0x49,0x00,0x49,0x00,0x49,0x00,0x49,0x00,0x49,0x00,0x49,0x00,0x49,0x00,0x49,0x00,0x49,0x00,0x49,0x00,0x49,0x00,0x49,0x00,0x49,0x00,0x49,0x00,0x49,0x00,0x49,0x00,0x49,0x00,0x49,0x00,0x49,0x00,0x49,0x00,0x49,
	0x00,0x49,0x00,0x49,0x00,0x49,0x00,0x49,0x00,0x49,0x00,0x49,0x00,0x49,0x00,0x49,0x00,0x49,0x00,0x49,0x00,0x49,0x00,0x49,0x00,0x49,0x00,0x49,0x00,0x49,0x00,0x49,0x00,0x49,0x00,0x49,0x00,0x49,0x00,0x49,0x00,0x49,0x00,0x49,0x00,0x49,0x00,0x49,0x00,0x49,0x00,0x49,0x00,0x49,0x00,0x49,0x00,0x49,0x00,0x49,0x00,0x49,0x00,0x49,
	0x00,0x49,0x00,0x49,0x00,0x49,0x00,0x49,0x00,0x49,0x00,0x49,0x00,0x49,0x00,0x49,0x00,0x49,0x00,0x49,0x00,0x49,0x00,0x49,0x00,0x49,0x00,0x49,0x00,0x49,0x00,0x49,0x00,0x49,0x00,0x49,0x00,0x49,0x00,0x49,0x00,0x49,0x00,0x49,0x00,0x49,0x00,0x49,0x00,0x49,0x00,0x49,0x00,0x49,0x00,0x49,0x00,0x49,0x00,0x49,0x00,0x49,0x00,0x49,
	0x00,0x49,0x00,0x49,0x00,0x49,0x00,0x49,0x00,0x49,0x00,0x49,0x00,0x49,0x00,0x49,0x00,0x49,0x00,0x49,0x00,0x49,0x00,0x49,0x00,0x49,0x00,0x49,0x00,0x49,0x00,0x49,0x00,0x49,0x00,0x49,0x00,0x49,0x00,0x49,0x00,0x49,0x00,0x49,0x00,0x49,0x00,0x49,0x00,0x49,0x00,0x49,0x00,0x49,0x00,0x49,0x00,0x49,0x00,0x49,0x00,0x49,0x00,0x49,
	0x00,0x49,0x00,0x49,0x00,0x49,0x00,0x49,0x00,0x49,0x00,0x49,0x00,0x49,0x00,0x49,0x00,0x49,0x00,0x49,0x00,0x49,0x00,0x49,0x00,0x49,0x00,0x49,0x00,0x49,0x00,0x49,0x00,0x49,0x00,0x49,0x00,0x49,0x00,0x49,0x00,0x49,0x00,0x49,0x00,0x49,0x00,0x49,0x00,0x49,0x00,0x49,0x00,0x49,0x00,0x49,0x00,0x49,0x00,0x49,0x00,0x49,0x00,0x49,
	0x00,0x49,0x00,0x49,0x00,0x49,0x00,0x49,0x00,0x49,0x00,0x49,0x00,0x49,0x00,0x49,0x00,0x49,0x00,0x49,0x00,0x49,0x00,0x49,0x00,0x49,0x00,0x49,0x00,0x49,0x00,0x49,0x00,0x49,0x00,0x49,0x00,0x49,0x00,0x49,0x00,0x49,0x00,0x49,0x00,0x49,0x00,0x49,0x00,0x49,0x00,0x49,0x00,0x49,0x00,0x49,0x00,0x49,0x00,0x49,0x00,0x49,0x00,0x49,
	0x00,0x49,0x00,0x49,0x00,0x49,0x00,0x49,0x00,0x49,0x00,0x49,0x00,0x49,0x00,0x49,0x00,0x49,0x00,0x49,0x00,0x49,0x00,0x49,0x00,0x49,0x00,0x49,0x00,0x49,0x00,0x49,0x00,0x49,0x00,0x49,0x00,0x49,0x00,0x49,0xE0,0x38,0x20,0x61,0xC0,0xC9,0xE0,0xE1,0xE0,0xE9,0xE0,0xE9,0xE0,0xE1,0xE0,0xE1,0xE0,0xE1,0xE0,0xE1,0x00,0xE2,0x00,0xE2,
	0x00,0xE2,0x00,0xE2,0x00,0xE2,0x00,0xE2,0x00,0xEA,0xE0,0xE1,0x60,0x79,0x00,0x49,0x00,0x49,0x00,0x49,0x00,0x49,0x00,0x49,0x00,0x49,0x00,0x49,0x00,0x49,0x00,0x49,0x00,0x49,0x00,0x49,0x00,0x49,0x00,0x49,0x00,0x49,0x00,0x49,0x00,0x49,0x00,0x49,0x00,0x49,0x00,0x49,0x00,0x49,0x00,0x49,0x00,0x49,0x00,0x49,0x00,0x49,0x00,0x49,
	0x00,0x49,0xE0,0x48,0x00,0x49,0x00,0x59,0x80,0x89,0x40,0xDA,0xC1,0xF2,0xC1,0xF2,0xA1,0xEA,0xA1,0xEA,0xA1,0xEA,0xA1,0xEA,0xA1,0xEA,0xA1,0xEA,0xA1,0xEA,0xA1,0xEA,0xA1,0xEA,0xA1,0xEA,0xA1,0xEA,0xA1,0xEA,0xA1,0xEA,0xA1,0xEA,0xA1,0xEA,0xA1,0xEA,0xA1,0xEA,0xA1,0xEA,0xA1,0xEA,0xA1,0xEA,0xA1,0xEA,0xA1,0xEA,0xA1,0xEA,0xA1,0xEA,
	0xA1,0xEA,0xA1,0xEA,0xC1,0xF2,0xA1,0xEA,0xA0,0xDA,0xC0,0x89,0xE0,0x40,0xE0,0x48,0x00,0x49,0x00,0x49,0x00,0x49,0x00,0x49,0x00,0x49,0x00,0x49,0x00,0x49,0x00,0x49,0x00,0x49,0x00,0x49,0x00,0x49,0x00,0x49,0x00,0x49,0x00,0x49,0x00,0x49,0x00,0x49,0x00,0x49,0x00,0x49,0x00,0x49,0x00,0x49,0x00,0x49,0x00,0x49,0x00,0x49,0xE0,0x48,
	0xA0,0x79,0x41,0xEB,0xC2,0xFB,0xA2,0xFB,0xA2,0xFB,0xA2,0xFB,0xA2,0xFB,0xA2,0xFB,0xC2,0xFB,0xC2,0xFB,0xC2,0xFB,0xC2,0xFB,0xC2,0xFB,0xC2,0xFB,0xC2,0xFB,0xC2,0xFB,0x61,0xEB,0xA0,0x79,0xC0,0x38,0x00,0x49,0x00,0x49,0x00,0x49,0x00,0x49,0x00,0x49,0x00,0x49,0x00,0x49,0x00,0x49,0x00,0x49,0x00,0x49,0x00,0x49,0x00,0x49,0x00,0x49,
	0x00,0x49,0x00,0x49,0x00,0x49,0x00,0x49,0x00,0x49,0x00,0x49,0x00,0x49,0x00,0x49,0x00,0x49,0x00,0x49,0x00,0x49,0x00,0x49,0x00,0x49,0x00,0x49,0x00,0x49,0x00,0x49,0x00,0x49,0x00,0x49,0x00,0x49,0x00,0x49,0x00,0x49,0x00,0x49,0x00,0x49,0x00,0x49,0x00,0x49,0x00,0x49,0x00,0x49,0x00,0x49,0x00,0x49,0x00,0x49,0x00,0x49,0x00,0x49,
	0x00,0x49,0x00,0x49,0x00,0x49,0x00,0x49,0x00,0x49,0x00,0x49,0x00,0x49,0x00,0x49,0x00,0x49,0x00,0x49,0x00,0x49,0x00,0x49,0x00,0x49,0x00,0x49,0x00,0x49,0x00,0x49,0x00,0x49,0x00,0x49,0x00,0x49,0x00,0x49,0x00,0x49,0x00,0x49,0x00,0x49,0x00,0x49,0x00,0x49,0x00,0x49,0x00,0x49,0x00,0x49,0x00,0x49,0x00,0x49,0x00,0x49,0x00,0x49,
	0x00,0x49,0x00,0x49,0x00,0x49,0x00,0x49,0x00,0x49,0x00,0x49,0x00,0x49,0x00,0x49,0x00,0x49,0x00,0x49,0x00,0x49,0x00,0x49,0x00,0x49,0x00,0x49,0x00,0x49,0x00,0x49,0x00,0x49,0x00,0x49,0x00,0x49,0x00,0x49,0x00,0x49,0x00,0x49,0x00,0x49,0x00,0x49,0x00,0x49,0x00,0x49,0x00,0x49,0x00,0x49,0x00,0x49,0x00,0x49,0x00,0x49,0x00,0x49,
	0x00,0x49,0x00,0x49,0x00,0x49,0x00,0x49,0x00,0x49,0x00,0x49,0x00,0x49,0x00,0x49,0x00,0x49,0x00,0x49,0x00,0x49,0x00,0x49,0x00,0x49,0x00,0x49,0x00,0x49,0x00,0x49,0x00,0x49,0x00,0x49,0x00,0x49,0x00,0x49,0x00,0x49,0x00,0x49,0x00,0x49,0x00,0x49,0x00,0x49,0x00,0x49,0x00,0x49,0x00,0x49,0x00,0x49,0x00,0x49,0x00,0x49,0x00,0x49,
	0x00,0x49,0x00,0x49,0x00,0x49,0x00,0x49,0x00,0x49,0x00,0x49,0x00,0x49,0x00,0x49,0x00,0x49,0x00,0x49,0x00,0x49,0x00,0x49,0x00,0x49,0x00,0x49,0x00,0x49,0x00,0x49,0x00,0x49,0x00,0x49,0x00,0x49,0x00,0x49,0x00,0x49,0x00,0x49,0x00,0x49,0x00,0x49,0x00,0x49,0x00,0x49,0x00,0x49,0x00,0x49,0x00,0x49,0x00,0x49,0x00,0x49,0x00,0x49,
	0x00,0x49,0x00,0x49,0x00,0x49,0x00,0x49,0x00,0x49,0x00,0x49,0x00,0x49,0x00,0x49,0x00,0x49,0x00,0x49,0x00,0x49,0x00,0x49,0x00,0x49,0x00,0x49,0x00,0x49,0x00,0x49,0x00,0x49,0x00,0x49,0x00,0x49,0x00,0x49,0x00,0x49,0x00,0x49,0x00,0x49,0x00,0x49,0x00,0x49,0x00,0x49,0x00,0x49,0x00,0x49,0x00,0x49,0x00,0x49,0x00,0x49,0x00,0x49,
	0x00,0x49,0x00,0x49,0x00,0x49,0x00,0x49,0x00,0x49,0x00,0x49,0x00,0x49,0x00,0x49,0x00,0x49,0x00,0x49,0x00,0x49,0x00,0x49,0x00,0x49,0x00,0x49,0x00,0x49,0x00,0x49,0x00,0x49,0x00,0x49,0x00,0x49,0x00,0x49,0x00,0x49,0x00,0x49,0x00,0x49,0x00,0x49,0x00,0x49,0x00,0x49,0x00,0x49,0x00,0x49,0x00,0x49,0x00,0x49,0x00,0x49,0x00,0x49,
	0x00,0x49,0x00,0x49,0x00,0x49,0x00,0x49,0x00,0x49,0x00,0x49,0x00,0x49,0x00,0x49,0x00,0x49,0xE0,0x38,0x20,0x61,0xC0,0xB9,0xE0,0xE1,0xE0,0xE9,0xE0,0xE9,0xE0,0xE1,0xE0,0xE1,0xE0,0xE1,0xE0,0xE1,0x00,0xE2,0x00,0xE2,0x00,0xE2,0x00,0xE2,0x00,0xE2,0x00,0xE2,0x00,0xEA,0xE0,0xE1,0x60,0x81,0x00,0x51,0x00,0x49,0x00,0x49,0x00,0x49,
	0x00,0x49,0x00,0x49,0x00,0x49,0x00,0x49,0x00,0x49,0x00,0x49,0x00,0x49,0x00,0x49,0x00,0x49,0x00,0x49,0x00,0x49,0x00,0x49,0x00,0x49,0x00,0x49,0x00,0x49,0x00,0x49,0x00,0x49,0x00,0x49,0x00,0x49,0x00,0x49,0x00,0x49,0x00,0x49,0xE0,0x40,0x00,0x49,0x60,0x79,0xE0,0xB1,0xA1,0xEA,0xC1,0xF2,0xC1,0xEA,0xC1,0xEA,0xC1,0xEA,0xC1,0xEA,
	0xC1,0xEA,0xC1,0xEA,0xC1,0xEA,0xC1,0xEA,0xC1,0xEA,0xC1,0xEA,0xC1,0xEA,0xC1,0xEA,0xC1,0xEA,0xC1,0xEA,0xC1,0xEA,0xC1,0xEA,0xC1,0xEA,0xC1,0xEA,0xC1,0xEA,0xC1,0xEA,0xC1,0xEA,0xC1,0xEA,0xC1,0xEA,0xC1,0xEA,0xC1,0xEA,0xC1,0xEA,0xC1,0xEA,0xC1,0xEA,0xC1,0xF2,0xC1,0xF2,0xC0,0xA1,0x00,0x51,0x00,0x49,0x00,0x49,0x00,0x49,0x00,0x49,
	0x00,0x49,0x00,0x49,0x00,0x49,0x00,0x49,0x00,0x49,0x00,0x49,0x00,0x49,0x00,0x49,0x00,0x49,0x00,0x49,0x00,0x49,0x00,0x49,0x00,0x49,0x00,0x49,0x00,0x49,0x00,0x49,0x00,0x49,0x00,0x49,0x00,0x49,0x00,0x49,0x00,0x51,0xC0,0x81,0x41,0xEB,0xC2,0xFB,0xA2,0xFB,0xA2,0xFB,0xA2,0xFB,0xA2,0xFB,0xA2,0xFB,0xC2,0xFB,0xC2,0xFB,0xC2,0xFB,
	0xC2,0xFB,0xC2,0xFB,0xC2,0xFB,0xC2,0xFB,0xC2,0xFB,0x41,0xE3,0xA0,0x71,0xC0,0x38,0x00,0x49,0x00,0x49,0x00,0x49,0x00,0x49,0x00,0x49,0x00,0x49,0x00,0x49,0x00,0x49,0x00,0x49,0x00,0x49,0x00,0x49,0x00,0x49,0x00,0x49,0x00,0x49,0x00,0x49,0x00,0x49,0x00,0x49,0x00,0x49,0x00,0x49,0x00,0x49,0x00,0x49,0x00,0x49,0x00,0x49,0x00,0x49,
	0x00,0x49,0x00,0x49,0x00,0x49,0x00,0x49,0x00,0x49,0x00,0x49,0x00,0x49,0x00,0x49,0x00,0x49,0x00,0x49,0x00,0x49,0x00,0x49,0x00,0x49,0x00,0x49,0x00,0x49,0x00,0x49,0x00,0x49,0x00,0x49,0x00,0x49,0x00,0x49,0x00,0x49,0x00,0x49,0x00,0x49,0x00,0x49,0x00,0x49,0x00,0x49,0x00,0x49,0x00,0x49,0x00,0x49,0x00,0x49,0x00,0x49,0x00,0x49,
	0x00,0x49,0x00,0x49,0x00,0x49,0x00,0x49,0x00,0x49,0x00,0x49,0x00,0x49,0x00,0x49,0x00,0x49,0x00,0x49,0x00,0x49,0x00,0x49,0x00,0x49,0x00,0x49,0x00,0x49,0x00,0x49,0x00,0x49,0x00,0x49,0x00,0x49,0x00,0x49,0x00,0x49,0x00,0x49,0x00,0x49,0x00,0x49,0x00,0x49,0x00,0x49,0x00,0x49,0x00,0x49,0x00,0x49,0x00,0x49,0x00,0x49,0x00,0x49,
	0x00,0x49,0x00,0x49,0x00,0x49,0x00,0x49,0x00,0x49,0x00,0x49,0x00,0x49,0x00,0x49,0x00,0x49,0x00,0x49,0x00,0x49,0x00,0x49,0x00,0x49,0x00,0x49,0x00,0x49,0x00,0x49,0x00,0x49,0x00,0x49,0x00,0x49,0x00,0x49,0x00,0x49,0x00,0x49,0x00,0x49,0x00,0x49,0x00,0x49,0x00,0x49,0x00,0x49,0x00,0x49,0x00,0x49,0x00,0x49,0x00,0x49,0x00,0x49,
	0x00,0x49,0x00,0x49,0x00,0x49,0x00,0x49,0x00,0x49,0x00,0x49,0x00,0x49,0x00,0x49,0x00,0x49,0x00,0x49,0x00,0x49,0x00,0x49,0x00,0x49,0x00,0x49,0x00,0x49,0x00,0x49,0x00,0x49,0x00,0x49,0x00,0x49,0x00,0x49,0x00,0x49,0x00,0x49,0x00,0x49,0x00,0x49,0x00,0x49,0x00,0x49,0x00,0x49,0x00,0x49,0x00,0x49,0x00,0x49,0x00,0x49,0x00,0x49,
	0x00,0x49,0x00,0x49,0x00,0x49,0x00,0x49,0x00,0x49,0x00,0x49,0x00,0x49,0x00,0x49,0x00,0x49,0x00,0x49,0x00,0x49,0x00,0x49,0x00,0x49,0x00,0x49,0x00,0x49,0x00,0x49,0x00,0x49,0x00,0x49,0x00,0x49,0x00,0x49,0x00,0x49,0x00,0x49,0x00,0x49,0x00,0x49,0x00,0x49,0x00,0x49,0x00,0x49,0x00,0x49,0x00,0x49,0x00,0x49,0x00,0x49,0x00,0x49,
	0x00,0x49,0x00,0x49,0x00,0x49,0x00,0x49,0x00,0x49,0x00,0x49,0x00,0x49,0x00,0x49,0x00,0x49,0x00,0x49,0x00,0x49,0x00,0x49,0x00,0x49,0x00,0x49,0x00,0x49,0x00,0x49,0x00,0x49,0x00,0x49,0x00,0x49,0x00,0x49,0x00,0x49,0x00,0x49,0x00,0x49,0x00,0x49,0x00,0x49,0x00,0x49,0x00,0x49,0x00,0x49,0x00,0x49,0x00,0x49,0x00,0x49,0x00,0x49,
	0x00,0x49,0x00,0x49,0x00,0x49,0x00,0x49,0x00,0x49,0x00,0x49,0x00,0x49,0x00,0x49,0x00,0x49,0x00,0x49,0x00,0x49,0x00,0x49,0x00,0x49,0x00,0x49,0x00,0x49,0x00,0x49,0x00,0x49,0x00,0x49,0x00,0x49,0x00,0x49,0x00,0x49,0x00,0x49,0x00,0x49,0x00,0x49,0x00,0x49,0x00,0x49,0x00,0x49,0x00,0x49,0x00,0x49,0x00,0x49,0xE0,0x40,0x20,0x59,
	0xC0,0xB9,0xE0,0xE1,0xE0,0xE9,0xE0,0xE9,0xE0,0xE1,0xE0,0xE1,0xE0,0xE1,0xE0,0xE1,0x00,0xE2,0x00,0xE2,0x00,0xE2,0x00,0xE2,0x00,0xE2,0x00,0xE2,0x00,0xEA,0xE0,0xE1,0x60,0x91,0x00,0x59,0x00,0x49,0x00,0x49,0x00,0x49,0x00,0x49,0x00,0x49,0x00,0x49,0x00,0x49,0x00,0x49,0x00,0x49,0x00,0x49,0x00,0x49,0x00,0x49,0x00,0x49,0x00,0x49,
	0x00,0x49,0x00,0x49,0x00,0x49,0x00,0x49,0x00,0x49,0x00,0x49,0x00,0x49,0x00,0x49,0x00,0x49,0x00,0x49,0x00,0x49,0xE0,0x40,0x00,0x51,0xC0,0xA1,0xA1,0xEA,0xC1,0xEA,0xC1,0xF2,0xC1,0xEA,0xC1,0xEA,0xC1,0xEA,0xC1,0xEA,0xC1,0xEA,0xC1,0xEA,0xC1,0xEA,0xC1,0xEA,0xC1,0xEA,0xC1,0xEA,0xC1,0xEA,0xC1,0xEA,0xC1,0xEA,0xC1,0xEA,0xC1,0xEA,
	0xC1,0xEA,0xC1,0xEA,0xC1,0xEA,0xC1,0xEA,0xC1,0xEA,0xC1,0xEA,0xC1,0xEA,0xC1,0xEA,0xC1,0xEA,0xC1,0xEA,0xC1,0xEA,0xC1,0xEA,0xC1,0xEA,0xC1,0xF2,0xC1,0xF2,0xE0,0xB1,0x60,0x71,0x00,0x51,0xE0,0x40,0x00,0x49,0x00,0x49,0x00,0x49,0x00,0x49,0x00,0x49,0x00,0x49,0x00,0x49,0x00,0x49,0x00,0x49,0x00,0x49,0x00,0x49,0x00,0x49,0x00,0x49,
	0x00,0x49,0x00,0x49,0x00,0x49,0x00,0x49,0x00,0x49,0x00,0x49,0x00,0x49,0xE0,0x48,0x00,0x49,0x20,0x59,0x00,0x92,0x61,0xEB,0xC2,0xFB,0xA2,0xFB,0xA2,0xFB,0xA2,0xFB,0xA2,0xFB,0xA2,0xFB,0xC2,0xFB,0xC2,0xFB,0xC2,0xFB,0xC2,0xFB,0xC2,0xFB,0xC2,0xFB,0xC2,0xFB,0xA2,0xFB,0x41,0xE3,0xA0,0x71,0xC0,0x40,0x00,0x49,0x00,0x49,0x00,0x49,
	0x00,0x49,0x00,0x49,0x00,0x49,0x00,0x49,0x00,0x49,0x00,0x49,0x00,0x49,0x00,0x49,0x00,0x49,0x00,0x49,0x00,0x49,0x00,0x49,0x00,0x49,0x00,0x49,0x00,0x49,0x00,0x49,0x00,0x49,0x00,0x49,0x00,0x49,0x00,0x49,0x00,0x49,0x00,0x49,0x00,0x49,0x00,0x49,0x00,0x49,0x00,0x49,0x00,0x49,0x00,0x49,0x00,0x49,0x00,0x49,0x00,0x49,0x00,0x49,
	0x00,0x49,0x00,0x49,0x00,0x49,0x00,0x49,0x00,0x49,0x00,0x49,0x00,0x49,0x00,0x49,0x00,0x49,0x00,0x49,0x00,0x49,0x00,0x49,0x00,0x49,0x00,0x49,0x00,0x49,0x00,0x49,0x00,0x49,0x00,0x49,0x00,0x49,0x00,0x49,0x00,0x49,0x00,0x49,0x00,0x49,0x00,0x49,0x00,0x49,0x00,0x49,0x00,0x49,0x00,0x49,0x00,0x49,0x00,0x49,0x00,0x49,0x00,0x49,
	0x00,0x49,0x00,0x49,0x00,0x49,0x00,0x49,0x00,0x49,0x00,0x49,0x00,0x49,0x00,0x49,0x00,0x49,0x00,0x49,0x00,0x49,0x00,0x49,0x00,0x49,0x00,0x49,0x00,0x49,0x00,0x49,0x00,0x49,0x00,0x49,0x00,0x49,0x00,0x49,0x00,0x49,0x00,0x49,0x00,0x49,0x00,0x49,0x00,0x49,0x00,0x49,0x00,0x49,0x00,0x49,0x00,0x49,0x00,0x49,0x00,0x49,0x00,0x49,
	0x00,0x49,0x00,0x49,0x00,0x49,0x00,0x49,0x00,0x49,0x00,0x49,0x00,0x49,0x00,0x49,0x00,0x49,0x00,0x49,0x00,0x49,0x00,0x49,0x00,0x49,0x00,0x49,0x00,0x49,0x00,0x49,0x00,0x49,0x00,0x49,0x00,0x49,0x00,0x49,0x00,0x49,0x00,0x49,0x00,0x49,0x00,0x49,0x00,0x49,0x00,0x49,0x00,0x49,0x00,0x49,0x00,0x49,0x00,0x49,0x00,0x49,0x00,0x49,
	0x00,0x49,0x00,0x49,0x00,0x49,0x00,0x49,0x00,0x49,0x00,0x49,0x00,0x49,0x00,0x49,0x00,0x49,0x00,0x49,0x00,0x49,0x00,0x49,0x00,0x49,0x00,0x49,0x00,0x49,0x00,0x49,0x00,0x49,0x00,0x49,0x00,0x49,0x00,0x49,0x00,0x49,0x00,0x49,0x00,0x49,0x00,0x49,0x00,0x49,0x00,0x49,0x00,0x49,0x00,0x49,0x00,0x49,0x00,0x49,0x00,0x49,0x00,0x49,
	0x00,0x49,0x00,0x49,0x00,0x49,0x00,0x49,0x00,0x49,0x00,0x49,0x00,0x49,0x00,0x49,0x00,0x49,0x00,0x49,0x00,0x49,0x00,0x49,0x00,0x49,0x00,0x49,0x00,0x49,0x00,0x49,0x00,0x49,0x00,0x49,0x00,0x49,0x00,0x49,0x00,0x49,0x00,0x49,0x00,0x49,0x00,0x49,0x00,0x49,0x00,0x49,0x00,0x49,0x00,0x49,0x00,0x49,0x00,0x49,0x00,0x49,0x00,0x49,
	0x00,0x49,0x00,0x49,0x00,0x49,0x00,0x49,0x00,0x49,0x00,0x49,0x00,0x49,0x00,0x49,0x00,0x49,0x00,0x49,0x00,0x49,0x00,0x49,0x00,0x49,0x00,0x49,0x00,0x49,0x00,0x49,0x00,0x49,0x00,0x49,0x00,0x49,0x00,0x49,0x00,0x49,0x00,0x49,0x00,0x49,0x00,0x49,0x00,0x49,0x00,0x49,0x00,0x49,0x00,0x49,0x00,0x49,0x00,0x49,0x00,0x49,0x00,0x49,
	0x00,0x49,0x00,0x49,0x00,0x49,0x00,0x49,0x00,0x49,0x00,0x49,0x00,0x49,0x00,0x49,0x00,0x49,0x00,0x49,0x00,0x49,0x00,0x49,0x00,0x49,0x00,0x49,0x00,0x49,0x00,0x49,0x00,0x49,0x00,0x49,0x00,0x49,0xE0,0x40,0x20,0x59,0xA0,0xB1,0xE0,0xD1,0xE0,0xE9,0xE0,0xE9,0xE0,0xE1,0xE0,0xE1,0xE0,0xE1,0xE0,0xE1,0x00,0xE2,0x00,0xE2,0x00,0xE2,
	0x00,0xE2,0x00,0xE2,0x00,0xE2,0x00,0xEA,0xE0,0xE1,0x80,0x99,0x20,0x61,0x00,0x49,0x00,0x41,0x00,0x49,0x00,0x49,0x00,0x49,0x00,0x49,0x00,0x49,0x00,0x49,0x00,0x49,0x00,0x49,0x00,0x49,0x00,0x49,0x00,0x49,0x00,0x49,0x00,0x49,0x00,0x49,0x00,0x49,0x00,0x49,0x00,0x49,0x00,0x49,0x00,0x49,0x00,0x49,0x00,0x49,0x00,0x49,0xE0,0x48,
	0x00,0x51,0x60,0x69,0x40,0xC2,0xE1,0xFA,0xC1,0xEA,0xC1,0xEA,0xC1,0xEA,0xC1,0xEA,0xC1,0xEA,0xC1,0xEA,0xC1,0xEA,0xC1,0xEA,0xC1,0xEA,0xC1,0xEA,0xC1,0xEA,0xC1,0xEA,0xC1,0xEA,0xC1,0xEA,0xC1,0xEA,0xC1,0xEA,0xC1,0xEA,0xC1,0xEA,0xC1,0xEA,0xC1,0xEA,0xC1,0xEA,0xC1,0xEA,0xC1,0xEA,0xC1,0xEA,0xC1,0xEA,0xC1,0xEA,0xC1,0xEA,0xC1,0xEA,
	0xC1,0xEA,0xC1,0xEA,0xC1,0xF2,0xC1,0xEA,0x40,0xC2,0x80,0x91,0x00,0x59,0xE0,0x40,0x00,0x49,0x00,0x49,0x00,0x49,0x00,0x49,0x00,0x49,0x00,0x49,0x00,0x49,0x00,0x49,0x00,0x49,0x00,0x49,0x00,0x49,0x00,0x49,0x00,0x49,0x00,0x49,0x00,0x49,0x00,0x49,0x00,0x49,0x00,0x49,0x00,0x49,0x00,0x49,0xE0,0x48,0x00,0x49,0x60,0x69,0x21,0x9A,
	0x82,0xF3,0xC2,0xFB,0xA2,0xFB,0xA2,0xFB,0xA2,0xFB,0xA2,0xFB,0xA2,0xFB,0xC2,0xFB,0xC2,0xFB,0xC2,0xFB,0xC2,0xFB,0xC2,0xFB,0xC2,0xFB,0xC2,0xFB,0xA2,0xFB,0xE1,0xD2,0x60,0x71,0xC0,0x40,0x00,0x49,0x00,0x49,0x00,0x49,0x00,0x49,0x00,0x49,0x00,0x49,0x00,0x49,0x00,0x49,0x00,0x49,0x00,0x49,0x00,0x49,0x00,0x49,0x00,0x49,0x00,0x49,
	0x00,0x49,0x00,0x49,0x00,0x49,0x00,0x49,0x00,0x49,0x00,0x49,0x00,0x49,0x00,0x49,0x00,0x49,0x00,0x49,0x00,0x49,0x00,0x49,0x00,0x49,0x00,0x49,0x00,0x49,0x00,0x49,0x00,0x49,0x00,0x49,0x00,0x49,0x00,0x49,0x00,0x49,0x00,0x49,0x00,0x49,0x00,0x49,0x00,0x49,0x00,0x49,0x00,0x49,0x00,0x49,0x00,0x49,0x00,0x49,0x00,0x49,0x00,0x49,
	0x00,0x49,0x00,0x49,0x00,0x49,0x00,0x49,0x00,0x49,0x00,0x49,0x00,0x49,0x00,0x49,0x00,0x49,0x00,0x49,0x00,0x49,0x00,0x49,0x00,0x49,0x00,0x49,0x00,0x49,0x00,0x49,0x00,0x49,0x00,0x49,0x00,0x49,0x00,0x49,0x00,0x49,0x00,0x49,0x00,0x49,0x00,0x49,0x00,0x49,0x00,0x49,0x00,0x49,0x00,0x49,0x00,0x49,0x00,0x49,0x00,0x49,0x00,0x49,
	0x00,0x49,0x00,0x49,0x00,0x49,0x00,0x49,0x00,0x49,0x00,0x49,0x00,0x49,0x00,0x49,0x00,0x49,0x00,0x49,0x00,0x49,0x00,0x49,0x00,0x49,0x00,0x49,0x00,0x49,0x00,0x49,0x00,0x49,0x00,0x49,0x00,0x49,0x00,0x49,0x00,0x49,0x00,0x49,0x00,0x49,0x00,0x49,0x00,0x49,0x00,0x49,0x00,0x49,0x00,0x49,0x00,0x49,0x00,0x49,0x00,0x49,0x00,0x49,
	0x00,0x49,0x00,0x49,0x00,0x49,0x00,0x49,0x00,0x49,0x00,0x49,0x00,0x49,0x00,0x49,0x00,0x49,0x00,0x49,0x00,0x49,0x00,0x49,0x00,0x49,0x00,0x49,0x00,0x49,0x00,0x49,0x00,0x49,0x00,0x49,0x00,0x49,0x00,0x49,0x00,0x49,0x00,0x49,0x00,0x49,0x00,0x49,0x00,0x49,0x00,0x49,0x00,0x49,0x00,0x49,0x00,0x49,0x00,0x49,0x00,0x49,0x00,0x49,
	0x00,0x49,0x00,0x49,0x00,0x49,0x00,0x49,0x00,0x49,0x00,0x49,0x00,0x49,0x00,0x49,0x00,0x49,0x00,0x49,0x00,0x49,0x00,0x49,0x00,0x49,0x00,0x49,0x00,0x49,0x00,0x49,0x00,0x49,0x00,0x49,0x00,0x49,0x00,0x49,0x00,0x49,0x00,0x49,0x00,0x49,0x00,0x49,0x00,0x49,0x00,0x49,0x00,0x49,0x00,0x49,0x00,0x49,0x00,0x49,0x00,0x49,0x00,0x49,
	0x00,0x49,0x00,0x49,0x00,0x49,0x00,0x49,0x00,0x49,0x00,0x49,0x00,0x49,0x00,0x49,0x00,0x49,0x00,0x49,0x00,0x49,0x00,0x49,0x00,0x49,0x00,0x49,0x00,0x49,0x00,0x49,0x00,0x49,0x00,0x49,0x00,0x49,0x00,0x49,0x00,0x49,0x00,0x49,0x00,0x49,0x00,0x49,0x00,0x49,0x00,0x49,0x00,0x49,0x00,0x49,0x00,0x49,0x00,0x49,0x00,0x49,0x00,0x49,
	0x00,0x49,0x00,0x49,0x00,0x49,0x00,0x49,0x00,0x49,0x00,0x49,0x00,0x49,0x00,0x49,0x00,0x49,0x00,0x49,0x00,0x49,0x00,0x49,0x00,0x49,0x00,0x49,0x00,0x49,0x00,0x49,0x00,0x49,0x00,0x49,0x00,0x49,0x00,0x49,0x00,0x49,0x00,0x49,0x00,0x49,0x00,0x49,0x00,0x49,0x00,0x49,0x00,0x49,0x00,0x49,0x00,0x49,0x00,0x49,0x00,0x49,0x00,0x49,
	0x00,0x49,0x00,0x49,0x00,0x49,0x00,0x49,0x00,0x49,0x00,0x49,0x00,0x49,0x00,0x49,0xE0,0x40,0x20,0x59,0x80,0xA1,0xC0,0xD1,0xE0,0xE9,0xE0,0xE9,0xE0,0xE1,0xE0,0xE1,0xE0,0xE1,0xE0,0xE1,0x00,0xE2,0x00,0xE2,0x00,0xE2,0x00,0xE2,0x00,0xE2,0x00,0xE2,0x00,0xEA,0xE0,0xE1,0x80,0xA1,0x40,0x71,0x00,0x49,0xE0,0x40,0x00,0x49,0x00,0x49,
	0x00,0x49,0x00,0x49,0x00,0x49,0x00,0x49,0x00,0x49,0x00,0x49,0x00,0x49,0x00,0x49,0x00,0x49,0x00,0x49,0x00,0x49,0x00,0x49,0x00,0x49,0x00,0x49,0x00,0x49,0x00,0x49,0x00,0x49,0x00,0x49,0x00,0x49,0x00,0x49,0xE0,0x40,0x40,0x59,0xC0,0x89,0x80,0xD2,0x01,0xF3,0xE1,0xEA,0xE1,0xEA,0xE1,0xEA,0xE1,0xEA,0xE1,0xEA,0xE1,0xEA,0xE1,0xEA,
	0xE1,0xEA,0xE1,0xEA,0xE1,0xEA,0xE1,0xEA,0xE1,0xEA,0xE1,0xEA,0xE1,0xEA,0xE1,0xEA,0xE1,0xEA,0xE1,0xEA,0xE1,0xEA,0xE1,0xEA,0xE1,0xEA,0xE1,0xEA,0xE1,0xEA,0xE1,0xEA,0xE1,0xEA,0xE1,0xEA,0xE1,0xEA,0xE1,0xEA,0xE1,0xEA,0xE1,0xEA,0xE1,0xEA,0xE1,0xEA,0xE1,0xEA,0xA0,0xDA,0x41,0xB2,0x40,0x59,0xE0,0x40,0x00,0x49,0x00,0x49,0x00,0x49,
	0x00,0x49,0x00,0x49,0x00,0x49,0x00,0x49,0x00,0x49,0x00,0x49,0x00,0x49,0x00,0x49,0x00,0x49,0x00,0x49,0x00,0x49,0x00,0x49,0x00,0x49,0x00,0x49,0x00,0x49,0x00,0x49,0x00,0x49,0xE0,0x40,0x00,0x49,0xA0,0x71,0x81,0xB2,0x82,0xF3,0xC2,0xFB,0xA2,0xFB,0xA2,0xFB,0xA2,0xFB,0xA2,0xFB,0xA2,0xFB,0xC2,0xFB,0xC2,0xFB,0xC2,0xFB,0xC2,0xFB,
	0xC2,0xFB,0xC2,0xFB,0xC2,0xFB,0x61,0xEB,0xC1,0xC2,0x60,0x69,0xC0,0x40,0x00,0x49,0x00,0x49,0x00,0x49,0x00,0x49,0x00,0x49,0x00,0x49,0x00,0x49,0x00,0x49,0x00,0x49,0x00,0x49,0x00,0x49,0x00,0x49,0x00,0x49,0x00,0x49,0x00,0x49,0x00,0x49,0x00,0x49,0x00,0x49,0x00,0x49,0x00,0x49,0x00,0x49,0x00,0x49,0x00,0x49,0x00,0x49,0x00,0x49,
	0x00,0x49,0x00,0x49,0x00,0x49,0x00,0x49,0x00,0x49,0x00,0x49,0x00,0x49,0x00,0x49,0x00,0x49,0x00,0x49,0x00,0x49,0x00,0x49,0x00,0x49,0x00,0x49,0x00,0x49,0x00,0x49,0x00,0x49,0x00,0x49,0x00,0x49,0x00,0x49,0x00,0x49,0x00,0x49,0x00,0x49,0x00,0x49,0x00,0x49,0x00,0x49,0x00,0x49,0x00,0x49,0x00,0x49,0x00,0x49,0x00,0x49,0x00,0x49,
	0x00,0x49,0x00,0x49,0x00,0x49,0x00,0x49,0x00,0x49,0x00,0x49,0x00,0x49,0x00,0x49,0x00,0x49,0x00,0x49,0x00,0x49,0x00,0x49,0x00,0x49,0x00,0x49,0x00,0x49,0x00,0x49,0x00,0x49,0x00,0x49,0x00,0x49,0x00,0x49,0x00,0x49,0x00,0x49,0x00,0x49,0x00,0x49,0x00,0x49,0x00,0x49,0x00,0x49,0x00,0x49,0x00,0x49,0x00,0x49,0x00,0x49,0x00,0x49,
	0x00,0x49,0x00,0x49,0x00,0x49,0x00,0x49,0x00,0x49,0x00,0x49,0x00,0x49,0x00,0x49,0x00,0x49,0x00,0x49,0x00,0x49,0x00,0x49,0x00,0x49,0x00,0x49,0x00,0x49,0x00,0x49,0x00,0x49,0x00,0x49,0x00,0x49,0x00,0x49,0x00,0x49,0x00,0x49,0x00,0x49,0x00,0x49,0x00,0x49,0x00,0x49,0x00,0x49,0x00,0x49,0x00,0x49,0x00,0x49,0x00,0x49,0x00,0x49,
	0x00,0x49,0x00,0x49,0x00,0x49,0x00,0x49,0x00,0x49,0x00,0x49,0x00,0x49,0x00,0x49,0x00,0x49,0x00,0x49,0x00,0x49,0x00,0x49,0x00,0x49,0x00,0x49,0x00,0x49,0x00,0x49,0x00,0x49,0x00,0x49,0x00,0x49,0x00,0x49,0x00,0x49,0x00,0x49,0x00,0x49,0x00,0x49,0x00,0x49,0x00,0x49,0x00,0x49,0x00,0x49,0x00,0x49,0x00,0x49,0x00,0x49,0x00,0x49,
	0x00,0x49,0x00,0x49,0x00,0x49,0x00,0x49,0x00,0x49,0x00,0x49,0x00,0x49,0x00,0x49,0x00,0x49,0x00,0x49,0x00,0x49,0x00,0x49,0x00,0x49,0x00,0x49,0x00,0x49,0x00,0x49,0x00,0x49,0x00,0x49,0x00,0x49,0x00,0x49,0x00,0x49,0x00,0x49,0x00,0x49,0x00,0x49,0x00,0x49,0x00,0x49,0x00,0x49,0x00,0x49,0x00,0x49,0x00,0x49,0x00,0x49,0x00,0x49,
	0x00,0x49,0x00,0x49,0x00,0x49,0x00,0x49,0x00,0x49,0x00,0x49,0x00,0x49,0x00,0x49,0x00,0x49,0x00,0x49,0x00,0x49,0x00,0x49,0x00,0x49,0x00,0x49,0x00,0x49,0x00,0x49,0x00,0x49,0x00,0x49,0x00,0x49,0x00,0x49,0x00,0x49,0x00,0x49,0x00,0x49,0x00,0x49,0x00,0x49,0x00,0x49,0x00,0x49,0x00,0x49,0x00,0x49,0x00,0x49,0x00,0x49,0x00,0x49,
	0x00,0x49,0x00,0x49,0x00,0x49,0x00,0x49,0x00,0x49,0x00,0x49,0x00,0x49,0x00,0x49,0x00,0x49,0x00,0x49,0x00,0x49,0x00,0x49,0x00,0x49,0x00,0x49,0x00,0x49,0x00,0x49,0x00,0x49,0x00,0x49,0x00,0x49,0x00,0x49,0x00,0x49,0x00,0x49,0x00,0x49,0x00,0x49,0x00,0x49,0x00,0x49,0x00,0x49,0x00,0x49,0x00,0x49,0xE0,0x40,0x00,0x59,0x80,0x99,
	0xC0,0xC9,0xE0,0xE9,0xE0,0xE9,0xE0,0xE1,0xE0,0xE1,0xE0,0xE1,0xE0,0xE1,0x00,0xE2,0x00,0xE2,0x00,0xE2,0x00,0xE2,0x00,0xE2,0x00,0xE2,0x00,0xEA,0xE0,0xE1,0xC0,0xB1,0x60,0x79,0x00,0x49,0xE0,0x40,0x00,0x49,0x00,0x49,0x00,0x49,0x00,0x49,0x00,0x49,0x00,0x49,0x00,0x49,0x00,0x49,0x00,0x49,0x00,0x49,0x00,0x49,0x00,0x49,0x00,0x49,
	0x00,0x49,0x00,0x49,0x00,0x49,0x00,0x49,0x00,0x49,0x00,0x49,0x00,0x49,0x00,0x49,0x00,0x49,0xE0,0x40,0x60,0x69,0x41,0xB2,0xA0,0xDA,0xE1,0xFA,0xE1,0xF2,0xE1,0xF2,0xE1,0xF2,0xE1,0xF2,0xE1,0xF2,0xE1,0xF2,0xE1,0xF2,0xE1,0xF2,0xE1,0xF2,0xE1,0xF2,0xE1,0xF2,0xE1,0xF2,0xE1,0xF2,0xE1,0xFA,0xE1,0xFA,0xE1,0xF2,0xE1,0xF2,0xE1,0xF2,
	0xE1,0xF2,0xE1,0xF2,0xE1,0xF2,0xE1,0xF2,0xE1,0xF2,0xE1,0xF2,0xE1,0xF2,0xE1,0xF2,0xE1,0xF2,0xE1,0xF2,0xE1,0xF2,0xE1,0xF2,0xE1,0xF2,0xE1,0xF2,0xE1,0xEA,0x40,0xC2,0x20,0x61,0xE0,0x40,0x00,0x49,0x00,0x49,0x00,0x49,0x00,0x49,0x00,0x49,0x00,0x49,0x00,0x49,0x00,0x49,0x00,0x49,0x00,0x49,0x00,0x49,0x00,0x49,0x00,0x49,0x00,0x49,
	0x00,0x49,0x00,0x49,0x00,0x49,0x00,0x49,0x00,0x49,0x00,0x49,0xE0,0x40,0xE0,0x48,0xC0,0x81,0xC1,0xC2,0x82,0xF3,0xA2,0xFB,0xA2,0xFB,0xA2,0xFB,0xA2,0xFB,0xA2,0xFB,0xA2,0xFB,0xC2,0xFB,0xC2,0xFB,0xC2,0xFB,0xC2,0xFB,0xC2,0xFB,0xC2,0xFB,0xC2,0xFB,0x41,0xE3,0x81,0xB2,0x40,0x61,0xE0,0x40,0x00,0x49,0x00,0x49,0x00,0x49,0x00,0x49,
	0x00,0x49,0x00,0x49,0x00,0x49,0x00,0x49,0x00,0x49,0x00,0x49,0x00,0x49,0x00,0x49,0x00,0x49,0x00,0x49,0x00,0x49,0x00,0x49,0x00,0x49,0x00,0x49,0x00,0x49,0x00,0x49,0x00,0x49,0x00,0x49,0x00,0x49,0x00,0x49,0x00,0x49,0x00,0x49,0x00,0x49,0x00,0x49,0x00,0x49,0x00,0x49,0x00,0x49,0x00,0x49,0x00,0x49,0x00,0x49,0x00,0x49,0x00,0x49,
	0x00,0x49,0x00,0x49,0x00,0x49,0x00,0x49,0x00,0x49,0x00,0x49,0x00,0x49,0x00,0x49,0x00,0x49,0x00,0x49,0x00,0x49,0x00,0x49,0x00,0x49,0x00,0x49,0x00,0x49,0x00,0x49,0x00,0x49,0x00,0x49,0x00,0x49,0x00,0x49,0x00,0x49,0x00,0x49,0x00,0x49,0x00,0x49,0x00,0x49,0x00,0x49,0x00,0x49,0x00,0x49,0x00,0x49,0x00,0x49,0x00,0x49,0x00,0x49,
	0x00,0x49,0x00,0x49,0x00,0x49,0x00,0x49,0x00,0x49,0x00,0x49,0x00,0x49,0x00,0x49,0x00,0x49,0x00,0x49,0x00,0x49,0x00,0x49,0x00,0x49,0x00,0x49,0x00,0x49,0x00,0x49,0x00,0x49,0x00,0x49,0x00,0x49,0x00,0x49,0x00,0x49,0x00,0x49,0x00,0x49,0x00,0x49,0x00,0x49,0x00,0x49,0x00,0x49,0x00,0x49,0x00,0x49,0x00,0x49,0x00,0x49,0x00,0x49,
	0x00,0x49,0x00,0x49,0x00,0x49,0x00,0x49,0x00,0x49,0x00,0x49,0x00,0x49,0x00,0x49,0x00,0x49,0x00,0x49,0x00,0x49,0x00,0x49,0x00,0x49,0x00,0x49,0x00,0x49,0x00,0x49,0x00,0x49,0x00,0x49,0x00,0x49,0x00,0x49,0x00,0x49,0x00,0x49,0x00,0x49,0x00,0x49,0x00,0x49,0x00,0x49,0x00,0x49,0x00,0x49,0x00,0x49,0x00,0x49,0x00,0x49,0x00,0x49,
	0x00,0x49,0x00,0x49,0x00,0x49,0x00,0x49,0x00,0x49,0x00,0x49,0x00,0x49,0x00,0x49,0x00,0x49,0x00,0x49,0x00,0x49,0x00,0x49,0x00,0x49,0x00,0x49,0x00,0x49,0x00,0x49,0x00,0x49,0x00,0x49,0x00,0x49,0x00,0x49,0x00,0x49,0x00,0x49,0x00,0x49,0x00,0x49,0x00,0x49,0x00,0x49,0x00,0x49,0x00,0x49,0x00,0x49,0x00,0x49,0x00,0x49,0x00,0x49,
	0x00,0x49,0x00,0x49,0x00,0x49,0x00,0x49,0x00,0x49,0x00,0x49,0x00,0x49,0x00,0x49,0x00,0x49,0x00,0x49,0x00,0x49,0x00,0x49,0x00,0x49,0x00,0x49,0x00,0x49,0x00,0x49,0x00,0x49,0x00,0x49,0x00,0x49,0x00,0x49,0x00,0x49,0x00,0x49,0x00,0x49,0x00,0x49,0x00,0x49,0x00,0x49,0x00,0x49,0x00,0x49,0x00,0x49,0x00,0x49,0x00,0x49,0x00,0x49,
	0x00,0x49,0x00,0x49,0x00,0x49,0x00,0x49,0x00,0x49,0x00,0x49,0x00,0x49,0x00,0x49,0x00,0x49,0x00,0x49,0x00,0x49,0x00,0x49,0x00,0x49,0x00,0x49,0x00,0x49,0x00,0x49,0x00,0x49,0x00,0x49,0x00,0x49,0x00,0x49,0x00,0x49,0x00,0x49,0x00,0x49,0x00,0x49,0x00,0x49,0x00,0x49,0x00,0x49,0x00,0x49,0x00,0x49,0x00,0x49,0x00,0x49,0x00,0x49,
	0x00,0x49,0x00,0x49,0x00,0x49,0x00,0x49,0x00,0x49,0x00,0x49,0x00,0x49,0x00,0x49,0x00,0x49,0x00,0x49,0x00,0x49,0x00,0x49,0x00,0x49,0x00,0x49,0x00,0x49,0x00,0x49,0x00,0x49,0x00,0x49,0xE0,0x40,0x00,0x59,0x60,0x81,0xC0,0xB9,0xE0,0xE9,0xE0,0xE9,0xE0,0xE1,0xE0,0xE1,0xE0,0xE1,0xE0,0xE1,0x00,0xE2,0x00,0xE2,0x00,0xE2,0x00,0xE2,
	0x00,0xE2,0x00,0xE2,0x00,0xEA,0x00,0xE2,0xC0,0xC9,0x60,0x91,0x00,0x49,0xE0,0x40,0x00,0x49,0x00,0x49,0x00,0x49,0x00,0x49,0x00,0x49,0x00,0x49,0x00,0x49,0x00,0x49,0x00,0x49,0x00,0x49,0x00,0x49,0x00,0x49,0x00,0x49,0x00,0x49,0x00,0x49,0x00,0x49,0x00,0x49,0x00,0x49,0x00,0x49,0x00,0x49,0x00,0x49,0x00,0x49,0xE0,0x40,0x80,0x71,
	0x80,0xD2,0xC1,0xEA,0xE1,0xFA,0xE1,0xFA,0xE1,0xFA,0xE1,0xFA,0xE1,0xFA,0xE1,0xFA,0xE1,0xFA,0xE1,0xFA,0xE1,0xFA,0xE1,0xFA,0xE1,0xF2,0xE1,0xFA,0xE1,0xFA,0xE1,0xF2,0xC1,0xEA,0xA0,0xDA,0x80,0xD2,0xC1,0xEA,0xE1,0xFA,0xE1,0xFA,0xE1,0xF2,0xE1,0xFA,0xE1,0xFA,0xE1,0xFA,0xE1,0xFA,0xE1,0xFA,0xE1,0xFA,0xE1,0xFA,0xE1,0xFA,0xE1,0xFA,
	0xE1,0xFA,0xE1,0xFA,0xE1,0xFA,0x01,0xF3,0x80,0xD2,0x40,0x61,0xE0,0x40,0x00,0x49,0x00,0x49,0x00,0x49,0x00,0x49,0x00,0x49,0x00,0x49,0x00,0x49,0x00,0x49,0x00,0x49,0x00,0x49,0x00,0x49,0x00,0x49,0x00,0x49,0x00,0x49,0x00,0x49,0x00,0x49,0x00,0x49,0x00,0x49,0x00,0x49,0x00,0x49,0xE0,0x40,0xE0,0x48,0x00,0x92,0x01,0xD3,0x82,0xFB,
	0xA2,0xFB,0xA2,0xFB,0xA2,0xFB,0xA2,0xFB,0xA2,0xFB,0xA2,0xFB,0xC2,0xFB,0xC2,0xFB,0xC2,0xFB,0xC2,0xFB,0xC2,0xFB,0xC2,0xFB,0xC2,0xFB,0x41,0xE3,0x21,0x9A,0x40,0x59,0xE0,0x40,0x00,0x49,0x00,0x49,0x00,0x49,0x00,0x49,0x00,0x49,0x00,0x49,0x00,0x49,0x00,0x49,0x00,0x49,0x00,0x49,0x00,0x49,0x00,0x49,0x00,0x49,0x00,0x49,0x00,0x49,
	0x00,0x49,0x00,0x49,0x00,0x49,0x00,0x49,0x00,0x49,0x00,0x49,0x00,0x49,0x00,0x49,0x00,0x49,0x00,0x49,0x00,0x49,0x00,0x49,0x00,0x49,0x00,0x49,0x00,0x49,0x00,0x49,0x00,0x49,0x00,0x49,0x00,0x49,0x00,0x49,0x00,0x49,0x00,0x49,0x00,0x49,0x00,0x49,0x00,0x49,0x00,0x49,0x00,0x49,0x00,0x49,0x00,0x49,0x00,0x49,0x00,0x49,0x00,0x49,
	0x00,0x49,0x00,0x49,0x00,0x49,0x00,0x49,0x00,0x49,0x00,0x49,0x00,0x49,0x00,0x49,0x00,0x49,0x00,0x49,0x00,0x49,0x00,0x49,0x00,0x49,0x00,0x49,0x00,0x49,0x00,0x49,0x00,0x49,0x00,0x49,0x00,0x49,0x00,0x49,0x00,0x49,0x00,0x49,0x00,0x49,0x00,0x49,0x00,0x49,0x00,0x49,0x00,0x49,0x00,0x49,0x00,0x49,0x00,0x49,0x00,0x49,0x00,0x49,
	0x00,0x49,0x00,0x49,0x00,0x49,0x00,0x49,0x00,0x49,0x00,0x49,0x00,0x49,0x00,0x49,0x00,0x49,0x00,0x49,0x00,0x49,0x00,0x49,0x00,0x49,0x00,0x49,0x00,0x49,0x00,0x49,0x00,0x49,0x00,0x49,0x00,0x49,0x00,0x49,0x00,0x49,0x00,0x49,0x00,0x49,0x00,0x49,0x00,0x49,0x00,0x49,0x00,0x49,0x00,0x49,0x00,0x49,0x00,0x49,0x00,0x49,0x00,0x49,
	0x00,0x49,0x00,0x49,0x00,0x49,0x00,0x49,0x00,0x49,0x00,0x49,0x00,0x49,0x00,0x49,0x00,0x49,0x00,0x49,0x00,0x49,0x00,0x49,0x00,0x49,0x00,0x49,0x00,0x49,0x00,0x49,0x00,0x49,0x00,0x49,0x00,0x49,0x00,0x49,0x00,0x49,0x00,0x49,0x00,0x49,0x00,0x49,0x00,0x49,0x00,0x49,0x00,0x49,0x00,0x49,0x00,0x49,0x00,0x49,0x00,0x49,0x00,0x49,
	0x00,0x49,0x00,0x49,0x00,0x49,0x00,0x49,0x00,0x49,0x00,0x49,0x00,0x49,0x00,0x49,0x00,0x49,0x00,0x49,0x00,0x49,0x00,0x49,0x00,0x49,0x00,0x49,0x00,0x49,0x00,0x49,0x00,0x49,0x00,0x49,0x00,0x49,0x00,0x49,0x00,0x49,0x00,0x49,0x00,0x49,0x00,0x49,0x00,0x49,0x00,0x49,0x00,0x49,0x00,0x49,0x00,0x49,0x00,0x49,0x00,0x49,0x00,0x49,
	0x00,0x49,0x00,0x49,0x00,0x49,0x00,0x49,0x00,0x49,0x00,0x49,0x00,0x49,0x00,0x49,0x00,0x49,0x00,0x49,0x00,0x49,0x00,0x49,0x00,0x49,0x00,0x49,0x00,0x49,0x00,0x49,0x00,0x49,0x00,0x49,0x00,0x49,0x00,0x49,0x00,0x49,0x00,0x49,0x00,0x49,0x00,0x49,0x00,0x49,0x00,0x49,0x00,0x49,0x00,0x49,0x00,0x49,0x00,0x49,0x00,0x49,0x00,0x49,
	0x00,0x49,0x00,0x49,0x00,0x49,0x00,0x49,0x00,0x49,0x00,0x49,0x00,0x49,0x00,0x49,0x00,0x49,0x00,0x49,0x00,0x49,0x00,0x49,0x00,0x49,0x00,0x49,0x00,0x49,0x00,0x49,0x00,0x49,0x00,0x49,0x00,0x49,0x00,0x49,0x00,0x49,0x00,0x49,0x00,0x49,0x00,0x49,0x00,0x49,0x00,0x49,0x00,0x49,0x00,0x49,0x00,0x49,0x00,0x49,0x00,0x49,0x00,0x49,
	0x00,0x49,0x00,0x49,0x00,0x49,0x00,0x49,0x00,0x49,0x00,0x49,0x00,0x49,0xE0,0x40,0x00,0x51,0x60,0x79,0xA0,0xB1,0xE0,0xE9,0xE0,0xE9,0xE0,0xE1,0xE0,0xE1,0xE0,0xE1,0xE0,0xE1,0x00,0xE2,0x00,0xE2,0x00,0xE2,0x00,0xE2,0x00,0xE2,0x00,0xE2,0x00,0xEA,0x00,0xE2,0xE0,0xD1,0x80,0xA1,0x00,0x49,0xE0,0x40,0x00,0x49,0x00,0x49,0x00,0x49,
	0x00,0x49,0x00,0x49,0x00,0x49,0x00,0x49,0x00,0x49,0x00,0x49,0x00,0x49,0x00,0x49,0x00,0x49,0x00,0x49,0x00,0x49,0x00,0x49,0x00,0x49,0x00,0x49,0x00,0x49,0x00,0x49,0x00,0x49,0x00,0x49,0x00,0x49,0xE0,0x40,0xA0,0x79,0xA0,0xDA,0x01,0xF3,0x01,0xF3,0x01,0xF3,0x01,0xF3,0x01,0xF3,0x01,0xF3,0x01,0xF3,0x01,0xF3,0x01,0xF3,0x01,0xF3,
	0x01,0xF3,0x01,0xF3,0x01,0xF3,0x01,0xFB,0xC1,0xEA,0x41,0xB2,0x80,0x81,0x60,0x69,0x80,0xD2,0x21,0xFB,0x01,0xF3,0x01,0xF3,0x01,0xF3,0x01,0xF3,0x01,0xF3,0x01,0xF3,0x01,0xF3,0x01,0xF3,0x01,0xF3,0x01,0xF3,0x01,0xF3,0x01,0xF3,0x01,0xF3,0x01,0xF3,0x01,0xFB,0x80,0xD2,0x40,0x61,0xE0,0x38,0x00,0x49,0x00,0x49,0x00,0x49,0x00,0x49,
	0x00,0x49,0x00,0x49,0x00,0x49,0x00,0x49,0x00,0x49,0x00,0x49,0x00,0x49,0x00,0x49,0x00,0x49,0x00,0x49,0x00,0x49,0x00,0x49,0x00,0x49,0x00,0x49,0x00,0x49,0x00,0x49,0xE0,0x40,0xE0,0x40,0x41,0xA2,0x61,0xEB,0x82,0xFB,0xA2,0xFB,0xA2,0xFB,0xA2,0xFB,0xA2,0xFB,0xA2,0xFB,0xA2,0xFB,0xC2,0xFB,0xC2,0xFB,0xC2,0xFB,0xC2,0xFB,0xC2,0xFB,
	0xC2,0xFB,0xC2,0xFB,0x01,0xD3,0x00,0x92,0x40,0x59,0xE0,0x40,0x00,0x49,0x00,0x49,0x00,0x49,0x00,0x49,0x00,0x49,0x00,0x49,0x00,0x49,0x00,0x49,0x00,0x49,0x00,0x49,0x00,0x49,0x00,0x49,0x00,0x49,0x00,0x49,0x00,0x49,0x00,0x49,0x00,0x49,0x00,0x49,0x00,0x49,0x00,0x49,0x00,0x49,0x00,0x49,0x00,0x49,0x00,0x49,0x00,0x49,0x00,0x49,
	0x00,0x49,0x00,0x49,0x00,0x49,0x00,0x49,0x00,0x49,0x00,0x49,0x00,0x49,0x00,0x49,0x00,0x49,0x00,0x49,0x00,0x49,0x00,0x49,0x00,0x49,0x00,0x49,0x00,0x49,0x00,0x49,0x00,0x49,0x00,0x49,0x00,0x49,0x00,0x49,0x00,0x49,0x00,0x49,0x00,0x49,0x00,0x49,0x00,0x49,0x00,0x49,0x00,0x49,0x00,0x49,0x00,0x49,0x00,0x49,0x00,0x49,0x00,0x49,
	0x00,0x49,0x00,0x49,0x00,0x49,0x00,0x49,0x00,0x49,0x00,0x49,0x00,0x49,0x00,0x49,0x00,0x49,0x00,0x49,0x00,0x49,0x00,0x49,0x00,0x49,0x00,0x49,0x00,0x49,0x00,0x49,0x00,0x49,0x00,0x49,0x00,0x49,0x00,0x49,0x00,0x49,0x00,0x49,0x00,0x49,0x00,0x49,0x00,0x49,0x00,0x49,0x00,0x49,0x00,0x49,0x00,0x49,0x00,0x49,0x00,0x49,0x00,0x49,
	0x00,0x49,0x00,0x49,0x00,0x49,0x00,0x49,0x00,0x49,0x00,0x49,0x00,0x49,0x00,0x49,0x00,0x49,0x00,0x49,0x00,0x49,0x00,0x49,0x00,0x49,0x00,0x49,0x00,0x49,0x00,0x49,0x00,0x49,0x00,0x49,0x00,0x49,0x00,0x49,0x00,0x49,0x00,0x49,0x00,0x49,0x00,0x49,0x00,0x49,0x00,0x49,0x00,0x49,0x00,0x49,0x00,0x49,0x00,0x49,0x00,0x49,0x00,0x49,
	0x00,0x49,0x00,0x49,0x00,0x49,0x00,0x49,0x00,0x49,0x00,0x49,0x00,0x49,0x00,0x49,0x00,0x49,0x00,0x49,0x00,0x49,0x00,0x49,0x00,0x49,0x00,0x49,0x00,0x49,0x00,0x49,0x00,0x49,0x00,0x49,0x00,0x49,0x00,0x49,0x00,0x49,0x00,0x49,0x00,0x49,0x00,0x49,0x00,0x49,0x00,0x49,0x00,0x49,0x00,0x49,0x00,0x49,0x00,0x49,0x00,0x49,0x00,0x49,
	0x00,0x49,0x00,0x49,0x00,0x49,0x00,0x49,0x00,0x49,0x00,0x49,0x00,0x49,0x00,0x49,0x00,0x49,0x00,0x49,0x00,0x49,0x00,0x49,0x00,0x49,0x00,0x49,0x00,0x49,0x00,0x49,0x00,0x49,0x00,0x49,0x00,0x49,0x00,0x49,0x00,0x49,0x00,0x49,0x00,0x49,0x00,0x49,0x00,0x49,0x00,0x49,0x00,0x49,0x00,0x49,0x00,0x49,0x00,0x49,0x00,0x49,0x00,0x49,
	0x00,0x49,0x00,0x49,0x00,0x49,0x00,0x49,0x00,0x49,0x00,0x49,0x00,0x49,0x00,0x49,0x00,0x49,0x00,0x49,0x00,0x49,0x00,0x49,0x00,0x49,0x00,0x49,0x00,0x49,0x00,0x49,0x00,0x49,0x00,0x49,0x00,0x49,0x00,0x49,0x00,0x49,0x00,0x49,0x00,0x49,0x00,0x49,0x00,0x49,0x00,0x49,0x00,0x49,0x00,0x49,0x00,0x49,0x00,0x49,0x00,0x49,0x00,0x49,
	0x00,0x49,0x00,0x49,0x00,0x49,0x00,0x49,0x00,0x49,0x00,0x49,0x00,0x49,0x00,0x49,0x00,0x49,0x00,0x49,0x00,0x49,0x00,0x49,0x00,0x49,0x00,0x49,0x00,0x49,0x00,0x49,0x00,0x49,0x00,0x49,0x00,0x49,0x00,0x49,0x00,0x49,0x00,0x49,0x00,0x49,0x00,0x49,0x00,0x49,0x00,0x49,0x00,0x49,0x00,0x49,0xE0,0x40,0x00,0x51,0x20,0x69,0xA0,0xB1,
	0xE0,0xE9,0xE0,0xE9,0xE0,0xE1,0xE0,0xE1,0xE0,0xE1,0xE0,0xE1,0x00,0xE2,0x00,0xE2,0x00,0xE2,0x00,0xE2,0x00,0xE2,0x00,0xE2,0x00,0xEA,0x00,0xE2,0x00,0xEA,0xA0,0xB1,0x00,0x51,0xE0,0x40,0x00,0x49,0x00,0x49,0x00,0x49,0x00,0x49,0x00,0x49,0x00,0x49,0x00,0x49,0x00,0x49,0x00,0x49,0x00,0x49,0x00,0x49,0x00,0x49,0x00,0x49,0x00,0x49,
	0x00,0x49,0x00,0x49,0x00,0x49,0x00,0x49,0x00,0x49,0x00,0x49,0x00,0x49,0x00,0x49,0xE0,0x38,0x80,0x81,0xE1,0xEA,0x21,0xFB,0x01,0xF3,0x01,0xF3,0x01,0xF3,0x01,0xF3,0x01,0xF3,0x01,0xF3,0x01,0xF3,0x01,0xF3,0x01,0xF3,0x01,0xF3,0x21,0xFB,0x01,0xF3,0x80,0xD2,0x41,0xA2,0x60,0x71,0x00,0x49,0x00,0x49,0x41,0xB2,0x01,0xF3,0x01,0xF3,
	0x01,0xF3,0x01,0xF3,0x01,0xF3,0x01,0xF3,0x01,0xF3,0x01,0xF3,0x01,0xF3,0x01,0xF3,0x01,0xF3,0x01,0xF3,0x01,0xF3,0x01,0xF3,0x01,0xF3,0x21,0xFB,0xA0,0xDA,0x40,0x61,0xE0,0x38,0x00,0x49,0x00,0x49,0x00,0x49,0x00,0x49,0x00,0x49,0x00,0x49,0x00,0x49,0x00,0x49,0x00,0x49,0x00,0x49,0x00,0x49,0x00,0x49,0x00,0x49,0x00,0x49,0x00,0x49,
	0x00,0x49,0x00,0x49,0x00,0x49,0x00,0x49,0x00,0x49,0xE0,0x40,0x00,0x51,0x81,0xB2,0xA2,0xFB,0xA2,0xFB,0xA2,0xFB,0xA2,0xFB,0xA2,0xFB,0xA2,0xFB,0xA2,0xFB,0xA2,0xFB,0xC2,0xFB,0xC2,0xFB,0xC2,0xFB,0xC2,0xFB,0xC2,0xFB,0xC2,0xFB,0xE2,0xFB,0xE1,0xD2,0xC0,0x81,0x20,0x51,0xE0,0x40,0x00,0x49,0x00,0x49,0x00,0x49,0x00,0x49,0x00,0x49,
	0x00,0x49,0x00,0x49,0x00,0x49,0x00,0x49,0x00,0x49,0x00,0x49,0x00,0x49,0x00,0x49,0x00,0x49,0x00,0x49,0x00,0x49,0x00,0x49,0x00,0x49,0x00,0x49,0x00,0x49,0x00,0x49,0x00,0x49,0x00,0x49,0x00,0x49,0x00,0x49,0x00,0x49,0x00,0x49,0x00,0x49,0x00,0x49,0x00,0x49,0x00,0x49,0x00,0x49,0x00,0x49,0x00,0x49,0x00,0x49,0x00,0x49,0x00,0x49,
	0x00,0x49,0x00,0x49,0x00,0x49,0x00,0x49,0x00,0x49,0x00,0x49,0x00,0x49,0x00,0x49,0x00,0x49,0x00,0x49,0x00,0x49,0x00,0x49,0x00,0x49,0x00,0x49,0x00,0x49,0x00,0x49,0x00,0x49,0x00,0x49,0x00,0x49,0x00,0x49,0x00,0x49,0x00,0x49,0x00,0x49,0x00,0x49,0x00,0x49,0x00,0x49,0x00,0x49,0x00,0x49,0x00,0x49,0x00,0x49,0x00,0x49,0x00,0x49,
	0x00,0x49,0x00,0x49,0x00,0x49,0x00,0x49,0x00,0x49,0x00,0x49,0x00,0x49,0x00,0x49,0x00,0x49,0x00,0x49,0x00,0x49,0x00,0x49,0x00,0x49,0x00,0x49,0x00,0x49,0x00,0x49,0x00,0x49,0x00,0x49,0x00,0x49,0x00,0x49,0x00,0x49,0x00,0x49,0x00,0x49,0x00,0x49,0x00,0x49,0x00,0x49,0x00,0x49,0x00,0x49,0x00,0x49,0x00,0x49,0x00,0x49,0x00,0x49,
	0x00,0x49,0x00,0x49,0x00,0x49,0x00,0x49,0x00,0x49,0x00,0x49,0x00,0x49,0x00,0x49,0x00,0x49,0x00,0x49,0x00,0x49,0x00,0x49,0x00,0x49,0x00,0x49,0x00,0x49,0x00,0x49,0x00,0x49,0x00,0x49,0x00,0x49,0x00,0x49,0x00,0x49,0x00,0x49,0x00,0x49,0x00,0x49,0x00,0x49,0x00,0x49,0x00,0x49,0x00,0x49,0x00,0x49,0x00,0x49,0x00,0x49,0x00,0x49,
	0x00,0x49,0x00,0x49,0x00,0x49,0x00,0x49,0x00,0x49,0x00,0x49,0x00,0x49,0x00,0x49,0x00,0x49,0x00,0x49,0x00,0x49,0x00,0x49,0x00,0x49,0x00,0x49,0x00,0x49,0x00,0x49,0x00,0x49,0x00,0x49,0x00,0x49,0x00,0x49,0x00,0x49,0x00,0x49,0x00,0x49,0x00,0x49,0x00,0x49,0x00,0x49,0x00,0x49,0x00,0x49,0x00,0x49,0x00,0x49,0x00,0x49,0x00,0x49,
	0x00,0x49,0x00,0x49,0x00,0x49,0x00,0x49,0x00,0x49,0x00,0x49,0x00,0x49,0x00,0x49,0x00,0x49,0x00,0x49,0x00,0x49,0x00,0x49,0x00,0x49,0x00,0x49,0x00,0x49,0x00,0x49,0x00,0x49,0x00,0x49,0x00,0x49,0x00,0x49,0x00,0x49,0x00,0x49,0x00,0x49,0x00,0x49,0x00,0x49,0x00,0x49,0x00,0x49,0x00,0x49,0x00,0x49,0x00,0x49,0x00,0x49,0x00,0x49,
	0x00,0x49,0x00,0x49,0x00,0x49,0x00,0x49,0x00,0x49,0x00,0x49,0x00,0x49,0x00,0x49,0x00,0x49,0x00,0x49,0x00,0x49,0x00,0x49,0x00,0x49,0x00,0x49,0x00,0x49,0x00,0x49,0x00,0x49,0x00,0x49,0x00,0x49,0x00,0x49,0x00,0x49,0x00,0x49,0x00,0x49,0x00,0x49,0x00,0x49,0x00,0x49,0x00,0x49,0x00,0x49,0x00,0x49,0x00,0x49,0x00,0x49,0x00,0x49,
	0x00,0x49,0x00,0x49,0x00,0x49,0x00,0x49,0x00,0x49,0x00,0x49,0x00,0x49,0x00,0x49,0x00,0x49,0x00,0x49,0x00,0x49,0x00,0x49,0x00,0x49,0x00,0x49,0x00,0x49,0x00,0x49,0x00,0x49,0x00,0x49,0x00,0x49,0x00,0x59,0x80,0xA1,0xE0,0xE9,0xE0,0xE9,0xE0,0xE1,0xE0,0xE1,0xE0,0xE1,0xE0,0xE1,0x00,0xE2,0x00,0xE2,0x00,0xE2,0x00,0xE2,0x00,0xE2,
	0x00,0xE2,0x00,0xE2,0x00,0xEA,0x00,0xEA,0xC0,0xB9,0x20,0x69,0x00,0x49,0x00,0x49,0x00,0x49,0x00,0x49,0x00,0x49,0x00,0x49,0x00,0x49,0x00,0x49,0x00,0x49,0x00,0x49,0x00,0x49,0x00,0x49,0x00,0x49,0x00,0x49,0x00,0x49,0x00,0x49,0x00,0x49,0x00,0x49,0x00,0x49,0x00,0x49,0x00,0x49,0x00,0x49,0xE0,0x48,0xC0,0x38,0xC0,0x81,0x01,0xF3,
	0x21,0xFB,0x21,0xF3,0x21,0xF3,0x21,0xF3,0x21,0xF3,0x21,0xF3,0x21,0xF3,0x21,0xF3,0x21,0xF3,0x21,0xF3,0x21,0xF3,0x21,0xFB,0xE1,0xE2,0x00,0x9A,0x20,0x59,0x00,0x49,0xE0,0x38,0x00,0x51,0x00,0x9A,0xA0,0xDA,0x01,0xF3,0x21,0xFB,0x21,0xF3,0x21,0xF3,0x21,0xF3,0x21,0xF3,0x21,0xF3,0x21,0xF3,0x21,0xF3,0x21,0xF3,0x21,0xF3,0x21,0xF3,
	0x21,0xF3,0x21,0xF3,0x41,0xFB,0xE1,0xDA,0x40,0x61,0xC0,0x38,0x00,0x49,0x00,0x49,0x00,0x49,0x00,0x49,0x00,0x49,0x00,0x49,0x00,0x49,0x00,0x49,0x00,0x49,0x00,0x49,0x00,0x49,0x00,0x49,0x00,0x49,0x00,0x49,0x00,0x49,0x00,0x49,0x00,0x49,0x00,0x49,0x00,0x49,0xE0,0x48,0x00,0x49,0x40,0x61,0xC1,0xC2,0xC2,0xFB,0xA2,0xFB,0xA2,0xFB,
	0xA2,0xFB,0xA2,0xFB,0xA2,0xFB,0xA2,0xFB,0xA2,0xFB,0xC2,0xFB,0xC2,0xFB,0xC2,0xFB,0xC2,0xFB,0xC2,0xFB,0xC2,0xFB,0xE2,0xFB,0xA1,0xBA,0x40,0x61,0x00,0x49,0xE0,0x48,0x00,0x49,0x00,0x49,0x00,0x49,0x00,0x49,0x00,0x49,0x00,0x49,0x00,0x49,0x00,0x49,0x00,0x49,0x00,0x49,0x00,0x49,0x00,0x49,0x00,0x49,0x00,0x49,0x00,0x49,0x00,0x49,
	0x00,0x49,0x00,0x49,0x00,0x49,0x00,0x49,0x00,0x49,0x00,0x49,0x00,0x49,0x00,0x49,0x00,0x49,0x00,0x49,0x00,0x49,0x00,0x49,0x00,0x49,0x00,0x49,0x00,0x49,0x00,0x49,0x00,0x49,0x00,0x49,0x00,0x49,0x00,0x49,0x00,0x49,0x00,0x49,0x00,0x49,0x00,0x49,0x00,0x49,0x00,0x49,0x00,0x49,0x00,0x49,0x00,0x49,0x00,0x49,0x00,0x49,0x00,0x49,
	0x00,0x49,0x00,0x49,0x00,0x49,0x00,0x49,0x00,0x49,0x00,0x49,0x00,0x49,0x00,0x49,0x00,0x49,0x00,0x49,0x00,0x49,0x00,0x49,0x00,0x49,0x00,0x49,0x00,0x49,0x00,0x49,0x00,0x49,0x00,0x49,0x00,0x49,0x00,0x49,0x00,0x49,0x00,0x49,0x00,0x49,0x00,0x49,0x00,0x49,0x00,0x49,0x00,0x49,0x00,0x49,0x00,0x49,0x00,0x49,0x00,0x49,0x00,0x49,
	0x00,0x49,0x00,0x49,0x00,0x49,0x00,0x49,0x00,0x49,0x00,0x49,0x00,0x49,0x00,0x49,0x00,0x49,0x00,0x49,0x00,0x49,0x00,0x49,0x00,0x49,0x00,0x49,0x00,0x49,0x00,0x49,0x00,0x49,0x00,0x49,0x00,0x49,0x00,0x49,0x00,0x49,0x00,0x49,0x00,0x49,0x00,0x49,0x00,0x49,0x00,0x49,0x00,0x49,0x00,0x49,0x00,0x49,0x00,0x49,0x00,0x49,0x00,0x49,
	0x00,0x49,0x00,0x49,0x00,0x49,0x00,0x49,0x00,0x49,0x00,0x49,0x00,0x49,0x00,0x49,0x00,0x49,0x00,0x49,0x00,0x49,0x00,0x49,0x00,0x49,0x00,0x49,0x00,0x49,0x00,0x49,0x00,0x49,0x00,0x49,0x00,0x49,0x00,0x49,0x00,0x49,0x00,0x49,0x00,0x49,0x00,0x49,0x00,0x49,0x00,0x49,0x00,0x49,0x00,0x49,0x00,0x49,0x00,0x49,0x00,0x49,0x00,0x49,
	0x00,0x49,0x00,0x49,0x00,0x49,0x00,0x49,0x00,0x49,0x00,0x49,0x00,0x49,0x00,0x49,0x00,0x49,0x00,0x49,0x00,0x49,0x00,0x49,0x00,0x49,0x00,0x49,0x00,0x49,0x00,0x49,0x00,0x49,0x00,0x49,0x00,0x49,0x00,0x49,0x00,0x49,0x00,0x49,0x00,0x49,0x00,0x49,0x00,0x49,0x00,0x49,0x00,0x49,0x00,0x49,0x00,0x49,0x00,0x49,0x00,0x49,0x00,0x49,
	0x00,0x49,0x00,0x49,0x00,0x49,0x00,0x49,0x00,0x49,0x00,0x49,0x00,0x49,0x00,0x49,0x00,0x49,0x00,0x49,0x00,0x49,0x00,0x49,0x00,0x49,0x00,0x49,0x00,0x49,0x00,0x49,0x00,0x49,0x00,0x49,0x00,0x49,0x00,0x49,0x00,0x49,0x00,0x49,0x00,0x49,0x00,0x49,0x00,0x49,0x00,0x49,0x00,0x49,0x00,0x49,0x00,0x49,0x00,0x49,0x00,0x49,0x00,0x49,
	0x00,0x49,0x00,0x49,0x00,0x49,0x00,0x49,0x00,0x49,0x00,0x49,0x00,0x49,0x00,0x49,0x00,0x49,0x00,0x49,0x00,0x49,0x00,0x49,0x00,0x49,0x00,0x49,0x00,0x49,0x00,0x49,0x00,0x49,0x00,0x49,0x00,0x49,0x00,0x49,0x00,0x49,0x00,0x49,0x00,0x49,0x00,0x49,0x00,0x49,0x00,0x49,0x00,0x49,0x00,0x49,0x00,0x49,0x00,0x49,0x00,0x49,0x00,0x49,
	0x00,0x49,0x00,0x49,0x00,0x49,0x00,0x49,0x00,0x49,0x00,0x49,0x00,0x49,0xE0,0x48,0xE0,0x40,0x60,0x91,0xE0,0xE9,0xE0,0xE9,0xE0,0xE1,0xE0,0xE1,0xE0,0xE1,0xE0,0xE1,0x00,0xE2,0x00,0xE2,0x00,0xE2,0x00,0xE2,0x00,0xE2,0x00,0xE2,0x00,0xE2,0x00,0xE2,0x00,0xEA,0xC0,0xC9,0x60,0x81,0x20,0x59,0xE0,0x40,0x00,0x49,0x00,0x49,0x00,0x49,
	0x00,0x49,0x00,0x49,0x00,0x49,0x00,0x49,0x00,0x49,0x00,0x49,0x00,0x49,0x00,0x49,0x00,0x49,0x00,0x49,0x00,0x49,0x00,0x49,0x00,0x49,0x00,0x49,0x00,0x49,0x00,0x49,0x00,0x49,0xE0,0x48,0xC0,0x38,0xC0,0x81,0x01,0xF3,0x21,0xFB,0x20,0xF3,0x20,0xF3,0x20,0xF3,0x20,0xF3,0x20,0xF3,0x20,0xF3,0x20,0xF3,0x20,0xF3,0x20,0xF3,0x21,0xFB,
	0xE1,0xE2,0x41,0xA2,0x60,0x69,0xE0,0x48,0xE0,0x40,0xE0,0x40,0x00,0x49,0x60,0x71,0x41,0xB2,0x21,0xF3,0x21,0xFB,0x20,0xF3,0x20,0xF3,0x20,0xF3,0x20,0xF3,0x20,0xF3,0x20,0xF3,0x20,0xF3,0x20,0xF3,0x20,0xF3,0x20,0xF3,0x20,0xF3,0x20,0xF3,0x41,0xFB,0xE1,0xE2,0x40,0x61,0xC0,0x38,0x00,0x49,0x00,0x49,0x00,0x49,0x00,0x49,0x00,0x49,
	0x00,0x49,0x00,0x49,0x00,0x49,0x00,0x49,0x00,0x49,0x00,0x49,0x00,0x49,0x00,0x49,0x00,0x49,0x00,0x49,0x00,0x49,0x00,0x49,0x00,0x49,0x00,0x49,0xE0,0x40,0x20,0x59,0xE0,0x81,0x01,0xD3,0xC2,0xFB,0xA2,0xFB,0xA2,0xFB,0xA2,0xFB,0xA2,0xFB,0xA2,0xFB,0xA2,0xFB,0xA2,0xFB,0xC2,0xFB,0xC2,0xFB,0xC2,0xFB,0xC2,0xFB,0xC2,0xFB,0xC2,0xFB,
	0xE2,0xFB,0x81,0xB2,0x00,0x49,0xE0,0x40,0x00,0x49,0x00,0x49,0x00,0x49,0x00,0x49,0x00,0x49,0x00,0x49,0x00,0x49,0x00,0x49,0x00,0x49,0x00,0x49,0x00,0x49,0x00,0x49,0x00,0x49,0x00,0x49,0x00,0x49,0x00,0x49,0x00,0x49,0x00,0x49,0x00,0x49,0x00,0x49,0x00,0x49,0x00,0x49,0x00,0x49,0x00,0x49,0x00,0x49,0x00,0x49,0x00,0x49,0x00,0x49,
	0x00,0x49,0x00,0x49,0x00,0x49,0x00,0x49,0x00,0x49,0x00,0x49,0x00,0x49,0x00,0x49,0x00,0x49,0x00,0x49,0x00,0x49,0x00,0x49,0x00,0x49,0x00,0x49,0x00,0x49,0x00,0x49,0x00,0x49,0x00,0x49,0x00,0x49,0x00,0x49,0x00,0x49,0x00,0x49,0x00,0x49,0x00,0x49,0x00,0x49,0x00,0x49,0x00,0x49,0x00,0x49,0x00,0x49,0x00,0x49,0x00,0x49,0x00,0x49,
	0x00,0x49,0x00,0x49,0x00,0x49,0x00,0x49,0x00,0x49,0x00,0x49,0x00,0x49,0x00,0x49,0x00,0x49,0x00,0x49,0x00,0x49,0x00,0x49,0x00,0x49,0x00,0x49,0x00,0x49,0x00,0x49,0x00,0x49,0x00,0x49,0x00,0x49,0x00,0x49,0x00,0x49,0x00,0x49,0x00,0x49,0x00,0x49,0x00,0x49,0x00,0x49,0x00,0x49,0x00,0x49,0x00,0x49,0x00,0x49,0x00,0x49,0x00,0x49,
	0x00,0x49,0x00,0x49,0x00,0x49,0x00,0x49,0x00,0x49,0x00,0x49,0x00,0x49,0x00,0x49,0x00,0x49,0x00,0x49,0x00,0x49,0x00,0x49,0x00,0x49,0x00,0x49,0x00,0x49,0x00,0x49,0x00,0x49,0x00,0x49,0x00,0x49,0x00,0x49,0x00,0x49,0x00,0x49,0x00,0x49,0x00,0x49,0x00,0x49,0x00,0x49,0x00,0x49,0x00,0x49,0x00,0x49,0x00,0x49,0x00,0x49,0x00,0x49,
	0x00,0x49,0x00,0x49,0x00,0x49,0x00,0x49,0x00,0x49,0x00,0x49,0x00,0x49,0x00,0x49,0x00,0x49,0x00,0x49,0x00,0x49,0x00,0x49,0x00,0x49,0x00,0x49,0x00,0x49,0x00,0x49,0x00,0x49,0x00,0x49,0x00,0x49,0x00,0x49,0x00,0x49,0x00,0x49,0x00,0x49,0x00,0x49,0x00,0x49,0x00,0x49,0x00,0x49,0x00,0x49,0x00,0x49,0x00,0x49,0x00,0x49,0x00,0x49,
	0x00,0x49,0x00,0x49,0x00,0x49,0x00,0x49,0x00,0x49,0x00,0x49,0x00,0x49,0x00,0x49,0x00,0x49,0x00,0x49,0x00,0x49,0x00,0x49,0x00,0x49,0x00,0x49,0x00,0x49,0x00,0x49,0x00,0x49,0x00,0x49,0x00,0x49,0x00,0x49,0x00,0x49,0x00,0x49,0x00,0x49,0x00,0x49,0x00,0x49,0x00,0x49,0x00,0x49,0x00,0x49,0x00,0x49,0x00,0x49,0x00,0x49,0x00,0x49,
	0x00,0x49,0x00,0x49,0x00,0x49,0x00,0x49,0x00,0x49,0x00,0x49,0x00,0x49,0x00,0x49,0x00,0x49,0x00,0x49,0x00,0x49,0x00,0x49,0x00,0x49,0x00,0x49,0x00,0x49,0x00,0x49,0x00,0x49,0x00,0x49,0x00,0x49,0x00,0x49,0x00,0x49,0x00,0x49,0x00,0x49,0x00,0x49,0x00,0x49,0x00,0x49,0x00,0x49,0x00,0x49,0x00,0x49,0x00,0x49,0x00,0x49,0x00,0x49,
	0x00,0x49,0x00,0x49,0x00,0x49,0x00,0x49,0x00,0x49,0x00,0x49,0x00,0x49,0x00,0x49,0x00,0x49,0x00,0x49,0x00,0x49,0x00,0x49,0x00,0x49,0x00,0x49,0x00,0x49,0x00,0x49,0x00,0x49,0x00,0x49,0x00,0x49,0x00,0x49,0x00,0x49,0x00,0x49,0x00,0x49,0x00,0x49,0x00,0x49,0x00,0x49,0x00,0x49,0x00,0x49,0xE0,0x40,0xE0,0x40,0x60,0x81,0xE0,0xD1,
	0xE0,0xE1,0xE0,0xE9,0xE0,0xE1,0xE0,0xE1,0xE0,0xE1,0x00,0xE2,0x00,0xE2,0x00,0xE2,0x00,0xE2,0x00,0xE2,0x00,0xE2,0x00,0xE2,0x00,0xE2,0x00,0xEA,0xE0,0xD1,0x80,0xA1,0x20,0x69,0xE0,0x40,0x00,0x49,0x00,0x49,0x00,0x49,0x00,0x49,0x00,0x49,0x00,0x49,0x00,0x49,0x00,0x49,0x00,0x49,0x00,0x49,0x00,0x49,0x00,0x49,0x00,0x49,0x00,0x49,
	0x00,0x49,0x00,0x49,0x00,0x49,0x00,0x49,0x00,0x49,0x00,0x49,0xE0,0x48,0xC0,0x38,0xC0,0x81,0x01,0xF3,0x21,0xFB,0x21,0xF3,0x21,0xF3,0x21,0xF3,0x21,0xF3,0x21,0xF3,0x21,0xF3,0x21,0xF3,0x21,0xF3,0x21,0xF3,0x21,0xFB,0x81,0xC2,0x60,0x71,0x00,0x51,0xE0,0x40,0x00,0x49,0xE0,0x48,0x00,0x49,0x20,0x59,0x00,0x92,0xE1,0xE2,0x21,0xFB,
	0x21,0xF3,0x21,0xF3,0x21,0xF3,0x21,0xF3,0x21,0xF3,0x21,0xF3,0x21,0xF3,0x21,0xF3,0x21,0xF3,0x21,0xF3,0x21,0xF3,0x21,0xF3,0x41,0xFB,0xE1,0xDA,0x40,0x61,0xC0,0x38,0x00,0x49,0x00,0x49,0x00,0x49,0x00,0x49,0x00,0x49,0x00,0x49,0x00,0x49,0x00,0x49,0x00,0x49,0x00,0x49,0x00,0x49,0x00,0x49,0x00,0x49,0x00,0x49,0x00,0x49,0x00,0x49,
	0x00,0x49,0x00,0x49,0x00,0x49,0xE0,0x40,0x60,0x69,0x41,0xA2,0x41,0xE3,0xA2,0xFB,0xA2,0xFB,0xA2,0xFB,0xA2,0xFB,0xA2,0xFB,0xA2,0xFB,0xA2,0xFB,0xA2,0xFB,0xC2,0xFB,0xC2,0xFB,0xC2,0xFB,0xC2,0xFB,0xC2,0xFB,0xC2,0xFB,0xA2,0xFB,0x21,0x9A,0xE0,0x40,0xE0,0x40,0x00,0x49,0x00,0x49,0x00,0x49,0x00,0x49,0x00,0x49,0x00,0x49,0x00,0x49,
	0x00,0x49,0x00,0x49,0x00,0x49,0x00,0x49,0x00,0x49,0x00,0x49,0x00,0x49,0x00,0x49,0x00,0x49,0x00,0x49,0x00,0x49,0x00,0x49,0x00,0x49,0x00,0x49,0x00,0x49,0x00,0x49,0x00,0x49,0x00,0x49,0x00,0x49,0x00,0x49,0x00,0x49,0x00,0x49,0x00,0x49,0x00,0x49,0x00,0x49,0x00,0x49,0x00,0x49,0x00,0x49,0x00,0x49,0x00,0x49,0x00,0x49,0x00,0x49,
	0x00,0x49,0x00,0x49,0x00,0x49,0x00,0x49,0x00,0x49,0x00,0x49,0x00,0x49,0x00,0x49,0x00,0x49,0x00,0x49,0x00,0x49,0x00,0x49,0x00,0x49,0x00,0x49,0x00,0x49,0x00,0x49,0x00,0x49,0x00,0x49,0x00,0x49,0x00,0x49,0x00,0x49,0x00,0x49,0x00,0x49,0x00,0x49,0x00,0x49,0x00,0x49,0x00,0x49,0x00,0x49,0x00,0x49,0x00,0x49,0x00,0x49,0x00,0x49,
	0x00,0x49,0x00,0x49,0x00,0x49,0x00,0x49,0x00,0x49,0x00,0x49,0x00,0x49,0x00,0x49,0x00,0x49,0x00,0x49,0x00,0x49,0x00,0x49,0x00,0x49,0x00,0x49,0x00,0x49,0x00,0x49,0x00,0x49,0x00,0x49,0x00,0x49,0x00,0x49,0x00,0x49,0x00,0x49,0x00,0x49,0x00,0x49,0x00,0x49,0x00,0x49,0x00,0x49,0x00,0x49,0x00,0x49,0x00,0x49,0x00,0x49,0x00,0x49,
	0x00,0x49,0x00,0x49,0x00,0x49,0x00,0x49,0x00,0x49,0x00,0x49,0x00,0x49,0x00,0x49,0x00,0x49,0x00,0x49,0x00,0x49,0x00,0x49,0x00,0x49,0x00,0x49,0x00,0x49,0x00,0x49,0x00,0x49,0x00,0x49,0x00,0x49,0x00,0x49,0x00,0x49,0x00,0x49,0x00,0x49,0x00,0x49,0x00,0x49,0x00,0x49,0x00,0x49,0x00,0x49,0x00,0x49,0x00,0x49,0x00,0x49,0x00,0x49,
	0x00,0x49,0x00,0x49,0x00,0x49,0x00,0x49,0x00,0x49,0x00,0x49,0x00,0x49,0x00,0x49,0x00,0x49,0x00,0x49,0x00,0x49,0x00,0x49,0x00,0x49,0x00,0x49,0x00,0x49,0x00,0x49,0x00,0x49,0x00,0x49,0x00,0x49,0x00,0x49,0x00,0x49,0x00,0x49,0x00,0x49,0x00,0x49,0x00,0x49,0x00,0x49,0x00,0x49,0x00,0x49,0x00,0x49,0x00,0x49,0x00,0x49,0x00,0x49,
	0x00,0x49,0x00,0x49,0x00,0x49,0x00,0x49,0x00,0x49,0x00,0x49,0x00,0x49,0x00,0x49,0x00,0x49,0x00,0x49,0x00,0x49,0x00,0x49,0x00,0x49,0x00,0x49,0x00,0x49,0x00,0x49,0x00,0x49,0x00,0x49,0x00,0x49,0x00,0x49,0x00,0x49,0x00,0x49,0x00,0x49,0x00,0x49,0x00,0x49,0x00,0x49,0x00,0x49,0x00,0x49,0x00,0x49,0x00,0x49,0x00,0x49,0x00,0x49,
	0x00,0x49,0x00,0x49,0x00,0x49,0x00,0x49,0x00,0x49,0x00,0x49,0x00,0x49,0x00,0x49,0x00,0x49,0x00,0x49,0x00,0x49,0x00,0x49,0x00,0x49,0x00,0x49,0x00,0x49,0x00,0x49,0x00,0x49,0x00,0x49,0x00,0x49,0x00,0x49,0x00,0x49,0x00,0x49,0x00,0x49,0x00,0x49,0x00,0x49,0x00,0x49,0x00,0x49,0x00,0x49,0x00,0x49,0x00,0x49,0x00,0x49,0x00,0x49,
	0x00,0x49,0x00,0x49,0x00,0x49,0x00,0x49,0x00,0x49,0x00,0x49,0x00,0x49,0x00,0x49,0x00,0x49,0x00,0x49,0x00,0x49,0x00,0x49,0x00,0x49,0x00,0x49,0x00,0x49,0x00,0x49,0x00,0x49,0x00,0x49,0xE0,0x40,0x60,0x79,0xC0,0xB9,0xE0,0xE1,0xE0,0xE9,0xE0,0xE1,0xE0,0xE1,0xE0,0xE1,0x00,0xE2,0x00,0xE2,0x00,0xE2,0x00,0xE2,0x00,0xE2,0x00,0xE2,
	0x00,0xE2,0x00,0xE2,0x00,0xEA,0xE0,0xE1,0xC0,0xC9,0x40,0x71,0xE0,0x40,0x00,0x49,0x00,0x49,0x00,0x49,0x00,0x49,0x00,0x49,0x00,0x49,0x00,0x49,0x00,0x49,0x00,0x49,0x00,0x49,0x00,0x49,0x00,0x49,0x00,0x49,0x00,0x49,0x00,0x49,0x00,0x49,0x00,0x49,0x00,0x49,0x00,0x49,0x00,0x49,0xE0,0x48,0xC0,0x38,0xC0,0x81,0x21,0xEB,0x41,0xFB,
	0x42,0xFB,0x42,0xF3,0x42,0xF3,0x42,0xF3,0x42,0xF3,0x42,0xF3,0x42,0xF3,0x42,0xFB,0x42,0xF3,0x21,0xE3,0x21,0x9A,0x00,0x49,0xE0,0x40,0x00,0x49,0x00,0x49,0x00,0x49,0x00,0x49,0xE0,0x40,0x60,0x69,0x81,0xC2,0x21,0xEB,0x42,0xFB,0x42,0xFB,0x42,0xF3,0x42,0xF3,0x42,0xF3,0x42,0xF3,0x42,0xF3,0x42,0xF3,0x42,0xF3,0x42,0xF3,0x42,0xF3,
	0x42,0xF3,0x41,0xFB,0xE1,0xDA,0x40,0x61,0xC0,0x38,0x00,0x49,0x00,0x49,0x00,0x49,0x00,0x49,0x00,0x49,0x00,0x49,0x00,0x49,0x00,0x49,0x00,0x49,0x00,0x49,0x00,0x49,0x00,0x49,0x00,0x49,0x00,0x49,0x00,0x49,0x00,0x49,0x00,0x49,0x00,0x49,0x00,0x49,0xC0,0x40,0xA0,0x71,0xE1,0xD2,0x82,0xF3,0xA2,0xFB,0xA2,0xFB,0xA2,0xFB,0xA2,0xFB,
	0xA2,0xFB,0xA2,0xFB,0xA2,0xFB,0xA2,0xFB,0xC2,0xFB,0xC2,0xFB,0xC2,0xFB,0xC2,0xFB,0xC2,0xFB,0xA2,0xFB,0x01,0xD3,0x00,0x92,0xE0,0x40,0xE0,0x40,0x00,0x49,0x00,0x49,0x00,0x49,0x00,0x49,0x00,0x49,0x00,0x49,0x00,0x49,0x00,0x49,0x00,0x49,0x00,0x49,0x00,0x49,0x00,0x49,0x00,0x49,0x00,0x49,0x00,0x49,0x00,0x49,0x00,0x49,0x00,0x49,
	0x00,0x49,0x00,0x49,0x00,0x49,0x00,0x49,0x00,0x49,0x00,0x49,0x00,0x49,0x00,0x49,0x00,0x49,0x00,0x49,0x00,0x49,0x00,0x49,0x00,0x49,0x00,0x49,0x00,0x49,0x00,0x49,0x00,0x49,0x00,0x49,0x00,0x49,0x00,0x49,0x00,0x49,0x00,0x49,0x00,0x49,0x00,0x49,0x00,0x49,0x00,0x49,0x00,0x49,0x00,0x49,0x00,0x49,0x00,0x49,0x00,0x49,0x00,0x49,
	0x00,0x49,0x00,0x49,0x00,0x49,0x00,0x49,0x00,0x49,0x00,0x49,0x00,0x49,0x00,0x49,0x00,0x49,0x00,0x49,0x00,0x49,0x00,0x49,0x00,0x49,0x00,0x49,0x00,0x49,0x00,0x49,0x00,0x49,0x00,0x49,0x00,0x49,0x00,0x49,0x00,0x49,0x00,0x49,0x00,0x49,0x00,0x49,0x00,0x49,0x00,0x49,0x00,0x49,0x00,0x49,0x00,0x49,0x00,0x49,0x00,0x49,0x00,0x49,
	0x00,0x49,0x00,0x49,0x00,0x49,0x00,0x49,0x00,0x49,0x00,0x49,0x00,0x49,0x00,0x49,0x00,0x49,0x00,0x49,0x00,0x49,0x00,0x49,0x00,0x49,0x00,0x49,0x00,0x49,0x00,0x49,0x00,0x49,0x00,0x49,0x00,0x49,0x00,0x49,0x00,0x49,0x00,0x49,0x00,0x49,0x00,0x49,0x00,0x49,0x00,0x49,0x00,0x49,0x00,0x49,0x00,0x49,0x00,0x49,0x00,0x49,0x00,0x49,
	0x00,0x49,0x00,0x49,0x00,0x49,0x00,0x49,0x00,0x49,0x00,0x49,0x00,0x49,0x00,0x49,0x00,0x49,0x00,0x49,0x00,0x49,0x00,0x49,0x00,0x49,0x00,0x49,0x00,0x49,0x00,0x49,0x00,0x49,0x00,0x49,0x00,0x49,0x00,0x49,0x00,0x49,0x00,0x49,0x00,0x49,0x00,0x49,0x00,0x49,0x00,0x49,0x00,0x49,0x00,0x49,0x00,0x49,0x00,0x49,0x00,0x49,0x00,0x49,
	0x00,0x49,0x00,0x49,0x00,0x49,0x00,0x49,0x00,0x49,0x00,0x49,0x00,0x49,0x00,0x49,0x00,0x49,0x00,0x49,0x00,0x49,0x00,0x49,0x00,0x49,0x00,0x49,0x00,0x49,0x00,0x49,0x00,0x49,0x00,0x49,0x00,0x49,0x00,0x49,0x00,0x49,0x00,0x49,0x00,0x49,0x00,0x49,0x00,0x49,0x00,0x49,0x00,0x49,0x00,0x49,0x00,0x49,0x00,0x49,0x00,0x49,0x00,0x49,
	0x00,0x49,0x00,0x49,0x00,0x49,0x00,0x49,0x00,0x49,0x00,0x49,0x00,0x49,0x00,0x49,0x00,0x49,0x00,0x49,0x00,0x49,0x00,0x49,0x00,0x49,0x00,0x49,0x00,0x49,0x00,0x49,0x00,0x49,0x00,0x49,0x00,0x49,0x00,0x49,0x00,0x49,0x00,0x49,0x00,0x49,0x00,0x49,0x00,0x49,0x00,0x49,0x00,0x49,0x00,0x49,0x00,0x49,0x00,0x49,0x00,0x49,0x00,0x49,
	0x00,0x49,0x00,0x49,0x00,0x49,0x00,0x49,0x00,0x49,0x00,0x49,0x00,0x49,0x00,0x49,0x00,0x49,0x00,0x49,0x00,0x49,0x00,0x49,0x00,0x49,0x00,0x49,0x00,0x49,0x00,0x49,0x00,0x49,0x00,0x49,0x00,0x49,0x00,0x49,0x00,0x49,0x00,0x49,0x00,0x49,0x00,0x49,0x00,0x49,0x00,0x49,0x00,0x49,0x00,0x49,0x00,0x49,0x00,0x49,0x00,0x49,0x00,0x49,
	0x00,0x49,0x00,0x49,0x00,0x49,0x00,0x49,0x00,0x49,0x00,0x49,0x00,0x49,0xE0,0x40,0x20,0x69,0x80,0xA1,0xC0,0xD1,0xE0,0xE9,0xE0,0xE1,0xE0,0xE1,0xE0,0xE1,0x00,0xE2,0x00,0xE2,0x00,0xE2,0x00,0xE2,0x00,0xE2,0x00,0xE2,0x00,0xE2,0x00,0xE2,0x00,0xEA,0x00,0xEA,0xE0,0xE1,0x80,0x89,0xE0,0x48,0x00,0x49,0x00,0x49,0x00,0x49,0x00,0x49,
	0x00,0x49,0x00,0x49,0x00,0x49,0x00,0x49,0x00,0x49,0x00,0x49,0x00,0x49,0x00,0x49,0x00,0x49,0x00,0x49,0x00,0x49,0x00,0x49,0x00,0x49,0x00,0x49,0x00,0x49,0x00,0x49,0x00,0x49,0xC0,0x40,0xC0,0x81,0xE1,0xE2,0x41,0xFB,0x42,0xF3,0x42,0xF3,0x42,0xF3,0x42,0xF3,0x42,0xF3,0x42,0xF3,0x42,0xF3,0x62,0xFB,0x21,0xEB,0x81,0xC2,0xC0,0x81,
	0xE0,0x40,0xE0,0x40,0x00,0x49,0x00,0x49,0x00,0x49,0x00,0x49,0xE0,0x40,0x20,0x51,0xA0,0x79,0xC1,0xC2,0x41,0xFB,0x42,0xFB,0x42,0xF3,0x42,0xF3,0x42,0xF3,0x42,0xF3,0x42,0xF3,0x42,0xF3,0x42,0xF3,0x42,0xF3,0x42,0xF3,0x42,0xF3,0x41,0xF3,0xC1,0xD2,0x40,0x61,0xC0,0x40,0x00,0x49,0x00,0x49,0x00,0x49,0x00,0x49,0x00,0x49,0x00,0x49,
	0x00,0x49,0x00,0x49,0x00,0x49,0x00,0x49,0x00,0x49,0x00,0x49,0x00,0x49,0x00,0x49,0x00,0x49,0x00,0x49,0x00,0x49,0x00,0x49,0x00,0x49,0x00,0x49,0xE0,0x81,0x41,0xEB,0xA2,0xFB,0xA2,0xFB,0xA2,0xFB,0xA2,0xFB,0xA2,0xFB,0xA2,0xFB,0xA2,0xFB,0xA2,0xFB,0xA2,0xFB,0xC2,0xFB,0xC2,0xFB,0xC2,0xFB,0xC2,0xFB,0xE2,0xFB,0x82,0xF3,0xA1,0xBA,
	0xA0,0x79,0xE0,0x40,0xE0,0x40,0x00,0x49,0x00,0x49,0x00,0x49,0x00,0x49,0x00,0x49,0x00,0x49,0x00,0x49,0x00,0x49,0x00,0x49,0x00,0x49,0x00,0x49,0x00,0x49,0x00,0x49,0x00,0x49,0x00,0x49,0x00,0x49,0x00,0x49,0x00,0x49,0x00,0x49,0x00,0x49,0x00,0x49,0x00,0x49,0x00,0x49,0x00,0x49,0x00,0x49,0x00,0x49,0x00,0x49,0x00,0x49,0x00,0x49,
	0x00,0x49,0x00,0x49,0x00,0x49,0x00,0x49,0x00,0x49,0x00,0x49,0x00,0x49,0x00,0x49,0x00,0x49,0x00,0x49,0x00,0x49,0x00,0x49,0x00,0x49,0x00,0x49,0x00,0x49,0x00,0x49,0x00,0x49,0x00,0x49,0x00,0x49,0x00,0x49,0x00,0x49,0x00,0x49,0x00,0x49,0x00,0x49,0x00,0x49,0x00,0x49,0x00,0x49,0x00,0x49,0x00,0x49,0x00,0x49,0x00,0x49,0x00,0x49,
	0x00,0x49,0x00,0x49,0x00,0x49,0x00,0x49,0x00,0x49,0x00,0x49,0x00,0x49,0x00,0x49,0x00,0x49,0x00,0x49,0x00,0x49,0x00,0x49,0x00,0x49,0x00,0x49,0x00,0x49,0x00,0x49,0x00,0x49,0x00,0x49,0x00,0x49,0x00,0x49,0x00,0x49,0x00,0x49,0x00,0x49,0x00,0x49,0x00,0x49,0x00,0x49,0x00,0x49,0x00,0x49,0x00,0x49,0x00,0x49,0x00,0x49,0x00,0x49,
	0x00,0x49,0x00,0x49,0x00,0x49,0x00,0x49,0x00,0x49,0x00,0x49,0x00,0x49,0x00,0x49,0x00,0x49,0x00,0x49,0x00,0x49,0x00,0x49,0x00,0x49,0x00,0x49,0x00,0x49,0x00,0x49,0x00,0x49,0x00,0x49,0x00,0x49,0x00,0x49,0x00,0x49,0x00,0x49,0x00,0x49,0x00,0x49,0x00,0x49,0x00,0x49,0x00,0x49,0x00,0x49,0x00,0x49,0x00,0x49,0x00,0x49,0x00,0x49,
	0x00,0x49,0x00,0x49,0x00,0x49,0x00,0x49,0x00,0x49,0x00,0x49,0x00,0x49,0x00,0x49,0x00,0x49,0x00,0x49,0x00,0x49,0x00,0x49,0x00,0x49,0x00,0x49,0x00,0x49,0x00,0x49,0x00,0x49,0x00,0x49,0x00,0x49,0x00,0x49,0x00,0x49,0x00,0x49,0x00,0x49,0x00,0x49,0x00,0x49,0x00,0x49,0x00,0x49,0x00,0x49,0x00,0x49,0x00,0x49,0x00,0x49,0x00,0x49,
	0x00,0x49,0x00,0x49,0x00,0x49,0x00,0x49,0x00,0x49,0x00,0x49,0x00,0x49,0x00,0x49,0x00,0x49,0x00,0x49,0x00,0x49,0x00,0x49,0x00,0x49,0x00,0x49,0x00,0x49,0x00,0x49,0x00,0x49,0x00,0x49,0x00,0x49,0x00,0x49,0x00,0x49,0x00,0x49,0x00,0x49,0x00,0x49,0x00,0x49,0x00,0x49,0x00,0x49,0x00,0x49,0x00,0x49,0x00,0x49,0x00,0x49,0x00,0x49,
	0x00,0x49,0x00,0x49,0x00,0x49,0x00,0x49,0x00,0x49,0x00,0x49,0x00,0x49,0x00,0x49,0x00,0x49,0x00,0x49,0x00,0x49,0x00,0x49,0x00,0x49,0x00,0x49,0x00,0x49,0x00,0x49,0x00,0x49,0x00,0x49,0x00,0x49,0x00,0x49,0x00,0x49,0x00,0x49,0x00,0x49,0x00,0x49,0x00,0x49,0x00,0x49,0x00,0x49,0x00,0x49,0x00,0x49,0x00,0x49,0x00,0x49,0x00,0x49,
	0x00,0x49,0x00,0x49,0x00,0x49,0x00,0x49,0x00,0x49,0x00,0x49,0x00,0x49,0x00,0x49,0x00,0x49,0x00,0x49,0x00,0x49,0x00,0x49,0x00,0x49,0x00,0x49,0x00,0x49,0x00,0x49,0x00,0x49,0x00,0x49,0x00,0x49,0x00,0x49,0x00,0x49,0x00,0x49,0x00,0x49,0x00,0x49,0x00,0x49,0x00,0x49,0x00,0x49,0x00,0x49,0xE0,0x40,0x20,0x59,0x80,0x89,0xC0,0xD1,
	0xE0,0xE9,0xE0,0xE1,0xE0,0xE1,0xE0,0xE1,0x00,0xE2,0x00,0xE2,0x00,0xE2,0x00,0xE2,0x00,0xE2,0x00,0xE2,0x00,0xE2,0x00,0xE2,0x00,0xE2,0x00,0xEA,0x20,0xEA,0x80,0xA1,0x20,0x59,0x00,0x49,0x00,0x41,0x00,0x49,0x00,0x49,0x00,0x49,0x00,0x49,0x00,0x49,0x00,0x49,0x00,0x49,0x00,0x49,0x00,0x49,0x00,0x49,0x00,0x49,0x00,0x49,0x00,0x49,
	0x00,0x49,0x00,0x49,0x00,0x49,0x00,0x49,0x00,0x49,0x00,0x49,0xE0,0x40,0xA0,0x79,0xC1,0xD2,0x21,0xF3,0x42,0xFB,0x42,0xF3,0x42,0xF3,0x42,0xF3,0x42,0xF3,0x42,0xF3,0x42,0xF3,0x62,0xFB,0x21,0xEB,0x00,0x9A,0x60,0x69,0x00,0x49,0xE0,0x40,0x00,0x49,0x00,0x49,0x00,0x49,0x00,0x49,0x00,0x49,0xE0,0x40,0xE0,0x40,0x00,0x9A,0x21,0xF3,
	0x42,0xFB,0x42,0xFB,0x42,0xF3,0x42,0xF3,0x42,0xF3,0x42,0xF3,0x42,0xF3,0x42,0xF3,0x42,0xF3,0x42,0xFB,0x42,0xFB,0x21,0xEB,0x81,0xC2,0x40,0x59,0xE0,0x40,0x00,0x49,0x00,0x49,0x00,0x49,0x00,0x49,0x00,0x49,0x00,0x49,0x00,0x49,0x00,0x49,0x00,0x49,0x00,0x49,0x00,0x49,0x00,0x49,0x00,0x49,0x00,0x49,0x00,0x49,0x00,0x49,0x00,0x49,
	0xE0,0x40,0x00,0x49,0x40,0x59,0x41,0xA2,0x82,0xFB,0xA2,0xFB,0xA2,0xFB,0xA2,0xFB,0xA2,0xFB,0xA2,0xFB,0xA2,0xFB,0xA2,0xFB,0xA2,0xFB,0xA2,0xFB,0xC2,0xFB,0xC2,0xFB,0xC2,0xFB,0xC2,0xFB,0xE2,0xFB,0x61,0xEB,0x21,0x9A,0x60,0x69,0xE0,0x48,0xE0,0x48,0x00,0x49,0x00,0x49,0x00,0x49,0x00,0x49,0x00,0x49,0x00,0x49,0x00,0x49,0x00,0x49,
	0x00,0x49,0x00,0x49,0x00,0x49,0x00,0x49,0x00,0x49,0x00,0x49,0x00,0x49,0x00,0x49,0x00,0x49,0x00,0x49,0x00,0x49,0x00,0x49,0x00,0x49,0x00,0x49,0x00,0x49,0x00,0x49,0x00,0x49,0x00,0x49,0x00,0x49,0x00,0x49,0x00,0x49,0x00,0x49,0x00,0x49,0x00,0x49,0x00,0x49,0x00,0x49,0x00,0x49,0x00,0x49,0x00,0x49,0x00,0x49,0x00,0x49,0x00,0x49,
	0x00,0x49,0x00,0x49,0x00,0x49,0x00,0x49,0x00,0x49,0x00,0x49,0x00,0x49,0x00,0x49,0x00,0x49,0x00,0x49,0x00,0x49,0x00,0x49,0x00,0x49,0x00,0x49,0x00,0x49,0x00,0x49,0x00,0x49,0x00,0x49,0x00,0x49,0x00,0x49,0x00,0x49,0x00,0x49,0x00,0x49,0x00,0x49,0x00,0x49,0x00,0x49,0x00,0x49,0x00,0x49,0x00,0x49,0x00,0x49,0x00,0x49,0x00,0x49,
	0x00,0x49,0x00,0x49,0x00,0x49,0x00,0x49,0x00,0x49,0x00,0x49,0x00,0x49,0x00,0x49,0x00,0x49,0x00,0x49,0x00,0x49,0x00,0x49,0x00,0x49,0x00,0x49,0x00,0x49,0x00,0x49,0x00,0x49,0x00,0x49,0x00,0x49,0x00,0x49,0x00,0x49,0x00,0x49,0x00,0x49,0x00,0x49,0x00,0x49,0x00,0x49,0x00,0x49,0x00,0x49,0x00,0x49,0x00,0x49,0x00,0x49,0x00,0x49,
	0x00,0x49,0x00,0x49,0x00,0x49,0x00,0x49,0x00,0x49,0x00,0x49,0x00,0x49,0x00,0x49,0x00,0x49,0x00,0x49,0x00,0x49,0x00,0x49,0x00,0x49,0x00,0x49,0x00,0x49,0x00,0x49,0x00,0x49,0x00,0x49,0x00,0x49,0x00,0x49,0x00,0x49,0x00,0x49,0x00,0x49,0x00,0x49,0x00,0x49,0x00,0x49,0x00,0x49,0x00,0x49,0x00,0x49,0x00,0x49,0x00,0x49,0x00,0x49,
	0x00,0x49,0x00,0x49,0x00,0x49,0x00,0x49,0x00,0x49,0x00,0x49,0x00,0x49,0x00,0x49,0x00,0x49,0x00,0x49,0x00,0x49,0x00,0x49,0x00,0x49,0x00,0x49,0x00,0x49,0x00,0x49,0x00,0x49,0x00,0x49,0x00,0x49,0x00,0x49,0x00,0x49,0x00,0x49,0x00,0x49,0x00,0x49,0x00,0x49,0x00,0x49,0x00,0x49,0x00,0x49,0x00,0x49,0x00,0x49,0x00,0x49,0x00,0x49,
	0x00,0x49,0x00,0x49,0x00,0x49,0x00,0x49,0x00,0x49,0x00,0x49,0x00,0x49,0x00,0x49,0x00,0x49,0x00,0x49,0x00,0x49,0x00,0x49,0x00,0x49,0x00,0x49,0x00,0x49,0x00,0x49,0x00,0x49,0x00,0x49,0x00,0x49,0x00,0x49,0x00,0x49,0x00,0x49,0x00,0x49,0x00,0x49,0x00,0x49,0x00,0x49,0x00,0x49,0x00,0x49,0x00,0x49,0x00,0x49,0x00,0x49,0x00,0x49,
	0x00,0x49,0x00,0x49,0x00,0x49,0x00,0x49,0x00,0x49,0x00,0x49,0x00,0x49,0x00,0x49,0x00,0x49,0x00,0x49,0x00,0x49,0x00,0x49,0x00,0x49,0x00,0x49,0x00,0x49,0x00,0x49,0x00,0x49,0x00,0x49,0x00,0x49,0x00,0x49,0x00,0x49,0x00,0x49,0x00,0x49,0x00,0x49,0x00,0x49,0x00,0x49,0x00,0x49,0x00,0x49,0x00,0x49,0x00,0x49,0x00,0x49,0x00,0x49,
	0x00,0x49,0x00,0x49,0x00,0x49,0x00,0x49,0x00,0x49,0x00,0x49,0x00,0x49,0x00,0x49,0x00,0x49,0x00,0x49,0x00,0x49,0x00,0x49,0x00,0x49,0x00,0x49,0x00,0x49,0x00,0x49,0x00,0x49,0x00,0x49,0x00,0x49,0x20,0x69,0xC0,0xC9,0xE0,0xE9,0xE0,0xE1,0xE0,0xE1,0xE0,0xE1,0x00,0xE2,0x00,0xE2,0x00,0xE2,0x00,0xE2,0x00,0xE2,0x00,0xE2,0x00,0xE2,
	0x00,0xE2,0x00,0xE2,0x00,0xEA,0x20,0xEA,0xC0,0xB9,0x80,0x89,0x00,0x51,0xE0,0x40,0x00,0x49,0x00,0x49,0x00,0x49,0x00,0x49,0x00,0x49,0x00,0x49,0x00,0x49,0x00,0x49,0x00,0x49,0x00,0x49,0x00,0x49,0x00,0x49,0x00,0x49,0x00,0x49,0x00,0x49,0x00,0x49,0x00,0x49,0x00,0x49,0x00,0x49,0xE0,0x40,0x60,0x69,0xA1,0xBA,0x21,0xE3,0x62,0xFB,
	0x42,0xF3,0x62,0xF3,0x62,0xF3,0x62,0xF3,0x62,0xF3,0x62,0xF3,0x82,0xFB,0x21,0xEB,0xC0,0x81,0x00,0x51,0x00,0x49,0x00,0x49,0x00,0x49,0x00,0x49,0x00,0x49,0x00,0x49,0x00,0x49,0xE0,0x40,0xE0,0x40,0xE0,0x81,0xC1,0xD2,0x21,0xEB,0x62,0xFB,0x62,0xF3,0x62,0xF3,0x62,0xF3,0x62,0xF3,0x62,0xF3,0x62,0xF3,0x62,0xF3,0x62,0xFB,0x62,0xFB,
	0xE1,0xDA,0x41,0xA2,0x20,0x59,0xE0,0x40,0x00,0x49,0x00,0x49,0x00,0x49,0x00,0x49,0x00,0x49,0x00,0x49,0x00,0x49,0x00,0x49,0x00,0x49,0x00,0x49,0x00,0x49,0x00,0x49,0x00,0x49,0x00,0x49,0x00,0x49,0x00,0x49,0x00,0x49,0xE0,0x40,0x00,0x51,0x00,0x92,0xC1,0xD2,0x82,0xFB,0xA2,0xFB,0xA2,0xFB,0xA2,0xFB,0xA2,0xFB,0xA2,0xFB,0xA2,0xFB,
	0xA2,0xFB,0xA2,0xFB,0xA2,0xFB,0xC2,0xFB,0xC2,0xFB,0xC2,0xFB,0xC2,0xFB,0xE2,0xFB,0x41,0xEB,0xC0,0x81,0x20,0x51,0x00,0x49,0x00,0x49,0x00,0x49,0x00,0x49,0x00,0x49,0x00,0x49,0x00,0x49,0x00,0x49,0x00,0x49,0x00,0x49,0x00,0x49,0x00,0x49,0x00,0x49,0x00,0x49,0x00,0x49,0x00,0x49,0x00,0x49,0x00,0x49,0x00,0x49,0x00,0x49,0x00,0x49,
	0x00,0x49,0x00,0x49,0x00,0x49,0x00,0x49,0x00,0x49,0x00,0x49,0x00,0x49,0x00,0x49,0x00,0x49,0x00,0x49,0x00,0x49,0x00,0x49,0x00,0x49,0x00,0x49,0x00,0x49,0x00,0x49,0x00,0x49,0x00,0x49,0x00,0x49,0x00,0x49,0x00,0x49,0x00,0x49,0x00,0x49,0x00,0x49,0x00,0x49,0x00,0x49,0x00,0x49,0x00,0x49,0x00,0x49,0x00,0x49,0x00,0x49,0x00,0x49,
	0x00,0x49,0x00,0x49,0x00,0x49,0x00,0x49,0x00,0x49,0x00,0x49,0x00,0x49,0x00,0x49,0x00,0x49,0x00,0x49,0x00,0x49,0x00,0x49,0x00,0x49,0x00,0x49,0x00,0x49,0x00,0x49,0x00,0x49,0x00,0x49,0x00,0x49,0x00,0x49,0x00,0x49,0x00,0x49,0x00,0x49,0x00,0x49,0x00,0x49,0x00,0x49,0x00,0x49,0x00,0x49,0x00,0x49,0x00,0x49,0x00,0x49,0x00,0x49,
	0x00,0x49,0x00,0x49,0x00,0x49,0x00,0x49,0x00,0x49,0x00,0x49,0x00,0x49,0x00,0x49,0x00,0x49,0x00,0x49,0x00,0x49,0x00,0x49,0x00,0x49,0x00,0x49,0x00,0x49,0x00,0x49,0x00,0x49,0x00,0x49,0x00,0x49,0x00,0x49,0x00,0x49,0x00,0x49,0x00,0x49,0x00,0x49,0x00,0x49,0x00,0x49,0x00,0x49,0x00,0x49,0x00,0x49,0x00,0x49,0x00,0x49,0x00,0x49,
	0x00,0x49,0x00,0x49,0x00,0x49,0x00,0x49,0x00,0x49,0x00,0x49,0x00,0x49,0x00,0x49,0x00,0x49,0x00,0x49,0x00,0x49,0x00,0x49,0x00,0x49,0x00,0x49,0x00,0x49,0x00,0x49,0x00,0x49,0x00,0x49,0x00,0x49,0x00,0x49,0x00,0x49,0x00,0x49,0x00,0x49,0x00,0x49,0x00,0x49,0x00,0x49,0x00,0x49,0x00,0x49,0x00,0x49,0x00,0x49,0x00,0x49,0x00,0x49,
	0x00,0x49,0x00,0x49,0x00,0x49,0x00,0x49,0x00,0x49,0x00,0x49,0x00,0x49,0x00,0x49,0x00,0x49,0x00,0x49,0x00,0x49,0x00,0x49,0x00,0x49,0x00,0x49,0x00,0x49,0x00,0x49,0x00,0x49,0x00,0x49,0x00,0x49,0x00,0x49,0x00,0x49,0x00,0x49,0x00,0x49,0x00,0x49,0x00,0x49,0x00,0x49,0x00,0x49,0x00,0x49,0x00,0x49,0x00,0x49,0x00,0x49,0x00,0x49,
	0x00,0x49,0x00,0x49,0x00,0x49,0x00,0x49,0x00,0x49,0x00,0x49,0x00,0x49,0x00,0x49,0x00,0x49,0x00,0x49,0x00,0x49,0x00,0x49,0x00,0x49,0x00,0x49,0x00,0x49,0x00,0x49,0x00,0x49,0x00,0x49,0x00,0x49,0x00,0x49,0x00,0x49,0x00,0x49,0x00,0x49,0x00,0x49,0x00,0x49,0x00,0x49,0x00,0x49,0x00,0x49,0x00,0x49,0x00,0x49,0x00,0x49,0x00,0x49,
	0x00,0x49,0x00,0x49,0x00,0x49,0x00,0x49,0x00,0x49,0x00,0x49,0x00,0x49,0x00,0x49,0x00,0x49,0x00,0x49,0x00,0x49,0x00,0x49,0x00,0x49,0x00,0x49,0x00,0x49,0x00,0x49,0x00,0x49,0x00,0x49,0x00,0x49,0x00,0x49,0x00,0x49,0x00,0x49,0x00,0x49,0x00,0x49,0x00,0x49,0x00,0x49,0x00,0x49,0x00,0x49,0x00,0x49,0x00,0x49,0x00,0x49,0x00,0x49,
	0x00,0x49,0x00,0x49,0x00,0x49,0x00,0x49,0x00,0x49,0x00,0x49,0x00,0x49,0xE0,0x40,0x00,0x59,0xA0,0xB1,0xE0,0xE9,0xE0,0xE1,0xE0,0xE9,0xE0,0xE1,0x00,0xE2,0x00,0xE2,0x00,0xE2,0x00,0xE2,0x00,0xE2,0x00,0xE2,0x00,0xE2,0x00,0xE2,0x00,0xE2,0x20,0xEA,0x20,0xEA,0x00,0xE2,0xC0,0xB1,0x20,0x59,0xE0,0x40,0x00,0x49,0x00,0x49,0x00,0x49,
	0x00,0x49,0x00,0x49,0x00,0x49,0x00,0x49,0x00,0x49,0x00,0x49,0x00,0x49,0x00,0x49,0x00,0x49,0x00,0x49,0x00,0x49,0x00,0x49,0x00,0x49,0x00,0x49,0x00,0x49,0x00,0x49,0xE0,0x40,0x40,0x59,0x00,0x92,0xE1,0xDA,0x82,0xFB,0x62,0xFB,0x62,0xFB,0x62,0xFB,0x62,0xFB,0x62,0xFB,0x62,0xFB,0x82,0xFB,0x21,0xE3,0x80,0x71,0xE0,0x40,0x00,0x49,
	0x00,0x49,0x00,0x49,0x00,0x49,0x00,0x49,0x00,0x49,0x00,0x49,0xE0,0x40,0xE0,0x40,0x80,0x71,0x41,0xA2,0x21,0xEB,0x82,0xFB,0x62,0xFB,0x62,0xFB,0x62,0xFB,0x62,0xFB,0x62,0xFB,0x62,0xFB,0x62,0xFB,0x62,0xFB,0x62,0xFB,0xC1,0xC2,0xE0,0x81,0x20,0x51,0xE0,0x40,0x00,0x49,0x00,0x49,0x00,0x49,0x00,0x49,0x00,0x49,0x00,0x49,0x00,0x49,
	0x00,0x49,0x00,0x49,0x00,0x49,0x00,0x49,0x00,0x49,0x00,0x49,0x00,0x49,0x00,0x49,0x00,0x49,0x00,0x49,0xE0,0x40,0x20,0x59,0x81,0xB2,0x41,0xEB,0x82,0xFB,0xA2,0xFB,0xA2,0xFB,0xA2,0xFB,0xA2,0xFB,0xA2,0xFB,0xA2,0xFB,0xA2,0xFB,0xA2,0xFB,0xA2,0xFB,0xC2,0xFB,0xC2,0xFB,0xC2,0xFB,0xC2,0xFB,0xC2,0xFB,0x01,0xD3,0x60,0x69,0xC0,0x40,
	0x00,0x49,0x00,0x49,0x00,0x49,0x00,0x49,0x00,0x49,0x00,0x49,0x00,0x49,0x00,0x49,0x00,0x49,0x00,0x49,0x00,0x49,0x00,0x49,0x00,0x49,0x00,0x49,0x00,0x49,0x00,0x49,0x00,0x49,0x00,0x49,0x00,0x49,0x00,0x49,0x00,0x49,0x00,0x49,0x00,0x49,0x00,0x49,0x00,0x49,0x00,0x49,0x00,0x49,0x00,0x49,0x00,0x49,0x00,0x49,0x00,0x49,0x00,0x49,
	0x00,0x49,0x00,0x49,0x00,0x49,0x00,0x49,0x00,0x49,0x00,0x49,0x00,0x49,0x00,0x49,0x00,0x49,0x00,0x49,0x00,0x49,0x00,0x49,0x00,0x49,0x00,0x49,0x00,0x49,0x00,0x49,0x00,0x49,0x00,0x49,0x00,0x49,0x00,0x49,0x00,0x49,0x00,0x49,0x00,0x49,0x00,0x49,0x00,0x49,0x00,0x49,0x00,0x49,0x00,0x49,0x00,0x49,0x00,0x49,0x00,0x49,0x00,0x49,
	0x00,0x49,0x00,0x49,0x00,0x49,0x00,0x49,0x00,0x49,0x00,0x49,0x00,0x49,0x00,0x49,0x00,0x49,0x00,0x49,0x00,0x49,0x00,0x49,0x00,0x49,0x00,0x49,0x00,0x49,0x00,0x49,0x00,0x49,0x00,0x49,0x00,0x49,0x00,0x49,0x00,0x49,0x00,0x49,0x00,0x49,0x00,0x49,0x00,0x49,0x00,0x49,0x00,0x49,0x00,0x49,0x00,0x49,0x00,0x49,0x00,0x49,0x00,0x49,
	0x00,0x49,0x00,0x49,0x00,0x49,0x00,0x49,0x00,0x49,0x00,0x49,0x00,0x49,0x00,0x49,0x00,0x49,0x00,0x49,0x00,0x49,0x00,0x49,0x00,0x49,0x00,0x49,0x00,0x49,0x00,0x49,0x00,0x49,0x00,0x49,0x00,0x49,0x00,0x49,0x00,0x49,0x00,0x49,0x00,0x49,0x00,0x49,0x00,0x49,0x00,0x49,0x00,0x49,0x00,0x49,0x00,0x49,0x00,0x49,0x00,0x49,0x00,0x49,
	0x00,0x49,0x00,0x49,0x00,0x49,0x00,0x49,0x00,0x49,0x00,0x49,0x00,0x49,0x00,0x49,0x00,0x49,0x00,0x49,0x00,0x49,0x00,0x49,0x00,0x49,0x00,0x49,0x00,0x49,0x00,0x49,0x00,0x49,0x00,0x49,0x00,0x49,0x00,0x49,0x00,0x49,0x00,0x49,0x00,0x49,0x00,0x49,0x00,0x49,0x00,0x49,0x00,0x49,0x00,0x49,0x00,0x49,0x00,0x49,0x00,0x49,0x00,0x49,
	0x00,0x49,0x00,0x49,0x00,0x49,0x00,0x49,0x00,0x49,0x00,0x49,0x00,0x49,0x00,0x49,0x00,0x49,0x00,0x49,0x00,0x49,0x00,0x49,0x00,0x49,0x00,0x49,0x00,0x49,0x00,0x49,0x00,0x49,0x00,0x49,0x00,0x49,0x00,0x49,0x00,0x49,0x00,0x49,0x00,0x49,0x00,0x49,0x00,0x49,0x00,0x49,0x00,0x49,0x00,0x49,0x00,0x49,0x00,0x49,0x00,0x49,0x00,0x49,
	0x00,0x49,0x00,0x49,0x00,0x49,0x00,0x49,0x00,0x49,0x00,0x49,0x00,0x49,0x00,0x49,0x00,0x49,0x00,0x49,0x00,0x49,0x00,0x49,0x00,0x49,0x00,0x49,0x00,0x49,0x00,0x49,0x00,0x49,0x00,0x49,0x00,0x49,0x00,0x49,0x00,0x49,0x00,0x49,0x00,0x49,0x00,0x49,0x00,0x49,0x00,0x49,0x00,0x49,0x00,0x49,0x00,0x49,0x00,0x49,0x00,0x49,0x00,0x49,
	0x00,0x49,0x00,0x49,0x00,0x49,0x00,0x49,0x00,0x49,0x00,0x49,0x00,0x49,0x00,0x49,0x00,0x49,0x00,0x49,0x00,0x49,0x00,0x49,0x00,0x49,0x00,0x49,0x00,0x49,0x00,0x49,0x00,0x49,0x00,0x49,0x00,0x49,0x00,0x49,0x00,0x49,0x00,0x49,0x00,0x49,0x00,0x49,0x00,0x49,0x00,0x49,0x00,0x49,0x00,0x49,0xE0,0x40,0x00,0x51,0x80,0x99,0xC0,0xD1,
	0xE0,0xE1,0xE0,0xE9,0xE0,0xE1,0x00,0xE2,0x00,0xE2,0x00,0xE2,0x00,0xE2,0x00,0xE2,0x00,0xE2,0x00,0xE2,0x00,0xE2,0x00,0xE2,0x00,0xE2,0x20,0xE2,0x20,0xEA,0x00,0xD2,0x40,0x71,0x00,0x49,0x00,0x49,0x00,0x49,0x00,0x49,0x00,0x49,0x00,0x49,0x00,0x49,0x00,0x49,0x00,0x49,0x00,0x49,0x00,0x49,0x00,0x49,0x00,0x49,0x00,0x49,0x00,0x49,
	0x00,0x49,0x00,0x49,0x00,0x49,0x00,0x49,0x00,0x49,0xE0,0x48,0x00,0x51,0x60,0x69,0xC1,0xC2,0x82,0xFB,0x62,0xFB,0x62,0xFB,0x62,0xFB,0x62,0xFB,0x62,0xFB,0x62,0xFB,0x82,0xFB,0x21,0xE3,0x60,0x69,0xC0,0x38,0x00,0x49,0x00,0x49,0x00,0x49,0x00,0x49,0x00,0x49,0x00,0x49,0x00,0x49,0xE0,0x48,0xE0,0x48,0x40,0x61,0x00,0x92,0x21,0xEB,
	0x82,0xFB,0x62,0xFB,0x62,0xFB,0x62,0xFB,0x62,0xFB,0x62,0xFB,0x62,0xFB,0x62,0xFB,0x62,0xFB,0x62,0xFB,0x41,0xB2,0x40,0x59,0x00,0x49,0xE0,0x48,0x00,0x49,0x00,0x49,0x00,0x49,0x00,0x49,0x00,0x49,0x00,0x49,0x00,0x49,0x00,0x49,0x00,0x49,0x00,0x49,0x00,0x49,0x00,0x49,0x00,0x49,0x00,0x49,0x00,0x49,0x00,0x49,0xE0,0x48,0x00,0x49,
	0x80,0x71,0x01,0xD3,0xA2,0xFB,0x82,0xFB,0x82,0xFB,0xA2,0xFB,0xA2,0xFB,0xA2,0xFB,0xA2,0xFB,0xA2,0xFB,0xA2,0xFB,0xA2,0xFB,0xA2,0xFB,0xC2,0xFB,0xC2,0xFB,0xC2,0xFB,0xC2,0xFB,0x61,0xEB,0xA1,0xBA,0x20,0x59,0xC0,0x40,0x00,0x49,0x00,0x49,0x00,0x49,0x00,0x49,0x00,0x49,0x00,0x49,0x00,0x49,0x00,0x49,0x00,0x49,0x00,0x49,0x00,0x49,
	0x00,0x49,0x00,0x49,0x00,0x49,0x00,0x49,0x00,0x49,0x00,0x49,0x00,0x49,0x00,0x49,0x00,0x49,0x00,0x49,0x00,0x49,0x00,0x49,0x00,0x49,0x00,0x49,0x00,0x49,0x00,0x49,0x00,0x49,0x00,0x49,0x00,0x49,0x00,0x49,0x00,0x49,0x00,0x49,0x00,0x49,0x00,0x49,0x00,0x49,0x00,0x49,0x00,0x49,0x00,0x49,0x00,0x49,0x00,0x49,0x00,0x49,0x00,0x49,
	0x00,0x49,0x00,0x49,0x00,0x49,0x00,0x49,0x00,0x49,0x00,0x49,0x00,0x49,0x00,0x49,0x00,0x49,0x00,0x49,0x00,0x49,0x00,0x49,0x00,0x49,0x00,0x49,0x00,0x49,0x00,0x49,0x00,0x49,0x00,0x49,0x00,0x49,0x00,0x49,0x00,0x49,0x00,0x49,0x00,0x49,0x00,0x49,0x00,0x49,0x00,0x49,0x00,0x49,0x00,0x49,0x00,0x49,0x00,0x49,0x00,0x49,0x00,0x49,
	0x00,0x49,0x00,0x49,0x00,0x49,0x00,0x49,0x00,0x49,0x00,0x49,0x00,0x49,0x00,0x49,0x00,0x49,0x00,0x49,0x00,0x49,0x00,0x49,0x00,0x49,0x00,0x49,0x00,0x49,0x00,0x49,0x00,0x49,0x00,0x49,0x00,0x49,0x00,0x49,0x00,0x49,0x00,0x49,0x00,0x49,0x00,0x49,0x00,0x49,0x00,0x49,0x00,0x49,0x00,0x49,0x00,0x49,0x00,0x49,0x00,0x49,0x00,0x49,
	0x00,0x49,0x00,0x49,0x00,0x49,0x00,0x49,0x00,0x49,0x00,0x49,0x00,0x49,0x00,0x49,0x00,0x49,0x00,0x49,0x00,0x49,0x00,0x49,0x00,0x49,0x00,0x49,0x00,0x49,0x00,0x49,0x00,0x49,0x00,0x49,0x00,0x49,0x00,0x49,0x00,0x49,0x00,0x49,0x00,0x49,0x00,0x49,0x00,0x49,0x00,0x49,0x00,0x49,0x00,0x49,0x00,0x49,0x00,0x49,0x00,0x49,0x00,0x49,
	0x00,0x49,0x00,0x49,0x00,0x49,0x00,0x49,0x00,0x49,0x00,0x49,0x00,0x49,0x00,0x49,0x00,0x49,0x00,0x49,0x00,0x49,0x00,0x49,0x00,0x49,0x00,0x49,0x00,0x49,0x00,0x49,0x00,0x49,0x00,0x49,0x00,0x49,0x00,0x49,0x00,0x49,0x00,0x49,0x00,0x49,0x00,0x49,0x00,0x49,0x00,0x49,0x00,0x49,0x00,0x49,0x00,0x49,0x00,0x49,0x00,0x49,0x00,0x49,
	0x00,0x49,0x00,0x49,0x00,0x49,0x00,0x49,0x00,0x49,0x00,0x49,0x00,0x49,0x00,0x49,0x00,0x49,0x00,0x49,0x00,0x49,0x00,0x49,0x00,0x49,0x00,0x49,0x00,0x49,0x00,0x49,0x00,0x49,0x00,0x49,0x00,0x49,0x00,0x49,0x00,0x49,0x00,0x49,0x00,0x49,0x00,0x49,0x00,0x49,0x00,0x49,0x00,0x49,0x00,0x49,0x00,0x49,0x00,0x49,0x00,0x49,0x00,0x49,
	0x00,0x49,0x00,0x49,0x00,0x49,0x00,0x49,0x00,0x49,0x00,0x49,0x00,0x49,0x00,0x49,0x00,0x49,0x00,0x49,0x00,0x49,0x00,0x49,0x00,0x49,0x00,0x49,0x00,0x49,0x00,0x49,0x00,0x49,0x00,0x49,0x00,0x49,0x00,0x49,0x00,0x49,0x00,0x49,0x00,0x49,0x00,0x49,0x00,0x49,0x00,0x49,0x00,0x49,0x00,0x49,0x00,0x49,0x00,0x49,0x00,0x49,0x00,0x49,
	0x00,0x49,0x00,0x49,0x00,0x49,0x00,0x49,0x00,0x49,0x00,0x49,0x00,0x49,0x00,0x49,0x00,0x49,0x00,0x49,0x00,0x49,0x00,0x49,0x00,0x49,0x00,0x49,0x00,0x49,0x00,0x49,0x00,0x49,0xE0,0x40,0x00,0x49,0x60,0x79,0xA0,0xB1,0xE0,0xE1,0xE0,0xE9,0xE0,0xE1,0x00,0xE2,0x00,0xE2,0x00,0xE2,0x00,0xE2,0x00,0xE2,0x00,0xE2,0x00,0xE2,0x00,0xE2,
	0x00,0xE2,0x00,0xE2,0x20,0xE2,0x20,0xEA,0x00,0xE2,0x80,0xA1,0x40,0x71,0xE0,0x40,0xE0,0x40,0x00,0x49,0x00,0x49,0x00,0x49,0x00,0x49,0x00,0x49,0x00,0x49,0x00,0x49,0x00,0x49,0x00,0x49,0x00,0x49,0x00,0x49,0x00,0x49,0x00,0x49,0x00,0x49,0x00,0x49,0x00,0x49,0x00,0x49,0x00,0x49,0xE0,0x40,0x20,0x51,0x41,0xA2,0x41,0xEB,0x62,0xFB,
	0x82,0xFB,0x82,0xFB,0x82,0xFB,0x82,0xFB,0x82,0xFB,0xA2,0xFB,0x21,0xEB,0x60,0x69,0xC0,0x40,0x00,0x49,0x00,0x49,0x00,0x49,0x00,0x49,0x00,0x49,0x00,0x49,0x00,0x49,0xE0,0x48,0xE0,0x48,0x20,0x59,0xE0,0x81,0x21,0xEB,0xA2,0xFB,0x82,0xFB,0x82,0xFB,0x82,0xFB,0x82,0xFB,0x82,0xFB,0x82,0xFB,0x82,0xFB,0x62,0xFB,0x21,0xE3,0x00,0x92,
	0x00,0x49,0xE0,0x48,0x00,0x49,0x00,0x49,0x00,0x49,0x00,0x49,0x00,0x49,0x00,0x49,0x00,0x49,0x00,0x49,0x00,0x49,0x00,0x49,0x00,0x49,0x00,0x49,0x00,0x49,0x00,0x49,0x00,0x49,0x00,0x49,0xE0,0x40,0xE0,0x40,0x60,0x69,0x41,0xA2,0x41,0xEB,0xA2,0xFB,0x82,0xFB,0x82,0xFB,0xA2,0xFB,0xA2,0xFB,0xA2,0xFB,0xA2,0xFB,0xA2,0xFB,0xA2,0xFB,
	0xA2,0xFB,0xA2,0xFB,0xC2,0xFB,0xC2,0xFB,0xC2,0xFB,0xC2,0xFB,0x01,0xD3,0x21,0x9A,0x20,0x51,0xE0,0x40,0x00,0x49,0x00,0x49,0x00,0x49,0x00,0x49,0x00,0x49,0x00,0x49,0x00,0x49,0x00,0x49,0x00,0x49,0x00,0x49,0x00,0x49,0x00,0x49,0x00,0x49,0x00,0x49,0x00,0x49,0x00,0x49,0x00,0x49,0x00,0x49,0x00,0x49,0x00,0x49,0x00,0x49,0x00,0x49,
	0x00,0x49,0x00,0x49,0x00,0x49,0x00,0x49,0x00,0x49,0x00,0x49,0x00,0x49,0x00,0x49,0x00,0x49,0x00,0x49,0x00,0x49,0x00,0x49,0x00,0x49,0x00,0x49,0x00,0x49,0x00,0x49,0x00,0x49,0x00,0x49,0x00,0x49,0x00,0x49,0x00,0x49,0x00,0x49,0x00,0x49,0x00,0x49,0x00,0x49,0x00,0x49,0x00,0x49,0x00,0x49,0x00,0x49,0x00,0x49,0x00,0x49,0x00,0x49,
	0x00,0x49,0x00,0x49,0x00,0x49,0x00,0x49,0x00,0x49,0x00,0x49,0x00,0x49,0x00,0x49,0x00,0x49,0x00,0x49,0x00,0x49,0x00,0x49,0x00,0x49,0x00,0x49,0x00,0x49,0x00,0x49,0x00,0x49,0x00,0x49,0x00,0x49,0x00,0x49,0x00,0x49,0x00,0x49,0x00,0x49,0x00,0x49,0x00,0x49,0x00,0x49,0x00,0x49,0x00,0x49,0x00,0x49,0x00,0x49,0x00,0x49,0x00,0x49,
	0x00,0x49,0x00,0x49,0x00,0x49,0x00,0x49,0x00,0x49,0x00,0x49,0x00,0x49,0x00,0x49,0x00,0x49,0x00,0x49,0x00,0x49,0x00,0x49,0x00,0x49,0x00,0x49,0x00,0x49,0x00,0x49,0x00,0x49,0x00,0x49,0x00,0x49,0x00,0x49,0x00,0x49,0x00,0x49,0x00,0x49,0x00,0x49,0x00,0x49,0x00,0x49,0x00,0x49,0x00,0x49,0x00,0x49,0x00,0x49,0x00,0x49,0x00,0x49,
	0x00,0x49,0x00,0x49,0x00,0x49,0x00,0x49,0x00,0x49,0x00,0x49,0x00,0x49,0x00,0x49,0x00,0x49,0x00,0x49,0x00,0x49,0x00,0x49,0x00,0x49,0x00,0x49,0x00,0x49,0x00,0x49,0x00,0x49,0x00,0x49,0x00,0x49,0x00,0x49,0x00,0x49,0x00,0x49,0x00,0x49,0x00,0x49,0x00,0x49,0x00,0x49,0x00,0x49,0x00,0x49,0x00,0x49,0x00,0x49,0x00,0x49,0x00,0x49,
	0x00,0x49,0x00,0x49,0x00,0x49,0x00,0x49,0x00,0x49,0x00,0x49,0x00,0x49,0x00,0x49,0x00,0x49,0x00,0x49,0x00,0x49,0x00,0x49,0x00,0x49,0x00,0x49,0x00,0x49,0x00,0x49,0x00,0x49,0x00,0x49,0x00,0x49,0x00,0x49,0x00,0x49,0x00,0x49,0x00,0x49,0x00,0x49,0x00,0x49,0x00,0x49,0x00,0x49,0x00,0x49,0x00,0x49,0x00,0x49,0x00,0x49,0x00,0x49,
	0x00,0x49,0x00,0x49,0x00,0x49,0x00,0x49,0x00,0x49,0x00,0x49,0x00,0x49,0x00,0x49,0x00,0x49,0x00,0x49,0x00,0x49,0x00,0x49,0x00,0x49,0x00,0x49,0x00,0x49,0x00,0x49,0x00,0x49,0x00,0x49,0x00,0x49,0x00,0x49,0x00,0x49,0x00,0x49,0x00,0x49,0x00,0x49,0x00,0x49,0x00,0x49,0x00,0x49,0x00,0x49,0x00,0x49,0x00,0x49,0x00,0x49,0x00,0x49,
	0x00,0x49,0x00,0x49,0x00,0x49,0x00,0x49,0x00,0x49,0x00,0x49,0x00,0x49,0x00,0x49,0x00,0x49,0x00,0x49,0x00,0x49,0x00,0x49,0x00,0x49,0x00,0x49,0x00,0x49,0x00,0x49,0x00,0x49,0x00,0x49,0x00,0x49,0x00,0x49,0x00,0x49,0x00,0x49,0x00,0x49,0x00,0x49,0x00,0x49,0x00,0x49,0x00,0x49,0x00,0x49,0x00,0x49,0x00,0x49,0x00,0x49,0x00,0x49,
	0x00,0x49,0x00,0x49,0x00,0x49,0x00,0x49,0x00,0x49,0x00,0x49,0xE0,0x48,0x00,0x49,0x20,0x61,0x80,0x99,0xE0,0xE1,0xE0,0xE9,0xE0,0xE1,0x00,0xE2,0x00,0xE2,0x00,0xE2,0x00,0xE2,0x00,0xE2,0x00,0xE2,0x00,0xE2,0x00,0xE2,0x00,0xE2,0x00,0xE2,0x20,0xE2,0x20,0xEA,0x20,0xE2,0x00,0xD2,0x80,0x99,0x00,0x49,0xE0,0x40,0x00,0x49,0x00,0x49,
	0x00,0x49,0x00,0x49,0x00,0x49,0x00,0x49,0x00,0x49,0x00,0x49,0x00,0x49,0x00,0x49,0x00,0x49,0x00,0x49,0x00,0x49,0x00,0x49,0x00,0x49,0x00,0x49,0x00,0x49,0x00,0x49,0xE0,0x40,0xE0,0x40,0xE0,0x81,0xC1,0xC2,0x62,0xF3,0xA2,0xFB,0x82,0xFB,0x82,0xFB,0x82,0xFB,0x82,0xFB,0xA2,0xFB,0x21,0xEB,0x80,0x71,0xC0,0x40,0x00,0x49,0x00,0x49,
	0x00,0x49,0x00,0x49,0x00,0x49,0x00,0x49,0x00,0x49,0xE0,0x48,0xE0,0x48,0x20,0x59,0xE0,0x81,0x21,0xEB,0xA2,0xFB,0x82,0xFB,0x82,0xFB,0x82,0xFB,0x82,0xFB,0x82,0xFB,0x82,0xFB,0xA2,0xFB,0x41,0xEB,0x81,0xB2,0x80,0x71,0xE0,0x40,0xE0,0x48,0x00,0x49,0x00,0x49,0x00,0x49,0x00,0x49,0x00,0x49,0x00,0x49,0x00,0x49,0x00,0x49,0x00,0x49,
	0x00,0x49,0x00,0x49,0x00,0x49,0x00,0x49,0x00,0x49,0x00,0x49,0x00,0x49,0xE0,0x48,0x00,0x49,0x00,0x92,0xE1,0xDA,0x62,0xFB,0x82,0xFB,0x82,0xFB,0x82,0xFB,0xA2,0xFB,0xA2,0xFB,0xA2,0xFB,0xA2,0xFB,0xA2,0xFB,0xA2,0xFB,0xA2,0xFB,0xA2,0xFB,0xC2,0xFB,0xC2,0xFB,0xC2,0xFB,0xC2,0xFB,0x81,0xB2,0xA0,0x71,0x00,0x51,0xE0,0x40,0x00,0x49,
	0x00,0x49,0x00,0x49,0x00,0x49,0x00,0x49,0x00,0x49,0x00,0x49,0x00,0x49,0x00,0x49,0x00,0x49,0x00,0x49,0x00,0x49,0x00,0x49,0x00,0x49,0x00,0x49,0x00,0x49,0x00,0x49,0x00,0x49,0x00,0x49,0x00,0x49,0x00,0x49,0x00,0x49,0x00,0x49,0x00,0x49,0x00,0x49,0x00,0x49,0x00,0x49,0x00,0x49,0x00,0x49,0x00,0x49,0x00,0x49,0x00,0x49,0x00,0x49,
	0x00,0x49,0x00,0x49,0x00,0x49,0x00,0x49,0x00,0x49,0x00,0x49,0x00,0x49,0x00,0x49,0x00,0x49,0x00,0x49,0x00,0x49,0x00,0x49,0x00,0x49,0x00,0x49,0x00,0x49,0x00,0x49,0x00,0x49,0x00,0x49,0x00,0x49,0x00,0x49,0x00,0x49,0x00,0x49,0x00,0x49,0x00,0x49,0x00,0x49,0x00,0x49,0x00,0x49,0x00,0x49,0x00,0x49,0x00,0x49,0x00,0x49,0x00,0x49,
	0x00,0x49,0x00,0x49,0x00,0x49,0x00,0x49,0x00,0x49,0x00,0x49,0x00,0x49,0x00,0x49,0x00,0x49,0x00,0x49,0x00,0x49,0x00,0x49,0x00,0x49,0x00,0x49,0x00,0x49,0x00,0x49,0x00,0x49,0x00,0x49,0x00,0x49,0x00,0x49,0x00,0x49,0x00,0x49,0x00,0x49,0x00,0x49,0x00,0x49,0x00,0x49,0x00,0x49,0x00,0x49,0x00,0x49,0x00,0x49,0x00,0x49,0x00,0x49,
	0x00,0x49,0x00,0x49,0x00,0x49,0x00,0x49,0x00,0x49,0x00,0x49,0x00,0x49,0x00,0x49,0x00,0x49,0x00,0x49,0x00,0x49,0x00,0x49,0x00,0x49,0x00,0x49,0x00,0x49,0x00,0x49,0x00,0x49,0x00,0x49,0x00,0x49,0x00,0x49,0x00,0x49,0x00,0x49,0x00,0x49,0x00,0x49,0x00,0x49,0x00,0x49,0x00,0x49,0x00,0x49,0x00,0x49,0x00,0x49,0x00,0x49,0x00,0x49,
	0x00,0x49,0x00,0x49,0x00,0x49,0x00,0x49,0x00,0x49,0x00,0x49,0x00,0x49,0x00,0x49,0x00,0x49,0x00,0x49,0x00,0x49,0x00,0x49,0x00,0x49,0x00,0x49,0x00,0x49,0x00,0x49,0x00,0x49,0x00,0x49,0x00,0x49,0x00,0x49,0x00,0x49,0x00,0x49,0x00,0x49,0x00,0x49,0x00,0x49,0x00,0x49,0x00,0x49,0x00,0x49,0x00,0x49,0x00,0x49,0x00,0x49,0x00,0x49,
	0x00,0x49,0x00,0x49,0x00,0x49,0x00,0x49,0x00,0x49,0x00,0x49,0x00,0x49,0x00,0x49,0x00,0x49,0x00,0x49,0x00,0x49,0x00,0x49,0x00,0x49,0x00,0x49,0x00,0x49,0x00,0x49,0x00,0x49,0x00,0x49,0x00,0x49,0x00,0x49,0x00,0x49,0x00,0x49,0x00,0x49,0x00,0x49,0x00,0x49,0x00,0x49,0x00,0x49,0x00,0x49,0x00,0x49,0x00,0x49,0x00,0x49,0x00,0x49,
	0x00,0x49,0x00,0x49,0x00,0x49,0x00,0x49,0x00,0x49,0x00,0x49,0x00,0x49,0x00,0x49,0x00,0x49,0x00,0x49,0x00,0x49,0x00,0x49,0x00,0x49,0x00,0x49,0x00,0x49,0x00,0x49,0x00,0x49,0x00,0x49,0x00,0x49,0x00,0x49,0x00,0x49,0x00,0x49,0x00,0x49,0x00,0x49,0x00,0x49,0x00,0x49,0x00,0x49,0x00,0x49,0x00,0x49,0x00,0x49,0x00,0x49,0x00,0x49,
	0x00,0x49,0x00,0x49,0x00,0x49,0x00,0x49,0x00,0x49,0x00,0x49,0x00,0x49,0x00,0x49,0x00,0x49,0x00,0x49,0x00,0x49,0x00,0x49,0x00,0x49,0x00,0x49,0x00,0x49,0x00,0x49,0x00,0x49,0x00,0x49,0x00,0x49,0x00,0x49,0x00,0x49,0x00,0x49,0x00,0x49,0x00,0x49,0x00,0x49,0x00,0x49,0x00,0x49,0x00,0x49,0x00,0x49,0xE0,0x48,0x60,0x79,0xE0,0xD1,
	0xE0,0xE9,0xE0,0xE9,0x00,0xE2,0x00,0xE2,0x00,0xE2,0x00,0xE2,0x00,0xE2,0x00,0xE2,0x00,0xE2,0x00,0xE2,0x00,0xE2,0x00,0xE2,0x20,0xE2,0x20,0xE2,0x20,0xEA,0x20,0xEA,0xC0,0xB1,0x20,0x69,0x00,0x51,0xE0,0x40,0x00,0x49,0x00,0x49,0x00,0x49,0x00,0x49,0x00,0x49,0x00,0x49,0x00,0x49,0x00,0x49,0x00,0x49,0x00,0x49,0x00,0x49,0x00,0x49,
	0x00,0x49,0x00,0x49,0x00,0x49,0x00,0x49,0x00,0x49,0x00,0x49,0x00,0x49,0x00,0x59,0xC0,0x89,0x41,0xEB,0xA2,0xFB,0x82,0xFB,0x82,0xFB,0x82,0xFB,0x82,0xFB,0xA2,0xFB,0x21,0xEB,0xC0,0x89,0x00,0x51,0x00,0x49,0xE0,0x48,0x00,0x49,0x00,0x49,0x00,0x49,0x00,0x49,0x00,0x49,0xE0,0x48,0xE0,0x48,0x40,0x59,0x00,0x92,0x21,0xEB,0xA2,0xFB,
	0x82,0xFB,0x82,0xFB,0x82,0xFB,0x82,0xFB,0x82,0xFB,0x82,0xFB,0xA2,0xFB,0x01,0xD3,0x80,0x71,0x00,0x51,0xE0,0x40,0x00,0x49,0x00,0x49,0x00,0x49,0x00,0x49,0x00,0x49,0x00,0x49,0x00,0x49,0x00,0x49,0x00,0x49,0x00,0x49,0x00,0x49,0x00,0x49,0x00,0x49,0x00,0x49,0x00,0x49,0x00,0x49,0xE0,0x40,0x00,0x49,0x60,0x69,0xA1,0xBA,0x82,0xFB,
	0x82,0xFB,0x82,0xFB,0x82,0xFB,0x82,0xFB,0xA2,0xFB,0xA2,0xFB,0xA2,0xFB,0xA2,0xFB,0xA2,0xFB,0xA2,0xFB,0xA2,0xFB,0xA2,0xFB,0xC2,0xFB,0xC2,0xFB,0xE2,0xFB,0xC2,0xFB,0x00,0x92,0x00,0x49,0x00,0x49,0x00,0x49,0x00,0x49,0x00,0x49,0x00,0x49,0x00,0x49,0x00,0x49,0x00,0x49,0x00,0x49,0x00,0x49,0x00,0x49,0x00,0x49,0x00,0x49,0x00,0x49,
	0x00,0x49,0x00,0x49,0x00,0x49,0x00,0x49,0x00,0x49,0x00,0x49,0x00,0x49,0x00,0x49,0x00,0x49,0x00,0x49,0x00,0x49,0x00,0x49,0x00,0x49,0x00,0x49,0x00,0x49,0x00,0x49,0x00,0x49,0x00,0x49,0x00,0x49,0x00,0x49,0x00,0x49,0x00,0x49,0x00,0x49,0x00,0x49,0x00,0x49,0x00,0x49,0x00,0x49,0x00,0x49,0x00,0x49,0x00,0x49,0x00,0x49,0x00,0x49,
	0x00,0x49,0x00,0x49,0x00,0x49,0x00,0x49,0x00,0x49,0x00,0x49,0x00,0x49,0x00,0x49,0x00,0x49,0x00,0x49,0x00,0x49,0x00,0x49,0x00,0x49,0x00,0x49,0x00,0x49,0x00,0x49,0x00,0x49,0x00,0x49,0x00,0x49,0x00,0x49,0x00,0x49,0x00,0x49,0x00,0x49,0x00,0x49,0x00,0x49,0x00,0x49,0x00,0x49,0x00,0x49,0x00,0x49,0x00,0x49,0x00,0x49,0x00,0x49,
	0x00,0x49,0x00,0x49,0x00,0x49,0x00,0x49,0x00,0x49,0x00,0x49,0x00,0x49,0x00,0x49,0x00,0x49,0x00,0x49,0x00,0x49,0x00,0x49,0x00,0x49,0x00,0x49,0x00,0x49,0x00,0x49,0x00,0x49,0x00,0x49,0x00,0x49,0x00,0x49,0x00,0x49,0x00,0x49,0x00,0x49,0x00,0x49,0x00,0x49,0x00,0x49,0x00,0x49,0x00,0x49,0x00,0x49,0x00,0x49,0x00,0x49,0x00,0x49,
	0x00,0x49,0x00,0x49,0x00,0x49,0x00,0x49,0x00,0x49,0x00,0x49,0x00,0x49,0x00,0x49,0x00,0x49,0x00,0x49,0x00,0x49,0x00,0x49,0x00,0x49,0x00,0x49,0x00,0x49,0x00,0x49,0x00,0x49,0x00,0x49,0x00,0x49,0x00,0x49,0x00,0x49,0x00,0x49,0x00,0x49,0x00,0x49,0x00,0x49,0x00,0x49,0x00,0x49,0x00,0x49,0x00,0x49,0x00,0x49,0x00,0x49,0x00,0x49,
	0x00,0x49,0x00,0x49,0x00,0x49,0x00,0x49,0x00,0x49,0x00,0x49,0x00,0x49,0x00,0x49,0x00,0x49,0x00,0x49,0x00,0x49,0x00,0x49,0x00,0x49,0x00,0x49,0x00,0x49,0x00,0x49,0x00,0x49,0x00,0x49,0x00,0x49,0x00,0x49,0x00,0x49,0x00,0x49,0x00,0x49,0x00,0x49,0x00,0x49,0x00,0x49,0x00,0x49,0x00,0x49,0x00,0x49,0x00,0x49,0x00,0x49,0x00,0x49,
	0x00,0x49,0x00,0x49,0x00,0x49,0x00,0x49,0x00,0x49,0x00,0x49,0x00,0x49,0x00,0x49,0x00,0x49,0x00,0x49,0x00,0x49,0x00,0x49,0x00,0x49,0x00,0x49,0x00,0x49,0x00,0x49,0x00,0x49,0x00,0x49,0x00,0x49,0x00,0x49,0x00,0x49,0x00,0x49,0x00,0x49,0x00,0x49,0x00,0x49,0x00,0x49,0x00,0x49,0x00,0x49,0x00,0x49,0x00,0x49,0x00,0x49,0x00,0x49,
	0x00,0x49,0x00,0x49,0x00,0x49,0x00,0x49,0x00,0x49,0x00,0x49,0x00,0x49,0x00,0x49,0x00,0x49,0x00,0x49,0x00,0x49,0x00,0x49,0x00,0x49,0x00,0x49,0x00,0x49,0x00,0x49,0x00,0x49,0x00,0x49,0x00,0x49,0x00,0x49,0x00,0x49,0x00,0x49,0x00,0x49,0x00,0x49,0x00,0x49,0x00,0x49,0x00,0x49,0x00,0x49,0x00,0x49,0x00,0x49,0x00,0x49,0x00,0x49,
	0x00,0x49,0x00,0x49,0x00,0x49,0x00,0x49,0x00,0x49,0x00,0x49,0x00,0x49,0x00,0x49,0x00,0x49,0x00,0x49,0x00,0x49,0x00,0x49,0x00,0x49,0x00,0x49,0x00,0x49,0x00,0x49,0x00,0x49,0x00,0x49,0xE0,0x40,0x20,0x61,0xC0,0xB9,0xE0,0xE1,0xE0,0xE9,0x00,0xE2,0x00,0xE2,0x00,0xE2,0x00,0xE2,0x00,0xE2,0x00,0xE2,0x00,0xE2,0x00,0xE2,0x00,0xE2,
	0x00,0xE2,0x20,0xE2,0x20,0xE2,0x20,0xEA,0x20,0xEA,0x00,0xD2,0x80,0xA1,0x20,0x61,0xE0,0x40,0x00,0x49,0x00,0x49,0x00,0x49,0x00,0x49,0x00,0x49,0x00,0x49,0x00,0x49,0x00,0x49,0x00,0x49,0x00,0x49,0x00,0x49,0x00,0x49,0x00,0x49,0x00,0x49,0x00,0x49,0x00,0x49,0x00,0x49,0x00,0x49,0x00,0x49,0xE0,0x40,0x40,0x61,0x41,0xB2,0x21,0xE3,
	0xA2,0xFB,0xA2,0xFB,0x82,0xFB,0x82,0xFB,0xA2,0xFB,0x82,0xF3,0x41,0xB2,0x80,0x71,0xE0,0x40,0xE0,0x40,0x00,0x49,0x00,0x49,0x00,0x49,0x00,0x49,0x00,0x49,0xE0,0x40,0xE0,0x40,0x60,0x71,0x41,0xB2,0x61,0xEB,0xA2,0xFB,0x82,0xFB,0x82,0xFB,0x82,0xFB,0x82,0xFB,0xA2,0xFB,0x82,0xFB,0x01,0xD3,0x21,0x9A,0x00,0x51,0xE0,0x40,0x00,0x49,
	0x00,0x49,0x00,0x49,0x00,0x49,0x00,0x49,0x00,0x49,0x00,0x49,0x00,0x49,0x00,0x49,0x00,0x49,0x00,0x49,0x00,0x49,0x00,0x49,0x00,0x49,0x00,0x49,0x00,0x49,0x00,0x49,0xE0,0x40,0x40,0x59,0x41,0xA2,0x21,0xE3,0xA2,0xFB,0x82,0xFB,0x82,0xFB,0x82,0xFB,0x82,0xFB,0xA2,0xFB,0xA2,0xFB,0xA2,0xFB,0xA2,0xFB,0xA2,0xFB,0xA2,0xFB,0xA2,0xFB,
	0xA2,0xFB,0xC2,0xFB,0xC2,0xFB,0xA2,0xFB,0x21,0xE3,0xC0,0x81,0xC0,0x40,0x00,0x49,0x00,0x49,0x00,0x49,0x00,0x49,0x00,0x49,0x00,0x49,0x00,0x49,0x00,0x49,0x00,0x49,0x00,0x49,0x00,0x49,0x00,0x49,0x00,0x49,0x00,0x49,0x00,0x49,0x00,0x49,0x00,0x49,0x00,0x49,0x00,0x49,0x00,0x49,0x00,0x49,0x00,0x49,0x00,0x49,0x00,0x49,0x00,0x49,
	0x00,0x49,0x00,0x49,0x00,0x49,0x00,0x49,0x00,0x49,0x00,0x49,0x00,0x49,0x00,0x49,0x00,0x49,0x00,0x49,0x00,0x49,0x00,0x49,0x00,0x49,0x00,0x49,0x00,0x49,0x00,0x49,0x00,0x49,0x00,0x49,0x00,0x49,0x00,0x49,0x00,0x49,0x00,0x49,0x00,0x49,0x00,0x49,0x00,0x49,0x00,0x49,0x00,0x49,0x00,0x49,0x00,0x49,0x00,0x49,0x00,0x49,0x00,0x49,
	0x00,0x49,0x00,0x49,0x00,0x49,0x00,0x49,0x00,0x49,0x00,0x49,0x00,0x49,0x00,0x49,0x00,0x49,0x00,0x49,0x00,0x49,0x00,0x49,0x00,0x49,0x00,0x49,0x00,0x49,0x00,0x49,0x00,0x49,0x00,0x49,0x00,0x49,0x00,0x49,0x00,0x49,0x00,0x49,0x00,0x49,0x00,0x49,0x00,0x49,0x00,0x49,0x00,0x49,0x00,0x49,0x00,0x49,0x00,0x49,0x00,0x49,0x00,0x49,
	0x00,0x49,0x00,0x49,0x00,0x49,0x00,0x49,0x00,0x49,0x00,0x49,0x00,0x49,0x00,0x49,0x00,0x49,0x00,0x49,0x00,0x49,0x00,0x49,0x00,0x49,0x00,0x49,0x00,0x49,0x00,0x49,0x00,0x49,0x00,0x49,0x00,0x49,0x00,0x49,0x00,0x49,0x00,0x49,0x00,0x49,0x00,0x49,0x00,0x49,0x00,0x49,0x00,0x49,0x00,0x49,0x00,0x49,0x00,0x49,0x00,0x49,0x00,0x49,
	0x00,0x49,0x00,0x49,0x00,0x49,0x00,0x49,0x00,0x49,0x00,0x49,0x00,0x49,0x00,0x49,0x00,0x49,0x00,0x49,0x00,0x49,0x00,0x49,0x00,0x49,0x00,0x49,0x00,0x49,0x00,0x49,0x00,0x49,0x00,0x49,0x00,0x49,0x00,0x49,0x00,0x49,0x00,0x49,0x00,0x49,0x00,0x49,0x00,0x49,0x00,0x49,0x00,0x49,0x00,0x49,0x00,0x49,0x00,0x49,0x00,0x49,0x00,0x49,
	0x00,0x49,0x00,0x49,0x00,0x49,0x00,0x49,0x00,0x49,0x00,0x49,0x00,0x49,0x00,0x49,0x00,0x49,0x00,0x49,0x00,0x49,0x00,0x49,0x00,0x49,0x00,0x49,0x00,0x49,0x00,0x49,0x00,0x49,0x00,0x49,0x00,0x49,0x00,0x49,0x00,0x49,0x00,0x49,0x00,0x49,0x00,0x49,0x00,0x49,0x00,0x49,0x00,0x49,0x00,0x49,0x00,0x49,0x00,0x49,0x00,0x49,0x00,0x49,
	0x00,0x49,0x00,0x49,0x00,0x49,0x00,0x49,0x00,0x49,0x00,0x49,0x00,0x49,0x00,0x49,0x00,0x49,0x00,0x49,0x00,0x49,0x00,0x49,0x00,0x49,0x00,0x49,0x00,0x49,0x00,0x49,0x00,0x49,0x00,0x49,0x00,0x49,0x00,0x49,0x00,0x49,0x00,0x49,0x00,0x49,0x00,0x49,0x00,0x49,0x00,0x49,0x00,0x49,0x00,0x49,0x00,0x49,0x00,0x49,0x00,0x49,0x00,0x49,
	0x00,0x49,0x00,0x49,0x00,0x49,0x00,0x49,0x00,0x49,0x00,0x49,0x00,0x49,0x00,0x49,0x00,0x49,0x00,0x49,0x00,0x49,0x00,0x49,0x00,0x49,0x00,0x49,0x00,0x49,0x00,0x49,0x00,0x49,0x00,0x49,0x00,0x49,0x00,0x49,0x00,0x49,0x00,0x49,0x00,0x49,0x00,0x49,0x00,0x49,0x00,0x49,0x00,0x49,0x00,0x49,0x00,0x49,0x00,0x49,0x00,0x49,0x00,0x49,
	0x00,0x49,0x00,0x49,0x00,0x49,0x00,0x49,0x00,0x49,0x00,0x49,0x00,0x49,0xE0,0x40,0x00,0x59,0x60,0x91,0xC0,0xC9,0xE0,0xE9,0x00,0xEA,0x00,0xE2,0x00,0xE2,0x00,0xE2,0x00,0xE2,0x00,0xE2,0x00,0xE2,0x00,0xE2,0x00,0xE2,0x00,0xE2,0x20,0xE2,0x20,0xE2,0x20,0xE2,0x20,0xEA,0x20,0xEA,0x00,0xD2,0x60,0x81,0x00,0x51,0x00,0x49,0x00,0x49,
	0x00,0x49,0x00,0x49,0x00,0x49,0x00,0x49,0x00,0x49,0x00,0x49,0x00,0x49,0x00,0x49,0x00,0x49,0x00,0x49,0x00,0x49,0x00,0x49,0x00,0x49,0x00,0x49,0x00,0x49,0x00,0x49,0x00,0x49,0xE0,0x40,0x00,0x49,0x60,0x69,0x41,0xB2,0x82,0xF3,0xA2,0xFB,0xA2,0xFB,0xA2,0xFB,0xA2,0xFB,0x82,0xFB,0xE1,0xDA,0x21,0x9A,0x00,0x49,0xE0,0x40,0x00,0x49,
	0x00,0x49,0x00,0x49,0x00,0x49,0x00,0x49,0xE0,0x40,0xE0,0x48,0xE0,0x81,0xE1,0xD2,0x62,0xF3,0xA2,0xFB,0xA2,0xFB,0xA2,0xFB,0xA2,0xFB,0xA2,0xFB,0xA2,0xFB,0x41,0xEB,0x21,0x9A,0x40,0x59,0x00,0x49,0xE0,0x40,0x00,0x49,0x00,0x49,0x00,0x49,0x00,0x49,0x00,0x49,0x00,0x49,0x00,0x49,0x00,0x49,0x00,0x49,0x00,0x49,0x00,0x49,0x00,0x49,
	0x00,0x49,0x00,0x49,0x00,0x49,0x00,0x49,0x00,0x49,0x00,0x51,0xC0,0x81,0x21,0xE3,0x82,0xFB,0x82,0xFB,0x82,0xFB,0x82,0xFB,0x82,0xFB,0x82,0xFB,0xA2,0xFB,0xA2,0xFB,0xA2,0xFB,0xA2,0xFB,0xA2,0xFB,0xA2,0xFB,0xA2,0xFB,0xA2,0xFB,0xC2,0xFB,0xE2,0xFB,0x41,0xE3,0x41,0xA2,0x60,0x69,0xE0,0x40,0x00,0x49,0x00,0x49,0x00,0x49,0x00,0x49,
	0x00,0x49,0x00,0x49,0x00,0x49,0x00,0x49,0x00,0x49,0x00,0x49,0x00,0x49,0x00,0x49,0x00,0x49,0x00,0x49,0x00,0x49,0x00,0x49,0x00,0x49,0x00,0x49,0x00,0x49,0x00,0x49,0x00,0x49,0x00,0x49,0x00,0x49,0x00,0x49,0x00,0x49,0x00,0x49,0x00,0x49,0x00,0x49,0x00,0x49,0x00,0x49,0x00,0x49,0x00,0x49,0x00,0x49,0x00,0x49,0x00,0x49,0x00,0x49,
	0x00,0x49,0x00,0x49,0x00,0x49,0x00,0x49,0x00,0x49,0x00,0x49,0x00,0x49,0x00,0x49,0x00,0x49,0x00,0x49,0x00,0x49,0x00,0x49,0x00,0x49,0x00,0x49,0x00,0x49,0x00,0x49,0x00,0x49,0x00,0x49,0x00,0x49,0x00,0x49,0x00,0x49,0x00,0x49,0x00,0x49,0x00,0x49,0x00,0x49,0x00,0x49,0x00,0x49,0x00,0x49,0x00,0x49,0x00,0x49,0x00,0x49,0x00,0x49,
	0x00,0x49,0x00,0x49,0x00,0x49,0x00,0x49,0x00,0x49,0x00,0x49,0x00,0x49,0x00,0x49,0x00,0x49,0x00,0x49,0x00,0x49,0x00,0x49,0x00,0x49,0x00,0x49,0x00,0x49,0x00,0x49,0x00,0x49,0x00,0x49,0x00,0x49,0x00,0x49,0x00,0x49,0x00,0x49,0x00,0x49,0x00,0x49,0x00,0x49,0x00,0x49,0x00,0x49,0x00,0x49,0x00,0x49,0x00,0x49,0x00,0x49,0x00,0x49,
	0x00,0x49,0x00,0x49,0x00,0x49,0x00,0x49,0x00,0x49,0x00,0x49,0x00,0x49,0x00,0x49,0x00,0x49,0x00,0x49,0x00,0x49,0x00,0x49,0x00,0x49,0x00,0x49,0x00,0x49,0x00,0x49,0x00,0x49,0x00,0x49,0x00,0x49,0x00,0x49,0x00,0x49,0x00,0x49,0x00,0x49,0x00,0x49,0x00,0x49,0x00,0x49,0x00,0x49,0x00,0x49,0x00,0x49,0x00,0x49,0x00,0x49,0x00,0x49,
	0x00,0x49,0x00,0x49,0x00,0x49,0x00,0x49,0x00,0x49,0x00,0x49,0x00,0x49,0x00,0x49,0x00,0x49,0x00,0x49,0x00,0x49,0x00,0x49,0x00,0x49,0x00,0x49,0x00,0x49,0x00,0x49,0x00,0x49,0x00,0x49,0x00,0x49,0x00,0x49,0x00,0x49,0x00,0x49,0x00,0x49,0x00,0x49,0x00,0x49,0x00,0x49,0x00,0x49,0x00,0x49,0x00,0x49,0x00,0x49,0x00,0x49,0x00,0x49,
	0x00,0x49,0x00,0x49,0x00,0x49,0x00,0x49,0x00,0x49,0x00,0x49,0x00,0x49,0x00,0x49,0x00,0x49,0x00,0x49,0x00,0x49,0x00,0x49,0x00,0x49,0x00,0x49,0x00,0x49,0x00,0x49,0x00,0x49,0x00,0x49,0x00,0x49,0x00,0x49,0x00,0x49,0x00,0x49,0x00,0x49,0x00,0x49,0x00,0x49,0x00,0x49,0x00,0x49,0x00,0x49,0x00,0x49,0x00,0x49,0x00,0x49,0x00,0x49,
	0x00,0x49,0x00,0x49,0x00,0x49,0x00,0x49,0x00,0x49,0x00,0x49,0x00,0x49,0x00,0x49,0x00,0x49,0x00,0x49,0x00,0x49,0x00,0x49,0x00,0x49,0x00,0x49,0x00,0x49,0x00,0x49,0x00,0x49,0x00,0x49,0x00,0x49,0x00,0x49,0x00,0x49,0x00,0x49,0x00,0x49,0x00,0x49,0x00,0x49,0x00,0x49,0x00,0x49,0x00,0x49,0x00,0x49,0x00,0x49,0x00,0x49,0x00,0x49,
	0x00,0x49,0x00,0x49,0x00,0x49,0x00,0x49,0x00,0x49,0x00,0x49,0x00,0x49,0x00,0x49,0x00,0x49,0x00,0x49,0x00,0x49,0x00,0x49,0x00,0x49,0x00,0x49,0x00,0x49,0x00,0x49,0x00,0x49,0x00,0x49,0x00,0x49,0x00,0x49,0x00,0x49,0x00,0x49,0x00,0x49,0x00,0x49,0x00,0x49,0x00,0x49,0x00,0x49,0x00,0x49,0x00,0x41,0x00,0x49,0x20,0x61,0xA0,0xB1,
	0x00,0xEA,0x00,0xEA,0x00,0xE2,0x00,0xE2,0x00,0xE2,0x00,0xE2,0x00,0xE2,0x00,0xE2,0x00,0xE2,0x00,0xE2,0x00,0xE2,0x20,0xE2,0x20,0xE2,0x20,0xE2,0x20,0xE2,0x20,0xEA,0x20,0xE2,0xE0,0xB1,0x60,0x79,0x00,0x49,0xE0,0x40,0x00,0x49,0x00,0x49,0x00,0x49,0x00,0x49,0x00,0x49,0x00,0x49,0x00,0x49,0x00,0x49,0x00,0x49,0x00,0x49,0x00,0x49,
	0x00,0x49,0x00,0x49,0x00,0x49,0x00,0x49,0x00,0x49,0x00,0x49,0x00,0x49,0x00,0x49,0x00,0x49,0x60,0x69,0x21,0x9A,0x41,0xE3,0xC2,0xFB,0xC2,0xFB,0xA2,0xFB,0xA2,0xFB,0xA2,0xFB,0xC1,0xC2,0xA0,0x79,0x00,0x51,0xC0,0x40,0x00,0x49,0x00,0x49,0x00,0x49,0xE0,0x40,0xE0,0x48,0x40,0x59,0x81,0xB2,0x82,0xF3,0x82,0xFB,0xA2,0xFB,0xA2,0xFB,
	0xA2,0xFB,0xC2,0xFB,0xA2,0xFB,0x01,0xD3,0x00,0x92,0x40,0x61,0x00,0x49,0x00,0x49,0x00,0x49,0x00,0x49,0x00,0x49,0x00,0x49,0x00,0x49,0x00,0x49,0x00,0x49,0x00,0x49,0x00,0x49,0x00,0x49,0x00,0x49,0x00,0x49,0x00,0x49,0x00,0x49,0x00,0x49,0x00,0x49,0xE0,0x40,0xE0,0x40,0xE0,0x81,0xC1,0xC2,0x62,0xF3,0x82,0xFB,0x82,0xFB,0x82,0xFB,
	0x82,0xFB,0x82,0xFB,0x82,0xFB,0xA2,0xFB,0xA2,0xFB,0xA2,0xFB,0xA2,0xFB,0xA2,0xFB,0xA2,0xFB,0xA2,0xFB,0xC2,0xFB,0xC2,0xFB,0xC2,0xFB,0xE1,0xD2,0x80,0x71,0x00,0x51,0xE0,0x40,0x00,0x49,0x00,0x49,0x00,0x49,0x00,0x49,0x00,0x49,0x00,0x49,0x00,0x49,0x00,0x49,0x00,0x49,0x00,0x49,0x00,0x49,0x00,0x49,0x00,0x49,0x00,0x49,0x00,0x49,
	0x00,0x49,0x00,0x49,0x00,0x49,0x00,0x49,0x00,0x49,0x00,0x49,0x00,0x49,0x00,0x49,0x00,0x49,0x00,0x49,0x00,0x49,0x00,0x49,0x00,0x49,0x00,0x49,0x00,0x49,0x00,0x49,0x00,0x49,0x00,0x49,0x00,0x49,0x00,0x49,0x00,0x49,0x00,0x49,0x00,0x49,0x00,0x49,0x00,0x49,0x00,0x49,0x00,0x49,0x00,0x49,0x00,0x49,0x00,0x49,0x00,0x49,0x00,0x49,
	0x00,0x49,0x00,0x49,0x00,0x49,0x00,0x49,0x00,0x49,0x00,0x49,0x00,0x49,0x00,0x49,0x00,0x49,0x00,0x49,0x00,0x49,0x00,0x49,0x00,0x49,0x00,0x49,0x00,0x49,0x00,0x49,0x00,0x49,0x00,0x49,0x00,0x49,0x00,0x49,0x00,0x49,0x00,0x49,0x00,0x49,0x00,0x49,0x00,0x49,0x00,0x49,0x00,0x49,0x00,0x49,0x00,0x49,0x00,0x49,0x00,0x49,0x00,0x49,
	0x00,0x49,0x00,0x49,0x00,0x49,0x00,0x49,0x00,0x49,0x00,0x49,0x00,0x49,0x00,0x49,0x00,0x49,0x00,0x49,0x00,0x49,0x00,0x49,0x00,0x49,0x00,0x49,0x00,0x49,0x00,0x49,0x00,0x49,0x00,0x49,0x00,0x49,0x00,0x49,0x00,0x49,0x00,0x49,0x00,0x49,0x00,0x49,0x00,0x49,0x00,0x49,0x00,0x49,0x00,0x49,0x00,0x49,0x00,0x49,0x00,0x49,0x00,0x49,
	0x00,0x49,0x00,0x49,0x00,0x49,0x00,0x49,0x00,0x49,0x00,0x49,0x00,0x49,0x00,0x49,0x00,0x49,0x00,0x49,0x00,0x49,0x00,0x49,0x00,0x49,0x00,0x49,0x00,0x49,0x00,0x49,0x00,0x49,0x00,0x49,0x00,0x49,0x00,0x49,0x00,0x49,0x00,0x49,0x00,0x49,0x00,0x49,0x00,0x49,0x00,0x49,0x00,0x49,0x00,0x49,0x00,0x49,0x00,0x49,0x00,0x49,0x00,0x49,
	0x00,0x49,0x00,0x49,0x00,0x49,0x00,0x49,0x00,0x49,0x00,0x49,0x00,0x49,0x00,0x49,0x00,0x49,0x00,0x49,0x00,0x49,0x00,0x49,0x00,0x49,0x00,0x49,0x00,0x49,0x00,0x49,0x00,0x49,0x00,0x49,0x00,0x49,0x00,0x49,0x00,0x49,0x00,0x49,0x00,0x49,0x00,0x49,0x00,0x49,0x00,0x49,0x00,0x49,0x00,0x49,0x00,0x49,0x00,0x49,0x00,0x49,0x00,0x49,
	0x00,0x49,0x00,0x49,0x00,0x49,0x00,0x49,0x00,0x49,0x00,0x49,0x00,0x49,0x00,0x49,0x00,0x49,0x00,0x49,0x00,0x49,0x00,0x49,0x00,0x49,0x00,0x49,0x00,0x49,0x00,0x49,0x00,0x49,0x00,0x49,0x00,0x49,0x00,0x49,0x00,0x49,0x00,0x49,0x00,0x49,0x00,0x49,0x00,0x49,0x00,0x49,0x00,0x49,0x00,0x49,0x00,0x49,0x00,0x49,0x00,0x49,0x00,0x49,
	0x00,0x49,0x00,0x49,0x00,0x49,0x00,0x49,0x00,0x49,0x00,0x49,0x00,0x49,0x00,0x49,0x00,0x49,0x00,0x49,0x00,0x49,0x00,0x49,0x00,0x49,0x00,0x49,0x00,0x49,0x00,0x49,0x00,0x49,0x00,0x49,0x00,0x49,0x00,0x49,0x00,0x49,0x00,0x49,0x00,0x49,0x00,0x49,0x00,0x49,0x00,0x49,0x00,0x49,0x00,0x49,0x00,0x49,0x00,0x49,0x00,0x49,0x00,0x49,
	0x00,0x49,0x00,0x49,0x00,0x49,0x00,0x49,0x00,0x49,0x00,0x49,0x00,0x49,0x00,0x49,0x00,0x49,0x00,0x49,0x00,0x49,0x00,0x49,0x00,0x49,0x00,0x49,0x00,0x49,0x00,0x49,0x00,0x49,0x00,0x49,0xE0,0x48,0x00,0x49,0x80,0x91,0xE0,0xD1,0x00,0xE2,0x00,0xEA,0x00,0xE2,0x00,0xE2,0x00,0xE2,0x00,0xE2,0x00,0xE2,0x00,0xE2,0x00,0xE2,0x00,0xE2,
	0x20,0xE2,0x20,0xE2,0x20,0xE2,0x20,0xE2,0x20,0xEA,0x20,0xEA,0x40,0xDA,0xC0,0xB1,0x20,0x61,0x00,0x49,0xE0,0x40,0x00,0x49,0x00,0x49,0x00,0x49,0x00,0x49,0x00,0x49,0x00,0x49,0x00,0x49,0x00,0x49,0x00,0x49,0x00,0x49,0x00,0x49,0x00,0x49,0x00,0x49,0x00,0x49,0x00,0x49,0x00,0x49,0x00,0x49,0x00,0x49,0xE0,0x40,0x00,0x49,0x40,0x61,
	0x41,0xA2,0x01,0xD3,0x61,0xEB,0x82,0xFB,0xC2,0xFB,0xE2,0xFB,0x61,0xEB,0xA1,0xBA,0xC0,0x81,0x20,0x59,0x00,0x49,0xE0,0x48,0x00,0x49,0x00,0x49,0x60,0x69,0x00,0x9A,0x01,0xD3,0xE2,0xFB,0xC2,0xFB,0xC2,0xFB,0xA2,0xFB,0xA2,0xFB,0x41,0xEB,0xE1,0xD2,0x00,0x92,0x20,0x59,0x00,0x49,0xE0,0x40,0x00,0x49,0x00,0x49,0x00,0x49,0x00,0x49,
	0x00,0x49,0x00,0x49,0x00,0x49,0x00,0x49,0x00,0x49,0x00,0x49,0x00,0x49,0x00,0x49,0x00,0x49,0x00,0x49,0x00,0x49,0x00,0x49,0xE0,0x40,0x00,0x49,0x40,0x61,0xA1,0xBA,0x62,0xF3,0x81,0xFB,0x82,0xFB,0x82,0xFB,0x82,0xFB,0x82,0xFB,0x82,0xFB,0x82,0xFB,0xA2,0xFB,0xA2,0xFB,0xA2,0xFB,0xA2,0xFB,0xA2,0xFB,0xA2,0xFB,0xA2,0xFB,0xC2,0xFB,
	0xA2,0xFB,0x82,0xF3,0x81,0xB2,0x00,0x51,0xE0,0x40,0xE0,0x48,0x00,0x49,0x00,0x49,0x00,0x49,0x00,0x49,0x00,0x49,0x00,0x49,0x00,0x49,0x00,0x49,0x00,0x49,0x00,0x49,0x00,0x49,0x00,0x49,0x00,0x49,0x00,0x49,0x00,0x49,0x00,0x49,0x00,0x49,0x00,0x49,0x00,0x49,0x00,0x49,0x00,0x49,0x00,0x49,0x00,0x49,0x00,0x49,0x00,0x49,0x00,0x49,
	0x00,0x49,0x00,0x49,0x00,0x49,0x00,0x49,0x00,0x49,0x00,0x49,0x00,0x49,0x00,0x49,0x00,0x49,0x00,0x49,0x00,0x49,0x00,0x49,0x00,0x49,0x00,0x49,0x00,0x49,0x00,0x49,0x00,0x49,0x00,0x49,0x00,0x49,0x00,0x49,0x00,0x49,0x00,0x49,0x00,0x49,0x00,0x49,0x00,0x49,0x00,0x49,0x00,0x49,0x00,0x49,0x00,0x49,0x00,0x49,0x00,0x49,0x00,0x49,
	0x00,0x49,0x00,0x49,0x00,0x49,0x00,0x49,0x00,0x49,0x00,0x49,0x00,0x49,0x00,0x49,0x00,0x49,0x00,0x49,0x00,0x49,0x00,0x49,0x00,0x49,0x00,0x49,0x00,0x49,0x00,0x49,0x00,0x49,0x00,0x49,0x00,0x49,0x00,0x49,0x00,0x49,0x00,0x49,0x00,0x49,0x00,0x49,0x00,0x49,0x00,0x49,0x00,0x49,0x00,0x49,0x00,0x49,0x00,0x49,0x00,0x49,0x00,0x49,
	0x00,0x49,0x00,0x49,0x00,0x49,0x00,0x49,0x00,0x49,0x00,0x49,0x00,0x49,0x00,0x49,0x00,0x49,0x00,0x49,0x00,0x49,0x00,0x49,0x00,0x49,0x00,0x49,0x00,0x49,0x00,0x49,0x00,0x49,0x00,0x49,0x00,0x49,0x00,0x49,0x00,0x49,0x00,0x49,0x00,0x49,0x00,0x49,0x00,0x49,0x00,0x49,0x00,0x49,0x00,0x49,0x00,0x49,0x00,0x49,0x00,0x49,0x00,0x49,
	0x00,0x49,0x00,0x49,0x00,0x49,0x00,0x49,0x00,0x49,0x00,0x49,0x00,0x49,0x00,0x49,0x00,0x49,0x00,0x49,0x00,0x49,0x00,0x49,0x00,0x49,0x00,0x49,0x00,0x49,0x00,0x49,0x00,0x49,0x00,0x49,0x00,0x49,0x00,0x49,0x00,0x49,0x00,0x49,0x00,0x49,0x00,0x49,0x00,0x49,0x00,0x49,0x00,0x49,0x00,0x49,0x00,0x49,0x00,0x49,0x00,0x49,0x00,0x49,
	0x00,0x49,0x00,0x49,0x00,0x49,0x00,0x49,0x00,0x49,0x00,0x49,0x00,0x49,0x00,0x49,0x00,0x49,0x00,0x49,0x00,0x49,0x00,0x49,0x00,0x49,0x00,0x49,0x00,0x49,0x00,0x49,0x00,0x49,0x00,0x49,0x00,0x49,0x00,0x49,0x00,0x49,0x00,0x49,0x00,0x49,0x00,0x49,0x00,0x49,0x00,0x49,0x00,0x49,0x00,0x49,0x00,0x49,0x00,0x49,0x00,0x49,0x00,0x49,
	0x00,0x49,0x00,0x49,0x00,0x49,0x00,0x49,0x00,0x49,0x00,0x49,0x00,0x49,0x00,0x49,0x00,0x49,0x00,0x49,0x00,0x49,0x00,0x49,0x00,0x49,0x00,0x49,0x00,0x49,0x00,0x49,0x00,0x49,0x00,0x49,0x00,0x49,0x00,0x49,0x00,0x49,0x00,0x49,0x00,0x49,0x00,0x49,0x00,0x49,0x00,0x49,0x00,0x49,0x00,0x49,0x00,0x49,0x00,0x49,0x00,0x49,0x00,0x49,
	0x00,0x49,0x00,0x49,0x00,0x49,0x00,0x49,0x00,0x49,0x00,0x49,0x00,0x49,0x00,0x49,0x00,0x49,0x00,0x49,0x00,0x49,0x00,0x49,0x00,0x49,0x00,0x49,0x00,0x49,0x00,0x49,0x00,0x49,0x00,0x49,0x00,0x49,0x00,0x49,0x00,0x49,0x00,0x49,0x00,0x49,0x00,0x49,0x00,0x49,0x00,0x49,0x00,0x49,0x00,0x49,0x00,0x49,0x00,0x49,0x00,0x49,0x00,0x49,
	0x00,0x49,0x00,0x49,0x00,0x49,0x00,0x49,0x00,0x49,0x00,0x49,0x00,0x49,0xE0,0x40,0x00,0x49,0x40,0x71,0xA0,0xB1,0xE0,0xE1,0x00,0xEA,0x00,0xE2,0x00,0xE2,0x00,0xE2,0x00,0xE2,0x00,0xE2,0x00,0xE2,0x00,0xE2,0x00,0xE2,0x20,0xE2,0x20,0xE2,0x20,0xE2,0x20,0xE2,0x20,0xE2,0x20,0xE2,0x40,0xEA,0x00,0xD2,0x80,0x99,0x20,0x69,0xE0,0x40,
	0xE0,0x48,0x00,0x49,0x00,0x49,0x00,0x49,0x00,0x49,0x00,0x49,0x00,0x49,0x00,0x49,0x00,0x49,0x00,0x49,0x00,0x49,0x00,0x49,0x00,0x49,0x00,0x49,0x00,0x49,0x00,0x49,0x00,0x49,0x00,0x49,0x00,0x49,0x00,0x49,0x00,0x49,0x20,0x51,0xA0,0x79,0xA1,0xBA,0x41,0xEB,0xC2,0xFB,0xC2,0xFB,0xC2,0xFB,0xA2,0xFB,0xE1,0xD2,0x21,0x9A,0x20,0x51,
	0xC0,0x40,0x00,0x49,0x40,0x61,0x21,0x9A,0x61,0xEB,0xC2,0xFB,0xC2,0xFB,0xC2,0xFB,0xC2,0xFB,0xC2,0xFB,0x21,0xE3,0x41,0xA2,0x60,0x69,0x20,0x51,0x00,0x49,0x00,0x49,0x00,0x49,0x00,0x49,0x00,0x49,0x00,0x49,0x00,0x49,0x00,0x49,0x00,0x49,0x00,0x49,0x00,0x49,0x00,0x49,0x00,0x49,0x00,0x49,0x00,0x49,0x00,0x49,0x00,0x49,0x00,0x49,
	0xE0,0x48,0xE0,0x40,0x60,0x69,0x00,0x9A,0x21,0xE3,0x82,0xFB,0x82,0xFB,0x82,0xFB,0x82,0xFB,0x82,0xFB,0x82,0xFB,0x82,0xFB,0x82,0xFB,0xA2,0xFB,0xA2,0xFB,0xA2,0xFB,0xA2,0xFB,0xA2,0xFB,0xA2,0xFB,0xA2,0xFB,0xC2,0xFB,0xA2,0xFB,0xC1,0xD2,0xE0,0x81,0x00,0x49,0xE0,0x40,0x00,0x49,0x00,0x49,0x00,0x49,0x00,0x49,0x00,0x49,0x00,0x49,
	0x00,0x49,0x00,0x49,0x00,0x49,0x00,0x49,0x00,0x49,0x00,0x49,0x00,0x49,0x00,0x49,0x00,0x49,0x00,0x49,0x00,0x49,0x00,0x49,0x00,0x49,0x00,0x49,0x00,0x49,0x00,0x49,0x00,0x49,0x00,0x49,0x00,0x49,0x00,0x49,0x00,0x49,0x00,0x49,0x00,0x49,0x00,0x49,0x00,0x49,0x00,0x49,0x00,0x49,0x00,0x49,0x00,0x49,0x00,0x49,0x00,0x49,0x00,0x49,
	0x00,0x49,0x00,0x49,0x00,0x49,0x00,0x49,0x00,0x49,0x00,0x49,0x00,0x49,0x00,0x49,0x00,0x49,0x00,0x49,0x00,0x49,0x00,0x49,0x00,0x49,0x00,0x49,0x00,0x49,0x00,0x49,0x00,0x49,0x00,0x49,0x00,0x49,0x00,0x49,0x00,0x49,0x00,0x49,0x00,0x49,0x00,0x49,0x00,0x49,0x00,0x49,0x00,0x49,0x00,0x49,0x00,0x49,0x00,0x49,0x00,0x49,0x00,0x49,
	0x00,0x49,0x00,0x49,0x00,0x49,0x00,0x49,0x00,0x49,0x00,0x49,0x00,0x49,0x00,0x49,0x00,0x49,0x00,0x49,0x00,0x49,0x00,0x49,0x00,0x49,0x00,0x49,0x00,0x49,0x00,0x49,0x00,0x49,0x00,0x49,0x00,0x49,0x00,0x49,0x00,0x49,0x00,0x49,0x00,0x49,0x00,0x49,0x00,0x49,0x00,0x49,0x00,0x49,0x00,0x49,0x00,0x49,0x00,0x49,0x00,0x49,0x00,0x49,
	0x00,0x49,0x00,0x49,0x00,0x49,0x00,0x49,0x00,0x49,0x00,0x49,0x00,0x49,0x00,0x49,0x00,0x49,0x00,0x49,0x00,0x49,0x00,0x49,0x00,0x49,0x00,0x49,0x00,0x49,0x00,0x49,0x00,0x49,0x00,0x49,0x00,0x49,0x00,0x49,0x00,0x49,0x00,0x49,0x00,0x49,0x00,0x49,0x00,0x49,0x00,0x49,0x00,0x49,0x00,0x49,0x00,0x49,0x00,0x49,0x00,0x49,0x00,0x49,
	0x00,0x49,0x00,0x49,0x00,0x49,0x00,0x49,0x00,0x49,0x00,0x49,0x00,0x49,0x00,0x49,0x00,0x49,0x00,0x49,0x00,0x49,0x00,0x49,0x00,0x49,0x00,0x49,0x00,0x49,0x00,0x49,0x00,0x49,0x00,0x49,0x00,0x49,0x00,0x49,0x00,0x49,0x00,0x49,0x00,0x49,0x00,0x49,0x00,0x49,0x00,0x49,0x00,0x49,0x00,0x49,0x00,0x49,0x00,0x49,0x00,0x49,0x00,0x49,
	0x00,0x49,0x00,0x49,0x00,0x49,0x00,0x49,0x00,0x49,0x00,0x49,0x00,0x49,0x00,0x49,0x00,0x49,0x00,0x49,0x00,0x49,0x00,0x49,0x00,0x49,0x00,0x49,0x00,0x49,0x00,0x49,0x00,0x49,0x00,0x49,0x00,0x49,0x00,0x49,0x00,0x49,0x00,0x49,0x00,0x49,0x00,0x49,0x00,0x49,0x00,0x49,0x00,0x49,0x00,0x49,0x00,0x49,0x00,0x49,0x00,0x49,0x00,0x49,
	0x00,0x49,0x00,0x49,0x00,0x49,0x00,0x49,0x00,0x49,0x00,0x49,0x00,0x49,0x00,0x49,0x00,0x49,0x00,0x49,0x00,0x49,0x00,0x49,0x00,0x49,0x00,0x49,0x00,0x49,0x00,0x49,0x00,0x49,0x00,0x49,0x00,0x49,0x00,0x49,0x00,0x49,0x00,0x49,0x00,0x49,0x00,0x49,0x00,0x49,0x00,0x49,0x00,0x49,0x00,0x49,0x00,0x49,0x00,0x49,0x00,0x49,0x00,0x49,
	0x00,0x49,0x00,0x49,0x00,0x49,0x00,0x49,0x00,0x49,0x00,0x49,0x00,0x49,0x00,0x49,0x00,0x49,0x00,0x49,0x00,0x49,0x00,0x49,0x00,0x49,0x00,0x49,0x00,0x49,0x00,0x49,0x00,0x49,0x00,0x49,0x00,0x49,0x00,0x49,0x00,0x49,0x00,0x49,0x00,0x49,0x00,0x49,0x00,0x49,0x00,0x49,0x00,0x49,0x00,0x49,0xE0,0x48,0x00,0x49,0x00,0x59,0x60,0x79,
	0xC0,0xD1,0x00,0xEA,0x00,0xE2,0x00,0xE2,0x00,0xE2,0x00,0xE2,0x00,0xE2,0x00,0xE2,0x00,0xE2,0x00,0xE2,0x20,0xE2,0x20,0xE2,0x20,0xE2,0x20,0xE2,0x20,0xE2,0x20,0xE2,0x40,0xEA,0x40,0xE2,0x00,0xD2,0x80,0x99,0x20,0x61,0x00,0x49,0xE0,0x40,0x00,0x49,0x00,0x49,0x00,0x49,0x00,0x49,0x00,0x49,0x00,0x49,0x00,0x49,0x00,0x49,0x00,0x49,
	0x00,0x49,0x00,0x49,0x00,0x49,0x00,0x49,0x00,0x49,0x00,0x49,0x00,0x49,0x00,0x49,0x00,0x49,0xE0,0x40,0xE0,0x40,0x20,0x51,0xA0,0x71,0x00,0x92,0x81,0xB2,0xE1,0xD2,0x41,0xE3,0xC2,0xFB,0xA2,0xFB,0xC1,0xC2,0x20,0x59,0xC0,0x38,0x00,0x49,0xA0,0x71,0xA1,0xBA,0xE2,0xFB,0xE2,0xFB,0xA2,0xFB,0x41,0xE3,0xC1,0xC2,0x41,0xA2,0xE0,0x81,
	0x60,0x69,0x00,0x49,0xE0,0x40,0xE0,0x48,0x00,0x49,0x00,0x49,0x00,0x49,0x00,0x49,0x00,0x49,0x00,0x49,0x00,0x49,0x00,0x49,0x00,0x49,0x00,0x49,0x00,0x49,0x00,0x49,0x00,0x49,0x00,0x49,0x00,0x49,0x00,0x49,0xE0,0x40,0xE0,0x48,0x40,0x59,0x00,0x9A,0xE1,0xDA,0x42,0xFB,0x82,0xFB,0x82,0xFB,0x82,0xFB,0x82,0xFB,0x82,0xFB,0x82,0xFB,
	0x82,0xFB,0x82,0xFB,0xA2,0xFB,0xA2,0xFB,0xA2,0xFB,0xA2,0xFB,0xA2,0xFB,0xA2,0xFB,0xA2,0xFB,0xC2,0xFB,0x61,0xEB,0x00,0x92,0x40,0x59,0x00,0x49,0xE0,0x40,0x00,0x49,0x00,0x49,0x00,0x49,0x00,0x49,0x00,0x49,0x00,0x49,0x00,0x49,0x00,0x49,0x00,0x49,0x00,0x49,0x00,0x49,0x00,0x49,0x00,0x49,0x00,0x49,0x00,0x49,0x00,0x49,0x00,0x49,
	0x00,0x49,0x00,0x49,0x00,0x49,0x00,0x49,0x00,0x49,0x00,0x49,0x00,0x49,0x00,0x49,0x00,0x49,0x00,0x49,0x00,0x49,0x00,0x49,0x00,0x49,0x00,0x49,0x00,0x49,0x00,0x49,0x00,0x49,0x00,0x49,0x00,0x49,0x00,0x49,0x00,0x49,0x00,0x49,0x00,0x49,0x00,0x49,0x00,0x49,0x00,0x49,0x00,0x49,0x00,0x49,0x00,0x49,0x00,0x49,0x00,0x49,0x00,0x49,
	0x00,0x49,0x00,0x49,0x00,0x49,0x00,0x49,0x00,0x49,0x00,0x49,0x00,0x49,0x00,0x49,0x00,0x49,0x00,0x49,0x00,0x49,0x00,0x49,0x00,0x49,0x00,0x49,0x00,0x49,0x00,0x49,0x00,0x49,0x00,0x49,0x00,0x49,0x00,0x49,0x00,0x49,0x00,0x49,0x00,0x49,0x00,0x49,0x00,0x49,0x00,0x49,0x00,0x49,0x00,0x49,0x00,0x49,0x00,0x49,0x00,0x49,0x00,0x49,
	0x00,0x49,0x00,0x49,0x00,0x49,0x00,0x49,0x00,0x49,0x00,0x49,0x00,0x49,0x00,0x49,0x00,0x49,0x00,0x49,0x00,0x49,0x00,0x49,0x00,0x49,0x00,0x49,0x00,0x49,0x00,0x49,0x00,0x49,0x00,0x49,0x00,0x49,0x00,0x49,0x00,0x49,0x00,0x49,0x00,0x49,0x00,0x49,0x00,0x49,0x00,0x49,0x00,0x49,0x00,0x49,0x00,0x49,0x00,0x49,0x00,0x49,0x00,0x49,
	0x00,0x49,0x00,0x49,0x00,0x49,0x00,0x49,0x00,0x49,0x00,0x49,0x00,0x49,0x00,0x49,0x00,0x49,0x00,0x49,0x00,0x49,0x00,0x49,0x00,0x49,0x00,0x49,0x00,0x49,0x00,0x49,0x00,0x49,0x00,0x49,0x00,0x49,0x00,0x49,0x00,0x49,0x00,0x49,0x00,0x49,0x00,0x49,0x00,0x49,0x00,0x49,0x00,0x49,0x00,0x49,0x00,0x49,0x00,0x49,0x00,0x49,0x00,0x49,
	0x00,0x49,0x00,0x49,0x00,0x49,0x00,0x49,0x00,0x49,0x00,0x49,0x00,0x49,0x00,0x49,0x00,0x49,0x00,0x49,0x00,0x49,0x00,0x49,0x00,0x49,0x00,0x49,0x00,0x49,0x00,0x49,0x00,0x49,0x00,0x49,0x00,0x49,0x00,0x49,0x00,0x49,0x00,0x49,0x00,0x49,0x00,0x49,0x00,0x49,0x00,0x49,0x00,0x49,0x00,0x49,0x00,0x49,0x00,0x49,0x00,0x49,0x00,0x49,
	0x00,0x49,0x00,0x49,0x00,0x49,0x00,0x49,0x00,0x49,0x00,0x49,0x00,0x49,0x00,0x49,0x00,0x49,0x00,0x49,0x00,0x49,0x00,0x49,0x00,0x49,0x00,0x49,0x00,0x49,0x00,0x49,0x00,0x49,0x00,0x49,0x00,0x49,0x00,0x49,0x00,0x49,0x00,0x49,0x00,0x49,0x00,0x49,0x00,0x49,0x00,0x49,0x00,0x49,0x00,0x49,0x00,0x49,0x00,0x49,0x00,0x49,0x00,0x49,
	0x00,0x49,0x00,0x49,0x00,0x49,0x00,0x49,0x00,0x49,0x00,0x49,0x00,0x49,0x00,0x49,0x00,0x49,0x00,0x49,0x00,0x49,0x00,0x49,0x00,0x49,0x00,0x49,0x00,0x49,0x00,0x49,0x00,0x49,0x00,0x49,0x00,0x49,0x00,0x49,0x00,0x49,0x00,0x49,0x00,0x49,0x00,0x49,0x00,0x49,0x00,0x49,0x00,0x49,0x00,0x49,0x00,0x49,0x00,0x49,0x00,0x49,0x00,0x49,
	0x00,0x49,0x00,0x49,0x00,0x49,0x00,0x49,0x00,0x49,0x00,0x49,0x00,0x49,0x00,0x49,0x00,0x49,0x00,0x49,0x00,0x49,0x00,0x49,0x00,0x49,0x00,0x49,0x00,0x49,0x00,0x49,0x00,0x49,0x00,0x49,0x00,0x49,0xE0,0x40,0x00,0x59,0xA0,0xB1,0xE0,0xE1,0x00,0xEA,0x00,0xEA,0x00,0xE2,0x00,0xE2,0x00,0xE2,0x00,0xE2,0x00,0xE2,0x00,0xE2,0x20,0xE2,
	0x20,0xE2,0x20,0xE2,0x20,0xE2,0x20,0xE2,0x20,0xE2,0x40,0xE2,0x40,0xEA,0x40,0xEA,0xE0,0xC1,0x80,0x99,0x20,0x59,0x00,0x49,0x00,0x49,0x00,0x49,0x00,0x49,0x00,0x49,0x00,0x49,0x00,0x49,0x00,0x49,0x00,0x49,0x00,0x49,0x00,0x49,0x00,0x49,0x00,0x49,0x00,0x49,0x00,0x49,0x00,0x49,0x00,0x49,0x00,0x49,0x00,0x49,0x00,0x49,0x00,0x49,
	0xE0,0x40,0xE0,0x40,0x00,0x49,0x40,0x59,0xE0,0x81,0x81,0xB2,0xE1,0xD2,0x41,0xE3,0xC1,0xC2,0x20,0x59,0xC0,0x38,0x00,0x49,0xA0,0x71,0x81,0xB2,0x41,0xEB,0x41,0xEB,0xE1,0xD2,0x41,0xA2,0xA0,0x79,0x20,0x51,0xE0,0x48,0xE0,0x40,0xE0,0x48,0x00,0x49,0x00,0x49,0x00,0x49,0x00,0x49,0x00,0x49,0x00,0x49,0x00,0x49,0x00,0x49,0x00,0x49,
	0x00,0x49,0x00,0x49,0x00,0x49,0x00,0x49,0x00,0x49,0x00,0x49,0x00,0x49,0x00,0x49,0x00,0x49,0xE0,0x48,0x40,0x59,0x00,0x92,0xC1,0xD2,0x82,0xFB,0x62,0xFB,0x62,0xFB,0x82,0xFB,0x82,0xFB,0x82,0xFB,0x82,0xFB,0x82,0xFB,0x82,0xFB,0x82,0xFB,0xA2,0xFB,0xA2,0xFB,0xA2,0xFB,0xA2,0xFB,0xA2,0xFB,0xA2,0xFB,0xA2,0xFB,0xA2,0xFB,0x01,0xD3,
	0x60,0x69,0xE0,0x40,0x00,0x49,0x00,0x49,0x00,0x49,0x00,0x49,0x00,0x49,0x00,0x49,0x00,0x49,0x00,0x49,0x00,0x49,0x00,0x49,0x00,0x49,0x00,0x49,0x00,0x49,0x00,0x49,0x00,0x49,0x00,0x49,0x00,0x49,0x00,0x49,0x00,0x49,0x00,0x49,0x00,0x49,0x00,0x49,0x00,0x49,0x00,0x49,0x00,0x49,0x00,0x49,0x00,0x49,0x00,0x49,0x00,0x49,0x00,0x49,
	0x00,0x49,0x00,0x49,0x00,0x49,0x00,0x49,0x00,0x49,0x00,0x49,0x00,0x49,0x00,0x49,0x00,0x49,0x00,0x49,0x00,0x49,0x00,0x49,0x00,0x49,0x00,0x49,0x00,0x49,0x00,0x49,0x00,0x49,0x00,0x49,0x00,0x49,0x00,0x49,0x00,0x49,0x00,0x49,0x00,0x49,0x00,0x49,0x00,0x49,0x00,0x49,0x00,0x49,0x00,0x49,0x00,0x49,0x00,0x49,0x00,0x49,0x00,0x49,
	0x00,0x49,0x00,0x49,0x00,0x49,0x00,0x49,0x00,0x49,0x00,0x49,0x00,0x49,0x00,0x49,0x00,0x49,0x00,0x49,0x00,0x49,0x00,0x49,0x00,0x49,0x00,0x49,0x00,0x49,0x00,0x49,0x00,0x49,0x00,0x49,0x00,0x49,0x00,0x49,0x00,0x49,0x00,0x49,0x00,0x49,0x00,0x49,0x00,0x49,0x00,0x49,0x00,0x49,0x00,0x49,0x00,0x49,0x00,0x49,0x00,0x49,0x00,0x49,
	0x00,0x49,0x00,0x49,0x00,0x49,0x00,0x49,0x00,0x49,0x00,0x49,0x00,0x49,0x00,0x49,0x00,0x49,0x00,0x49,0x00,0x49,0x00,0x49,0x00,0x49,0x00,0x49,0x00,0x49,0x00,0x49,0x00,0x49,0x00,0x49,0x00,0x49,0x00,0x49,0x00,0x49,0x00,0x49,0x00,0x49,0x00,0x49,0x00,0x49,0x00,0x49,0x00,0x49,0x00,0x49,0x00,0x49,0x00,0x49,0x00,0x49,0x00,0x49,
	0x00,0x49,0x00,0x49,0x00,0x49,0x00,0x49,0x00,0x49,0x00,0x49,0x00,0x49,0x00,0x49,0x00,0x49,0x00,0x49,0x00,0x49,0x00,0x49,0x00,0x49,0x00,0x49,0x00,0x49,0x00,0x49,0x00,0x49,0x00,0x49,0x00,0x49,0x00,0x49,0x00,0x49,0x00,0x49,0x00,0x49,0x00,0x49,0x00,0x49,0x00,0x49,0x00,0x49,0x00,0x49,0x00,0x49,0x00,0x49,0x00,0x49,0x00,0x49,
	0x00,0x49,0x00,0x49,0x00,0x49,0x00,0x49,0x00,0x49,0x00,0x49,0x00,0x49,0x00,0x49,0x00,0x49,0x00,0x49,0x00,0x49,0x00,0x49,0x00,0x49,0x00,0x49,0x00,0x49,0x00,0x49,0x00,0x49,0x00,0x49,0x00,0x49,0x00,0x49,0x00,0x49,0x00,0x49,0x00,0x49,0x00,0x49,0x00,0x49,0x00,0x49,0x00,0x49,0x00,0x49,0x00,0x49,0x00,0x49,0x00,0x49,0x00,0x49,
	0x00,0x49,0x00,0x49,0x00,0x49,0x00,0x49,0x00,0x49,0x00,0x49,0x00,0x49,0x00,0x49,0x00,0x49,0x00,0x49,0x00,0x49,0x00,0x49,0x00,0x49,0x00,0x49,0x00,0x49,0x00,0x49,0x00,0x49,0x00,0x49,0x00,0x49,0x00,0x49,0x00,0x49,0x00,0x49,0x00,0x49,0x00,0x49,0x00,0x49,0x00,0x49,0x00,0x49,0x00,0x49,0x00,0x49,0x00,0x49,0x00,0x49,0x00,0x49,
	0x00,0x49,0x00,0x49,0x00,0x49,0x00,0x49,0x00,0x49,0x00,0x49,0x00,0x49,0x00,0x49,0x00,0x49,0x00,0x49,0x00,0x49,0x00,0x49,0x00,0x49,0x00,0x49,0x00,0x49,0x00,0x49,0x00,0x49,0x00,0x49,0x00,0x49,0x00,0x49,0x00,0x49,0x00,0x49,0x00,0x49,0x00,0x49,0x00,0x49,0x00,0x49,0x00,0x49,0x00,0x49,0x00,0x49,0x00,0x49,0x00,0x49,0x00,0x49,
	0x00,0x49,0x00,0x49,0x00,0x49,0x00,0x49,0x00,0x49,0x00,0x49,0x00,0x49,0x00,0x49,0xE0,0x40,0x00,0x51,0x60,0x81,0xC0,0xB9,0x00,0xEA,0x00,0xEA,0x00,0xE2,0x00,0xE2,0x00,0xE2,0x00,0xE2,0x00,0xE2,0x00,0xE2,0x20,0xE2,0x20,0xE2,0x20,0xE2,0x20,0xE2,0x20,0xE2,0x20,0xE2,0x40,0xE2,0x40,0xEA,0x40,0xEA,0x40,0xE2,0x00,0xD2,0x80,0x91,
	0x20,0x61,0xE0,0x40,0xE0,0x40,0x00,0x49,0x00,0x49,0x00,0x49,0x00,0x49,0x00,0x49,0x00,0x49,0x00,0x49,0x00,0x49,0x00,0x49,0x00,0x49,0x00,0x49,0x00,0x49,0x00,0x49,0x00,0x49,0x00,0x49,0x00,0x49,0x00,0x49,0x00,0x49,0x00,0x49,0xE0,0x48,0xE0,0x48,0x00,0x49,0x20,0x51,0x40,0x59,0x40,0x61,0x60,0x69,0x40,0x61,0x00,0x49,0xE0,0x40,
	0x00,0x49,0x20,0x51,0x40,0x59,0x60,0x69,0x60,0x69,0x40,0x61,0x40,0x59,0x20,0x51,0x00,0x49,0xE0,0x48,0xE0,0x48,0x00,0x49,0x00,0x49,0x00,0x49,0x00,0x49,0x00,0x49,0x00,0x49,0x00,0x49,0x00,0x49,0x00,0x49,0x00,0x49,0x00,0x49,0x00,0x49,0x00,0x49,0x00,0x49,0x00,0x49,0x00,0x49,0x00,0x49,0xE0,0x40,0xE0,0x40,0x20,0x59,0xE0,0x81,
	0x01,0xD3,0x62,0xF3,0x62,0xFB,0x62,0xFB,0x62,0xFB,0x82,0xFB,0x82,0xFB,0x82,0xFB,0x82,0xFB,0x82,0xFB,0x82,0xFB,0x82,0xFB,0xA2,0xFB,0xA2,0xFB,0xA2,0xFB,0xA2,0xFB,0xA2,0xFB,0xA2,0xFB,0xC2,0xFB,0x01,0xD3,0x00,0x92,0x20,0x59,0xE0,0x40,0x00,0x49,0x00,0x49,0x00,0x49,0x00,0x49,0x00,0x49,0x00,0x49,0x00,0x49,0x00,0x49,0x00,0x49,
	0x00,0x49,0x00,0x49,0x00,0x49,0x00,0x49,0x00,0x49,0x00,0x49,0x00,0x49,0x00,0x49,0x00,0x49,0x00,0x49,0x00,0x49,0x00,0x49,0x00,0x49,0x00,0x49,0x00,0x49,0x00,0x49,0x00,0x49,0x00,0x49,0x00,0x49,0x00,0x49,0x00,0x49,0x00,0x49,0x00,0x49,0x00,0x49,0x00,0x49,0x00,0x49,0x00,0x49,0x00,0x49,0x00,0x49,0x00,0x49,0x00,0x49,0x00,0x49,
	0x00,0x49,0x00,0x49,0x00,0x49,0x00,0x49,0x00,0x49,0x00,0x49,0x00,0x49,0x00,0x49,0x00,0x49,0x00,0x49,0x00,0x49,0x00,0x49,0x00,0x49,0x00,0x49,0x00,0x49,0x00,0x49,0x00,0x49,0x00,0x49,0x00,0x49,0x00,0x49,0x00,0x49,0x00,0x49,0x00,0x49,0x00,0x49,0x00,0x49,0x00,0x49,0x00,0x49,0x00,0x49,0x00,0x49,0x00,0x49,0x00,0x49,0x00,0x49,
	0x00,0x49,0x00,0x49,0x00,0x49,0x00,0x49,0x00,0x49,0x00,0x49,0x00,0x49,0x00,0x49,0x00,0x49,0x00,0x49,0x00,0x49,0x00,0x49,0x00,0x49,0x00,0x49,0x00,0x49,0x00,0x49,0x00,0x49,0x00,0x49,0x00,0x49,0x00,0x49,0x00,0x49,0x00,0x49,0x00,0x49,0x00,0x49,0x00,0x49,0x00,0x49,0x00,0x49,0x00,0x49,0x00,0x49,0x00,0x49,0x00,0x49,0x00,0x49,
	0x00,0x49,0x00,0x49,0x00,0x49,0x00,0x49,0x00,0x49,0x00,0x49,0x00,0x49,0x00,0x49,0x00,0x49,0x00,0x49,0x00,0x49,0x00,0x49,0x00,0x49,0x00,0x49,0x00,0x49,0x00,0x49,0x00,0x49,0x00,0x49,0x00,0x49,0x00,0x49,0x00,0x49,0x00,0x49,0x00,0x49,0x00,0x49,0x00,0x49,0x00,0x49,0x00,0x49,0x00,0x49,0x00,0x49,0x00,0x49,0x00,0x49,0x00,0x49,
	0x00,0x49,0x00,0x49,0x00,0x49,0x00,0x49,0x00,0x49,0x00,0x49,0x00,0x49,0x00,0x49,0x00,0x49,0x00,0x49,0x00,0x49,0x00,0x49,0x00,0x49,0x00,0x49,0x00,0x49,0x00,0x49,0x00,0x49,0x00,0x49,0x00,0x49,0x00,0x49,0x00,0x49,0x00,0x49,0x00,0x49,0x00,0x49,0x00,0x49,0x00,0x49,0x00,0x49,0x00,0x49,0x00,0x49,0x00,0x49,0x00,0x49,0x00,0x49,
	0x00,0x49,0x00,0x49,0x00,0x49,0x00,0x49,0x00,0x49,0x00,0x49,0x00,0x49,0x00,0x49,0x00,0x49,0x00,0x49,0x00,0x49,0x00,0x49,0x00,0x49,0x00,0x49,0x00,0x49,0x00,0x49,0x00,0x49,0x00,0x49,0x00,0x49,0x00,0x49,0x00,0x49,0x00,0x49,0x00,0x49,0x00,0x49,0x00,0x49,0x00,0x49,0x00,0x49,0x00,0x49,0x00,0x49,0x00,0x49,0x00,0x49,0x00,0x49,
	0x00,0x49,0x00,0x49,0x00,0x49,0x00,0x49,0x00,0x49,0x00,0x49,0x00,0x49,0x00,0x49,0x00,0x49,0x00,0x49,0x00,0x49,0x00,0x49,0x00,0x49,0x00,0x49,0x00,0x49,0x00,0x49,0x00,0x49,0x00,0x49,0x00,0x49,0x00,0x49,0x00,0x49,0x00,0x49,0x00,0x49,0x00,0x49,0x00,0x49,0x00,0x49,0x00,0x49,0x00,0x49,0x00,0x49,0x00,0x49,0x00,0x49,0x00,0x49,
	0x00,0x49,0x00,0x49,0x00,0x49,0x00,0x49,0x00,0x49,0x00,0x49,0x00,0x49,0x00,0x49,0x00,0x49,0x00,0x49,0x00,0x49,0x00,0x49,0x00,0x49,0x00,0x49,0x00,0x49,0x00,0x49,0x00,0x49,0x00,0x49,0x00,0x49,0x00,0x49,0x00,0x49,0x00,0x49,0x00,0x49,0x00,0x49,0x00,0x49,0x00,0x49,0x00,0x49,0x00,0x49,0x00,0x49,0xE0,0x40,0x00,0x49,0x00,0x59,
	0x60,0x91,0xE0,0xE1,0x00,0xEA,0x00,0xEA,0x00,0xE2,0x00,0xE2,0x00,0xE2,0x00,0xE2,0x00,0xE2,0x20,0xE2,0x20,0xE2,0x20,0xE2,0x20,0xE2,0x20,0xE2,0x20,0xE2,0x40,0xE2,0x40,0xE2,0x40,0xE2,0x40,0xEA,0x40,0xEA,0xE0,0xC1,0x80,0x91,0x20,0x61,0x00,0x49,0xE0,0x40,0x00,0x49,0x00,0x49,0x00,0x49,0x00,0x49,0x00,0x49,0x00,0x49,0x00,0x49,
	0x00,0x49,0x00,0x49,0x00,0x49,0x00,0x49,0x00,0x49,0x00,0x49,0x00,0x49,0x00,0x49,0x00,0x49,0x00,0x49,0x00,0x49,0x00,0x49,0x00,0x49,0xE0,0x48,0xE0,0x40,0xE0,0x40,0xC0,0x40,0xC0,0x38,0xC0,0x40,0xE0,0x48,0x00,0x49,0x00,0x49,0xE0,0x40,0xE0,0x40,0xC0,0x38,0xC0,0x38,0xC0,0x40,0xE0,0x40,0xE0,0x40,0xE0,0x48,0x00,0x49,0x00,0x49,
	0x00,0x49,0x00,0x49,0x00,0x49,0x00,0x49,0x00,0x49,0x00,0x49,0x00,0x49,0x00,0x49,0x00,0x49,0x00,0x49,0x00,0x49,0x00,0x49,0x00,0x49,0x00,0x49,0x00,0x49,0x00,0x49,0xE0,0x40,0x00,0x49,0x40,0x61,0x00,0x92,0xC1,0xC2,0x62,0xFB,0x82,0xFB,0x62,0xFB,0x62,0xFB,0x62,0xFB,0x82,0xFB,0x82,0xFB,0x82,0xFB,0x82,0xFB,0x82,0xFB,0x82,0xFB,
	0x82,0xFB,0xA2,0xFB,0xA2,0xFB,0xA2,0xFB,0xA2,0xFB,0xA2,0xFB,0xA2,0xFB,0x82,0xF3,0x41,0xB2,0x40,0x61,0x00,0x49,0xE0,0x40,0x00,0x49,0x00,0x49,0x00,0x49,0x00,0x49,0x00,0x49,0x00,0x49,0x00,0x49,0x00,0x49,0x00,0x49,0x00,0x49,0x00,0x49,0x00,0x49,0x00,0x49,0x00,0x49,0x00,0x49,0x00,0x49,0x00,0x49,0x00,0x49,0x00,0x49,0x00,0x49,
	0x00,0x49,0x00,0x49,0x00,0x49,0x00,0x49,0x00,0x49,0x00,0x49,0x00,0x49,0x00,0x49,0x00,0x49,0x00,0x49,0x00,0x49,0x00,0x49,0x00,0x49,0x00,0x49,0x00,0x49,0x00,0x49,0x00,0x49,0x00,0x49,0x00,0x49,0x00,0x49,0x00,0x49,0x00,0x49,0x00,0x49,0x00,0x49,0x00,0x49,0x00,0x49,0x00,0x49,0x00,0x49,0x00,0x49,0x00,0x49,0x00,0x49,0x00,0x49,
	0x00,0x49,0x00,0x49,0x00,0x49,0x00,0x49,0x00,0x49,0x00,0x49,0x00,0x49,0x00,0x49,0x00,0x49,0x00,0x49,0x00,0x49,0x00,0x49,0x00,0x49,0x00,0x49,0x00,0x49,0x00,0x49,0x00,0x49,0x00,0x49,0x00,0x49,0x00,0x49,0x00,0x49,0x00,0x49,0x00,0x49,0x00,0x49,0x00,0x49,0x00,0x49,0x00,0x49,0x00,0x49,0x00,0x49,0x00,0x49,0x00,0x49,0x00,0x49,
	0x00,0x49,0x00,0x49,0x00,0x49,0x00,0x49,0x00,0x49,0x00,0x49,0x00,0x49,0x00,0x49,0x00,0x49,0x00,0x49,0x00,0x49,0x00,0x49,0x00,0x49,0x00,0x49,0x00,0x49,0x00,0x49,0x00,0x49,0x00,0x49,0x00,0x49,0x00,0x49,0x00,0x49,0x00,0x49,0x00,0x49,0x00,0x49,0x00,0x49,0x00,0x49,0x00,0x49,0x00,0x49,0x00,0x49,0x00,0x49,0x00,0x49,0x00,0x49,
	0x00,0x49,0x00,0x49,0x00,0x49,0x00,0x49,0x00,0x49,0x00,0x49,0x00,0x49,0x00,0x49,0x00,0x49,0x00,0x49,0x00,0x49,0x00,0x49,0x00,0x49,0x00,0x49,0x00,0x49,0x00,0x49,0x00,0x49,0x00,0x49,0x00,0x49,0x00,0x49,0x00,0x49,0x00,0x49,0x00,0x49,0x00,0x49,0x00,0x49,0x00,0x49,0x00,0x49,0x00,0x49,0x00,0x49,0x00,0x49,0x00,0x49,0x00,0x49,
	0x00,0x49,0x00,0x49,0x00,0x49,0x00,0x49,0x00,0x49,0x00,0x49,0x00,0x49,0x00,0x49,0x00,0x49,0x00,0x49,0x00,0x49,0x00,0x49,0x00,0x49,0x00,0x49,0x00,0x49,0x00,0x49,0x00,0x49,0x00,0x49,0x00,0x49,0x00,0x49,0x00,0x49,0x00,0x49,0x00,0x49,0x00,0x49,0x00,0x49,0x00,0x49,0x00,0x49,0x00,0x49,0x00,0x49,0x00,0x49,0x00,0x49,0x00,0x49,
	0x00,0x49,0x00,0x49,0x00,0x49,0x00,0x49,0x00,0x49,0x00,0x49,0x00,0x49,0x00,0x49,0x00,0x49,0x00,0x49,0x00,0x49,0x00,0x49,0x00,0x49,0x00,0x49,0x00,0x49,0x00,0x49,0x00,0x49,0x00,0x49,0x00,0x49,0x00,0x49,0x00,0x49,0x00,0x49,0x00,0x49,0x00,0x49,0x00,0x49,0x00,0x49,0x00,0x49,0x00,0x49,0x00,0x49,0x00,0x49,0x00,0x49,0x00,0x49,
	0x00,0x49,0x00,0x49,0x00,0x49,0x00,0x49,0x00,0x49,0x00,0x49,0x00,0x49,0x00,0x49,0x00,0x49,0x00,0x49,0x00,0x49,0x00,0x49,0x00,0x49,0x00,0x49,0x00,0x49,0x00,0x49,0x00,0x49,0x00,0x49,0x00,0x49,0x00,0x49,0x00,0x49,0x00,0x49,0x00,0x49,0x00,0x49,0x00,0x49,0x00,0x49,0x00,0x49,0x00,0x49,0x00,0x49,0x00,0x49,0x00,0x49,0x00,0x49,
	0x00,0x49,0x00,0x49,0x00,0x49,0x00,0x49,0x00,0x49,0x00,0x49,0x00,0x49,0x00,0x49,0x00,0x49,0x00,0x49,0x00,0x49,0x00,0x49,0x00,0x49,0x00,0x49,0x00,0x49,0x00,0x49,0x00,0x49,0x00,0x49,0x00,0x49,0x00,0x49,0xE0,0x40,0x40,0x71,0xC0,0xB9,0xE0,0xE1,0x00,0xEA,0x00,0xE2,0x00,0xE2,0x00,0xE2,0x00,0xE2,0x00,0xE2,0x20,0xE2,0x20,0xE2,
	0x20,0xE2,0x20,0xE2,0x20,0xE2,0x20,0xE2,0x40,0xE2,0x40,0xE2,0x40,0xE2,0x40,0xE2,0x40,0xE2,0x40,0xEA,0x00,0xD2,0x80,0x91,0x20,0x61,0xE0,0x40,0x00,0x49,0x00,0x49,0x00,0x49,0x00,0x49,0x00,0x49,0x00,0x49,0x00,0x49,0x00,0x49,0x00,0x49,0x00,0x49,0x00,0x49,0x00,0x49,0x00,0x49,0x00,0x49,0x00,0x49,0x00,0x49,0x00,0x49,0x00,0x49,
	0x00,0x49,0x00,0x49,0x00,0x49,0x00,0x49,0x00,0x49,0x00,0x49,0x00,0x49,0x00,0x49,0x00,0x49,0x00,0x49,0x00,0x49,0x00,0x49,0x00,0x49,0x00,0x49,0x00,0x49,0x00,0x49,0x00,0x49,0x00,0x49,0x00,0x49,0x00,0x49,0x00,0x49,0x00,0x49,0x00,0x49,0x00,0x49,0x00,0x49,0x00,0x49,0x00,0x49,0x00,0x49,0x00,0x49,0x00,0x49,0x00,0x49,0x00,0x49,
	0x00,0x49,0x00,0x49,0x00,0x49,0x00,0x49,0x00,0x49,0xE0,0x40,0x40,0x61,0x00,0x9A,0xE1,0xDA,0x82,0xFB,0x62,0xFB,0x62,0xFB,0x62,0xFB,0x62,0xFB,0x62,0xFB,0x82,0xFB,0x82,0xFB,0x82,0xFB,0x82,0xFB,0x82,0xFB,0x82,0xFB,0x82,0xFB,0xA2,0xFB,0xA2,0xFB,0xA2,0xFB,0xA2,0xFB,0xA2,0xFB,0x82,0xF3,0x01,0xD3,0xE0,0x81,0xE0,0x40,0xE0,0x40,
	0x00,0x49,0x00,0x49,0x00,0x49,0x00,0x49,0x00,0x49,0x00,0x49,0x00,0x49,0x00,0x49,0x00,0x49,0x00,0x49,0x00,0x49,0x00,0x49,0x00,0x49,0x00,0x49,0x00,0x49,0x00,0x49,0x00,0x49,0x00,0x49,0x00,0x49,0x00,0x49,0x00,0x49,0x00,0x49,0x00,0x49,0x00,0x49,0x00,0x49,0x00,0x49,0x00,0x49,0x00,0x49,0x00,0x49,0x00,0x49,0x00,0x49,0x00,0x49,
	0x00,0x49,0x00,0x49,0x00,0x49,0x00,0x49,0x00,0x49,0x00,0x49,0x00,0x49,0x00,0x49,0x00,0x49,0x00,0x49,0x00,0x49,0x00,0x49,0x00,0x49,0x00,0x49,0x00,0x49,0x00,0x49,0x00,0x49,0x00,0x49,0x00,0x49,0x00,0x49,0x00,0x49,0x00,0x49,0x00,0x49,0x00,0x49,0x00,0x49,0x00,0x49,0x00,0x49,0x00,0x49,0x00,0x49,0x00,0x49,0x00,0x49,0x00,0x49,
	0x00,0x49,0x00,0x49,0x00,0x49,0x00,0x49,0x00,0x49,0x00,0x49,0x00,0x49,0x00,0x49,0x00,0x49,0x00,0x49,0x00,0x49,0x00,0x49,0x00,0x49,0x00,0x49,0x00,0x49,0x00,0x49,0x00,0x49,0x00,0x49,0x00,0x49,0x00,0x49,0x00,0x49,0x00,0x49,0x00,0x49,0x00,0x49,0x00,0x49,0x00,0x49,0x00,0x49,0x00,0x49,0x00,0x49,0x00,0x49,0x00,0x49,0x00,0x49,
	0x00,0x49,0x00,0x49,0x00,0x49,0x00,0x49,0x00,0x49,0x00,0x49,0x00,0x49,0x00,0x49,0x00,0x49,0x00,0x49,0x00,0x49,0x00,0x49,0x00,0x49,0x00,0x49,0x00,0x49,0x00,0x49,0x00,0x49,0x00,0x49,0x00,0x49,0x00,0x49,0x00,0x49,0x00,0x49,0x00,0x49,0x00,0x49,0x00,0x49,0x00,0x49,0x00,0x49,0x00,0x49,0x00,0x49,0x00,0x49,0x00,0x49,0x00,0x49,
	0x00,0x49,0x00,0x49,0x00,0x49,0x00,0x49,0x00,0x49,0x00,0x49,0x00,0x49,0x00,0x49,0x00,0x49,0x00,0x49,0x00,0x49,0x00,0x49,0x00,0x49,0x00,0x49,0x00,0x49,0x00,0x49,0x00,0x49,0x00,0x49,0x00,0x49,0x00,0x49,0x00,0x49,0x00,0x49,0x00,0x49,0x00,0x49,0x00,0x49,0x00,0x49,0x00,0x49,0x00,0x49,0x00,0x49,0x00,0x49,0x00,0x49,0x00,0x49,
	0x00,0x49,0x00,0x49,0x00,0x49,0x00,0x49,0x00,0x49,0x00,0x49,0x00,0x49,0x00,0x49,0x00,0x49,0x00,0x49,0x00,0x49,0x00,0x49,0x00,0x49,0x00,0x49,0x00,0x49,0x00,0x49,0x00,0x49,0x00,0x49,0x00,0x49,0x00,0x49,0x00,0x49,0x00,0x49,0x00,0x49,0x00,0x49,0x00,0x49,0x00,0x49,0x00,0x49,0x00,0x49,0x00,0x49,0x00,0x49,0x00,0x49,0x00,0x49,
	0x00,0x49,0x00,0x49,0x00,0x49,0x00,0x49,0x00,0x49,0x00,0x49,0x00,0x49,0x00,0x49,0x00,0x49,0x00,0x49,0x00,0x49,0x00,0x49,0x00,0x49,0x00,0x49,0x00,0x49,0x00,0x49,0x00,0x49,0x00,0x49,0x00,0x49,0x00,0x49,0x00,0x49,0x00,0x49,0x00,0x49,0x00,0x49,0x00,0x49,0x00,0x49,0x00,0x49,0x00,0x49,0x00,0x49,0x00,0x49,0x00,0x49,0x00,0x49,
	0x00,0x49,0x00,0x49,0x00,0x49,0x00,0x49,0x00,0x49,0x00,0x49,0x00,0x49,0x00,0x49,0x00,0x49,0x00,0x49,0x00,0x49,0x00,0x49,0x00,0x49,0x00,0x49,0x00,0x49,0x00,0x49,0x00,0x49,0x00,0x49,0x00,0x49,0x00,0x49,0x00,0x49,0x00,0x49,0x00,0x49,0x00,0x49,0x00,0x49,0x00,0x49,0x00,0x49,0x00,0x49,0x00,0x49,0x00,0x49,0x00,0x49,0x00,0x49,
	0x00,0x49,0x00,0x49,0x00,0x49,0x00,0x49,0x00,0x49,0x00,0x49,0x00,0x49,0x00,0x49,0x00,0x49,0xE0,0x40,0x00,0x59,0x60,0x79,0xC0,0xC9,0x00,0xEA,0x00,0xE2,0x00,0xE2,0x00,0xE2,0x00,0xE2,0x00,0xE2,0x20,0xE2,0x20,0xE2,0x20,0xE2,0x20,0xE2,0x20,0xE2,0x20,0xE2,0x40,0xE2,0x40,0xE2,0x40,0xE2,0x40,0xE2,0x40,0xE2,0x40,0xEA,0x40,0xE2,
	0x00,0xD2,0xC0,0xA1,0x60,0x79,0x00,0x49,0xE0,0x40,0x00,0x49,0x00,0x49,0x00,0x49,0x00,0x49,0x00,0x49,0x00,0x49,0x00,0x49,0x00,0x49,0x00,0x49,0x00,0x49,0x00,0x49,0x00,0x49,0x00,0x49,0x00,0x49,0x00,0x49,0x00,0x49,0x00,0x49,0x00,0x49,0x00,0x49,0x00,0x49,0x00,0x49,0x00,0x49,0x00,0x49,0x00,0x49,0x00,0x49,0x00,0x49,0x00,0x49,
	0x00,0x49,0x00,0x49,0x00,0x49,0x00,0x49,0x00,0x49,0x00,0x49,0x00,0x49,0x00,0x49,0x00,0x49,0x00,0x49,0x00,0x49,0x00,0x49,0x00,0x49,0x00,0x49,0x00,0x49,0x00,0x49,0x00,0x49,0x00,0x49,0x00,0x49,0x00,0x49,0x00,0x49,0x00,0x49,0x00,0x49,0x00,0x49,0xE0,0x40,0x00,0x49,0xA0,0x79,0x41,0xA2,0xE1,0xDA,0x62,0xF3,0x82,0xFB,0x62,0xFB,
	0x62,0xFB,0x62,0xFB,0x62,0xFB,0x62,0xFB,0x82,0xFB,0x82,0xFB,0x82,0xFB,0x82,0xFB,0x82,0xFB,0x82,0xFB,0x82,0xFB,0xA2,0xFB,0xA2,0xFB,0xA2,0xFB,0xA2,0xFB,0xC2,0xFB,0x41,0xE3,0xE0,0x81,0x40,0x59,0xE0,0x40,0xE0,0x48,0x00,0x49,0x00,0x49,0x00,0x49,0x00,0x49,0x00,0x49,0x00,0x49,0x00,0x49,0x00,0x49,0x00,0x49,0x00,0x49,0x00,0x49,
	0x00,0x49,0x00,0x49,0x00,0x49,0x00,0x49,0x00,0x49,0x00,0x49,0x00,0x49,0x00,0x49,0x00,0x49,0x00,0x49,0x00,0x49,0x00,0x49,0x00,0x49,0x00,0x49,0x00,0x49,0x00,0x49,0x00,0x49,0x00,0x49,0x00,0x49,0x00,0x49,0x00,0x49,0x00,0x49,0x00,0x49,0x00,0x49,0x00,0x49,0x00,0x49,0x00,0x49,0x00,0x49,0x00,0x49,0x00,0x49,0x00,0x49,0x00,0x49,
	0x00,0x49,0x00,0x49,0x00,0x49,0x00,0x49,0x00,0x49,0x00,0x49,0x00,0x49,0x00,0x49,0x00,0x49,0x00,0x49,0x00,0x49,0x00,0x49,0x00,0x49,0x00,0x49,0x00,0x49,0x00,0x49,0x00,0x49,0x00,0x49,0x00,0x49,0x00,0x49,0x00,0x49,0x00,0x49,0x00,0x49,0x00,0x49,0x00,0x49,0x00,0x49,0x00,0x49,0x00,0x49,0x00,0x49,0x00,0x49,0x00,0x49,0x00,0x49,
	0x00,0x49,0x00,0x49,0x00,0x49,0x00,0x49,0x00,0x49,0x00,0x49,0x00,0x49,0x00,0x49,0x00,0x49,0x00,0x49,0x00,0x49,0x00,0x49,0x00,0x49,0x00,0x49,0x00,0x49,0x00,0x49,0x00,0x49,0x00,0x49,0x00,0x49,0x00,0x49,0x00,0x49,0x00,0x49,0x00,0x49,0x00,0x49,0x00,0x49,0x00,0x49,0x00,0x49,0x00,0x49,0x00,0x49,0x00,0x49,0x00,0x49,0x00,0x49,
	0x00,0x49,0x00,0x49,0x00,0x49,0x00,0x49,0x00,0x49,0x00,0x49,0x00,0x49,0x00,0x49,0x00,0x49,0x00,0x49,0x00,0x49,0x00,0x49,0x00,0x49,0x00,0x49,0x00,0x49,0x00,0x49,0x00,0x49,0x00,0x49,0x00,0x49,0x00,0x49,0x00,0x49,0x00,0x49,0x00,0x49,0x00,0x49,0x00,0x49,0x00,0x49,0x00,0x49,0x00,0x49,0x00,0x49,0x00,0x49,0x00,0x49,0x00,0x49,
	0x00,0x49,0x00,0x49,0x00,0x49,0x00,0x49,0x00,0x49,0x00,0x49,0x00,0x49,0x00,0x49,0x00,0x49,0x00,0x49,0x00,0x49,0x00,0x49,0x00,0x49,0x00,0x49,0x00,0x49,0x00,0x49,0x00,0x49,0x00,0x49,0x00,0x49,0x00,0x49,0x00,0x49,0x00,0x49,0x00,0x49,0x00,0x49,0x00,0x49,0x00,0x49,0x00,0x49,0x00,0x49,0x00,0x49,0x00,0x49,0x00,0x49,0x00,0x49,
	0x00,0x49,0x00,0x49,0x00,0x49,0x00,0x49,0x00,0x49,0x00,0x49,0x00,0x49,0x00,0x49,0x00,0x49,0x00,0x49,0x00,0x49,0x00,0x49,0x00,0x49,0x00,0x49,0x00,0x49,0x00,0x49,0x00,0x49,0x00,0x49,0x00,0x49,0x00,0x49,0x00,0x49,0x00,0x49,0x00,0x49,0x00,0x49,0x00,0x49,0x00,0x49,0x00,0x49,0x00,0x49,0x00,0x49,0x00,0x49,0x00,0x49,0x00,0x49,
	0x00,0x49,0x00,0x49,0x00,0x49,0x00,0x49,0x00,0x49,0x00,0x49,0x00,0x49,0x00,0x49,0x00,0x49,0x00,0x49,0x00,0x49,0x00,0x49,0x00,0x49,0x00,0x49,0x00,0x49,0x00,0x49,0x00,0x49,0x00,0x49,0x00,0x49,0x00,0x49,0x00,0x49,0x00,0x49,0x00,0x49,0x00,0x49,0x00,0x49,0x00,0x49,0x00,0x49,0x00,0x49,0x00,0x49,0x00,0x49,0x00,0x49,0x00,0x49,
	0x00,0x49,0x00,0x49,0x00,0x49,0x00,0x49,0x00,0x49,0x00,0x49,0x00,0x49,0x00,0x49,0x00,0x49,0x00,0x49,0x00,0x49,0x00,0x49,0x00,0x49,0x00,0x49,0x00,0x49,0x00,0x49,0x00,0x49,0x00,0x49,0x00,0x49,0x00,0x49,0x00,0x49,0x00,0x49,0x00,0x49,0x00,0x49,0x00,0x49,0x00,0x49,0x00,0x49,0x00,0x49,0x00,0x49,0x00,0x49,0x00,0x49,0xE0,0x40,
	0x00,0x51,0x80,0x99,0xE0,0xD1,0x00,0xE2,0x00,0xEA,0x00,0xE2,0x00,0xE2,0x00,0xE2,0x20,0xE2,0x20,0xE2,0x20,0xE2,0x20,0xE2,0x20,0xE2,0x20,0xE2,0x40,0xE2,0x40,0xE2,0x40,0xE2,0x40,0xE2,0x40,0xE2,0x40,0xE2,0x40,0xEA,0x40,0xEA,0x40,0xDA,0xE0,0xB1,0x60,0x71,0x00,0x51,0xE0,0x48,0x00,0x49,0x00,0x49,0x00,0x49,0x00,0x49,0x00,0x49,
	0x00,0x49,0x00,0x49,0x00,0x49,0x00,0x49,0x00,0x49,0x00,0x49,0x00,0x49,0x00,0x49,0x00,0x49,0x00,0x49,0x00,0x49,0x00,0x49,0x00,0x49,0x00,0x49,0x00,0x49,0x00,0x49,0x00,0x49,0x00,0x49,0x00,0x49,0x00,0x49,0x00,0x49,0x00,0x49,0x00,0x49,0x00,0x49,0x00,0x49,0x00,0x49,0x00,0x49,0x00,0x49,0x00,0x49,0x00,0x49,0x00,0x49,0x00,0x49,
	0x00,0x49,0x00,0x49,0x00,0x49,0x00,0x49,0x00,0x49,0x00,0x49,0x00,0x49,0x00,0x49,0x00,0x49,0x00,0x49,0x00,0x49,0x00,0x49,0xE0,0x48,0x20,0x51,0x80,0x71,0x81,0xB2,0x21,0xE3,0x62,0xFB,0x62,0xFB,0x62,0xFB,0x62,0xFB,0x62,0xFB,0x62,0xFB,0x62,0xFB,0x62,0xFB,0x82,0xFB,0x82,0xFB,0x82,0xFB,0x82,0xFB,0x82,0xFB,0x82,0xFB,0x82,0xFB,
	0xA2,0xFB,0xA2,0xFB,0xA2,0xFB,0xA2,0xFB,0x82,0xF3,0x81,0xB2,0x20,0x51,0xE0,0x40,0x00,0x49,0x00,0x49,0x00,0x49,0x00,0x49,0x00,0x49,0x00,0x49,0x00,0x49,0x00,0x49,0x00,0x49,0x00,0x49,0x00,0x49,0x00,0x49,0x00,0x49,0x00,0x49,0x00,0x49,0x00,0x49,0x00,0x49,0x00,0x49,0x00,0x49,0x00,0x49,0x00,0x49,0x00,0x49,0x00,0x49,0x00,0x49,
	0x00,0x49,0x00,0x49,0x00,0x49,0x00,0x49,0x00,0x49,0x00,0x49,0x00,0x49,0x00,0x49,0x00,0x49,0x00,0x49,0x00,0x49,0x00,0x49,0x00,0x49,0x00,0x49,0x00,0x49,0x00,0x49,0x00,0x49,0x00,0x49,0x00,0x49,0x00,0x49,0x00,0x49,0x00,0x49,0x00,0x49,0x00,0x49,0x00,0x49,0x00,0x49,0x00,0x49,0x00,0x49,0x00,0x49,0x00,0x49,0x00,0x49,0x00,0x49,
	0x00,0x49,0x00,0x49,0x00,0x49,0x00,0x49,0x00,0x49,0x00,0x49,0x00,0x49,0x00,0x49,0x00,0x49,0x00,0x49,0x00,0x49,0x00,0x49,0x00,0x49,0x00,0x49,0x00,0x49,0x00,0x49,0x00,0x49,0x00,0x49,0x00,0x49,0x00,0x49,0x00,0x49,0x00,0x49,0x00,0x49,0x00,0x49,0x00,0x49,0x00,0x49,0x00,0x49,0x00,0x49,0x00,0x49,0x00,0x49,0x00,0x49,0x00,0x49,
	0x00,0x49,0x00,0x49,0x00,0x49,0x00,0x49,0x00,0x49,0x00,0x49,0x00,0x49,0x00,0x49,0x00,0x49,0x00,0x49,0x00,0x49,0x00,0x49,0x00,0x49,0x00,0x49,0x00,0x49,0x00,0x49,0x00,0x49,0x00,0x49,0x00,0x49,0x00,0x49,0x00,0x49,0x00,0x49,0x00,0x49,0x00,0x49,0x00,0x49,0x00,0x49,0x00,0x49,0x00,0x49,0x00,0x49,0x00,0x49,0x00,0x49,0x00,0x49,
	0x00,0x49,0x00,0x49,0x00,0x49,0x00,0x49,0x00,0x49,0x00,0x49,0x00,0x49,0x00,0x49,0x00,0x49,0x00,0x49,0x00,0x49,0x00,0x49,0x00,0x49,0x00,0x49,0x00,0x49,0x00,0x49,0x00,0x49,0x00,0x49,0x00,0x49,0x00,0x49,0x00,0x49,0x00,0x49,0x00,0x49,0x00,0x49,0x00,0x49,0x00,0x49,0x00,0x49,0x00,0x49,0x00,0x49,0x00,0x49,0x00,0x49,0x00,0x49,
	0x00,0x49,0x00,0x49,0x00,0x49,0x00,0x49,0x00,0x49,0x00,0x49,0x00,0x49,0x00,0x49,0x00,0x49,0x00,0x49,0x00,0x49,0x00,0x49,0x00,0x49,0x00,0x49,0x00,0x49,0x00,0x49,0x00,0x49,0x00,0x49,0x00,0x49,0x00,0x49,0x00,0x49,0x00,0x49,0x00,0x49,0x00,0x49,0x00,0x49,0x00,0x49,0x00,0x49,0x00,0x49,0x00,0x49,0x00,0x49,0x00,0x49,0x00,0x49,
	0x00,0x49,0x00,0x49,0x00,0x49,0x00,0x49,0x00,0x49,0x00,0x49,0x00,0x49,0x00,0x49,0x00,0x49,0x00,0x49,0x00,0x49,0x00,0x49,0x00,0x49,0x00,0x49,0x00,0x49,0x00,0x49,0x00,0x49,0x00,0x49,0x00,0x49,0x00,0x49,0x00,0x49,0x00,0x49,0x00,0x49,0x00,0x49,0x00,0x49,0x00,0x49,0x00,0x49,0x00,0x49,0x00,0x49,0x00,0x49,0x00,0x49,0x00,0x49,
	0x00,0x49,0x00,0x49,0x00,0x49,0x00,0x49,0x00,0x49,0x00,0x49,0x00,0x49,0x00,0x49,0x00,0x49,0x00,0x49,0x00,0x49,0x00,0x49,0x00,0x49,0x00,0x49,0x00,0x49,0x00,0x49,0x00,0x49,0x00,0x49,0x00,0x49,0x00,0x49,0x00,0x49,0x00,0x49,0x00,0x49,0x00,0x49,0x00,0x49,0x00,0x49,0x00,0x49,0x00,0x49,0x00,0x49,0x00,0x49,0x00,0x49,0x00,0x49,
	0x00,0x49,0x00,0x49,0x00,0x49,0x00,0x49,0x00,0x49,0x00,0x49,0x00,0x49,0x00,0x49,0x00,0x49,0x00,0x49,0x00,0x49,0x00,0x49,0x00,0x49,0x00,0x49,0x00,0x49,0x00,0x49,0x00,0x49,0x00,0x49,0x00,0x49,0x00,0x49,0x00,0x49,0x00,0x49,0x20,0x69,0x80,0xA1,0xE0,0xE1,0x00,0xEA,0x00,0xE2,0x00,0xE2,0x00,0xE2,0x20,0xE2,0x20,0xE2,0x20,0xE2,
	0x20,0xE2,0x20,0xE2,0x20,0xE2,0x40,0xE2,0x40,0xE2,0x40,0xE2,0x40,0xE2,0x40,0xE2,0x40,0xE2,0x40,0xE2,0x40,0xEA,0x40,0xEA,0x00,0xE2,0xE0,0xC1,0x80,0x89,0xE0,0x48,0xE0,0x40,0x00,0x49,0x00,0x49,0x00,0x49,0x00,0x49,0x00,0x49,0x00,0x49,0x00,0x49,0x00,0x49,0x00,0x49,0x00,0x49,0x00,0x49,0x00,0x49,0x00,0x49,0x00,0x49,0x00,0x49,
	0x00,0x49,0x00,0x49,0x00,0x49,0x00,0x49,0x00,0x49,0x00,0x49,0x00,0x49,0x00,0x49,0x00,0x49,0x00,0x49,0x00,0x49,0x00,0x49,0x00,0x49,0x00,0x49,0x00,0x49,0x00,0x49,0x00,0x49,0x00,0x49,0x00,0x49,0x00,0x49,0x00,0x49,0x00,0x49,0x00,0x49,0x00,0x49,0x00,0x49,0x00,0x49,0x00,0x49,0x00,0x49,0x00,0x49,0x00,0x49,0x00,0x49,0x00,0x49,
	0xE0,0x40,0xE0,0x40,0xC0,0x89,0xC1,0xD2,0x21,0xEB,0x62,0xF3,0x62,0xFB,0x62,0xF3,0x62,0xFB,0x62,0xFB,0x62,0xFB,0x62,0xFB,0x62,0xFB,0x62,0xFB,0x82,0xFB,0x82,0xFB,0x82,0xFB,0x82,0xFB,0x82,0xFB,0x82,0xFB,0x82,0xFB,0xA2,0xFB,0xA2,0xFB,0xC2,0xFB,0xA2,0xFB,0xA1,0xBA,0xA0,0x79,0x00,0x49,0xE0,0x40,0x00,0x49,0x00,0x49,0x00,0x49,
	0x00,0x49,0x00,0x49,0x00,0x49,0x00,0x49,0x00,0x49,0x00,0x49,0x00,0x49,0x00,0x49,0x00,0x49,0x00,0x49,0x00,0x49,0x00,0x49,0x00,0x49,0x00,0x49,0x00,0x49,0x00,0x49,0x00,0x49,0x00,0x49,0x00,0x49,0x00,0x49,0x00,0x49,0x00,0x49,0x00,0x49,0x00,0x49,0x00,0x49,0x00,0x49,0x00,0x49,0x00,0x49,0x00,0x49,0x00,0x49,0x00,0x49,0x00,0x49,
	0x00,0x49,0x00,0x49,0x00,0x49,0x00,0x49,0x00,0x49,0x00,0x49,0x00,0x49,0x00,0x49,0x00,0x49,0x00,0x49,0x00,0x49,0x00,0x49,0x00,0x49,0x00,0x49,0x00,0x49,0x00,0x49,0x00,0x49,0x00,0x49,0x00,0x49,0x00,0x49,0x00,0x49,0x00,0x49,0x00,0x49,0x00,0x49,0x00,0x49,0x00,0x49,0x00,0x49,0x00,0x49,0x00,0x49,0x00,0x49,0x00,0x49,0x00,0x49,
	0x00,0x49,0x00,0x49,0x00,0x49,0x00,0x49,0x00,0x49,0x00,0x49,0x00,0x49,0x00,0x49,0x00,0x49,0x00,0x49,0x00,0x49,0x00,0x49,0x00,0x49,0x00,0x49,0x00,0x49,0x00,0x49,0x00,0x49,0x00,0x49,0x00,0x49,0x00,0x49,0x00,0x49,0x00,0x49,0x00,0x49,0x00,0x49,0x00,0x49,0x00,0x49,0x00,0x49,0x00,0x49,0x00,0x49,0x00,0x49,0x00,0x49,0x00,0x49,
	0x00,0x49,0x00,0x49,0x00,0x49,0x00,0x49,0x00,0x49,0x00,0x49,0x00,0x49,0x00,0x49,0x00,0x49,0x00,0x49,0x00,0x49,0x00,0x49,0x00,0x49,0x00,0x49,0x00,0x49,0x00,0x49,0x00,0x49,0x00,0x49,0x00,0x49,0x00,0x49,0x00,0x49,0x00,0x49,0x00,0x49,0x00,0x49,0x00,0x49,0x00,0x49,0x00,0x49,0x00,0x49,0x00,0x49,0x00,0x49,0x00,0x49,0x00,0x49,
	0x00,0x49,0x00,0x49,0x00,0x49,0x00,0x49,0x00,0x49,0x00,0x49,0x00,0x49,0x00,0x49,0x00,0x49,0x00,0x49,0x00,0x49,0x00,0x49,0x00,0x49,0x00,0x49,0x00,0x49,0x00,0x49,0x00,0x49,0x00,0x49,0x00,0x49,0x00,0x49,0x00,0x49,0x00,0x49,0x00,0x49,0x00,0x49,0x00,0x49,0x00,0x49,0x00,0x49,0x00,0x49,0x00,0x49,0x00,0x49,0x00,0x49,0x00,0x49,
	0x00,0x49,0x00,0x49,0x00,0x49,0x00,0x49,0x00,0x49,0x00,0x49,0x00,0x49,0x00,0x49,0x00,0x49,0x00,0x49,0x00,0x49,0x00,0x49,0x00,0x49,0x00,0x49,0x00,0x49,0x00,0x49,0x00,0x49,0x00,0x49,0x00,0x49,0x00,0x49,0x00,0x49,0x00,0x49,0x00,0x49,0x00,0x49,0x00,0x49,0x00,0x49,0x00,0x49,0x00,0x49,0x00,0x49,0x00,0x49,0x00,0x49,0x00,0x49,
	0x00,0x49,0x00,0x49,0x00,0x49,0x00,0x49,0x00,0x49,0x00,0x49,0x00,0x49,0x00,0x49,0x00,0x49,0x00,0x49,0x00,0x49,0x00,0x49,0x00,0x49,0x00,0x49,0x00,0x49,0x00,0x49,0x00,0x49,0x00,0x49,0x00,0x49,0x00,0x49,0x00,0x49,0x00,0x49,0x00,0x49,0x00,0x49,0x00,0x49,0x00,0x49,0x00,0x49,0x00,0x49,0x00,0x49,0x00,0x49,0x00,0x49,0x00,0x49,
	0x00,0x49,0x00,0x49,0x00,0x49,0x00,0x49,0x00,0x49,0x00,0x49,0x00,0x49,0x00,0x49,0x00,0x49,0x00,0x49,0x00,0x49,0x00,0x49,0x00,0x49,0x00,0x49,0x00,0x49,0x00,0x49,0x00,0x49,0x00,0x49,0x00,0x49,0x00,0x49,0x00,0x49,0x00,0x49,0x00,0x49,0x00,0x49,0x00,0x49,0x00,0x49,0x00,0x49,0x00,0x49,0x00,0x49,0x00,0x49,0x00,0x49,0x00,0x49,
	0x00,0x49,0x00,0x49,0x00,0x49,0x00,0x49,0x00,0x49,0x00,0x49,0x00,0x49,0x00,0x49,0x00,0x49,0x00,0x49,0x00,0x49,0x00,0x49,0x40,0x71,0xC0,0xB9,0xE0,0xE1,0x00,0xEA,0x00,0xEA,0x00,0xE2,0x20,0xE2,0x20,0xE2,0x20,0xE2,0x20,0xE2,0x20,0xE2,0x20,0xE2,0x40,0xE2,0x40,0xE2,0x40,0xE2,0x40,0xE2,0x40,0xE2,0x40,0xE2,0x40,0xE2,0x40,0xE2,
	0x40,0xEA,0x40,0xEA,0x60,0xEA,0xE0,0xB1,0x60,0x71,0x20,0x51,0xE0,0x40,0x00,0x49,0x00,0x49,0x00,0x49,0x00,0x49,0x00,0x49,0x00,0x49,0x00,0x49,0x00,0x49,0x00,0x49,0x00,0x49,0x00,0x49,0x00,0x49,0x00,0x49,0x00,0x49,0x00,0x49,0x00,0x49,0x00,0x49,0x00,0x49,0x00,0x49,0x00,0x49,0x00,0x49,0x00,0x49,0x00,0x49,0x00,0x49,0x00,0x49,
	0x00,0x49,0x00,0x49,0x00,0x49,0x00,0x49,0x00,0x49,0x00,0x49,0x00,0x49,0x00,0x49,0x00,0x49,0x00,0x49,0x00,0x49,0x00,0x49,0x00,0x49,0x00,0x49,0x00,0x49,0x00,0x49,0x00,0x49,0x00,0x49,0x00,0x49,0x00,0x49,0xE0,0x40,0x00,0x51,0xA0,0x71,0x81,0xB2,0x21,0xF3,0x62,0xFB,0x62,0xFB,0x62,0xF3,0x62,0xF3,0x62,0xFB,0x62,0xFB,0x62,0xFB,
	0x62,0xFB,0x62,0xFB,0x62,0xFB,0x82,0xFB,0x82,0xFB,0x82,0xFB,0x82,0xFB,0x82,0xFB,0x82,0xFB,0x82,0xFB,0xA2,0xFB,0xA2,0xFB,0x82,0xF3,0x01,0xD3,0xE0,0x81,0x20,0x51,0x00,0x49,0xE0,0x48,0x00,0x49,0x00,0x49,0x00,0x49,0x00,0x49,0x00,0x49,0x00,0x49,0x00,0x49,0x00,0x49,0x00,0x49,0x00,0x49,0x00,0x49,0x00,0x49,0x00,0x49,0x00,0x49,
	0x00,0x49,0x00,0x49,0x00,0x49,0x00,0x49,0x00,0x49,0x00,0x49,0x00,0x49,0x00,0x49,0x00,0x49,0x00,0x49,0x00,0x49,0x00,0x49,0x00,0x49,0x00,0x49,0x00,0x49,0x00,0x49,0x00,0x49,0x00,0x49,0x00,0x49,0x00,0x49,0x00,0x49,0x00,0x49,0x00,0x49,0x00,0x49,0x00,0x49,0x00,0x49,0x00,0x49,0x00,0x49,0x00,0x49,0x00,0x49,0x00,0x49,0x00,0x49,
	0x00,0x49,0x00,0x49,0x00,0x49,0x00,0x49,0x00,0x49,0x00,0x49,0x00,0x49,0x00,0x49,0x00,0x49,0x00,0x49,0x00,0x49,0x00,0x49,0x00,0x49,0x00,0x49,0x00,0x49,0x00,0x49,0x00,0x49,0x00,0x49,0x00,0x49,0x00,0x49,0x00,0x49,0x00,0x49,0x00,0x49,0x00,0x49,0x00,0x49,0x00,0x49,0x00,0x49,0x00,0x49,0x00,0x49,0x00,0x49,0x00,0x49,0x00,0x49,
	0x00,0x49,0x00,0x49,0x00,0x49,0x00,0x49,0x00,0x49,0x00,0x49,0x00,0x49,0x00,0x49,0x00,0x49,0x00,0x49,0x00,0x49,0x00,0x49,0x00,0x49,0x00,0x49,0x00,0x49,0x00,0x49,0x00,0x49,0x00,0x49,0x00,0x49,0x00,0x49,0x00,0x49,0x00,0x49,0x00,0x49,0x00,0x49,0x00,0x49,0x00,0x49,0x00,0x49,0x00,0x49,0x00,0x49,0x00,0x49,0x00,0x49,0x00,0x49,
	0x00,0x49,0x00,0x49,0x00,0x49,0x00,0x49,0x00,0x49,0x00,0x49,0x00,0x49,0x00,0x49,0x00,0x49,0x00,0x49,0x00,0x49,0x00,0x49,0x00,0x49,0x00,0x49,0x00,0x49,0x00,0x49,0x00,0x49,0x00,0x49,0x00,0x49,0x00,0x49,0x00,0x49,0x00,0x49,0x00,0x49,0x00,0x49,0x00,0x49,0x00,0x49,0x00,0x49,0x00,0x49,0x00,0x49,0x00,0x49,0x00,0x49,0x00,0x49,
	0x00,0x49,0x00,0x49,0x00,0x49,0x00,0x49,0x00,0x49,0x00,0x49,0x00,0x49,0x00,0x49,0x00,0x49,0x00,0x49,0x00,0x49,0x00,0x49,0x00,0x49,0x00,0x49,0x00,0x49,0x00,0x49,0x00,0x49,0x00,0x49,0x00,0x49,0x00,0x49,0x00,0x49,0x00,0x49,0x00,0x49,0x00,0x49,0x00,0x49,0x00,0x49,0x00,0x49,0x00,0x49,0x00,0x49,0x00,0x49,0x00,0x49,0x00,0x49,
	0x00,0x49,0x00,0x49,0x00,0x49,0x00,0x49,0x00,0x49,0x00,0x49,0x00,0x49,0x00,0x49,0x00,0x49,0x00,0x49,0x00,0x49,0x00,0x49,0x00,0x49,0x00,0x49,0x00,0x49,0x00,0x49,0x00,0x49,0x00,0x49,0x00,0x49,0x00,0x49,0x00,0x49,0x00,0x49,0x00,0x49,0x00,0x49,0x00,0x49,0x00,0x49,0x00,0x49,0x00,0x49,0x00,0x49,0x00,0x49,0x00,0x49,0x00,0x49,
	0x00,0x49,0x00,0x49,0x00,0x49,0x00,0x49,0x00,0x49,0x00,0x49,0x00,0x49,0x00,0x49,0x00,0x49,0x00,0x49,0x00,0x49,0x00,0x49,0x00,0x49,0x00,0x49,0x00,0x49,0x00,0x49,0x00,0x49,0x00,0x49,0x00,0x49,0x00,0x49,0x00,0x49,0x00,0x49,0x00,0x49,0x00,0x49,0x00,0x49,0x00,0x49,0x00,0x49,0x00,0x49,0x00,0x49,0x00,0x49,0x00,0x49,0x00,0x49,
	0x00,0x49,0x00,0x49,0x00,0x49,0x00,0x49,0x00,0x49,0x00,0x49,0x00,0x49,0x00,0x49,0x00,0x49,0x00,0x49,0x00,0x49,0x00,0x49,0x00,0x49,0x00,0x49,0x00,0x49,0x00,0x49,0x00,0x49,0x00,0x49,0x00,0x49,0x00,0x49,0x00,0x49,0x00,0x49,0x00,0x49,0x00,0x49,0x00,0x49,0x00,0x49,0x00,0x49,0x00,0x49,0x00,0x49,0x00,0x49,0x00,0x49,0x00,0x49,
	0xE0,0x40,0x00,0x51,0x60,0x81,0xC0,0xB9,0x00,0xEA,0x00,0xEA,0x00,0xE2,0x20,0xE2,0x20,0xE2,0x20,0xE2,0x20,0xE2,0x20,0xE2,0x20,0xE2,0x40,0xE2,0x40,0xE2,0x40,0xE2,0x40,0xE2,0x40,0xE2,0x40,0xE2,0x40,0xE2,0x40,0xE2,0x40,0xE2,0x40,0xEA,0x60,0xF2,0x40,0xDA,0xC0,0xB1,0x20,0x61,0xE0,0x40,0x00,0x49,0x00,0x49,0x00,0x49,0x00,0x49,
	0x00,0x49,0x00,0x49,0x00,0x49,0x00,0x49,0x00,0x49,0x00,0x49,0x00,0x49,0x00,0x49,0x00,0x49,0x00,0x49,0x00,0x49,0x00,0x49,0x00,0x49,0x00,0x49,0x00,0x49,0x00,0x49,0x00,0x49,0x00,0x49,0x00,0x49,0x00,0x49,0x00,0x49,0x00,0x49,0x00,0x49,0x00,0x49,0x00,0x49,0x00,0x49,0x00,0x49,0x00,0x49,0x00,0x49,0x00,0x49,0x00,0x49,0x00,0x49,
	0x00,0x49,0x00,0x49,0x00,0x49,0x00,0x49,0x00,0x49,0x00,0x49,0x00,0x49,0x00,0x49,0x00,0x49,0xE0,0x40,0x40,0x61,0x81,0xB2,0x21,0xE3,0x42,0xFB,0x62,0xFB,0x62,0xF3,0x62,0xF3,0x62,0xF3,0x62,0xFB,0x62,0xFB,0x62,0xFB,0x62,0xFB,0x62,0xFB,0x62,0xFB,0x82,0xFB,0x82,0xFB,0x82,0xFB,0x82,0xFB,0x82,0xFB,0x82,0xFB,0x82,0xFB,0xA2,0xFB,
	0xA2,0xFB,0x01,0xD3,0x21,0x9A,0x40,0x59,0xE0,0x40,0x00,0x49,0x00,0x49,0x00,0x49,0x00,0x49,0x00,0x49,0x00,0x49,0x00,0x49,0x00,0x49,0x00,0x49,0x00,0x49,0x00,0x49,0x00,0x49,0x00,0x49,0x00,0x49,0x00,0x49,0x00,0x49,0x00,0x49,0x00,0x49,0x00,0x49,0x00,0x49,0x00,0x49,0x00,0x49,0x00,0x49,0x00,0x49,0x00,0x49,0x00,0x49,0x00,0x49,
	0x00,0x49,0x00,0x49,0x00,0x49,0x00,0x49,0x00,0x49,0x00,0x49,0x00,0x49,0x00,0x49,0x00,0x49,0x00,0x49,0x00,0x49,0x00,0x49,0x00,0x49,0x00,0x49,0x00,0x49,0xE0,0x40,0xE0,0x40,0x00,0x49,0x00,0x49,0x00,0x49,0x00,0x49,0x00,0x49,0x00,0x49,0x00,0x49,0x00,0x49,0x00,0x49,0x00,0x49,0x00,0x49,0x00,0x49,0x00,0x49,0x00,0x49,0x00,0x49,
	0x00,0x49,0x00,0x49,0x00,0x49,0x00,0x49,0x00,0x49,0x00,0x49,0x00,0x49,0x00,0x49,0x00,0x49,0x00,0x49,0x00,0x49,0x00,0x49,0x00,0x49,0x00,0x49,0x00,0x49,0x00,0x49,0x00,0x49,0x00,0x49,0x00,0x49,0x00,0x49,0x00,0x49,0x00,0x49,0x00,0x49,0x00,0x49,0x00,0x49,0x00,0x49,0x00,0x49,0x00,0x49,0x00,0x49,0x00,0x49,0x00,0x49,0x00,0x49,
	0x00,0x49,0x00,0x49,0x00,0x49,0x00,0x49,0x00,0x49,0x00,0x49,0x00,0x49,0x00,0x49,0x00,0x49,0x00,0x49,0x00,0x49,0x00,0x49,0x00,0x49,0x00,0x49,0x00,0x49,0x00,0x49,0x00,0x49,0x00,0x49,0x00,0x49,0x00,0x49,0x00,0x49,0x00,0x49,0x00,0x49,0x00,0x49,0x00,0x49,0x00,0x49,0x00,0x49,0x00,0x49,0x00,0x49,0x00,0x49,0x00,0x49,0x00,0x49,
	0x00,0x49,0x00,0x49,0x00,0x49,0x00,0x49,0x00,0x49,0x00,0x49,0x00,0x49,0x00,0x49,0x00,0x49,0x00,0x49,0x00,0x49,0x00,0x49,0x00,0x49,0x00,0x49,0x00,0x49,0x00,0x49,0x00,0x49,0x00,0x49,0x00,0x49,0x00,0x49,0x00,0x49,0x00,0x49,0x00,0x49,0x00,0x49,0x00,0x49,0x00,0x49,0x00,0x49,0x00,0x49,0x00,0x49,0x00,0x49,0x00,0x49,0x00,0x49,
	0x00,0x49,0x00,0x49,0x00,0x49,0x00,0x49,0x00,0x49,0x00,0x49,0x00,0x49,0x00,0x49,0x00,0x49,0x00,0x49,0x00,0x49,0x00,0x49,0x00,0x49,0x00,0x49,0x00,0x49,0x00,0x49,0x00,0x49,0x00,0x49,0x00,0x49,0x00,0x49,0x00,0x49,0x00,0x49,0x00,0x49,0x00,0x49,0x00,0x49,0x00,0x49,0x00,0x49,0x00,0x49,0x00,0x49,0x00,0x49,0x00,0x49,0x00,0x49,
	0x00,0x49,0x00,0x49,0x00,0x49,0x00,0x49,0x00,0x49,0x00,0x49,0x00,0x49,0x00,0x49,0x00,0x49,0x00,0x49,0x00,0x49,0x00,0x49,0x00,0x49,0x00,0x49,0x00,0x49,0x00,0x49,0x00,0x49,0x00,0x49,0x00,0x49,0x00,0x49,0x00,0x49,0x00,0x49,0x00,0x49,0x00,0x49,0x00,0x49,0x00,0x49,0x00,0x49,0x00,0x49,0x00,0x49,0x00,0x49,0x00,0x49,0x00,0x49,
	0x00,0x49,0x00,0x49,0x00,0x49,0x00,0x49,0x00,0x49,0x00,0x49,0x00,0x49,0x00,0x49,0x00,0x49,0x00,0x49,0x00,0x49,0x00,0x49,0x00,0x49,0x00,0x49,0x00,0x49,0x00,0x49,0x00,0x49,0x00,0x49,0x00,0x49,0x00,0x49,0x00,0x49,0x00,0x49,0x00,0x49,0x00,0x49,0x00,0x49,0x00,0x49,0x00,0x49,0x00,0x49,0x00,0x49,0x00,0x49,0x00,0x49,0x00,0x49,
	0x00,0x49,0x00,0x49,0x00,0x49,0x00,0x49,0x00,0x49,0x00,0x49,0x00,0x49,0x00,0x49,0x00,0x49,0x00,0x49,0x00,0x49,0x00,0x49,0x00,0x49,0x00,0x49,0x00,0x49,0x00,0x49,0x00,0x49,0x00,0x49,0x00,0x49,0x00,0x49,0x00,0x49,0x00,0x49,0x00,0x49,0x00,0x51,0x80,0x89,0xC0,0xC9,0x00,0xE2,0x00,0xEA,0x20,0xE2,0x20,0xE2,0x20,0xE2,0x20,0xE2,
	0x20,0xE2,0x20,0xE2,0x40,0xE2,0x40,0xE2,0x40,0xE2,0x40,0xE2,0x40,0xE2,0x40,0xE2,0x40,0xE2,0x40,0xE2,0x40,0xE2,0x40,0xEA,0x60,0xF2,0x60,0xEA,0x00,0xD2,0x60,0x79,0xE0,0x48,0x00,0x49,0x00,0x49,0x00,0x49,0x00,0x49,0x00,0x49,0x00,0x49,0x00,0x49,0x00,0x49,0x00,0x49,0x00,0x49,0x00,0x49,0x00,0x49,0x00,0x49,0x00,0x49,0x00,0x49,
	0x00,0x49,0x00,0x49,0x00,0x49,0x00,0x49,0x00,0x49,0x00,0x49,0x00,0x49,0x00,0x49,0x00,0x49,0x00,0x49,0x00,0x49,0x00,0x49,0x00,0x49,0x00,0x49,0x00,0x49,0x00,0x49,0x00,0x49,0x00,0x49,0x00,0x49,0x00,0x49,0x00,0x49,0x00,0x49,0x00,0x49,0x00,0x49,0x00,0x49,0x00,0x49,0x00,0x49,0x00,0x49,0x00,0x49,0x00,0x49,0xE0,0x48,0xA0,0x79,
	0xE1,0xDA,0x62,0xFB,0x42,0xFB,0x62,0xFB,0x62,0xF3,0x62,0xF3,0x62,0xF3,0x62,0xFB,0x62,0xFB,0x62,0xFB,0x62,0xFB,0x62,0xFB,0x62,0xFB,0x82,0xFB,0x82,0xFB,0x82,0xFB,0x82,0xFB,0x82,0xFB,0x82,0xFB,0xA2,0xFB,0xA2,0xFB,0x41,0xE3,0x21,0x9A,0x40,0x59,0x00,0x49,0xE0,0x40,0x00,0x49,0x00,0x49,0x00,0x49,0x00,0x49,0x00,0x49,0x00,0x49,
	0x00,0x49,0x00,0x49,0x00,0x49,0x00,0x49,0x00,0x49,0x00,0x49,0x00,0x49,0x00,0x49,0x00,0x49,0x00,0x49,0x00,0x49,0x00,0x49,0x00,0x49,0x00,0x49,0x00,0x49,0x00,0x49,0x00,0x49,0x00,0x49,0x00,0x49,0x00,0x49,0x00,0x49,0x00,0x49,0x00,0x49,0x00,0x49,0x00,0x49,0x00,0x49,0x00,0x49,0x00,0x49,0x00,0x49,0x00,0x49,0x00,0x49,0x00,0x49,
	0x00,0x49,0x00,0x49,0xE0,0x40,0xE0,0x40,0xE0,0x40,0xE0,0x40,0x00,0x49,0x00,0x49,0x00,0x49,0x00,0x49,0x00,0x49,0x00,0x49,0x00,0x49,0x00,0x49,0x00,0x49,0x00,0x49,0x00,0x49,0x00,0x49,0x00,0x49,0x00,0x49,0x00,0x49,0x00,0x49,0x00,0x49,0x00,0x49,0x00,0x49,0x00,0x49,0x00,0x49,0x00,0x49,0x00,0x49,0x00,0x49,0x00,0x49,0x00,0x49,
	0x00,0x49,0x00,0x49,0x00,0x49,0x00,0x49,0x00,0x49,0x00,0x49,0x00,0x49,0x00,0x49,0x00,0x49,0x00,0x49,0x00,0x49,0x00,0x49,0x00,0x49,0x00,0x49,0x00,0x49,0x00,0x49,0x00,0x49,0x00,0x49,0x00,0x49,0x00,0x49,0x00,0x49,0x00,0x49,0x00,0x49,0x00,0x49,0x00,0x49,0x00,0x49,0x00,0x49,0x00,0x49,0x00,0x49,0x00,0x49,0x00,0x49,0x00,0x49,
	0x00,0x49,0x00,0x49,0x00,0x49,0x00,0x49,0x00,0x49,0x00,0x49,0x00,0x49,0x00,0x49,0x00,0x49,0x00,0x49,0x00,0x49,0x00,0x49,0x00,0x49,0x00,0x49,0x00,0x49,0x00,0x49,0x00,0x49,0x00,0x49,0x00,0x49,0x00,0x49,0x00,0x49,0x00,0x49,0x00,0x49,0x00,0x49,0x00,0x49,0x00,0x49,0x00,0x49,0x00,0x49,0x00,0x49,0x00,0x49,0x00,0x49,0x00,0x49,
	0x00,0x49,0x00,0x49,0x00,0x49,0x00,0x49,0x00,0x49,0x00,0x49,0x00,0x49,0x00,0x49,0x00,0x49,0x00,0x49,0x00,0x49,0x00,0x49,0x00,0x49,0x00,0x49,0x00,0x49,0x00,0x49,0x00,0x49,0x00,0x49,0x00,0x49,0x00,0x49,0x00,0x49,0x00,0x49,0x00,0x49,0x00,0x49,0x00,0x49,0x00,0x49,0x00,0x49,0x00,0x49,0x00,0x49,0x00,0x49,0x00,0x49,0x00,0x49,
	0x00,0x49,0x00,0x49,0x00,0x49,0x00,0x49,0x00,0x49,0x00,0x49,0x00,0x49,0x00,0x49,0x00,0x49,0x00,0x49,0x00,0x49,0x00,0x49,0x00,0x49,0x00,0x49,0x00,0x49,0x00,0x49,0x00,0x49,0x00,0x49,0x00,0x49,0x00,0x49,0x00,0x49,0x00,0x49,0x00,0x49,0x00,0x49,0x00,0x49,0x00,0x49,0x00,0x49,0x00,0x49,0x00,0x49,0x00,0x49,0x00,0x49,0x00,0x49,
	0x00,0x49,0x00,0x49,0x00,0x49,0x00,0x49,0x00,0x49,0x00,0x49,0x00,0x49,0x00,0x49,0x00,0x49,0x00,0x49,0x00,0x49,0x00,0x49,0x00,0x49,0x00,0x49,0x00,0x49,0x00,0x49,0x00,0x49,0x00,0x49,0x00,0x49,0x00,0x49,0x00,0x49,0x00,0x49,0x00,0x49,0x00,0x49,0x00,0x49,0x00,0x49,0x00,0x49,0x00,0x49,0x00,0x49,0x00,0x49,0x00,0x49,0x00,0x49,
	0x00,0x49,0x00,0x49,0x00,0x49,0x00,0x49,0x00,0x49,0x00,0x49,0x00,0x49,0x00,0x49,0x00,0x49,0x00,0x49,0x00,0x49,0x00,0x49,0x00,0x49,0x00,0x49,0x00,0x49,0x00,0x49,0x00,0x49,0x00,0x49,0x00,0x49,0x00,0x49,0x00,0x49,0x00,0x49,0x00,0x49,0x00,0x49,0x00,0x49,0x00,0x49,0x00,0x49,0x00,0x49,0x00,0x49,0x00,0x49,0x00,0x49,0x00,0x49,
	0x00,0x49,0x00,0x49,0x00,0x49,0x00,0x49,0x00,0x49,0x00,0x49,0x00,0x49,0x00,0x49,0x00,0x49,0x00,0x49,0x00,0x49,0xE0,0x40,0xE0,0x40,0x20,0x61,0x80,0x99,0xC0,0xC9,0x00,0xE2,0x20,0xEA,0x20,0xEA,0x20,0xE2,0x20,0xE2,0x20,0xE2,0x20,0xE2,0x40,0xE2,0x40,0xE2,0x40,0xE2,0x40,0xE2,0x40,0xE2,0x40,0xE2,0x40,0xE2,0x40,0xE2,0x40,0xE2,
	0x40,0xEA,0x40,0xEA,0x60,0xF2,0x40,0xEA,0x80,0x89,0x00,0x51,0x00,0x49,0x00,0x49,0x00,0x49,0x00,0x49,0x00,0x49,0x00,0x49,0x00,0x49,0x00,0x49,0x00,0x49,0x00,0x49,0x00,0x49,0x00,0x49,0x00,0x49,0x00,0x49,0x00,0x49,0x00,0x49,0x00,0x49,0x00,0x49,0x00,0x49,0x00,0x49,0x00,0x49,0x00,0x49,0x00,0x49,0x00,0x49,0x00,0x49,0x00,0x49,
	0x00,0x49,0x00,0x49,0x00,0x49,0x00,0x49,0x00,0x49,0x00,0x49,0x00,0x49,0x00,0x49,0x00,0x49,0x00,0x49,0x00,0x49,0x00,0x49,0x00,0x49,0x00,0x49,0x00,0x49,0x00,0x49,0x00,0x49,0x00,0x49,0x00,0x49,0x20,0x51,0xC0,0x89,0x21,0xEB,0x62,0xFB,0x42,0xF3,0x42,0xF3,0x62,0xF3,0x62,0xF3,0x62,0xF3,0x62,0xFB,0x62,0xFB,0x62,0xFB,0x62,0xFB,
	0x62,0xFB,0x62,0xFB,0x82,0xFB,0x82,0xFB,0x82,0xFB,0x82,0xFB,0x82,0xFB,0x82,0xFB,0x82,0xFB,0x41,0xEB,0x41,0xB2,0x60,0x71,0xE0,0x40,0xE0,0x40,0x00,0x49,0x00,0x49,0x00,0x49,0x00,0x49,0x00,0x49,0x00,0x49,0x00,0x49,0x00,0x49,0x00,0x49,0x00,0x49,0x00,0x49,0x00,0x49,0x00,0x49,0x00,0x49,0x00,0x49,0x00,0x49,0x00,0x49,0x00,0x49,
	0x00,0x49,0x00,0x49,0x00,0x49,0x00,0x49,0x00,0x49,0x00,0x49,0x00,0x49,0x00,0x49,0x00,0x49,0x00,0x49,0x00,0x49,0x00,0x49,0x00,0x49,0x00,0x49,0x00,0x49,0x00,0x49,0x00,0x49,0x00,0x49,0x00,0x49,0x00,0x49,0x00,0x49,0x00,0x49,0x00,0x49,0xE0,0x40,0xE0,0x40,0xE0,0x40,0xE0,0x40,0x00,0x49,0x00,0x49,0x00,0x49,0x00,0x49,0x00,0x49,
	0x00,0x49,0x00,0x49,0x00,0x49,0x00,0x49,0x00,0x49,0x00,0x49,0x00,0x49,0x00,0x49,0x00,0x49,0x00,0x49,0x00,0x49,0x00,0x49,0x00,0x49,0x00,0x49,0x00,0x49,0x00,0x49,0x00,0x49,0x00,0x49,0x00,0x49,0x00,0x49,0x00,0x49,0x00,0x49,0x00,0x49,0x00,0x49,0x00,0x49,0x00,0x49,0x00,0x49,0x00,0x49,0x00,0x49,0x00,0x49,0x00,0x49,0x00,0x49,
	0x00,0x49,0x00,0x49,0x00,0x49,0x00,0x49,0x00,0x49,0x00,0x49,0x00,0x49,0x00,0x49,0x00,0x49,0x00,0x49,0x00,0x49,0x00,0x49,0x00,0x49,0x00,0x49,0x00,0x49,0x00,0x49,0x00,0x49,0x00,0x49,0x00,0x49,0x00,0x49,0x00,0x49,0x00,0x49,0x00,0x49,0x00,0x49,0x00,0x49,0x00,0x49,0x00,0x49,0x00,0x49,0x00,0x49,0x00,0x49,0x00,0x49,0x00,0x49,
	0x00,0x49,0x00,0x49,0x00,0x49,0x00,0x49,0x00,0x49,0x00,0x49,0x00,0x49,0x00,0x49,0x00,0x49,0x00,0x49,0x00,0x49,0x00,0x49,0x00,0x49,0x00,0x49,0x00,0x49,0x00,0x49,0x00,0x49,0x00,0x49,0x00,0x49,0x00,0x49,0x00,0x49,0x00,0x49,0x00,0x49,0x00,0x49,0x00,0x49,0x00,0x49,0x00,0x49,0x00,0x49,0x00,0x49,0x00,0x49,0x00,0x49,0x00,0x49,
	0x00,0x49,0x00,0x49,0x00,0x49,0x00,0x49,0x00,0x49,0x00,0x49,0x00,0x49,0x00,0x49,0x00,0x49,0x00,0x49,0x00,0x49,0x00,0x49,0x00,0x49,0x00,0x49,0x00,0x49,0x00,0x49,0x00,0x49,0x00,0x49,0x00,0x49,0x00,0x49,0x00,0x49,0x00,0x49,0x00,0x49,0x00,0x49,0x00,0x49,0x00,0x49,0x00,0x49,0x00,0x49,0x00,0x49,0x00,0x49,0x00,0x49,0x00,0x49,
	0x00,0x49,0x00,0x49,0x00,0x49,0x00,0x49,0x00,0x49,0x00,0x49,0x00,0x49,0x00,0x49,0x00,0x49,0x00,0x49,0x00,0x49,0x00,0x49,0x00,0x49,0x00,0x49,0x00,0x49,0x00,0x49,0x00,0x49,0x00,0x49,0x00,0x49,0x00,0x49,0x00,0x49,0x00,0x49,0x00,0x49,0x00,0x49,0x00,0x49,0x00,0x49,0x00,0x49,0x00,0x49,0x00,0x49,0x00,0x49,0x00,0x49,0x00,0x49,
	0x00,0x49,0x00,0x49,0x00,0x49,0x00,0x49,0x00,0x49,0x00,0x49,0x00,0x49,0x00,0x49,0x00,0x49,0x00,0x49,0x00,0x49,0x00,0x49,0x00,0x49,0x00,0x49,0x00,0x49,0x00,0x49,0x00,0x49,0x00,0x49,0x00,0x49,0x00,0x49,0x00,0x49,0x00,0x49,0x00,0x49,0x00,0x49,0x00,0x49,0x00,0x49,0x00,0x49,0x00,0x49,0x00,0x49,0x00,0x49,0x00,0x49,0x00,0x49,
	0x00,0x49,0x00,0x49,0x00,0x49,0x00,0x49,0x00,0x49,0x00,0x49,0x00,0x49,0x00,0x49,0x00,0x49,0x00,0x49,0x00,0x49,0x00,0x49,0x00,0x49,0x00,0x49,0x00,0x49,0x00,0x49,0x00,0x49,0x00,0x49,0x00,0x49,0x00,0x49,0x00,0x49,0x00,0x49,0x00,0x49,0x00,0x49,0x00,0x49,0x00,0x49,0x00,0x49,0x00,0x49,0x00,0x49,0x00,0x49,0x00,0x49,0x00,0x49,
	0x00,0x49,0x00,0x49,0xE0,0x48,0x00,0x59,0x80,0xA1,0xE0,0xD1,0x20,0xE2,0x20,0xEA,0x20,0xE2,0x20,0xE2,0x20,0xE2,0x20,0xE2,0x40,0xE2,0x40,0xE2,0x40,0xE2,0x40,0xE2,0x40,0xE2,0x40,0xE2,0x40,0xE2,0x40,0xE2,0x40,0xE2,0x40,0xEA,0x40,0xEA,0x60,0xF2,0x40,0xEA,0x80,0x99,0x20,0x61,0x00,0x49,0xE0,0x48,0x00,0x49,0x00,0x49,0x00,0x49,
	0x00,0x49,0x00,0x49,0x00,0x49,0x00,0x49,0x00,0x49,0x00,0x49,0x00,0x49,0x00,0x49,0x00,0x49,0x00,0x49,0x00,0x49,0x00,0x49,0x00,0x49,0x00,0x49,0x00,0x49,0x00,0x49,0x00,0x49,0x00,0x49,0x00,0x49,0x00,0x49,0x00,0x49,0x00,0x49,0x00,0x49,0x00,0x49,0x00,0x49,0x00,0x49,0x00,0x49,0x00,0x49,0x00,0x49,0x00,0x49,0x00,0x49,0x00,0x49,
	0x00,0x49,0x00,0x49,0x00,0x49,0x00,0x49,0x00,0x49,0x00,0x49,0xE0,0x48,0x00,0x49,0x40,0x59,0x00,0x9A,0x21,0xEB,0x62,0xFB,0x42,0xF3,0x42,0xF3,0x62,0xF3,0x62,0xF3,0x62,0xF3,0x62,0xFB,0x62,0xFB,0x62,0xFB,0x62,0xFB,0x62,0xFB,0x62,0xFB,0x82,0xFB,0x82,0xFB,0x82,0xFB,0x82,0xFB,0x82,0xFB,0x82,0xFB,0x41,0xEB,0x81,0xC2,0x20,0x61,
	0xE0,0x40,0x00,0x49,0x00,0x49,0x00,0x49,0x00,0x49,0x00,0x49,0x00,0x49,0x00,0x49,0x00,0x49,0x00,0x49,0x00,0x49,0x00,0x49,0x00,0x49,0x00,0x49,0x00,0x49,0x00,0x49,0x00,0x49,0x00,0x49,0x00,0x49,0x00,0x49,0x00,0x49,0x00,0x49,0x00,0x49,0x00,0x49,0x00,0x49,0x00,0x49,0x00,0x49,0x00,0x49,0x00,0x49,0x00,0x49,0x00,0x49,0x00,0x49,
	0x00,0x49,0x00,0x49,0x00,0x49,0x00,0x49,0x00,0x49,0x00,0x49,0x00,0x49,0x00,0x49,0x00,0x49,0x00,0x49,0x00,0x49,0x00,0x49,0xE0,0x40,0xE0,0x40,0xC0,0x30,0xC0,0x40,0x00,0x49,0x00,0x49,0x00,0x49,0x00,0x49,0x00,0x49,0x00,0x49,0x00,0x49,0x00,0x49,0x00,0x49,0x00,0x49,0x00,0x49,0x00,0x49,0x00,0x49,0x00,0x49,0x00,0x49,0x00,0x49,
	0x00,0x49,0x00,0x49,0x00,0x49,0x00,0x49,0x00,0x49,0x00,0x49,0x00,0x49,0x00,0x49,0x00,0x49,0x00,0x49,0x00,0x49,0x00,0x49,0x00,0x49,0x00,0x49,0x00,0x49,0x00,0x49,0x00,0x49,0x00,0x49,0x00,0x49,0x00,0x49,0x00,0x49,0x00,0x49,0x00,0x49,0x00,0x49,0x00,0x49,0x00,0x49,0x00,0x49,0x00,0x49,0x00,0x49,0x00,0x49,0x00,0x49,0x00,0x49,
	0x00,0x49,0x00,0x49,0x00,0x49,0x00,0x49,0x00,0x49,0x00,0x49,0x00,0x49,0x00,0x49,0x00,0x49,0x00,0x49,0x00,0x49,0x00,0x49,0x00,0x49,0x00,0x49,0x00,0x49,0x00,0x49,0x00,0x49,0x00,0x49,0x00,0x49,0x00,0x49,0x00,0x49,0x00,0x49,0x00,0x49,0x00,0x49,0x00,0x49,0x00,0x49,0x00,0x49,0x00,0x49,0x00,0x49,0x00,0x49,0x00,0x49,0x00,0x49,
	0x00,0x49,0x00,0x49,0x00,0x49,0x00,0x49,0x00,0x49,0x00,0x49,0x00,0x49,0x00,0x49,0x00,0x49,0x00,0x49,0x00,0x49,0x00,0x49,0x00,0x49,0x00,0x49,0x00,0x49,0x00,0x49,0x00,0x49,0x00,0x49,0x00,0x49,0x00,0x49,0x00,0x49,0x00,0x49,0x00,0x49,0x00,0x49,0x00,0x49,0x00,0x49,0x00,0x49,0x00,0x49,0x00,0x49,0x00,0x49,0x00,0x49,0x00,0x49,
	0x00,0x49,0x00,0x49,0x00,0x49,0x00,0x49,0x00,0x49,0x00,0x49,0x00,0x49,0x00,0x49,0x00,0x49,0x00,0x49,0x00,0x49,0x00,0x49,0x00,0x49,0x00,0x49,0x00,0x49,0x00,0x49,0x00,0x49,0x00,0x49,0x00,0x49,0x00,0x49,0x00,0x49,0x00,0x49,0x00,0x49,0x00,0x49,0x00,0x49,0x00,0x49,0x00,0x49,0x00,0x49,0x00,0x49,0x00,0x49,0x00,0x49,0x00,0x49,
	0x00,0x49,0x00,0x49,0x00,0x49,0x00,0x49,0x00,0x49,0x00,0x49,0x00,0x49,0x00,0x49,0x00,0x49,0x00,0x49,0x00,0x49,0x00,0x49,0x00,0x49,0x00,0x49,0x00,0x49,0x00,0x49,0x00,0x49,0x00,0x49,0x00,0x49,0x00,0x49,0x00,0x49,0x00,0x49,0x00,0x49,0x00,0x49,0x00,0x49,0x00,0x49,0x00,0x49,0x00,0x49,0x00,0x49,0x00,0x49,0x00,0x49,0x00,0x49,
	0x00,0x49,0x00,0x49,0x00,0x49,0x00,0x49,0x00,0x49,0x00,0x49,0x00,0x49,0x00,0x49,0x00,0x49,0x00,0x49,0x00,0x49,0x00,0x49,0x00,0x49,0x00,0x49,0x00,0x49,0x00,0x49,0x00,0x49,0x00,0x49,0x00,0x49,0x00,0x49,0x00,0x49,0x00,0x49,0x00,0x49,0x00,0x49,0x00,0x49,0x00,0x49,0x00,0x49,0x00,0x49,0x00,0x49,0x00,0x49,0x00,0x49,0x00,0x49,
	0x00,0x49,0x00,0x49,0x00,0x49,0x00,0x49,0x00,0x49,0x00,0x49,0x00,0x49,0x00,0x49,0x00,0x49,0x00,0x49,0x00,0x49,0x00,0x49,0x00,0x49,0x00,0x49,0x00,0x49,0x00,0x49,0x00,0x49,0x00,0x49,0x00,0x49,0x00,0x49,0x00,0x49,0x00,0x49,0x00,0x49,0xE0,0x40,0xE0,0x48,0x20,0x69,0x80,0x99,0xE0,0xD1,0x20,0xE2,0x20,0xEA,0x20,0xEA,0x20,0xE2,
	0x20,0xE2,0x40,0xE2,0x40,0xE2,0x40,0xE2,0x40,0xE2,0x40,0xE2,0x40,0xE2,0x40,0xE2,0x40,0xE2,0x40,0xE2,0x40,0xEA,0x40,0xEA,0x60,0xF2,0x40,0xEA,0xC0,0xA1,0x20,0x61,0x00,0x49,0xE0,0x40,0x00,0x49,0x00,0x49,0x00,0x49,0x00,0x49,0x00,0x49,0x00,0x49,0x00,0x49,0x00,0x49,0x00,0x49,0x00,0x49,0x00,0x49,0x00,0x49,0x00,0x49,0x00,0x49,
	0x00,0x49,0x00,0x49,0x00,0x49,0x00,0x49,0x00,0x49,0x00,0x49,0x00,0x49,0x00,0x49,0x00,0x49,0x00,0x49,0x00,0x49,0x00,0x49,0x00,0x49,0x00,0x49,0x00,0x49,0x00,0x49,0x00,0x49,0x00,0x49,0x00,0x49,0x00,0x49,0x00,0x49,0x00,0x49,0x00,0x49,0x00,0x49,0x00,0x49,0x00,0x49,0x00,0x49,0xE0,0x40,0x00,0x49,0x60,0x69,0x00,0x9A,0x21,0xEB,
	0x62,0xFB,0x42,0xF3,0x42,0xF3,0x62,0xF3,0x62,0xF3,0x62,0xF3,0x62,0xFB,0x62,0xFB,0x62,0xFB,0x62,0xFB,0x62,0xFB,0x62,0xFB,0x82,0xFB,0x82,0xFB,0x82,0xFB,0x82,0xFB,0x81,0xFB,0x41,0xEB,0x41,0xB2,0xA0,0x71,0x00,0x49,0xE0,0x40,0x00,0x49,0x00,0x49,0x00,0x49,0x00,0x49,0x00,0x49,0x00,0x49,0x00,0x49,0x00,0x49,0x00,0x49,0x00,0x49,
	0x00,0x49,0x00,0x49,0x00,0x49,0x00,0x49,0x00,0x49,0x00,0x49,0x00,0x49,0x00,0x49,0x00,0x49,0x00,0x49,0x00,0x49,0x00,0x49,0x00,0x49,0x00,0x49,0x00,0x49,0x00,0x49,0x00,0x49,0x00,0x49,0x00,0x49,0x00,0x49,0x00,0x49,0x00,0x49,0x00,0x49,0x00,0x49,0x00,0x49,0x00,0x49,0x00,0x49,0x00,0x49,0x00,0x49,0x00,0x49,0x00,0x49,0x00,0x49,
	0x00,0x49,0xC0,0x40,0xC0,0x30,0x80,0x28,0xC0,0x30,0x00,0x49,0x00,0x49,0x00,0x49,0x00,0x49,0x00,0x49,0x00,0x49,0x00,0x49,0x00,0x49,0x00,0x49,0x00,0x49,0x00,0x49,0x00,0x49,0x00,0x49,0x00,0x49,0x00,0x49,0x00,0x49,0x00,0x49,0x00,0x49,0x00,0x49,0x00,0x49,0x00,0x49,0x00,0x49,0x00,0x49,0x00,0x49,0x00,0x49,0x00,0x49,0x00,0x49,
	0x00,0x49,0x00,0x49,0x00,0x49,0x00,0x49,0x00,0x49,0x00,0x49,0x00,0x49,0x00,0x49,0x00,0x49,0x00,0x49,0x00,0x49,0x00,0x49,0x00,0x49,0x00,0x49,0x00,0x49,0x00,0x49,0x00,0x49,0x00,0x49,0x00,0x49,0x00,0x49,0x00,0x49,0x00,0x49,0x00,0x49,0x00,0x49,0x00,0x49,0x00,0x49,0x00,0x49,0x00,0x49,0x00,0x49,0x00,0x49,0x00,0x49,0x00,0x49,
	0x00,0x49,0x00,0x49,0x00,0x49,0x00,0x49,0x00,0x49,0x00,0x49,0x00,0x49,0x00,0x49,0x00,0x49,0x00,0x49,0x00,0x49,0x00,0x49,0x00,0x49,0x00,0x49,0x00,0x49,0x00,0x49,0x00,0x49,0x00,0x49,0x00,0x49,0x00,0x49,0x00,0x49,0x00,0x49,0x00,0x49,0x00,0x49,0x00,0x49,0x00,0x49,0x00,0x49,0x00,0x49,0x00,0x49,0x00,0x49,0x00,0x49,0x00,0x49,
	0x00,0x49,0x00,0x49,0x00,0x49,0x00,0x49,0x00,0x49,0x00,0x49,0x00,0x49,0x00,0x49,0x00,0x49,0x00,0x49,0x00,0x49,0x00,0x49,0x00,0x49,0x00,0x49,0x00,0x49,0x00,0x49,0x00,0x49,0x00,0x49,0x00,0x49,0x00,0x49,0x00,0x49,0x00,0x49,0x00,0x49,0x00,0x49,0x00,0x49,0x00,0x49,0x00,0x49,0x00,0x49,0x00,0x49,0x00,0x49,0x00,0x49,0x00,0x49,
	0x00,0x49,0x00,0x49,0x00,0x49,0x00,0x49,0x00,0x49,0x00,0x49,0x00,0x49,0x00,0x49,0x00,0x49,0x00,0x49,0x00,0x49,0x00,0x49,0x00,0x49,0x00,0x49,0x00,0x49,0x00,0x49,0x00,0x49,0x00,0x49,0x00,0x49,0x00,0x49,0x00,0x49,0x00,0x49,0x00,0x49,0x00,0x49,0x00,0x49,0x00,0x49,0x00,0x49,0x00,0x49,0x00,0x49,0x00,0x49,0x00,0x49,0x00,0x49,
	0x00,0x49,0x00,0x49,0x00,0x49,0x00,0x49,0x00,0x49,0x00,0x49,0x00,0x49,0x00,0x49,0x00,0x49,0x00,0x49,0x00,0x49,0x00,0x49,0x00,0x49,0x00,0x49,0x00,0x49,0x00,0x49,0x00,0x49,0x00,0x49,0x00,0x49,0x00,0x49,0x00,0x49,0x00,0x49,0x00,0x49,0x00,0x49,0x00,0x49,0x00,0x49,0x00,0x49,0x00,0x49,0x00,0x49,0x00,0x49,0x00,0x49,0x00,0x49,
	0x00,0x49,0x00,0x49,0x00,0x49,0x00,0x49,0x00,0x49,0x00,0x49,0x00,0x49,0x00,0x49,0x00,0x49,0x00,0x49,0x00,0x49,0x00,0x49,0x00,0x49,0x00,0x49,0x00,0x49,0x00,0x49,0x00,0x49,0x00,0x49,0x00,0x49,0x00,0x49,0x00,0x49,0x00,0x49,0x00,0x49,0x00,0x49,0x00,0x49,0x00,0x49,0x00,0x49,0x00,0x49,0x00,0x49,0x00,0x49,0x00,0x49,0x00,0x49,
	0x00,0x49,0x00,0x49,0x00,0x49,0x00,0x49,0x00,0x49,0x00,0x49,0x00,0x49,0x00,0x49,0x00,0x49,0x00,0x49,0x00,0x49,0x00,0x49,0x00,0x49,0x00,0x49,0xE0,0x40,0x20,0x61,0x80,0xA1,0xE0,0xD1,0x20,0xE2,0x20,0xEA,0x20,0xEA,0x20,0xE2,0x40,0xE2,0x40,0xE2,0x40,0xE2,0x40,0xE2,0x40,0xE2,0x40,0xE2,0x40,0xE2,0x40,0xE2,0x40,0xE2,0x40,0xEA,
	0x40,0xEA,0x60,0xF2,0x40,0xEA,0x80,0x99,0x20,0x61,0x00,0x49,0xE0,0x40,0x00,0x49,0x00,0x49,0x00,0x49,0x00,0x49,0x00,0x49,0x00,0x49,0x00,0x49,0x00,0x49,0x00,0x49,0x00,0x49,0x00,0x49,0x00,0x49,0x00,0x49,0x00,0x49,0x00,0x49,0x00,0x49,0x00,0x49,0x00,0x49,0x00,0x49,0x00,0x49,0x00,0x49,0x00,0x49,0x00,0x49,0x00,0x49,0x00,0x49,
	0x00,0x49,0x00,0x49,0x00,0x49,0x00,0x49,0x00,0x49,0x00,0x49,0x00,0x49,0x00,0x49,0x00,0x49,0x00,0x49,0x00,0x49,0x00,0x49,0x00,0x49,0x00,0x49,0x00,0x49,0x00,0x49,0xE0,0x40,0x00,0x49,0x60,0x69,0x00,0x9A,0x21,0xEB,0x62,0xFB,0x42,0xF3,0x42,0xF3,0x62,0xF3,0x62,0xF3,0x62,0xF3,0x62,0xFB,0x62,0xFB,0x62,0xFB,0x62,0xFB,0x62,0xFB,
	0x62,0xFB,0x82,0xFB,0x82,0xFB,0x82,0xFB,0x82,0xFB,0x21,0xEB,0x81,0xC2,0x80,0x71,0xE0,0x40,0x00,0x49,0x00,0x49,0x00,0x49,0x00,0x49,0x00,0x49,0x00,0x49,0x00,0x49,0x00,0x49,0x00,0x49,0x00,0x49,0x00,0x49,0x00,0x49,0x00,0x49,0x00,0x49,0x00,0x49,0x00,0x49,0x00,0x49,0x00,0x49,0x00,0x49,0x00,0x49,0x00,0x49,0x00,0x49,0x00,0x49,
	0x00,0x49,0x00,0x49,0x00,0x49,0x00,0x49,0x00,0x49,0x00,0x49,0x00,0x49,0x00,0x49,0x00,0x49,0x00,0x49,0x00,0x49,0x00,0x49,0x00,0x49,0x00,0x49,0x00,0x49,0x00,0x49,0x00,0x49,0x00,0x49,0x00,0x49,0x00,0x49,0x00,0x49,0x00,0x49,0xC0,0x30,0x80,0x28,0x60,0x20,0xA0,0x30,0x00,0x49,0x00,0x49,0x00,0x49,0x00,0x49,0x00,0x49,0x00,0x49,
	0x00,0x49,0x00,0x49,0x00,0x49,0x00,0x49,0x00,0x49,0x00,0x49,0x00,0x49,0x00,0x49,0x00,0x49,0x00,0x49,0x00,0x49,0x00,0x49,0x00,0x49,0x00,0x49,0x00,0x49,0x00,0x49,0x00,0x49,0x00,0x49,0x00,0x49,0x00,0x49,0x00,0x49,0x00,0x49,0x00,0x49,0x00,0x49,0x00,0x49,0x00,0x49,0x00,0x49,0x00,0x49,0x00,0x49,0x00,0x49,0x00,0x49,0x00,0x49,
	0x00,0x49,0x00,0x49,0x00,0x49,0x00,0x49,0x00,0x49,0x00,0x49,0x00,0x49,0x00,0x49,0x00,0x49,0x00,0x49,0x00,0x49,0x00,0x49,0x00,0x49,0x00,0x49,0x00,0x49,0x00,0x49,0x00,0x49,0x00,0x49,0x00,0x49,0x00,0x49,0x00,0x49,0x00,0x49,0x00,0x49,0x00,0x49,0x00,0x49,0x00,0x49,0x00,0x49,0x00,0x49,0x00,0x49,0x00,0x49,0x00,0x49,0x00,0x49,
	0x00,0x49,0x00,0x49,0x00,0x49,0x00,0x49,0x00,0x49,0x00,0x49,0x00,0x49,0x00,0x49,0x00,0x49,0x00,0x49,0x00,0x49,0x00,0x49,0x00,0x49,0x00,0x49,0x00,0x49,0x00,0x49,0x00,0x49,0x00,0x49,0x00,0x49,0x00,0x49,0x00,0x49,0x00,0x49,0x00,0x49,0x00,0x49,0x00,0x49,0x00,0x49,0x00,0x49,0x00,0x49,0x00,0x49,0x00,0x49,0x00,0x49,0x00,0x49,
	0x00,0x49,0x00,0x49,0x00,0x49,0x00,0x49,0x00,0x49,0x00,0x49,0x00,0x49,0x00,0x49,0x00,0x49,0x00,0x49,0x00,0x49,0x00,0x49,0x00,0x49,0x00,0x49,0x00,0x49,0x00,0x49,0x00,0x49,0x00,0x49,0x00,0x49,0x00,0x49,0x00,0x49,0x00,0x49,0x00,0x49,0x00,0x49,0x00,0x49,0x00,0x49,0x00,0x49,0x00,0x49,0x00,0x49,0x00,0x49,0x00,0x49,0x00,0x49,
	0x00,0x49,0x00,0x49,0x00,0x49,0x00,0x49,0x00,0x49,0x00,0x49,0x00,0x49,0x00,0x49,0x00,0x49,0x00,0x49,0x00,0x49,0x00,0x49,0x00,0x49,0x00,0x49,0x00,0x49,0x00,0x49,0x00,0x49,0x00,0x49,0x00,0x49,0x00,0x49,0x00,0x49,0x00,0x49,0x00,0x49,0x00,0x49,0x00,0x49,0x00,0x49,0x00,0x49,0x00,0x49,0x00,0x49,0x00,0x49,0x00,0x49,0x00,0x49,
	0x00,0x49,0x00,0x49,0x00,0x49,0x00,0x49,0x00,0x49,0x00,0x49,0x00,0x49,0x00,0x49,0x00,0x49,0x00,0x49,0x00,0x49,0x00,0x49,0x00,0x49,0x00,0x49,0x00,0x49,0x00,0x49,0x00,0x49,0x00,0x49,0x00,0x49,0x00,0x49,0x00,0x49,0x00,0x49,0x00,0x49,0x00,0x49,0x00,0x49,0x00,0x49,0x00,0x49,0x00,0x49,0x00,0x49,0x00,0x49,0x00,0x49,0x00,0x49,
	0x00,0x49,0x00,0x49,0x00,0x49,0x00,0x49,0x00,0x49,0x00,0x49,0x00,0x49,0x00,0x49,0x00,0x49,0x00,0x49,0x00,0x49,0x00,0x49,0x00,0x49,0x00,0x49,0x00,0x49,0x00,0x49,0x00,0x49,0x00,0x49,0x00,0x49,0x00,0x49,0x00,0x49,0x00,0x49,0x00,0x49,0x00,0x49,0x00,0x49,0x00,0x49,0x00,0x49,0x00,0x49,0x00,0x49,0x00,0x49,0x00,0x49,0x00,0x49,
	0x00,0x49,0x00,0x49,0x00,0x49,0xE0,0x40,0x00,0x49,0x20,0x59,0x80,0x99,0xC0,0xD1,0x20,0xE2,0x20,0xEA,0x20,0xE2,0x40,0xE2,0x40,0xE2,0x40,0xE2,0x40,0xE2,0x40,0xE2,0x40,0xE2,0x40,0xE2,0x40,0xE2,0x40,0xE2,0x40,0xEA,0x40,0xEA,0x60,0xF2,0x60,0xE2,0x80,0x89,0x00,0x51,0x00,0x49,0x00,0x49,0x00,0x49,0x00,0x49,0x00,0x49,0x00,0x49,
	0x00,0x49,0x00,0x49,0x00,0x49,0x00,0x49,0x00,0x49,0x00,0x49,0x00,0x49,0x00,0x49,0x00,0x49,0x00,0x49,0x00,0x49,0x00,0x49,0x00,0x49,0x00,0x49,0x00,0x49,0x00,0x49,0x00,0x49,0x00,0x49,0x00,0x49,0x00,0x49,0x00,0x49,0x00,0x49,0x00,0x49,0x00,0x49,0x00,0x49,0x00,0x49,0x00,0x49,0x00,0x49,0x00,0x49,0x00,0x49,0x00,0x49,0x00,0x49,
	0x00,0x49,0x00,0x49,0x00,0x49,0x00,0x49,0x00,0x49,0x00,0x49,0x00,0x49,0x00,0x51,0xC0,0x89,0x21,0xEB,0x62,0xFB,0x42,0xF3,0x42,0xF3,0x62,0xF3,0x62,0xF3,0x62,0xF3,0x62,0xF3,0x62,0xFB,0x62,0xFB,0x62,0xFB,0x62,0xFB,0x62,0xFB,0x82,0xFB,0xA2,0xFB,0x82,0xFB,0x21,0xEB,0x41,0xB2,0x60,0x69,0x00,0x49,0xE0,0x40,0x00,0x49,0x00,0x49,
	0x00,0x49,0x00,0x49,0x00,0x49,0x00,0x49,0x00,0x49,0x00,0x49,0x00,0x49,0x00,0x49,0x00,0x49,0x00,0x49,0x00,0x49,0x00,0x49,0x00,0x49,0x00,0x49,0x00,0x49,0x00,0x49,0x00,0x49,0x00,0x49,0x00,0x49,0x00,0x49,0x00,0x49,0x00,0x49,0x00,0x49,0x00,0x49,0x00,0x49,0x00,0x49,0x00,0x49,0x00,0x49,0x00,0x49,0x00,0x49,0x00,0x49,0x00,0x49,
	0x00,0x49,0x00,0x49,0x00,0x49,0x00,0x49,0x00,0x49,0x00,0x49,0x00,0x49,0x00,0x49,0x00,0x49,0x00,0x49,0x00,0x49,0xA0,0x30,0x60,0x20,0x40,0x18,0x80,0x28,0x00,0x49,0x00,0x49,0x00,0x49,0x00,0x49,0x00,0x49,0x00,0x49,0x00,0x49,0x00,0x49,0x00,0x49,0x00,0x49,0x00,0x49,0x00,0x49,0x00,0x49,0x00,0x49,0x00,0x49,0x00,0x49,0x00,0x49,
	0x00,0x49,0x00,0x49,0x00,0x49,0x00,0x49,0x00,0x49,0x00,0x49,0x00,0x49,0x00,0x49,0x00,0x49,0x00,0x49,0x00,0x49,0x00,0x49,0x00,0x49,0x00,0x49,0x00,0x49,0x00,0x49,0x00,0x49,0x00,0x49,0x00,0x49,0x00,0x49,0x00,0x49,0x00,0x49,0x00,0x49,0x00,0x49,0x00,0x49,0x00,0x49,0x00,0x49,0x00,0x49,0x00,0x49,0x00,0x49,0x00,0x49,0x00,0x49,
	0x00,0x49,0x00,0x49,0x00,0x49,0x00,0x49,0x00,0x49,0x00,0x49,0x00,0x49,0x00,0x49,0x00,0x49,0x00,0x49,0x00,0x49,0x00,0x49,0x00,0x49,0x00,0x49,0x00,0x49,0x00,0x49,0x00,0x49,0x00,0x49,0x00,0x49,0x00,0x49,0x00,0x49,0x00,0x49,0x00,0x49,0x00,0x49,0x00,0x49,0x00,0x49,0x00,0x49,0x00,0x49,0x00,0x49,0x00,0x49,0x00,0x49,0x00,0x49,
	0x00,0x49,0x00,0x49,0x00,0x49,0x00,0x49,0x00,0x49,0x00,0x49,0x00,0x49,0x00,0x49,0x00,0x49,0x00,0x49,0x00,0x49,0x00,0x49,0x00,0x49,0x00,0x49,0x00,0x49,0x00,0x49,0x00,0x49,0x00,0x49,0x00,0x49,0x00,0x49,0x00,0x49,0x00,0x49,0x00,0x49,0x00,0x49,0x00,0x49,0x00,0x49,0x00,0x49,0x00,0x49,0x00,0x49,0x00,0x49,0x00,0x49,0x00,0x49,
	0x00,0x49,0x00,0x49,0x00,0x49,0x00,0x49,0x00,0x49,0x00,0x49,0x00,0x49,0x00,0x49,0x00,0x49,0x00,0x49,0x00,0x49,0x00,0x49,0x00,0x49,0x00,0x49,0x00,0x49,0x00,0x49,0x00,0x49,0x00,0x49,0x00,0x49,0x00,0x49,0x00,0x49,0x00,0x49,0x00,0x49,0x00,0x49,0x00,0x49,0x00,0x49,0x00,0x49,0x00,0x49,0x00,0x49,0x00,0x49,0x00,0x49,0x00,0x49,
	0x00,0x49,0x00,0x49,0x00,0x49,0x00,0x49,0x00,0x49,0x00,0x49,0x00,0x49,0x00,0x49,0x00,0x49,0x00,0x49,0x00,0x49,0x00,0x49,0x00,0x49,0x00,0x49,0x00,0x49,0x00,0x49,0x00,0x49,0x00,0x49,0x00,0x49,0x00,0x49,0x00,0x49,0x00,0x49,0x00,0x49,0x00,0x49,0x00,0x49,0x00,0x49,0x00,0x49,0x00,0x49,0x00,0x49,0x00,0x49,0x00,0x49,0x00,0x49,
	0x00,0x49,0x00,0x49,0x00,0x49,0x00,0x49,0x00,0x49,0x00,0x49,0x00,0x49,0x00,0x49,0x00,0x49,0x00,0x49,0x00,0x49,0x00,0x49,0x00,0x49,0x00,0x49,0x00,0x49,0x00,0x49,0x00,0x49,0x00,0x49,0x00,0x49,0x00,0x49,0x00,0x49,0x00,0x49,0x00,0x49,0x00,0x49,0x00,0x49,0x00,0x49,0x00,0x49,0x00,0x49,0x00,0x49,0x00,0x49,0x00,0x49,0x00,0x49,
	0x00,0x49,0x00,0x49,0x00,0x49,0x00,0x49,0x00,0x49,0x00,0x49,0x00,0x49,0x00,0x49,0x00,0x49,0x00,0x49,0x00,0x49,0x00,0x49,0x00,0x49,0x00,0x49,0x00,0x49,0x00,0x49,0x00,0x49,0x00,0x49,0x00,0x49,0x00,0x49,0x00,0x49,0x00,0x49,0x00,0x49,0x00,0x49,0x00,0x49,0xE0,0x40,0xE0,0x40,0x20,0x61,0x60,0x91,0xE0,0xC1,0x00,0xE2,0x20,0xEA,
	0x20,0xEA,0x40,0xE2,0x40,0xE2,0x40,0xE2,0x40,0xE2,0x40,0xE2,0x40,0xE2,0x40,0xE2,0x40,0xE2,0x40,0xEA,0x60,0xF2,0x60,0xEA,0x00,0xD2,0x60,0x71,0xE0,0x40,0x00,0x49,0x00,0x49,0x00,0x49,0x00,0x49,0x00,0x49,0x00,0x49,0x00,0x49,0x00,0x49,0x00,0x49,0x00,0x49,0x00,0x49,0x00,0x49,0x00,0x49,0x00,0x49,0x00,0x49,0x00,0x49,0x00,0x49,
	0x00,0x49,0x00,0x49,0x00,0x49,0x00,0x49,0x00,0x49,0x00,0x49,0x00,0x49,0x00,0x49,0x00,0x49,0x00,0x49,0x00,0x49,0x00,0x49,0x00,0x49,0x00,0x49,0x00,0x49,0x00,0x49,0x00,0x49,0x00,0x49,0x00,0x49,0x00,0x49,0x00,0x49,0x00,0x49,0x00,0x49,0x00,0x49,0x00,0x49,0x00,0x49,0x00,0x49,0x00,0x49,0xE0,0x48,0x80,0x71,0xE1,0xDA,0x42,0xF3,
	0x42,0xFB,0x62,0xFB,0x62,0xF3,0x62,0xF3,0x62,0xF3,0x62,0xF3,0x62,0xF3,0x62,0xFB,0x62,0xFB,0x62,0xFB,0x62,0xFB,0xA2,0xFB,0x62,0xF3,0xE1,0xDA,0x41,0xA2,0x80,0x71,0xC0,0x40,0xE0,0x40,0x00,0x49,0x00,0x49,0x00,0x49,0x00,0x49,0x00,0x49,0x00,0x49,0x00,0x49,0x00,0x49,0x00,0x49,0x00,0x49,0x00,0x49,0x00,0x49,0x00,0x49,0x00,0x49,
	0x00,0x49,0x00,0x49,0x00,0x49,0x00,0x49,0x00,0x49,0x00,0x49,0x00,0x49,0x00,0x49,0x00,0x49,0x00,0x49,0x00,0x49,0x00,0x49,0x00,0x49,0x00,0x49,0x00,0x49,0x00,0x49,0x00,0x49,0x00,0x49,0x00,0x49,0x00,0x49,0x00,0x49,0x00,0x49,0x00,0x49,0x00,0x49,0x00,0x49,0x00,0x49,0x00,0x49,0x00,0x49,0x00,0x49,0x00,0x49,0x00,0x49,0x00,0x49,
	0x80,0x28,0x40,0x18,0x00,0x08,0x60,0x20,0x00,0x49,0x00,0x49,0x00,0x49,0x00,0x49,0x00,0x49,0x00,0x49,0x00,0x49,0x00,0x49,0x00,0x49,0x00,0x49,0x00,0x49,0x00,0x49,0x00,0x49,0x00,0x49,0x00,0x49,0x00,0x49,0x00,0x49,0x00,0x49,0x00,0x49,0x00,0x49,0x00,0x49,0x00,0x49,0x00,0x49,0x00,0x49,0x00,0x49,0x00,0x49,0x00,0x49,0x00,0x49,
	0x00,0x49,0x00,0x49,0x00,0x49,0x00,0x49,0x00,0x49,0x00,0x49,0x00,0x49,0x00,0x49,0x00,0x49,0x00,0x49,0x00,0x49,0x00,0x49,0x00,0x49,0x00,0x49,0x00,0x49,0x00,0x49,0x00,0x49,0x00,0x49,0x00,0x49,0x00,0x49,0x00,0x49,0x00,0x49,0x00,0x49,0x00,0x49,0x00,0x49,0x00,0x49,0x00,0x49,0x00,0x49,0x00,0x49,0x00,0x49,0x00,0x49,0x00,0x49,
	0x00,0x49,0x00,0x49,0x00,0x49,0x00,0x49,0x00,0x49,0x00,0x49,0x00,0x49,0x00,0x49,0x00,0x49,0x00,0x49,0x00,0x49,0x00,0x49,0x00,0x49,0x00,0x49,0x00,0x49,0x00,0x49,0x00,0x49,0x00,0x49,0x00,0x49,0x00,0x49,0x00,0x49,0x00,0x49,0x00,0x49,0x00,0x49,0x00,0x49,0x00,0x49,0x00,0x49,0x00,0x49,0x00,0x49,0x00,0x49,0x00,0x49,0x00,0x49,
	0x00,0x49,0x00,0x49,0x00,0x49,0x00,0x49,0x00,0x49,0x00,0x49,0x00,0x49,0x00,0x49,0x00,0x49,0x00,0x49,0x00,0x49,0x00,0x49,0x00,0x49,0x00,0x49,0x00,0x49,0x00,0x49,0x00,0x49,0x00,0x49,0x00,0x49,0x00,0x49,0x00,0x49,0x00,0x49,0x00,0x49,0x00,0x49,0x00,0x49,0x00,0x49,0x00,0x49,0x00,0x49,0x00,0x49,0x00,0x49,0x00,0x49,0x00,0x49,
	0x00,0x49,0x00,0x49,0x00,0x49,0x00,0x49,0x00,0x49,0x00,0x49,0x00,0x49,0x00,0x49,0x00,0x49,0x00,0x49,0x00,0x49,0x00,0x49,0x00,0x49,0x00,0x49,0x00,0x49,0x00,0x49,0x00,0x49,0x00,0x49,0x00,0x49,0x00,0x49,0x00,0x49,0x00,0x49,0x00,0x49,0x00,0x49,0x00,0x49,0x00,0x49,0x00,0x49,0x00,0x49,0x00,0x49,0x00,0x49,0x00,0x49,0x00,0x49,
	0x00,0x49,0x00,0x49,0x00,0x49,0x00,0x49,0x00,0x49,0x00,0x49,0x00,0x49,0x00,0x49,0x00,0x49,0x00,0x49,0x00,0x49,0x00,0x49,0x00,0x49,0x00,0x49,0x00,0x49,0x00,0x49,0x00,0x49,0x00,0x49,0x00,0x49,0x00,0x49,0x00,0x49,0x00,0x49,0x00,0x49,0x00,0x49,0x00,0x49,0x00,0x49,0x00,0x49,0x00,0x49,0x00,0x49,0x00,0x49,0x00,0x49,0x00,0x49,
	0x00,0x49,0x00,0x49,0x00,0x49,0x00,0x49,0x00,0x49,0x00,0x49,0x00,0x49,0x00,0x49,0x00,0x49,0x00,0x49,0x00,0x49,0x00,0x49,0x00,0x49,0x00,0x49,0x00,0x49,0x00,0x49,0x00,0x49,0x00,0x49,0x00,0x49,0x00,0x49,0x00,0x49,0x00,0x49,0x00,0x49,0x00,0x49,0x00,0x49,0x00,0x49,0x00,0x49,0x00,0x49,0x00,0x49,0x00,0x49,0x00,0x49,0x00,0x49,
	0x00,0x49,0x00,0x49,0x00,0x49,0x00,0x49,0x00,0x49,0x00,0x49,0x00,0x49,0x00,0x49,0x00,0x49,0x00,0x49,0x00,0x49,0x00,0x49,0x00,0x49,0x00,0x49,0x00,0x49,0x00,0x49,0xE0,0x40,0x00,0x51,0x60,0x91,0xE0,0xC1,0x20,0xE2,0x20,0xEA,0x20,0xE2,0x40,0xE2,0x40,0xE2,0x40,0xE2,0x40,0xE2,0x40,0xE2,0x40,0xE2,0x40,0xE2,0x40,0xEA,0x60,0xF2,
	0x40,0xDA,0xC0,0xA1,0x20,0x61,0xE0,0x40,0x00,0x49,0x00,0x49,0x00,0x49,0x00,0x49,0x00,0x49,0x00,0x49,0x00,0x49,0x00,0x49,0x00,0x49,0x00,0x49,0x00,0x49,0x00,0x49,0x00,0x49,0x00,0x49,0x00,0x49,0x00,0x49,0x00,0x49,0x00,0x49,0x00,0x49,0x00,0x49,0x00,0x49,0x00,0x49,0x00,0x49,0x00,0x49,0x00,0x49,0x00,0x49,0x00,0x49,0x00,0x49,
	0x00,0x49,0x00,0x49,0x00,0x49,0x00,0x49,0x00,0x49,0x00,0x49,0x00,0x49,0x00,0x49,0x00,0x49,0x00,0x49,0x00,0x49,0x00,0x49,0x00,0x49,0x00,0x49,0x00,0x49,0x00,0x49,0x00,0x49,0xE0,0x40,0x40,0x59,0x41,0xB2,0xE1,0xDA,0x42,0xFB,0x62,0xFB,0x62,0xF3,0x62,0xF3,0x62,0xF3,0x62,0xF3,0x62,0xF3,0x62,0xFB,0x62,0xFB,0x62,0xFB,0x62,0xFB,
	0x82,0xFB,0xE1,0xDA,0x21,0x9A,0x40,0x59,0xE0,0x40,0x00,0x49,0x00,0x49,0x00,0x49,0x00,0x49,0x00,0x49,0x00,0x49,0x00,0x49,0x00,0x49,0x00,0x49,0x00,0x49,0x00,0x49,0x00,0x49,0x00,0x49,0x00,0x49,0x00,0x49,0x00,0x49,0x00,0x49,0x00,0x49,0x00,0x49,0x00,0x49,0x00,0x49,0x00,0x49,0x00,0x49,0x00,0x49,0x00,0x49,0x00,0x49,0x00,0x49,
	0x00,0x49,0x00,0x49,0x00,0x49,0x00,0x49,0x00,0x49,0x00,0x49,0x00,0x49,0x00,0x49,0x00,0x49,0x00,0x49,0x00,0x49,0x00,0x49,0x00,0x49,0x00,0x49,0x00,0x49,0x00,0x49,0x00,0x49,0x00,0x49,0x00,0x49,0x00,0x49,0x00,0x49,0x60,0x20,0x00,0x08,0x00,0x00,0x60,0x18,0xE0,0x40,0x00,0x49,0x00,0x49,0x00,0x49,0x00,0x49,0x00,0x49,0x00,0x49,
	0x00,0x49,0x00,0x49,0x00,0x49,0x00,0x49,0x00,0x49,0x00,0x49,0x00,0x49,0x00,0x49,0x00,0x49,0x00,0x49,0x00,0x49,0x00,0x49,0x00,0x49,0x00,0x49,0x00,0x49,0x00,0x49,0x00,0x49,0x00,0x49,0x00,0x49,0x00,0x49,0x00,0x49,0x00,0x49,0x00,0x49,0x00,0x49,0x00,0x49,0x00,0x49,0x00,0x49,0x00,0x49,0x00,0x49,0x00,0x49,0x00,0x49,0x00,0x49,
	0x00,0x49,0x00,0x49,0x00,0x49,0x00,0x49,0x00,0x49,0x00,0x49,0x00,0x49,0x00,0x49,0x00,0x49,0x00,0x49,0x00,0x49,0x00,0x49,0x00,0x49,0x00,0x49,0x00,0x49,0x00,0x49,0x00,0x49,0x00,0x49,0x00,0x49,0x00,0x49,0x00,0x49,0x00,0x49,0x00,0x49,0x00,0x49,0x00,0x49,0x00,0x49,0x00,0x49,0x00,0x49,0x00,0x49,0x00,0x49,0x00,0x49,0x00,0x49,
	0x00,0x49,0x00,0x49,0x00,0x49,0x00,0x49,0x00,0x49,0x00,0x49,0x00,0x49,0x00,0x49,0x00,0x49,0x00,0x49,0x00,0x49,0x00,0x49,0x00,0x49,0x00,0x49,0x00,0x49,0x00,0x49,0x00,0x49,0x00,0x49,0x00,0x49,0x00,0x49,0x00,0x49,0x00,0x49,0x00,0x49,0x00,0x49,0x00,0x49,0x00,0x49,0x00,0x49,0x00,0x49,0x00,0x49,0x00,0x49,0x00,0x49,0x00,0x49,
	0x00,0x49,0x00,0x49,0x00,0x49,0x00,0x49,0x00,0x49,0x00,0x49,0x00,0x49,0x00,0x49,0x00,0x49,0x00,0x49,0x00,0x49,0x00,0x49,0x00,0x49,0x00,0x49,0x00,0x49,0x00,0x49,0x00,0x49,0x00,0x49,0x00,0x49,0x00,0x49,0x00,0x49,0x00,0x49,0x00,0x49,0x00,0x49,0x00,0x49,0x00,0x49,0x00,0x49,0x00,0x49,0x00,0x49,0x00,0x49,0x00,0x49,0x00,0x49,
	0x00,0x49,0x00,0x49,0x00,0x49,0x00,0x49,0x00,0x49,0x00,0x49,0x00,0x49,0x00,0x49,0x00,0x49,0x00,0x49,0x00,0x49,0x00,0x49,0x00,0x49,0x00,0x49,0x00,0x49,0x00,0x49,0x00,0x49,0x00,0x49,0x00,0x49,0x00,0x49,0x00,0x49,0x00,0x49,0x00,0x49,0x00,0x49,0x00,0x49,0x00,0x49,0x00,0x49,0x00,0x49,0x00,0x49,0x00,0x49,0x00,0x49,0x00,0x49,
	0x00,0x49,0x00,0x49,0x00,0x49,0x00,0x49,0x00,0x49,0x00,0x49,0x00,0x49,0x00,0x49,0x00,0x49,0x00,0x49,0x00,0x49,0x00,0x49,0x00,0x49,0x00,0x49,0x00,0x49,0x00,0x49,0x00,0x49,0x00,0x49,0x00,0x49,0x00,0x49,0x00,0x49,0x00,0x49,0x00,0x49,0x00,0x49,0x00,0x49,0x00,0x49,0x00,0x49,0x00,0x49,0x00,0x49,0x00,0x49,0x00,0x49,0x00,0x49,
	0x00,0x49,0x00,0x49,0x00,0x49,0x00,0x49,0x00,0x49,0x00,0x49,0x00,0x49,0x00,0x49,0x00,0x49,0x00,0x49,0x00,0x49,0x00,0x49,0x00,0x49,0x00,0x49,0x00,0x49,0x00,0x49,0x00,0x49,0x00,0x49,0x00,0x49,0x00,0x49,0x00,0x49,0x00,0x49,0x00,0x49,0x00,0x49,0x00,0x49,0x00,0x49,0x00,0x49,0x00,0x49,0x00,0x49,0x00,0x49,0x00,0x49,0x00,0x49,
	0x00,0x49,0x00,0x49,0x00,0x49,0x00,0x49,0x00,0x49,0xE0,0x40,0x00,0x49,0x00,0x59,0x60,0x79,0xA0,0xB1,0x00,0xE2,0x40,0xF2,0x40,0xEA,0x40,0xEA,0x40,0xE2,0x40,0xE2,0x40,0xE2,0x40,0xEA,0x40,0xEA,0x40,0xEA,0x40,0xE2,0xC0,0xB1,0x20,0x69,0x00,0x51,0xE0,0x40,0x00,0x49,0x00,0x49,0x00,0x49,0x00,0x49,0x00,0x49,0x00,0x49,0x00,0x49,
	0x00,0x49,0x00,0x49,0x00,0x49,0x00,0x49,0x00,0x49,0x00,0x49,0x00,0x49,0x00,0x49,0x00,0x49,0x00,0x49,0x00,0x49,0x00,0x49,0x00,0x49,0x00,0x49,0x00,0x49,0x00,0x49,0x00,0x49,0x00,0x49,0x00,0x49,0x00,0x49,0x00,0x49,0x00,0x49,0x00,0x49,0x00,0x49,0x00,0x49,0x00,0x49,0x00,0x49,0x00,0x49,0x00,0x49,0x00,0x49,0x00,0x49,0x00,0x49,
	0x00,0x49,0x00,0x49,0x00,0x49,0x00,0x49,0x00,0x49,0x00,0x49,0xE0,0x40,0x00,0x51,0x60,0x71,0x41,0xB2,0x41,0xF3,0x62,0xFB,0x82,0xFB,0x62,0xFB,0x62,0xF3,0x62,0xF3,0x62,0xF3,0x62,0xFB,0x62,0xFB,0xA2,0xFB,0x62,0xF3,0x81,0xC2,0x00,0x92,0x40,0x59,0x00,0x49,0xE0,0x40,0x00,0x49,0x00,0x49,0x00,0x49,0x00,0x49,0x00,0x49,0x00,0x49,
	0x00,0x49,0x00,0x49,0x00,0x49,0x00,0x49,0x00,0x49,0x00,0x49,0x00,0x49,0x00,0x49,0x00,0x49,0x00,0x49,0x00,0x49,0x00,0x49,0x00,0x49,0x00,0x49,0x00,0x49,0x00,0x49,0x00,0x49,0x00,0x49,0x00,0x49,0x00,0x49,0x00,0x49,0x00,0x49,0x00,0x49,0x00,0x49,0x00,0x49,0x00,0x49,0x00,0x49,0x00,0x49,0x00,0x49,0x00,0x49,0x00,0x49,0x00,0x49,
	0x00,0x49,0x00,0x49,0x00,0x49,0x00,0x49,0x00,0x49,0x00,0x49,0x00,0x49,0x00,0x49,0x00,0x49,0xE0,0x40,0x60,0x18,0x00,0x00,0x00,0x00,0x40,0x18,0xC0,0x38,0xE0,0x48,0x00,0x49,0x00,0x49,0x00,0x49,0x00,0x49,0x00,0x49,0x00,0x49,0x00,0x49,0x00,0x49,0x00,0x49,0x00,0x49,0x00,0x49,0x00,0x49,0x00,0x49,0x00,0x49,0x00,0x49,0x00,0x49,
	0x00,0x49,0x00,0x49,0x00,0x49,0x00,0x49,0x00,0x49,0x00,0x49,0x00,0x49,0x00,0x49,0x00,0x49,0x00,0x49,0x00,0x49,0x00,0x49,0x00,0x49,0x00,0x49,0x00,0x49,0x00,0x49,0x00,0x49,0x00,0x49,0x00,0x49,0x00,0x49,0x00,0x49,0x00,0x49,0x00,0x49,0x00,0x49,0x00,0x49,0x00,0x49,0x00,0x49,0x00,0x49,0x00,0x49,0x00,0x49,0x00,0x49,0x00,0x49,
	0x00,0x49,0x00,0x49,0x00,0x49,0x00,0x49,0x00,0x49,0x00,0x49,0x00,0x49,0x00,0x49,0x00,0x49,0x00,0x49,0x00,0x49,0x00,0x49,0x00,0x49,0x00,0x49,0x00,0x49,0x00,0x49,0x00,0x49,0x00,0x49,0x00,0x49,0x00,0x49,0x00,0x49,0x00,0x49,0x00,0x49,0x00,0x49,0x00,0x49,0x00,0x49,0x00,0x49,0x00,0x49,0x00,0x49,0x00,0x49,0x00,0x49,0x00,0x49,
	0x00,0x49,0x00,0x49,0x00,0x49,0x00,0x49,0x00,0x49,0x00,0x49,0x00,0x49,0x00,0x49,0x00,0x49,0x00,0x49,0x00,0x49,0x00,0x49,0x00,0x49,0x00,0x49,0x00,0x49,0x00,0x49,0x00,0x49,0x00,0x49,0x00,0x49,0x00,0x49,0x00,0x49,0x00,0x49,0x00,0x49,0x00,0x49,0x00,0x49,0x00,0x49,0x00,0x49,0x00,0x49,0x00,0x49,0x00,0x49,0x00,0x49,0x00,0x49,
	0x00,0x49,0x00,0x49,0x00,0x49,0x00,0x49,0x00,0x49,0x00,0x49,0x00,0x49,0x00,0x49,0x00,0x49,0x00,0x49,0x00,0x49,0x00,0x49,0x00,0x49,0x00,0x49,0x00,0x49,0x00,0x49,0x00,0x49,0x00,0x49,0x00,0x49,0x00,0x49,0x00,0x49,0x00,0x49,0x00,0x49,0x00,0x49,0x00,0x49,0x00,0x49,0x00,0x49,0x00,0x49,0x00,0x49,0x00,0x49,0x00,0x49,0x00,0x49,
	0x00,0x49,0x00,0x49,0x00,0x49,0x00,0x49,0x00,0x49,0x00,0x49,0x00,0x49,0x00,0x49,0x00,0x49,0x00,0x49,0x00,0x49,0x00,0x49,0x00,0x49,0x00,0x49,0x00,0x49,0x00,0x49,0x00,0x49,0x00,0x49,0x00,0x49,0x00,0x49,0x00,0x49,0x00,0x49,0x00,0x49,0x00,0x49,0x00,0x49,0x00,0x49,0x00,0x49,0x00,0x49,0x00,0x49,0x00,0x49,0x00,0x49,0x00,0x49,
	0x00,0x49,0x00,0x49,0x00,0x49,0x00,0x49,0x00,0x49,0x00,0x49,0x00,0x49,0x00,0x49,0x00,0x49,0x00,0x49,0x00,0x49,0x00,0x49,0x00,0x49,0x00,0x49,0x00,0x49,0x00,0x49,0x00,0x49,0x00,0x49,0x00,0x49,0x00,0x49,0x00,0x49,0x00,0x49,0x00,0x49,0x00,0x49,0x00,0x49,0x00,0x49,0x00,0x49,0x00,0x49,0x00,0x49,0x00,0x49,0x00,0x49,0x00,0x49,
	0x00,0x49,0x00,0x49,0x00,0x49,0x00,0x49,0x00,0x49,0x00,0x49,0x00,0x49,0x00,0x49,0x00,0x49,0x00,0x49,0x00,0x49,0x00,0x49,0x00,0x49,0x00,0x49,0x00,0x49,0x00,0x49,0x00,0x49,0x00,0x49,0x00,0x49,0x00,0x49,0x00,0x49,0x00,0x49,0x00,0x49,0x00,0x49,0x00,0x49,0x00,0x49,0x00,0x49,0x00,0x49,0xE0,0x40,0x00,0x51,0x40,0x71,0xC0,0xB1,
	0x00,0xD2,0x00,0xE2,0x40,0xE2,0x40,0xEA,0x40,0xEA,0x40,0xEA,0x40,0xE2,0x00,0xE2,0x00,0xD2,0xE0,0xB1,0x60,0x79,0xE0,0x40,0xE0,0x40,0x00,0x49,0x00,0x49,0x00,0x49,0x00,0x49,0x00,0x49,0x00,0x49,0x00,0x49,0x00,0x49,0x00,0x49,0x00,0x49,0x00,0x49,0x00,0x49,0x00,0x49,0x00,0x49,0x00,0x49,0x00,0x49,0x00,0x49,0x00,0x49,0x00,0x49,
	0x00,0x49,0x00,0x49,0x00,0x49,0x00,0x49,0x00,0x49,0x00,0x49,0x00,0x49,0x00,0x49,0x00,0x49,0x00,0x49,0x00,0x49,0x00,0x49,0x00,0x49,0x00,0x49,0x00,0x49,0x00,0x49,0x00,0x49,0x00,0x49,0x00,0x49,0x00,0x49,0x00,0x49,0x00,0x49,0x00,0x49,0x00,0x49,0x00,0x49,0x00,0x49,0x00,0x49,0x00,0x49,0xE0,0x40,0xE0,0x48,0xC0,0x89,0xC1,0xC2,
	0x21,0xE3,0x21,0xEB,0x42,0xF3,0x62,0xFB,0x62,0xFB,0x62,0xFB,0x62,0xFB,0x21,0xF3,0x41,0xE3,0x81,0xC2,0xC0,0x81,0x20,0x51,0xE0,0x40,0xE0,0x40,0x00,0x49,0x00,0x49,0x00,0x49,0x00,0x49,0x00,0x49,0x00,0x49,0x00,0x49,0x00,0x49,0x00,0x49,0x00,0x49,0x00,0x49,0x00,0x49,0x00,0x49,0x00,0x49,0x00,0x49,0x00,0x49,0x00,0x49,0x00,0x49,
	0x00,0x49,0x00,0x49,0x00,0x49,0x00,0x49,0x00,0x49,0x00,0x49,0x00,0x49,0x00,0x49,0x00,0x49,0x00,0x49,0x00,0x49,0x00,0x49,0x00,0x49,0x00,0x49,0x00,0x49,0x00,0x49,0x00,0x49,0x00,0x49,0x00,0x49,0x00,0x49,0x00,0x49,0x00,0x49,0x00,0x49,0x00,0x49,0x00,0x49,0x00,0x49,0x00,0x49,0x00,0x49,0x00,0x49,0xE0,0x48,0xC0,0x38,0x40,0x18,
	0x00,0x00,0x00,0x00,0x20,0x10,0x80,0x28,0xE0,0x40,0x00,0x49,0x00,0x49,0x00,0x49,0x00,0x49,0x00,0x49,0x00,0x49,0x00,0x49,0x00,0x49,0x00,0x49,0x00,0x49,0x00,0x49,0x00,0x49,0x00,0x49,0x00,0x49,0x00,0x49,0x00,0x49,0x00,0x49,0x00,0x49,0x00,0x49,0x00,0x49,0x00,0x49,0x00,0x49,0x00,0x49,0x00,0x49,0x00,0x49,0x00,0x49,0x00,0x49,
	0x00,0x49,0x00,0x49,0x00,0x49,0x00,0x49,0x00,0x49,0x00,0x49,0x00,0x49,0x00,0x49,0x00,0x49,0x00,0x49,0x00,0x49,0x00,0x49,0x00,0x49,0x00,0x49,0x00,0x49,0x00,0x49,0x00,0x49,0x00,0x49,0x00,0x49,0x00,0x49,0x00,0x49,0x00,0x49,0x00,0x49,0x00,0x49,0x00,0x49,0x00,0x49,0x00,0x49,0x00,0x49,0x00,0x49,0x00,0x49,0x00,0x49,0x00,0x49,
	0x00,0x49,0x00,0x49,0x00,0x49,0x00,0x49,0x00,0x49,0x00,0x49,0x00,0x49,0x00,0x49,0x00,0x49,0x00,0x49,0x00,0x49,0x00,0x49,0x00,0x49,0x00,0x49,0x00,0x49,0x00,0x49,0x00,0x49,0x00,0x49,0x00,0x49,0x00,0x49,0x00,0x49,0x00,0x49,0x00,0x49,0x00,0x49,0x00,0x49,0x00,0x49,0x00,0x49,0x00,0x49,0x00,0x49,0x00,0x49,0x00,0x49,0x00,0x49,
	0x00,0x49,0x00,0x49,0x00,0x49,0x00,0x49,0x00,0x49,0x00,0x49,0x00,0x49,0x00,0x49,0x00,0x49,0x00,0x49,0x00,0x49,0x00,0x49,0x00,0x49,0x00,0x49,0x00,0x49,0x00,0x49,0x00,0x49,0x00,0x49,0x00,0x49,0x00,0x49,0x00,0x49,0x00,0x49,0x00,0x49,0x00,0x49,0x00,0x49,0x00,0x49,0x00,0x49,0x00,0x49,0x00,0x49,0x00,0x49,0x00,0x49,0x00,0x49,
	0x00,0x49,0x00,0x49,0x00,0x49,0x00,0x49,0x00,0x49,0x00,0x49,0x00,0x49,0x00,0x49,0x00,0x49,0x00,0x49,0x00,0x49,0x00,0x49,0x00,0x49,0x00,0x49,0x00,0x49,0x00,0x49,0x00,0x49,0x00,0x49,0x00,0x49,0x00,0x49,0x00,0x49,0x00,0x49,0x00,0x49,0x00,0x49,0x00,0x49,0x00,0x49,0x00,0x49,0x00,0x49,0x00,0x49,0x00,0x49,0x00,0x49,0x00,0x49,
	0x00,0x49,0x00,0x49,0x00,0x49,0x00,0x49,0x00,0x49,0x00,0x49,0x00,0x49,0x00,0x49,0x00,0x49,0x00,0x49,0x00,0x49,0x00,0x49,0x00,0x49,0x00,0x49,0x00,0x49,0x00,0x49,0x00,0x49,0x00,0x49,0x00,0x49,0x00,0x49,0x00,0x49,0x00,0x49,0x00,0x49,0x00,0x49,0x00,0x49,0x00,0x49,0x00,0x49,0x00,0x49,0x00,0x49,0x00,0x49,0x00,0x49,0x00,0x49,
	0x00,0x49,0x00,0x49,0x00,0x49,0x00,0x49,0x00,0x49,0x00,0x49,0x00,0x49,0x00,0x49,0x00,0x49,0x00,0x49,0x00,0x49,0x00,0x49,0x00,0x49,0x00,0x49,0x00,0x49,0x00,0x49,0x00,0x49,0x00,0x49,0x00,0x49,0x00,0x49,0x00,0x49,0x00,0x49,0x00,0x49,0x00,0x49,0x00,0x49,0x00,0x49,0x00,0x49,0x00,0x49,0x00,0x49,0x00,0x49,0x00,0x49,0x00,0x49,
	0x00,0x49,0x00,0x49,0x00,0x49,0x00,0x49,0x00,0x49,0x00,0x49,0x00,0x49,0x00,0x49,0x00,0x49,0x00,0x49,0x00,0x49,0x00,0x49,0x00,0x49,0x00,0x49,0x00,0x49,0x00,0x49,0x00,0x49,0x00,0x49,0x00,0x49,0x00,0x49,0x20,0x59,0x60,0x81,0xC0,0xB1,0x00,0xD2,0x20,0xEA,0x40,0xF2,0x40,0xEA,0x40,0xDA,0xE0,0xB1,0x80,0x91,0x20,0x61,0x00,0x51,
	0x00,0x49,0x00,0x49,0x00,0x49,0x00,0x49,0x00,0x49,0x00,0x49,0x00,0x49,0x00,0x49,0x00,0x49,0x00,0x49,0x00,0x49,0x00,0x49,0x00,0x49,0x00,0x49,0x00,0x49,0x00,0x49,0x00,0x49,0x00,0x49,0x00,0x49,0x00,0x49,0x00,0x49,0x00,0x49,0x00,0x49,0x00,0x49,0x00,0x49,0x00,0x49,0x00,0x49,0x00,0x49,0x00,0x49,0x00,0x49,0x00,0x49,0x00,0x49,
	0x00,0x49,0x00,0x49,0x00,0x49,0x00,0x49,0x00,0x49,0x00,0x49,0x00,0x49,0x00,0x49,0x00,0x49,0x00,0x49,0x00,0x49,0x00,0x49,0x00,0x49,0x00,0x49,0x00,0x49,0x00,0x49,0x00,0x49,0x00,0x49,0x00,0x49,0x00,0x51,0x60,0x69,0x00,0x9A,0xC1,0xC2,0x21,0xEB,0x62,0xFB,0x82,0xFB,0x62,0xFB,0x21,0xEB,0xC1,0xC2,0x00,0x92,0x40,0x61,0x00,0x51,
	0x00,0x49,0x00,0x49,0x00,0x49,0x00,0x49,0x00,0x49,0x00,0x49,0x00,0x49,0x00,0x49,0x00,0x49,0x00,0x49,0x00,0x49,0x00,0x49,0x00,0x49,0x00,0x49,0x00,0x49,0x00,0x49,0x00,0x49,0x00,0x49,0x00,0x49,0x00,0x49,0x00,0x49,0x00,0x49,0x00,0x49,0x00,0x49,0x00,0x49,0x00,0x49,0x00,0x49,0x00,0x49,0x00,0x49,0x00,0x49,0x00,0x49,0x00,0x49,
	0x00,0x49,0x00,0x49,0x00,0x49,0x00,0x49,0x00,0x49,0x00,0x49,0x00,0x49,0x00,0x49,0x00,0x49,0x00,0x49,0x00,0x49,0x00,0x49,0x00,0x49,0x00,0x49,0x00,0x49,0x00,0x49,0x00,0x49,0x00,0x49,0xE0,0x40,0x80,0x28,0x20,0x10,0x00,0x00,0x00,0x00,0x00,0x00,0x40,0x18,0xC0,0x38,0x00,0x51,0x00,0x49,0x00,0x49,0x00,0x49,0x00,0x49,0x00,0x49,
	0x00,0x49,0x00,0x49,0x00,0x49,0x00,0x49,0x00,0x49,0x00,0x49,0x00,0x49,0x00,0x49,0x00,0x49,0x00,0x49,0x00,0x49,0x00,0x49,0x00,0x49,0x00,0x49,0x00,0x49,0x00,0x49,0x00,0x49,0x00,0x49,0x00,0x49,0x00,0x49,0x00,0x49,0x00,0x49,0x00,0x49,0x00,0x49,0x00,0x49,0x00,0x49,0x00,0x49,0x00,0x49,0x00,0x49,0x00,0x49,0x00,0x49,0x00,0x49,
	0x00,0x49,0x00,0x49,0x00,0x49,0x00,0x49,0x00,0x49,0x00,0x49,0x00,0x49,0x00,0x49,0x00,0x49,0x00,0x49,0x00,0x49,0x00,0x49,0x00,0x49,0x00,0x49,0x00,0x49,0x00,0x49,0x00,0x49,0x00,0x49,0x00,0x49,0x00,0x49,0x00,0x49,0x00,0x49,0x00,0x49,0x00,0x49,0x00,0x49,0x00,0x49,0x00,0x49,0x00,0x49,0x00,0x49,0x00,0x49,0x00,0x49,0x00,0x49,
	0x00,0x49,0x00,0x49,0x00,0x49,0x00,0x49,0x00,0x49,0x00,0x49,0x00,0x49,0x00,0x49,0x00,0x49,0x00,0x49,0x00,0x49,0x00,0x49,0x00,0x49,0x00,0x49,0x00,0x49,0x00,0x49,0x00,0x49,0x00,0x49,0x00,0x49,0x00,0x49,0x00,0x49,0x00,0x49,0x00,0x49,0x00,0x49,0x00,0x49,0x00,0x49,0x00,0x49,0x00,0x49,0x00,0x49,0x00,0x49,0x00,0x49,0x00,0x49,
	0x00,0x49,0x00,0x49,0x00,0x49,0x00,0x49,0x00,0x49,0x00,0x49,0x00,0x49,0x00,0x49,0x00,0x49,0x00,0x49,0x00,0x49,0x00,0x49,0x00,0x49,0x00,0x49,0x00,0x49,0x00,0x49,0x00,0x49,0x00,0x49,0x00,0x49,0x00,0x49,0x00,0x49,0x00,0x49,0x00,0x49,0x00,0x49,0x00,0x49,0x00,0x49,0x00,0x49,0x00,0x49,0x00,0x49,0x00,0x49,0x00,0x49,0x00,0x49,
	0x00,0x49,0x00,0x49,0x00,0x49,0x00,0x49,0x00,0x49,0x00,0x49,0x00,0x49,0x00,0x49,0x00,0x49,0x00,0x49,0x00,0x49,0x00,0x49,0x00,0x49,0x00,0x49,0x00,0x49,0x00,0x49,0x00,0x49,0x00,0x49,0x00,0x49,0x00,0x49,0x00,0x49,0x00,0x49,0x00,0x49,0x00,0x49,0x00,0x49,0x00,0x49,0x00,0x49,0x00,0x49,0x00,0x49,0x00,0x49,0x00,0x49,0x00,0x49,
	0x00,0x49,0x00,0x49,0x00,0x49,0x00,0x49,0x00,0x49,0x00,0x49,0x00,0x49,0x00,0x49,0x00,0x49,0x00,0x49,0x00,0x49,0x00,0x49,0x00,0x49,0x00,0x49,0x00,0x49,0x00,0x49,0x00,0x49,0x00,0x49,0x00,0x49,0x00,0x49,0x00,0x49,0x00,0x49,0x00,0x49,0x00,0x49,0x00,0x49,0x00,0x49,0x00,0x49,0x00,0x49,0x00,0x49,0x00,0x49,0x00,0x49,0x00,0x49,
	0x00,0x49,0x00,0x49,0x00,0x49,0x00,0x49,0x00,0x49,0x00,0x49,0x00,0x49,0x00,0x49,0x00,0x49,0x00,0x49,0x00,0x49,0x00,0x49,0x00,0x49,0x00,0x49,0x00,0x49,0x00,0x49,0x00,0x49,0x00,0x49,0x00,0x49,0x00,0x49,0x00,0x49,0x00,0x49,0x00,0x49,0x00,0x49,0x00,0x49,0x00,0x49,0x00,0x49,0x00,0x49,0x00,0x49,0x00,0x49,0x00,0x49,0x00,0x49,
	0x00,0x49,0x00,0x49,0x00,0x49,0x00,0x49,0x00,0x49,0x00,0x49,0x00,0x49,0x00,0x49,0xE0,0x40,0xE0,0x48,0x00,0x59,0x40,0x71,0x80,0x89,0x80,0x99,0x80,0x99,0x80,0x99,0x80,0x89,0x60,0x79,0x20,0x61,0xE0,0x48,0xE0,0x40,0x00,0x49,0x00,0x49,0x00,0x49,0x00,0x49,0x00,0x49,0x00,0x49,0x00,0x49,0x00,0x49,0x00,0x49,0x00,0x49,0x00,0x49,
	0x00,0x49,0x00,0x49,0x00,0x49,0x00,0x49,0x00,0x49,0x00,0x49,0x00,0x49,0x00,0x49,0x00,0x49,0x00,0x49,0x00,0x49,0x00,0x49,0x00,0x49,0x00,0x49,0x00,0x49,0x00,0x49,0x00,0x49,0x00,0x49,0x00,0x49,0x00,0x49,0x00,0x49,0x00,0x49,0x00,0x49,0x00,0x49,0x00,0x49,0x00,0x49,0x00,0x49,0x00,0x49,0x00,0x49,0x00,0x49,0x00,0x49,0x00,0x49,
	0x00,0x49,0x00,0x49,0x00,0x49,0x00,0x49,0x00,0x49,0x00,0x49,0x00,0x49,0x00,0x49,0xE0,0x40,0xE0,0x48,0x60,0x69,0xC0,0x81,0x00,0x9A,0x41,0xA2,0x41,0xA2,0x41,0xA2,0x00,0x92,0xC0,0x81,0x40,0x59,0xE0,0x48,0xE0,0x40,0xE0,0x40,0x00,0x49,0x00,0x49,0x00,0x49,0x00,0x49,0x00,0x49,0x00,0x49,0x00,0x49,0x00,0x49,0x00,0x49,0x00,0x49,
	0x00,0x49,0x00,0x49,0x00,0x49,0x00,0x49,0x00,0x49,0x00,0x49,0x00,0x49,0x00,0x49,0x00,0x49,0x00,0x49,0x00,0x49,0x00,0x49,0x00,0x49,0x00,0x49,0x00,0x49,0x00,0x49,0x00,0x49,0x00,0x49,0x00,0x49,0x00,0x49,0x00,0x49,0x00,0x49,0x00,0x49,0x00,0x49,0x00,0x49,0x00,0x49,0x00,0x49,0x00,0x49,0x00,0x49,0x00,0x49,0x00,0x49,0x00,0x49,
	0x00,0x49,0x00,0x49,0x00,0x49,0x00,0x49,0x00,0x49,0x00,0x49,0x00,0x51,0xC0,0x38,0x40,0x18,0x00,0x00,0x00,0x00,0x00,0x00,0x00,0x00,0x00,0x00,0xA0,0x30,0x00,0x49,0x00,0x49,0x00,0x49,0x00,0x49,0x00,0x49,0x00,0x49,0x00,0x49,0x00,0x49,0x00,0x49,0x00,0x49,0x00,0x49,0x00,0x49,0x00,0x49,0x00,0x49,0x00,0x49,0x00,0x49,0x00,0x49,
	0x00,0x49,0x00,0x49,0x00,0x49,0x00,0x49,0x00,0x49,0x00,0x49,0x00,0x49,0x00,0x49,0x00,0x49,0x00,0x49,0x00,0x49,0x00,0x49,0x00,0x49,0x00,0x49,0x00,0x49,0x00,0x49,0x00,0x49,0x00,0x49,0x00,0x49,0x00,0x49,0x00,0x49,0x00,0x49,0x00,0x49,0x00,0x49,0x00,0x49,0x00,0x49,0x00,0x49,0x00,0x49,0x00,0x49,0x00,0x49,0x00,0x49,0x00,0x49,
	0x00,0x49,0x00,0x49,0x00,0x49,0x00,0x49,0x00,0x49,0x00,0x49,0x00,0x49,0x00,0x49,0x00,0x49,0x00,0x49,0x00,0x49,0x00,0x49,0x00,0x49,0x00,0x49,0x00,0x49,0x00,0x49,0x00,0x49,0x00,0x49,0x00,0x49,0x00,0x49,0x00,0x49,0x00,0x49,0x00,0x49,0x00,0x49,0x00,0x49,0x00,0x49,0x00,0x49,0x00,0x49,0x00,0x49,0x00,0x49,0x00,0x49,0x00,0x49,
	0x00,0x49,0x00,0x49,0x00,0x49,0x00,0x49,0x00,0x49,0x00,0x49,0x00,0x49,0x00,0x49,0x00,0x49,0x00,0x49,0x00,0x49,0x00,0x49,0x00,0x49,0x00,0x49,0x00,0x49,0x00,0x49,0x00,0x49,0x00,0x49,0x00,0x49,0x00,0x49,0x00,0x49,0x00,0x49,0x00,0x49,0x00,0x49,0x00,0x49,0x00,0x49,0x00,0x49,0x00,0x49,0x00,0x49,0x00,0x49,0x00,0x49,0x00,0x49,
	0x00,0x49,0x00,0x49,0x00,0x49,0x00,0x49,0x00,0x49,0x00,0x49,0x00,0x49,0x00,0x49,0x00,0x49,0x00,0x49,0x00,0x49,0x00,0x49,0x00,0x49,0x00,0x49,0x00,0x49,0x00,0x49,0x00,0x49,0x00,0x49,0x00,0x49,0x00,0x49,0x00,0x49,0x00,0x49,0x00,0x49,0x00,0x49,0x00,0x49,0x00,0x49,0x00,0x49,0x00,0x49,0x00,0x49,0x00,0x49,0x00,0x49,0x00,0x49,
	0x00,0x49,0x00,0x49,0x00,0x49,0x00,0x49,0x00,0x49,0x00,0x49,0x00,0x49,0x00,0x49,0x00,0x49,0x00,0x49,0x00,0x49,0x00,0x49,0x00,0x49,0x00,0x49,0x00,0x49,0x00,0x49,0x00,0x49,0x00,0x49,0x00,0x49,0x00,0x49,0x00,0x49,0x00,0x49,0x00,0x49,0x00,0x49,0x00,0x49,0x00,0x49,0x00,0x49,0x00,0x49,0x00,0x49,0x00,0x49,0x00,0x49,0x00,0x49,
	0x00,0x49,0x00,0x49,0x00,0x49,0x00,0x49,0x00,0x49,0x00,0x49,0x00,0x49,0x00,0x49,0x00,0x49,0x00,0x49,0x00,0x49,0x00,0x49,0x00,0x49,0x00,0x49,0x00,0x49,0x00,0x49,0x00,0x49,0x00,0x49,0x00,0x49,0x00,0x49,0x00,0x49,0x00,0x49,0x00,0x49,0x00,0x49,0x00,0x49,0x00,0x49,0x00,0x49,0x00,0x49,0x00,0x49,0x00,0x49,0x00,0x49,0x00,0x49,
	0x00,0x49,0x00,0x49,0x00,0x49,0x00,0x49,0x00,0x49,0x00,0x49,0x00,0x49,0x00,0x49,0x00,0x49,0x00,0x49,0x00,0x49,0x00,0x49,0x00,0x49,0x00,0x49,0x00,0x49,0x00,0x49,0x00,0x49,0x00,0x49,0x00,0x49,0x00,0x49,0x00,0x49,0x00,0x49,0x00,0x49,0x00,0x49,0x00,0x49,0x00,0x49,0x00,0x49,0x00,0x49,0x00,0x49,0x00,0x49,0x00,0x49,0x00,0x49,
	0xE0,0x40,0xE0,0x40,0xE0,0x40,0xE0,0x40,0xE0,0x40,0xE0,0x40,0xE0,0x40,0xE0,0x48,0x00,0x49,0x00,0x49,0x00,0x49,0x00,0x49,0x00,0x49,0x00,0x49,0x00,0x49,0x00,0x49,0x00,0x49,0x00,0x49,0x00,0x49,0x00,0x49,0x00,0x49,0x00,0x49,0x00,0x49,0x00,0x49,0x00,0x49,0x00,0x49,0x00,0x49,0x00,0x49,0x00,0x49,0x00,0x49,0x00,0x49,0x00,0x49,
	0x00,0x49,0x00,0x49,0x00,0x49,0x00,0x49,0x00,0x49,0x00,0x49,0x00,0x49,0x00,0x49,0x00,0x49,0x00,0x49,0x00,0x49,0x00,0x49,0x00,0x49,0x00,0x49,0x00,0x49,0x00,0x49,0x00,0x49,0x00,0x49,0x00,0x49,0x00,0x49,0x00,0x49,0x00,0x49,0x00,0x49,0x00,0x49,0x00,0x49,0x00,0x49,0x00,0x49,0x00,0x49,0x00,0x49,0x00,0x49,0x00,0x49,0xE0,0x40,
	0xE0,0x40,0xE0,0x40,0xE0,0x40,0xE0,0x40,0xE0,0x40,0xE0,0x40,0xE0,0x40,0xE0,0x48,0x00,0x49,0x00,0x49,0x00,0x49,0x00,0x49,0x00,0x49,0x00,0x49,0x00,0x49,0x00,0x49,0x00,0x49,0x00,0x49,0x00,0x49,0x00,0x49,0x00,0x49,0x00,0x49,0x00,0x49,0x00,0x49,0x00,0x49,0x00,0x49,0x00,0x49,0x00,0x49,0x00,0x49,0x00,0x49,0x00,0x49,0x00,0x49,
	0x00,0x49,0x00,0x49,0x00,0x49,0x00,0x49,0x00,0x49,0x00,0x49,0x00,0x49,0x00,0x49,0x00,0x49,0x00,0x49,0x00,0x49,0x00,0x49,0x00,0x49,0x00,0x49,0x00,0x49,0x00,0x49,0x00,0x49,0x00,0x49,0x00,0x49,0x00,0x49,0x00,0x49,0x00,0x49,0x00,0x49,0x00,0x49,0x00,0x49,0x00,0x49,0x00,0x49,0x00,0x49,0xA0,0x30,0x00,0x00,0x00,0x00,0x00,0x00,
	0x00,0x00,0x00,0x00,0x00,0x00,0x60,0x20,0xC0,0x38,0x00,0x49,0x00,0x49,0x00,0x49,0x00,0x49,0x00,0x49,0x00,0x49,0x00,0x49,0x00,0x49,0x00,0x49,0x00,0x49,0x00,0x49,0x00,0x49,0x00,0x49,0x00,0x49,0x00,0x49,0x00,0x49,0x00,0x49,0x00,0x49,0x00,0x49,0x00,0x49,0x00,0x49,0x00,0x49,0x00,0x49,0x00,0x49,0x00,0x49,0x00,0x49,0x00,0x49,
	0x00,0x49,0x00,0x49,0x00,0x49,0x00,0x49,0x00,0x49,0x00,0x49,0x00,0x49,0x00,0x49,0x00,0x49,0x00,0x49,0x00,0x49,0x00,0x49,0x00,0x49,0x00,0x49,0x00,0x49,0x00,0x49,0x00,0x49,0x00,0x49,0x00,0x49,0x00,0x49,0x00,0x49,0x00,0x49,0x00,0x49,0x00,0x49,0x00,0x49,0x00,0x49,0x00,0x49,0x00,0x49,0x00,0x49,0x00,0x49,0x00,0x49,0x00,0x49,
	0x00,0x49,0x00,0x49,0x00,0x49,0x00,0x49,0x00,0x49,0x00,0x49,0x00,0x49,0x00,0x49,0x00,0x49,0x00,0x49,0x00,0x49,0x00,0x49,0x00,0x49,0x00,0x49,0x00,0x49,0x00,0x49,0x00,0x49,0x00,0x49,0x00,0x49,0x00,0x49,0x00,0x49,0x00,0x49,0x00,0x49,0x00,0x49,0x00,0x49,0x00,0x49,0x00,0x49,0x00,0x49,0x00,0x49,0x00,0x49,0x00,0x49,0x00,0x49,
	0x00,0x49,0x00,0x49,0x00,0x49,0x00,0x49,0x00,0x49,0x00,0x49,0x00,0x49,0x00,0x49,0x00,0x49,0x00,0x49,0x00,0x49,0x00,0x49,0x00,0x49,0x00,0x49,0x00,0x49,0x00,0x49,0x00,0x49,0x00,0x49,0x00,0x49,0x00,0x49,0x00,0x49,0x00,0x49,0x00,0x49,0x00,0x49,0x00,0x49,0x00,0x49,0x00,0x49,0x00,0x49,0x00,0x49,0x00,0x49,0x00,0x49,0x00,0x49,
	0x00,0x49,0x00,0x49,0x00,0x49,0x00,0x49,0x00,0x49,0x00,0x49,0x00,0x49,0x00,0x49,0x00,0x49,0x00,0x49,0x00,0x49,0x00,0x49,0x00,0x49,0x00,0x49,0x00,0x49,0x00,0x49,0x00,0x49,0x00,0x49,0x00,0x49,0x00,0x49,0x00,0x49,0x00,0x49,0x00,0x49,0x00,0x49,0x00,0x49,0x00,0x49,0x00,0x49,0x00,0x49,0x00,0x49,0x00,0x49,0x00,0x49,0x00,0x49,
	0x00,0x49,0x00,0x49,0x00,0x49,0x00,0x49,0x00,0x49,0x00,0x49,0x00,0x49,0x00,0x49,0x00,0x49,0x00,0x49,0x00,0x49,0x00,0x49,0x00,0x49,0x00,0x49,0x00,0x49,0x00,0x49,0x00,0x49,0x00,0x49,0x00,0x49,0x00,0x49,0x00,0x49,0x00,0x49,0x00,0x49,0x00,0x49,0x00,0x49,0x00,0x49,0x00,0x49,0x00,0x49,0x00,0x49,0x00,0x49,0x00,0x49,0x00,0x49,
	0x00,0x49,0x00,0x49,0x00,0x49,0x00,0x49,0x00,0x49,0x00,0x49,0x00,0x49,0x00,0x49,0x00,0x49,0x00,0x49,0x00,0x49,0x00,0x49,0x00,0x49,0x00,0x49,0x00,0x49,0x00,0x49,0x00,0x49,0x00,0x49,0x00,0x49,0x00,0x49,0x00,0x49,0x00,0x49,0x00,0x49,0x00,0x49,0x00,0x49,0x00,0x49,0x00,0x49,0x00,0x49,0x00,0x49,0x00,0x49,0x00,0x49,0x00,0x49,
	0x00,0x49,0x00,0x49,0x00,0x49,0x00,0x49,0x00,0x49,0x00,0x49,0x00,0x49,0x00,0x49,0x00,0x49,0x00,0x49,0x00,0x49,0x00,0x49,0x00,0x49,0x00,0x49,0x00,0x49,0x00,0x49,0x00,0x49,0x00,0x49,0x00,0x49,0x00,0x49,0x00,0x49,0xE0,0x40,0xE0,0x40,0xE0,0x40,0xE0,0x40,0xE0,0x40,0xE0,0x40,0xE0,0x40,0x00,0x49,0x00,0x49,0x00,0x49,0x00,0x49,
	0x00,0x49,0x00,0x49,0x00,0x49,0x00,0x49,0x00,0x49,0x00,0x49,0x00,0x49,0x00,0x49,0x00,0x49,0x00,0x49,0x00,0x49,0x00,0x49,0x00,0x49,0x00,0x49,0x00,0x49,0x00,0x49,0x00,0x49,0x00,0x49,0x00,0x49,0x00,0x49,0x00,0x49,0x00,0x49,0x00,0x49,0x00,0x49,0x00,0x49,0x00,0x49,0x00,0x49,0x00,0x49,0x00,0x49,0x00,0x49,0x00,0x49,0x00,0x49,
	0x00,0x49,0x00,0x49,0x00,0x49,0x00,0x49,0x00,0x49,0x00,0x49,0x00,0x49,0x00,0x49,0x00,0x49,0x00,0x49,0x00,0x49,0x00,0x49,0x00,0x49,0x00,0x49,0x00,0x49,0x00,0x49,0x00,0x49,0x00,0x49,0x00,0x49,0x00,0x49,0xE0,0x48,0xE0,0x40,0xE0,0x40,0xE0,0x40,0xE0,0x40,0xE0,0x40,0xE0,0x40,0xE0,0x40,0xE0,0x48,0x00,0x49,0x00,0x49,0x00,0x49,
	0x00,0x49,0x00,0x49,0x00,0x49,0x00,0x49,0x00,0x49,0x00,0x49,0x00,0x49,0x00,0x49,0x00,0x49,0x00,0x49,0x00,0x49,0x00,0x49,0x00,0x49,0x00,0x49,0x00,0x49,0x00,0x49,0x00,0x49,0x00,0x49,0x00,0x49,0x00,0x49,0x00,0x49,0x00,0x49,0x00,0x49,0x00,0x49,0x00,0x49,0x00,0x49,0x00,0x49,0x00,0x49,0x00,0x49,0x00,0x49,0x00,0x49,0x00,0x49,
	0x00,0x49,0x00,0x49,0x00,0x49,0x00,0x49,0x00,0x49,0x00,0x49,0x00,0x49,0x00,0x49,0x00,0x49,0x00,0x49,0x00,0x49,0x00,0x49,0x00,0x49,0x00,0x49,0x00,0x49,0x00,0x49,0xE0,0x38,0x60,0x20,0x00,0x00,0x00,0x00,0x00,0x00,0x00,0x00,0x00,0x00,0x00,0x00,0x20,0x10,0x80,0x28,0xE0,0x40,0x00,0x49,0x00,0x49,0x00,0x49,0x00,0x49,0x00,0x49,
	0x00,0x49,0x00,0x49,0x00,0x49,0x00,0x49,0x00,0x49,0x00,0x49,0x00,0x49,0x00,0x49,0x00,0x49,0x00,0x49,0x00,0x49,0x00,0x49,0x00,0x49,0x00,0x49,0x00,0x49,0x00,0x49,0x00,0x49,0x00,0x49,0x00,0x49,0x00,0x49,0x00,0x49,0x00,0x49,0x00,0x49,0x00,0x49,0x00,0x49,0x00,0x49,0x00,0x49,0x00,0x49,0x00,0x49,0x00,0x49,0x00,0x49,0x00,0x49,
	0x00,0x49,0x00,0x49,0x00,0x49,0x00,0x49,0x00,0x49,0x00,0x49,0x00,0x49,0x00,0x49,0x00,0x49,0x00,0x49,0x00,0x49,0x00,0x49,0x00,0x49,0x00,0x49,0x00,0x49,0x00,0x49,0x00,0x49,0x00,0x49,0x00,0x49,0x00,0x49,0x00,0x49,0x00,0x49,0x00,0x49,0x00,0x49,0x00,0x49,0x00,0x49,0x00,0x49,0x00,0x49,0x00,0x49,0x00,0x49,0x00,0x49,0x00,0x49,
	0x00,0x49,0x00,0x49,0x00,0x49,0x00,0x49,0x00,0x49,0x00,0x49,0x00,0x49,0x00,0x49,0x00,0x49,0x00,0x49,0x00,0x49,0x00,0x49,0x00,0x49,0x00,0x49,0x00,0x49,0x00,0x49,0x00,0x49,0x00,0x49,0x00,0x49,0x00,0x49,0x00,0x49,0x00,0x49,0x00,0x49,0x00,0x49,0x00,0x49,0x00,0x49,0x00,0x49,0x00,0x49,0x00,0x49,0x00,0x49,0x00,0x49,0x00,0x49,
	0x00,0x49,0x00,0x49,0x00,0x49,0x00,0x49,0x00,0x49,0x00,0x49,0x00,0x49,0x00,0x49,0x00,0x49,0x00,0x49,0x00,0x49,0x00,0x49,0x00,0x49,0x00,0x49,0x00,0x49,0x00,0x49,0x00,0x49,0x00,0x49,0x00,0x49,0x00,0x49,0x00,0x49,0x00,0x49,0x00,0x49,0x00,0x49,0x00,0x49,0x00,0x49,0x00,0x49,0x00,0x49,0x00,0x49,0x00,0x49,0x00,0x49,0x00,0x49,
	0x00,0x49,0x00,0x49,0x00,0x49,0x00,0x49,0x00,0x49,0x00,0x49,0x00,0x49,0x00,0x49,0x00,0x49,0x00,0x49,0x00,0x49,0x00,0x49,0x00,0x49,0x00,0x49,0x00,0x49,0x00,0x49,0x00,0x49,0x00,0x49,0x00,0x49,0x00,0x49,0x00,0x49,0x00,0x49,0x00,0x49,0x00,0x49,0x00,0x49,0x00,0x49,0x00,0x49,0x00,0x49,0x00,0x49,0x00,0x49,0x00,0x49,0x00,0x49,
	0x00,0x49,0x00,0x49,0x00,0x49,0x00,0x49,0x00,0x49,0x00,0x49,0x00,0x49,0x00,0x49,0x00,0x49,0x00,0x49,0x00,0x49,0x00,0x49,0x00,0x49,0x00,0x49,0x00,0x49,0x00,0x49,0x00,0x49,0x00,0x49,0x00,0x49,0x00,0x49,0x00,0x49,0x00,0x49,0x00,0x49,0x00,0x49,0x00,0x49,0x00,0x49,0x00,0x49,0x00,0x49,0x00,0x49,0x00,0x49,0x00,0x49,0x00,0x49,
	0x00,0x49,0x00,0x49,0x00,0x49,0x00,0x49,0x00,0x49,0x00,0x49,0x00,0x49,0x00,0x49,0x00,0x49,0x00,0x49,0x00,0x49,0x00,0x49,0x00,0x49,0x00,0x49,0x00,0x49,0x00,0x49,0x00,0x49,0x00,0x49,0x00,0x49,0x00,0x49,0x00,0x49,0x00,0x49,0x00,0x49,0x00,0x49,0x00,0x49,0x00,0x49,0x00,0x49,0x00,0x49,0x00,0x49,0x00,0x49,0x00,0x49,0x00,0x49,
	0x00,0x49,0x00,0x49,0x00,0x49,0x00,0x49,0x00,0x49,0x00,0x49,0x00,0x49,0x00,0x49,0x00,0x49,0x00,0x49,0x00,0x49,0x00,0x49,0x00,0x49,0x00,0x49,0x00,0x49,0x00,0x49,0x00,0x49,0x00,0x49,0x00,0x49,0x00,0x49,0x00,0x49,0x00,0x49,0x00,0x49,0x00,0x49,0x00,0x49,0x00,0x49,0x00,0x49,0x00,0x49,0x00,0x49,0x00,0x49,0x00,0x49,0x00,0x49,
	0x00,0x49,0x00,0x49,0x00,0x49,0x00,0x49,0x00,0x49,0x00,0x49,0x00,0x49,0x00,0x49,0x00,0x49,0x00,0x49,0x00,0x49,0x00,0x49,0x00,0x49,0x00,0x49,0x00,0x49,0x00,0x49,0x00,0x49,0x00,0x49,0x00,0x49,0x00,0x49,0x00,0x49,0x00,0x49,0x00,0x49,0x00,0x49,0x00,0x49,0x00,0x49,0x00,0x49,0x00,0x49,0x00,0x49,0x00,0x49,0x00,0x49,0x00,0x49,
	0x00,0x49,0x00,0x49,0x00,0x49,0x00,0x49,0x00,0x49,0x00,0x49,0x00,0x49,0x00,0x49,0x00,0x49,0x00,0x49,0x00,0x49,0x00,0x49,0x00,0x49,0x00,0x49,0x00,0x49,0x00,0x49,0x00,0x49,0x00,0x49,0x00,0x49,0x00,0x49,0x00,0x49,0x00,0x49,0x00,0x49,0x00,0x49,0x00,0x49,0x00,0x49,0x00,0x49,0x00,0x49,0x00,0x49,0x00,0x49,0x00,0x49,0x00,0x49,
	0x00,0x49,0x00,0x49,0x00,0x49,0x00,0x49,0x00,0x49,0x00,0x49,0x00,0x49,0x00,0x49,0x00,0x49,0x00,0x49,0x00,0x49,0x00,0x49,0x00,0x49,0x00,0x49,0x00,0x49,0x00,0x49,0x00,0x49,0x00,0x49,0x00,0x49,0x00,0x49,0x00,0x49,0x00,0x49,0x00,0x49,0x00,0x49,0x00,0x49,0x00,0x49,0x00,0x49,0x00,0x49,0x00,0x49,0x00,0x49,0x00,0x49,0x00,0x49,
	0x00,0x49,0x00,0x49,0x00,0x49,0x00,0x49,0xE0,0x40,0x80,0x28,0x20,0x10,0x00,0x00,0x00,0x00,0x00,0x00,0x00,0x00,0x00,0x00,0x00,0x00,0x00,0x00,0x20,0x10,0xC0,0x38,0x00,0x49,0x00,0x49,0x00,0x49,0x00,0x49,0x00,0x49,0x00,0x49,0x00,0x49,0x00,0x49,0x00,0x49,0x00,0x49,0x00,0x49,0x00,0x49,0x00,0x49,0x00,0x49,0x00,0x49,0x00,0x49,
	0x00,0x49,0x00,0x49,0x00,0x49,0x00,0x49,0x00,0x49,0x00,0x49,0x00,0x49,0x00,0x49,0x00,0x49,0x00,0x49,0x00,0x49,0x00,0x49,0x00,0x49,0x00,0x49,0x00,0x49,0x00,0x49,0x00,0x49,0x00,0x49,0x00,0x49,0x00,0x49,0x00,0x49,0x00,0x49,0x00,0x49,0x00,0x49,0x00,0x49,0x00,0x49,0x00,0x49,0x00,0x49,0x00,0x49,0x00,0x49,0x00,0x49,0x00,0x49,
	0x00,0x49,0x00,0x49,0x00,0x49,0x00,0x49,0x00,0x49,0x00,0x49,0x00,0x49,0x00,0x49,0x00,0x49,0x00,0x49,0x00,0x49,0x00,0x49,0x00,0x49,0x00,0x49,0x00,0x49,0x00,0x49,0x00,0x49,0x00,0x49,0x00,0x49,0x00,0x49,0x00,0x49,0x00,0x49,0x00,0x49,0x00,0x49,0x00,0x49,0x00,0x49,0x00,0x49,0x00,0x49,0x00,0x49,0x00,0x49,0x00,0x49,0x00,0x49,
	0x00,0x49,0x00,0x49,0x00,0x49,0x00,0x49,0x00,0x49,0x00,0x49,0x00,0x49,0x00,0x49,0x00,0x49,0x00,0x49,0x00,0x49,0x00,0x49,0x00,0x49,0x00,0x49,0x00,0x49,0x00,0x49,0x00,0x49,0x00,0x49,0x00,0x49,0x00,0x49,0x00,0x49,0x00,0x49,0x00,0x49,0x00,0x49,0x00,0x49,0x00,0x49,0x00,0x49,0x00,0x49,0x00,0x49,0x00,0x49,0x00,0x49,0x00,0x49,
	0x00,0x49,0x00,0x49,0x00,0x49,0x00,0x49,0x00,0x49,0x00,0x49,0x00,0x49,0x00,0x49,0x00,0x49,0x00,0x49,0x00,0x49,0x00,0x49,0x00,0x49,0x00,0x49,0x00,0x49,0x00,0x49,0x00,0x49,0x00,0x49,0x00,0x49,0x00,0x49,0x00,0x49,0x00,0x49,0x00,0x49,0x00,0x49,0x00,0x49,0x00,0x49,0x00,0x49,0x00,0x49,0x00,0x49,0x00,0x49,0x00,0x49,0x00,0x49,
	0x00,0x49,0x00,0x49,0x00,0x49,0x00,0x49,0x00,0x49,0x00,0x49,0x00,0x49,0x00,0x49,0x00,0x49,0x00,0x49,0x00,0x49,0x00,0x49,0x00,0x49,0x00,0x49,0x00,0x49,0x00,0x49,0x00,0x49,0x00,0x49,0x00,0x49,0x00,0x49,0x00,0x49,0x00,0x49,0x00,0x49,0x00,0x49,0x00,0x49,0x00,0x49,0x00,0x49,0x00,0x49,0x00,0x49,0x00,0x49,0x00,0x49,0x00,0x49,
	0x00,0x49,0x00,0x49,0x00,0x49,0x00,0x49,0x00,0x49,0x00,0x49,0x00,0x49,0x00,0x49,0x00,0x49,0x00,0x49,0x00,0x49,0x00,0x49,0x00,0x49,0x00,0x49,0x00,0x49,0x00,0x49,0x00,0x49,0x00,0x49,0x00,0x49,0x00,0x49,0x00,0x49,0x00,0x49,0x00,0x49,0x00,0x49,0x00,0x49,0x00,0x49,0x00,0x49,0x00,0x49,0x00,0x49,0x00,0x49,0x00,0x49,0x00,0x49,
	0x00,0x49,0x00,0x49,0x00,0x49,0x00,0x49,0x00,0x49,0x00,0x49,0x00,0x49,0x00,0x49,0x00,0x49,0x00,0x49,0x00,0x49,0x00,0x49,0x00,0x49,0x00,0x49,0x00,0x49,0x00,0x49,0x00,0x49,0x00,0x49,0x00,0x49,0x00,0x49,0x00,0x49,0x00,0x49,0x00,0x49,0x00,0x49,0x00,0x49,0x00,0x49,0x00,0x49,0x00,0x49,0x00,0x49,0x00,0x49,0x00,0x49,0x00,0x49,
	0x00,0x49,0x00,0x49,0x00,0x49,0x00,0x49,0x00,0x49,0x00,0x49,0x00,0x49,0x00,0x49,0x00,0x49,0x00,0x49,0x00,0x49,0x00,0x49,0x00,0x49,0x00,0x49,0x00,0x49,0x00,0x49,0x00,0x49,0x00,0x49,0x00,0x49,0x00,0x49,0x00,0x49,0x00,0x49,0x00,0x49,0x00,0x49,0x00,0x49,0x00,0x49,0x00,0x49,0x00,0x49,0x00,0x49,0x00,0x49,0x00,0x49,0x00,0x49,
	0x00,0x49,0x00,0x49,0x00,0x49,0x00,0x49,0x00,0x49,0x00,0x49,0x00,0x49,0x00,0x49,0x00,0x49,0x00,0x49,0x00,0x49,0x00,0x49,0x00,0x49,0x00,0x49,0x00,0x49,0x00,0x49,0x00,0x49,0x00,0x49,0x00,0x49,0x00,0x49,0x00,0x49,0x00,0x49,0x00,0x49,0x00,0x49,0x00,0x49,0x00,0x49,0x00,0x49,0x00,0x49,0x00,0x49,0x00,0x49,0x00,0x49,0x00,0x49,
	0x00,0x49,0x00,0x49,0x00,0x49,0x00,0x49,0x00,0x49,0x00,0x49,0x00,0x49,0x00,0x49,0x00,0x49,0x00,0x49,0x00,0x49,0x00,0x49,0x00,0x49,0x00,0x49,0x00,0x49,0x00,0x49,0x00,0x49,0x00,0x49,0x00,0x49,0x00,0x49,0x00,0x49,0x00,0x49,0x00,0x49,0x00,0x49,0x00,0x49,0x00,0x49,0x00,0x49,0x00,0x49,0x00,0x49,0x00,0x49,0x00,0x49,0x00,0x49,
	0x00,0x49,0x00,0x49,0x00,0x49,0x00,0x49,0x00,0x49,0x00,0x49,0x00,0x49,0x00,0x49,0x00,0x49,0x00,0x49,0x00,0x49,0x00,0x49,0x00,0x49,0x00,0x49,0x00,0x49,0x00,0x49,0x00,0x49,0x00,0x49,0x00,0x49,0x00,0x49,0x00,0x49,0x00,0x49,0x00,0x49,0x00,0x49,0x00,0x49,0xC0,0x38,0x20,0x10,0x00,0x00,0x00,0x00,0x00,0x00,0x00,0x00,0x00,0x00,
	0x00,0x00,0x00,0x00,0x00,0x00,0x00,0x00,0x80,0x28,0xE0,0x40,0x00,0x49,0x00,0x49,0x00,0x49,0x00,0x49,0x00,0x49,0x00,0x49,0x00,0x49,0x00,0x49,0x00,0x49,0x00,0x49,0x00,0x49,0x00,0x49,0x00,0x49,0x00,0x49,0x00,0x49,0x00,0x49,0x00,0x49,0x00,0x49,0x00,0x49,0x00,0x49,0x00,0x49,0x00,0x49,0x00,0x49,0x00,0x49,0x00,0x49,0x00,0x49,
	0x00,0x49,0x00,0x49,0x00,0x49,0x00,0x49,0x00,0x49,0x00,0x49,0x00,0x49,0x00,0x49,0x00,0x49,0x00,0x49,0x00,0x49,0x00,0x49,0x00,0x49,0x00,0x49,0x00,0x49,0x00,0x49,0x00,0x49,0x00,0x49,0x00,0x49,0x00,0x49,0x00,0x49,0x00,0x49,0x00,0x49,0x00,0x49,0x00,0x49,0x00,0x49,0x00,0x49,0x00,0x49,0x00,0x49,0x00,0x49,0x00,0x49,0x00,0x49,
	0x00,0x49,0x00,0x49,0x00,0x49,0x00,0x49,0x00,0x49,0x00,0x49,0x00,0x49,0x00,0x49,0x00,0x49,0x00,0x49,0x00,0x49,0x00,0x49,0x00,0x49,0x00,0x49,0x00,0x49,0x00,0x49,0x00,0x49,0x00,0x49,0x00,0x49,0x00,0x49,0x00,0x49,0x00,0x49,0x00,0x49,0x00,0x49,0x00,0x49,0x00,0x49,0x00,0x49,0x00,0x49,0x00,0x49,0x00,0x49,0x00,0x49,0x00,0x49,
	0x00,0x49,0x00,0x49,0x00,0x49,0x00,0x49,0x00,0x49,0x00,0x49,0x00,0x49,0x00,0x49,0x00,0x49,0x00,0x49,0x00,0x49,0x00,0x49,0x00,0x49,0x00,0x49,0x00,0x49,0x00,0x49,0x00,0x49,0x00,0x49,0x00,0x49,0x00,0x49,0x00,0x49,0x00,0x49,0x00,0x49,0x00,0x49,0x00,0x49,0x00,0x49,0x00,0x49,0x00,0x49,0x00,0x49,0x00,0x49,0x00,0x49,0x00,0x49,
	0x00,0x49,0x00,0x49,0x00,0x49,0x00,0x49,0x00,0x49,0x00,0x49,0x00,0x49,0x00,0x49,0x00,0x49,0x00,0x49,0x00,0x49,0x00,0x49,0x00,0x49,0x00,0x49,0x00,0x49,0x00,0x49,0x00,0x49,0x00,0x49,0x00,0x49,0x00,0x49,0x00,0x49,0x00,0x49,0x00,0x49,0x00,0x49,0x00,0x49,0x00,0x49,0x00,0x49,0x00,0x49,0x00,0x49,0x00,0x49,0x00,0x49,0x00,0x49,
	0x00,0x49,0x00,0x49,0x00,0x49,0x00,0x49,0x00,0x49,0x00,0x49,0x00,0x49,0x00,0x49,0x00,0x49,0x00,0x49,0x00,0x49,0x00,0x49,0x00,0x49,0x00,0x49,0x00,0x49,0x00,0x49,0x00,0x49,0x00,0x49,0x00,0x49,0x00,0x49,0x00,0x49,0x00,0x49,0x00,0x49,0x00,0x49,0x00,0x49,0x00,0x49,0x00,0x49,0x00,0x49,0x00,0x49,0x00,0x49,0x00,0x49,0x00,0x49,
	0x00,0x49,0x00,0x49,0x00,0x49,0x00,0x49,0x00,0x49,0x00,0x49,0x00,0x49,0x00,0x49,0x00,0x49,0x00,0x49,0x00,0x49,0x00,0x49,0x00,0x49,0x00,0x49,0x00,0x49,0x00,0x49,0x00,0x49,0x00,0x49,0x00,0x49,0x00,0x49,0x00,0x49,0x00,0x49,0x00,0x49,0x00,0x49,0x00,0x49,0x00,0x49,0x00,0x49,0x00,0x49,0x00,0x49,0x00,0x49,0x00,0x49,0x00,0x49,
	0x00,0x49,0x00,0x49,0x00,0x49,0x00,0x49,0x00,0x49,0x00,0x49,0x00,0x49,0x00,0x49,0x00,0x49,0x00,0x49,0x00,0x49,0x00,0x49,0x00,0x49,0x00,0x49,0x00,0x49,0x00,0x49,0x00,0x49,0x00,0x49,0x00,0x49,0x00,0x49,0x00,0x49,0x00,0x49,0x00,0x49,0x00,0x49,0x00,0x49,0x00,0x49,0x00,0x49,0x00,0x49,0x00,0x49,0x00,0x49,0x00,0x49,0x00,0x49,
	0x00,0x49,0x00,0x49,0x00,0x49,0x00,0x49,0x00,0x49,0x00,0x49,0x00,0x49,0x00,0x49,0x00,0x49,0x00,0x49,0x00,0x49,0x00,0x49,0x00,0x49,0x00,0x49,0x00,0x49,0x00,0x49,0x00,0x49,0x00,0x49,0x00,0x49,0x00,0x49,0x00,0x49,0x00,0x49,0x00,0x49,0x00,0x49,0x00,0x49,0x00,0x49,0x00,0x49,0x00,0x49,0x00,0x49,0x00,0x49,0x00,0x49,0x00,0x49,
	0x00,0x49,0x00,0x49,0x00,0x49,0x00,0x49,0x00,0x49,0x00,0x49,0x00,0x49,0x00,0x49,0x00,0x49,0x00,0x49,0x00,0x49,0x00,0x49,0x00,0x49,0x00,0x49,0x00,0x49,0x00,0x49,0x00,0x49,0x00,0x49,0x00,0x49,0x00,0x49,0x00,0x49,0x00,0x49,0x00,0x49,0x00,0x49,0x00,0x49,0x00,0x49,0x00,0x49,0x00,0x49,0x00,0x49,0x00,0x49,0x00,0x49,0x00,0x49,
	0x00,0x49,0x00,0x49,0x00,0x49,0x00,0x49,0x00,0x49,0x00,0x49,0x00,0x49,0x00,0x49,0x00,0x49,0x00,0x49,0x00,0x49,0x00,0x49,0x00,0x49,0x00,0x49,0x00,0x49,0x00,0x49,0x00,0x49,0x00,0x49,0x00,0x49,0x00,0x49,0x00,0x49,0x00,0x49,0x00,0x49,0x00,0x49,0x00,0x49,0x00,0x49,0x00,0x49,0x00,0x49,0x00,0x49,0x00,0x49,0x00,0x49,0x00,0x49,
	0x00,0x49,0x00,0x49,0x00,0x49,0x00,0x49,0x00,0x49,0x00,0x49,0x00,0x49,0x00,0x49,0x00,0x49,0x00,0x49,0x00,0x49,0x00,0x49,0x00,0x49,0xE0,0x40,0x80,0x28,0x00,0x00,0x00,0x00,0x00,0x00,0x00,0x00,0x00,0x00,0x00,0x00,0x00,0x00,0x00,0x00,0x00,0x00,0x00,0x00,0x20,0x08,0x80,0x28,0x00,0x49,0x00,0x49,0x00,0x49,0x00,0x49,0x00,0x49,
	0x00,0x49,0x00,0x49,0x00,0x49,0x00,0x49,0x00,0x49,0x00,0x49,0x00,0x49,0x00,0x49,0x00,0x49,0x00,0x49,0x00,0x49,0x00,0x49,0x00,0x49,0x00,0x49,0x00,0x49,0x00,0x49,0x00,0x49,0x00,0x49,0x00,0x49,0x00,0x49,0x00,0x49,0x00,0x49,0x00,0x49,0x00,0x49,0x00,0x49,0x00,0x49,0x00,0x49,0x00,0x49,0x00,0x49,0x00,0x49,0x00,0x49,0x00,0x49,
	0x00,0x49,0x00,0x49,0x00,0x49,0x00,0x49,0x00,0x49,0x00,0x49,0x00,0x49,0x00,0x49,0x00,0x49,0x00,0x49,0x00,0x49,0x00,0x49,0x00,0x49,0x00,0x49,0x00,0x49,0x00,0x49,0x00,0x49,0x00,0x49,0x00,0x49,0x00,0x49,0x00,0x49,0x00,0x49,0x00,0x49,0x00,0x49,0x00,0x49,0x00,0x49,0x00,0x49,0x00,0x49,0x00,0x49,0x00,0x49,0x00,0x49,0x00,0x49,
	0x00,0x49,0x00,0x49,0x00,0x49,0x00,0x49,0x00,0x49,0x00,0x49,0x00,0x49,0x00,0x49,0x00,0x49,0x00,0x49,0x00,0x49,0x00,0x49,0x00,0x49,0x00,0x49,0x00,0x49,0x00,0x49,0x00,0x49,0x00,0x49,0x00,0x49,0x00,0x49,0x00,0x49,0x00,0x49,0x00,0x49,0x00,0x49,0x00,0x49,0x00,0x49,0x00,0x49,0x00,0x49,0x00,0x49,0x00,0x49,0x00,0x49,0x00,0x49,
	0x00,0x49,0x00,0x49,0x00,0x49,0x00,0x49,0x00,0x49,0x00,0x49,0x00,0x49,0x00,0x49,0x00,0x49,0x00,0x49,0x00,0x49,0x00,0x49,0x00,0x49,0x00,0x49,0x00,0x49,0x00,0x49,0x00,0x49,0x00,0x49,0x00,0x49,0x00,0x49,0x00,0x49,0x00,0x49,0x00,0x49,0x00,0x49,0x00,0x49,0x00,0x49,0x00,0x49,0x00,0x49,0x00,0x49,0x00,0x49,0x00,0x49,0x00,0x49,
	0x00,0x49,0x00,0x49,0x00,0x49,0x00,0x49,0x00,0x49,0x00,0x49,0x00,0x49,0x00,0x49,0x00,0x49,0x00,0x49,0x00,0x49,0x00,0x49,0x00,0x49,0x00,0x49,0x00,0x49,0x00,0x49,0x00,0x49,0x00,0x49,0x00,0x49,0x00,0x49,0x00,0x49,0x00,0x49,0x00,0x49,0x00,0x49,0x00,0x49,0x00,0x49,0x00,0x49,0x00,0x49,0x00,0x49,0x00,0x49,0x00,0x49,0x00,0x49,
	0x00,0x49,0x00,0x49,0x00,0x49,0x00,0x49,0x00,0x49,0x00,0x49,0x00,0x49,0x00,0x49,0x00,0x49,0x00,0x49,0x00,0x49,0x00,0x49,0x00,0x49,0x00,0x49,0x00,0x49,0x00,0x49,0x00,0x49,0x00,0x49,0x00,0x49,0x00,0x49,0x00,0x49,0x00,0x49,0x00,0x49,0x00,0x49,0x00,0x49,0x00,0x49,0x00,0x49,0x00,0x49,0x00,0x49,0x00,0x49,0x00,0x49,0x00,0x49,
	0x00,0x49,0x00,0x49,0x00,0x49,0x00,0x49,0x00,0x49,0x00,0x49,0x00,0x49,0x00,0x49,0x00,0x49,0x00,0x49,0x00,0x49,0x00,0x49,0x00,0x49,0x00,0x49,0x00,0x49,0x00,0x49,0x00,0x49,0x00,0x49,0x00,0x49,0x00,0x49,0x00,0x49,0x00,0x49,0x00,0x49,0x00,0x49,0x00,0x49,0x00,0x49,0x00,0x49,0x00,0x49,0x00,0x49,0x00,0x49,0x00,0x49,0x00,0x49,
	0x00,0x49,0x00,0x49,0x00,0x49,0x00,0x49,0x00,0x49,0x00,0x49,0x00,0x49,0x00,0x49,0x00,0x49,0x00,0x49,0x00,0x49,0x00,0x49,0x00,0x49,0x00,0x49,0x00,0x49,0x00,0x49,0x00,0x49,0x00,0x49,0x00,0x49,0x00,0x49,0x00,0x49,0x00,0x49,0x00,0x49,0x00,0x49,0x00,0x49,0x00,0x49,0x00,0x49,0x00,0x49,0x00,0x49,0x00,0x49,0x00,0x49,0x00,0x49,
	0x00,0x49,0x00,0x49,0x00,0x49,0x00,0x49,0x00,0x49,0x00,0x49,0x00,0x49,0x00,0x49,0x00,0x49,0x00,0x49,0x00,0x49,0x00,0x49,0x00,0x49,0x00,0x49,0x00,0x49,0x00,0x49,0x00,0x49,0x00,0x49,0x00,0x49,0x00,0x49,0x00,0x49,0x00,0x49,0x00,0x49,0x00,0x49,0x00,0x49,0x00,0x49,0x00,0x49,0x00,0x49,0x00,0x49,0x00,0x49,0x00,0x49,0x00,0x49,
	0x00,0x49,0x00,0x49,0x00,0x49,0x00,0x49,0x00,0x49,0x00,0x49,0x00,0x49,0x00,0x49,0x00,0x49,0x00,0x49,0x00,0x49,0x00,0x49,0x00,0x49,0x00,0x49,0x00,0x49,0x00,0x49,0x00,0x49,0x00,0x49,0x00,0x49,0x00,0x49,0x00,0x49,0x00,0x49,0x00,0x49,0x00,0x49,0x00,0x49,0x00,0x49,0x00,0x49,0x00,0x49,0x00,0x49,0x00,0x49,0x00,0x49,0x00,0x49,
	0x00,0x49,0x00,0x49,0x00,0x49,0x00,0x49,0x00,0x49,0x00,0x49,0x00,0x49,0x00,0x49,0x00,0x49,0x00,0x49,0x00,0x49,0x00,0x49,0x00,0x49,0x00,0x49,0x00,0x49,0x00,0x49,0x00,0x49,0x00,0x49,0x00,0x49,0x00,0x49,0x00,0x49,0x00,0x49,0x00,0x49,0x00,0x49,0x00,0x49,0x00,0x49,0x00,0x49,0x00,0x49,0x00,0x49,0x00,0x49,0x00,0x49,0x00,0x49,
	0x00,0x49,0x00,0x49,0x80,0x28,0x20,0x08,0x00,0x00,0x00,0x00,0x00,0x00,0x00,0x00,0x00,0x00,0x00,0x00,0x00,0x00,0x00,0x00,0x00,0x00,0x00,0x00,0x00,0x00,0x40,0x18,0xC0,0x30,0xE0,0x40,0x00,0x49,0x00,0x49,0x00,0x49,0x00,0x49,0x00,0x49,0x00,0x49,0x00,0x49,0x00,0x49,0x00,0x49,0x00,0x49,0x00,0x49,0x00,0x49,0x00,0x49,0x00,0x49,
	0x00,0x49,0x00,0x49,0x00,0x49,0x00,0x49,0x00,0x49,0x00,0x49,0x00,0x49,0x00,0x49,0x00,0x49,0x00,0x49,0x00,0x49,0x00,0x49,0x00,0x49,0x00,0x49,0x00,0x49,0x00,0x49,0x00,0x49,0x00,0x49,0x00,0x49,0x00,0x49,0x00,0x49,0x00,0x49,0x00,0x49,0x00,0x49,0x00,0x49,0x00,0x49,0x00,0x49,0x00,0x49,0x00,0x49,0x00,0x49,0x00,0x49,0x00,0x49,
	0x00,0x49,0x00,0x49,0x00,0x49,0x00,0x49,0x00,0x49,0x00,0x49,0x00,0x49,0x00,0x49,0x00,0x49,0x00,0x49,0x00,0x49,0x00,0x49,0x00,0x49,0x00,0x49,0x00,0x49,0x00,0x49,0x00,0x49,0x00,0x49,0x00,0x49,0x00,0x49,0x00,0x49,0x00,0x49,0x00,0x49,0x00,0x49,0x00,0x49,0x00,0x49,0x00,0x49,0x00,0x49,0x00,0x49,0x00,0x49,0x00,0x49,0x00,0x49,
	0x00,0x49,0x00,0x49,0x00,0x49,0x00,0x49,0x00,0x49,0x00,0x49,0x00,0x49,0x00,0x49,0x00,0x49,0x00,0x49,0x00,0x49,0x00,0x49,0x00,0x49,0x00,0x49,0x00,0x49,0x00,0x49,0x00,0x49,0x00,0x49,0x00,0x49,0x00,0x49,0x00,0x49,0x00,0x49,0x00,0x49,0x00,0x49,0x00,0x49,0x00,0x49,0x00,0x49,0x00,0x49,0x00,0x49,0x00,0x49,0x00,0x49,0x00,0x49,
	0x00,0x49,0x00,0x49,0x00,0x49,0x00,0x49,0x00,0x49,0x00,0x49,0x00,0x49,0x00,0x49,0x00,0x49,0x00,0x49,0x00,0x49,0x00,0x49,0x00,0x49,0x00,0x49,0x00,0x49,0x00,0x49,0x00,0x49,0x00,0x49,0x00,0x49,0x00,0x49,0x00,0x49,0x00,0x49,0x00,0x49,0x00,0x49,0x00,0x49,0x00,0x49,0x00,0x49,0x00,0x49,0x00,0x49,0x00,0x49,0x00,0x49,0x00,0x49,
	0x00,0x49,0x00,0x49,0x00,0x49,0x00,0x49,0x00,0x49,0x00,0x49,0x00,0x49,0x00,0x49,0x00,0x49,0x00,0x49,0x00,0x49,0x00,0x49,0x00,0x49,0x00,0x49,0x00,0x49,0x00,0x49,0x00,0x49,0x00,0x49,0x00,0x49,0x00,0x49,0x00,0x49,0x00,0x49,0x00,0x49,0x00,0x49,0x00,0x49,0x00,0x49,0x00,0x49,0x00,0x49,0x00,0x49,0x00,0x49,0x00,0x49,0x00,0x49,
	0x00,0x49,0x00,0x49,0x00,0x49,0x00,0x49,0x00,0x49,0x00,0x49,0x00,0x49,0x00,0x49,0x00,0x49,0x00,0x49,0x00,0x49,0x00,0x49,0x00,0x49,0x00,0x49,0x00,0x49,0x00,0x49,0x00,0x49,0x00,0x49,0x00,0x49,0x00,0x49,0x00,0x49,0x00,0x49,0x00,0x49,0x00,0x49,0x00,0x49,0x00,0x49,0x00,0x49,0x00,0x49,0x00,0x49,0x00,0x49,0x00,0x49,0x00,0x49,
	0x00,0x49,0x00,0x49,0x00,0x49,0x00,0x49,0x00,0x49,0x00,0x49,0x00,0x49,0x00,0x49,0x00,0x49,0x00,0x49,0x00,0x49,0x00,0x49,0x00,0x49,0x00,0x49,0x00,0x49,0x00,0x49,0x00,0x49,0x00,0x49,0x00,0x49,0x00,0x49,0x00,0x49,0x00,0x49,0x00,0x49,0x00,0x49,0x00,0x49,0x00,0x49,0x00,0x49,0x00,0x49,0x00,0x49,0x00,0x49,0x00,0x49,0x00,0x49,
	0x00,0x49,0x00,0x49,0x00,0x49,0x00,0x49,0x00,0x49,0x00,0x49,0x00,0x49,0x00,0x49,0x00,0x49,0x00,0x49,0x00,0x49,0x00,0x49,0x00,0x49,0x00,0x49,0x00,0x49,0x00,0x49,0x00,0x49,0x00,0x49,0x00,0x49,0x00,0x49,0x00,0x49,0x00,0x49,0x00,0x49,0x00,0x49,0x00,0x49,0x00,0x49,0x00,0x49,0x00,0x49,0x00,0x49,0x00,0x49,0x00,0x49,0x00,0x49,
	0x00,0x49,0x00,0x49,0x00,0x49,0x00,0x49,0x00,0x49,0x00,0x49,0x00,0x49,0x00,0x49,0x00,0x49,0x00,0x49,0x00,0x49,0x00,0x49,0x00,0x49,0x00,0x49,0x00,0x49,0x00,0x49,0x00,0x49,0x00,0x49,0x00,0x49,0x00,0x49,0x00,0x49,0x00,0x49,0x00,0x49,0x00,0x49,0x00,0x49,0x00,0x49,0x00,0x49,0x00,0x49,0x00,0x49,0x00,0x49,0x00,0x49,0x00,0x49,
	0x00,0x49,0x00,0x49,0x00,0x49,0x00,0x49,0x00,0x49,0x00,0x49,0x00,0x49,0x00,0x49,0x00,0x49,0x00,0x49,0x00,0x49,0x00,0x49,0x00,0x49,0x00,0x49,0x00,0x49,0x00,0x49,0x00,0x49,0x00,0x49,0x00,0x49,0x00,0x49,0x00,0x49,0x00,0x49,0x00,0x49,0x00,0x49,0x00,0x49,0x00,0x49,0x00,0x49,0x00,0x49,0x00,0x49,0x00,0x49,0x00,0x49,0x00,0x49,
	0x00,0x49,0x00,0x49,0x00,0x49,0x00,0x49,0x00,0x49,0x00,0x49,0x00,0x49,0x00,0x49,0x00,0x49,0x00,0x49,0x00,0x49,0x00,0x49,0x00,0x49,0x00,0x49,0x00,0x49,0x00,0x49,0x00,0x49,0x00,0x49,0x00,0x49,0x00,0x49,0x00,0x49,0xE0,0x40,0xC0,0x30,0x40,0x18,0x00,0x00,0x00,0x00,0x00,0x00,0x00,0x00,0x00,0x00,0x00,0x00,0x00,0x00,0x00,0x00,
	0x00,0x00,0x00,0x00,0x00,0x00,0x00,0x00,0x00,0x08,0x60,0x18,0xC0,0x38,0xE0,0x48,0x00,0x49,0x00,0x49,0x00,0x49,0x00,0x49,0x00,0x49,0x00,0x49,0x00,0x49,0x00,0x49,0x00,0x49,0x00,0x49,0x00,0x49,0x00,0x49,0x00,0x49,0x00,0x49,0x00,0x49,0x00,0x49,0x00,0x49,0x00,0x49,0x00,0x49,0x00,0x49,0x00,0x49,0x00,0x49,0x00,0x49,0x00,0x49,
	0x00,0x49,0x00,0x49,0x00,0x49,0x00,0x49,0x00,0x49,0x00,0x49,0x00,0x49,0x00,0x49,0x00,0x49,0x00,0x49,0x00,0x49,0x00,0x49,0x00,0x49,0x00,0x49,0x00,0x49,0x00,0x49,0x00,0x49,0x00,0x49,0x00,0x49,0x00,0x49,0x00,0x49,0x00,0x49,0x00,0x49,0x00,0x49,0x00,0x49,0x00,0x49,0x00,0x49,0x00,0x49,0x00,0x49,0x00,0x49,0x00,0x49,0x00,0x49,
	0x00,0x49,0x00,0x49,0x00,0x49,0x00,0x49,0x00,0x49,0x00,0x49,0x00,0x49,0x00,0x49,0x00,0x49,0x00,0x49,0x00,0x49,0x00,0x49,0x00,0x49,0x00,0x49,0x00,0x49,0x00,0x49,0x00,0x49,0x00,0x49,0x00,0x49,0x00,0x49,0x00,0x49,0x00,0x49,0x00,0x49,0x00,0x49,0x00,0x49,0x00,0x49,0x00,0x49,0x00,0x49,0x00,0x49,0x00,0x49,0x00,0x49,0x00,0x49,
	0x00,0x49,0x00,0x49,0x00,0x49,0x00,0x49,0x00,0x49,0x00,0x49,0x00,0x49,0x00,0x49,0x00,0x49,0x00,0x49,0x00,0x49,0x00,0x49,0x00,0x49,0x00,0x49,0x00,0x49,0x00,0x49,0x00,0x49,0x00,0x49,0x00,0x49,0x00,0x49,0x00,0x49,0x00,0x49,0x00,0x49,0x00,0x49,0x00,0x49,0x00,0x49,0x00,0x49,0x00,0x49,0x00,0x49,0x00,0x49,0x00,0x49,0x00,0x49,
	0x00,0x49,0x00,0x49,0x00,0x49,0x00,0x49,0x00,0x49,0x00,0x49,0x00,0x49,0x00,0x49,0x00,0x49,0x00,0x49,0x00,0x49,0x00,0x49,0x00,0x49,0x00,0x49,0x00,0x49,0x00,0x49,0x00,0x49,0x00,0x49,0x00,0x49,0x00,0x49,0x00,0x49,0x00,0x49,0x00,0x49,0x00,0x49,0x00,0x49,0x00,0x49,0x00,0x49,0x00,0x49,0x00,0x49,0x00,0x49,0x00,0x49,0x00,0x49,
	0x00,0x49,0x00,0x49,0x00,0x49,0x00,0x49,0x00,0x49,0x00,0x49,0x00,0x49,0x00,0x49,0x00,0x49,0x00,0x49,0x00,0x49,0x00,0x49,0x00,0x49,0x00,0x49,0x00,0x49,0x00,0x49,0x00,0x49,0x00,0x49,0x00,0x49,0x00,0x49,0x00,0x49,0x00,0x49,0x00,0x49,0x00,0x49,0x00,0x49,0x00,0x49,0x00,0x49,0x00,0x49,0x00,0x49,0x00,0x49,0x00,0x49,0x00,0x49,
	0x00,0x49,0x00,0x49,0x00,0x49,0x00,0x49,0x00,0x49,0x00,0x49,0x00,0x49,0x00,0x49,0x00,0x49,0x00,0x49,0x00,0x49,0x00,0x49,0x00,0x49,0x00,0x49,0x00,0x49,0x00,0x49,0x00,0x49,0x00,0x49,0x00,0x49,0x00,0x49,0x00,0x49,0x00,0x49,0x00,0x49,0x00,0x49,0x00,0x49,0x00,0x49,0x00,0x49,0x00,0x49,0x00,0x49,0x00,0x49,0x00,0x49,0x00,0x49,
	0x00,0x49,0x00,0x49,0x00,0x49,0x00,0x49,0x00,0x49,0x00,0x49,0x00,0x49,0x00,0x49,0x00,0x49,0x00,0x49,0x00,0x49,0x00,0x49,0x00,0x49,0x00,0x49,0x00,0x49,0x00,0x49,0x00,0x49,0x00,0x49,0x00,0x49,0x00,0x49,0x00,0x49,0x00,0x49,0x00,0x49,0x00,0x49,0x00,0x49,0x00,0x49,0x00,0x49,0x00,0x49,0x00,0x49,0x00,0x49,0x00,0x49,0x00,0x49,
	0x00,0x49,0x00,0x49,0x00,0x49,0x00,0x49,0x00,0x49,0x00,0x49,0x00,0x49,0x00,0x49,0x00,0x49,0x00,0x49,0x00,0x49,0x00,0x49,0x00,0x49,0x00,0x49,0x00,0x49,0x00,0x49,0x00,0x49,0x00,0x49,0x00,0x49,0x00,0x49,0x00,0x49,0x00,0x49,0x00,0x49,0x00,0x49,0x00,0x49,0x00,0x49,0x00,0x49,0x00,0x49,0x00,0x49,0x00,0x49,0x00,0x49,0x00,0x49,
	0x00,0x49,0x00,0x49,0x00,0x49,0x00,0x49,0x00,0x49,0x00,0x49,0x00,0x49,0x00,0x49,0x00,0x49,0x00,0x49,0x00,0x49,0x00,0x49,0x00,0x49,0x00,0x49,0x00,0x49,0x00,0x49,0x00,0x49,0x00,0x49,0x00,0x49,0x00,0x49,0x00,0x49,0x00,0x49,0x00,0x49,0x00,0x49,0x00,0x49,0x00,0x49,0x00,0x49,0x00,0x49,0x00,0x49,0x00,0x49,0x00,0x49,0x00,0x49,
	0x00,0x49,0x00,0x49,0x00,0x49,0x00,0x49,0x00,0x49,0x00,0x49,0x00,0x49,0x00,0x49,0x00,0x49,0x00,0x49,0x00,0x49,0x00,0x49,0x00,0x49,0x00,0x49,0x00,0x49,0x00,0x49,0x00,0x49,0x00,0x49,0x00,0x49,0x00,0x49,0x00,0x49,0x00,0x49,0x00,0x49,0x00,0x49,0x00,0x49,0x00,0x49,0x00,0x49,0x00,0x49,0x00,0x49,0x00,0x49,0x00,0x49,0x00,0x49,
	0x00,0x49,0x00,0x49,0x00,0x49,0x00,0x49,0x00,0x49,0x00,0x49,0x00,0x49,0x00,0x49,0x00,0x49,0xE0,0x48,0xC0,0x38,0x60,0x18,0x00,0x08,0x00,0x00,0x00,0x00,0x00,0x00,0x00,0x00,0x00,0x00,0x00,0x00,0x00,0x00,0x00,0x00,0x00,0x00,0x00,0x00,0x00,0x00,0x00,0x00,0x00,0x00,0x00,0x00,0x60,0x20,0xC0,0x38,0x00,0x49,0x00,0x49,0x00,0x49,
	0x00,0x49,0x00,0x49,0x00,0x49,0x00,0x49,0x00,0x49,0x00,0x49,0x00,0x49,0x00,0x49,0x00,0x49,0x00,0x49,0x00,0x49,0x00,0x49,0x00,0x49,0x00,0x49,0x00,0x49,0x00,0x49,0x00,0x49,0x00,0x49,0x00,0x49,0x00,0x49,0x00,0x49,0x00,0x49,0x00,0x49,0x00,0x49,0x00,0x49,0x00,0x49,0x00,0x49,0x00,0x49,0x00,0x49,0x00,0x49,0x00,0x49,0x00,0x49,
	0x00,0x49,0x00,0x49,0x00,0x49,0x00,0x49,0x00,0x49,0x00,0x49,0x00,0x49,0x00,0x49,0x00,0x49,0x00,0x49,0x00,0x49,0x00,0x49,0x00,0x49,0x00,0x49,0x00,0x49,0x00,0x49,0x00,0x49,0x00,0x49,0x00,0x49,0x00,0x49,0x00,0x49,0x00,0x49,0x00,0x49,0x00,0x49,0x00,0x49,0x00,0x49,0x00,0x49,0x00,0x49,0x00,0x49,0x00,0x49,0x00,0x49,0x00,0x49,
	0x00,0x49,0x00,0x49,0x00,0x49,0x00,0x49,0x00,0x49,0x00,0x49,0x00,0x49,0x00,0x49,0x00,0x49,0x00,0x49,0x00,0x49,0x00,0x49,0x00,0x49,0x00,0x49,0x00,0x49,0x00,0x49,0x00,0x49,0x00,0x49,0x00,0x49,0x00,0x49,0x00,0x49,0x00,0x49,0x00,0x49,0x00,0x49,0x00,0x49,0x00,0x49,0x00,0x49,0x00,0x49,0x00,0x49,0x00,0x49,0x00,0x49,0x00,0x49,
	0x00,0x49,0x00,0x49,0x00,0x49,0x00,0x49,0x00,0x49,0x00,0x49,0x00,0x49,0x00,0x49,0x00,0x49,0x00,0x49,0x00,0x49,0x00,0x49,0x00,0x49,0x00,0x49,0x00,0x49,0x00,0x49,0x00,0x49,0x00,0x49,0x00,0x49,0x00,0x49,0x00,0x49,0x00,0x49,0x00,0x49,0x00,0x49,0x00,0x49,0x00,0x49,0x00,0x49,0x00,0x49,0x00,0x49,0x00,0x49,0x00,0x49,0x00,0x49,
	0x00,0x49,0x00,0x49,0x00,0x49,0x00,0x49,0x00,0x49,0x00,0x49,0x00,0x49,0x00,0x49,0x00,0x49,0x00,0x49,0x00,0x49,0x00,0x49,0x00,0x49,0x00,0x49,0x00,0x49,0x00,0x49,0x00,0x49,0x00,0x49,0x00,0x49,0x00,0x49,0x00,0x49,0x00,0x49,0x00,0x49,0x00,0x49,0x00,0x49,0x00,0x49,0x00,0x49,0x00,0x49,0x00,0x49,0x00,0x49,0x00,0x49,0x00,0x49,
	0x00,0x49,0x00,0x49,0x00,0x49,0x00,0x49,0x00,0x49,0x00,0x49,0x00,0x49,0x00,0x49,0x00,0x49,0x00,0x49,0x00,0x49,0x00,0x49,0x00,0x49,0x00,0x49,0x00,0x49,0x00,0x49,0x00,0x49,0x00,0x49,0x00,0x49,0x00,0x49,0x00,0x49,0x00,0x49,0x00,0x49,0x00,0x49,0x00,0x49,0x00,0x49,0x00,0x49,0x00,0x49,0x00,0x49,0x00,0x49,0x00,0x49,0x00,0x49,
	0x00,0x49,0x00,0x49,0x00,0x49,0x00,0x49,0x00,0x49,0x00,0x49,0x00,0x49,0x00,0x49,0x00,0x49,0x00,0x49,0x00,0x49,0x00,0x49,0x00,0x49,0x00,0x49,0x00,0x49,0x00,0x49,0x00,0x49,0x00,0x49,0x00,0x49,0x00,0x49,0x00,0x49,0x00,0x49,0x00,0x49,0x00,0x49,0x00,0x49,0x00,0x49,0x00,0x49,0x00,0x49,0x00,0x49,0x00,0x49,0x00,0x49,0x00,0x49,
	0x00,0x49,0x00,0x49,0x00,0x49,0x00,0x49,0x00,0x49,0x00,0x49,0x00,0x49,0x00,0x49,0x00,0x49,0x00,0x49,0x00,0x49,0x00,0x49,0x00,0x49,0x00,0x49,0x00,0x49,0x00,0x49,0x00,0x49,0x00,0x49,0x00,0x49,0x00,0x49,0x00,0x49,0x00,0x49,0x00,0x49,0x00,0x49,0x00,0x49,0x00,0x49,0x00,0x49,0x00,0x49,0x00,0x49,0x00,0x49,0x00,0x49,0x00,0x49,
	0x00,0x49,0x00,0x49,0x00,0x49,0x00,0x49,0x00,0x49,0x00,0x49,0x00,0x49,0x00,0x49,0x00,0x49,0x00,0x49,0x00,0x49,0x00,0x49,0x00,0x49,0x00,0x49,0x00,0x49,0x00,0x49,0x00,0x49,0x00,0x49,0x00,0x49,0x00,0x49,0x00,0x49,0x00,0x49,0x00,0x49,0x00,0x49,0x00,0x49,0x00,0x49,0x00,0x49,0x00,0x49,0x00,0x49,0x00,0x49,0x00,0x49,0x00,0x49,
	0x00,0x49,0x00,0x49,0x00,0x49,0x00,0x49,0x00,0x49,0x00,0x49,0x00,0x49,0x00,0x49,0x00,0x49,0x00,0x49,0x00,0x49,0x00,0x49,0x00,0x49,0x00,0x49,0x00,0x49,0x00,0x49,0x00,0x49,0x00,0x49,0x00,0x49,0x00,0x49,0x00,0x49,0x00,0x49,0x00,0x49,0x00,0x49,0x00,0x49,0x00,0x49,0x00,0x49,0x00,0x49,0x00,0x49,0x00,0x49,0x00,0x49,0x00,0x49,
	0x00,0x49,0x00,0x49,0x00,0x49,0x00,0x49,0x00,0x49,0x00,0x49,0x00,0x49,0x00,0x49,0x00,0x49,0x00,0x49,0x00,0x49,0x00,0x49,0x00,0x49,0x00,0x49,0x00,0x49,0x00,0x49,0x00,0x49,0x00,0x49,0x00,0x49,0x00,0x49,0x00,0x49,0x00,0x49,0x00,0x49,0x00,0x49,0x00,0x49,0x00,0x49,0x00,0x49,0x00,0x49,0x00,0x49,0x00,0x49,0xC0,0x38,0x60,0x20,
	0x00,0x00,0x00,0x00,0x00,0x00,0x00,0x00,0x00,0x00,0x00,0x00,0x00,0x00,0x00,0x00,0x00,0x00,0x00,0x00,0x00,0x00,0x00,0x00,0x00,0x00,0x00,0x00,0x00,0x00,0x00,0x00,0x00,0x08,0x60,0x18,0xE0,0x38,0x00,0x49,0x00,0x49,0x00,0x49,0x00,0x49,0x00,0x49,0x00,0x49,0x00,0x49,0x00,0x49,0x00,0x49,0x00,0x49,0x00,0x49,0x00,0x49,0x00,0x49,
	0x00,0x49,0x00,0x49,0x00,0x49,0x00,0x49,0x00,0x49,0x00,0x49,0x00,0x49,0x00,0x49,0x00,0x49,0x00,0x49,0x00,0x49,0x00,0x49,0x00,0x49,0x00,0x49,0x00,0x49,0x00,0x49,0x00,0x49,0x00,0x49,0x00,0x49,0x00,0x49,0x00,0x49,0x00,0x49,0x00,0x49,0x00,0x49,0x00,0x49,0x00,0x49,0x00,0x49,0x00,0x49,0x00,0x49,0x00,0x49,0x00,0x49,0x00,0x49,
	0x00,0x49,0x00,0x49,0x00,0x49,0x00,0x49,0x00,0x49,0x00,0x49,0x00,0x49,0x00,0x49,0x00,0x49,0x00,0x49,0x00,0x49,0x00,0x49,0x00,0x49,0x00,0x49,0x00,0x49,0x00,0x49,0x00,0x49,0x00,0x49,0x00,0x49,0x00,0x49,0x00,0x49,0x00,0x49,0x00,0x49,0x00,0x49,0x00,0x49,0x00,0x49,0x00,0x49,0x00,0x49,0x00,0x49,0x00,0x49,0x00,0x49,0x00,0x49,
	0x00,0x49,0x00,0x49,0x00,0x49,0x00,0x49,0x00,0x49,0x00,0x49,0x00,0x49,0x00,0x49,0x00,0x49,0x00,0x49,0x00,0x49,0x00,0x49,0x00,0x49,0x00,0x49,0x00,0x49,0x00,0x49,0x00,0x49,0x00,0x49,0x00,0x49,0x00,0x49,0x00,0x49,0x00,0x49,0x00,0x49,0x00,0x49,0x00,0x49,0x00,0x49,0x00,0x49,0x00,0x49,0x00,0x49,0x00,0x49,0x00,0x49,0x00,0x49,
	0x00,0x49,0x00,0x49,0x00,0x49,0x00,0x49,0x00,0x49,0x00,0x49,0x00,0x49,0x00,0x49,0x00,0x49,0x00,0x49,0x00,0x49,0x00,0x49,0x00,0x49,0x00,0x49,0x00,0x49,0x00,0x49,0x00,0x49,0x00,0x49,0x00,0x49,0x00,0x49,0x00,0x49,0x00,0x49,0x00,0x49,0x00,0x49,0x00,0x49,0x00,0x49,0x00,0x49,0x00,0x49,0x00,0x49,0x00,0x49,0x00,0x49,0x00,0x49,
	0x00,0x49,0x00,0x49,0x00,0x49,0x00,0x49,0x00,0x49,0x00,0x49,0x00,0x49,0x00,0x49,0x00,0x49,0x00,0x49,0x00,0x49,0x00,0x49,0x00,0x49,0x00,0x49,0x00,0x49,0x00,0x49,0x00,0x49,0x00,0x49,0x00,0x49,0x00,0x49,0x00,0x49,0x00,0x49,0x00,0x49,0x00,0x49,0x00,0x49,0x00,0x49,0x00,0x49,0x00,0x49,0x00,0x49,0x00,0x49,0x00,0x49,0x00,0x49,
	0x00,0x49,0x00,0x49,0x00,0x49,0x00,0x49,0x00,0x49,0x00,0x49,0x00,0x49,0x00,0x49,0x00,0x49,0x00,0x49,0x00,0x49,0x00,0x49,0x00,0x49,0x00,0x49,0x00,0x49,0x00,0x49,0x00,0x49,0x00,0x49,0x00,0x49,0x00,0x49,0x00,0x49,0x00,0x49,0x00,0x49,0x00,0x49,0x00,0x49,0x00,0x49,0x00,0x49,0x00,0x49,0x00,0x49,0x00,0x49,0x00,0x49,0x00,0x49,
	0x00,0x49,0x00,0x49,0x00,0x49,0x00,0x49,0x00,0x49,0x00,0x49,0x00,0x49,0x00,0x49,0x00,0x49,0x00,0x49,0x00,0x49,0x00,0x49,0x00,0x49,0x00,0x49,0x00,0x49,0x00,0x49,0x00,0x49,0x00,0x49,0x00,0x49,0x00,0x49,0x00,0x49,0x00,0x49,0x00,0x49,0x00,0x49,0x00,0x49,0x00,0x49,0x00,0x49,0x00,0x49,0x00,0x49,0x00,0x49,0x00,0x49,0x00,0x49,
	0x00,0x49,0x00,0x49,0x00,0x49,0x00,0x49,0x00,0x49,0x00,0x49,0x00,0x49,0x00,0x49,0x00,0x49,0x00,0x49,0x00,0x49,0x00,0x49,0x00,0x49,0x00,0x49,0x00,0x49,0x00,0x49,0x00,0x49,0x00,0x49,0x00,0x49,0x00,0x49,0x00,0x49,0x00,0x49,0x00,0x49,0x00,0x49,0x00,0x49,0x00,0x49,0x00,0x49,0x00,0x49,0x00,0x49,0x00,0x49,0x00,0x49,0x00,0x49,
	0x00,0x49,0x00,0x49,0x00,0x49,0x00,0x49,0x00,0x49,0x00,0x49,0x00,0x49,0x00,0x49,0x00,0x49,0x00,0x49,0x00,0x49,0x00,0x49,0x00,0x49,0x00,0x49,0x00,0x49,0x00,0x49,0x00,0x49,0x00,0x49,0x00,0x49,0x00,0x49,0x00,0x49,0x00,0x49,0x00,0x49,0x00,0x49,0x00,0x49,0x00,0x49,0x00,0x49,0x00,0x49,0x00,0x49,0x00,0x49,0x00,0x49,0x00,0x49,
	0x00,0x49,0x00,0x49,0x00,0x49,0x00,0x49,0x00,0x49,0x00,0x49,0x00,0x49,0x00,0x49,0x00,0x49,0x00,0x49,0x00,0x49,0x00,0x49,0x00,0x49,0x00,0x49,0x00,0x49,0x00,0x49,0x00,0x49,0x00,0x49,0x00,0x49,0x00,0x49,0x00,0x49,0x00,0x49,0x00,0x49,0x00,0x49,0x00,0x49,0x00,0x49,0x00,0x49,0x00,0x49,0x00,0x49,0x00,0x49,0x00,0x49,0x00,0x49,
	0x00,0x49,0x00,0x49,0x00,0x49,0x00,0x49,0x00,0x49,0x00,0x49,0x00,0x49,0x00,0x49,0x00,0x49,0x00,0x49,0x00,0x49,0x00,0x49,0x00,0x49,0x00,0x49,0x00,0x49,0x00,0x49,0x00,0x49,0xE0,0x48,0xC0,0x38,0x60,0x18,0x00,0x08,0x00,0x00,0x00,0x00,0x00,0x00,0x00,0x00,0x00,0x00,0x00,0x00,0x00,0x00,0x00,0x00,0x00,0x00,0x00,0x00,0x00,0x00,
	0x00,0x00,0x00,0x00,0x00,0x00,0x00,0x00,0x00,0x00,0x00,0x00,0x00,0x08,0x60,0x20,0xC0,0x38,0xE0,0x48,0x00,0x49,0x00,0x49,0x00,0x49,0x00,0x49,0x00,0x49,0x00,0x49,0x00,0x49,0x00,0x49,0x00,0x49,0x00,0x49,0x00,0x49,0x00,0x49,0x00,0x49,0x00,0x49,0x00,0x49,0x00,0x49,0x00,0x49,0x00,0x49,0x00,0x49,0x00,0x49,0x00,0x49,0x00,0x49,
	0x00,0x49,0x00,0x49,0x00,0x49,0x00,0x49,0x00,0x49,0x00,0x49,0x00,0x49,0x00,0x49,0x00,0x49,0x00,0x49,0x00,0x49,0x00,0x49,0x00,0x49,0x00,0x49,0x00,0x49,0x00,0x49,0x00,0x49,0x00,0x49,0x00,0x49,0x00,0x49,0x00,0x49,0x00,0x49,0x00,0x49,0x00,0x49,0x00,0x49,0x00,0x49,0x00,0x49,0x00,0x49,0x00,0x49,0x00,0x49,0x00,0x49,0x00,0x49,
	0x00,0x49,0x00,0x49,0x00,0x49,0x00,0x49,0x00,0x49,0x00,0x49,0x00,0x49,0x00,0x49,0x00,0x49,0x00,0x49,0x00,0x49,0x00,0x49,0x00,0x49,0x00,0x49,0x00,0x49,0x00,0x49,0x00,0x49,0x00,0x49,0x00,0x49,0x00,0x49,0x00,0x49,0x00,0x49,0x00,0x49,0x00,0x49,0x00,0x49,0x00,0x49,0x00,0x49,0x00,0x49,0x00,0x49,0x00,0x49,0x00,0x49,0x00,0x49,
	0x00,0x49,0x00,0x49,0x00,0x49,0x00,0x49,0x00,0x49,0x00,0x49,0x00,0x49,0x00,0x49,0x00,0x49,0x00,0x49,0x00,0x49,0x00,0x49,0x00,0x49,0x00,0x49,0x00,0x49,0x00,0x49,0x00,0x49,0x00,0x49,0x00,0x49,0x00,0x49,0x00,0x49,0x00,0x49,0x00,0x49,0x00,0x49,0x00,0x49,0x00,0x49,0x00,0x49,0x00,0x49,0x00,0x49,0x00,0x49,0x00,0x49,0x00,0x49,
	0x00,0x49,0x00,0x49,0x00,0x49,0x00,0x49,0x00,0x49,0x00,0x49,0x00,0x49,0x00,0x49,0x00,0x49,0x00,0x49,0x00,0x49,0x00,0x49,0x00,0x49,0x00,0x49,0x00,0x49,0x00,0x49,0x00,0x49,0x00,0x49,0x00,0x49,0x00,0x49,0x00,0x49,0x00,0x49,0x00,0x49,0x00,0x49,0x00,0x49,0x00,0x49,0x00,0x49,0x00,0x49,0x00,0x49,0x00,0x49,0x00,0x49,0x00,0x49,
	0x00,0x49,0x00,0x49,0x00,0x49,0x00,0x49,0x00,0x49,0x00,0x49,0x00,0x49,0x00,0x49,0x00,0x49,0x00,0x49,0x00,0x49,0x00,0x49,0x00,0x49,0x00,0x49,0x00,0x49,0x00,0x49,0x00,0x49,0x00,0x49,0x00,0x49,0x00,0x49,0x00,0x49,0x00,0x49,0x00,0x49,0x00,0x49,0x00,0x49,0x00,0x49,0x00,0x49,0x00,0x49,0x00,0x49,0x00,0x49,0x00,0x49,0x00,0x49,
	0x00,0x49,0x00,0x49,0x00,0x49,0x00,0x49,0x00,0x49,0x00,0x49,0x00,0x49,0x00,0x49,0x00,0x49,0x00,0x49,0x00,0x49,0x00,0x49,0x00,0x49,0x00,0x49,0x00,0x49,0x00,0x49,0x00,0x49,0x00,0x49,0x00,0x49,0x00,0x49,0x00,0x49,0x00,0x49,0x00,0x49,0x00,0x49,0x00,0x49,0x00,0x49,0x00,0x49,0x00,0x49,0x00,0x49,0x00,0x49,0x00,0x49,0x00,0x49,
	0x00,0x49,0x00,0x49,0x00,0x49,0x00,0x49,0x00,0x49,0x00,0x49,0x00,0x49,0x00,0x49,0x00,0x49,0x00,0x49,0x00,0x49,0x00,0x49,0x00,0x49,0x00,0x49,0x00,0x49,0x00,0x49,0x00,0x49,0x00,0x49,0x00,0x49,0x00,0x49,0x00,0x49,0x00,0x49,0x00,0x49,0x00,0x49,0x00,0x49,0x00,0x49,0x00,0x49,0x00,0x49,0x00,0x49,0x00,0x49,0x00,0x49,0x00,0x49,
	0x00,0x49,0x00,0x49,0x00,0x49,0x00,0x49,0x00,0x49,0x00,0x49,0x00,0x49,0x00,0x49,0x00,0x49,0x00,0x49,0x00,0x49,0x00,0x49,0x00,0x49,0x00,0x49,0x00,0x49,0x00,0x49,0x00,0x49,0x00,0x49,0x00,0x49,0x00,0x49,0x00,0x49,0x00,0x49,0x00,0x49,0x00,0x49,0x00,0x49,0x00,0x49,0x00,0x49,0x00,0x49,0x00,0x49,0x00,0x49,0x00,0x49,0x00,0x49,
	0x00,0x49,0x00,0x49,0x00,0x49,0x00,0x49,0x00,0x49,0x00,0x49,0x00,0x49,0x00,0x49,0x00,0x49,0x00,0x49,0x00,0x49,0x00,0x49,0x00,0x49,0x00,0x49,0x00,0x49,0x00,0x49,0x00,0x49,0x00,0x49,0x00,0x49,0x00,0x49,0x00,0x49,0x00,0x49,0x00,0x49,0x00,0x49,0x00,0x49,0x00,0x49,0x00,0x49,0x00,0x49,0x00,0x49,0x00,0x49,0x00,0x49,0x00,0x49,
	0x00,0x49,0x00,0x49,0x00,0x49,0x00,0x49,0x00,0x49,0x00,0x49,0x00,0x49,0x00,0x49,0x00,0x49,0x00,0x49,0x00,0x49,0x00,0x49,0x00,0x49,0x00,0x49,0x00,0x49,0x00,0x49,0x00,0x49,0x00,0x49,0x00,0x49,0x00,0x49,0x00,0x49,0x00,0x49,0x00,0x49,0x00,0x49,0x00,0x49,0x00,0x49,0x00,0x49,0x00,0x49,0x00,0x49,0x00,0x49,0x00,0x49,0x00,0x49,
	0x00,0x49,0x00,0x49,0x00,0x49,0x00,0x49,0x00,0x49,0xE0,0x48,0xC0,0x38,0x60,0x20,0x00,0x08,0x00,0x00,0x00,0x00,0x00,0x00,0x00,0x00,0x00,0x00,0x00,0x00,0x00,0x00,0x00,0x00,0x00,0x00,0x00,0x00,0x00,0x00,0x00,0x00,0x00,0x00,0x00,0x00,0x00,0x00,0x00,0x00,0x00,0x00,0x00,0x00,0x00,0x00,0x00,0x00,0x60,0x18,0xC0,0x30,0x00,0x49,
	0x00,0x49,0x00,0x49,0x00,0x49,0x00,0x49,0x00,0x49,0x00,0x49,0x00,0x49,0x00,0x49,0x00,0x49,0x00,0x49,0x00,0x49,0x00,0x49,0x00,0x49,0x00,0x49,0x00,0x49,0x00,0x49,0x00,0x49,0x00,0x49,0x00,0x49,0x00,0x49,0x00,0x49,0x00,0x49,0x00,0x49,0x00,0x49,0x00,0x49,0x00,0x49,0x00,0x49,0x00,0x49,0x00,0x49,0x00,0x49,0x00,0x49,0x00,0x49,
	0x00,0x49,0x00,0x49,0x00,0x49,0x00,0x49,0x00,0x49,0x00,0x49,0x00,0x49,0x00,0x49,0x00,0x49,0x00,0x49,0x00,0x49,0x00,0x49,0x00,0x49,0x00,0x49,0x00,0x49,0x00,0x49,0x00,0x49,0x00,0x49,0x00,0x49,0x00,0x49,0x00,0x49,0x00,0x49,0x00,0x49,0x00,0x49,0x00,0x49,0x00,0x49,0x00,0x49,0x00,0x49,0x00,0x49,0x00,0x49,0x00,0x49,0x00,0x49,
	0x00,0x49,0x00,0x49,0x00,0x49,0x00,0x49,0x00,0x49,0x00,0x49,0x00,0x49,0x00,0x49,0x00,0x49,0x00,0x49,0x00,0x49,0x00,0x49,0x00,0x49,0x00,0x49,0x00,0x49,0x00,0x49,0x00,0x49,0x00,0x49,0x00,0x49,0x00,0x49,0x00,0x49,0x00,0x49,0x00,0x49,0x00,0x49,0x00,0x49,0x00,0x49,0x00,0x49,0x00,0x49,0x00,0x49,0x00,0x49,0x00,0x49,0x00,0x49,
	0x00,0x49,0x00,0x49,0x00,0x49,0x00,0x49,0x00,0x49,0x00,0x49,0x00,0x49,0x00,0x49,0x00,0x49,0x00,0x49,0x00,0x49,0x00,0x49,0x00,0x49,0x00,0x49,0x00,0x49,0x00,0x49,0x00,0x49,0x00,0x49,0x00,0x49,0x00,0x49,0x00,0x49,0x00,0x49,0x00,0x49,0x00,0x49,0x00,0x49,0x00,0x49,0x00,0x49,0x00,0x49,0x00,0x49,0x00,0x49,0x00,0x49,0x00,0x49,
	0x00,0x49,0x00,0x49,0x00,0x49,0x00,0x49,0x00,0x49,0x00,0x49,0x00,0x49,0x00,0x49,0x00,0x49,0x00,0x49,0x00,0x49,0x00,0x49,0x00,0x49,0x00,0x49,0x00,0x49,0x00,0x49,0x00,0x49,0x00,0x49,0x00,0x49,0x00,0x49,0x00,0x49,0x00,0x49,0x00,0x49,0x00,0x49,0x00,0x49,0x00,0x49,0x00,0x49,0x00,0x49,0x00,0x49,0x00,0x49,0x00,0x49,0x00,0x49,
	0x00,0x49,0x00,0x49,0x00,0x49,0x00,0x49,0x00,0x49,0x00,0x49,0x00,0x49,0x00,0x49,0x00,0x49,0x00,0x49,0x00,0x49,0x00,0x49,0x00,0x49,0x00,0x49,0x00,0x49,0x00,0x49,0x00,0x49,0x00,0x49,0x00,0x49,0x00,0x49,0x00,0x49,0x00,0x49,0x00,0x49,0x00,0x49,0x00,0x49,0x00,0x49,0x00,0x49,0x00,0x49,0x00,0x49,0x00,0x49,0x00,0x49,0x00,0x49,
	0x00,0x49,0x00,0x49,0x00,0x49,0x00,0x49,0x00,0x49,0x00,0x49,0x00,0x49,0x00,0x49,0x00,0x49,0x00,0x49,0x00,0x49,0x00,0x49,0x00,0x49,0x00,0x49,0x00,0x49,0x00,0x49,0x00,0x49,0x00,0x49,0x00,0x49,0x00,0x49,0x00,0x49,0x00,0x49,0x00,0x49,0x00,0x49,0x00,0x49,0x00,0x49,0x00,0x49,0x00,0x49,0x00,0x49,0x00,0x49,0x00,0x49,0x00,0x49,
	0x00,0x49,0x00,0x49,0x00,0x49,0x00,0x49,0x00,0x49,0x00,0x49,0x00,0x49,0x00,0x49,0x00,0x49,0x00,0x49,0x00,0x49,0x00,0x49,0x00,0x49,0x00,0x49,0x00,0x49,0x00,0x49,0x00,0x49,0x00,0x49,0x00,0x49,0x00,0x49,0x00,0x49,0x00,0x49,0x00,0x49,0x00,0x49,0x00,0x49,0x00,0x49,0x00,0x49,0x00,0x49,0x00,0x49,0x00,0x49,0x00,0x49,0x00,0x49,
	0x00,0x49,0x00,0x49,0x00,0x49,0x00,0x49,0x00,0x49,0x00,0x49,0x00,0x49,0x00,0x49,0x00,0x49,0x00,0x49,0x00,0x49,0x00,0x49,0x00,0x49,0x00,0x49,0x00,0x49,0x00,0x49,0x00,0x49,0x00,0x49,0x00,0x49,0x00,0x49,0x00,0x49,0x00,0x49,0x00,0x49,0x00,0x49,0x00,0x49,0x00,0x49,0x00,0x49,0x00,0x49,0x00,0x49,0x00,0x49,0x00,0x49,0x00,0x49,
	0x00,0x49,0x00,0x49,0x00,0x49,0x00,0x49,0x00,0x49,0x00,0x49,0x00,0x49,0x00,0x49,0x00,0x49,0x00,0x49,0x00,0x49,0x00,0x49,0x00,0x49,0x00,0x49,0x00,0x49,0x00,0x49,0x00,0x49,0x00,0x49,0x00,0x49,0x00,0x49,0x00,0x49,0x00,0x49,0x00,0x49,0x00,0x49,0x00,0x49,0x00,0x49,0x00,0x49,0x00,0x49,0x00,0x49,0x00,0x49,0x00,0x49,0x00,0x49,
	0x00,0x49,0x00,0x49,0x00,0x49,0x00,0x49,0x00,0x49,0x00,0x49,0x00,0x49,0x00,0x49,0x00,0x49,0x00,0x49,0x00,0x49,0x00,0x49,0x00,0x49,0x00,0x49,0x00,0x49,0x00,0x49,0x00,0x49,0x00,0x49,0x00,0x49,0x00,0x49,0x00,0x49,0x00,0x49,0x00,0x49,0x00,0x49,0x00,0x49,0x00,0x49,0xC0,0x30,0x60,0x18,0x00,0x00,0x00,0x00,0x00,0x00,0x00,0x00,
	0x00,0x00,0x00,0x00,0x00,0x00,0x00,0x00,0x00,0x00,0x00,0x00,0x00,0x00,0x00,0x00,0x00,0x00,0x00,0x00,0x00,0x00,0x00,0x00,0x00,0x00,0x00,0x00,0x00,0x00,0x00,0x00,0x00,0x00,0x00,0x00,0x00,0x08,0x40,0x18,0x80,0x28,0xC0,0x40,0x00,0x49,0x00,0x49,0x00,0x49,0x00,0x49,0x00,0x49,0x00,0x49,0x00,0x49,0x00,0x49,0x00,0x49,0x00,0x49,
	0x00,0x49,0x00,0x49,0x00,0x49,0x00,0x49,0x00,0x49,0x00,0x49,0x00,0x49,0x00,0x49,0x00,0x49,0x00,0x49,0x00,0x49,0x00,0x49,0x00,0x49,0x00,0x49,0x00,0x49,0x00,0x49,0x00,0x49,0x00,0x49,0x00,0x49,0x00,0x49,0x00,0x49,0x00,0x49,0x00,0x49,0x00,0x49,0x00,0x49,0x00,0x49,0x00,0x49,0x00,0x49,0x00,0x49,0x00,0x49,0x00,0x49,0x00,0x49,
	0x00,0x49,0x00,0x49,0x00,0x49,0x00,0x49,0x00,0x49,0x00,0x49,0x00,0x49,0x00,0x49,0x00,0x49,0x00,0x49,0x00,0x49,0x00,0x49,0x00,0x49,0x00,0x49,0x00,0x49,0x00,0x49,0x00,0x49,0x00,0x49,0x00,0x49,0x00,0x49,0x00,0x49,0x00,0x49,0x00,0x49,0x00,0x49,0x00,0x49,0x00,0x49,0x00,0x49,0x00,0x49,0x00,0x49,0x00,0x49,0x00,0x49,0x00,0x49,
	0x00,0x49,0x00,0x49,0x00,0x49,0x00,0x49,0x00,0x49,0x00,0x49,0x00,0x49,0x00,0x49,0x00,0x49,0x00,0x49,0x00,0x49,0x00,0x49,0x00,0x49,0x00,0x49,0x00,0x49,0x00,0x49,0x00,0x49,0x00,0x49,0x00,0x49,0x00,0x49,0x00,0x49,0x00,0x49,0x00,0x49,0x00,0x49,0x00,0x49,0x00,0x49,0x00,0x49,0x00,0x49,0x00,0x49,0x00,0x49,0x00,0x49,0x00,0x49,
	0x00,0x49,0x00,0x49,0x00,0x49,0x00,0x49,0x00,0x49,0x00,0x49,0x00,0x49,0x00,0x49,0x00,0x49,0x00,0x49,0x00,0x49,0x00,0x49,0x00,0x49,0x00,0x49,0x00,0x49,0x00,0x49,0x00,0x49,0x00,0x49,0x00,0x49,0x00,0x49,0x00,0x49,0x00,0x49,0x00,0x49,0x00,0x49,0x00,0x49,0x00,0x49,0x00,0x49,0x00,0x49,0x00,0x49,0x00,0x49,0x00,0x49,0x00,0x49,
	0x00,0x49,0x00,0x49,0x00,0x49,0x00,0x49,0x00,0x49,0x00,0x49,0x00,0x49,0x00,0x49,0x00,0x49,0x00,0x49,0x00,0x49,0x00,0x49,0x00,0x49,0x00,0x49,0x00,0x49,0x00,0x49,0x00,0x49,0x00,0x49,0x00,0x49,0x00,0x49,0x00,0x49,0x00,0x49,0x00,0x49,0x00,0x49,0x00,0x49,0x00,0x49,0x00,0x49,0x00,0x49,0x00,0x49,0x00,0x49,0x00,0x49,0x00,0x49,
	0x00,0x49,0x00,0x49,0x00,0x49,0x00,0x49,0x00,0x49,0x00,0x49,0x00,0x49,0x00,0x49,0x00,0x49,0x00,0x49,0x00,0x49,0x00,0x49,0x00,0x49,0x00,0x49,0x00,0x49,0x00,0x49,0x00,0x49,0x00,0x49,0x00,0x49,0x00,0x49,0x00,0x49,0x00,0x49,0x00,0x49,0x00,0x49,0x00,0x49,0x00,0x49,0x00,0x49,0x00,0x49,0x00,0x49,0x00,0x49,0x00,0x49,0x00,0x49,
	0x00,0x49,0x00,0x49,0x00,0x49,0x00,0x49,0x00,0x49,0x00,0x49,0x00,0x49,0x00,0x49,0x00,0x49,0x00,0x49,0x00,0x49,0x00,0x49,0x00,0x49,0x00,0x49,0x00,0x49,0x00,0x49,0x00,0x49,0x00,0x49,0x00,0x49,0x00,0x49,0x00,0x49,0x00,0x49,0x00,0x49,0x00,0x49,0x00,0x49,0x00,0x49,0x00,0x49,0x00,0x49,0x00,0x49,0x00,0x49,0x00,0x49,0x00,0x49,
	0x00,0x49,0x00,0x49,0x00,0x49,0x00,0x49,0x00,0x49,0x00,0x49,0x00,0x49,0x00,0x49,0x00,0x49,0x00,0x49,0x00,0x49,0x00,0x49,0x00,0x49,0x00,0x49,0x00,0x49,0x00,0x49,0x00,0x49,0x00,0x49,0x00,0x49,0x00,0x49,0x00,0x49,0x00,0x49,0x00,0x49,0x00,0x49,0x00,0x49,0x00,0x49,0x00,0x49,0x00,0x49,0x00,0x49,0x00,0x49,0x00,0x49,0x00,0x49,
	0x00,0x49,0x00,0x49,0x00,0x49,0x00,0x49,0x00,0x49,0x00,0x49,0x00,0x49,0x00,0x49,0x00,0x49,0x00,0x49,0x00,0x49,0x00,0x49,0x00,0x49,0x00,0x49,0x00,0x49,0x00,0x49,0x00,0x49,0x00,0x49,0x00,0x49,0x00,0x49,0x00,0x49,0x00,0x49,0x00,0x49,0x00,0x49,0x00,0x49,0x00,0x49,0x00,0x49,0x00,0x49,0x00,0x49,0x00,0x49,0x00,0x49,0x00,0x49,
	0x00,0x49,0x00,0x49,0x00,0x49,0x00,0x49,0x00,0x49,0x00,0x49,0x00,0x49,0x00,0x49,0x00,0x49,0x00,0x49,0x00,0x49,0x00,0x49,0x00,0x49,0x00,0x49,0x00,0x49,0x00,0x49,0x00,0x49,0x00,0x49,0x00,0x49,0x00,0x49,0x00,0x49,0x00,0x49,0x00,0x49,0x00,0x49,0x00,0x49,0x00,0x49,0x00,0x49,0x00,0x49,0x00,0x49,0x00,0x49,0x00,0x49,0x00,0x49,
	0x00,0x49,0x00,0x49,0x00,0x49,0x00,0x49,0x00,0x49,0x00,0x49,0x00,0x49,0x00,0x49,0x00,0x49,0x00,0x49,0x00,0x49,0x00,0x49,0x00,0x49,0xC0,0x40,0x80,0x28,0x40,0x18,0x00,0x08,0x00,0x00,0x00,0x00,0x00,0x00,0x00,0x00,0x00,0x00,0x00,0x00,0x00,0x00,0x00,0x00,0x00,0x00,0x00,0x00,0x00,0x00,0x00,0x00,0x00,0x00,0x00,0x00,0x00,0x00,
	0x00,0x00,0x00,0x00,0x00,0x00,0x00,0x00,0x00,0x00,0x00,0x00,0x00,0x00,0x00,0x00,0x00,0x00,0x20,0x08,0x80,0x28,0xC0,0x38,0xE0,0x40,0x00,0x49,0x00,0x49,0x00,0x49,0x00,0x49,0x00,0x49,0x00,0x49,0x00,0x49,0x00,0x49,0x00,0x49,0x00,0x49,0x00,0x49,0x00,0x49,0x00,0x49,0x00,0x49,0x00,0x49,0x00,0x49,0x00,0x49,0x00,0x49,0x00,0x49,
	0x00,0x49,0x00,0x49,0x00,0x49,0x00,0x49,0x00,0x49,0x00,0x49,0x00,0x49,0x00,0x49,0x00,0x49,0x00,0x49,0x00,0x49,0x00,0x49,0x00,0x49,0x00,0x49,0x00,0x49,0x00,0x49,0x00,0x49,0x00,0x49,0x00,0x49,0x00,0x49,0x00,0x49,0x00,0x49,0x00,0x49,0x00,0x49,0x00,0x49,0x00,0x49,0x00,0x49,0x00,0x49,0x00,0x49,0x00,0x49,0x00,0x49,0x00,0x49,
	0x00,0x49,0x00,0x49,0x00,0x49,0x00,0x49,0x00,0x49,0x00,0x49,0x00,0x49,0x00,0x49,0x00,0x49,0x00,0x49,0x00,0x49,0x00,0x49,0x00,0x49,0x00,0x49,0x00,0x49,0x00,0x49,0x00,0x49,0x00,0x49,0x00,0x49,0x00,0x49,0x00,0x49,0x00,0x49,0x00,0x49,0x00,0x49,0x00,0x49,0x00,0x49,0x00,0x49,0x00,0x49,0x00,0x49,0x00,0x49,0x00,0x49,0x00,0x49,
	0x00,0x49,0x00,0x49,0x00,0x49,0x00,0x49,0x00,0x49,0x00,0x49,0x00,0x49,0x00,0x49,0x00,0x49,0x00,0x49,0x00,0x49,0x00,0x49,0x00,0x49,0x00,0x49,0x00,0x49,0x00,0x49,0x00,0x49,0x00,0x49,0x00,0x49,0x00,0x49,0x00,0x49,0x00,0x49,0x00,0x49,0x00,0x49,0x00,0x49,0x00,0x49,0x00,0x49,0x00,0x49,0x00,0x49,0x00,0x49,0x00,0x49,0x00,0x49,
	0x00,0x49,0x00,0x49,0x00,0x49,0x00,0x49,0x00,0x49,0x00,0x49,0x00,0x49,0x00,0x49,0x00,0x49,0x00,0x49,0x00,0x49,0x00,0x49,0x00,0x49,0x00,0x49,0x00,0x49,0x00,0x49,0x00,0x49,0x00,0x49,0x00,0x49,0x00,0x49,0x00,0x49,0x00,0x49,0x00,0x49,0x00,0x49,0x00,0x49,0x00,0x49,0x00,0x49,0x00,0x49,0x00,0x49,0x00,0x49,0x00,0x49,0x00,0x49,
	0x00,0x49,0x00,0x49,0x00,0x49,0x00,0x49,0x00,0x49,0x00,0x49,0x00,0x49,0x00,0x49,0x00,0x49,0x00,0x49,0x00,0x49,0x00,0x49,0x00,0x49,0x00,0x49,0x00,0x49,0x00,0x49,0x00,0x49,0x00,0x49,0x00,0x49,0x00,0x49,0x00,0x49,0x00,0x49,0x00,0x49,0x00,0x49,0x00,0x49,0x00,0x49,0x00,0x49,0x00,0x49,0x00,0x49,0x00,0x49,0x00,0x49,0x00,0x49,
	0x00,0x49,0x00,0x49,0x00,0x49,0x00,0x49,0x00,0x49,0x00,0x49,0x00,0x49,0x00,0x49,0x00,0x49,0x00,0x49,0x00,0x49,0x00,0x49,0x00,0x49,0x00,0x49,0x00,0x49,0x00,0x49,0x00,0x49,0x00,0x49,0x00,0x49,0x00,0x49,0x00,0x49,0x00,0x49,0x00,0x49,0x00,0x49,0x00,0x49,0x00,0x49,0x00,0x49,0x00,0x49,0x00,0x49,0x00,0x49,0x00,0x49,0x00,0x49,
	0x00,0x49,0x00,0x49,0x00,0x49,0x00,0x49,0x00,0x49,0x00,0x49,0x00,0x49,0x00,0x49,0x00,0x49,0x00,0x49,0x00,0x49,0x00,0x49,0x00,0x49,0x00,0x49,0x00,0x49,0x00,0x49,0x00,0x49,0x00,0x49,0x00,0x49,0x00,0x49,0x00,0x49,0x00,0x49,0x00,0x49,0x00,0x49,0x00,0x49,0x00,0x49,0x00,0x49,0x00,0x49,0x00,0x49,0x00,0x49,0x00,0x49,0x00,0x49,
	0x00,0x49,0x00,0x49,0x00,0x49,0x00,0x49,0x00,0x49,0x00,0x49,0x00,0x49,0x00,0x49,0x00,0x49,0x00,0x49,0x00,0x49,0x00,0x49,0x00,0x49,0x00,0x49,0x00,0x49,0x00,0x49,0x00,0x49,0x00,0x49,0x00,0x49,0x00,0x49,0x00,0x49,0x00,0x49,0x00,0x49,0x00,0x49,0x00,0x49,0x00,0x49,0x00,0x49,0x00,0x49,0x00,0x49,0x00,0x49,0x00,0x49,0x00,0x49,
	0x00,0x49,0x00,0x49,0x00,0x49,0x00,0x49,0x00,0x49,0x00,0x49,0x00,0x49,0x00,0x49,0x00,0x49,0x00,0x49,0x00,0x49,0x00,0x49,0x00,0x49,0x00,0x49,0x00,0x49,0x00,0x49,0x00,0x49,0x00,0x49,0x00,0x49,0x00,0x49,0x00,0x49,0x00,0x49,0x00,0x49,0x00,0x49,0x00,0x49,0x00,0x49,0x00,0x49,0x00,0x49,0x00,0x49,0x00,0x49,0x00,0x49,0x00,0x49,
	0x00,0x49,0x00,0x49,0x00,0x49,0x00,0x49,0x00,0x49,0x00,0x49,0x00,0x49,0x00,0x49,0x00,0x49,0x00,0x49,0x00,0x49,0x00,0x49,0x00,0x49,0x00,0x49,0x00,0x49,0x00,0x49,0x00,0x49,0x00,0x49,0x00,0x49,0x00,0x49,0x00,0x49,0x00,0x49,0x00,0x49,0x00,0x49,0x00,0x49,0x00,0x49,0x00,0x49,0x00,0x49,0x00,0x49,0x00,0x49,0x00,0x49,0x00,0x49,
	0xE0,0x40,0xC0,0x38,0x80,0x28,0x20,0x08,0x00,0x00,0x00,0x00,0x00,0x00,0x00,0x00,0x00,0x00,0x00,0x00,0x00,0x00,0x00,0x00,0x00,0x00,0x00,0x00,0x00,0x00,0x00,0x00,0x00,0x00,0x00,0x00,0x00,0x00,0x00,0x00,0x00,0x00,0x00,0x00,0x00,0x00,0x00,0x00,0x00,0x00,0x00,0x00,0x00,0x00,0x00,0x00,0x00,0x00,0x00,0x00,0x00,0x00,0x00,0x08,
	0x20,0x10,0x80,0x28,0xE0,0x38,0x00,0x49,0x00,0x51,0x00,0x49,0x00,0x49,0x00,0x49,0x00,0x49,0x00,0x49,0x00,0x49,0x00,0x49,0x00,0x49,0x00,0x49,0x00,0x49,0x00,0x49,0x00,0x49,0x00,0x49,0x00,0x49,0x00,0x49,0x00,0x49,0x00,0x49,0x00,0x49,0x00,0x49,0x00,0x49,0x00,0x49,0x00,0x49,0x00,0x49,0x00,0x49,0x00,0x49,0x00,0x49,0x00,0x49,
	0x00,0x49,0x00,0x49,0x00,0x49,0x00,0x49,0x00,0x49,0x00,0x49,0x00,0x49,0x00,0x49,0x00,0x49,0x00,0x49,0x00,0x49,0x00,0x49,0x00,0x49,0x00,0x49,0x00,0x49,0x00,0x49,0x00,0x49,0x00,0x49,0x00,0x49,0x00,0x49,0x00,0x49,0x00,0x49,0x00,0x49,0x00,0x49,0x00,0x49,0x00,0x49,0x00,0x49,0x00,0x49,0x00,0x49,0x00,0x49,0x00,0x49,0x00,0x49,
	0x00,0x49,0x00,0x49,0x00,0x49,0x00,0x49,0x00,0x49,0x00,0x49,0x00,0x49,0x00,0x49,0x00,0x49,0x00,0x49,0x00,0x49,0x00,0x49,0x00,0x49,0x00,0x49,0x00,0x49,0x00,0x49,0x00,0x49,0x00,0x49,0x00,0x49,0x00,0x49,0x00,0x49,0x00,0x49,0x00,0x49,0x00,0x49,0x00,0x49,0x00,0x49,0x00,0x49,0x00,0x49,0x00,0x49,0x00,0x49,0x00,0x49,0x00,0x49,
	0x00,0x49,0x00,0x49,0x00,0x49,0x00,0x49,0x00,0x49,0x00,0x49,0x00,0x49,0x00,0x49,0x00,0x49,0x00,0x49,0x00,0x49,0x00,0x49,0x00,0x49,0x00,0x49,0x00,0x49,0x00,0x49,0x00,0x49,0x00,0x49,0x00,0x49,0x00,0x49,0x00,0x49,0x00,0x49,0x00,0x49,0x00,0x49,0x00,0x49,0x00,0x49,0x00,0x49,0x00,0x49,0x00,0x49,0x00,0x49,0x00,0x49,0x00,0x49,
	0x00,0x49,0x00,0x49,0x00,0x49,0x00,0x49,0x00,0x49,0x00,0x49,0x00,0x49,0x00,0x49,0x00,0x49,0x00,0x49,0x00,0x49,0x00,0x49,0x00,0x49,0x00,0x49,0x00,0x49,0x00,0x49,0x00,0x49,0x00,0x49,0x00,0x49,0x00,0x49,0x00,0x49,0x00,0x49,0x00,0x49,0x00,0x49,0x00,0x49,0x00,0x49,0x00,0x49,0x00,0x49,0x00,0x49,0x00,0x49,0x00,0x49,0x00,0x49,
	0x00,0x49,0x00,0x49,0x00,0x49,0x00,0x49,0x00,0x49,0x00,0x49,0x00,0x49,0x00,0x49,0x00,0x49,0x00,0x49,0x00,0x49,0x00,0x49,0x00,0x49,0x00,0x49,0x00,0x49,0x00,0x49,0x00,0x49,0x00,0x49,0x00,0x49,0x00,0x49,0x00,0x49,0x00,0x49,0x00,0x49,0x00,0x49,0x00,0x49,0x00,0x49,0x00,0x49,0x00,0x49,0x00,0x49,0x00,0x49,0x00,0x49,0x00,0x49,
	0x00,0x49,0x00,0x49,0x00,0x49,0x00,0x49,0x00,0x49,0x00,0x49,0x00,0x49,0x00,0x49,0x00,0x49,0x00,0x49,0x00,0x49,0x00,0x49,0x00,0x49,0x00,0x49,0x00,0x49,0x00,0x49,0x00,0x49,0x00,0x49,0x00,0x49,0x00,0x49,0x00,0x49,0x00,0x49,0x00,0x49,0x00,0x49,0x00,0x49,0x00,0x49,0x00,0x49,0x00,0x49,0x00,0x49,0x00,0x49,0x00,0x49,0x00,0x49,
	0x00,0x49,0x00,0x49,0x00,0x49,0x00,0x49,0x00,0x49,0x00,0x49,0x00,0x49,0x00,0x49,0x00,0x49,0x00,0x49,0x00,0x49,0x00,0x49,0x00,0x49,0x00,0x49,0x00,0x49,0x00,0x49,0x00,0x49,0x00,0x49,0x00,0x49,0x00,0x49,0x00,0x49,0x00,0x49,0x00,0x49,0x00,0x49,0x00,0x49,0x00,0x49,0x00,0x49,0x00,0x49,0x00,0x49,0x00,0x49,0x00,0x49,0x00,0x49,
	0x00,0x49,0x00,0x49,0x00,0x49,0x00,0x49,0x00,0x49,0x00,0x49,0x00,0x49,0x00,0x49,0x00,0x49,0x00,0x49,0x00,0x49,0x00,0x49,0x00,0x49,0x00,0x49,0x00,0x49,0x00,0x49,0x00,0x49,0x00,0x49,0x00,0x49,0x00,0x49,0x00,0x49,0x00,0x49,0x00,0x49,0x00,0x49,0x00,0x49,0x00,0x49,0x00,0x49,0x00,0x49,0x00,0x49,0x00,0x49,0x00,0x49,0x00,0x49,
	0x00,0x49,0x00,0x49,0x00,0x49,0x00,0x49,0x00,0x49,0x00,0x49,0x00,0x49,0x00,0x49,0x00,0x49,0x00,0x49,0x00,0x49,0x00,0x49,0x00,0x49,0x00,0x49,0x00,0x49,0x00,0x49,0x00,0x49,0x00,0x49,0x00,0x49,0x00,0x49,0x00,0x49,0x00,0x49,0x00,0x49,0x00,0x49,0x00,0x49,0x00,0x49,0x00,0x49,0x00,0x49,0x00,0x49,0x00,0x49,0x00,0x49,0x00,0x49,
	0x00,0x49,0x00,0x49,0x00,0x49,0x00,0x49,0x00,0x49,0x00,0x49,0x00,0x49,0x00,0x49,0x00,0x49,0x00,0x49,0x00,0x49,0x00,0x49,0x00,0x49,0x00,0x49,0x00,0x49,0x00,0x49,0x00,0x49,0x00,0x49,0x00,0x51,0x00,0x49,0xE0,0x38,0x80,0x28,0x20,0x10,0x00,0x08,0x00,0x00,0x00,0x00,0x00,0x00,0x00,0x00,0x00,0x00,0x00,0x00,0x00,0x00,0x00,0x00,
	0x00,0x00,0x00,0x00,0x00,0x00,0x00,0x00,0x00,0x00,0x00,0x00,0x00,0x00,0x00,0x00,0x00,0x00,0x00,0x00,0x00,0x00,0x00,0x00,0x00,0x00,0x00,0x00,0x00,0x00,0x00,0x00,0x00,0x00,0x00,0x00,0x00,0x00,0x00,0x00,0x00,0x00,0x00,0x00,0x20,0x08,0x60,0x20,0xA0,0x30,0xC0,0x38,0xE0,0x40,0xE0,0x48,0x00,0x49,0x00,0x49,0x00,0x49,0x00,0x49,
	0x00,0x49,0x00,0x49,0x00,0x49,0x00,0x49,0x00,0x49,0x00,0x49,0x00,0x49,0x00,0x49,0x00,0x49,0x00,0x49,0x00,0x49,0x00,0x49,0x00,0x49,0x00,0x49,0x00,0x49,0x00,0x49,0x00,0x49,0x00,0x49,0x00,0x49,0x00,0x49,0x00,0x49,0x00,0x49,0x00,0x49,0x00,0x49,0x00,0x49,0x00,0x49,0x00,0x49,0x00,0x49,0x00,0x49,0x00,0x49,0x00,0x49,0x00,0x49,
	0x00,0x49,0x00,0x49,0x00,0x49,0x00,0x49,0x00,0x49,0x00,0x49,0x00,0x49,0x00,0x49,0x00,0x49,0x00,0x49,0x00,0x49,0x00,0x49,0x00,0x49,0x00,0x49,0x00,0x49,0x00,0x49,0x00,0x49,0x00,0x49,0x00,0x49,0x00,0x49,0x00,0x49,0x00,0x49,0x00,0x49,0x00,0x49,0x00,0x49,0x00,0x49,0x00,0x49,0x00,0x49,0x00,0x49,0x00,0x49,0x00,0x49,0x00,0x49,
	0x00,0x49,0x00,0x49,0x00,0x49,0x00,0x49,0x00,0x49,0x00,0x49,0x00,0x49,0x00,0x49,0x00,0x49,0x00,0x49,0x00,0x49,0x00,0x49,0x00,0x49,0x00,0x49,0x00,0x49,0x00,0x49,0x00,0x49,0x00,0x49,0x00,0x49,0x00,0x49,0x00,0x49,0x00,0x49,0x00,0x49,0x00,0x49,0x00,0x49,0x00,0x49,0x00,0x49,0x00,0x49,0x00,0x49,0x00,0x49,0x00,0x49,0x00,0x49,
	0x00,0x49,0x00,0x49,0x00,0x49,0x00,0x49,0x00,0x49,0x00,0x49,0x00,0x49,0x00,0x49,0x00,0x49,0x00,0x49,0x00,0x49,0x00,0x49,0x00,0x49,0x00,0x49,0x00,0x49,0x00,0x49,0x00,0x49,0x00,0x49,0x00,0x49,0x00,0x49,0x00,0x49,0x00,0x49,0x00,0x49,0x00,0x49,0x00,0x49,0x00,0x49,0x00,0x49,0x00,0x49,0x00,0x49,0x00,0x49,0x00,0x49,0x00,0x49,
	0x00,0x49,0x00,0x49,0x00,0x49,0x00,0x49,0x00,0x49,0x00,0x49,0x00,0x49,0x00,0x49,0x00,0x49,0x00,0x49,0x00,0x49,0x00,0x49,0x00,0x49,0x00,0x49,0x00,0x49,0x00,0x49,0x00,0x49,0x00,0x49,0x00,0x49,0x00,0x49,0x00,0x49,0x00,0x49,0x00,0x49,0x00,0x49,0x00,0x49,0x00,0x49,0x00,0x49,0x00,0x49,0x00,0x49,0x00,0x49,0x00,0x49,0x00,0x49,
	0x00,0x49,0x00,0x49,0x00,0x49,0x00,0x49,0x00,0x49,0x00,0x49,0x00,0x49,0x00,0x49,0x00,0x49,0x00,0x49,0x00,0x49,0x00,0x49,0x00,0x49,0x00,0x49,0x00,0x49,0x00,0x49,0x00,0x49,0x00,0x49,0x00,0x49,0x00,0x49,0x00,0x49,0x00,0x49,0x00,0x49,0x00,0x49,0x00,0x49,0x00,0x49,0x00,0x49,0x00,0x49,0x00,0x49,0x00,0x49,0x00,0x49,0x00,0x49,
	0x00,0x49,0x00,0x49,0x00,0x49,0x00,0x49,0x00,0x49,0x00,0x49,0x00,0x49,0x00,0x49,0x00,0x49,0x00,0x49,0x00,0x49,0x00,0x49,0x00,0x49,0x00,0x49,0x00,0x49,0x00,0x49,0x00,0x49,0x00,0x49,0x00,0x49,0x00,0x49,0x00,0x49,0x00,0x49,0x00,0x49,0x00,0x49,0x00,0x49,0x00,0x49,0x00,0x49,0x00,0x49,0x00,0x49,0x00,0x49,0x00,0x49,0x00,0x49,
	0x00,0x49,0x00,0x49,0x00,0x49,0x00,0x49,0x00,0x49,0x00,0x49,0x00,0x49,0x00,0x49,0x00,0x49,0x00,0x49,0x00,0x49,0x00,0x49,0x00,0x49,0x00,0x49,0x00,0x49,0x00,0x49,0x00,0x49,0x00,0x49,0x00,0x49,0x00,0x49,0x00,0x49,0x00,0x49,0x00,0x49,0x00,0x49,0x00,0x49,0x00,0x49,0x00,0x49,0x00,0x49,0x00,0x49,0x00,0x49,0x00,0x49,0x00,0x49,
	0x00,0x49,0x00,0x49,0x00,0x49,0x00,0x49,0x00,0x49,0x00,0x49,0x00,0x49,0x00,0x49,0x00,0x49,0x00,0x49,0x00,0x49,0x00,0x49,0x00,0x49,0x00,0x49,0x00,0x49,0x00,0x49,0x00,0x49,0x00,0x49,0x00,0x49,0x00,0x49,0x00,0x49,0x00,0x49,0x00,0x49,0x00,0x49,0x00,0x49,0x00,0x49,0x00,0x49,0x00,0x49,0x00,0x49,0x00,0x49,0x00,0x49,0x00,0x49,
	0x00,0x49,0x00,0x49,0x00,0x49,0x00,0x49,0x00,0x49,0x00,0x49,0x00,0x49,0x00,0x49,0x00,0x49,0x00,0x49,0x00,0x49,0x00,0x49,0x00,0x49,0x00,0x49,0x00,0x49,0x00,0x49,0x00,0x49,0x00,0x49,0x00,0x49,0x00,0x49,0x00,0x49,0x00,0x49,0x00,0x49,0x00,0x49,0x00,0x49,0x00,0x49,0x00,0x49,0x00,0x49,0x00,0x49,0x00,0x49,0x00,0x49,0x00,0x49,
	0x00,0x49,0x00,0x49,0x00,0x49,0x00,0x49,0x00,0x49,0xE0,0x48,0xE0,0x40,0xC0,0x38,0xA0,0x30,0x60,0x20,0x20,0x08,0x00,0x00,0x00,0x00,0x00,0x00,0x00,0x00,0x00,0x00,0x00,0x00,0x00,0x00,0x00,0x00,0x00,0x00,0x00,0x00,0x00,0x00,0x00,0x00,0x00,0x00,0x00,0x00,0x00,0x00,0x00,0x00,0x00,0x00,0x00,0x00,0x00,0x00,0x00,0x00,0x00,0x00,
	0x00,0x00,0x00,0x00,0x00,0x00,0x00,0x00,0x00,0x00,0x00,0x00,0x00,0x00,0x00,0x00,0x00,0x00,0x00,0x00,0x00,0x00,0x00,0x00,0x00,0x00,0x00,0x00,0x40,0x18,0x80,0x28,0xC0,0x38,0xE0,0x48,0x00,0x49,0x00,0x49,0x00,0x49,0x00,0x49,0x00,0x49,0x00,0x49,0x00,0x49,0x00,0x49,0x00,0x49,0x00,0x49,0x00,0x49,0x00,0x49,0x00,0x49,0x00,0x49,
	0x00,0x49,0x00,0x49,0x00,0x49,0x00,0x49,0x00,0x49,0x00,0x49,0x00,0x49,0x00,0x49,0x00,0x49,0x00,0x49,0x00,0x49,0x00,0x49,0x00,0x49,0x00,0x49,0x00,0x49,0x00,0x49,0x00,0x49,0x00,0x49,0x00,0x49,0x00,0x49,0x00,0x49,0x00,0x49,0x00,0x49,0x00,0x49,0x00,0x49,0x00,0x49,0x00,0x49,0x00,0x49,0x00,0x49,0x00,0x49,0x00,0x49,0x00,0x49,
	0x00,0x49,0x00,0x49,0x00,0x49,0x00,0x49,0x00,0x49,0x00,0x49,0x00,0x49,0x00,0x49,0x00,0x49,0x00,0x49,0x00,0x49,0x00,0x49,0x00,0x49,0x00,0x49,0x00,0x49,0x00,0x49,0x00,0x49,0x00,0x49,0x00,0x49,0x00,0x49,0x00,0x49,0x00,0x49,0x00,0x49,0x00,0x49,0x00,0x49,0x00,0x49,0x00,0x49,0x00,0x49,0x00,0x49,0x00,0x49,0x00,0x49,0x00,0x49,
	0x00,0x49,0x00,0x49,0x00,0x49,0x00,0x49,0x00,0x49,0x00,0x49,0x00,0x49,0x00,0x49,0x00,0x49,0x00,0x49,0x00,0x49,0x00,0x49,0x00,0x49,0x00,0x49,0x00,0x49,0x00,0x49,0x00,0x49,0x00,0x49,0x00,0x49,0x00,0x49,0x00,0x49,0x00,0x49,0x00,0x49,0x00,0x49,0x00,0x49,0x00,0x49,0x00,0x49,0x00,0x49,0x00,0x49,0x00,0x49,0x00,0x49,0x00,0x49,
	0x00,0x49,0x00,0x49,0x00,0x49,0x00,0x49,0x00,0x49,0x00,0x49,0x00,0x49,0x00,0x49,0x00,0x49,0x00,0x49,0x00,0x49,0x00,0x49,0x00,0x49,0x00,0x49,0x00,0x49,0x00,0x49,0x00,0x49,0x00,0x49,0x00,0x49,0x00,0x49,0x00,0x49,0x00,0x49,0x00,0x49,0x00,0x49,0x00,0x49,0x00,0x49,0x00,0x49,0x00,0x49,0x00,0x49,0x00,0x49,0x00,0x49,0x00,0x49,
	0x00,0x49,0x00,0x49,0x00,0x49,0x00,0x49,0x00,0x49,0x00,0x49,0x00,0x49,0x00,0x49,0x00,0x49,0x00,0x49,0x00,0x49,0x00,0x49,0x00,0x49,0x00,0x49,0x00,0x49,0x00,0x49,0x00,0x49,0x00,0x49,0x00,0x49,0x00,0x49,0x00,0x49,0x00,0x49,0x00,0x49,0x00,0x49,0x00,0x49,0x00,0x49,0x00,0x49,0x00,0x49,0x00,0x49,0x00,0x49,0x00,0x49,0x00,0x49,
	0x00,0x49,0x00,0x49,0x00,0x49,0x00,0x49,0x00,0x49,0x00,0x49,0x00,0x49,0x00,0x49,0x00,0x49,0x00,0x49,0x00,0x49,0x00,0x49,0x00,0x49,0x00,0x49,0x00,0x49,0x00,0x49,0x00,0x49,0x00,0x49,0x00,0x49,0x00,0x49,0x00,0x49,0x00,0x49,0x00,0x49,0x00,0x49,0x00,0x49,0x00,0x49,0x00,0x49,0x00,0x49,0x00,0x49,0x00,0x49,0x00,0x49,0x00,0x49,
	0x00,0x49,0x00,0x49,0x00,0x49,0x00,0x49,0x00,0x49,0x00,0x49,0x00,0x49,0x00,0x49,0x00,0x49,0x00,0x49,0x00,0x49,0x00,0x49,0x00,0x49,0x00,0x49,0x00,0x49,0x00,0x49,0x00,0x49,0x00,0x49,0x00,0x49,0x00,0x49,0x00,0x49,0x00,0x49,0x00,0x49,0x00,0x49,0x00,0x49,0x00,0x49,0x00,0x49,0x00,0x49,0x00,0x49,0x00,0x49,0x00,0x49,0x00,0x49,
	0x00,0x49,0x00,0x49,0x00,0x49,0x00,0x49,0x00,0x49,0x00,0x49,0x00,0x49,0x00,0x49,0x00,0x49,0x00,0x49,0x00,0x49,0x00,0x49,0x00,0x49,0x00,0x49,0x00,0x49,0x00,0x49,0x00,0x49,0x00,0x49,0x00,0x49,0x00,0x49,0x00,0x49,0x00,0x49,0x00,0x49,0x00,0x49,0x00,0x49,0x00,0x49,0x00,0x49,0x00,0x49,0x00,0x49,0x00,0x49,0x00,0x49,0x00,0x49,
	0x00,0x49,0x00,0x49,0x00,0x49,0x00,0x49,0x00,0x49,0x00,0x49,0x00,0x49,0x00,0x49,0x00,0x49,0x00,0x49,0x00,0x49,0x00,0x49,0x00,0x49,0x00,0x49,0x00,0x49,0x00,0x49,0x00,0x49,0x00,0x49,0x00,0x49,0x00,0x49,0x00,0x49,0x00,0x49,0x00,0x49,0x00,0x49,0x00,0x49,0x00,0x49,0x00,0x49,0x00,0x49,0x00,0x49,0x00,0x49,0x00,0x49,0x00,0x49,
	0x00,0x49,0x00,0x49,0x00,0x49,0x00,0x49,0x00,0x49,0x00,0x49,0x00,0x49,0x00,0x49,0x00,0x49,0x00,0x49,0x00,0x49,0x00,0x49,0x00,0x49,0x00,0x49,0x00,0x49,0x00,0x49,0x00,0x49,0x00,0x49,0x00,0x49,0x00,0x49,0x00,0x49,0x00,0x49,0x00,0x49,0x00,0x49,0x00,0x49,0xE0,0x48,0xC0,0x38,0x80,0x28,0x40,0x18,0x00,0x00,0x00,0x00,0x00,0x00,
	0x00,0x00,0x00,0x00,0x00,0x00,0x00,0x00,0x00,0x00,0x00,0x00,0x00,0x00,0x00,0x00,0x00,0x00,0x00,0x00,0x00,0x00,0x00,0x00,0x00,0x00,0x00,0x00,0x00,0x00,0x00,0x00,0x00,0x00,0x00,0x00,0x00,0x00,0x00,0x00,0x00,0x00,0x00,0x00,0x00,0x00,0x00,0x00,0x00,0x00,0x00,0x00,0x00,0x00,0x00,0x00,0x00,0x00,0x00,0x00,0x00,0x00,0x00,0x00,
	0x00,0x00,0x00,0x00,0x00,0x00,0x00,0x00,0x20,0x10,0x40,0x18,0x60,0x18,0x60,0x20,0x80,0x28,0xA0,0x30,0xC0,0x38,0xC0,0x38,0xC0,0x40,0xE0,0x40,0xE0,0x48,0x00,0x49,0x00,0x49,0x00,0x49,0x00,0x49,0x00,0x49,0x00,0x49,0x00,0x49,0x00,0x49,0x00,0x49,0x00,0x49,0x00,0x49,0x00,0x49,0x00,0x49,0x00,0x49,0x00,0x49,0x00,0x49,0x00,0x49,
	0x00,0x49,0x00,0x49,0x00,0x49,0x00,0x49,0x00,0x49,0x00,0x49,0x00,0x49,0x00,0x49,0x00,0x49,0x00,0x49,0x00,0x49,0x00,0x49,0x00,0x49,0x00,0x49,0x00,0x49,0x00,0x49,0x00,0x49,0x00,0x49,0x00,0x49,0x00,0x49,0x00,0x49,0x00,0x49,0x00,0x49,0x00,0x49,0x00,0x49,0x00,0x49,0x00,0x49,0x00,0x49,0x00,0x49,0x00,0x49,0x00,0x49,0x00,0x49,
	0x00,0x49,0x00,0x49,0x00,0x49,0x00,0x49,0x00,0x49,0x00,0x49,0x00,0x49,0x00,0x49,0x00,0x49,0x00,0x49,0x00,0x49,0x00,0x49,0x00,0x49,0x00,0x49,0x00,0x49,0x00,0x49,0x00,0x49,0x00,0x49,0x00,0x49,0x00,0x49,0x00,0x49,0x00,0x49,0x00,0x49,0x00,0x49,0x00,0x49,0x00,0x49,0x00,0x49,0x00,0x49,0x00,0x49,0x00,0x49,0x00,0x49,0x00,0x49,
	0x00,0x49,0x00,0x49,0x00,0x49,0x00,0x49,0x00,0x49,0x00,0x49,0x00,0x49,0x00,0x49,0x00,0x49,0x00,0x49,0x00,0x49,0x00,0x49,0x00,0x49,0x00,0x49,0x00,0x49,0x00,0x49,0x00,0x49,0x00,0x49,0x00,0x49,0x00,0x49,0x00,0x49,0x00,0x49,0x00,0x49,0x00,0x49,0x00,0x49,0x00,0x49,0x00,0x49,0x00,0x49,0x00,0x49,0x00,0x49,0x00,0x49,0x00,0x49,
	0x00,0x49,0x00,0x49,0x00,0x49,0x00,0x49,0x00,0x49,0x00,0x49,0x00,0x49,0x00,0x49,0x00,0x49,0x00,0x49,0x00,0x49,0x00,0x49,0x00,0x49,0x00,0x49,0x00,0x49,0x00,0x49,0x00,0x49,0x00,0x49,0x00,0x49,0x00,0x49,0x00,0x49,0x00,0x49,0x00,0x49,0x00,0x49,0x00,0x49,0x00,0x49,0x00,0x49,0x00,0x49,0x00,0x49,0x00,0x49,0x00,0x49,0x00,0x49,
	0x00,0x49,0x00,0x49,0x00,0x49,0x00,0x49,0x00,0x49,0x00,0x49,0x00,0x49,0x00,0x49,0x00,0x49,0x00,0x49,0x00,0x49,0x00,0x49,0x00,0x49,0x00,0x49,0x00,0x49,0x00,0x49,0x00,0x49,0x00,0x49,0x00,0x49,0x00,0x49,0x00,0x49,0x00,0x49,0x00,0x49,0x00,0x49,0x00,0x49,0x00,0x49,0x00,0x49,0x00,0x49,0x00,0x49,0x00,0x49,0x00,0x49,0x00,0x49,
	0x00,0x49,0x00,0x49,0x00,0x49,0x00,0x49,0x00,0x49,0x00,0x49,0x00,0x49,0x00,0x49,0x00,0x49,0x00,0x49,0x00,0x49,0x00,0x49,0x00,0x49,0x00,0x49,0x00,0x49,0x00,0x49,0x00,0x49,0x00,0x49,0x00,0x49,0x00,0x49,0x00,0x49,0x00,0x49,0x00,0x49,0x00,0x49,0x00,0x49,0x00,0x49,0x00,0x49,0x00,0x49,0x00,0x49,0x00,0x49,0x00,0x49,0x00,0x49,
	0x00,0x49,0x00,0x49,0x00,0x49,0x00,0x49,0x00,0x49,0x00,0x49,0x00,0x49,0x00,0x49,0x00,0x49,0x00,0x49,0x00,0x49,0x00,0x49,0x00,0x49,0x00,0x49,0x00,0x49,0x00,0x49,0x00,0x49,0x00,0x49,0x00,0x49,0x00,0x49,0x00,0x49,0x00,0x49,0x00,0x49,0x00,0x49,0x00,0x49,0x00,0x49,0x00,0x49,0x00,0x49,0x00,0x49,0x00,0x49,0x00,0x49,0x00,0x49,
	0x00,0x49,0x00,0x49,0x00,0x49,0x00,0x49,0x00,0x49,0x00,0x49,0x00,0x49,0x00,0x49,0x00,0x49,0x00,0x49,0x00,0x49,0x00,0x49,0x00,0x49,0x00,0x49,0x00,0x49,0x00,0x49,0x00,0x49,0x00,0x49,0x00,0x49,0x00,0x49,0x00,0x49,0x00,0x49,0x00,0x49,0x00,0x49,0x00,0x49,0x00,0x49,0x00,0x49,0x00,0x49,0x00,0x49,0x00,0x49,0x00,0x49,0x00,0x49,
	0x00,0x49,0x00,0x49,0x00,0x49,0x00,0x49,0x00,0x49,0x00,0x49,0x00,0x49,0x00,0x49,0x00,0x49,0x00,0x49,0x00,0x49,0x00,0x49,0x00,0x49,0x00,0x49,0x00,0x49,0x00,0x49,0x00,0x49,0x00,0x49,0x00,0x49,0x00,0x49,0x00,0x49,0x00,0x49,0x00,0x49,0x00,0x49,0x00,0x49,0x00,0x49,0x00,0x49,0x00,0x49,0x00,0x49,0x00,0x49,0x00,0x49,0x00,0x49,
	0x00,0x49,0x00,0x49,0x00,0x49,0x00,0x49,0x00,0x49,0x00,0x49,0xE0,0x48,0xE0,0x40,0xC0,0x40,0xC0,0x38,0xC0,0x38,0xA0,0x30,0x80,0x28,0x60,0x20,0x60,0x18,0x40,0x18,0x20,0x10,0x00,0x00,0x00,0x00,0x00,0x00,0x00,0x00,0x00,0x00,0x00,0x00,0x00,0x00,0x00,0x00,0x00,0x00,0x00,0x00,0x00,0x00,0x00,0x00,0x00,0x00,0x00,0x00,0x00,0x00,
	0x00,0x00,0x00,0x00,0x00,0x00,0x00,0x00,0x00,0x00,0x00,0x00,0x00,0x00,0x00,0x00,0x00,0x00,0x00,0x00,0x00,0x00,0x00,0x00,0x00,0x00,0x00,0x00,0x00,0x00,0x00,0x00,0x00,0x00,0x00,0x00,0x00,0x00,0x00,0x00,0x00,0x00,0x00,0x00,0x00,0x00,0x00,0x00,0x00,0x00,0x00,0x00,0x00,0x00,0x00,0x00,0x00,0x08,0x40,0x18,0x60,0x20,0x80,0x28,
	0xA0,0x30,0xC0,0x38,0xC0,0x40,0xE0,0x48,0x00,0x49,0x00,0x49,0x00,0x49,0x00,0x49,0x00,0x49,0x00,0x49,0x00,0x49,0x00,0x49,0x00,0x49,0x00,0x49,0x00,0x49,0x00,0x49,0x00,0x49,0x00,0x49,0x00,0x49,0x00,0x49,0x00,0x49,0x00,0x49,0x00,0x49,0x00,0x49,0x00,0x49,0x00,0x49,0x00,0x49,0x00,0x49,0x00,0x49,0x00,0x49,0x00,0x49,0x00,0x49,
	0x00,0x49,0x00,0x49,0x00,0x49,0x00,0x49,0x00,0x49,0x00,0x49,0x00,0x49,0x00,0x49,0x00,0x49,0x00,0x49,0x00,0x49,0x00,0x49,0x00,0x49,0x00,0x49,0x00,0x49,0x00,0x49,0x00,0x49,0x00,0x49,0x00,0x49,0x00,0x49,0x00,0x49,0x00,0x49,0x00,0x49,0x00,0x49,0x00,0x49,0x00,0x49,0x00,0x49,0x00,0x49,0x00,0x49,0x00,0x49,0x00,0x49,0x00,0x49,
	0x00,0x49,0x00,0x49,0x00,0x49,0x00,0x49,0x00,0x49,0x00,0x49,0x00,0x49,0x00,0x49,0x00,0x49,0x00,0x49,0x00,0x49,0x00,0x49,0x00,0x49,0x00,0x49,0x00,0x49,0x00,0x49,0x00,0x49,0x00,0x49,0x00,0x49,0x00,0x49,0x00,0x49,0x00,0x49,0x00,0x49,0x00,0x49,0x00,0x49,0x00,0x49,0x00,0x49,0x00,0x49,0x00,0x49,0x00,0x49,0x00,0x49,0x00,0x49,
	0x00,0x49,0x00,0x49,0x00,0x49,0x00,0x49,0x00,0x49,0x00,0x49,0x00,0x49,0x00,0x49,0x00,0x49,0x00,0x49,0x00,0x49,0x00,0x49,0x00,0x49,0x00,0x49,0x00,0x49,0x00,0x49,0x00,0x49,0x00,0x49,0x00,0x49,0x00,0x49,0x00,0x49,0x00,0x49,0x00,0x49,0x00,0x49,0x00,0x49,0x00,0x49,0x00,0x49,0x00,0x49,0x00,0x49,0x00,0x49,0x00,0x49,0x00,0x49,
	0x00,0x49,0x00,0x49,0x00,0x49,0x00,0x49,0x00,0x49,0x00,0x49,0x00,0x49,0x00,0x49,0x00,0x49,0x00,0x49,0x00,0x49,0x00,0x49,0x00,0x49,0x00,0x49,0x00,0x49,0x00,0x49,0x00,0x49,0x00,0x49,0x00,0x49,0x00,0x49,0x00,0x49,0x00,0x49,0x00,0x49,0x00,0x49,0x00,0x49,0x00,0x49,0x00,0x49,0x00,0x49,0x00,0x49,0x00,0x49,0x00,0x49,0x00,0x49,
	0x00,0x49,0x00,0x49,0x00,0x49,0x00,0x49,0x00,0x49,0x00,0x49,0x00,0x49,0x00,0x49,0x00,0x49,0x00,0x49,0x00,0x49,0x00,0x49,0x00,0x49,0x00,0x49,0x00,0x49,0x00,0x49,0x00,0x49,0x00,0x49,0x00,0x49,0x00,0x49,0x00,0x49,0x00,0x49,0x00,0x49,0x00,0x49,0x00,0x49,0x00,0x49,0x00,0x49,0x00,0x49,0x00,0x49,0x00,0x49,0x00,0x49,0x00,0x49,
	0x00,0x49,0x00,0x49,0x00,0x49,0x00,0x49,0x00,0x49,0x00,0x49,0x00,0x49,0x00,0x49,0x00,0x49,0x00,0x49,0x00,0x49,0x00,0x49,0x00,0x49,0x00,0x49,0x00,0x49,0x00,0x49,0x00,0x49,0x00,0x49,0x00,0x49,0x00,0x49,0x00,0x49,0x00,0x49,0x00,0x49,0x00,0x49,0x00,0x49,0x00,0x49,0x00,0x49,0x00,0x49,0x00,0x49,0x00,0x49,0x00,0x49,0x00,0x49,
	0x00,0x49,0x00,0x49,0x00,0x49,0x00,0x49,0x00,0x49,0x00,0x49,0x00,0x49,0x00,0x49,0x00,0x49,0x00,0x49,0x00,0x49,0x00,0x49,0x00,0x49,0x00,0x49,0x00,0x49,0x00,0x49,0x00,0x49,0x00,0x49,0x00,0x49,0x00,0x49,0x00,0x49,0x00,0x49,0x00,0x49,0x00,0x49,0x00,0x49,0x00,0x49,0x00,0x49,0x00,0x49,0x00,0x49,0x00,0x49,0x00,0x49,0x00,0x49,
	0x00,0x49,0x00,0x49,0x00,0x49,0x00,0x49,0x00,0x49,0x00,0x49,0x00,0x49,0x00,0x49,0x00,0x49,0x00,0x49,0x00,0x49,0x00,0x49,0x00,0x49,0x00,0x49,0x00,0x49,0x00,0x49,0x00,0x49,0x00,0x49,0x00,0x49,0x00,0x49,0x00,0x49,0x00,0x49,0x00,0x49,0x00,0x49,0x00,0x49,0x00,0x49,0x00,0x49,0x00,0x49,0x00,0x49,0x00,0x49,0x00,0x49,0x00,0x49,
	0x00,0x49,0x00,0x49,0x00,0x49,0x00,0x49,0x00,0x49,0x00,0x49,0x00,0x49,0x00,0x49,0x00,0x49,0x00,0x49,0x00,0x49,0x00,0x49,0x00,0x49,0x00,0x49,0x00,0x49,0x00,0x49,0x00,0x49,0x00,0x49,0x00,0x49,0x00,0x49,0x00,0x49,0x00,0x49,0x00,0x49,0x00,0x49,0x00,0x49,0x00,0x49,0x00,0x49,0xE0,0x48,0xC0,0x40,0xC0,0x38,0xA0,0x30,0x80,0x28,
	0x60,0x20,0x40,0x18,0x00,0x08,0x00,0x00,0x00,0x00,0x00,0x00,0x00,0x00,0x00,0x00,0x00,0x00,0x00,0x00,0x00,0x00,0x00,0x00,0x00,0x00,0x00,0x00,0x00,0x00,0x00,0x00,0x00,0x00,0x00,0x00,0x00,0x00,0x00,0x00,0x00,0x00,0x00,0x00,0x00,0x00,0x00,0x00,0x00,0x00,0x00,0x00,

	// Alpha Channel 
	
    };
        


const lv_img_dsc_t face_1889_2_390_dial_img_0_1370_0 = {
    .header.magic = LV_IMAGE_HEADER_MAGIC,
    .header.w = 373,
    .header.h = 146,
    .data_size = sizeof(face_1889_2_390_dial_img_0_1370_data_0),
    .header.cf = LV_COLOR_FORMAT_RGB565,
    .data = face_1889_2_390_dial_img_0_1370_data_0};

    